bun install v1.3.9 (cf6cdbbb)
Enqueue package manifest for download: @biomejs/biome
Enqueue package manifest for download: @resvg/resvg-js
Enqueue package manifest for download: @tscircuit/alphabet
Enqueue package manifest for download: @tscircuit/capacity-autorouter
Enqueue package manifest for download: @tscircuit/checks
Enqueue package manifest for download: @tscircuit/circuit-json-util
Enqueue package manifest for download: @tscircuit/common
Enqueue package manifest for download: @tscircuit/copper-pour-solver
Enqueue package manifest for download: @tscircuit/create-fdm-enclosure
Enqueue package manifest for download: @tscircuit/fanout-solver
Enqueue package manifest for download: @tscircuit/footprinter
Enqueue package manifest for download: @tscircuit/image-utils
Enqueue package manifest for download: @tscircuit/infer-cable-insertion-point
Enqueue package manifest for download: @tscircuit/infgrid-ijump-astar
Enqueue package manifest for download: @tscircuit/krt-wasm
Enqueue package manifest for download: @tscircuit/log-soup
Enqueue package manifest for download: @tscircuit/matchpack
Enqueue package manifest for download: @tscircuit/math-utils
Enqueue package manifest for download: @tscircuit/miniflex
Enqueue package manifest for download: @tscircuit/modelprinter
Enqueue package manifest for download: @tscircuit/ngspice-spice-engine
Enqueue package manifest for download: @tscircuit/props
Enqueue package manifest for download: @tscircuit/schematic-match-adapt
Enqueue package manifest for download: @tscircuit/solver-utils
Enqueue package manifest for download: @tscircuit/soup-util
Enqueue package manifest for download: @types/bun
Enqueue package manifest for download: @types/debug
Enqueue package manifest for download: @types/react
Enqueue package manifest for download: @types/react-dom
Enqueue package manifest for download: @types/react-reconciler
Enqueue package manifest for download: bpc-graph
Enqueue package manifest for download: bun-match-svg
Enqueue package manifest for download: calculate-elbow
Enqueue package manifest for download: chokidar-cli
Enqueue package manifest for download: circuit-json
Enqueue package manifest for download: circuit-json-to-bpc
Enqueue package manifest for download: circuit-json-to-connectivity-map
Enqueue package manifest for download: circuit-json-to-gltf
Enqueue package manifest for download: circuit-json-to-spice
Enqueue package manifest for download: circuit-to-svg
Enqueue package manifest for download: concurrently
Enqueue package manifest for download: connectivity-map
Enqueue package manifest for download: debug
Enqueue package manifest for download: flatbush
Enqueue package manifest for download: graphics-debug
Enqueue package manifest for download: howfat
Enqueue package manifest for download: kicad-to-circuit-json
Enqueue package manifest for download: kicadts
Enqueue package manifest for download: live-server
Enqueue package manifest for download: minicssgrid
Enqueue package manifest for download: pkg-pr-new
Enqueue package manifest for download: poppygl
Enqueue package manifest for download: react
Enqueue package manifest for download: react-dom
Enqueue package manifest for download: schematic-symbols
Enqueue package manifest for download: spicets
Enqueue package manifest for download: spicey
Enqueue package manifest for download: stack-svgs
Enqueue package manifest for download: ts-expect
Enqueue package manifest for download: tsup
Enqueue package manifest for download: @flatten-js/core
Enqueue package manifest for download: @lume/kiwi
Enqueue package manifest for download: calculate-cell-boundaries
Enqueue package manifest for download: calculate-packing
Enqueue package manifest for download: css-select
Enqueue package manifest for download: format-si-unit
Enqueue package manifest for download: nanoid
Enqueue package manifest for download: performance-now
Enqueue package manifest for download: react-reconciler
Enqueue package manifest for download: svg-path-commander
Enqueue package manifest for download: transformation-matrix
Enqueue package manifest for download: zod
Resolving dependencies
> HTTP/1.1 GET https://registry.npmjs.org/@tscircuit%2fkrt-wasm
> Accept: application/vnd.npm.install-v1+json; q=1.0, application/json; q=0.8, */*
> Connection: keep-alive
> User-Agent: Bun/1.3.9
> Host: registry.npmjs.org
> Accept-Encoding: gzip, deflate, br, zstd

> HTTP/1.1 GET https://registry.npmjs.org/tsup
> Accept: application/vnd.npm.install-v1+json; q=1.0, application/json; q=0.8, */*
> Connection: keep-alive
> User-Agent: Bun/1.3.9
> Host: registry.npmjs.org
> Accept-Encoding: gzip, deflate, br, zstd

> HTTP/1.1 GET https://registry.npmjs.org/@tscircuit%2fcapacity-autorouter
> Accept: application/vnd.npm.install-v1+json; q=1.0, application/json; q=0.8, */*
> Connection: keep-alive
> User-Agent: Bun/1.3.9
> Host: registry.npmjs.org
> Accept-Encoding: gzip, deflate, br, zstd

> HTTP/1.1 GET https://registry.npmjs.org/@flatten-js%2fcore
> Accept: application/vnd.npm.install-v1+json; q=1.0, application/json; q=0.8, */*
> Connection: keep-alive
> User-Agent: Bun/1.3.9
> Host: registry.npmjs.org
> Accept-Encoding: gzip, deflate, br, zstd

> HTTP/1.1 GET https://registry.npmjs.org/ts-expect
> Accept: application/vnd.npm.install-v1+json; q=1.0, application/json; q=0.8, */*
> Connection: keep-alive
> User-Agent: Bun/1.3.9
> Host: registry.npmjs.org
> Accept-Encoding: gzip, deflate, br, zstd

> HTTP/1.1 GET https://registry.npmjs.org/@tscircuit%2falphabet
> Accept: application/vnd.npm.install-v1+json; q=1.0, application/json; q=0.8, */*
> Connection: keep-alive
> User-Agent: Bun/1.3.9
> Host: registry.npmjs.org
> Accept-Encoding: gzip, deflate, br, zstd

> HTTP/1.1 GET https://registry.npmjs.org/@tscircuit%2fcircuit-json-util
> Accept: application/vnd.npm.install-v1+json; q=1.0, application/json; q=0.8, */*
> Connection: keep-alive
> User-Agent: Bun/1.3.9
> Host: registry.npmjs.org
> Accept-Encoding: gzip, deflate, br, zstd

> HTTP/1.1 GET https://registry.npmjs.org/@tscircuit%2fcreate-fdm-enclosure
> Accept: application/vnd.npm.install-v1+json; q=1.0, application/json; q=0.8, */*
> Connection: keep-alive
> User-Agent: Bun/1.3.9
> Host: registry.npmjs.org
> Accept-Encoding: gzip, deflate, br, zstd

> HTTP/1.1 GET https://registry.npmjs.org/calculate-cell-boundaries
> Accept: application/vnd.npm.install-v1+json; q=1.0, application/json; q=0.8, */*
> Connection: keep-alive
> User-Agent: Bun/1.3.9
> Host: registry.npmjs.org
> Accept-Encoding: gzip, deflate, br, zstd

> HTTP/1.1 GET https://registry.npmjs.org/spicey
> Accept: application/vnd.npm.install-v1+json; q=1.0, application/json; q=0.8, */*
> Connection: keep-alive
> User-Agent: Bun/1.3.9
> Host: registry.npmjs.org
> Accept-Encoding: gzip, deflate, br, zstd

> HTTP/1.1 GET https://registry.npmjs.org/calculate-packing
> Accept: application/vnd.npm.install-v1+json; q=1.0, application/json; q=0.8, */*
> Connection: keep-alive
> User-Agent: Bun/1.3.9
> Host: registry.npmjs.org
> Accept-Encoding: gzip, deflate, br, zstd

> HTTP/1.1 GET https://registry.npmjs.org/@biomejs%2fbiome
> Accept: application/vnd.npm.install-v1+json; q=1.0, application/json; q=0.8, */*
> Connection: keep-alive
> User-Agent: Bun/1.3.9
> Host: registry.npmjs.org
> Accept-Encoding: gzip, deflate, br, zstd

> HTTP/1.1 GET https://registry.npmjs.org/react
> Accept: application/vnd.npm.install-v1+json; q=1.0, application/json; q=0.8, */*
> Connection: keep-alive
> User-Agent: Bun/1.3.9
> Host: registry.npmjs.org
> Accept-Encoding: gzip, deflate, br, zstd

> HTTP/1.1 GET https://registry.npmjs.org/poppygl
> Accept: application/vnd.npm.install-v1+json; q=1.0, application/json; q=0.8, */*
> Connection: keep-alive
> User-Agent: Bun/1.3.9
> Host: registry.npmjs.org
> Accept-Encoding: gzip, deflate, br, zstd

> HTTP/1.1 GET https://registry.npmjs.org/@tscircuit%2fchecks
> Accept: application/vnd.npm.install-v1+json; q=1.0, application/json; q=0.8, */*
> Connection: keep-alive
> User-Agent: Bun/1.3.9
> Host: registry.npmjs.org
> Accept-Encoding: gzip, deflate, br, zstd

> HTTP/1.1 GET https://registry.npmjs.org/stack-svgs
> Accept: application/vnd.npm.install-v1+json; q=1.0, application/json; q=0.8, */*
> Connection: keep-alive
> User-Agent: Bun/1.3.9
> Host: registry.npmjs.org
> Accept-Encoding: gzip, deflate, br, zstd

> HTTP/1.1 GET https://registry.npmjs.org/pkg-pr-new
> Accept: application/vnd.npm.install-v1+json; q=1.0, application/json; q=0.8, */*
> Connection: keep-alive
> User-Agent: Bun/1.3.9
> Host: registry.npmjs.org
> Accept-Encoding: gzip, deflate, br, zstd

> HTTP/1.1 GET https://registry.npmjs.org/@lume%2fkiwi
> Accept: application/vnd.npm.install-v1+json; q=1.0, application/json; q=0.8, */*
> Connection: keep-alive
> User-Agent: Bun/1.3.9
> Host: registry.npmjs.org
> Accept-Encoding: gzip, deflate, br, zstd

> HTTP/1.1 GET https://registry.npmjs.org/@tscircuit%2fcopper-pour-solver
> Accept: application/vnd.npm.install-v1+json; q=1.0, application/json; q=0.8, */*
> Connection: keep-alive
> User-Agent: Bun/1.3.9
> Host: registry.npmjs.org
> Accept-Encoding: gzip, deflate, br, zstd

> HTTP/1.1 GET https://registry.npmjs.org/kicad-to-circuit-json
> Accept: application/vnd.npm.install-v1+json; q=1.0, application/json; q=0.8, */*
> Connection: keep-alive
> User-Agent: Bun/1.3.9
> Host: registry.npmjs.org
> Accept-Encoding: gzip, deflate, br, zstd

> HTTP/1.1 GET https://registry.npmjs.org/@tscircuit%2fimage-utils
> Accept: application/vnd.npm.install-v1+json; q=1.0, application/json; q=0.8, */*
> Connection: keep-alive
> User-Agent: Bun/1.3.9
> Host: registry.npmjs.org
> Accept-Encoding: gzip, deflate, br, zstd

> HTTP/1.1 GET https://registry.npmjs.org/@tscircuit%2fschematic-match-adapt
> Accept: application/vnd.npm.install-v1+json; q=1.0, application/json; q=0.8, */*
> Connection: keep-alive
> User-Agent: Bun/1.3.9
> Host: registry.npmjs.org
> Accept-Encoding: gzip, deflate, br, zstd

> HTTP/1.1 GET https://registry.npmjs.org/concurrently
> Accept: application/vnd.npm.install-v1+json; q=1.0, application/json; q=0.8, */*
> Connection: keep-alive
> User-Agent: Bun/1.3.9
> Host: registry.npmjs.org
> Accept-Encoding: gzip, deflate, br, zstd

> HTTP/1.1 GET https://registry.npmjs.org/@tscircuit%2fminiflex
> Accept: application/vnd.npm.install-v1+json; q=1.0, application/json; q=0.8, */*
> Connection: keep-alive
> User-Agent: Bun/1.3.9
> Host: registry.npmjs.org
> Accept-Encoding: gzip, deflate, br, zstd

> HTTP/1.1 GET https://registry.npmjs.org/kicadts
> Accept: application/vnd.npm.install-v1+json; q=1.0, application/json; q=0.8, */*
> Connection: keep-alive
> User-Agent: Bun/1.3.9
> Host: registry.npmjs.org
> Accept-Encoding: gzip, deflate, br, zstd

> HTTP/1.1 GET https://registry.npmjs.org/@types%2fdebug
> Accept: application/vnd.npm.install-v1+json; q=1.0, application/json; q=0.8, */*
> Connection: keep-alive
> User-Agent: Bun/1.3.9
> Host: registry.npmjs.org
> Accept-Encoding: gzip, deflate, br, zstd

> HTTP/1.1 GET https://registry.npmjs.org/@tscircuit%2fmodelprinter
> Accept: application/vnd.npm.install-v1+json; q=1.0, application/json; q=0.8, */*
> Connection: keep-alive
> User-Agent: Bun/1.3.9
> Host: registry.npmjs.org
> Accept-Encoding: gzip, deflate, br, zstd

> HTTP/1.1 GET https://registry.npmjs.org/circuit-json
> Accept: application/vnd.npm.install-v1+json; q=1.0, application/json; q=0.8, */*
> Connection: keep-alive
> User-Agent: Bun/1.3.9
> Host: registry.npmjs.org
> Accept-Encoding: gzip, deflate, br, zstd

> HTTP/1.1 GET https://registry.npmjs.org/connectivity-map
> Accept: application/vnd.npm.install-v1+json; q=1.0, application/json; q=0.8, */*
> Connection: keep-alive
> User-Agent: Bun/1.3.9
> Host: registry.npmjs.org
> Accept-Encoding: gzip, deflate, br, zstd

> HTTP/1.1 GET https://registry.npmjs.org/schematic-symbols
> Accept: application/vnd.npm.install-v1+json; q=1.0, application/json; q=0.8, */*
> Connection: keep-alive
> User-Agent: Bun/1.3.9
> Host: registry.npmjs.org
> Accept-Encoding: gzip, deflate, br, zstd

> HTTP/1.1 GET https://registry.npmjs.org/@resvg%2fresvg-js
> Accept: application/vnd.npm.install-v1+json; q=1.0, application/json; q=0.8, */*
> Connection: keep-alive
> User-Agent: Bun/1.3.9
> Host: registry.npmjs.org
> Accept-Encoding: gzip, deflate, br, zstd

> HTTP/1.1 GET https://registry.npmjs.org/react-dom
> Accept: application/vnd.npm.install-v1+json; q=1.0, application/json; q=0.8, */*
> Connection: keep-alive
> User-Agent: Bun/1.3.9
> Host: registry.npmjs.org
> Accept-Encoding: gzip, deflate, br, zstd

> HTTP/1.1 GET https://registry.npmjs.org/howfat
> Accept: application/vnd.npm.install-v1+json; q=1.0, application/json; q=0.8, */*
> Connection: keep-alive
> User-Agent: Bun/1.3.9
> Host: registry.npmjs.org
> Accept-Encoding: gzip, deflate, br, zstd

> HTTP/1.1 GET https://registry.npmjs.org/spicets
> Accept: application/vnd.npm.install-v1+json; q=1.0, application/json; q=0.8, */*
> Connection: keep-alive
> User-Agent: Bun/1.3.9
> Host: registry.npmjs.org
> Accept-Encoding: gzip, deflate, br, zstd

> HTTP/1.1 GET https://registry.npmjs.org/@tscircuit%2ffootprinter
> Accept: application/vnd.npm.install-v1+json; q=1.0, application/json; q=0.8, */*
> Connection: keep-alive
> User-Agent: Bun/1.3.9
> Host: registry.npmjs.org
> Accept-Encoding: gzip, deflate, br, zstd

> HTTP/1.1 GET https://registry.npmjs.org/@tscircuit%2flog-soup
> Accept: application/vnd.npm.install-v1+json; q=1.0, application/json; q=0.8, */*
> Connection: keep-alive
> User-Agent: Bun/1.3.9
> Host: registry.npmjs.org
> Accept-Encoding: gzip, deflate, br, zstd

> HTTP/1.1 GET https://registry.npmjs.org/@tscircuit%2fmath-utils
> Accept: application/vnd.npm.install-v1+json; q=1.0, application/json; q=0.8, */*
> Connection: keep-alive
> User-Agent: Bun/1.3.9
> Host: registry.npmjs.org
> Accept-Encoding: gzip, deflate, br, zstd

> HTTP/1.1 GET https://registry.npmjs.org/@tscircuit%2fmatchpack
> Accept: application/vnd.npm.install-v1+json; q=1.0, application/json; q=0.8, */*
> Connection: keep-alive
> User-Agent: Bun/1.3.9
> Host: registry.npmjs.org
> Accept-Encoding: gzip, deflate, br, zstd

> HTTP/1.1 GET https://registry.npmjs.org/@tscircuit%2fcommon
> Accept: application/vnd.npm.install-v1+json; q=1.0, application/json; q=0.8, */*
> Connection: keep-alive
> User-Agent: Bun/1.3.9
> Host: registry.npmjs.org
> Accept-Encoding: gzip, deflate, br, zstd

> HTTP/1.1 GET https://registry.npmjs.org/@tscircuit%2finfgrid-ijump-astar
> Accept: application/vnd.npm.install-v1+json; q=1.0, application/json; q=0.8, */*
> Connection: keep-alive
> User-Agent: Bun/1.3.9
> Host: registry.npmjs.org
> Accept-Encoding: gzip, deflate, br, zstd

> HTTP/1.1 GET https://registry.npmjs.org/@tscircuit%2ffanout-solver
> Accept: application/vnd.npm.install-v1+json; q=1.0, application/json; q=0.8, */*
> Connection: keep-alive
> User-Agent: Bun/1.3.9
> Host: registry.npmjs.org
> Accept-Encoding: gzip, deflate, br, zstd

> HTTP/1.1 GET https://registry.npmjs.org/@tscircuit%2finfer-cable-insertion-point
> Accept: application/vnd.npm.install-v1+json; q=1.0, application/json; q=0.8, */*
> Connection: keep-alive
> User-Agent: Bun/1.3.9
> Host: registry.npmjs.org
> Accept-Encoding: gzip, deflate, br, zstd

> HTTP/1.1 GET https://registry.npmjs.org/@tscircuit%2fsolver-utils
> Accept: application/vnd.npm.install-v1+json; q=1.0, application/json; q=0.8, */*
> Connection: keep-alive
> User-Agent: Bun/1.3.9
> Host: registry.npmjs.org
> Accept-Encoding: gzip, deflate, br, zstd

> HTTP/1.1 GET https://registry.npmjs.org/@types%2fbun
> Accept: application/vnd.npm.install-v1+json; q=1.0, application/json; q=0.8, */*
> Connection: keep-alive
> User-Agent: Bun/1.3.9
> Host: registry.npmjs.org
> Accept-Encoding: gzip, deflate, br, zstd

> HTTP/1.1 GET https://registry.npmjs.org/bun-match-svg
> Accept: application/vnd.npm.install-v1+json; q=1.0, application/json; q=0.8, */*
> Connection: keep-alive
> User-Agent: Bun/1.3.9
> Host: registry.npmjs.org
> Accept-Encoding: gzip, deflate, br, zstd

> HTTP/1.1 GET https://registry.npmjs.org/circuit-json-to-connectivity-map
> Accept: application/vnd.npm.install-v1+json; q=1.0, application/json; q=0.8, */*
> Connection: keep-alive
> User-Agent: Bun/1.3.9
> Host: registry.npmjs.org
> Accept-Encoding: gzip, deflate, br, zstd

> HTTP/1.1 GET https://registry.npmjs.org/@tscircuit%2fngspice-spice-engine
> Accept: application/vnd.npm.install-v1+json; q=1.0, application/json; q=0.8, */*
> Connection: keep-alive
> User-Agent: Bun/1.3.9
> Host: registry.npmjs.org
> Accept-Encoding: gzip, deflate, br, zstd

> HTTP/1.1 GET https://registry.npmjs.org/circuit-json-to-bpc
> Accept: application/vnd.npm.install-v1+json; q=1.0, application/json; q=0.8, */*
> Connection: keep-alive
> User-Agent: Bun/1.3.9
> Host: registry.npmjs.org
> Accept-Encoding: gzip, deflate, br, zstd

> HTTP/1.1 GET https://registry.npmjs.org/@tscircuit%2fprops
> Accept: application/vnd.npm.install-v1+json; q=1.0, application/json; q=0.8, */*
> Connection: keep-alive
> User-Agent: Bun/1.3.9
> Host: registry.npmjs.org
> Accept-Encoding: gzip, deflate, br, zstd

> HTTP/1.1 GET https://registry.npmjs.org/@types%2freact-dom
> Accept: application/vnd.npm.install-v1+json; q=1.0, application/json; q=0.8, */*
> Connection: keep-alive
> User-Agent: Bun/1.3.9
> Host: registry.npmjs.org
> Accept-Encoding: gzip, deflate, br, zstd

> HTTP/1.1 GET https://registry.npmjs.org/@tscircuit%2fsoup-util
> Accept: application/vnd.npm.install-v1+json; q=1.0, application/json; q=0.8, */*
> Connection: keep-alive
> User-Agent: Bun/1.3.9
> Host: registry.npmjs.org
> Accept-Encoding: gzip, deflate, br, zstd

> HTTP/1.1 GET https://registry.npmjs.org/@types%2freact-reconciler
> Accept: application/vnd.npm.install-v1+json; q=1.0, application/json; q=0.8, */*
> Connection: keep-alive
> User-Agent: Bun/1.3.9
> Host: registry.npmjs.org
> Accept-Encoding: gzip, deflate, br, zstd

> HTTP/1.1 GET https://registry.npmjs.org/calculate-elbow
> Accept: application/vnd.npm.install-v1+json; q=1.0, application/json; q=0.8, */*
> Connection: keep-alive
> User-Agent: Bun/1.3.9
> Host: registry.npmjs.org
> Accept-Encoding: gzip, deflate, br, zstd

> HTTP/1.1 GET https://registry.npmjs.org/chokidar-cli
> Accept: application/vnd.npm.install-v1+json; q=1.0, application/json; q=0.8, */*
> Connection: keep-alive
> User-Agent: Bun/1.3.9
> Host: registry.npmjs.org
> Accept-Encoding: gzip, deflate, br, zstd

> HTTP/1.1 GET https://registry.npmjs.org/circuit-json-to-gltf
> Accept: application/vnd.npm.install-v1+json; q=1.0, application/json; q=0.8, */*
> Connection: keep-alive
> User-Agent: Bun/1.3.9
> Host: registry.npmjs.org
> Accept-Encoding: gzip, deflate, br, zstd

> HTTP/1.1 GET https://registry.npmjs.org/@types%2freact
> Accept: application/vnd.npm.install-v1+json; q=1.0, application/json; q=0.8, */*
> Connection: keep-alive
> User-Agent: Bun/1.3.9
> Host: registry.npmjs.org
> Accept-Encoding: gzip, deflate, br, zstd

> HTTP/1.1 GET https://registry.npmjs.org/circuit-to-svg
> Accept: application/vnd.npm.install-v1+json; q=1.0, application/json; q=0.8, */*
> Connection: keep-alive
> User-Agent: Bun/1.3.9
> Host: registry.npmjs.org
> Accept-Encoding: gzip, deflate, br, zstd

> HTTP/1.1 GET https://registry.npmjs.org/bpc-graph
> Accept: application/vnd.npm.install-v1+json; q=1.0, application/json; q=0.8, */*
> Connection: keep-alive
> User-Agent: Bun/1.3.9
> Host: registry.npmjs.org
> Accept-Encoding: gzip, deflate, br, zstd

> HTTP/1.1 GET https://registry.npmjs.org/circuit-json-to-spice
> Accept: application/vnd.npm.install-v1+json; q=1.0, application/json; q=0.8, */*
> Connection: keep-alive
> User-Agent: Bun/1.3.9
> Host: registry.npmjs.org
> Accept-Encoding: gzip, deflate, br, zstd

> HTTP/1.1 GET https://registry.npmjs.org/flatbush
> Accept: application/vnd.npm.install-v1+json; q=1.0, application/json; q=0.8, */*
> Connection: keep-alive
> User-Agent: Bun/1.3.9
> Host: registry.npmjs.org
> Accept-Encoding: gzip, deflate, br, zstd

> HTTP/1.1 GET https://registry.npmjs.org/minicssgrid
> Accept: application/vnd.npm.install-v1+json; q=1.0, application/json; q=0.8, */*
> Connection: keep-alive
> User-Agent: Bun/1.3.9
> Host: registry.npmjs.org
> Accept-Encoding: gzip, deflate, br, zstd

> HTTP/1.1 GET https://registry.npmjs.org/debug
> Accept: application/vnd.npm.install-v1+json; q=1.0, application/json; q=0.8, */*
> Connection: keep-alive
> User-Agent: Bun/1.3.9
> Host: registry.npmjs.org
> Accept-Encoding: gzip, deflate, br, zstd

> HTTP/1.1 GET https://registry.npmjs.org/live-server
> Accept: application/vnd.npm.install-v1+json; q=1.0, application/json; q=0.8, */*
> Connection: keep-alive
> User-Agent: Bun/1.3.9
> Host: registry.npmjs.org
> Accept-Encoding: gzip, deflate, br, zstd

> HTTP/1.1 GET https://registry.npmjs.org/graphics-debug
> Accept: application/vnd.npm.install-v1+json; q=1.0, application/json; q=0.8, */*
> Connection: keep-alive
> User-Agent: Bun/1.3.9
> Host: registry.npmjs.org
> Accept-Encoding: gzip, deflate, br, zstd

< 200 OK
< Date: Sat, 03 Oct 2026 22:24:50 GMT
< Content-Type: application/vnd.npm.install-v1+json
< Transfer-Encoding: chunked
< Connection: keep-alive
< set-cookie: __cf_bm=zWYIlWjQRzbbfmwgCFwo8bQGXt89G61JPkYrDZzYOec-1791066290.2794554-1.0.1.1-41N4u9e2Am_y5SqxGE2rRfpX5x2au7OUf3QGuzOFCsdJqhkcnFv1tGmtqEWM.JOczQiZbWRpaQaYhlgR_Iln1E4eIh6ZHK6w5a6yw4l5dMtQAf0AuDgYoAQXEjEJBkAF; HttpOnly; SameSite=None; Secure; Path=/; Domain=npmjs.org; Expires=Sat, 03 Oct 2026 22:54:50 GMT
< set-cookie: _cfuvid=KVpAIhnfBPzdKVp7yttinKiisx8.Wcphz.qeUGDNglk-1791066290.2794554-1.0.1.1-gCrzSoAaR0drw2S_fXLyijtcuUy4lTMW3myCnvu2Ex8; HttpOnly; SameSite=None; Secure; Path=/; Domain=npmjs.org
< CF-Ray: a44f5bfa390f7c08-TIA
< CF-Cache-Status: HIT
< ETag: W/"64986151bfd9c35da617d526f63bdc6d"
< Access-Control-Allow-Origin: *
< Cache-Control: public, max-age=300
< Last-Modified: Sun, 22 May 2022 07:09:07 GMT
< Server: cloudflare
< Vary: accept-encoding, accept
< Content-Encoding: br

[PackageManager] waiting for 82 tasks
    [503.20ms]
Downloaded ts-expect versions
> HTTP/1.1 GET https://registry.npmjs.org/css-select
> Accept: application/vnd.npm.install-v1+json; q=1.0, application/json; q=0.8, */*
> Connection: keep-alive
> User-Agent: Bun/1.3.9
> Host: registry.npmjs.org
> Accept-Encoding: gzip, deflate, br, zstd

[PackageManager] waiting for 82 tasks
   - "ts-expect": "^1.3.0" - ts-expect@1.3.0
< 200 OK
< Date: Sat, 03 Oct 2026 22:24:50 GMT
< Content-Type: application/vnd.npm.install-v1+json
< Transfer-Encoding: chunked
< Connection: keep-alive
< set-cookie: __cf_bm=HOi42miM9wG._dtOuUPOmaW2lUkpFJz.TbV19Y0R568-1791066290.2849348-1.0.1.1-AHUK1uPOUDNqOux6VkLUgOlewcI5muVsLmijcf423CIknoxLd1kl4BgwIxoxCLPDZH..G30ztnkFUyXzI9kNOyY9.5cI0YEC70QLib5qZek5flbotOhoL8cMsRVZrvQW; HttpOnly; SameSite=None; Secure; Path=/; Domain=npmjs.org; Expires=Sat, 03 Oct 2026 22:54:50 GMT
< set-cookie: _cfuvid=s.IdpVkut6aQAPZkyeJ9Ork6PrIMQSjJAGAKj8Ekmzk-1791066290.2849348-1.0.1.1-t2BvHW5POkVE7XkcoAtTzPgGCCImyWMVYXWiZyPoDPA; HttpOnly; SameSite=None; Secure; Path=/; Domain=npmjs.org
< CF-Ray: a44f5bfa49197c08-TIA
< CF-Cache-Status: HIT
< ETag: W/"ac605930312e7420fd75f7a527415a37"
< Access-Control-Allow-Origin: *
< Cache-Control: public, max-age=300
< Last-Modified: Fri, 14 Aug 2026 14:44:12 GMT
< Server: cloudflare
< Vary: accept-encoding, accept
< Content-Encoding: br

< 200 OK
< Date: Sat, 03 Oct 2026 22:24:50 GMT
< Content-Type: application/vnd.npm.install-v1+json
< Transfer-Encoding: chunked
< Connection: keep-alive
< set-cookie: __cf_bm=5FLDZAX7B1HZLkZgoO.Y2J7fGU7SkM7jwBSaB967Yog-1791066290.2796245-1.0.1.1-kNwv9bnBV7JMvEpoFqS_41N3YjPBSJ9OBm4FBsDoRvYPzjzIJbHugfnPnEyijLihg0_GShildvjsbD8j6HvyqUjrp4UnSXzc_z.eS2TwFZnxBJOvLIUJjbvj8gWxoLPZ; HttpOnly; SameSite=None; Secure; Path=/; Domain=npmjs.org; Expires=Sat, 03 Oct 2026 22:54:50 GMT
< set-cookie: _cfuvid=8ygm7Q.sLHPXToUpxTH_6Dbqt9iEn00OVQ5eiCyt2Ic-1791066290.2796245-1.0.1.1-Dzv8mtnsz_Ooe6zXOo4ZKSf6mxZ_nAjh4GKQOQH3BWc; HttpOnly; SameSite=None; Secure; Path=/; Domain=npmjs.org
< CF-Ray: a44f5bfa3ad4793f-TIA
< CF-Cache-Status: HIT
< ETag: W/"a85ab0a4fea250d4b4a06ad2164c5608"
< Access-Control-Allow-Origin: *
< Cache-Control: public, max-age=300
< Last-Modified: Wed, 12 Nov 2025 21:21:44 GMT
< Server: cloudflare
< Vary: accept-encoding, accept
< Content-Encoding: br

< 200 OK
< Date: Sat, 03 Oct 2026 22:24:50 GMT
< Content-Type: application/vnd.npm.install-v1+json
< Transfer-Encoding: chunked
< Connection: keep-alive
< set-cookie: __cf_bm=ixjR2sgbCx3n7lP6qorjjXL0nddm40p0zMoPS3F6M6g-1791066290.2897496-1.0.1.1-bp6JgB9b91hL7QZqixmjwDN8fM.N3kwT2EiIvgIKEIBZSQByTBSHVfy3.BQDCITssowbT.EeG9hgt6BcNgQFX6L8FUMyvoTTQMaJggqXWyqZ7xzcXwk2oIS3ms9k3Yf1; HttpOnly; SameSite=None; Secure; Path=/; Domain=npmjs.org; Expires=Sat, 03 Oct 2026 22:54:50 GMT
< set-cookie: _cfuvid=MLew4PKK8aHAaH2jWFi5NcSGJfcKL0_en3o9QF80HxA-1791066290.2897496-1.0.1.1-fFfm5NcGSM8VL.ayQYL6zp8s8i0XEwiUnPRtPbukjY4; HttpOnly; SameSite=None; Secure; Path=/; Domain=npmjs.org
< CF-Ray: a44f5bfa4ba55f50-TIA
< CF-Cache-Status: HIT
< ETag: W/"9ee046454a32fcfc9b061fcdc68e5b4b"
< Access-Control-Allow-Origin: *
< Cache-Control: public, max-age=300
< Last-Modified: Wed, 30 Sep 2026 22:09:19 GMT
< Server: cloudflare
< Vary: accept-encoding, accept
< Content-Encoding: br

[PackageManager] waiting for 81 tasks
    [506.08ms]
Downloaded connectivity-map versions
> HTTP/1.1 GET https://registry.npmjs.org/format-si-unit
> Accept: application/vnd.npm.install-v1+json; q=1.0, application/json; q=0.8, */*
> Connection: keep-alive
> User-Agent: Bun/1.3.9
> Host: registry.npmjs.org
> Accept-Encoding: gzip, deflate, br, zstd

[PackageManager] waiting for 81 tasks
   - "connectivity-map": "^1.0.1" - connectivity-map@1.0.1
[PackageManager] waiting for 80 tasks
    [510.05ms]
Downloaded pkg-pr-new versions
> HTTP/1.1 GET https://registry.npmjs.org/nanoid
> Accept: application/vnd.npm.install-v1+json; q=1.0, application/json; q=0.8, */*
> Connection: keep-alive
> User-Agent: Bun/1.3.9
> Host: registry.npmjs.org
> Accept-Encoding: gzip, deflate, br, zstd

< 200 OK
< Date: Sat, 03 Oct 2026 22:24:50 GMT
< Content-Type: application/vnd.npm.install-v1+json
< Transfer-Encoding: chunked
< Connection: keep-alive
< set-cookie: __cf_bm=5zmrpOSsxrLL_qfld9nSNXR7eruBPayHGNWGLv5_u6M-1791066290.2900178-1.0.1.1-2iKIpjj99GLiBwzFtOB2jZ04Q2gIa2ohTytlOIod9Nft9jCe4TVvr9zf5Balo8UIl3XVoJnhMFnZAaDik29HuKFIWLAdZNBWgxAOAMMvwB3IwNT9vnLchbASJZ_h1Fgr; HttpOnly; SameSite=None; Secure; Path=/; Domain=npmjs.org; Expires=Sat, 03 Oct 2026 22:54:50 GMT
< set-cookie: _cfuvid=3.B6N.7hJ5tD3yincKhNEWtXRwY4YFQ7rUdvG6uN.xE-1791066290.2900178-1.0.1.1-egx5dzBLV5zMEQdKMXsRMauV7zumISzaCkXbLAEOoUY; HttpOnly; SameSite=None; Secure; Path=/; Domain=npmjs.org
< CF-Ray: a44f5bfa4c21f474-TIA
< CF-Cache-Status: HIT
< ETag: W/"2d6391edfe66091726940ebff2781aaa"
< Access-Control-Allow-Origin: *
< Cache-Control: public, max-age=300
< Last-Modified: Sat, 15 Aug 2026 03:33:22 GMT
< Server: cloudflare
< Vary: accept-encoding, accept
< Content-Encoding: br

[PackageManager] waiting for 80 tasks
   - "pkg-pr-new": "^0.0.37" - pkg-pr-new@0.0.37
Enqueue package manifest for download: ignore
Enqueue package manifest for download: pkg-types
Enqueue package manifest for download: tinyglobby
Enqueue package manifest for download: isbinaryfile
Enqueue package manifest for download: query-registry
Enqueue package manifest for download: @octokit/action
Enqueue package manifest for download: @jsdevtools/ez-spawn
< 200 OK
< Date: Sat, 03 Oct 2026 22:24:50 GMT
< Content-Type: application/vnd.npm.install-v1+json
< Transfer-Encoding: chunked
< Connection: keep-alive
< set-cookie: __cf_bm=9HaDTxm7DgRc7qhK1_tqJdmhL4LHo0d7NWXfyZUdOAs-1791066290.2922556-1.0.1.1-q2uMZYcgiurERFFSzQS5tHwm9eTgJFBR5jdgbr1TusuZPcauCzUCqfFSDRpoMLFj7F.qr9Vr2iikhRMWz2qBBDjMxWeIPNd.4ENuGrea0s5uMuzgLEoVtuwTKIOEJYR4; HttpOnly; SameSite=None; Secure; Path=/; Domain=npmjs.org; Expires=Sat, 03 Oct 2026 22:54:50 GMT
< set-cookie: _cfuvid=rsjCM2V8M1MVUgkmCwc1qT4.3I0apHmiQEwWJNMMUKc-1791066290.2922556-1.0.1.1-dhihrPlYDRH3IcNRaE4Azn7grj37qt8qTll.Pml89iw; HttpOnly; SameSite=None; Secure; Path=/; Domain=npmjs.org
< CF-Ray: a44f5bfa5e659b00-TIA
< CF-Cache-Status: HIT
< ETag: W/"26eeb8c279fdb86cad1904e761b0b3f5"
< Access-Control-Allow-Origin: *
< Cache-Control: public, max-age=300
< Last-Modified: Wed, 19 Aug 2026 22:22:41 GMT
< Server: cloudflare
< Vary: accept-encoding, accept
< Content-Encoding: br

[PackageManager] waiting for 86 tasks
    [514.47ms]
Downloaded bun-match-svg versions
> HTTP/1.1 GET https://registry.npmjs.org/performance-now
> Accept: application/vnd.npm.install-v1+json; q=1.0, application/json; q=0.8, */*
> Connection: keep-alive
> User-Agent: Bun/1.3.9
> Host: registry.npmjs.org
> Accept-Encoding: gzip, deflate, br, zstd

[PackageManager] waiting for 86 tasks
   - "bun-match-svg": "0.0.12" - bun-match-svg@0.0.12
Enqueue package manifest for download: looks-same
< 200 OK
< Date: Sat, 03 Oct 2026 22:24:50 GMT
< Content-Type: application/vnd.npm.install-v1+json
< Transfer-Encoding: chunked
< Connection: keep-alive
< set-cookie: __cf_bm=6mAv91e5EksoCFHrEHwxsErjb4aMMs8CcsYyEgjQ9tY-1791066290.2997122-1.0.1.1-0I9mjpF32DBmv1qgegPGjwimuirkAUQGV6bjJWaGaPi41ihzYGWsQt9_LH85IlMtiZNIY6DuqAvdc.SeposHDLvLz70_xIlV1YmJlViPNSoJRVPRTgrP4oG1dAF4R1jk; HttpOnly; SameSite=None; Secure; Path=/; Domain=npmjs.org; Expires=Sat, 03 Oct 2026 22:54:50 GMT
< set-cookie: _cfuvid=3ydm3tf4cVi86LMiGHi.C0FqV8SxwjrCVnE599vEOtk-1791066290.2997122-1.0.1.1-9Es37YgK8hbZIolCZ1s.1rPCrVtSZN2dOQKgE5JS_U8; HttpOnly; SameSite=None; Secure; Path=/; Domain=npmjs.org
< CF-Ray: a44f5bfa5e9c9b00-TIA
< CF-Cache-Status: HIT
< ETag: W/"a61c3d4a1aff396767b4049fe54eeb3d"
< Access-Control-Allow-Origin: *
< Cache-Control: public, max-age=300
< Last-Modified: Thu, 15 Jan 2026 06:12:08 GMT
< Server: cloudflare
< Vary: accept-encoding, accept
< Content-Encoding: br

[PackageManager] waiting for 86 tasks
    [519.67ms]
Downloaded live-server versions
> HTTP/1.1 GET https://registry.npmjs.org/react-reconciler
> Accept: application/vnd.npm.install-v1+json; q=1.0, application/json; q=0.8, */*
> Connection: keep-alive
> User-Agent: Bun/1.3.9
> Host: registry.npmjs.org
> Accept-Encoding: gzip, deflate, br, zstd

< 200 OK
< Date: Sat, 03 Oct 2026 22:24:50 GMT
< Content-Type: application/vnd.npm.install-v1+json
< Transfer-Encoding: chunked
< Connection: keep-alive
< set-cookie: __cf_bm=QyEeHuCJxmmxOA3dKCu8bWiop9Tky8mpjC5APSlZigk-1791066290.299666-1.0.1.1-WTNHavhwmRbYIAv2i37suWFPaVxqi4.z75DzWnkk4t4tpnzFVZ_kV5FF0VCZKfA5ddOIY6RktDFexJZ_qMce8aXq_W_pBylddXYN3y7EJyjaeXgX2wug2BB.TpkLd0vU; HttpOnly; SameSite=None; Secure; Path=/; Domain=npmjs.org; Expires=Sat, 03 Oct 2026 22:54:50 GMT
< set-cookie: _cfuvid=4wmawdwIRSzs9wlqERbYbOai1J38Dsx9iVFSh62CCR0-1791066290.299666-1.0.1.1-6PozPfavIlMFs5a1lZ5guwohQQBFZlEPrxu4raDC9bI; HttpOnly; SameSite=None; Secure; Path=/; Domain=npmjs.org
< CF-Ray: a44f5bfa594d7c08-TIA
< CF-Cache-Status: HIT
< ETag: W/"02591d2ef054f69da485e88cce811b01"
< Access-Control-Allow-Origin: *
< Cache-Control: public, max-age=300
< Last-Modified: Wed, 27 May 2026 19:59:24 GMT
< Server: cloudflare
< Vary: accept-encoding, accept
< Content-Encoding: br

[PackageManager] waiting for 86 tasks
    [519.88ms]
Downloaded chokidar-cli versions
[PackageManager] waiting for 86 tasks
   - "live-server": "^1.2.2" - live-server@1.2.2
Enqueue package manifest for download: opn
Enqueue package manifest for download: cors
Enqueue package manifest for download: send
Enqueue package manifest for download: colors
Enqueue package manifest for download: morgan
Enqueue package manifest for download: connect
Enqueue package manifest for download: chokidar
Enqueue package manifest for download: http-auth
Enqueue package manifest for download: serve-index
Enqueue package manifest for download: event-stream
Enqueue package manifest for download: object-assign
Enqueue package manifest for download: faye-websocket
Enqueue package manifest for download: proxy-middleware
[PackageManager] waiting for 98 tasks
   - "chokidar-cli": "^3.0.0" - chokidar-cli@3.0.0
Enqueue package manifest for download: yargs
Enqueue package manifest for download: lodash.debounce
Enqueue package manifest for download: lodash.throttle
[PackageManager] waiting for 100 tasks
    [520.11ms]
Downloaded concurrently versions
< 200 OK
< Date: Sat, 03 Oct 2026 22:24:50 GMT
< Content-Type: application/vnd.npm.install-v1+json
< Transfer-Encoding: chunked
< Connection: keep-alive
< set-cookie: __cf_bm=b01XF0byxfh17qIy7EBDIpbK4oanQe9dbd4e1VLsxlM-1791066290.2997618-1.0.1.1-ciCcCKZUVB.xaGqfkQrgqtAVxvaiqj69gtk1cQLC4ujbLD0owxnOJ3yl6Rq3VVyiPKu7VWTXZ7uyESSioFeym9egGkdiQJBe4XGlr9H.psqKVGATW0NIyedudJN8eYjl; HttpOnly; SameSite=None; Secure; Path=/; Domain=npmjs.org; Expires=Sat, 03 Oct 2026 22:54:50 GMT
< set-cookie: _cfuvid=kBSV4YoIvVZzyB91ox2rukMTY3KWGP1FVROjINXSJ18-1791066290.2997618-1.0.1.1-XIyDkdk9KIYxXRAjHDz8gi8zlasC49w3Ur6xw0hNPWA; HttpOnly; SameSite=None; Secure; Path=/; Domain=npmjs.org
< CF-Ray: a44f5bfa5af4793f-TIA
< CF-Cache-Status: HIT
< ETag: W/"42d2f60e0490f346a3b0a85e346e31fa"
< Access-Control-Allow-Origin: *
< Cache-Control: public, max-age=300
< Last-Modified: Tue, 09 Jun 2026 20:59:11 GMT
< Server: cloudflare
< Vary: accept-encoding, accept
< Content-Encoding: br

< 200 OK
< Date: Sat, 03 Oct 2026 22:24:50 GMT
< Content-Type: application/vnd.npm.install-v1+json
< Transfer-Encoding: chunked
< Connection: keep-alive
< set-cookie: __cf_bm=V3CSnl4n91LussSg7Dws6AvTCyfhbMLJ2YbtBncp2ao-1791066290.2997167-1.0.1.1-ADuoq7KVFnTVpuOyJ0lIbALmq8aKPljmqF3Vjue8pRj3PfYbu_klxAs8.Rc6Ch3PAJTTv2gg9ODn0Gomsp6EiHrYrVzPEpQF4MGDHMQ6YWtlY1xAqgkZJUsqf0gxEL_I; HttpOnly; SameSite=None; Secure; Path=/; Domain=npmjs.org; Expires=Sat, 03 Oct 2026 22:54:50 GMT
< set-cookie: _cfuvid=Up5QiFA8tNkC5yDngcLfN9f6SfLpRNz14MFPoNAv5JE-1791066290.2997167-1.0.1.1-zHfwUloa9j2OkFp6pbja4t.O8G4m5.jUjvgInJBAoc0; HttpOnly; SameSite=None; Secure; Path=/; Domain=npmjs.org
< CF-Ray: a44f5bfa5e9b9b00-TIA
< CF-Cache-Status: HIT
< ETag: W/"7461196c1dbad89c07383a0d91846887"
< Access-Control-Allow-Origin: *
< Cache-Control: public, max-age=300
< Last-Modified: Sat, 13 Sep 2025 17:25:21 GMT
< Server: cloudflare
< Vary: accept-encoding, accept
< Content-Encoding: br

> HTTP/1.1 GET https://registry.npmjs.org/svg-path-commander
> Accept: application/vnd.npm.install-v1+json; q=1.0, application/json; q=0.8, */*
> Connection: keep-alive
> User-Agent: Bun/1.3.9
> Host: registry.npmjs.org
> Accept-Encoding: gzip, deflate, br, zstd

> HTTP/1.1 GET https://registry.npmjs.org/transformation-matrix
> Accept: application/vnd.npm.install-v1+json; q=1.0, application/json; q=0.8, */*
> Connection: keep-alive
> User-Agent: Bun/1.3.9
> Host: registry.npmjs.org
> Accept-Encoding: gzip, deflate, br, zstd

< 200 OK
< Date: Sat, 03 Oct 2026 22:24:50 GMT
< Content-Type: application/vnd.npm.install-v1+json
< Transfer-Encoding: chunked
< Connection: keep-alive
< set-cookie: __cf_bm=1_cewyyaLskLrgdOg_Q_vwjfYi9rNBho57ZsYXeVuw0-1791066290.3038502-1.0.1.1-iEAH0IMjNk4qQFKJaKavQifoxzgsZye7bGnS9b6ui31ip2S8_GBEO9wAnds0oG7crQA.4DH9V5MPytxiM4.OiWFFxiECr8VSlxZt6O60M0lseGUX1x7PjoJ.FUmnx8Iy; HttpOnly; SameSite=None; Secure; Path=/; Domain=npmjs.org; Expires=Sat, 03 Oct 2026 22:54:50 GMT
< set-cookie: _cfuvid=jh0T5toayIDmtaXQPvYsOmzoKPGedFjDBPeIApp9egY-1791066290.3038502-1.0.1.1-HuTj2j5b_ak.s5FiVHmXYuyZjtdBwIdUl.RX172jEXA; HttpOnly; SameSite=None; Secure; Path=/; Domain=npmjs.org
< CF-Ray: a44f5bfa6c34f474-TIA
< CF-Cache-Status: HIT
< ETag: W/"28fdc3df7dfc58981fbf354c7b12e7e6"
< Access-Control-Allow-Origin: *
< Cache-Control: public, max-age=300
< Last-Modified: Thu, 20 Aug 2026 00:55:07 GMT
< Server: cloudflare
< Vary: accept-encoding, accept
< Content-Encoding: br

[PackageManager] waiting for 100 tasks
   - "concurrently": "^9.1.2" - concurrently@9.2.4
Enqueue package manifest for download: rxjs
Enqueue package manifest for download: chalk
Enqueue package manifest for download: tree-kill
Enqueue package manifest for download: shell-quote
Enqueue package manifest for download: supports-color
[PackageManager] waiting for 104 tasks
    [521.19ms]
Downloaded flatbush versions
> HTTP/1.1 GET https://registry.npmjs.org/zod
> Accept: application/vnd.npm.install-v1+json; q=1.0, application/json; q=0.8, */*
> Connection: keep-alive
> User-Agent: Bun/1.3.9
> Host: registry.npmjs.org
> Accept-Encoding: gzip, deflate, br, zstd

< 200 OK
< Date: Sat, 03 Oct 2026 22:24:50 GMT
< Content-Type: application/vnd.npm.install-v1+json
< Transfer-Encoding: chunked
< Connection: keep-alive
< set-cookie: __cf_bm=UxsBA4xwkbJHXklk6yeR8KJTOFKjC2YzG43It0kvUh8-1791066290.2998338-1.0.1.1-MPF6TYcqwei1GmORURzXVe7Cj3EJEyIlgDEwbmbgDqk.YcKCpVlFCJCsRKw01VmDmTTtagNAJov.Yz5bENIl5KiURLXkyJx_w2YQGO7IMhHxv5z5cu4uUOANoL7WtmMe; HttpOnly; SameSite=None; Secure; Path=/; Domain=npmjs.org; Expires=Sat, 03 Oct 2026 22:54:50 GMT
< set-cookie: _cfuvid=9Sw2uVmuzw33bsCHWpbEfuZCTVhIDk1_c2Q0_X3Qiuk-1791066290.2998338-1.0.1.1-BTL87IY8EA1oB_0zsKIf9fusNE5VJfsLm44y9v7_JG0; HttpOnly; SameSite=None; Secure; Path=/; Domain=npmjs.org
< CF-Ray: a44f5bfa5e9a9b00-TIA
< CF-Cache-Status: HIT
< ETag: W/"09d5e3c3354cd1b3c66d1056b9cb436b"
< Access-Control-Allow-Origin: *
< Cache-Control: public, max-age=300
< Last-Modified: Wed, 19 Aug 2026 23:05:58 GMT
< Server: cloudflare
< Vary: accept-encoding, accept
< Content-Encoding: br

[PackageManager] waiting for 104 tasks
    [521.73ms]
Downloaded calculate-elbow versions
[PackageManager] waiting for 104 tasks
   - "calculate-elbow": "^0.0.12" - calculate-elbow@0.0.12
[PackageManager] waiting for 103 tasks
   - "flatbush": "^4.5.0" - flatbush@4.6.2
Enqueue package manifest for download: flatqueue
[PackageManager] waiting for 103 tasks
    [525.78ms]
Downloaded graphics-debug versions
[PackageManager] waiting for 103 tasks
   - "graphics-debug": "^0.0.95" - graphics-debug@0.0.95
Enqueue package manifest for download: svgson
Enqueue package manifest for download: fast-png
Enqueue package manifest for download: polished
Enqueue package manifest for download: react-supergrid
Enqueue package manifest for download: react-router-dom
Enqueue package manifest for download: @types/react-router-dom
Enqueue package manifest for download: use-mouse-matrix-transform
Enqueue package manifest for download: @react-hook/resize-observer
[PackageManager] waiting for 110 tasks
    [528.97ms]
Downloaded debug versions
[PackageManager] waiting for 110 tasks
   - "debug": "^4.3.6" - debug@4.4.3
Enqueue package manifest for download: ms
[PackageManager] waiting for 110 tasks
    [533.47ms]
Downloaded tsup versions
[PackageManager] waiting for 110 tasks
   - "tsup": "^8.2.4" - tsup@8.5.1
Enqueue package manifest for download: bundle-require
Enqueue package manifest for download: cac
Enqueue package manifest for download: consola
Enqueue package manifest for download: esbuild
Enqueue package manifest for download: fix-dts-default-cjs-exports
Enqueue package manifest for download: joycon
Enqueue package manifest for download: picocolors
Enqueue package manifest for download: postcss-load-config
Enqueue package manifest for download: resolve-from
Enqueue package manifest for download: rollup
Enqueue package manifest for download: source-map
Enqueue package manifest for download: sucrase
Enqueue package manifest for download: tinyexec
< 200 OK
< Date: Sat, 03 Oct 2026 22:24:50 GMT
< Content-Type: application/vnd.npm.install-v1+json
< Transfer-Encoding: chunked
< Connection: keep-alive
< set-cookie: __cf_bm=CIFCU4h4.zPciQVLmGl2NThoVAf3_TicwLQjUf_EBzw-1791066290.2896876-1.0.1.1-4JByS3ZG5JkLFuflN4a7DWxJRp56.I5bu.v5k7T2911.IGIOMaoZidLpVZyYf168P3w.QksR8zshMzNmNr7Cw8Zsv.8EMVgpdnxhV6KQ4e9x2seXDr_YDONLTeCD8XPm; HttpOnly; SameSite=None; Secure; Path=/; Domain=npmjs.org; Expires=Sat, 03 Oct 2026 22:54:50 GMT
< set-cookie: _cfuvid=qVRWvZo._0dVaOfUC2SLZgoF_.Se35k9ozY5PaG2Vqw-1791066290.2896876-1.0.1.1-h60NqbQqmoXO_NovSzpROSGv2NCOVvYiaOTrU46ux0Q; HttpOnly; SameSite=None; Secure; Path=/; Domain=npmjs.org
< CF-Ray: a44f5bfa492b7c08-TIA
< CF-Cache-Status: HIT
< ETag: W/"959306bd4979e9115c40759067797b70"
< Access-Control-Allow-Origin: *
< Cache-Control: public, max-age=300
< Last-Modified: Fri, 02 Oct 2026 17:48:36 GMT
< Server: cloudflare
< Vary: accept-encoding, accept
< Content-Encoding: br

< 200 OK
< Date: Sat, 03 Oct 2026 22:24:50 GMT
< Content-Type: application/vnd.npm.install-v1+json
< Transfer-Encoding: chunked
< Connection: keep-alive
< set-cookie: __cf_bm=E_uXaSAADaUra2NPzjiJVC9qmF9orQ6HxoezQyxNj5E-1791066290.2854733-1.0.1.1-tu7qt9UcSFCvlsPC5dLZUj6gBtsRIev2rPrjFiy6M_HRq0aAMvMJxjnhrzOAy85jg3q3C.4K9OA5OnweiRMQegV90lds_A6xYlAmvrapDveiRlop58cJu9rMq99as86C; HttpOnly; SameSite=None; Secure; Path=/; Domain=npmjs.org; Expires=Sat, 03 Oct 2026 22:54:50 GMT
< set-cookie: _cfuvid=TxT4IMfrgswtFKJ4QMtIybbPAV8u5OvDn4iOILIKDlY-1791066290.2854733-1.0.1.1-ToM24b1MpkdG6elve.gkuuIfo2fvDa9r_D5L0A7Ic0c; HttpOnly; SameSite=None; Secure; Path=/; Domain=npmjs.org
< CF-Ray: a44f5bfa4c8ba5b3-TIA
< CF-Cache-Status: HIT
< ETag: W/"e9bc4a5d83e9f2bb2f8ad7ea5865e712"
< Access-Control-Allow-Origin: *
< Cache-Control: public, max-age=300
< Last-Modified: Fri, 02 Oct 2026 17:46:50 GMT
< Server: cloudflare
< Vary: accept-encoding, accept
< Content-Encoding: br

< 200 OK
< Date: Sat, 03 Oct 2026 22:24:50 GMT
< Content-Type: application/vnd.npm.install-v1+json
< Transfer-Encoding: chunked
< Connection: keep-alive
< set-cookie: __cf_bm=JHqyHej2ni_Dn5sFlo0mCF1IRFCs6s71UMzEGrSGtmw-1791066290.284748-1.0.1.1-DWkAwJbw_.iDd_28UAQ7HDApn.jKxXQ0LSVV8UXOGSmRIJ2NDr0Um_rGNemS_ai3.aw0Wb3ccP4im_Z8jrGWfPzgnLZGCZLlXrNKbogrk90fWpDv53XVmTuE0XT_lVVf; HttpOnly; SameSite=None; Secure; Path=/; Domain=npmjs.org; Expires=Sat, 03 Oct 2026 22:54:50 GMT
< set-cookie: _cfuvid=GN3HDjri5p6hBNrkovOH4P25bMl_8cl1aETQlXRRpPA-1791066290.284748-1.0.1.1-hMtYOO4nMi9OLhZhyKkZpx5JIg9f8aep1eW8TGq1wlU; HttpOnly; SameSite=None; Secure; Path=/; Domain=npmjs.org
< CF-Ray: a44f5bfa49187c08-TIA
< CF-Cache-Status: REVALIDATED
< ETag: W/"a8da0fe440a0b5b0cdcbc36461b7f0b6"
< Access-Control-Allow-Origin: *
< Cache-Control: public, max-age=300
< Last-Modified: Wed, 23 Sep 2026 18:59:26 GMT
< Server: cloudflare
< Vary: accept-encoding, accept
< Content-Encoding: br

< 200 OK
< Date: Sat, 03 Oct 2026 22:24:50 GMT
< Content-Type: application/vnd.npm.install-v1+json
< Transfer-Encoding: chunked
< Connection: keep-alive
< set-cookie: __cf_bm=_auQQvPuVM3JS9Wr3KM4GzmwBFiFJYW7R08bKXb5i_w-1791066290.289804-1.0.1.1-yLpBJ04P6y6R8bYNvpOd8gDwyh6WlLgPDwzlz7rUDStEWhXhapnk2ryPephhjuYqKpu3RtzJ8oiJPDe1ZcSApblUmB4.feEO02pzRG3As5ZUH39fe1h03fLadeplCC2x; HttpOnly; SameSite=None; Secure; Path=/; Domain=npmjs.org; Expires=Sat, 03 Oct 2026 22:54:50 GMT
< set-cookie: _cfuvid=t4jUNdY9Esxy_FzuBz3gYWUAK37KOREQnIvDzJA7OIw-1791066290.289804-1.0.1.1-g1RJbt9PnS7h5L0FgJ788ndmEJPeb6UbFa3PvJwU.G0; HttpOnly; SameSite=None; Secure; Path=/; Domain=npmjs.org
< CF-Ray: a44f5bfa4ae5793f-TIA
< CF-Cache-Status: REVALIDATED
< ETag: W/"6ac61ca8f350050a5b491a7a7a3f9ec3"
< Access-Control-Allow-Origin: *
< Cache-Control: public, max-age=300
< Last-Modified: Tue, 29 Sep 2026 18:22:42 GMT
< Server: cloudflare
< Vary: accept-encoding, accept
< Content-Encoding: br

< 200 OK
< Date: Sat, 03 Oct 2026 22:24:50 GMT
< Content-Type: application/vnd.npm.install-v1+json
< Transfer-Encoding: chunked
< Connection: keep-alive
< set-cookie: __cf_bm=SjUe.GgzZK_TUkt2Ufk0O352AfaB.P3q_7wQwh7La68-1791066290.2848704-1.0.1.1-sFf1XLN1OeGSrw9dv_p.A3_gksqrV4zynwQWp7TqWtFRldFyYmL7I2FreSRmNphFamxlnT2rrRbzLdIaLTDpBvKvbmIYMzVuW4DLudfyw8uk7hHeRzMVhpAMPA8ZEuCc; HttpOnly; SameSite=None; Secure; Path=/; Domain=npmjs.org; Expires=Sat, 03 Oct 2026 22:54:50 GMT
< set-cookie: _cfuvid=LYba7TTJGqI4cqDyS0uhklPwC5hkuw6IJcwpnsHneYQ-1791066290.2848704-1.0.1.1-tAM_sod948FlMVARDeoyVI6Ge.Drrt9dURkYALDIhyI; HttpOnly; SameSite=None; Secure; Path=/; Domain=npmjs.org
< CF-Ray: a44f5bfa4c8ca5b3-TIA
< CF-Cache-Status: REVALIDATED
< ETag: W/"c6dbe5bc67e527d2df47a6719b871900"
< Access-Control-Allow-Origin: *
< Cache-Control: public, max-age=300
< Last-Modified: Fri, 02 Oct 2026 09:38:42 GMT
< Server: cloudflare
< Vary: accept-encoding, accept
< Content-Encoding: br

< 200 OK
< Date: Sat, 03 Oct 2026 22:24:50 GMT
< Content-Type: application/vnd.npm.install-v1+json
< Transfer-Encoding: chunked
< Connection: keep-alive
< set-cookie: __cf_bm=cxKUhtY6tOyS6IJvlORNJUrtdhvtxUy9IDj1Sg_4u0o-1791066290.2896628-1.0.1.1-Qi4QQCVyvLQDy5WoHGri.9xA2HSuTl.PnOzj1luBPqVDxQEPafedyFKSUoE4O4lGCBtBGRfHHC42c8LcPSZAkmX3zuOOnDYUdWmFNrMZkFQsSvx4KlclW0qSBIRT8WxH; HttpOnly; SameSite=None; Secure; Path=/; Domain=npmjs.org; Expires=Sat, 03 Oct 2026 22:54:50 GMT
< set-cookie: _cfuvid=gjNj65ivwJsaCj7ZQDhPmTK_MERh0aiJnmK5BHpM1RE-1791066290.2896628-1.0.1.1-tuxzyQXUltT9U0_UdJzJPNVe.Pnvg2y668.uzmneTWw; HttpOnly; SameSite=None; Secure; Path=/; Domain=npmjs.org
< CF-Ray: a44f5bfa4ba75f50-TIA
< CF-Cache-Status: REVALIDATED
< ETag: W/"71260ed6f8d332dc2c7ffb2ff1e4c411"
< Access-Control-Allow-Origin: *
< Cache-Control: public, max-age=300
< Last-Modified: Wed, 09 Sep 2026 17:22:30 GMT
< Server: cloudflare
< Vary: accept-encoding, accept
< Content-Encoding: br

[PackageManager] waiting for 122 tasks
    [554.40ms]
Downloaded calculate-packing versions
[PackageManager] waiting for 122 tasks
    [554.76ms]
Downloaded kicadts versions
[PackageManager] waiting for 122 tasks
   - "kicadts": "^0.0.53" - kicadts@0.0.53
[PackageManager] waiting for 121 tasks
   - "calculate-packing": "^0.0.90" - calculate-packing@0.0.90
> HTTP/1.1 GET https://jscdn.tscircuit.com/@tscircuit/dogbone-solver/0.0.1.tgz
> Connection: keep-alive
> User-Agent: Bun/1.3.9
> Accept: */*
> Host: jscdn.tscircuit.com
> Accept-Encoding: gzip, deflate, br, zstd

< 200 OK
< Date: Sat, 03 Oct 2026 22:24:50 GMT
< Content-Type: application/vnd.npm.install-v1+json
< Transfer-Encoding: chunked
< Connection: keep-alive
< set-cookie: __cf_bm=Dm.ZamemJ9iFEEB6MBzAWSuj3tdvzdfkjqhPvw4wiuU-1791066290.289855-1.0.1.1-IgX0J9MQKdaY0clJ4slT0YxqJGcZvG7.lv1IYsH1m93LWln.iu6FJ8189ECEfrGDqxjA8AFRUc7ARKwokzFpZD5q4XRQZk3wu5iBbiq1iNBrP27sXKzXi9SgSLrK9ghK; HttpOnly; SameSite=None; Secure; Path=/; Domain=npmjs.org; Expires=Sat, 03 Oct 2026 22:54:50 GMT
< set-cookie: _cfuvid=IEDWWNLy9_Z0qQbsNl0x7EeNNXY.TW79.4VrAjYbjHk-1791066290.289855-1.0.1.1-6mG1S6cd1SVEQ3FC_gPs9IeXj6a5XChQakmCXYTTxWg; HttpOnly; SameSite=None; Secure; Path=/; Domain=npmjs.org
< CF-Ray: a44f5bfa492c7c08-TIA
< CF-Cache-Status: REVALIDATED
< ETag: W/"14cb81608a61aa7fb8d46b1ac3ebf662"
< Access-Control-Allow-Origin: *
< Cache-Control: public, max-age=300
< Last-Modified: Mon, 30 Oct 2023 14:22:33 GMT
< Server: cloudflare
< Vary: accept-encoding, accept
< Content-Encoding: br

> HTTP/1.1 GET https://jscdn.tscircuit.com/@tscircuit/bus-lanes-solver/0.0.9.tgz
> Connection: keep-alive
> User-Agent: Bun/1.3.9
> Accept: */*
> Host: jscdn.tscircuit.com
> Accept-Encoding: gzip, deflate, br, zstd

< 200 OK
< Date: Sat, 03 Oct 2026 22:24:50 GMT
< Content-Type: application/vnd.npm.install-v1+json
< Transfer-Encoding: chunked
< Connection: keep-alive
< set-cookie: __cf_bm=PLDBcyvigxU2kVddycdOctolm_WGobN13ePgwiLCSJE-1791066290.2926695-1.0.1.1-jVYjadipNUxa1fTr010Z4cOeDFZ3FuSBJHR2eW5CvkEu3KJ5YQYOvwt3jAFyK4xWqyh7q0BsjaKoBI3MU.CJoBwTh5ytyZFXdeDSjfyUpZhUP1kbx6qs3SPkB26g.DhN; HttpOnly; SameSite=None; Secure; Path=/; Domain=npmjs.org; Expires=Sat, 03 Oct 2026 22:54:50 GMT
< set-cookie: _cfuvid=7EVnCgZYY.QoyPUbKJh1Z_WVNa.mKtYTply5fwxluUM-1791066290.2926695-1.0.1.1-QU389F_UFKUuNIR13hL8tf4.cqiFw6eiJsx.u1Qsj3w; HttpOnly; SameSite=None; Secure; Path=/; Domain=npmjs.org
< CF-Ray: a44f5bfa5e679b00-TIA
< CF-Cache-Status: REVALIDATED
< ETag: W/"d56402000e45f185349bd7abf283469e"
< Access-Control-Allow-Origin: *
< Cache-Control: public, max-age=300
< Last-Modified: Thu, 20 Aug 2026 02:03:41 GMT
< Server: cloudflare
< Vary: accept-encoding, accept
< Content-Encoding: br

[PackageManager] waiting for 120 tasks
    [556.69ms]
Downloaded circuit-json-to-bpc versions
< 200 OK
< Date: Sat, 03 Oct 2026 22:24:50 GMT
< Content-Type: application/vnd.npm.install-v1+json
< Transfer-Encoding: chunked
< Connection: keep-alive
< set-cookie: __cf_bm=65FpGovgBjnliXVLYHCEIF1pvz9MrWyckyKaouA2au0-1791066290.289829-1.0.1.1-Wwm2lq2z8MaG7EglVLqbdcSq_H1puPKc3lJ5AT7Y66BMUgD.m.dOSUT6lImsfp.xxTbbmo58Kml6PNVY17AlZsa3mwbIfedZaA1RlegYFlKI1HxxOeWsdpXeLtY_kloe; HttpOnly; SameSite=None; Secure; Path=/; Domain=npmjs.org; Expires=Sat, 03 Oct 2026 22:54:50 GMT
< set-cookie: _cfuvid=tnQkOkapc_7Y9zk_h3pBxOHGRti.boDm4iChaXew2v4-1791066290.289829-1.0.1.1-W.cqc7Xski3dHX_KA4mIdL0qXBXvvbzZ9O9Pg8pTBxs; HttpOnly; SameSite=None; Secure; Path=/; Domain=npmjs.org
< CF-Ray: a44f5bfa4c20f474-TIA
< CF-Cache-Status: REVALIDATED
< ETag: W/"8d39348f524820eb50958b6bd36ab8eb"
< Access-Control-Allow-Origin: *
< Cache-Control: public, max-age=300
< Last-Modified: Thu, 20 Aug 2026 00:56:01 GMT
< Server: cloudflare
< Vary: accept-encoding, accept
< Content-Encoding: br

[PackageManager] waiting for 120 tasks
    [556.76ms]
Downloaded spicets versions
[PackageManager] waiting for 120 tasks
   - "circuit-json-to-bpc": "^0.0.13" - circuit-json-to-bpc@0.0.13
[PackageManager] waiting for 119 tasks
   - "spicets": "^0.0.4" - spicets@0.0.4
[PackageManager] waiting for 118 tasks
    [558.58ms]
Downloaded howfat versions
< 200 OK
< Date: Sat, 03 Oct 2026 22:24:50 GMT
< Content-Type: application/vnd.npm.install-v1+json
< Transfer-Encoding: chunked
< Connection: keep-alive
< set-cookie: __cf_bm=UcuPdGWIIYhLrnErJ8p.XRYRW2q5Jr8t0KvQoVvV9sM-1791066290.2849662-1.0.1.1-705y02fbvyyj6z7U3t7MFe3zphSr3X96QYRi0_O9D1VENb8bjXDKkPCu.sD5NT_IH8A0B1.Igbh5lCiDE4vrWi84V6yh1RedcDQ6mxJ8SeZe_eoWFMcWXQqC5Gat0GCh; HttpOnly; SameSite=None; Secure; Path=/; Domain=npmjs.org; Expires=Sat, 03 Oct 2026 22:54:50 GMT
< set-cookie: _cfuvid=UOSSWw4ViP8n5BG1tvBvZQbmwaZmKuZLV_6rJ4moo4U-1791066290.2849662-1.0.1.1-TosMqkoeKWfapv_9ai9HvJJj2v9OEA3wYgkE51YynAw; HttpOnly; SameSite=None; Secure; Path=/; Domain=npmjs.org
< CF-Ray: a44f5bfa4d5651a4-TIA
< CF-Cache-Status: REVALIDATED
< ETag: W/"ec0d12c0c2f7620377d83cb694e9cc55"
< Access-Control-Allow-Origin: *
< Cache-Control: public, max-age=300
< Last-Modified: Wed, 19 Nov 2025 23:18:01 GMT
< Server: cloudflare
< Vary: accept-encoding, accept
< Content-Encoding: br

[PackageManager] waiting for 118 tasks
    [558.64ms]
Downloaded stack-svgs versions
[PackageManager] waiting for 118 tasks
   - "stack-svgs": "^0.0.1" - stack-svgs@0.0.1
[PackageManager] waiting for 117 tasks
   - "howfat": "^0.3.8" - howfat@0.3.8
Enqueue package manifest for download: axios
Enqueue package manifest for download: npm-package-arg
Enqueue package manifest for download: package-options
Enqueue package manifest for download: semver
Enqueue package manifest for download: tar
< 200 OK
< Date: Sat, 03 Oct 2026 22:24:50 GMT
< Content-Type: application/vnd.npm.install-v1+json
< Transfer-Encoding: chunked
< Connection: keep-alive
< set-cookie: __cf_bm=IlTkQ9N2oeejWLpKgg4qpWrzOvnegbjQyF444j0xFZs-1791066290.2997618-1.0.1.1-YofRYfh8eElAKvM3kNpouFcefUOIiP0y.0D6R0nbqW7HBwAop9nKlmTOk16vOf8gZB2Ib2vKhJh4ytiZ2_.XKNp8m9w_BWeMKKKqpUVivQF1jvbQoCC85mY8wA3mJ6ip; HttpOnly; SameSite=None; Secure; Path=/; Domain=npmjs.org; Expires=Sat, 03 Oct 2026 22:54:50 GMT
< set-cookie: _cfuvid=pj2jv9t7_VODw2Jo_zUZbkkdxwKmh9zRh5lG3GH61bU-1791066290.2997618-1.0.1.1-6gED5aZ6S5jat8d7cEqBAMYQ1AdChktf8RAi_CUYwxw; HttpOnly; SameSite=None; Secure; Path=/; Domain=npmjs.org
< CF-Ray: a44f5bfa5c30f474-TIA
< CF-Cache-Status: REVALIDATED
< ETag: W/"24685e3a610646fe1571900562909b21"
< Access-Control-Allow-Origin: *
< Cache-Control: public, max-age=300
< Last-Modified: Sat, 03 Oct 2026 17:04:58 GMT
< Server: cloudflare
< Vary: accept-encoding, accept
< Content-Encoding: br

[PackageManager] waiting for 121 tasks
    [561.68ms]
Downloaded kicad-to-circuit-json versions
> HTTP/1.1 GET https://registry.npmjs.org/ignore
> Accept: application/vnd.npm.install-v1+json; q=1.0, application/json; q=0.8, */*
> Connection: keep-alive
> User-Agent: Bun/1.3.9
> Host: registry.npmjs.org
> Accept-Encoding: gzip, deflate, br, zstd

< 200 OK
< Date: Sat, 03 Oct 2026 22:24:50 GMT
< Content-Type: application/vnd.npm.install-v1+json
< Transfer-Encoding: chunked
< Connection: keep-alive
< set-cookie: __cf_bm=T6JPkJUJX9R0Y44SV4.6viCgfo7L5JWY9sLLalEbtl8-1791066290.2997925-1.0.1.1-3kCXNTMXRU29gndFXcj2jEc5ZEgAa1lX7n5aEFjzf3Abg8TdJ5eUYQWQ_K_1OuVIy3HhssxxSxnCvlBwh_2NUBtOKEKy1BoQbJ6EG39p1Fhf2tWbh6.FFsP6_Wqu3n4q; HttpOnly; SameSite=None; Secure; Path=/; Domain=npmjs.org; Expires=Sat, 03 Oct 2026 22:54:50 GMT
< set-cookie: _cfuvid=1gGKsTAT9oA457DR_MmNt3M7gJAJ7_x6dqfNB6LWm7o-1791066290.2997925-1.0.1.1-oE9qtg2i3s6aCdL2VRJCj601z60Va8Da4bOhy3lmjdk; HttpOnly; SameSite=None; Secure; Path=/; Domain=npmjs.org
< CF-Ray: a44f5bfa5d7351a4-TIA
< CF-Cache-Status: REVALIDATED
< ETag: W/"073ade7e60c2dc7a1972c7be30f6ba02"
< Access-Control-Allow-Origin: *
< Cache-Control: public, max-age=300
< Last-Modified: Fri, 29 Aug 2025 19:58:31 GMT
< Server: cloudflare
< Vary: accept-encoding, accept
< Content-Encoding: br

[PackageManager] waiting for 121 tasks
    [561.75ms]
Downloaded minicssgrid versions
> HTTP/1.1 GET https://registry.npmjs.org/pkg-types
> Accept: application/vnd.npm.install-v1+json; q=1.0, application/json; q=0.8, */*
> Connection: keep-alive
> User-Agent: Bun/1.3.9
> Host: registry.npmjs.org
> Accept-Encoding: gzip, deflate, br, zstd

[PackageManager] waiting for 121 tasks
   - "minicssgrid": "^0.0.9" - minicssgrid@0.0.9
[PackageManager] waiting for 120 tasks
   - "kicad-to-circuit-json": "^0.0.142" - kicad-to-circuit-json@0.0.142
< 200 OK
< Date: Sat, 03 Oct 2026 22:24:50 GMT
< Content-Type: application/vnd.npm.install-v1+json
< Transfer-Encoding: chunked
< Connection: keep-alive
< set-cookie: __cf_bm=7tS4fzWQEbCKQ2izt.PrKrALFAt3vJw1WKO5yHDFxBM-1791066290.284953-1.0.1.1-UR.ZzR0YMaQ1TgwpsZrXI8R1yB3FEBkBxkgV8TARlCyBMrjjk4WWFZCEWl7v6csnLJdDID0St0uWIEL0Y0VBZbpvXTbwQvzg629pSysWQ8LzyFfONK5VWwaRC_V9APuE; HttpOnly; SameSite=None; Secure; Path=/; Domain=npmjs.org; Expires=Sat, 03 Oct 2026 22:54:50 GMT
< set-cookie: _cfuvid=hQVgc5Yh13IGL1ikdvTcUhfs5Mmve0odrZE.K9jbnnM-1791066290.284953-1.0.1.1-YmECB3GwZjYCThqtCDyJ0WHnHWa6_Hv3qK_q_9gBF4k; HttpOnly; SameSite=None; Secure; Path=/; Domain=npmjs.org
< CF-Ray: a44f5bfa4ada793f-TIA
< CF-Cache-Status: REVALIDATED
< ETag: W/"b388411d4c27c66e2cd13334d8a29d07"
< Access-Control-Allow-Origin: *
< Cache-Control: public, max-age=300
< Last-Modified: Sat, 03 Oct 2026 01:27:55 GMT
< Server: cloudflare
< Vary: accept-encoding, accept
< Content-Encoding: br

[PackageManager] waiting for 119 tasks
    [563.66ms]
Downloaded poppygl versions
> HTTP/1.1 GET https://registry.npmjs.org/tinyglobby
> Accept: application/vnd.npm.install-v1+json; q=1.0, application/json; q=0.8, */*
> Connection: keep-alive
> User-Agent: Bun/1.3.9
> Host: registry.npmjs.org
> Accept-Encoding: gzip, deflate, br, zstd

[PackageManager] waiting for 119 tasks
   - "poppygl": "0.0.30" - poppygl@0.0.30
Enqueue package manifest for download: gl-matrix
Enqueue package manifest for download: pureimage
Enqueue package manifest for download: readable-stream
< 200 OK
< Date: Sat, 03 Oct 2026 22:24:50 GMT
< Content-Type: application/vnd.npm.install-v1+json
< Transfer-Encoding: chunked
< Connection: keep-alive
< set-cookie: __cf_bm=ZTPq1bclg9iqFfA8.IRBj2obpQvNqLv0aYzGmaIQxKU-1791066290.30039-1.0.1.1-ElUUFKA77WbsxBIUfxu4DQWQ0KeyRCIgqbtyLp5j36iLcn.LeU4GUWoQzCG_kTdCOun24NKkeqFXMI8z3X1xSkkzxj7JvNH_SmlLjOtH2NXCzakFj8RRH3Dokfnry3w0; HttpOnly; SameSite=None; Secure; Path=/; Domain=npmjs.org; Expires=Sat, 03 Oct 2026 22:54:50 GMT
< set-cookie: _cfuvid=5nJASI5fy6bQ.N0aeHPbvd8SNOsRnGq8IaTm77p0Ars-1791066290.30039-1.0.1.1-EI_buLZTK2GvOGApySnGCqCTMBH3e73_4KTjUEswDTs; HttpOnly; SameSite=None; Secure; Path=/; Domain=npmjs.org
< CF-Ray: a44f5bfa5c31f474-TIA
< CF-Cache-Status: REVALIDATED
< ETag: W/"0a3e1f54dba864c50d4d63f31fd7427e"
< Access-Control-Allow-Origin: *
< Cache-Control: public, max-age=300
< Last-Modified: Wed, 19 Aug 2026 23:06:36 GMT
< Server: cloudflare
< Vary: accept-encoding, accept
< Content-Encoding: br

< 200 OK
< Date: Sat, 03 Oct 2026 22:24:50 GMT
< Content-Type: application/vnd.npm.install-v1+json
< Transfer-Encoding: chunked
< Connection: keep-alive
< set-cookie: __cf_bm=IsTMrALUGHbAR6M6hhAEPklwObxyN3y6SRiq3aKp7VU-1791066290.2897732-1.0.1.1-5CwXxDUk8v7S0CzRUl72M_O0VGZotUfDfR6bRgQNhfzN_u_kGY5W._9XwOmQuqlAiDuVxBleT7hsDG7MZ0on99oPXlHWTpIhdkcu28iY8L.Q6tQ3_JIDIhTjBdqTOwb3; HttpOnly; SameSite=None; Secure; Path=/; Domain=npmjs.org; Expires=Sat, 03 Oct 2026 22:54:50 GMT
< set-cookie: _cfuvid=28AP7Qj7lvBRdID4x0FKaed0Trub8jnYMv4fNzDysis-1791066290.2897732-1.0.1.1-gn2Jjn_txNb9nd2vgR6nsqkbkAGGXsegBSZMMEWXzes; HttpOnly; SameSite=None; Secure; Path=/; Domain=npmjs.org
< CF-Ray: a44f5bfa4cc0bd99-TIA
< CF-Cache-Status: REVALIDATED
< ETag: W/"870f6862eba73b241b1983bbd610cf5d"
< Access-Control-Allow-Origin: *
< Cache-Control: public, max-age=300
< Last-Modified: Sat, 03 Oct 2026 10:22:40 GMT
< Server: cloudflare
< Vary: accept-encoding, accept
< Content-Encoding: br

< 200 OK
< Date: Sat, 03 Oct 2026 22:24:50 GMT
< Content-Type: application/vnd.npm.install-v1+json
< Transfer-Encoding: chunked
< Connection: keep-alive
< set-cookie: __cf_bm=NpmQL4YFQywCiCHipfSg1H2qLZnV3HD6SqCJ7h1g4pQ-1791066290.2847111-1.0.1.1-UJfX0HuxKr3FS1q562zCSLuCEDmvxQoLHCuOBxuPhcQvnPgza04H0m2Oe8wniAtXw0JoVwZwFJbqky9U3hoXLFgCaqqtBYN24iXOqaRMVE2fuXo9_V_mM_xuiAiFEUQd; HttpOnly; SameSite=None; Secure; Path=/; Domain=npmjs.org; Expires=Sat, 03 Oct 2026 22:54:50 GMT
< set-cookie: _cfuvid=7LTWqkW2JQ2SqBLW34Co547j9t5tuLRJUWZIukyrjtM-1791066290.2847111-1.0.1.1-RihkSP2A5CpRx.Es.rN8soIrFNcCuQ4.QXO8nRYvBfs; HttpOnly; SameSite=None; Secure; Path=/; Domain=npmjs.org
< CF-Ray: a44f5bfa4e4d9b00-TIA
< CF-Cache-Status: REVALIDATED
< ETag: W/"bbcac1e1dd013108df338d72f5b73435"
< Access-Control-Allow-Origin: *
< Cache-Control: public, max-age=300
< Last-Modified: Sun, 16 Nov 2025 13:28:43 GMT
< Server: cloudflare
< Vary: accept-encoding, accept
< Content-Encoding: br

[PackageManager] waiting for 121 tasks
    [564.29ms]
Downloaded spicey versions
> HTTP/1.1 GET https://registry.npmjs.org/isbinaryfile
> Accept: application/vnd.npm.install-v1+json; q=1.0, application/json; q=0.8, */*
> Connection: keep-alive
> User-Agent: Bun/1.3.9
> Host: registry.npmjs.org
> Accept-Encoding: gzip, deflate, br, zstd

[PackageManager] waiting for 121 tasks
   - "spicey": "^0.0.14" - spicey@0.0.14
[PackageManager] waiting for 120 tasks
    [564.38ms]
Downloaded circuit-json-to-spice versions
> HTTP/1.1 GET https://registry.npmjs.org/query-registry
> Accept: application/vnd.npm.install-v1+json; q=1.0, application/json; q=0.8, */*
> Connection: keep-alive
> User-Agent: Bun/1.3.9
> Host: registry.npmjs.org
> Accept-Encoding: gzip, deflate, br, zstd

[PackageManager] waiting for 120 tasks
   - "circuit-json-to-spice": "^0.0.45" - circuit-json-to-spice@0.0.45
[PackageManager] waiting for 119 tasks
    [568.18ms]
Downloaded schematic-symbols versions
> HTTP/1.1 GET https://registry.npmjs.org/@octokit%2faction
> Accept: application/vnd.npm.install-v1+json; q=1.0, application/json; q=0.8, */*
> Connection: keep-alive
> User-Agent: Bun/1.3.9
> Host: registry.npmjs.org
> Accept-Encoding: gzip, deflate, br, zstd

[PackageManager] waiting for 119 tasks
   - "schematic-symbols": "^0.0.248" - schematic-symbols@0.0.248
< 200 OK
< Date: Sat, 03 Oct 2026 22:24:50 GMT
< Content-Type: application/vnd.npm.install-v1+json
< Transfer-Encoding: chunked
< Connection: keep-alive
< set-cookie: __cf_bm=EMFeVVM8qQGclnPyWNO47XLW9AEtxmPUcfjm3.MYRBk-1791066290.2925375-1.0.1.1-2WraHM2zmA6VYkhgdHG.TpMIUC0J9cz8SrVrGYfD15_lKXOjqkpyciNl7WsHD3F_Pam6OOZtQaUT9oqbBIPNSijuFlqRLE9dwh2_NwPvJ0meiu9vlyWAUiU6Gi85lHZU; HttpOnly; SameSite=None; Secure; Path=/; Domain=npmjs.org; Expires=Sat, 03 Oct 2026 22:54:50 GMT
< set-cookie: _cfuvid=mSgBYfYl6CzaBWFCEWgBxAkrTMaJNe9KOi6FoeR6tV4-1791066290.2925375-1.0.1.1-5qhkgTpj_.Bdp7KUWm8d3woXl.1D4TjPonet8TSrOSs; HttpOnly; SameSite=None; Secure; Path=/; Domain=npmjs.org
< CF-Ray: a44f5bfa5d6a51a4-TIA
< CF-Cache-Status: REVALIDATED
< ETag: W/"bcf53a2d7e458aea9a277e87cf0351c4"
< Access-Control-Allow-Origin: *
< Cache-Control: public, max-age=300
< Last-Modified: Thu, 01 Oct 2026 03:10:58 GMT
< Server: cloudflare
< Vary: accept-encoding, accept
< Content-Encoding: br

[PackageManager] waiting for 118 tasks
    [571.96ms]
Downloaded circuit-json-to-connectivity-map versions
> HTTP/1.1 GET https://registry.npmjs.org/@jsdevtools%2fez-spawn
> Accept: application/vnd.npm.install-v1+json; q=1.0, application/json; q=0.8, */*
> Connection: keep-alive
> User-Agent: Bun/1.3.9
> Host: registry.npmjs.org
> Accept-Encoding: gzip, deflate, br, zstd

[PackageManager] waiting for 118 tasks
   - "circuit-json-to-connectivity-map": "^0.0.33" - circuit-json-to-connectivity-map@0.0.33
   - "circuit-json-to-connectivity-map": "^0.0.22" - circuit-json-to-connectivity-map@0.0.22
< 200 OK
< Date: Sat, 03 Oct 2026 22:24:50 GMT
< Content-Type: application/vnd.npm.install-v1+json
< Transfer-Encoding: chunked
< Connection: keep-alive
< set-cookie: __cf_bm=tzscHeumFWsn9eYiGmEc7f5vxLM5jYnE8MB0JwnDI24-1791066290.2997105-1.0.1.1-_zcTwIFnHscK0jbEtXlTwugpRVvBjE9XJyLESqDc6vvpLsL_.qjoskO1Zl_I0Ki4rEZo0w5BYAo3SSnclrIePuuvKktLwWqH3DSu2qhhW3faTceyviql6URkkNLJjPXy; HttpOnly; SameSite=None; Secure; Path=/; Domain=npmjs.org; Expires=Sat, 03 Oct 2026 22:54:50 GMT
< set-cookie: _cfuvid=i5k21YtB2N_l4Bv_nI9AtZ6QXoLL.vunklVrVTZPwXg-1791066290.2997105-1.0.1.1-JbZNDZETn5rVjOoiR5vZ0PVcISvH9FLvdOlVdw96cfs; HttpOnly; SameSite=None; Secure; Path=/; Domain=npmjs.org
< CF-Ray: a44f5bfa5af3793f-TIA
< CF-Cache-Status: REVALIDATED
< ETag: W/"e8a0ceafe867b4a292322a78eafdd969"
< Access-Control-Allow-Origin: *
< Cache-Control: public, max-age=300
< Last-Modified: Wed, 19 Aug 2026 23:07:19 GMT
< Server: cloudflare
< Vary: accept-encoding, accept
< Content-Encoding: br

> HTTP/1.1 GET https://jscdn.tscircuit.com/@tscircuit/flex-utils/0.0.8.tgz
> Connection: keep-alive
> User-Agent: Bun/1.3.9
> Accept: */*
> Host: jscdn.tscircuit.com
> Accept-Encoding: gzip, deflate, br, zstd

[PackageManager] waiting for 117 tasks
    [578.63ms]
Downloaded bpc-graph versions
> HTTP/1.1 GET https://registry.npmjs.org/looks-same
> Accept: application/vnd.npm.install-v1+json; q=1.0, application/json; q=0.8, */*
> Connection: keep-alive
> User-Agent: Bun/1.3.9
> Host: registry.npmjs.org
> Accept-Encoding: gzip, deflate, br, zstd

[PackageManager] waiting for 117 tasks
   - "bpc-graph": "^0.0.57" - bpc-graph@0.0.57
> HTTP/1.1 GET https://jscdn.tscircuit.com/@tscircuit/schematic-trace-solver/0.0.224.tgz
> Connection: keep-alive
> User-Agent: Bun/1.3.9
> Accept: */*
> Host: jscdn.tscircuit.com
> Accept-Encoding: gzip, deflate, br, zstd

[PackageManager] waiting for 116 tasks
    [584.11ms]
Downloaded circuit-to-svg versions
> HTTP/1.1 GET https://registry.npmjs.org/opn
> Accept: application/vnd.npm.install-v1+json; q=1.0, application/json; q=0.8, */*
> Connection: keep-alive
> User-Agent: Bun/1.3.9
> Host: registry.npmjs.org
> Accept-Encoding: gzip, deflate, br, zstd

[PackageManager] waiting for 116 tasks
   - "circuit-to-svg": "^0.0.438" - circuit-to-svg@0.0.438
Enqueue package manifest for download: bun-types
Enqueue package manifest for download: @types/node
[PackageManager] waiting for 117 tasks
    [589.54ms]
Downloaded circuit-json versions
> HTTP/1.1 GET https://registry.npmjs.org/cors
> Accept: application/vnd.npm.install-v1+json; q=1.0, application/json; q=0.8, */*
> Connection: keep-alive
> User-Agent: Bun/1.3.9
> Host: registry.npmjs.org
> Accept-Encoding: gzip, deflate, br, zstd

[PackageManager] waiting for 117 tasks
   - "circuit-json": "^0.0.511" - circuit-json@0.0.511
< 200 OK
< Date: Sat, 03 Oct 2026 22:24:50 GMT
< Content-Type: application/vnd.npm.install-v1+json
< Transfer-Encoding: chunked
< Connection: keep-alive
< set-cookie: __cf_bm=OuOSgtrz45CBcjqinD9aA7wzRVppML7rjwW3kl6.D3Q-1791066290.2851532-1.0.1.1-0aNC3ll85blc89mtHK9Qi5qfr.3mvnR4NTFLiPSNbgq8eCbnPXfISM0HcC8pXydvi.oAOTcEYYrWwfS6nvnCTn6o.HbmqFgx_QsJ7gzF6p7Vsj.f92lZVwNAILRiPH85; HttpOnly; SameSite=None; Secure; Path=/; Domain=npmjs.org; Expires=Sat, 03 Oct 2026 22:54:50 GMT
< set-cookie: _cfuvid=MDVPBgQpS205wnim90puUAvfe5amKaRTwtgqIk.5P6M-1791066290.2851532-1.0.1.1-xaY5Ssm6pJMgzFpj7NdumV3O8bBr_bjgShMhC_39xiE; HttpOnly; SameSite=None; Secure; Path=/; Domain=npmjs.org
< CF-Ray: a44f5bfa4d5751a4-TIA
< CF-Cache-Status: REVALIDATED
< ETag: W/"844a5801aeabb7dd7fcf6a9d6e1556b8"
< Access-Control-Allow-Origin: *
< Cache-Control: public, max-age=300
< Last-Modified: Fri, 02 Oct 2026 11:17:44 GMT
< Server: cloudflare
< Vary: accept-encoding, accept
< Content-Encoding: br

[PackageManager] waiting for 116 tasks
> HTTP/1.1 GET https://registry.npmjs.org/send
> Accept: application/vnd.npm.install-v1+json; q=1.0, application/json; q=0.8, */*
> Connection: keep-alive
> User-Agent: Bun/1.3.9
> Host: registry.npmjs.org
> Accept-Encoding: gzip, deflate, br, zstd

    [596.34ms]
Downloaded calculate-cell-boundaries versions
[PackageManager] waiting for 116 tasks
   - "calculate-cell-boundaries": "^0.0.25" - calculate-cell-boundaries@0.0.25
Enqueue package manifest for download: lucide-react
[PackageManager] waiting for 116 tasks
> HTTP/1.1 GET https://registry.npmjs.org/colors
> Accept: application/vnd.npm.install-v1+json; q=1.0, application/json; q=0.8, */*
> Connection: keep-alive
> User-Agent: Bun/1.3.9
> Host: registry.npmjs.org
> Accept-Encoding: gzip, deflate, br, zstd

    [616.14ms]
Downloaded react-dom versions
< 200 OK
< Date: Sat, 03 Oct 2026 22:24:50 GMT
< Content-Type: application/vnd.npm.install-v1+json
< Transfer-Encoding: chunked
< Connection: keep-alive
< set-cookie: __cf_bm=rXfbkgLh1TCDPLxogisqWm0vOWE_.ukvGve0EoyTDZU-1791066290.2998455-1.0.1.1-X5Xpicq5RSoQera.U3bZnxFoN5Ag6uJhiyOxgaFWnzdPSuXA6rKflJ9Qf6ekMQwJbYiETC6R_HEcuRKppDBFrAXNBDfZ4RDuFJRYwlZQd5LlEFBpcXvINgsSuqDEayxb; HttpOnly; SameSite=None; Secure; Path=/; Domain=npmjs.org; Expires=Sat, 03 Oct 2026 22:54:50 GMT
< set-cookie: _cfuvid=9Vwfu_dfug8ttrIsCCGdP5HW7nb80rooLnJxrKhAxyU-1791066290.2998455-1.0.1.1-itnUlUofxSSAC7G0vBzsiCbcsRq7G8d5jB4.Pwgi01A; HttpOnly; SameSite=None; Secure; Path=/; Domain=npmjs.org
< CF-Ray: a44f5bfa5e999b00-TIA
< CF-Cache-Status: REVALIDATED
< ETag: W/"019180abc1c479305a44a1eb6be20014"
< Access-Control-Allow-Origin: *
< Cache-Control: public, max-age=300
< Last-Modified: Fri, 02 Oct 2026 18:44:17 GMT
< Server: cloudflare
< Vary: accept-encoding, accept
< Content-Encoding: br

[PackageManager] waiting for 116 tasks
    [622.44ms]
Downloaded react versions
> HTTP/1.1 GET https://registry.npmjs.org/morgan
> Accept: application/vnd.npm.install-v1+json; q=1.0, application/json; q=0.8, */*
> Connection: keep-alive
> User-Agent: Bun/1.3.9
> Host: registry.npmjs.org
> Accept-Encoding: gzip, deflate, br, zstd

[PackageManager] waiting for 116 tasks
    [625.73ms]
Downloaded circuit-json-to-gltf versions
> HTTP/1.1 GET https://registry.npmjs.org/connect
> Accept: application/vnd.npm.install-v1+json; q=1.0, application/json; q=0.8, */*
> Connection: keep-alive
> User-Agent: Bun/1.3.9
> Host: registry.npmjs.org
> Accept-Encoding: gzip, deflate, br, zstd

[PackageManager] waiting for 116 tasks
   - "circuit-json-to-gltf": "^0.0.141" - circuit-json-to-gltf@0.0.141
Enqueue package manifest for download: earcut
Enqueue package manifest for download: jscad-planner
Enqueue package manifest for download: jscad-to-gltf
Enqueue package manifest for download: occt-import-js
Enqueue package manifest for download: @jscad/modeling
Enqueue package manifest for download: jscad-electronics
[PackageManager] waiting for 121 tasks
   - "react-dom": "^19.1.0" - react-dom@19.3.0
   - "react-dom": "^18.3.1" - react-dom@18.3.1
Enqueue package manifest for download: scheduler
Enqueue package manifest for download: loose-envify
[PackageManager] waiting for 122 tasks
   - "react": "^19.1.0" - react@19.3.0
   - "react": "^18.3.1" - react@18.3.1
> HTTP/1.1 GET https://api.github.com/repos/tscircuit/winding-breakout-point-solver/tarball/202dbe9eb0088633b6fa094120dba6f2f41f8803
> Connection: keep-alive
> User-Agent: Bun/1.3.9
> Accept: */*
> Host: api.github.com
> Accept-Encoding: gzip, deflate, br, zstd

> HTTP/1.1 GET https://api.github.com/repos/tscircuit/ti/tarball/57e314be4b2b06bc546d4def7453e619604d1157
> Connection: keep-alive
> User-Agent: Bun/1.3.9
> Accept: */*
> Host: api.github.com
> Accept-Encoding: gzip, deflate, br, zstd

> HTTP/1.1 GET https://api.github.com/repos/tscircuit/bga-fanout-solver/tarball/247c835cb8d69b65e53891dcf869731079415b39
> Connection: keep-alive
> User-Agent: Bun/1.3.9
> Accept: */*
> Host: api.github.com
> Accept-Encoding: gzip, deflate, br, zstd

> HTTP/1.1 GET https://api.github.com/repos/tscircuit/jlcpcb-manufacturing-specs/tarball/23260504fceffff2d64bf11720f74e974d1d9321
> Connection: keep-alive
> User-Agent: Bun/1.3.9
> Accept: */*
> Host: api.github.com
> Accept-Encoding: gzip, deflate, br, zstd

> HTTP/1.1 GET https://api.github.com/repos/tscircuit/via-stitch-solver/tarball/64f2ac7781b795bdc0d74ba411988e60767fa653
> Connection: keep-alive
> User-Agent: Bun/1.3.9
> Accept: */*
> Host: api.github.com
> Accept-Encoding: gzip, deflate, br, zstd

> HTTP/1.1 GET https://api.github.com/repos/tscircuit/implicit-copper-pour-solver/tarball/a5cbbda0cd65fd4707c5c1af25779837c25aba92
> Connection: keep-alive
> User-Agent: Bun/1.3.9
> Accept: */*
> Host: api.github.com
> Accept-Encoding: gzip, deflate, br, zstd

< 200 OK
< Date: Sat, 03 Oct 2026 22:24:50 GMT
< Content-Type: application/vnd.npm.install-v1+json
< Transfer-Encoding: chunked
< Connection: keep-alive
< set-cookie: __cf_bm=TywDE2yzMC1ZpN1gKDM5Fie26gugnmVARpTQIww_BxU-1791066290.2897503-1.0.1.1-AvH3wRaVT_rYMYu9iny8150AMy0b37JtXEZmLd1f9fzhhzuuTzz5BxEMUbFT3wzN4qJ6oTpBuHcImYTeQV4AZ0R7UqlQwOdeRZJGSovZvVnGE0uQB74aagjjxEqa1BhM; HttpOnly; SameSite=None; Secure; Path=/; Domain=npmjs.org; Expires=Sat, 03 Oct 2026 22:54:50 GMT
< set-cookie: _cfuvid=AddLb8Q6QmoWVJrDXtTx7x922u8TuRSZHWEgw9SbS6g-1791066290.2897503-1.0.1.1-dA5udkCFJbnfiMwAXJT6brstvm_4cKPOEYNI4mGsRvY; HttpOnly; SameSite=None; Secure; Path=/; Domain=npmjs.org
< CF-Ray: a44f5bfa4ba65f50-TIA
< CF-Cache-Status: HIT
< ETag: W/"6b4f4366a07913d600954892b422bead"
< Access-Control-Allow-Origin: *
< Cache-Control: public, max-age=300
< Last-Modified: Thu, 19 Mar 2026 06:47:30 GMT
< Server: cloudflare
< Vary: accept-encoding, accept
< Content-Encoding: br

< 200 OK
< Date: Sat, 03 Oct 2026 22:24:50 GMT
< Content-Type: application/vnd.npm.install-v1+json
< Transfer-Encoding: chunked
< Connection: keep-alive
< set-cookie: __cf_bm=NL5ia1d7zVb0ncoQsIlFlREYWEnCNeAumiJ2eLG9AdQ-1791066290.2921941-1.0.1.1-BMGlCXK1vsqIqSyH_ZWPuTQ0yJ6UokwptyPLqpAv5aSXGMzlXBZNr_mI.5PgulV98ibYG.kvgfxUM32BxTo7tgcpn_b6LKeO7QVXyFzIYzUx6uqv.PoSOMIwJ0LLYMsx; HttpOnly; SameSite=None; Secure; Path=/; Domain=npmjs.org; Expires=Sat, 03 Oct 2026 22:54:50 GMT
< set-cookie: _cfuvid=1jmiN.hiLsnmqcUEm_CkfEI95cFJH7OFLbiThAmeNyU-1791066290.2921941-1.0.1.1-bQ5tcmxqD.0akiunART.hzaeIzL0nbJa7G0lNgmfRzI; HttpOnly; SameSite=None; Secure; Path=/; Domain=npmjs.org
< CF-Ray: a44f5bfa5bad5f50-TIA
< CF-Cache-Status: HIT
< ETag: W/"56bdc5d18422d0aa9103dd3cafd0e221"
< Access-Control-Allow-Origin: *
< Cache-Control: public, max-age=300
< Last-Modified: Tue, 08 Sep 2026 01:43:22 GMT
< Server: cloudflare
< Vary: accept-encoding, accept
< Content-Encoding: br

[PackageManager] waiting for 121 tasks
    [696.85ms]
Downloaded @types/debug versions
> HTTP/1.1 GET https://registry.npmjs.org/chokidar
> Accept: application/vnd.npm.install-v1+json; q=1.0, application/json; q=0.8, */*
> Connection: keep-alive
> User-Agent: Bun/1.3.9
> Host: registry.npmjs.org
> Accept-Encoding: gzip, deflate, br, zstd

[PackageManager] waiting for 121 tasks
   - "@types/debug": "^4.1.12" - @types/debug@4.1.13
Enqueue package manifest for download: @types/ms
< 200 OK
< Date: Sat, 03 Oct 2026 22:24:50 GMT
< Content-Type: application/vnd.npm.install-v1+json
< Transfer-Encoding: chunked
< Connection: keep-alive
< set-cookie: __cf_bm=jssqh3kSHPOctoV80eIgV2WCqAYbcz_gJDqyOk3_5Xg-1791066290.292906-1.0.1.1-IHUl3.XO0rs25.rgDXKg5Ml4BqYdhwphQG34eUrtBlK8PQN.yDSsg6eAwwzlcn1rknPRdP7i8istkFNDUavCGoRGTV3ct71bcGNokMO1SL93_Q0WIEdJ9e4HgOz857xE; HttpOnly; SameSite=None; Secure; Path=/; Domain=npmjs.org; Expires=Sat, 03 Oct 2026 22:54:50 GMT
< set-cookie: _cfuvid=3HTA1BGcFDS2sz8OWpIUSdeILgwQuM9Vq9q.O9jGmBQ-1791066290.292906-1.0.1.1-GCceKOVefq6AcUM0zVY_btLwRi816lAiWvu4JB_l99o; HttpOnly; SameSite=None; Secure; Path=/; Domain=npmjs.org
< CF-Ray: a44f5bfa5cc8bd99-TIA
< CF-Cache-Status: HIT
< ETag: W/"8225c7ef82b09cda73109f6fc1432e94"
< Access-Control-Allow-Origin: *
< Cache-Control: public, max-age=300
< Last-Modified: Wed, 09 Sep 2026 18:07:53 GMT
< Server: cloudflare
< Vary: accept-encoding, accept
< Content-Encoding: br

< 200 OK
< Date: Sat, 03 Oct 2026 22:24:50 GMT
< Content-Type: application/vnd.npm.install-v1+json
< Transfer-Encoding: chunked
< Connection: keep-alive
< set-cookie: __cf_bm=S8hBk1g9kBAXdUzPpOROw4dnj4lbTgSZsrmvwofKpxI-1791066290.2955456-1.0.1.1-cJH0VxZTD_rJX4MP57kL0XdnXsAwGi00ZqMhtBjBwYHrdscyBBb3tIEvw19GEhN75R2cw.2GYTz8lAfiKmPgdiPLEDngqQe4py1tepA0NwDpwFs6bat5_dnsGSvap3Ly; HttpOnly; SameSite=None; Secure; Path=/; Domain=npmjs.org; Expires=Sat, 03 Oct 2026 22:54:50 GMT
< set-cookie: _cfuvid=d8RS09VN7G2DCf8GoTXU9ZJOxCskrr.L1WleqMV_VvU-1791066290.2955456-1.0.1.1-o5X7wp6lCQTRiPUfwvh1YXKL6L.p.SJZoTYFFrh1upY; HttpOnly; SameSite=None; Secure; Path=/; Domain=npmjs.org
< CF-Ray: a44f5bfa59447c08-TIA
< CF-Cache-Status: HIT
< ETag: W/"71ced443bfe2fbbad7037a7b9c296eda"
< Access-Control-Allow-Origin: *
< Cache-Control: public, max-age=300
< Last-Modified: Tue, 29 Sep 2026 05:38:55 GMT
< Server: cloudflare
< Vary: accept-encoding, accept
< Content-Encoding: br

[PackageManager] waiting for 121 tasks
< 200 OK
< Date: Sat, 03 Oct 2026 22:24:50 GMT
< Content-Type: application/vnd.npm.install-v1+json
< Transfer-Encoding: chunked
< Connection: keep-alive
< set-cookie: __cf_bm=0H6PPnIIGXRpbpccuk.97s3U.280hN2v4TpeOxdAOJI-1791066290.4842257-1.0.1.1-GDKkpM9zegQLBJYupsoBoQthovUB1AfyYT0t9.E8Fr3PorBpYPOajV7UFtdzQn6rM7gGyZUqc5kVi965zsoHnGL.IQ0jUBmEkntI6Nhk8yCuDFEzD68eoPtM15PaYF1w; HttpOnly; SameSite=None; Secure; Path=/; Domain=npmjs.org; Expires=Sat, 03 Oct 2026 22:54:50 GMT
< set-cookie: _cfuvid=Xugx2uKunfy_L7DMI8hLngnETwdsEnkF0e6DiyCAZtI-1791066290.4842257-1.0.1.1-8jmrf3SSxJViFsO7vyvMBpyNVc303HJ8fbqtGTnLvh0; HttpOnly; SameSite=None; Secure; Path=/; Domain=npmjs.org
< CF-Ray: a44f5bfb8a5d7c08-TIA
< CF-Cache-Status: HIT
< ETag: W/"14d11c3d0830906638c469cd23315a3a"
< Access-Control-Allow-Origin: *
< Cache-Control: public, max-age=300
< Last-Modified: Sun, 22 Mar 2026 22:44:28 GMT
< Server: cloudflare
< Vary: accept-encoding, accept
< Content-Encoding: br

    [699.33ms]
Downloaded @types/bun versions
> HTTP/1.1 GET https://registry.npmjs.org/http-auth
> Accept: application/vnd.npm.install-v1+json; q=1.0, application/json; q=0.8, */*
> Connection: keep-alive
> User-Agent: Bun/1.3.9
> Host: registry.npmjs.org
> Accept-Encoding: gzip, deflate, br, zstd

[PackageManager] waiting for 121 tasks
   - "@types/bun": "^1.2.16" - @types/bun@1.4.2
[PackageManager] waiting for 120 tasks
    [702.28ms]
Downloaded @types/react-reconciler versions
> HTTP/1.1 GET https://registry.npmjs.org/serve-index
> Accept: application/vnd.npm.install-v1+json; q=1.0, application/json; q=0.8, */*
> Connection: keep-alive
> User-Agent: Bun/1.3.9
> Host: registry.npmjs.org
> Accept-Encoding: gzip, deflate, br, zstd

[PackageManager] waiting for 120 tasks
   - "@types/react-reconciler": "^0.28.9" - @types/react-reconciler@0.28.9
[PackageManager] waiting for 119 tasks
    [205.62ms]
Downloaded css-select versions
> HTTP/1.1 GET https://registry.npmjs.org/event-stream
> Accept: application/vnd.npm.install-v1+json; q=1.0, application/json; q=0.8, */*
> Connection: keep-alive
> User-Agent: Bun/1.3.9
> Host: registry.npmjs.org
> Accept-Encoding: gzip, deflate, br, zstd

< 200 OK
< Date: Sat, 03 Oct 2026 22:24:50 GMT
< Content-Type: application/vnd.npm.install-v1+json
< Transfer-Encoding: chunked
< Connection: keep-alive
< set-cookie: __cf_bm=b2_g_WDICVz5dcF7D1x_EDhlNYWS0LG29vxW0yrssuQ-1791066290.2995126-1.0.1.1-t7z8surGRFKGCGmIJN1ipG1OaIDgdHPd2YeuwLuUdfDT3FMRUWUcq4f3uQN5hpn8lrJ3x277dQLheWlfaD29itvhTOfeBvJf5MBYaZOn0g4BjHOLj4QPbwU53foss1ay; HttpOnly; SameSite=None; Secure; Path=/; Domain=npmjs.org; Expires=Sat, 03 Oct 2026 22:54:50 GMT
< set-cookie: _cfuvid=GQ12TW8MCEYrb0byxoCiQwyahYb6ChX.f659qTplfPw-1791066290.2995126-1.0.1.1-c90IXiVaaS.57zucbynLY5QkELhe7szvn8.awNHBJlc; HttpOnly; SameSite=None; Secure; Path=/; Domain=npmjs.org
< CF-Ray: a44f5bfa594c7c08-TIA
< CF-Cache-Status: HIT
< ETag: W/"4981200f5ab1776f4f3ac102339ac378"
< Access-Control-Allow-Origin: *
< Cache-Control: public, max-age=300
< Last-Modified: Wed, 09 Sep 2026 18:08:52 GMT
< Server: cloudflare
< Vary: accept-encoding, accept
< Content-Encoding: br

[PackageManager] waiting for 119 tasks
   - "css-select": "5.1.0" - css-select@5.1.0
Enqueue package manifest for download: boolbase
Enqueue package manifest for download: css-what
Enqueue package manifest for download: domutils
Enqueue package manifest for download: nth-check
Enqueue package manifest for download: domhandler
< 200 OK
< Date: Sat, 03 Oct 2026 22:24:50 GMT
< Content-Type: application/vnd.npm.install-v1+json
< Transfer-Encoding: chunked
< Connection: keep-alive
< set-cookie: __cf_bm=UDpwdEgFXSBsrq_zuxCROKhAUogFykj54odwC9swups-1791066290.4955294-1.0.1.1-Ay4tIUz371e4hwDYB9LvbqNx3isZEp1DlNWq2hXg7YsjECaQnhLRR80prVzCYgTeEotiedvu.R.__1SJDMfTx4gLThksr27JktB81lndRC1RODv5qeTl_mUYZfOQ1ScG; HttpOnly; SameSite=None; Secure; Path=/; Domain=npmjs.org; Expires=Sat, 03 Oct 2026 22:54:50 GMT
< set-cookie: _cfuvid=Q9n4oAPxmdPYDRUFq0.dyMz7HWv7eT.W_4VPgF1nMPM-1791066290.4955294-1.0.1.1-0AyMNBRniNbQA3a5KOqBW_Xt_HAJ5QCIBYUiSVTGmlU; HttpOnly; SameSite=None; Secure; Path=/; Domain=npmjs.org
< CF-Ray: a44f5bfb98479b00-TIA
< CF-Cache-Status: HIT
< ETag: W/"7bece62420e67de9137cac472e906cde"
< Access-Control-Allow-Origin: *
< Cache-Control: public, max-age=300
< Last-Modified: Thu, 23 Jun 2022 18:23:29 GMT
< Server: cloudflare
< Vary: accept-encoding, accept
< Content-Encoding: br

[PackageManager] waiting for 123 tasks
    [198.87ms]
Downloaded performance-now versions
> HTTP/1.1 GET https://registry.npmjs.org/object-assign
> Accept: application/vnd.npm.install-v1+json; q=1.0, application/json; q=0.8, */*
> Connection: keep-alive
> User-Agent: Bun/1.3.9
> Host: registry.npmjs.org
> Accept-Encoding: gzip, deflate, br, zstd

< 200 OK
< Date: Sat, 03 Oct 2026 22:24:50 GMT
< Content-Type: application/vnd.npm.install-v1+json
< Transfer-Encoding: chunked
< Connection: keep-alive
< set-cookie: __cf_bm=uoevljW1GWyUSNuumlxEtwB9e6CrzemGWZ6A59ZCEsU-1791066290.4954562-1.0.1.1-pMWN0OBjzJ53.Q1rss99nG1Km7KymWe4Q7E9odDQcs5ljAWrnDb9GV.g6w176nbU9Mm0CkTVmQenffwwDFah5XSbpiKVBKVpcIQzO5aW6HfY61Ams.kJde5haxOyaeTL; HttpOnly; SameSite=None; Secure; Path=/; Domain=npmjs.org; Expires=Sat, 03 Oct 2026 22:54:50 GMT
< set-cookie: _cfuvid=IdV_0o8z_KoXuuSXcNdfh1gzQtCtrtGw4KmyiMtlO1E-1791066290.4954562-1.0.1.1-tTf2fWDAqjZVr1IvxqIqMV3ItmfBmoIq7Z0j0LqJVqw; HttpOnly; SameSite=None; Secure; Path=/; Domain=npmjs.org
< CF-Ray: a44f5bfb9a657c08-TIA
< CF-Cache-Status: HIT
< ETag: W/"2f95cbb5888ee3ddcf6a7fee3c68575b"
< Access-Control-Allow-Origin: *
< Cache-Control: public, max-age=300
< Last-Modified: Thu, 10 Sep 2026 18:00:50 GMT
< Server: cloudflare
< Vary: accept-encoding, accept
< Content-Encoding: br

[PackageManager] waiting for 123 tasks
   - "performance-now": "^2.1.0" - performance-now@2.1.0
[PackageManager] waiting for 122 tasks
    [720.32ms]
Downloaded @types/react-dom versions
> HTTP/1.1 GET https://registry.npmjs.org/faye-websocket
> Accept: application/vnd.npm.install-v1+json; q=1.0, application/json; q=0.8, */*
> Connection: keep-alive
> User-Agent: Bun/1.3.9
> Host: registry.npmjs.org
> Accept-Encoding: gzip, deflate, br, zstd

< 200 OK
< Date: Sat, 03 Oct 2026 22:24:50 GMT
< Content-Type: application/vnd.npm.install-v1+json
< Transfer-Encoding: chunked
< Connection: keep-alive
< set-cookie: __cf_bm=9Uhe0c2OoXOdpJu2TDKtF.Tk2X_jA_qboLrhE4VrxHw-1791066290.5011609-1.0.1.1-XOzkQJRyINQQ9NOhCwxbecnUygfz8Mc1NGcXsuWPpvW55itLyfXpZ3F53_5TRG_6GnA1Z_p1udRmiQH3C_OJFojRy4NgzXifIMFCA4WLi2sUcwcdEm11XUEoW41ymw9_; HttpOnly; SameSite=None; Secure; Path=/; Domain=npmjs.org; Expires=Sat, 03 Oct 2026 22:54:50 GMT
< set-cookie: _cfuvid=fAyGxpNt5q87RbB686vJSX2VucyxoA3Cf0Li1EtjBPc-1791066290.5011609-1.0.1.1-jATW78vDWDUiutn8hzz0mGb0o1ybwoOh487NY1vDjmg; HttpOnly; SameSite=None; Secure; Path=/; Domain=npmjs.org
< CF-Ray: a44f5bfbaa6e7c08-TIA
< CF-Cache-Status: HIT
< ETag: W/"f3d0257f0eb483f51823f2c0387f034c"
< Access-Control-Allow-Origin: *
< Cache-Control: public, max-age=300
< Last-Modified: Wed, 02 Sep 2026 07:25:06 GMT
< Server: cloudflare
< Vary: accept-encoding, accept
< Content-Encoding: br

< 200 OK
< Date: Sat, 03 Oct 2026 22:24:50 GMT
< Content-Type: application/vnd.npm.install-v1+json
< Transfer-Encoding: chunked
< Connection: keep-alive
< set-cookie: __cf_bm=VDZj6MVrvk9qsi5Z3WSx6Hl4VQzyINZVssqq6HsBwqU-1791066290.501392-1.0.1.1-Q84Vi7VWLlyhiMReIOmeRBGEXNU6vVEWWWHv99p5nOS8KxE6.MkRya8UPAEibWNn2y8nH85ig0O6Vcq1fdO.QO8q8N8Qj1iyGkcR9AiLFey3WkSNI5gyEi4wwUw4xMX7; HttpOnly; SameSite=None; Secure; Path=/; Domain=npmjs.org; Expires=Sat, 03 Oct 2026 22:54:50 GMT
< set-cookie: _cfuvid=hw9KFyG02zhkTzGnLm10f3iFQ_R3bfXmdILUq5u00dk-1791066290.501392-1.0.1.1-oLHrFWgy6DFUJdU1d4dyU5Gz0nqK3EnhXOCRqb94aaA; HttpOnly; SameSite=None; Secure; Path=/; Domain=npmjs.org
< CF-Ray: a44f5bfbad03f474-TIA
< CF-Cache-Status: HIT
< ETag: W/"6364297900cb1316d6047d3150d026db"
< Access-Control-Allow-Origin: *
< Cache-Control: public, max-age=300
< Last-Modified: Mon, 18 Aug 2025 15:03:28 GMT
< Server: cloudflare
< Vary: accept-encoding, accept
< Content-Encoding: br

[PackageManager] waiting for 122 tasks
   - "@types/react-dom": "^19.1.6" - @types/react-dom@19.3.0
[PackageManager] waiting for 121 tasks
    [202.60ms]
Downloaded transformation-matrix versions
> HTTP/1.1 GET https://registry.npmjs.org/proxy-middleware
> Accept: application/vnd.npm.install-v1+json; q=1.0, application/json; q=0.8, */*
> Connection: keep-alive
> User-Agent: Bun/1.3.9
> Host: registry.npmjs.org
> Accept-Encoding: gzip, deflate, br, zstd

[PackageManager] waiting for 121 tasks
   - "transformation-matrix": "^2.16.1" - transformation-matrix@2.16.1
   - "transformation-matrix": "^3.0.0" - transformation-matrix@3.1.0
[PackageManager] waiting for 120 tasks
    [213.68ms]
Downloaded nanoid versions
> HTTP/1.1 GET https://registry.npmjs.org/yargs
> Accept: application/vnd.npm.install-v1+json; q=1.0, application/json; q=0.8, */*
> Connection: keep-alive
> User-Agent: Bun/1.3.9
> Host: registry.npmjs.org
> Accept-Encoding: gzip, deflate, br, zstd

[PackageManager] waiting for 120 tasks
   - "nanoid": "^5.0.7" - nanoid@5.1.16
< 200 OK
< Date: Sat, 03 Oct 2026 22:24:50 GMT
< Content-Type: application/vnd.npm.install-v1+json
< Transfer-Encoding: chunked
< Connection: keep-alive
< set-cookie: __cf_bm=lTdGh3vWXn.Ge51jYogJ_YPNWSxpKL1HiktPus_8Nro-1791066290.2846944-1.0.1.1-rtM3LIt1_p5N4eRbawlulb35iySIYQPueh2OXGHyFZkBxmhGmEi7gMh6z__yw8DFQ8Yh4Ukql87Js9LHxINnWIiBptYOb6hT4qENhONY_AL9Xkh7EXF_wl4RgI2IExoY; HttpOnly; SameSite=None; Secure; Path=/; Domain=npmjs.org; Expires=Sat, 03 Oct 2026 22:54:50 GMT
< set-cookie: _cfuvid=woLBBIkUBphgqu3pHpUdpAZ4.0uC0jr8tOYRbomYw14-1791066290.2846944-1.0.1.1-aS9P..fB0smsL_y_2kyRx.MwTFfvO8zit.APUVaGha0; HttpOnly; SameSite=None; Secure; Path=/; Domain=npmjs.org
< CF-Ray: a44f5bfa4b9f5f50-TIA
< CF-Cache-Status: HIT
< ETag: W/"6b1c649a75ad41cbe89503a78f3fd1dc"
< Access-Control-Allow-Origin: *
< Cache-Control: public, max-age=300
< Last-Modified: Wed, 30 Sep 2026 15:23:20 GMT
< Server: cloudflare
< Vary: accept-encoding, accept
< Content-Encoding: br

< 200 OK
< Date: Sat, 03 Oct 2026 22:24:50 GMT
< Content-Type: application/vnd.npm.install-v1+json
< Transfer-Encoding: chunked
< Connection: keep-alive
< set-cookie: __cf_bm=BuFvGU0Nvrr.K6FJciXRx5xCvmwtUMvPC1bvkWwx9u8-1791066290.2796142-1.0.1.1-GQZzrKgOo4a8Fny21mUS5ZShMESVCGw98idp2A3NFis58aw0afPjV3EVpzlzXMGNHRG.FUjUQRNN94hmovOOfq7HIzp3tG_LhyxDT.Mj5acmZRXyYpzh3NARZrMw0XSD; HttpOnly; SameSite=None; Secure; Path=/; Domain=npmjs.org; Expires=Sat, 03 Oct 2026 22:54:50 GMT
< set-cookie: _cfuvid=uRanZ1wNCbn1T9Jc1v6ZRwiy0ruVOZGQJ7Hny8JwAqQ-1791066290.2796142-1.0.1.1-l7mtXfv_.gMEDaKyUgGL1OBquEP55A6dge0OMtp6b9g; HttpOnly; SameSite=None; Secure; Path=/; Domain=npmjs.org
< CF-Ray: a44f5bfa39107c08-TIA
< CF-Cache-Status: HIT
< ETag: W/"89fa4724227b0c0537659633956b900a"
< Access-Control-Allow-Origin: *
< Cache-Control: public, max-age=300
< Last-Modified: Tue, 18 Aug 2026 19:39:24 GMT
< Server: cloudflare
< Vary: accept-encoding, accept
< Content-Encoding: br

< 200 OK
< Date: Sat, 03 Oct 2026 22:24:50 GMT
< Content-Type: application/vnd.npm.install-v1+json
< Transfer-Encoding: chunked
< Connection: keep-alive
< set-cookie: __cf_bm=suuA1ZWnrIdqQ95phcWQz.CaUHL5Ke4ThA2GJTE87rw-1791066290.505637-1.0.1.1-gyoqzTPT.DZUOAQwpbDCKPvw.w6UTMDIjzFpapRnRtWhmcRkk3Q_nXh57xTu4QnG_dOjmKx5mTnM.JXZoe9y8_ETlECdUegLmBmFGwHBfAn77yzEDFoxt7BU2zoepp4U; HttpOnly; SameSite=None; Secure; Path=/; Domain=npmjs.org; Expires=Sat, 03 Oct 2026 22:54:50 GMT
< set-cookie: _cfuvid=mH1ygA_ZttmJMjJDpowJu9roEFO9ox.7IGKpo9b6CRA-1791066290.505637-1.0.1.1-vEWsWFL6l456hQMrBm7SYuBwu1ZA6yb_.TcSDBqZdOI; HttpOnly; SameSite=None; Secure; Path=/; Domain=npmjs.org
< CF-Ray: a44f5bfbabe3793f-TIA
< CF-Cache-Status: HIT
< ETag: W/"0f54638b1a2efd30f5fbcf9f01f047ea"
< Access-Control-Allow-Origin: *
< Cache-Control: public, max-age=300
< Last-Modified: Fri, 02 Oct 2026 16:52:46 GMT
< Server: cloudflare
< Vary: accept-encoding, accept
< Content-Encoding: br

< 200 OK
< Date: Sat, 03 Oct 2026 22:24:50 GMT
< Content-Type: application/vnd.npm.install-v1+json
< Transfer-Encoding: chunked
< Connection: keep-alive
< set-cookie: __cf_bm=S11gdRBfg3kyK291dltUersWVbwL0t2.IFkJYjmVMjc-1791066290.2899852-1.0.1.1-M6ljsLlBw85ytqWGQOEp6kUQ_Y4WsGxqj5pHXAeFxLZnYpSPhjnt9PP6xmb6Ru0tZL4JZZserIY95PBufm34FzuzwSEm.X2q4K6bbmW7CzjD9prv8dYC_cOxXLL8ljGS; HttpOnly; SameSite=None; Secure; Path=/; Domain=npmjs.org; Expires=Sat, 03 Oct 2026 22:54:50 GMT
< set-cookie: _cfuvid=GdfEsxS2GPvM6Iw2Va5cbLECgkuEtl_t7ZgAVH9tzzc-1791066290.2899852-1.0.1.1-KSRa98iZ9UCsIHU8ueTSqthQRsbvvPp1uA84ze_HwZU; HttpOnly; SameSite=None; Secure; Path=/; Domain=npmjs.org
< CF-Ray: a44f5bfa4cc4bd99-TIA
< CF-Cache-Status: HIT
< ETag: W/"9043fe8f1144a92845cbddcc4a1e1e6e"
< Access-Control-Allow-Origin: *
< Cache-Control: public, max-age=300
< Last-Modified: Wed, 19 Aug 2026 21:37:27 GMT
< Server: cloudflare
< Vary: accept-encoding, accept
< Content-Encoding: br

[PackageManager] waiting for 119 tasks
    [818.50ms]
Downloaded @tscircuit/math-utils versions
> HTTP/1.1 GET https://registry.npmjs.org/lodash.debounce
> Accept: application/vnd.npm.install-v1+json; q=1.0, application/json; q=0.8, */*
> Connection: keep-alive
> User-Agent: Bun/1.3.9
> Host: registry.npmjs.org
> Accept-Encoding: gzip, deflate, br, zstd

[PackageManager] waiting for 119 tasks
   - "@tscircuit/math-utils": "^0.0.36" - @tscircuit/math-utils@0.0.36
   - "@tscircuit/math-utils": "^0.0.9" - @tscircuit/math-utils@0.0.9
> HTTP/1.1 GET https://registry.npmjs.org/lodash.throttle
> Accept: application/vnd.npm.install-v1+json; q=1.0, application/json; q=0.8, */*
> Connection: keep-alive
> User-Agent: Bun/1.3.9
> Host: registry.npmjs.org
> Accept-Encoding: gzip, deflate, br, zstd

[PackageManager] waiting for 118 tasks
    [299.58ms]
Downloaded svg-path-commander versions
< 200 OK
< Date: Sat, 03 Oct 2026 22:24:50 GMT
< Content-Type: application/vnd.npm.install-v1+json
< Transfer-Encoding: chunked
< Connection: keep-alive
< set-cookie: __cf_bm=pCezscRohoZK4g8keneY.Xg5MWuoPrnTaxQy2GNFjU8-1791066290.2896593-1.0.1.1-AudJqg_lsZp8SInLi54Yen36adEq.ugh_HlUBWArfuGLe7mIMwZXL6IwuzuKSI20ZQl3gh4ZMp60s34DL4gm6M8wuWNDqVX4FnJXKGqovhMqV6ulQn9uzuev72gVUAfr; HttpOnly; SameSite=None; Secure; Path=/; Domain=npmjs.org; Expires=Sat, 03 Oct 2026 22:54:50 GMT
< set-cookie: _cfuvid=1y7MnEZQvx3fbpM2FbbtNOst.BNVNCp9C6xaJ3lMJZc-1791066290.2896593-1.0.1.1-u_btI9SyM4ME_vdvWY6W.h9DBga1iofRwEdSd4wEfwA; HttpOnly; SameSite=None; Secure; Path=/; Domain=npmjs.org
< CF-Ray: a44f5bfa4ba85f50-TIA
< CF-Cache-Status: HIT
< ETag: W/"9ed7a4bbde3e62346570eec2c74e00aa"
< Access-Control-Allow-Origin: *
< Cache-Control: public, max-age=300
< Last-Modified: Wed, 28 Jan 2026 07:06:52 GMT
< Server: cloudflare
< Vary: accept-encoding, accept
< Content-Encoding: br

[PackageManager] waiting for 118 tasks
    [820.23ms]
Downloaded @biomejs/biome versions
> HTTP/1.1 GET https://registry.npmjs.org/rxjs
> Accept: application/vnd.npm.install-v1+json; q=1.0, application/json; q=0.8, */*
> Connection: keep-alive
> User-Agent: Bun/1.3.9
> Host: registry.npmjs.org
> Accept-Encoding: gzip, deflate, br, zstd

< 200 OK
< Date: Sat, 03 Oct 2026 22:24:50 GMT
< Content-Type: application/vnd.npm.install-v1+json
< Transfer-Encoding: chunked
< Connection: keep-alive
< set-cookie: __cf_bm=y..fZI1Bl.vXhKPW8IDw1TRTy9IVUBRBOQslIZL8KAI-1791066290.2848914-1.0.1.1-ra96kaTAhtlzf2tlJx1qdnRfaThCXCkIicdBy5hlT7ggn6dx61yNXoJtglp9yDlxPJd_DdZI2r9Zv42u80qHT4PlwRPDgc33F0EfLmg0nLhmmpsy1iWpo17wSEZ6ABkl; HttpOnly; SameSite=None; Secure; Path=/; Domain=npmjs.org; Expires=Sat, 03 Oct 2026 22:54:50 GMT
< set-cookie: _cfuvid=tjHducxAOnihGAXYBLv72o7ZiaxhaLcQV0Y8ygxeZSU-1791066290.2848914-1.0.1.1-vw0prEa.7UXp5D7mW3d7YCyV5Yko1DBuNiD2h2yQFBc; HttpOnly; SameSite=None; Secure; Path=/; Domain=npmjs.org
< CF-Ray: a44f5bfa4e4e9b00-TIA
< CF-Cache-Status: HIT
< ETag: W/"5908c8a389ce59922af03870fb4e5e12"
< Access-Control-Allow-Origin: *
< Cache-Control: public, max-age=300
< Last-Modified: Tue, 17 Sep 2024 18:44:51 GMT
< Server: cloudflare
< Vary: accept-encoding, accept
< Content-Encoding: br

[PackageManager] waiting for 118 tasks
    [820.28ms]
Downloaded @lume/kiwi versions
[PackageManager] waiting for 118 tasks
    [820.48ms]
Downloaded @flatten-js/core versions
[PackageManager] waiting for 118 tasks
< 200 OK
< Date: Sat, 03 Oct 2026 22:24:50 GMT
< Content-Type: application/vnd.npm.install-v1+json
< Transfer-Encoding: chunked
< Connection: keep-alive
< set-cookie: __cf_bm=wAhK3noBNWqS_4c0vDf2Pxlwg3OAX48HAoFGszF8UoA-1791066290.500996-1.0.1.1-NfXj9qGh3.3AMExtzM8_BPmcAeWPS8XBUKhqMgRxj1Lqi.Mcn9fPmqqP3efiuuX4rbnkpQ1V7T3L11d1pvlTSI9FDws7GTKdNQfYS_FWT.wmdCXajFF5dtrhPmneOCOf; HttpOnly; SameSite=None; Secure; Path=/; Domain=npmjs.org; Expires=Sat, 03 Oct 2026 22:54:50 GMT
< set-cookie: _cfuvid=sYn7pHcVfx1FzJLcrKableZ1L9U110eTF47JEJ.T0lM-1791066290.500996-1.0.1.1-zH5QC3nWFEQxN9RIPXAoVkTcW2R3_6ujogSc_wtshCg; HttpOnly; SameSite=None; Secure; Path=/; Domain=npmjs.org
< CF-Ray: a44f5bfba8539b00-TIA
< CF-Cache-Status: HIT
< ETag: W/"be59e9771dcbf53d6df43948b53c2714"
< Access-Control-Allow-Origin: *
< Cache-Control: public, max-age=300
< Last-Modified: Fri, 02 Oct 2026 17:47:29 GMT
< Server: cloudflare
< Vary: accept-encoding, accept
< Content-Encoding: br

   - "@lume/kiwi": "^0.4.3" - @lume/kiwi@0.4.4
< 200 OK
< Date: Sat, 03 Oct 2026 22:24:50 GMT
< Content-Type: application/vnd.npm.install-v1+json
< Transfer-Encoding: chunked
< Connection: keep-alive
< set-cookie: __cf_bm=MChn7U6MjeUSYoWaKu_3A6B7fmO9NJpeoT4oacTiz3g-1791066290.4898212-1.0.1.1-yhDZKTiG7E98WJxnzvYnqSQQP10McOYzhP2Gn4g06GYKpRPnpz2gmE23UqecoSlV32i52MI_WzyXK1UMBmumFQ8NNK2VmSM1CDAcgJajraGQscSM.hGQGaGO8eCsiv7E; HttpOnly; SameSite=None; Secure; Path=/; Domain=npmjs.org; Expires=Sat, 03 Oct 2026 22:54:50 GMT
< set-cookie: _cfuvid=5J7hiprQikppjPJuWoeM8WSAm9p.zRZZd9BsDzjSIoQ-1791066290.4898212-1.0.1.1-4UwKgnYOewOr3ywBoGHJn684V81L8.Qke.FyWPr1tkA; HttpOnly; SameSite=None; Secure; Path=/; Domain=npmjs.org
< CF-Ray: a44f5bfb8ca75f50-TIA
< CF-Cache-Status: REVALIDATED
< ETag: W/"567b57564487dd156c775b02671c76ee"
< Access-Control-Allow-Origin: *
< Cache-Control: public, max-age=300
< Last-Modified: Wed, 19 Aug 2026 21:37:20 GMT
< Server: cloudflare
< Vary: accept-encoding, accept
< Content-Encoding: br

[PackageManager] waiting for 117 tasks
    [820.62ms]
Downloaded @resvg/resvg-js versions
    [314.59ms]
Downloaded format-si-unit versions
> HTTP/1.1 GET https://registry.npmjs.org/chalk
> Accept: application/vnd.npm.install-v1+json; q=1.0, application/json; q=0.8, */*
> Connection: keep-alive
> User-Agent: Bun/1.3.9
> Host: registry.npmjs.org
> Accept-Encoding: gzip, deflate, br, zstd

> HTTP/1.1 GET https://registry.npmjs.org/tree-kill
> Accept: application/vnd.npm.install-v1+json; q=1.0, application/json; q=0.8, */*
> Connection: keep-alive
> User-Agent: Bun/1.3.9
> Host: registry.npmjs.org
> Accept-Encoding: gzip, deflate, br, zstd

> HTTP/1.1 GET https://registry.npmjs.org/shell-quote
> Accept: application/vnd.npm.install-v1+json; q=1.0, application/json; q=0.8, */*
> Connection: keep-alive
> User-Agent: Bun/1.3.9
> Host: registry.npmjs.org
> Accept-Encoding: gzip, deflate, br, zstd

   - "svg-path-commander": "^2.1.11" - svg-path-commander@2.3.3
Enqueue package manifest for download: @thednp/dommatrix
> HTTP/1.1 GET https://registry.npmjs.org/supports-color
> Accept: application/vnd.npm.install-v1+json; q=1.0, application/json; q=0.8, */*
> Connection: keep-alive
> User-Agent: Bun/1.3.9
> Host: registry.npmjs.org
> Accept-Encoding: gzip, deflate, br, zstd

[PackageManager] waiting for 117 tasks
[PackageManager] waiting for 117 tasks
   - "format-si-unit": "^0.0.12" - format-si-unit@0.0.12
[PackageManager] waiting for 116 tasks
   - "@resvg/resvg-js": "^2.6.2" - @resvg/resvg-js@2.6.2
Enqueue package manifest for download: @resvg/resvg-js-darwin-x64
Enqueue package manifest for download: @resvg/resvg-js-darwin-arm64
Enqueue package manifest for download: @resvg/resvg-js-android-arm64
Enqueue package manifest for download: @resvg/resvg-js-linux-x64-gnu
Enqueue package manifest for download: @resvg/resvg-js-linux-x64-musl
Enqueue package manifest for download: @resvg/resvg-js-win32-x64-msvc
Enqueue package manifest for download: @resvg/resvg-js-linux-arm64-gnu
Enqueue package manifest for download: @resvg/resvg-js-win32-ia32-msvc
Enqueue package manifest for download: @resvg/resvg-js-android-arm-eabi
Enqueue package manifest for download: @resvg/resvg-js-linux-arm64-musl
Enqueue package manifest for download: @resvg/resvg-js-win32-arm64-msvc
Enqueue package manifest for download: @resvg/resvg-js-linux-arm-gnueabihf
[PackageManager] waiting for 127 tasks
   - "@biomejs/biome": "^1.8.3" - @biomejs/biome@1.9.4
Enqueue package manifest for download: @biomejs/cli-linux-x64
Enqueue package manifest for download: @biomejs/cli-win32-x64
Enqueue package manifest for download: @biomejs/cli-darwin-x64
Enqueue package manifest for download: @biomejs/cli-linux-arm64
Enqueue package manifest for download: @biomejs/cli-win32-arm64
Enqueue package manifest for download: @biomejs/cli-darwin-arm64
Enqueue package manifest for download: @biomejs/cli-linux-x64-musl
Enqueue package manifest for download: @biomejs/cli-linux-arm64-musl
< 200 OK
< Date: Sat, 03 Oct 2026 22:24:50 GMT
< Content-Type: application/vnd.npm.install-v1+json
< Transfer-Encoding: chunked
< Connection: keep-alive
< set-cookie: __cf_bm=gcpgCoPUhJOAfjhTUr6ehUxx6isUTpv6QPe3EWxwudo-1791066290.2795336-1.0.1.1-Dc6oH6K_Jw5IOD8NGuiWkwEkEw9sCDOwEmF.6t2eop_mM72BhLNxEnSr92x3MBSpp4cUoPjAMmkgcFX4wlnneXbyQj1AopkCUyErsB8XPyOvoqyAHtuuNISQRYKgssGJ; HttpOnly; SameSite=None; Secure; Path=/; Domain=npmjs.org; Expires=Sat, 03 Oct 2026 22:54:50 GMT
< set-cookie: _cfuvid=y.Fov_amWZ4e.3u5UQpsGbFyihKSkwJHQIsQcdFHb5I-1791066290.2795336-1.0.1.1-On_DnSGN_4QFfq7sF9wnf8qTRofwr5cZ1.EuFHKVYQw; HttpOnly; SameSite=None; Secure; Path=/; Domain=npmjs.org
< CF-Ray: a44f5bfa3e459b00-TIA
< CF-Cache-Status: HIT
< ETag: W/"5d45b4f154102524f81d78aa1bdfa043"
< Access-Control-Allow-Origin: *
< Cache-Control: public, max-age=300
< Last-Modified: Sat, 03 Oct 2026 17:33:19 GMT
< Server: cloudflare
< Vary: accept-encoding, accept
< Content-Encoding: br

< 200 OK
< Date: Sat, 03 Oct 2026 22:24:50 GMT
< Content-Type: application/vnd.npm.install-v1+json
< Transfer-Encoding: chunked
< Connection: keep-alive
< set-cookie: __cf_bm=kLvAkc8vAlPHRVv9Jn.CxnbHi_06PTYFFC4rspJFgFo-1791066290.5476203-1.0.1.1-XwQD.istiBCh94Hy8JyUbNEEB4w9GU36UygWqtVrXWCCgOqExZ.kJBBlhw.H.e3TsILJs.qG21lZFDVEMFJlmzD2Q0ZZgbCljs57i3Y8E23DPCAg5gqYoZZSmDdhooxx; HttpOnly; SameSite=None; Secure; Path=/; Domain=npmjs.org; Expires=Sat, 03 Oct 2026 22:54:50 GMT
< set-cookie: _cfuvid=l7zPQ6XLk8GhsnBvIqNAPhdsR0CUg4AHckx7Tun_m8M-1791066290.5476203-1.0.1.1-y1vwK_qwGebT3aJvn064P7.bLttW1ThEftS0JgY2Tz4; HttpOnly; SameSite=None; Secure; Path=/; Domain=npmjs.org
< CF-Ray: a44f5bfbeeb451a4-TIA
< CF-Cache-Status: HIT
< ETag: W/"49ca12bac611845d471252913e90720c"
< Access-Control-Allow-Origin: *
< Cache-Control: public, max-age=300
< Last-Modified: Mon, 07 Sep 2026 12:58:30 GMT
< Server: cloudflare
< Vary: accept-encoding, accept
< Content-Encoding: br

< 200 OK
< Date: Sat, 03 Oct 2026 22:24:50 GMT
< Content-Type: application/vnd.npm.install-v1+json
< Transfer-Encoding: chunked
< Connection: keep-alive
< set-cookie: __cf_bm=j1ePAak2FQZwjFBQ7bhf6gkRDYO5PXE7nJfrlMVlsz8-1791066290.5479796-1.0.1.1-UOpdngUASh8m4AYx2GALKDaANKCwRaS6nSDETbfj.p3JQNloH46FgXPpx8c6ixxvmq7XnkJmxi4QUqRZXPVbfBARoEtdb4Ng1Qjyd3bBdunWeCOJCvydU7HnEWdljFq6; HttpOnly; SameSite=None; Secure; Path=/; Domain=npmjs.org; Expires=Sat, 03 Oct 2026 22:54:50 GMT
< set-cookie: _cfuvid=3J0JHm6FKYxjliKN_hcbnoIPxpZA4UIy_0sEEnN.ZY0-1791066290.5479796-1.0.1.1-fqg8AzGJ6Y1BkT1_mvSLqRx6DLlNL20qt1Mt7vuf6ko; HttpOnly; SameSite=None; Secure; Path=/; Domain=npmjs.org
< CF-Ray: a44f5bfbec0d793f-TIA
< CF-Cache-Status: HIT
< ETag: W/"e15d9a74a9204af91d01564b2e74febd"
< Access-Control-Allow-Origin: *
< Cache-Control: public, max-age=300
< Last-Modified: Sat, 30 May 2026 19:57:23 GMT
< Server: cloudflare
< Vary: accept-encoding, accept
< Content-Encoding: br

[PackageManager] waiting for 134 tasks
   - "@flatten-js/core": "^1.6.2" - @flatten-js/core@1.6.14
Enqueue package manifest for download: @flatten-js/interval-tree
< 200 OK
< Date: Sat, 03 Oct 2026 22:24:50 GMT
< Content-Type: application/vnd.npm.install-v1+json
< Transfer-Encoding: chunked
< Connection: keep-alive
< set-cookie: __cf_bm=OFSW5Ra_prKpynxcAInj5ZUu5yH0Sz8TbjOpyqHKBnI-1791066290.5477464-1.0.1.1-dbLfmQJv7Mar7I7gXQXMEQkGSrtitrPvstScDM72Q0.FKzkEJ9a2v.YBHVHr7zNkKtLoJzqO9ouMcP9goPNCZ7lSTrOoB2i1XRb_xfuVmNPLkMJCkDhLz19lbllqlpox; HttpOnly; SameSite=None; Secure; Path=/; Domain=npmjs.org; Expires=Sat, 03 Oct 2026 22:54:50 GMT
< set-cookie: _cfuvid=._8drqOTNdmt6AgZGX.9GHgIjf4.mnKM2U1JlTgl3is-1791066290.5477464-1.0.1.1-y2CH.MCji0Gucd6AKEn7_o7C_iyHyaag21.rhKiEtSE; HttpOnly; SameSite=None; Secure; Path=/; Domain=npmjs.org
< CF-Ray: a44f5bfbe8ad9b00-TIA
< CF-Cache-Status: HIT
< ETag: W/"b9e7839a3e93c2f59a72ed0a9b0c8fb0"
< Access-Control-Allow-Origin: *
< Cache-Control: public, max-age=300
< Last-Modified: Fri, 05 Dec 2025 21:10:23 GMT
< Server: cloudflare
< Vary: accept-encoding, accept
< Content-Encoding: br

[PackageManager] waiting for 134 tasks
    [258.29ms]
Downloaded tinyglobby versions
< 200 OK
< Date: Sat, 03 Oct 2026 22:24:50 GMT
< Content-Type: application/vnd.npm.install-v1+json
< Transfer-Encoding: chunked
< Connection: keep-alive
< set-cookie: __cf_bm=nBvowZ3MserQVwuPWRnn9UyWOjRkHJt38NxRrpHzY1A-1791066290.5481658-1.0.1.1-GHg_g.vMUm_zuQ5UdC7FxVuuuDHSDdLssPTmn7yr_lxZkHuL7nUKtCKMlq2Yi9jkmgCpE2jA7pc5yuTK2_LepqOwh9g.2dd7MoSdmTccqxsOJi5hpxiwNGeHYQ1yQacm; HttpOnly; SameSite=None; Secure; Path=/; Domain=npmjs.org; Expires=Sat, 03 Oct 2026 22:54:50 GMT
< set-cookie: _cfuvid=5e9BKo.aQ3pUKYEf0dksOc5mABoWS5_6CUI2KiWNlDg-1791066290.5481658-1.0.1.1-HOfuhVwgvvITkW7aX8m10m9LMbmlGNvi5mEmxhTG8UE; HttpOnly; SameSite=None; Secure; Path=/; Domain=npmjs.org
< CF-Ray: a44f5bfbed30f474-TIA
< CF-Cache-Status: HIT
< ETag: W/"f72d35e1fec6fc692930a34805173eee"
< Access-Control-Allow-Origin: *
< Cache-Control: public, max-age=300
< Last-Modified: Fri, 06 Mar 2026 15:15:40 GMT
< Server: cloudflare
< Vary: accept-encoding, accept
< Content-Encoding: br

> HTTP/1.1 GET https://registry.npmjs.org/flatqueue
> Accept: application/vnd.npm.install-v1+json; q=1.0, application/json; q=0.8, */*
> Connection: keep-alive
> User-Agent: Bun/1.3.9
> Host: registry.npmjs.org
> Accept-Encoding: gzip, deflate, br, zstd

< 200 OK
< Date: Sat, 03 Oct 2026 22:24:50 GMT
< Content-Type: application/vnd.npm.install-v1+json
< Transfer-Encoding: chunked
< Connection: keep-alive
< set-cookie: __cf_bm=zS0q00ZqrnbQdfFtGRC5ecL9BIotzsUJ93ZqnZ6Xn84-1791066290.5476735-1.0.1.1-ybX8eMQFEEH3eqUuS06Z4ZIBDyVGq6fNjjr5CemHSnhfYjkjwR8UYlBvLIMSQMnEr1Z8.LiHqLp7MoZ_IaTnqLWwRYBb8aUjLcQAeaUiPgaZNoJrrNUp2ZPc1vVZrWMs; HttpOnly; SameSite=None; Secure; Path=/; Domain=npmjs.org; Expires=Sat, 03 Oct 2026 22:54:50 GMT
< set-cookie: _cfuvid=knTrEB8psEYIvnOoo62oDy9Bd_o1n2m1o7z.LlVzOMw-1791066290.5476735-1.0.1.1-b.kpc6Jf8TaslCtIQWRmikvbX8xxR_DKVMu0WdI84Do; HttpOnly; SameSite=None; Secure; Path=/; Domain=npmjs.org
< CF-Ray: a44f5bfbe8ac9b00-TIA
< CF-Cache-Status: HIT
< ETag: W/"e6ff8ca038b413a9fec7c62cd387d4f4"
< Access-Control-Allow-Origin: *
< Cache-Control: public, max-age=300
< Last-Modified: Fri, 02 Oct 2026 12:24:56 GMT
< Server: cloudflare
< Vary: accept-encoding, accept
< Content-Encoding: br

[PackageManager] waiting for 134 tasks
   - "tinyglobby": "^0.2.9" - tinyglobby@0.2.17
Enqueue package manifest for download: fdir
Enqueue package manifest for download: picomatch
[PackageManager] waiting for 135 tasks
    [262.00ms]
Downloaded pkg-types versions
> HTTP/1.1 GET https://registry.npmjs.org/svgson
> Accept: application/vnd.npm.install-v1+json; q=1.0, application/json; q=0.8, */*
> Connection: keep-alive
> User-Agent: Bun/1.3.9
> Host: registry.npmjs.org
> Accept-Encoding: gzip, deflate, br, zstd

[PackageManager] waiting for 135 tasks
    [259.51ms]
Downloaded query-registry versions
[PackageManager] waiting for 135 tasks
   - "pkg-types": "^1.1.1" - pkg-types@1.3.1
Enqueue package manifest for download: mlly
Enqueue package manifest for download: pathe
Enqueue package manifest for download: confbox
[PackageManager] waiting for 137 tasks
    [259.67ms]
Downloaded isbinaryfile versions
< 200 OK
< Date: Sat, 03 Oct 2026 22:24:50 GMT
< Content-Type: application/octet-stream
< Content-Length: 9797
< Connection: keep-alive
< Report-To: {"group":"cf-nel","max_age":604800,"endpoints":[{"url":"https://a.nel.cloudflare.com/report/v4?s=ZjSpKL4Z7H3icItds6Ub3ObShrZ%2BZbuph%2Ft1HmHH5TVQ%2FUbEkFMWKkdpS8LsUPb%2FaqnhAC%2F1Jd%2BCSQ09cQbSBZU6xMpzWgfs4vlCFe2Z3tkF%2FVYJSgVC%2F9LF%2BqcdfCtpnjLTr98%3D"}]}
< Nel: {"report_to":"cf-nel","success_fraction":0.0,"max_age":604800}
< Server: cloudflare
< CF-RAY: a44f5bfbdcec5f50-TIA

> HTTP/1.1 GET https://registry.npmjs.org/fast-png
> Accept: application/vnd.npm.install-v1+json; q=1.0, application/json; q=0.8, */*
> Connection: keep-alive
> User-Agent: Bun/1.3.9
> Host: registry.npmjs.org
> Accept-Encoding: gzip, deflate, br, zstd

[PackageManager] waiting for 137 tasks
> HTTP/1.1 GET https://registry.npmjs.org/polished
> Accept: application/vnd.npm.install-v1+json; q=1.0, application/json; q=0.8, */*
> Connection: keep-alive
> User-Agent: Bun/1.3.9
> Host: registry.npmjs.org
> Accept-Encoding: gzip, deflate, br, zstd

> HTTP/1.1 GET https://registry.npmjs.org/react-supergrid
> Accept: application/vnd.npm.install-v1+json; q=1.0, application/json; q=0.8, */*
> Connection: keep-alive
> User-Agent: Bun/1.3.9
> Host: registry.npmjs.org
> Accept-Encoding: gzip, deflate, br, zstd

    [290.54ms] Downloaded @tscircuit/dogbone-solver tarball
   - "query-registry": "^3.0.1" - query-registry@3.0.1
   - "isbinaryfile": "^5.0.2" - isbinaryfile@5.0.7
Enqueue package manifest for download: url-join
Enqueue package manifest for download: quick-lru
Enqueue package manifest for download: query-string
Enqueue package manifest for download: zod-package-json
Enqueue package manifest for download: validate-npm-package-name
[PackageManager] waiting for 140 tasks
< 200 OK
< Date: Sat, 03 Oct 2026 22:24:50 GMT
< Content-Type: application/octet-stream
< Content-Length: 293251
< Connection: keep-alive
< Report-To: {"group":"cf-nel","max_age":604800,"endpoints":[{"url":"https://a.nel.cloudflare.com/report/v4?s=DjbmR%2F5AWE3SS1XtkAA0PrPYH09rnL732lexquLu9SKMvOGHMpmu8H5m3PHvMr9NY4lyLwIm05f18E%2FTEb6D8sFsISKtvtcyl%2FzKOPaKw6fWffiUVg5HmsxDQlUv2e6utlDCz7o%3D"}]}
< Nel: {"report_to":"cf-nel","success_fraction":0.0,"max_age":604800}
< Server: cloudflare
< CF-RAY: a44f5bfbe89b9b00-TIA

< 200 OK
< Date: Sat, 03 Oct 2026 22:24:50 GMT
< Content-Type: application/vnd.npm.install-v1+json
< Transfer-Encoding: chunked
< Connection: keep-alive
< set-cookie: __cf_bm=lnGflIJ1DNk531X74nLaJ5ZTYRVS_xudQFQZfuxI78Y-1791066290.5617175-1.0.1.1-fx9_3TbzIgk0sHVmTk6FyXr9hLKaQMthx1klGCWhfg9120448AK2.IbiZ7GxL0P_MQU0gdsoHtGR8MWQKaiJkhyEfkrNOQ9SSBRXjE1EvEY7YkP_7sWPa1bfne9vcLaM; HttpOnly; SameSite=None; Secure; Path=/; Domain=npmjs.org; Expires=Sat, 03 Oct 2026 22:54:50 GMT
< set-cookie: _cfuvid=_XbGel9nPj8aQW8E3FIv21uMXRjU7Ab8r7zCKOnSbKo-1791066290.5617175-1.0.1.1-RxTyoK4_FzIqsmnZkpSApi4kOg2U.m5GMLieXX22rVU; HttpOnly; SameSite=None; Secure; Path=/; Domain=npmjs.org
< CF-Ray: a44f5bfc0c26793f-TIA
< CF-Cache-Status: HIT
< ETag: W/"94a0154fa71260c71c360854c3235581"
< Access-Control-Allow-Origin: *
< Cache-Control: public, max-age=300
< Last-Modified: Mon, 18 Aug 2025 23:20:50 GMT
< Server: cloudflare
< Vary: accept-encoding, accept
< Content-Encoding: br

[PackageManager] waiting for 140 tasks
    [263.83ms]
Downloaded ignore versions
> HTTP/1.1 GET https://registry.npmjs.org/react-router-dom
> Accept: application/vnd.npm.install-v1+json; q=1.0, application/json; q=0.8, */*
> Connection: keep-alive
> User-Agent: Bun/1.3.9
> Host: registry.npmjs.org
> Accept-Encoding: gzip, deflate, br, zstd

[PackageManager] waiting for 140 tasks
    [247.00ms]
Downloaded looks-same versions
< 200 OK
< Date: Sat, 03 Oct 2026 22:24:50 GMT
< Content-Type: application/vnd.npm.install-v1+json
< Transfer-Encoding: chunked
< Connection: keep-alive
< set-cookie: __cf_bm=Uw9tOKqCDrIl6_8sXReVIoiwCUKnl59DYiJswHiuxZU-1791066290.5746632-1.0.1.1-Ievmbc71rz4OZkIMTuvfC2x_sP3J3.lHYsZAr49nvWcpk4kYNG9aRQscfXL4zBNcRmV8FOEatIvRzsRcC_MjvuVJgrmxkOT9Bk2.Pjk05S_VtMpBljIX6t4LKu.1DNpK; HttpOnly; SameSite=None; Secure; Path=/; Domain=npmjs.org; Expires=Sat, 03 Oct 2026 22:54:50 GMT
< set-cookie: _cfuvid=33rPPwZ5ClYmC5kK8r.CwiiQNYSsdeG2i_Wp.sPpx5Y-1791066290.5746632-1.0.1.1-.IpGfCEoLxFuD2H7V2Cgv8nMOh1ly3qIh880ImKlAgg; HttpOnly; SameSite=None; Secure; Path=/; Domain=npmjs.org
< CF-Ray: a44f5bfc1e40bd99-TIA
< CF-Cache-Status: HIT
< ETag: W/"45668cfe4ec0f0a66adc06c2c4518ca4"
< Access-Control-Allow-Origin: *
< Cache-Control: public, max-age=300
< Last-Modified: Thu, 22 Jan 2026 14:41:31 GMT
< Server: cloudflare
< Vary: accept-encoding, accept
< Content-Encoding: br

< 200 OK
< Date: Sat, 03 Oct 2026 22:24:50 GMT
< Content-Type: application/octet-stream
< Content-Length: 12105
< Connection: keep-alive
< Report-To: {"group":"cf-nel","max_age":604800,"endpoints":[{"url":"https://a.nel.cloudflare.com/report/v4?s=E3W%2Fks9yGJhnLU%2FNy%2FTXSovbDbEhKq4gchLnZMYr0cvc9epfU4X3ddBT6qBDQzWkQNViQYoqdzgCH2zPnPSDnjRNzc1yDt1BWM5dj1IHQuSTGDuJf8AHZReOXnZwjXh%2FWllUCKI%3D"}]}
< Nel: {"report_to":"cf-nel","success_fraction":0.0,"max_age":604800}
< Server: cloudflare
< CF-RAY: a44f5bfc0e2bbd99-TIA

< 200 OK
< Date: Sat, 03 Oct 2026 22:24:50 GMT
< Content-Type: application/vnd.npm.install-v1+json
< Transfer-Encoding: chunked
< Connection: keep-alive
< set-cookie: __cf_bm=rMOU_QnUz1WUIGazeQ.tOJlk9tI4yvOLS90AY.E.2mU-1791066290.5849097-1.0.1.1-rwz.3QWcBLzKb.l.EZhHWHrf1GSh_7psrIa9Z7fWpEn31ei1Rv48jKfKLu1rNSka912w.UuJUxs6K_rGWzMOtJYihLr0782dCQyZqgBmBt88zoCFnrtGDutyB2XEGZIt; HttpOnly; SameSite=None; Secure; Path=/; Domain=npmjs.org; Expires=Sat, 03 Oct 2026 22:54:50 GMT
< set-cookie: _cfuvid=lq.H0l.PUGBFa_kcezTQ5m2HueRXAwGYjmkMQ9XveAI-1791066290.5849097-1.0.1.1-l_UtooyMwl7ZmRRqiLp0blKp7UOIZjpt7alKOyTOxGQ; HttpOnly; SameSite=None; Secure; Path=/; Domain=npmjs.org
< CF-Ray: a44f5bfc2f0051a4-TIA
< CF-Cache-Status: HIT
< ETag: W/"a6ac739d2081e3749c8bdbf79edc3313"
< Access-Control-Allow-Origin: *
< Cache-Control: public, max-age=300
< Last-Modified: Mon, 15 Dec 2025 19:36:13 GMT
< Server: cloudflare
< Vary: accept-encoding, accept
< Content-Encoding: br

[PackageManager] waiting for 140 tasks
< 200 OK
< Date: Sat, 03 Oct 2026 22:24:50 GMT
< Content-Type: application/octet-stream
< Content-Length: 177316
< Connection: keep-alive
< Report-To: {"group":"cf-nel","max_age":604800,"endpoints":[{"url":"https://a.nel.cloudflare.com/report/v4?s=fHQSA1SwZqTX2011q74AUXtqPvQRXt0knlzH2D4j%2FNANEmrzFD3Y4DYSxaW7aCx8PLNjF0CgScNQq1SFr1nF%2BapGe%2Bfto42SgExUDFEgb6LW%2FpfBj7HGEhulfwJs0GrOohXsGjw%3D"}]}
< Nel: {"report_to":"cf-nel","success_fraction":0.0,"max_age":604800}
< Server: cloudflare
< CF-RAY: a44f5bfc0e1ea5b3-TIA

    [236.19ms]
Downloaded cors versions
> HTTP/1.1 GET https://registry.npmjs.org/@types%2freact-router-dom
> Accept: application/vnd.npm.install-v1+json; q=1.0, application/json; q=0.8, */*
> Connection: keep-alive
> User-Agent: Bun/1.3.9
> Host: registry.npmjs.org
> Accept-Encoding: gzip, deflate, br, zstd

    [271.33ms] Downloaded @tscircuit/flex-utils tarball
> HTTP/1.1 GET https://registry.npmjs.org/use-mouse-matrix-transform
> Accept: application/vnd.npm.install-v1+json; q=1.0, application/json; q=0.8, */*
> Connection: keep-alive
> User-Agent: Bun/1.3.9
> Host: registry.npmjs.org
> Accept-Encoding: gzip, deflate, br, zstd

> HTTP/1.1 GET https://registry.npmjs.org/@react-hook%2fresize-observer
> Accept: application/vnd.npm.install-v1+json; q=1.0, application/json; q=0.8, */*
> Connection: keep-alive
> User-Agent: Bun/1.3.9
> Host: registry.npmjs.org
> Accept-Encoding: gzip, deflate, br, zstd

   - "ignore": "^5.3.1" - ignore@5.3.2
   - "looks-same": "^9.0.1" - looks-same@9.0.1
Enqueue package manifest for download: sharp
Enqueue package manifest for download: lodash
Enqueue package manifest for download: fs-extra
Enqueue package manifest for download: color-diff
Enqueue package manifest for download: parse-color
Enqueue package manifest for download: js-graph-algorithms
Enqueue package manifest for download: nested-error-stacks
[PackageManager] waiting for 145 tasks
[PackageManager] waiting for 145 tasks
   - "cors": "latest" - cors@2.8.6
Enqueue package manifest for download: vary
[PackageManager] waiting for 145 tasks
    [230.14ms]
Downloaded send versions
> HTTP/1.1 GET https://registry.npmjs.org/ms
> Accept: application/vnd.npm.install-v1+json; q=1.0, application/json; q=0.8, */*
> Connection: keep-alive
> User-Agent: Bun/1.3.9
> Host: registry.npmjs.org
> Accept-Encoding: gzip, deflate, br, zstd

[PackageManager] waiting for 145 tasks
   - "send": "latest" - send@1.2.1
Enqueue package manifest for download: encodeurl
Enqueue package manifest for download: escape-html
Enqueue package manifest for download: etag
Enqueue package manifest for download: fresh
Enqueue package manifest for download: http-errors
Enqueue package manifest for download: mime-types
Enqueue package manifest for download: on-finished
Enqueue package manifest for download: range-parser
Enqueue package manifest for download: statuses
< 200 OK
< Date: Sat, 03 Oct 2026 22:24:50 GMT
< Content-Type: application/vnd.npm.install-v1+json
< Transfer-Encoding: chunked
< Connection: keep-alive
< set-cookie: __cf_bm=g5mpiE6Qoi7vRxu54t9wadoiRJ4HUzD3mDt_Fw7XzJ8-1791066290.6001642-1.0.1.1-NY6Sv3qSujSpjizXbYJlzZohPf1NiOR2SQKT.gtcR4LQin7dFWR.8_NFcQHQHC5Vye8yAkEuGE0H2tMd0MT6FkoxfIXj7pyt7Zj9vAOqyq.lFKV1VgbximrhP.4zqw7m; HttpOnly; SameSite=None; Secure; Path=/; Domain=npmjs.org; Expires=Sat, 03 Oct 2026 22:54:50 GMT
< set-cookie: _cfuvid=bBOfbLn.goWd59RBwmTXOfmU7sgLjOpMwwRusNkK_Ho-1791066290.6001642-1.0.1.1-sFK6DU9NeMa0NDMCTcT52vWCRo_5FNhor0y1iY8BQiM; HttpOnly; SameSite=None; Secure; Path=/; Domain=npmjs.org
< CF-Ray: a44f5bfc3aff7c08-TIA
< CF-Cache-Status: HIT
< ETag: W/"7352f5128c9f3b167443fce43063a9f1"
< Access-Control-Allow-Origin: *
< Cache-Control: public, max-age=300
< Last-Modified: Tue, 09 Sep 2025 12:52:42 GMT
< Server: cloudflare
< Vary: accept-encoding, accept
< Content-Encoding: br

[PackageManager] waiting for 153 tasks
> HTTP/1.1 GET https://registry.npmjs.org/bundle-require
> Accept: application/vnd.npm.install-v1+json; q=1.0, application/json; q=0.8, */*
> Connection: keep-alive
> User-Agent: Bun/1.3.9
> Host: registry.npmjs.org
> Accept-Encoding: gzip, deflate, br, zstd

< 200 OK
< Date: Sat, 03 Oct 2026 22:24:50 GMT
< Content-Type: application/vnd.npm.install-v1+json
< Transfer-Encoding: chunked
< Connection: keep-alive
< set-cookie: __cf_bm=snML0X2YBKeeFJQUUehmIf9bsCDHAtV7TFuiPaND_oM-1791066290.2796938-1.0.1.1-HCcbJrlq7g0GJnURR2h3JWG5mGYXlDYKQ51pIeVQUvevxRIU_s4xtCGy7C7TYd758eBOYfh8KR_nleoc_M5otYomC9Y56B7MlnGuk0AvFvJXMxEMWSptogIdj9a0KOLA; HttpOnly; SameSite=None; Secure; Path=/; Domain=npmjs.org; Expires=Sat, 03 Oct 2026 22:54:50 GMT
< set-cookie: _cfuvid=k1bC59vRppTEMFBcw20i1kTt8mqPqWiUc8cwTLCpovg-1791066290.2796938-1.0.1.1-kcPpqFvbJrUN5CzzIFYytzD3aN1O8fzklyaW8tvrsIE; HttpOnly; SameSite=None; Secure; Path=/; Domain=npmjs.org
< CF-Ray: a44f5bfa3c0bf474-TIA
< CF-Cache-Status: REVALIDATED
< ETag: W/"699d91b432fbe348a85bf8f2d8107e8b"
< Access-Control-Allow-Origin: *
< Cache-Control: public, max-age=300
< Last-Modified: Thu, 20 Aug 2026 00:57:21 GMT
< Server: cloudflare
< Vary: accept-encoding, accept
< Content-Encoding: br

    [210.77ms]
Downloaded colors versions
< 200 OK
< Date: Sat, 03 Oct 2026 22:24:50 GMT
< Content-Type: application/vnd.npm.install-v1+json
< Transfer-Encoding: chunked
< Connection: keep-alive
< set-cookie: __cf_bm=RPB8b5BzHyM2j0bB7A.12HO5v6YY7qVLm4OwDGVJt1s-1791066290.2799275-1.0.1.1-cDT3HIK25MU2LK97UKW0h5yGVKbmlppyT41.Rv395ldAN1YVPw4RQjv1k8qVXwJSrNFnZzeB0Aa0Jh1C2BvL4Bp9_NQksnH4BgRkgNr9CXYIqbESv8Hkyre5JTtD_GNx; HttpOnly; SameSite=None; Secure; Path=/; Domain=npmjs.org; Expires=Sat, 03 Oct 2026 22:54:50 GMT
< set-cookie: _cfuvid=VCs5ootYubpNBeiAgShcXGFBxEf2d5RIfRY6KFLryEY-1791066290.2799275-1.0.1.1-Wef6QusDhScJ.drVRmY3dAxE0NmgJaOD8Y_Sphwm6QU; HttpOnly; SameSite=None; Secure; Path=/; Domain=npmjs.org
< CF-Ray: a44f5bfa3c82a5b3-TIA
< CF-Cache-Status: REVALIDATED
< ETag: W/"5dd6d7ea9b2b155ac09a169d8d439a9e"
< Access-Control-Allow-Origin: *
< Cache-Control: public, max-age=300
< Last-Modified: Sat, 12 Sep 2026 20:59:35 GMT
< Server: cloudflare
< Vary: accept-encoding, accept
< Content-Encoding: br

[PackageManager] waiting for 153 tasks
 dist/index.js
 package.json
 README.md
 dist/index.d.ts
< 200 OK
< Date: Sat, 03 Oct 2026 22:24:50 GMT
< Content-Type: application/vnd.npm.install-v1+json
< Transfer-Encoding: chunked
< Connection: keep-alive
< set-cookie: __cf_bm=AXPyhW9d7IQjJjM56Us..1pQhlnVhEFbJwX9sYrglBU-1791066290.605359-1.0.1.1-2O1vVSw.QuzmZtWMPH3pj3vi1tQoWnwkEAzFuGXyOzGWVr2WqzlBSZ8_7Db7ThlgMFwu6r6aumB3KJ0KoDktOc1Yw.vuP0PdYz9fQI4_YXIzrgD_Wl6gPiDs5liaPjTr; HttpOnly; SameSite=None; Secure; Path=/; Domain=npmjs.org; Expires=Sat, 03 Oct 2026 22:54:50 GMT
< set-cookie: _cfuvid=aEaMShBjBqpfWgmJmkoI.Ws6mfybAfndY2K4PIrGch8-1791066290.605359-1.0.1.1-aJV3MBqsC0sS3OZtA0mouCwaC.LL8r4rXaHZODqVmQA; HttpOnly; SameSite=None; Secure; Path=/; Domain=npmjs.org
< CF-Ray: a44f5bfc4e59a5b3-TIA
< CF-Cache-Status: HIT
< ETag: W/"8caf5722efcf505591cf78387f76adaa"
< Access-Control-Allow-Origin: *
< Cache-Control: public, max-age=300
< Last-Modified: Fri, 11 Sep 2026 08:57:44 GMT
< Server: cloudflare
< Vary: accept-encoding, accept
< Content-Encoding: br

[@tscircuit/flex-utils] Extract .9adb6d4dfbffffa8-00000002.flex-utils (decompressed 12.11 KB tgz file in 39.833us)
[@tscircuit/flex-utils] Extracted to .9adb6d4dfbffffa8-00000002.flex-utils (1.042ms)
    [827.04ms]
Downloaded @tscircuit/krt-wasm versions
    [827.11ms]
Downloaded @tscircuit/alphabet versions
< 200 OK
< Date: Sat, 03 Oct 2026 22:24:50 GMT
< Content-Type: application/vnd.npm.install-v1+json
< Transfer-Encoding: chunked
< Connection: keep-alive
< set-cookie: __cf_bm=zaorKA8u_.nD4suVvynLzJKijzzYg5WBzjVBvfxOsfI-1791066290.2846994-1.0.1.1-T6xRNv4ITjw9HJgHp03Jh_ZhWVCA7lttaMcX0nRqTWIrfNTbVGpnmn2Q7ldu0XV42FSTdtaXGOG3oljULGPjER4N5UvZaTDXzj15WybES7l1MIeJfBenfPUHT7kiqmAY; HttpOnly; SameSite=None; Secure; Path=/; Domain=npmjs.org; Expires=Sat, 03 Oct 2026 22:54:50 GMT
< set-cookie: _cfuvid=PzL4mjbCS8DcXBd_NrBCmKUOo_H6XJrEfaLnIzJLMvk-1791066290.2846994-1.0.1.1-bS55u5uaMOPp200Ib0Pb6EJJXXZz8ii6jeoMFGfsWo8; HttpOnly; SameSite=None; Secure; Path=/; Domain=npmjs.org
< CF-Ray: a44f5bfa4e4c9b00-TIA
< CF-Cache-Status: REVALIDATED
< ETag: W/"e07990909e3189950bc302e868b3e938"
< Access-Control-Allow-Origin: *
< Cache-Control: public, max-age=300
< Last-Modified: Sat, 03 Oct 2026 13:46:36 GMT
< Server: cloudflare
< Vary: accept-encoding, accept
< Content-Encoding: br

   - "colors": "1.4.0" - colors@1.4.0
[PackageManager] waiting for 152 tasks
    [204.69ms]
Downloaded morgan versions
> HTTP/1.1 GET https://registry.npmjs.org/cac
> Accept: application/vnd.npm.install-v1+json; q=1.0, application/json; q=0.8, */*
> Connection: keep-alive
> User-Agent: Bun/1.3.9
> Host: registry.npmjs.org
> Accept-Encoding: gzip, deflate, br, zstd

[PackageManager] waiting for 152 tasks
    [827.28ms]
Downloaded @tscircuit/circuit-json-util versions
> HTTP/1.1 GET https://registry.npmjs.org/consola
> Accept: application/vnd.npm.install-v1+json; q=1.0, application/json; q=0.8, */*
> Connection: keep-alive
> User-Agent: Bun/1.3.9
> Host: registry.npmjs.org
> Accept-Encoding: gzip, deflate, br, zstd

> HTTP/1.1 GET https://registry.npmjs.org/esbuild
> Accept: application/vnd.npm.install-v1+json; q=1.0, application/json; q=0.8, */*
> Connection: keep-alive
> User-Agent: Bun/1.3.9
> Host: registry.npmjs.org
> Accept-Encoding: gzip, deflate, br, zstd

> HTTP/1.1 GET https://registry.npmjs.org/fix-dts-default-cjs-exports
> Accept: application/vnd.npm.install-v1+json; q=1.0, application/json; q=0.8, */*
> Connection: keep-alive
> User-Agent: Bun/1.3.9
> Host: registry.npmjs.org
> Accept-Encoding: gzip, deflate, br, zstd

[PackageManager] waiting for 152 tasks
   - "@tscircuit/krt-wasm": "^0.1.1" - @tscircuit/krt-wasm@0.1.9
[PackageManager] waiting for 151 tasks
   - "morgan": "^1.9.1" - morgan@1.12.1
   - "@tscircuit/alphabet": "0.0.25" - @tscircuit/alphabet@0.0.25
Enqueue package manifest for download: depd
   - "debug": "2.6.9" - debug@2.6.9
Enqueue package manifest for download: basic-auth
Enqueue package manifest for download: on-headers
[PackageManager] waiting for 152 tasks
 LICENSE
 package.json
 README.md
 lib/dogbone-autorouter.ts
 lib/dogbone-fanout-solver.ts
 lib/generic-local-autorouter.ts
 lib/get-via-board-layers.ts
 lib/index.ts
 lib/obstacle.ts
 lib/types.ts
[@tscircuit/dogbone-solver] Extract .1cfb675ffdcea9d4-00000001.dogbone-solver (decompressed 9.80 KB tgz file in 52us)
[@tscircuit/dogbone-solver] Extracted to .1cfb675ffdcea9d4-00000001.dogbone-solver (2.987ms)
[PackageManager] waiting for 151 tasks
   - "@tscircuit/circuit-json-util": "^0.0.118" - @tscircuit/circuit-json-util@0.0.118
Enqueue package manifest for download: parsel-js
< 200 OK
< Date: Sat, 03 Oct 2026 22:24:50 GMT
< Content-Type: application/vnd.npm.install-v1+json
< Transfer-Encoding: chunked
< Connection: keep-alive
< set-cookie: __cf_bm=UTC_8zI0..j4efMQklsh4_VZtAjDcw5KKMORHe3X.W0-1791066290.2897768-1.0.1.1-vFmwDUWB3OqupZRMGXAYhpewaYfBHbZW2x9F98g7sM4kzdHRARldnWgib6h_hIIxujGXgbHL37c_if6aVnoci91fT0vkM7RR863FWhOZoou_dxeKgPS1ErjOMDEDbyU_; HttpOnly; SameSite=None; Secure; Path=/; Domain=npmjs.org; Expires=Sat, 03 Oct 2026 22:54:50 GMT
< set-cookie: _cfuvid=7QsgwEVUfSEP2Mq8Hn0OcknBk_NhXDkVeu1mkPQ2TJQ-1791066290.2897768-1.0.1.1-9jROAE3IXPNUFqIZu5YAKI7R.KkquNB4R2_ugUyCdfc; HttpOnly; SameSite=None; Secure; Path=/; Domain=npmjs.org
< CF-Ray: a44f5bfa4ae6793f-TIA
< CF-Cache-Status: REVALIDATED
< ETag: W/"9adde36acf5a9852638694142b050f91"
< Access-Control-Allow-Origin: *
< Cache-Control: public, max-age=300
< Last-Modified: Wed, 21 May 2025 15:48:42 GMT
< Server: cloudflare
< Vary: accept-encoding, accept
< Content-Encoding: br

[PackageManager] waiting for 150 tasks
    [829.01ms]
Downloaded @tscircuit/infgrid-ijump-astar versions
> HTTP/1.1 GET https://registry.npmjs.org/joycon
> Accept: application/vnd.npm.install-v1+json; q=1.0, application/json; q=0.8, */*
> Connection: keep-alive
> User-Agent: Bun/1.3.9
> Host: registry.npmjs.org
> Accept-Encoding: gzip, deflate, br, zstd

< 200 OK
< Date: Sat, 03 Oct 2026 22:24:50 GMT
< Content-Type: application/vnd.npm.install-v1+json
< Transfer-Encoding: chunked
< Connection: keep-alive
< set-cookie: __cf_bm=uDozqU1xbYAWiWMNjIAyeK19pNWQ6Qma6FXzg.DCo6M-1791066290.6106646-1.0.1.1-OX76LBlTuB8MErsKAtGssWvM4EQsO9SAEVemgc8n9HMecd9wPQX7F2xkiT7YmctGZ3wNXQy9t6Sf1T4y9BLSGyBQwgbYUZNDo.sCDIeGHzGcdXN8VWAb5dj6ZNASmDPk; HttpOnly; SameSite=None; Secure; Path=/; Domain=npmjs.org; Expires=Sat, 03 Oct 2026 22:54:50 GMT
< set-cookie: _cfuvid=3LZWuF3QzFhcD1xzaVhfuVEch1GZE8Tp0X0IYkSp2Vc-1791066290.6106646-1.0.1.1-FjmnUvAQJ8PsHpAOHzgfO8qQZKk9oYCDZ2.ej8lIURQ; HttpOnly; SameSite=None; Secure; Path=/; Domain=npmjs.org
< CF-Ray: a44f5bfc48fd9b00-TIA
< CF-Cache-Status: HIT
< ETag: W/"66a4b8432390633c7389b0efdad2b3b5"
< Access-Control-Allow-Origin: *
< Cache-Control: public, max-age=300
< Last-Modified: Tue, 07 Nov 2023 05:01:00 GMT
< Server: cloudflare
< Vary: accept-encoding, accept
< Content-Encoding: br

[PackageManager] waiting for 150 tasks
   - "@tscircuit/infgrid-ijump-astar": "^0.0.35" - @tscircuit/infgrid-ijump-astar@0.0.35
< 200 OK
< Date: Sat, 03 Oct 2026 22:24:50 GMT
< Content-Type: application/vnd.npm.install-v1+json
< Transfer-Encoding: chunked
< Connection: keep-alive
< set-cookie: __cf_bm=HPbvjVDnTG1TfPPGr_eZcGFWO5N2a7FVpL2ZrIJ8QJw-1791066290.2924192-1.0.1.1-Ee8hDHYqelaQbT3hyB2NKauU3h6iY3Po0vnCySpauc7p_A3W_3P5vVpdFz3x8NsY33501C_Jw4XPIR152WsoG1a3fHTUh8d6D_8kYYodmGTl3rMovLT6gpSuMBKpOrlu; HttpOnly; SameSite=None; Secure; Path=/; Domain=npmjs.org; Expires=Sat, 03 Oct 2026 22:54:50 GMT
< set-cookie: _cfuvid=1gYEIq6E9D_WBJnQ2BNHiy3znYtMdC75WIcnD1v0mEc-1791066290.2924192-1.0.1.1-ApMPqxQrSSH6sBIaPj1y8Kiym.jPMdZn94BMKBcHCcI; HttpOnly; SameSite=None; Secure; Path=/; Domain=npmjs.org
< CF-Ray: a44f5bfa5e639b00-TIA
< CF-Cache-Status: REVALIDATED
< ETag: W/"042fc4e9c55e0285d3e7b502eaa51738"
< Access-Control-Allow-Origin: *
< Cache-Control: public, max-age=300
< Last-Modified: Wed, 19 Aug 2026 22:00:25 GMT
< Server: cloudflare
< Vary: accept-encoding, accept
< Content-Encoding: br

[PackageManager] waiting for 149 tasks
    [831.57ms]
Downloaded @tscircuit/solver-utils versions
> HTTP/1.1 GET https://registry.npmjs.org/picocolors
> Accept: application/vnd.npm.install-v1+json; q=1.0, application/json; q=0.8, */*
> Connection: keep-alive
> User-Agent: Bun/1.3.9
> Host: registry.npmjs.org
> Accept-Encoding: gzip, deflate, br, zstd

[PackageManager] waiting for 149 tasks
   - "@tscircuit/solver-utils": "^0.0.16" - @tscircuit/solver-utils@0.0.16
   - "@tscircuit/solver-utils": "^0.0.19" - @tscircuit/solver-utils@0.0.19
< 200 OK
< Date: Sat, 03 Oct 2026 22:24:50 GMT
< Content-Type: application/vnd.npm.install-v1+json
< Transfer-Encoding: chunked
< Connection: keep-alive
< set-cookie: __cf_bm=Wz2msSsprpnLWxn8D6RwqOWWqWP8E4m8qpB0yHS3I0o-1791066290.292769-1.0.1.1-qKmGxFvaIA5qxYUFXjO9acGq0KZoi8TKExZxTldw9KP_fptwM66uMnwk.bzgN1_9V1KoyCssbvySYqzNQaOU6CeW0G1PxzlqlpoTeo5SDatAc_zv2DQXts.InxnzBa15; HttpOnly; SameSite=None; Secure; Path=/; Domain=npmjs.org; Expires=Sat, 03 Oct 2026 22:54:50 GMT
< set-cookie: _cfuvid=5t_gKettQfLgX2qIt_UHNRSUWTALlGTo11tXFP0DNmk-1791066290.292769-1.0.1.1-QY2_BejfObIwc_a9PiIvbqKWld5tihsweuoJyDFcD_Q; HttpOnly; SameSite=None; Secure; Path=/; Domain=npmjs.org
< CF-Ray: a44f5bfa5c26f474-TIA
< CF-Cache-Status: REVALIDATED
< ETag: W/"7f0bc6f4706d3d191dfefc27ff469cdb"
< Access-Control-Allow-Origin: *
< Cache-Control: public, max-age=300
< Last-Modified: Sat, 03 Oct 2026 21:00:40 GMT
< Server: cloudflare
< Vary: accept-encoding, accept
< Content-Encoding: br

< 200 OK
< Date: Sat, 03 Oct 2026 22:24:50 GMT
< Content-Type: application/vnd.npm.install-v1+json
< Transfer-Encoding: chunked
< Connection: keep-alive
< set-cookie: __cf_bm=bc_xz1XfoaExydeO98SvA0WISHI0zkanAiRU0axYK1I-1791066290.2896757-1.0.1.1-rRFPRvqmrQ5NZY2fSfvZFH2mwHUOfaZumHU_Rc3SISSCV5C3gZLzsWztXSXmE19RtOdSgsoYHfq9VFdgDCXJo8cgc_HGzcydMMsf3VnaWatnF2y51TzGPx1av4TSSBCI; HttpOnly; SameSite=None; Secure; Path=/; Domain=npmjs.org; Expires=Sat, 03 Oct 2026 22:54:50 GMT
< set-cookie: _cfuvid=msrAy81XkEJ2ZnjPXFyZ28OlnygHt5pDovbQM_VVKF4-1791066290.2896757-1.0.1.1-DO1Y1IXyKBoTCDxEPIgqOyuExNaFj7lZh6Frn18NMRw; HttpOnly; SameSite=None; Secure; Path=/; Domain=npmjs.org
< CF-Ray: a44f5bfa492d7c08-TIA
< CF-Cache-Status: REVALIDATED
< ETag: W/"47ddf3df0c38c3455858643bcba7fc1b"
< Access-Control-Allow-Origin: *
< Cache-Control: public, max-age=300
< Last-Modified: Fri, 02 Oct 2026 21:44:57 GMT
< Server: cloudflare
< Vary: accept-encoding, accept
< Content-Encoding: br

< 200 OK
< Date: Sat, 03 Oct 2026 22:24:50 GMT
< Content-Type: application/vnd.npm.install-v1+json
< Transfer-Encoding: chunked
< Connection: keep-alive
< set-cookie: __cf_bm=faYJCJyFCI1oL_XlMykCIvzNrv274pmqW7pWTolfiCY-1791066290.2848673-1.0.1.1-npXGtgx_AN0In72_xvUcrK3CPVkWu68ri6iIRLXs9CxLUZtDu4x6xLw55tOlXS_tQRRYXUjt2i1daR6hcGTqxFuE4TlhbgZLVP5RTudKcGTlfPpTMVmlvfiZW9B9VQ4L; HttpOnly; SameSite=None; Secure; Path=/; Domain=npmjs.org; Expires=Sat, 03 Oct 2026 22:54:50 GMT
< set-cookie: _cfuvid=oDWzQS66x.KFBgWX3MEjL0BlBb.1Pfzba_AhAAANW40-1791066290.2848673-1.0.1.1-T_smPLjFmBTzsqhDq0H5B5AC7IvBUE4kmQQa7SRitH0; HttpOnly; SameSite=None; Secure; Path=/; Domain=npmjs.org
< CF-Ray: a44f5bfa4ba05f50-TIA
< CF-Cache-Status: REVALIDATED
< ETag: W/"cfdb7e8984cb6d231cd4f86c1c83fe09"
< Access-Control-Allow-Origin: *
< Cache-Control: public, max-age=300
< Last-Modified: Sat, 03 Oct 2026 01:55:32 GMT
< Server: cloudflare
< Vary: accept-encoding, accept
< Content-Encoding: br

< 200 OK
< Date: Sat, 03 Oct 2026 22:24:50 GMT
< Content-Type: application/vnd.npm.install-v1+json
< Transfer-Encoding: chunked
< Connection: keep-alive
< set-cookie: __cf_bm=liMfCPQX0YjlKk0bc.qDg5uUhWchhyvG7FnuFo5C2oo-1791066290.2897923-1.0.1.1-GsKxCdOLf4Ua0nfaaHwLEfeOSUh0UuSa8ReXwyL2alGAtDO.RCvtgSzArwQt4DJ8XpRKgubMWasmRqhYNZs76LyrO6YjF9hXqJhBGEv8Qhf3bWdxXLb.iW93Q3OgpWbP; HttpOnly; SameSite=None; Secure; Path=/; Domain=npmjs.org; Expires=Sat, 03 Oct 2026 22:54:50 GMT
< set-cookie: _cfuvid=YtjtP5IS0ub2EUYL20tS_hlTBNqkqsz4UmMc1gM0rOY-1791066290.2897923-1.0.1.1-3sXUqHH63JV2p0YV3Ej_Wd9sDq6f7tdI.USL3voSo7g; HttpOnly; SameSite=None; Secure; Path=/; Domain=npmjs.org
< CF-Ray: a44f5bfa4cc1bd99-TIA
< CF-Cache-Status: REVALIDATED
< ETag: W/"21d233873517b7904bcd3897c149aecf"
< Access-Control-Allow-Origin: *
< Cache-Control: public, max-age=300
< Last-Modified: Thu, 31 Jul 2025 00:52:28 GMT
< Server: cloudflare
< Vary: accept-encoding, accept
< Content-Encoding: br

[PackageManager] waiting for 148 tasks
    [836.96ms]
Downloaded @tscircuit/miniflex versions
> HTTP/1.1 GET https://registry.npmjs.org/postcss-load-config
> Accept: application/vnd.npm.install-v1+json; q=1.0, application/json; q=0.8, */*
> Connection: keep-alive
> User-Agent: Bun/1.3.9
> Host: registry.npmjs.org
> Accept-Encoding: gzip, deflate, br, zstd

< 200 OK
< Date: Sat, 03 Oct 2026 22:24:50 GMT
< Content-Type: application/vnd.npm.install-v1+json
< Transfer-Encoding: chunked
< Connection: keep-alive
< set-cookie: __cf_bm=BaZKsixZn5nBVhYpRvq2RCjwvqWGsX8tdTHiHe5_upk-1791066290.290343-1.0.1.1-hR9R.FvUSdMr.HsCe65cRzPuVsC4dLcHTmvWzhxtMXhqvqYraB4q8rlcTAeKEaESLYpYwlzAhlpnzueuRIwsH8IyRyIowfYp6a50OfqVNC9UDa0KN.BL6K.UsJoAlURU; HttpOnly; SameSite=None; Secure; Path=/; Domain=npmjs.org; Expires=Sat, 03 Oct 2026 22:54:50 GMT
< set-cookie: _cfuvid=TMh5d2mWPv1JzluCav9_rfOvY6iRVu4vUA1D_VSrl5I-1791066290.290343-1.0.1.1-sYOogcLNn7eRV45nYeA.dYfLR_KKKpo2iDi4t9NRK5A; HttpOnly; SameSite=None; Secure; Path=/; Domain=npmjs.org
< CF-Ray: a44f5bfa4cc3bd99-TIA
< CF-Cache-Status: REVALIDATED
< ETag: W/"03e6e8f748f7e9cef9d940909629f9ab"
< Access-Control-Allow-Origin: *
< Cache-Control: public, max-age=300
< Last-Modified: Wed, 30 Sep 2026 16:12:38 GMT
< Server: cloudflare
< Vary: accept-encoding, accept
< Content-Encoding: br

[PackageManager] waiting for 148 tasks
   - "@tscircuit/miniflex": "^0.0.4" - @tscircuit/miniflex@0.0.4
[PackageManager] waiting for 147 tasks
> HTTP/1.1 GET https://registry.npmjs.org/resolve-from
> Accept: application/vnd.npm.install-v1+json; q=1.0, application/json; q=0.8, */*
> Connection: keep-alive
> User-Agent: Bun/1.3.9
> Host: registry.npmjs.org
> Accept-Encoding: gzip, deflate, br, zstd

    [839.55ms]
Downloaded @tscircuit/fanout-solver versions
[PackageManager] waiting for 147 tasks
    [839.65ms]
Downloaded @tscircuit/copper-pour-solver versions
[PackageManager] waiting for 147 tasks
    [282.91ms] Downloaded @tscircuit/schematic-trace-solver tarball
[PackageManager] waiting for 147 tasks
< 200 OK
< Date: Sat, 03 Oct 2026 22:24:50 GMT
< Content-Type: application/vnd.npm.install-v1+json
< Transfer-Encoding: chunked
< Connection: keep-alive
< set-cookie: __cf_bm=Opck.bMLXAIOgxRLQWIio1STRsvu0OoxwwFzH8lMNSo-1791066290.2898753-1.0.1.1-WHhPxaRZ1LSvTvpi55Xbzc3d1Q1sSzsK9SfWHtnJ2zfp2sb5jCIT9nfwq.wWabXAWWSUll0iibMSzLdbtxa8DsHf.8.oLyEYA067UyGgHG05BFCDYDoePtK37hvoWtmz; HttpOnly; SameSite=None; Secure; Path=/; Domain=npmjs.org; Expires=Sat, 03 Oct 2026 22:54:50 GMT
< set-cookie: _cfuvid=VCwu_8iRTaZWGiTq4pRtBx_tjX3JToIfi08TmzUc.RI-1791066290.2898753-1.0.1.1-5r6uPxOKV.sK210JhSvnv7544nKfsyfb1yNjkQ6ur3k; HttpOnly; SameSite=None; Secure; Path=/; Domain=npmjs.org
< CF-Ray: a44f5bfa4ba95f50-TIA
< CF-Cache-Status: REVALIDATED
< ETag: W/"956b6d2dd63b0ad56733251644062a12"
< Access-Control-Allow-Origin: *
< Cache-Control: public, max-age=300
< Last-Modified: Thu, 20 Aug 2026 00:55:09 GMT
< Server: cloudflare
< Vary: accept-encoding, accept
< Content-Encoding: br

    [214.19ms]
Downloaded connect versions
   - "@tscircuit/copper-pour-solver": "^0.0.67" - @tscircuit/copper-pour-solver@0.0.67
Enqueue package manifest for download: @tscircuit/manifold-2d
[PackageManager] waiting for 147 tasks
    [839.98ms]
Downloaded @tscircuit/infer-cable-insertion-point versions
< 200 OK
< Date: Sat, 03 Oct 2026 22:24:50 GMT
< Content-Type: application/vnd.npm.install-v1+json
< Transfer-Encoding: chunked
< Connection: keep-alive
< set-cookie: __cf_bm=rflwYIxuqvpqGf4b01RbiiW4COJU0gISMh5vKHlPmwE-1791066290.2922716-1.0.1.1-rtxRZmLyxHl3oR_d1TM3Sypw_tQ0ltni8foEmMk_trCNApjm2Kp0Zc8VgBwoMB8IrlHd.TIvK9PcocGAnHJq08EJOZSFvB7WwvDeraL4BTPMRUIM2udeH28TJgGp68Bo; HttpOnly; SameSite=None; Secure; Path=/; Domain=npmjs.org; Expires=Sat, 03 Oct 2026 22:54:50 GMT
< set-cookie: _cfuvid=zpWS86OhKWXunDj1a1qisO_7DO2gtKwhtU6Rnp381ro-1791066290.2922716-1.0.1.1-W9Burxw8ruBse48B4yuM7LxbxHs3bKMF3Wn3d9xaytk; HttpOnly; SameSite=None; Secure; Path=/; Domain=npmjs.org
< CF-Ray: a44f5bfa5e649b00-TIA
< CF-Cache-Status: REVALIDATED
< ETag: W/"287ce774f85f0657fd47f7debca55046"
< Access-Control-Allow-Origin: *
< Cache-Control: public, max-age=300
< Last-Modified: Thu, 20 Aug 2026 00:55:43 GMT
< Server: cloudflare
< Vary: accept-encoding, accept
< Content-Encoding: br

[PackageManager] waiting for 147 tasks
> HTTP/1.1 GET https://registry.npmjs.org/rollup
> Accept: application/vnd.npm.install-v1+json; q=1.0, application/json; q=0.8, */*
> Connection: keep-alive
> User-Agent: Bun/1.3.9
> Host: registry.npmjs.org
> Accept-Encoding: gzip, deflate, br, zstd

> HTTP/1.1 GET https://registry.npmjs.org/source-map
> Accept: application/vnd.npm.install-v1+json; q=1.0, application/json; q=0.8, */*
> Connection: keep-alive
> User-Agent: Bun/1.3.9
> Host: registry.npmjs.org
> Accept-Encoding: gzip, deflate, br, zstd

> HTTP/1.1 GET https://registry.npmjs.org/sucrase
> Accept: application/vnd.npm.install-v1+json; q=1.0, application/json; q=0.8, */*
> Connection: keep-alive
> User-Agent: Bun/1.3.9
> Host: registry.npmjs.org
> Accept-Encoding: gzip, deflate, br, zstd

   - "@tscircuit/fanout-solver": "0.0.78" - @tscircuit/fanout-solver@0.0.78
   - "@tscircuit/fanout-solver": "0.0.79" - @tscircuit/fanout-solver@0.0.79
   - "@tscircuit/infer-cable-insertion-point": "^0.0.4" - @tscircuit/infer-cable-insertion-point@0.0.4
   - "graphics-debug": "0.0.99" - graphics-debug@0.0.99
[PackageManager] waiting for 145 tasks
    [840.07ms]
Downloaded @tscircuit/ngspice-spice-engine versions
> HTTP/1.1 GET https://registry.npmjs.org/tinyexec
> Accept: application/vnd.npm.install-v1+json; q=1.0, application/json; q=0.8, */*
> Connection: keep-alive
> User-Agent: Bun/1.3.9
> Host: registry.npmjs.org
> Accept-Encoding: gzip, deflate, br, zstd

> HTTP/1.1 GET https://registry.npmjs.org/axios
> Accept: application/vnd.npm.install-v1+json; q=1.0, application/json; q=0.8, */*
> Connection: keep-alive
> User-Agent: Bun/1.3.9
> Host: registry.npmjs.org
> Accept-Encoding: gzip, deflate, br, zstd

[PackageManager] waiting for 145 tasks
   - "@tscircuit/ngspice-spice-engine": "^0.0.20" - @tscircuit/ngspice-spice-engine@0.0.20
[PackageManager] waiting for 144 tasks
   - "connect": "^3.6.6" - connect@3.7.0
Enqueue package manifest for download: finalhandler
Enqueue package manifest for download: parseurl
Enqueue package manifest for download: utils-merge
 LICENSE
 dist/index.js
 package.json
 README.md
 dist/index.d.ts
[@tscircuit/schematic-trace-solver] Extract .9eff6f5dffb6fae1-00000003.schematic-trace-solver (decompressed 177.32 KB tgz file in 549.542us)
[@tscircuit/schematic-trace-solver] Extracted to .9eff6f5dffb6fae1-00000003.schematic-trace-solver (1.13ms)
[PackageManager] waiting for 146 tasks
[PackageManager] waiting for 145 tasks
    [842.31ms]
Downloaded @tscircuit/matchpack versions
> HTTP/1.1 GET https://registry.npmjs.org/npm-package-arg
> Accept: application/vnd.npm.install-v1+json; q=1.0, application/json; q=0.8, */*
> Connection: keep-alive
> User-Agent: Bun/1.3.9
> Host: registry.npmjs.org
> Accept-Encoding: gzip, deflate, br, zstd

< 200 OK
< Date: Sat, 03 Oct 2026 22:24:50 GMT
< Content-Type: application/vnd.npm.install-v1+json
< Transfer-Encoding: chunked
< Connection: keep-alive
< set-cookie: __cf_bm=mP_.7Zx9D4JpK_u7A2jhul_C9ehHlOZ5rQhCyX.oKkA-1791066290.2897038-1.0.1.1-PujeaQ9VzxP0LJp_X3kszuIh.BnJOMhBXV01Ep0w8S_Dnp87psdloOKcRlAgq.OJQf.S8DCEG0DvzcXf0SsiPahgaR6qstuuWTQb_i_.8j8iICI_8BE4egfN05cpuSeM; HttpOnly; SameSite=None; Secure; Path=/; Domain=npmjs.org; Expires=Sat, 03 Oct 2026 22:54:50 GMT
< set-cookie: _cfuvid=2zrIF5XDOpVMlF.HOT4ooRJbk8YmY9ROZnTWm9jl.mg-1791066290.2897038-1.0.1.1-50rFJj9h2YLJ57Y0pARTpVKzKm5oopyfUVek.BZSqLU; HttpOnly; SameSite=None; Secure; Path=/; Domain=npmjs.org
< CF-Ray: a44f5bfa492a7c08-TIA
< CF-Cache-Status: REVALIDATED
< ETag: W/"05db6b4009c0e5e2be3fe2c31a6bcb4c"
< Access-Control-Allow-Origin: *
< Cache-Control: public, max-age=300
< Last-Modified: Wed, 26 Aug 2026 21:00:01 GMT
< Server: cloudflare
< Vary: accept-encoding, accept
< Content-Encoding: br

[PackageManager] waiting for 145 tasks
   - "@tscircuit/matchpack": "^0.0.97" - @tscircuit/matchpack@0.0.97
[PackageManager] waiting for 144 tasks
    [845.79ms]
Downloaded @tscircuit/common versions
> HTTP/1.1 GET https://registry.npmjs.org/package-options
> Accept: application/vnd.npm.install-v1+json; q=1.0, application/json; q=0.8, */*
> Connection: keep-alive
> User-Agent: Bun/1.3.9
> Host: registry.npmjs.org
> Accept-Encoding: gzip, deflate, br, zstd

[PackageManager] waiting for 144 tasks
   - "@tscircuit/common": "^0.0.20" - @tscircuit/common@0.0.20
< 200 OK
< Date: Sat, 03 Oct 2026 22:24:50 GMT
< Content-Type: application/vnd.npm.install-v1+json
< Transfer-Encoding: chunked
< Connection: keep-alive
< set-cookie: __cf_bm=W3rsci5BUoSrhzTwEQhxirZ9.q9K3sWaiUvd3o6uQU8-1791066290.3142424-1.0.1.1-w3Bx4z4A2Jqta9bW7JKU1RNwK90aFLWgHHDaaKwkGwdTBeIw3ny9TUJet94uDOHkE1Q.4a6MCyftRSOVFGc8A3KAtQuaNbF5pQ9kkSbOytUj2JNzfRKBOLyDTmOZtmK8; HttpOnly; SameSite=None; Secure; Path=/; Domain=npmjs.org; Expires=Sat, 03 Oct 2026 22:54:50 GMT
< set-cookie: _cfuvid=kE3S_GJG_qLXWh.MF55Shhu6MFqhCIsp3i3OedhNAi4-1791066290.3142424-1.0.1.1-Z7UsxzodeNuywYBeEDqRg5br0n1pF4oEYw2z3iBHwj0; HttpOnly; SameSite=None; Secure; Path=/; Domain=npmjs.org
< CF-Ray: a44f5bfa7eed9b00-TIA
< CF-Cache-Status: REVALIDATED
< ETag: W/"8e2e07be541ed09390c7cb1b69c8504c"
< Access-Control-Allow-Origin: *
< Cache-Control: public, max-age=300
< Last-Modified: Sat, 03 Oct 2026 19:27:33 GMT
< Server: cloudflare
< Vary: accept-encoding, accept
< Content-Encoding: br

[PackageManager] waiting for 143 tasks
    [847.91ms]
Downloaded @tscircuit/modelprinter versions
> HTTP/1.1 GET https://registry.npmjs.org/semver
> Accept: application/vnd.npm.install-v1+json; q=1.0, application/json; q=0.8, */*
> Connection: keep-alive
> User-Agent: Bun/1.3.9
> Host: registry.npmjs.org
> Accept-Encoding: gzip, deflate, br, zstd

[PackageManager] waiting for 143 tasks
   - "@tscircuit/modelprinter": "^0.0.5" - @tscircuit/modelprinter@0.0.5
Enqueue package manifest for download: @tscircuit/mm
< 200 OK
< Date: Sat, 03 Oct 2026 22:24:50 GMT
< Content-Type: application/vnd.npm.install-v1+json
< Transfer-Encoding: chunked
< Connection: keep-alive
< set-cookie: __cf_bm=rS0tuJEOI0B85n3QEDh4wLMM_Vm9XUL0KQpfr6Jst8Q-1791066290.2900116-1.0.1.1-yxdPPzWN0thxa_0kGP5JDwoMds8UwUZjuTXgWrfwuCSYcYOEgxOd1VSntqSayUUSwndyrVGJY2oH11cbpSHhpwoy8ggkkUUevPcKMjUr14f9WEZsTAHuwvasxjZDAU7u; HttpOnly; SameSite=None; Secure; Path=/; Domain=npmjs.org; Expires=Sat, 03 Oct 2026 22:54:50 GMT
< set-cookie: _cfuvid=xj0mBHmYLaaS8faDRbIfvFvrZqEnH7KDl3r0.MvDATw-1791066290.2900116-1.0.1.1-UzvyzDqVeIBLd2zDNM8I.gV00AfKW6LwSaE8WhtjBlE; HttpOnly; SameSite=None; Secure; Path=/; Domain=npmjs.org
< CF-Ray: a44f5bfa4cbfbd99-TIA
< CF-Cache-Status: REVALIDATED
< ETag: W/"467b0d1958ce8e3843012e449bfcee6e"
< Access-Control-Allow-Origin: *
< Cache-Control: public, max-age=300
< Last-Modified: Sun, 15 Jun 2025 16:44:49 GMT
< Server: cloudflare
< Vary: accept-encoding, accept
< Content-Encoding: br

[PackageManager] waiting for 143 tasks
    [848.08ms]
Downloaded @tscircuit/schematic-match-adapt versions
> HTTP/1.1 GET https://registry.npmjs.org/tar
> Accept: application/vnd.npm.install-v1+json; q=1.0, application/json; q=0.8, */*
> Connection: keep-alive
> User-Agent: Bun/1.3.9
> Host: registry.npmjs.org
> Accept-Encoding: gzip, deflate, br, zstd

[PackageManager] waiting for 143 tasks
   - "@tscircuit/schematic-match-adapt": "^0.0.18" - @tscircuit/schematic-match-adapt@0.0.18
[PackageManager] waiting for 142 tasks
    [852.88ms]
Downloaded @types/react versions
> HTTP/1.1 GET https://registry.npmjs.org/gl-matrix
> Accept: application/vnd.npm.install-v1+json; q=1.0, application/json; q=0.8, */*
> Connection: keep-alive
> User-Agent: Bun/1.3.9
> Host: registry.npmjs.org
> Accept-Encoding: gzip, deflate, br, zstd

< 200 OK
< Date: Sat, 03 Oct 2026 22:24:50 GMT
< Content-Type: application/vnd.npm.install-v1+json
< Transfer-Encoding: chunked
< Connection: keep-alive
< set-cookie: __cf_bm=yhS8eoxUtX9hZX44pCuStnJeYrAKvbgm278o4V7VLDs-1791066290.289848-1.0.1.1-QVj7hYgblHMPGJ.R62uH5xScmS6Dusy0360Oi6ui0dQ7wAa8SUsJslmtam2UFGKANXbJIQ2XZZX8KUo5Av2jmLl4gs1oeXaMu9kFGJT8m812Edvyqxu5dF3CUjWGRs02; HttpOnly; SameSite=None; Secure; Path=/; Domain=npmjs.org; Expires=Sat, 03 Oct 2026 22:54:50 GMT
< set-cookie: _cfuvid=uGQLbw9oqwBRniXHyxaqEb9GJkps.FjVvTv7sbrtSFc-1791066290.289848-1.0.1.1-yGd6r6NctpNdhilRgFcTGY5HW0kP5UaRLUZdAKUafyI; HttpOnly; SameSite=None; Secure; Path=/; Domain=npmjs.org
< CF-Ray: a44f5bfa4e579b00-TIA
< CF-Cache-Status: REVALIDATED
< ETag: W/"e226e5a7348a49093a09ac6879d15da4"
< Access-Control-Allow-Origin: *
< Cache-Control: public, max-age=300
< Last-Modified: Sun, 23 Jun 2024 00:36:08 GMT
< Server: cloudflare
< Vary: accept-encoding, accept
< Content-Encoding: br

[PackageManager] waiting for 142 tasks
    [852.98ms]
Downloaded @tscircuit/log-soup versions
[PackageManager] waiting for 142 tasks
   - "@tscircuit/log-soup": "^1.0.2" - @tscircuit/log-soup@1.0.2
Enqueue package manifest for download: redaxios
[PackageManager] waiting for 142 tasks
< 200 OK
< Date: Sat, 03 Oct 2026 22:24:50 GMT
< Content-Type: application/vnd.npm.install-v1+json
< Transfer-Encoding: chunked
< Connection: keep-alive
< set-cookie: __cf_bm=1WouXSoVyUO0oatL5Yviq1vKPlhs8naHDp10YvZZ5_U-1791066290.2897737-1.0.1.1-FmOXern_dxuJjzpiviB0hiO3JjDwTxrzDeHXbUGFvD_Fbx3NRYjgJHY5QhuOVclvDm3E8ayqbvM2WkSDx3L4OelJkAtCJoF4uvB.mBzxJgN1PMAL.HyTMJvbG0N5FShD; HttpOnly; SameSite=None; Secure; Path=/; Domain=npmjs.org; Expires=Sat, 03 Oct 2026 22:54:50 GMT
< set-cookie: _cfuvid=.wMdjuKvs7xBPNFi8WUVdV8BzXI9dkFmNxetUlVixzc-1791066290.2897737-1.0.1.1-5m7r07AjQ.Wy_3s_n5s5CUbl75LPefxgMUHZgfFB2.A; HttpOnly; SameSite=None; Secure; Path=/; Domain=npmjs.org
< CF-Ray: a44f5bfa4cc2bd99-TIA
< CF-Cache-Status: REVALIDATED
< ETag: W/"31a6485ade3c645d5b50a4418cd86bbb"
< Access-Control-Allow-Origin: *
< Cache-Control: public, max-age=300
< Last-Modified: Fri, 02 Oct 2026 17:51:56 GMT
< Server: cloudflare
< Vary: accept-encoding, accept
< Content-Encoding: br

> HTTP/1.1 GET https://registry.npmjs.org/pureimage
> Accept: application/vnd.npm.install-v1+json; q=1.0, application/json; q=0.8, */*
> Connection: keep-alive
> User-Agent: Bun/1.3.9
> Host: registry.npmjs.org
> Accept-Encoding: gzip, deflate, br, zstd

> HTTP/1.1 GET https://registry.npmjs.org/readable-stream
> Accept: application/vnd.npm.install-v1+json; q=1.0, application/json; q=0.8, */*
> Connection: keep-alive
> User-Agent: Bun/1.3.9
> Host: registry.npmjs.org
> Accept-Encoding: gzip, deflate, br, zstd

    [324.09ms] Downloaded @tscircuit/bus-lanes-solver tarball
[PackageManager] waiting for 142 tasks
   - "@types/react": "^19.1.8" - @types/react@19.3.0
Enqueue package manifest for download: csstype
 LICENSE
 dist/index.js
 package.json
 README.md
 dist/index.d.ts
[@tscircuit/bus-lanes-solver] Extract .5dffaffffbfcddad-00000004.bus-lanes-solver (decompressed 0.29 MB tgz file in 962.583us)
[@tscircuit/bus-lanes-solver] Extracted to .5dffaffffbfcddad-00000004.bus-lanes-solver (2.142ms)
[PackageManager] waiting for 142 tasks
[PackageManager] waiting for 141 tasks
> HTTP/1.1 GET https://registry.npmjs.org/bun-types
> Accept: application/vnd.npm.install-v1+json; q=1.0, application/json; q=0.8, */*
> Connection: keep-alive
> User-Agent: Bun/1.3.9
> Host: registry.npmjs.org
> Accept-Encoding: gzip, deflate, br, zstd

    [865.19ms]
Downloaded @tscircuit/capacity-autorouter versions
[PackageManager] waiting for 141 tasks
    [345.47ms]
Downloaded zod versions
[PackageManager] waiting for 141 tasks
    [867.25ms]
Downloaded @tscircuit/props versions
< 200 OK
< Date: Sat, 03 Oct 2026 22:24:50 GMT
< Content-Type: application/vnd.npm.install-v1+json
< Transfer-Encoding: chunked
< Connection: keep-alive
< set-cookie: __cf_bm=zMP_PHzKcEA_jxj9Itj4KKN8ocWUwT2YBy5Ykn91skc-1791066290.284948-1.0.1.1-I9bsiVrM.xB8vuT3Frq3w7aom.aZD18sHBgfqT1amk7FkuXd3nYIMtoQrRSTJ.yL93y4aGGV9TlZpFRxpMCKelPo7_Sx20VfY.rG6eZwaTDvE61qyr64tu5Rck.z0754; HttpOnly; SameSite=None; Secure; Path=/; Domain=npmjs.org; Expires=Sat, 03 Oct 2026 22:54:50 GMT
< set-cookie: _cfuvid=OHx_8NLFQRgif.bCLfW9PWaWc4f5iRv8h1MRZSV3usM-1791066290.284948-1.0.1.1-q_9XjOQdgllgiQsQZWwdklaJsT6NNkymnGZYCCPyNuU; HttpOnly; SameSite=None; Secure; Path=/; Domain=npmjs.org
< CF-Ray: a44f5bfa4adb793f-TIA
< CF-Cache-Status: REVALIDATED
< ETag: W/"39182850339950512c85618dbeca92b2"
< Access-Control-Allow-Origin: *
< Cache-Control: public, max-age=300
< Last-Modified: Sat, 03 Oct 2026 06:15:42 GMT
< Server: cloudflare
< Vary: accept-encoding, accept
< Content-Encoding: br

< 302 Found
< Date: Sat, 03 Oct 2026 22:24:50 GMT
< Content-Type: text/html;charset=utf-8
< Content-Length: 0
< Cache-Control: public, must-revalidate, max-age=0
< expires: Sat, 03 Oct 2026 22:24:50 GMT
< Location: https://codeload.github.com/tscircuit/ti/legacy.tar.gz/57e314be4b2b06bc546d4def7453e619604d1157
< x-github-api-version-selected: 2022-11-28
< X-RateLimit-Limit: 60
< X-RateLimit-Remaining: 60
< X-RateLimit-Reset: 1791069890
< X-RateLimit-Used: 0
< X-RateLimit-Resource: core
< Access-Control-Expose-Headers: ETag, Link, Location, Retry-After, X-GitHub-OTP, X-RateLimit-Limit, X-RateLimit-Remaining, X-RateLimit-Used, X-RateLimit-Resource, X-RateLimit-Reset, X-OAuth-Scopes, X-Accepted-OAuth-Scopes, X-Poll-Interval, X-GitHub-Media-Type, X-GitHub-SSO, X-GitHub-Request-Id, Deprecation, Sunset, Warning
< Access-Control-Allow-Origin: *
< Strict-Transport-Security: max-age=31536000; includeSubdomains; preload
< X-Frame-Options: deny
< X-Content-Type-Options: nosniff
< X-XSS-Protection: 0
< Referrer-Policy: origin-when-cross-origin, strict-origin-when-cross-origin
< Content-Security-Policy: default-src 'none'
< Vary: Accept-Encoding, Accept, X-Requested-With
< Server: github.com
< X-GitHub-Request-Id: F32B:3DC870:2DE0203:2DA6BD8:6AC180B2
< x-github-edge-region: fra

> HTTP/1.1 GET https://registry.npmjs.org/@types%2fnode
> Accept: application/vnd.npm.install-v1+json; q=1.0, application/json; q=0.8, */*
> Connection: keep-alive
> User-Agent: Bun/1.3.9
> Host: registry.npmjs.org
> Accept-Encoding: gzip, deflate, br, zstd

> HTTP/1.1 GET https://registry.npmjs.org/lucide-react
> Accept: application/vnd.npm.install-v1+json; q=1.0, application/json; q=0.8, */*
> Connection: keep-alive
> User-Agent: Bun/1.3.9
> Host: registry.npmjs.org
> Accept-Encoding: gzip, deflate, br, zstd

[PackageManager] waiting for 141 tasks
   - "@tscircuit/props": "^0.0.682" - @tscircuit/props@0.0.682
[PackageManager] waiting for 140 tasks
   - "zod": "^3.25.67" - zod@3.25.76
[PackageManager] waiting for 139 tasks
    [872.67ms]
Downloaded @tscircuit/footprinter versions
> HTTP/1.1 GET https://registry.npmjs.org/earcut
> Accept: application/vnd.npm.install-v1+json; q=1.0, application/json; q=0.8, */*
> Connection: keep-alive
> User-Agent: Bun/1.3.9
> Host: registry.npmjs.org
> Accept-Encoding: gzip, deflate, br, zstd

< 200 OK
< Date: Sat, 03 Oct 2026 22:24:50 GMT
< Content-Type: application/vnd.npm.install-v1+json
< Transfer-Encoding: chunked
< Connection: keep-alive
< set-cookie: __cf_bm=Mhj.QtIeLOjj0CmwOgJ825yVYUhKtp3B1AYbkbBkP8g-1791066290.2850792-1.0.1.1-ZAJhtfUXOKSx2e0.b9HiGCaoWopPcQ1zHiSt8JdSRI10G5hN7DdMWjf9REmSw_TgaHz5a46dokuk_28zIjI8F9lnxNpBeP4RQ7AoO40swMFZxGEuEO83e7EGLg4GT5RP; HttpOnly; SameSite=None; Secure; Path=/; Domain=npmjs.org; Expires=Sat, 03 Oct 2026 22:54:50 GMT
< set-cookie: _cfuvid=CK5Nb1Pre_kPnn9ZANRnzsfYc7HZdeRryFlrEM6xHW0-1791066290.2850792-1.0.1.1-O.SUmmp7Ju146V_mxEe6mrfAwfvwZAH7AfGLPeLO3bQ; HttpOnly; SameSite=None; Secure; Path=/; Domain=npmjs.org
< CF-Ray: a44f5bfa491b7c08-TIA
< CF-Cache-Status: REVALIDATED
< ETag: W/"808f8ede489fa0953a3c773788c33fcf"
< Access-Control-Allow-Origin: *
< Cache-Control: public, max-age=300
< Last-Modified: Thu, 20 Aug 2026 00:55:20 GMT
< Server: cloudflare
< Vary: accept-encoding, accept
< Content-Encoding: br

> HTTP/1.1 GET https://registry.npmjs.org/jscad-planner
> Accept: application/vnd.npm.install-v1+json; q=1.0, application/json; q=0.8, */*
> Connection: keep-alive
> User-Agent: Bun/1.3.9
> Host: registry.npmjs.org
> Accept-Encoding: gzip, deflate, br, zstd

[PackageManager] waiting for 139 tasks
    [872.74ms]
Downloaded @tscircuit/image-utils versions
[PackageManager] waiting for 139 tasks
< 302 Found
< Date: Sat, 03 Oct 2026 22:24:50 GMT
< Content-Type: text/html;charset=utf-8
< Content-Length: 0
< Cache-Control: public, must-revalidate, max-age=0
< expires: Sat, 03 Oct 2026 22:24:50 GMT
< Location: https://codeload.github.com/tscircuit/winding-breakout-point-solver/legacy.tar.gz/202dbe9eb0088633b6fa094120dba6f2f41f8803
< x-github-api-version-selected: 2022-11-28
< X-RateLimit-Limit: 60
< X-RateLimit-Remaining: 60
< X-RateLimit-Reset: 1791069890
< X-RateLimit-Used: 0
< X-RateLimit-Resource: core
< Access-Control-Expose-Headers: ETag, Link, Location, Retry-After, X-GitHub-OTP, X-RateLimit-Limit, X-RateLimit-Remaining, X-RateLimit-Used, X-RateLimit-Resource, X-RateLimit-Reset, X-OAuth-Scopes, X-Accepted-OAuth-Scopes, X-Poll-Interval, X-GitHub-Media-Type, X-GitHub-SSO, X-GitHub-Request-Id, Deprecation, Sunset, Warning
< Access-Control-Allow-Origin: *
< Strict-Transport-Security: max-age=31536000; includeSubdomains; preload
< X-Frame-Options: deny
< X-Content-Type-Options: nosniff
< X-XSS-Protection: 0
< Referrer-Policy: origin-when-cross-origin, strict-origin-when-cross-origin
< Content-Security-Policy: default-src 'none'
< Vary: Accept-Encoding, Accept, X-Requested-With
< Server: github.com
< X-GitHub-Request-Id: F0DD:332077:2ABBC53:2A8208F:6AC180B2
< x-github-edge-region: fra

   - "@tscircuit/image-utils": "^0.0.8" - @tscircuit/image-utils@0.0.8
   - "@tscircuit/footprinter": "^0.0.430" - @tscircuit/footprinter@0.0.430
   - "@tscircuit/capacity-autorouter": "^0.0.954" - @tscircuit/capacity-autorouter@0.0.954
   - "@tscircuit/capacity-autorouter": "0.0.941" - @tscircuit/capacity-autorouter@0.0.941
   - "@tscircuit/capacity-autorouter": "0.0.718" - @tscircuit/capacity-autorouter@0.0.718
Enqueue package manifest for download: object-hash
Enqueue package manifest for download: fast-json-stable-stringify
[PackageManager] waiting for 139 tasks
< 302 Found
< Date: Sat, 03 Oct 2026 22:24:50 GMT
< Content-Type: text/html;charset=utf-8
< Content-Length: 0
< Cache-Control: public, must-revalidate, max-age=0
< expires: Sat, 03 Oct 2026 22:24:50 GMT
< Location: https://codeload.github.com/tscircuit/via-stitch-solver/legacy.tar.gz/64f2ac7781b795bdc0d74ba411988e60767fa653
< x-github-api-version-selected: 2022-11-28
< X-RateLimit-Limit: 60
< X-RateLimit-Remaining: 60
< X-RateLimit-Reset: 1791069890
< X-RateLimit-Used: 0
< X-RateLimit-Resource: core
< Access-Control-Expose-Headers: ETag, Link, Location, Retry-After, X-GitHub-OTP, X-RateLimit-Limit, X-RateLimit-Remaining, X-RateLimit-Used, X-RateLimit-Resource, X-RateLimit-Reset, X-OAuth-Scopes, X-Accepted-OAuth-Scopes, X-Poll-Interval, X-GitHub-Media-Type, X-GitHub-SSO, X-GitHub-Request-Id, Deprecation, Sunset, Warning
< Access-Control-Allow-Origin: *
< Strict-Transport-Security: max-age=31536000; includeSubdomains; preload
< X-Frame-Options: deny
< X-Content-Type-Options: nosniff
< X-XSS-Protection: 0
< Referrer-Policy: origin-when-cross-origin, strict-origin-when-cross-origin
< Content-Security-Policy: default-src 'none'
< Vary: Accept-Encoding, Accept, X-Requested-With
< Server: github.com
< X-GitHub-Request-Id: EE74:3DC870:2DE021E:2DA6BFA:6AC180B2
< x-github-edge-region: fra

< 302 Found
< Date: Sat, 03 Oct 2026 22:24:50 GMT
< Content-Type: text/html;charset=utf-8
< Content-Length: 0
< Cache-Control: public, must-revalidate, max-age=0
< expires: Sat, 03 Oct 2026 22:24:50 GMT
< Location: https://codeload.github.com/tscircuit/bga-fanout-solver/legacy.tar.gz/247c835cb8d69b65e53891dcf869731079415b39
< x-github-api-version-selected: 2022-11-28
< X-RateLimit-Limit: 60
< X-RateLimit-Remaining: 60
< X-RateLimit-Reset: 1791069890
< X-RateLimit-Used: 0
< X-RateLimit-Resource: core
< Access-Control-Expose-Headers: ETag, Link, Location, Retry-After, X-GitHub-OTP, X-RateLimit-Limit, X-RateLimit-Remaining, X-RateLimit-Used, X-RateLimit-Resource, X-RateLimit-Reset, X-OAuth-Scopes, X-Accepted-OAuth-Scopes, X-Poll-Interval, X-GitHub-Media-Type, X-GitHub-SSO, X-GitHub-Request-Id, Deprecation, Sunset, Warning
< Access-Control-Allow-Origin: *
< Strict-Transport-Security: max-age=31536000; includeSubdomains; preload
< X-Frame-Options: deny
< X-Content-Type-Options: nosniff
< X-XSS-Protection: 0
< Referrer-Policy: origin-when-cross-origin, strict-origin-when-cross-origin
< Content-Security-Policy: default-src 'none'
< Vary: Accept-Encoding, Accept, X-Requested-With
< Server: github.com
< X-GitHub-Request-Id: F458:16261B:2E4D290:2E141B0:6AC180B2
< x-github-edge-region: fra

[PackageManager] waiting for 139 tasks
    [877.93ms]
Downloaded @tscircuit/checks versions
> HTTP/1.1 GET https://registry.npmjs.org/jscad-to-gltf
> Accept: application/vnd.npm.install-v1+json; q=1.0, application/json; q=0.8, */*
> Connection: keep-alive
> User-Agent: Bun/1.3.9
> Host: registry.npmjs.org
> Accept-Encoding: gzip, deflate, br, zstd

[PackageManager] waiting for 139 tasks
   - "@tscircuit/checks": "^0.0.236" - @tscircuit/checks@0.0.236
< 200 OK
< Date: Sat, 03 Oct 2026 22:24:50 GMT
< Content-Type: application/vnd.npm.install-v1+json
< Transfer-Encoding: chunked
< Connection: keep-alive
< set-cookie: __cf_bm=jK0njWuth9UzhM7J36j20dMyhfzwOSuxgGMsZZO.0Qg-1791066290.2924404-1.0.1.1-QxytUcR7CYASdb74LIg6VHyDOQXsBvPLcrW6cCFnu7jW2UOzrP_v_t_PtSr8DoiIRSLkjQr0xaKModRCezEgZ__yWwFZF9BryxzT_5aFUvg8UxIIurnxxvhV3er6uNNB; HttpOnly; SameSite=None; Secure; Path=/; Domain=npmjs.org; Expires=Sat, 03 Oct 2026 22:54:50 GMT
< set-cookie: _cfuvid=JKVzXHgPWmuDyIf6zby9uYhWJvsA1kArfi57yeVu5Q4-1791066290.2924404-1.0.1.1-WVX2XJ4XlJ.gqN9WH4srPebmhRKtB0Rs90jpRD1eL8U; HttpOnly; SameSite=None; Secure; Path=/; Domain=npmjs.org
< CF-Ray: a44f5bfa5cc9bd99-TIA
< CF-Cache-Status: REVALIDATED
< ETag: W/"83613d4075d07c786daab56be66fcdd6"
< Access-Control-Allow-Origin: *
< Cache-Control: public, max-age=300
< Last-Modified: Thu, 21 Nov 2024 18:26:22 GMT
< Server: cloudflare
< Vary: accept-encoding, accept
< Content-Encoding: br

[PackageManager] waiting for 138 tasks
> HTTP/1.1 GET https://registry.npmjs.org/occt-import-js
> Accept: application/vnd.npm.install-v1+json; q=1.0, application/json; q=0.8, */*
> Connection: keep-alive
> User-Agent: Bun/1.3.9
> Host: registry.npmjs.org
> Accept-Encoding: gzip, deflate, br, zstd

    [885.15ms]
Downloaded @tscircuit/soup-util versions
[PackageManager] waiting for 138 tasks
   - "@tscircuit/soup-util": "^0.0.41" - @tscircuit/soup-util@0.0.41
< 302 Found
< Date: Sat, 03 Oct 2026 22:24:50 GMT
< Content-Type: text/html;charset=utf-8
< Content-Length: 0
< Cache-Control: public, must-revalidate, max-age=0
< expires: Sat, 03 Oct 2026 22:24:50 GMT
< Location: https://codeload.github.com/tscircuit/jlcpcb-manufacturing-specs/legacy.tar.gz/23260504fceffff2d64bf11720f74e974d1d9321
< x-github-api-version-selected: 2022-11-28
< X-RateLimit-Limit: 60
< X-RateLimit-Remaining: 60
< X-RateLimit-Reset: 1791069890
< X-RateLimit-Used: 0
< X-RateLimit-Resource: core
< Access-Control-Expose-Headers: ETag, Link, Location, Retry-After, X-GitHub-OTP, X-RateLimit-Limit, X-RateLimit-Remaining, X-RateLimit-Used, X-RateLimit-Resource, X-RateLimit-Reset, X-OAuth-Scopes, X-Accepted-OAuth-Scopes, X-Poll-Interval, X-GitHub-Media-Type, X-GitHub-SSO, X-GitHub-Request-Id, Deprecation, Sunset, Warning
< Access-Control-Allow-Origin: *
< Strict-Transport-Security: max-age=31536000; includeSubdomains; preload
< X-Frame-Options: deny
< X-Content-Type-Options: nosniff
< X-XSS-Protection: 0
< Referrer-Policy: origin-when-cross-origin, strict-origin-when-cross-origin
< Content-Security-Policy: default-src 'none'
< Vary: Accept-Encoding, Accept, X-Requested-With
< Server: github.com
< X-GitHub-Request-Id: F378:3AB40A:2FE9BF7:2FB0F10:6AC180B2
< x-github-edge-region: fra

< 200 OK
< Date: Sat, 03 Oct 2026 22:24:50 GMT
< Content-Type: application/vnd.npm.install-v1+json
< Transfer-Encoding: chunked
< Connection: keep-alive
< set-cookie: __cf_bm=ZUOroGAWO8xj.E10CACKeg4TyRZtoka81qJX9U_YNso-1791066290.6790206-1.0.1.1-A3c9RVyu9_4cfjUa0.2sRimxAxv6ZyGUlW2F6_WObeppgkIV3x.8IITds0jVHbhFsF_CNMdrDstyAa3cxuzBp8TVOSIKMcl.KOwld3XwM_vqgKLrwAnTb2Sx4rEPEKTg; HttpOnly; SameSite=None; Secure; Path=/; Domain=npmjs.org; Expires=Sat, 03 Oct 2026 22:54:50 GMT
< set-cookie: _cfuvid=GkFw.IiPptHHjPXhAAXyKka86l1HlcYDkYcqUefuwIM-1791066290.6790206-1.0.1.1-R8u9VHLf_bQO3kxxtpc6Bk.A.xn54Vd.CcevxpU5HZE; HttpOnly; SameSite=None; Secure; Path=/; Domain=npmjs.org
< CF-Ray: a44f5bfcbd8d5f50-TIA
< CF-Cache-Status: HIT
< ETag: W/"1bfda0d44b7e8de1a1e3c78c5a75eb62"
< Access-Control-Allow-Origin: *
< Cache-Control: public, max-age=300
< Last-Modified: Thu, 21 May 2026 12:33:13 GMT
< Server: cloudflare
< Vary: accept-encoding, accept
< Content-Encoding: br

[PackageManager] waiting for 137 tasks
    [382.53ms]
Downloaded react-reconciler versions
> HTTP/1.1 GET https://registry.npmjs.org/@jscad%2fmodeling
> Accept: application/vnd.npm.install-v1+json; q=1.0, application/json; q=0.8, */*
> Connection: keep-alive
> User-Agent: Bun/1.3.9
> Host: registry.npmjs.org
> Accept-Encoding: gzip, deflate, br, zstd

< 200 OK
< Date: Sat, 03 Oct 2026 22:24:50 GMT
< Content-Type: application/vnd.npm.install-v1+json
< Transfer-Encoding: chunked
< Connection: keep-alive
< set-cookie: __cf_bm=dFerbSNzUn66HE2HLXMuW7Js6U6NmbGJiR4SWM.yRcI-1791066290.6790504-1.0.1.1-Gv6qfjIdYlz2PdV0V3w0mSi4Yyf1FAoDWKsaQM3YhQzOtF1jyMsCX6XfuQay.7Ah.bdPajUod5JtZ_RFlOErknBGB8k_wQryMtbWoLmHw2dNktF0m3Aw9dkCE5BcnHpV; HttpOnly; SameSite=None; Secure; Path=/; Domain=npmjs.org; Expires=Sat, 03 Oct 2026 22:54:50 GMT
< set-cookie: _cfuvid=HWyxlrs3eDR4yDigU6IE8CFbqIZ0GjIahwHk6hwv_oc-1791066290.6790504-1.0.1.1-XJey3.frq54hc06SdmNZCafjw0gZZEOq96jSNtyNZzc; HttpOnly; SameSite=None; Secure; Path=/; Domain=npmjs.org
< CF-Ray: a44f5bfcbd8b5f50-TIA
< CF-Cache-Status: HIT
< ETag: W/"5e60d1b86fdbafb2201982dd16cf0746"
< Access-Control-Allow-Origin: *
< Cache-Control: public, max-age=300
< Last-Modified: Fri, 02 May 2025 09:04:58 GMT
< Server: cloudflare
< Vary: accept-encoding, accept
< Content-Encoding: br

< 200 OK
< Date: Sat, 03 Oct 2026 22:24:50 GMT
< Content-Type: application/vnd.npm.install-v1+json
< Transfer-Encoding: chunked
< Connection: keep-alive
< set-cookie: __cf_bm=mQWMGuKFlfvMhGYQly.J9dZq7xNT.PxZxNGwEh6huy0-1791066290.6846464-1.0.1.1-1b.3WSgHzD1bJc.wCCjp1opjoNQiPeSArpNWLLv4nLXnma1CBDm6T_ceexmFxiO.6PtqkdV.QrDN6wkRCB3adsRhrK7krzK860983KoYqMz9NXSCugkzguvqbmqbVNRG; HttpOnly; SameSite=None; Secure; Path=/; Domain=npmjs.org; Expires=Sat, 03 Oct 2026 22:54:50 GMT
< set-cookie: _cfuvid=59PwcBdE9Xhv2bI1M2cMmk1M.hs3eJjPgLHCDen8VW8-1791066290.6846464-1.0.1.1-mZawMc1PQn8qtLOkMnNGdXNSp17DYvvDEqNMY8y6noo; HttpOnly; SameSite=None; Secure; Path=/; Domain=npmjs.org
< CF-Ray: a44f5bfccb6d7c08-TIA
< CF-Cache-Status: HIT
< ETag: W/"3fac0b720cb93d83551a4fd0de48b62c"
< Access-Control-Allow-Origin: *
< Cache-Control: public, max-age=300
< Last-Modified: Thu, 22 Jan 2026 14:54:05 GMT
< Server: cloudflare
< Vary: accept-encoding, accept
< Content-Encoding: br

< 200 OK
< Date: Sat, 03 Oct 2026 22:24:50 GMT
< Content-Type: application/vnd.npm.install-v1+json
< Transfer-Encoding: chunked
< Connection: keep-alive
< set-cookie: __cf_bm=FoBRrbE._ezOiQGNORUYUgFXhW1pJksqtLoE5Mxk4.8-1791066290.2847626-1.0.1.1-.1_3U4bV6N4toaWXt.zLdb8d9y9.hlcOk6Ny90X1Uefar720uijYRP9CTpAgMx8bZVGhzaAkqJ2s_sb_JYgLaM_ONFqg4PFKS4.9GLwULPUBdkNUTNb0uUmPIoE5bzqQ; HttpOnly; SameSite=None; Secure; Path=/; Domain=npmjs.org; Expires=Sat, 03 Oct 2026 22:54:50 GMT
< set-cookie: _cfuvid=zkQpS_ULrMTPH.bAMQNNMUCB0emebihHUqWfz3p296w-1791066290.2847626-1.0.1.1-8j17qrEG1UQOWK7e2S7xpsvhrCZhD24ugS.tvw0VLWk; HttpOnly; SameSite=None; Secure; Path=/; Domain=npmjs.org
< CF-Ray: a44f5bfa49177c08-TIA
< CF-Cache-Status: REVALIDATED
< ETag: W/"ad88005ce930515fa411874319a9d93e"
< Access-Control-Allow-Origin: *
< Cache-Control: public, max-age=300
< Last-Modified: Wed, 19 Aug 2026 23:06:44 GMT
< Server: cloudflare
< Vary: accept-encoding, accept
< Content-Encoding: br

[PackageManager] waiting for 137 tasks
    [902.34ms]
Downloaded @tscircuit/create-fdm-enclosure versions
< 302 Found
< Date: Sat, 03 Oct 2026 22:24:50 GMT
< Content-Type: text/html;charset=utf-8
< Content-Length: 0
< Cache-Control: public, must-revalidate, max-age=0
< expires: Sat, 03 Oct 2026 22:24:50 GMT
< Location: https://codeload.github.com/tscircuit/implicit-copper-pour-solver/legacy.tar.gz/a5cbbda0cd65fd4707c5c1af25779837c25aba92
< x-github-api-version-selected: 2022-11-28
< X-RateLimit-Limit: 60
< X-RateLimit-Remaining: 60
< X-RateLimit-Reset: 1791069890
< X-RateLimit-Used: 0
< X-RateLimit-Resource: core
< Access-Control-Expose-Headers: ETag, Link, Location, Retry-After, X-GitHub-OTP, X-RateLimit-Limit, X-RateLimit-Remaining, X-RateLimit-Used, X-RateLimit-Resource, X-RateLimit-Reset, X-OAuth-Scopes, X-Accepted-OAuth-Scopes, X-Poll-Interval, X-GitHub-Media-Type, X-GitHub-SSO, X-GitHub-Request-Id, Deprecation, Sunset, Warning
< Access-Control-Allow-Origin: *
< Strict-Transport-Security: max-age=31536000; includeSubdomains; preload
< X-Frame-Options: deny
< X-Content-Type-Options: nosniff
< X-XSS-Protection: 0
< Referrer-Policy: origin-when-cross-origin, strict-origin-when-cross-origin
< Content-Security-Policy: default-src 'none'
< Vary: Accept-Encoding, Accept, X-Requested-With
< Server: github.com
< X-GitHub-Request-Id: F5A1:11FB7C:2DEAB02:2DB28AD:6AC180B2
< x-github-edge-region: fra

> HTTP/1.1 GET https://registry.npmjs.org/jscad-electronics
> Accept: application/vnd.npm.install-v1+json; q=1.0, application/json; q=0.8, */*
> Connection: keep-alive
> User-Agent: Bun/1.3.9
> Host: registry.npmjs.org
> Accept-Encoding: gzip, deflate, br, zstd

[PackageManager] waiting for 137 tasks
   - "@tscircuit/create-fdm-enclosure": "0.0.4" - @tscircuit/create-fdm-enclosure@0.0.4
   - "graphics-debug": "^0.0.96" - graphics-debug@0.0.96
[PackageManager] waiting for 136 tasks
> HTTP/1.1 GET https://registry.npmjs.org/scheduler
> Accept: application/vnd.npm.install-v1+json; q=1.0, application/json; q=0.8, */*
> Connection: keep-alive
> User-Agent: Bun/1.3.9
> Host: registry.npmjs.org
> Accept-Encoding: gzip, deflate, br, zstd

    [205.45ms]
Downloaded http-auth versions
[PackageManager] waiting for 136 tasks
    [202.62ms]
Downloaded serve-index versions
> HTTP/1.1 GET https://registry.npmjs.org/loose-envify
> Accept: application/vnd.npm.install-v1+json; q=1.0, application/json; q=0.8, */*
> Connection: keep-alive
> User-Agent: Bun/1.3.9
> Host: registry.npmjs.org
> Accept-Encoding: gzip, deflate, br, zstd

[PackageManager] waiting for 136 tasks
   - "http-auth": "3.1.x" - http-auth@3.1.3
Enqueue package manifest for download: uuid
Enqueue package manifest for download: bcryptjs
Enqueue package manifest for download: apache-md5
Enqueue package manifest for download: apache-crypt
[PackageManager] waiting for 139 tasks
   - "serve-index": "^1.9.1" - serve-index@1.9.2
Enqueue package manifest for download: accepts
Enqueue package manifest for download: batch
< 200 OK
< Date: Sat, 03 Oct 2026 22:24:50 GMT
< Content-Type: application/vnd.npm.install-v1+json
< Transfer-Encoding: chunked
< Connection: keep-alive
< set-cookie: __cf_bm=ebxxw7X35yE55MRkh20rM1UCSQru.6j6S2aj6qlCzy4-1791066290.6904097-1.0.1.1-b9UgSaM3cDTWsiPRVUpr1XivoDH4pRnwPWw3QJjttBrrttdBPWKPfxuCklBAkSeER1TEUb7Br71hcTc88FuYwDZL0y_MNdhINBkd9GFxLEdZIvmRFoN0QiH3oV3kIfzG; HttpOnly; SameSite=None; Secure; Path=/; Domain=npmjs.org; Expires=Sat, 03 Oct 2026 22:54:50 GMT
< set-cookie: _cfuvid=opDRYbvMVk3ZM5Ub_qs9dTl4uBZ2c8pPKGGhDmrJcDQ-1791066290.6904097-1.0.1.1-uJP.5oJbtP14vJ_GQOYX2vMkGdbv7ctPyUdOW8ylVbQ; HttpOnly; SameSite=None; Secure; Path=/; Domain=npmjs.org
< CF-Ray: a44f5bfccb787c08-TIA
< CF-Cache-Status: HIT
< ETag: W/"4fb0bef92c687ecdf6091c1eee8835fa"
< Access-Control-Allow-Origin: *
< Cache-Control: public, max-age=300
< Last-Modified: Tue, 08 Nov 2022 10:38:36 GMT
< Server: cloudflare
< Vary: accept-encoding, accept
< Content-Encoding: br

[PackageManager] waiting for 140 tasks
    [211.69ms]
Downloaded chokidar versions
> HTTP/1.1 GET https://registry.npmjs.org/@types%2fms
> Accept: application/vnd.npm.install-v1+json; q=1.0, application/json; q=0.8, */*
> Connection: keep-alive
> User-Agent: Bun/1.3.9
> Host: registry.npmjs.org
> Accept-Encoding: gzip, deflate, br, zstd

[PackageManager] waiting for 140 tasks
   - "chokidar": "^2.0.4" - chokidar@2.1.8
   - "chokidar": "^3.5.2" - chokidar@3.6.0
   - "chokidar": "^4.0.3" - chokidar@4.0.3
Enqueue package manifest for download: upath
Enqueue package manifest for download: braces
Enqueue package manifest for download: is-glob
Enqueue package manifest for download: anymatch
Enqueue package manifest for download: inherits
Enqueue package manifest for download: readdirp
Enqueue package manifest for download: async-each
Enqueue package manifest for download: glob-parent
Enqueue package manifest for download: is-binary-path
Enqueue package manifest for download: normalize-path
Enqueue package manifest for download: path-is-absolute
Enqueue package manifest for download: fsevents
< 200 OK
< Date: Sat, 03 Oct 2026 22:24:50 GMT
< Content-Type: application/vnd.npm.install-v1+json
< Transfer-Encoding: chunked
< Connection: keep-alive
< set-cookie: __cf_bm=rwDrnOauzd8nrm3.vqBAWOX93q4DtccStBfBckwf9hE-1791066290.6959372-1.0.1.1-FQNqwuLelL8xcmwZoek7VocM1A9CRhDNC.rJLZBMUVz_UhBQmRc8UNhE93fQOzIHvaeFEkId90Zlct8nXkDYMo76LTNiMgKERyIFF4I_c1hy05RLAyR.eWnd9uFtZE5V; HttpOnly; SameSite=None; Secure; Path=/; Domain=npmjs.org; Expires=Sat, 03 Oct 2026 22:54:50 GMT
< set-cookie: _cfuvid=CgxQaw8y_axWQwBsyS3ejZssAFscc0gkj94edWKySHU-1791066290.6959372-1.0.1.1-0oZ4SgVBsp6pIP8NvQ3NNVLBSCsC8pi437fL_HUyYxw; HttpOnly; SameSite=None; Secure; Path=/; Domain=npmjs.org
< CF-Ray: a44f5bfcd9be9b00-TIA
< CF-Cache-Status: HIT
< ETag: W/"d276cb34a4d08a6feba846a5622eba35"
< Access-Control-Allow-Origin: *
< Cache-Control: public, max-age=300
< Last-Modified: Sun, 16 Feb 2025 08:13:35 GMT
< Server: cloudflare
< Vary: accept-encoding, accept
< Content-Encoding: br

[PackageManager] waiting for 151 tasks
   - "react-reconciler": "^0.32.0" - react-reconciler@0.32.0
[PackageManager] waiting for 150 tasks
    [202.95ms]
Downloaded object-assign versions
> HTTP/1.1 GET https://registry.npmjs.org/boolbase
> Accept: application/vnd.npm.install-v1+json; q=1.0, application/json; q=0.8, */*
> Connection: keep-alive
> User-Agent: Bun/1.3.9
> Host: registry.npmjs.org
> Accept-Encoding: gzip, deflate, br, zstd

[PackageManager] waiting for 150 tasks
    [207.55ms]
Downloaded event-stream versions
> HTTP/1.1 GET https://registry.npmjs.org/css-what
> Accept: application/vnd.npm.install-v1+json; q=1.0, application/json; q=0.8, */*
> Connection: keep-alive
> User-Agent: Bun/1.3.9
> Host: registry.npmjs.org
> Accept-Encoding: gzip, deflate, br, zstd

[PackageManager] waiting for 150 tasks
   - "object-assign": "latest" - object-assign@4.1.1
[PackageManager] waiting for 149 tasks
   - "event-stream": "3.3.4" - event-stream@3.3.4
Enqueue package manifest for download: through
Enqueue package manifest for download: duplexer
Enqueue package manifest for download: from
Enqueue package manifest for download: map-stream
Enqueue package manifest for download: pause-stream
Enqueue package manifest for download: split
Enqueue package manifest for download: stream-combiner
< 200 OK
< Date: Sat, 03 Oct 2026 22:24:50 GMT
< Content-Type: application/vnd.npm.install-v1+json
< Transfer-Encoding: chunked
< Connection: keep-alive
< set-cookie: __cf_bm=HLFI0afY9OKsOVZIJvZS9ZnaY6mKiRQpg0WneVO7INI-1791066290.701316-1.0.1.1-uHp0UQ7wAbBo44EGxEhg4qq_yNGa3k5hndOdOlhAs01vRrcOs8jY56F8CPs5ZF7OZ_hNPl8ElvgOHyfQy1g2FR5U_I_THJPcEtKdT0by2dc76iOXXdwnM9ubzaKyE9KD; HttpOnly; SameSite=None; Secure; Path=/; Domain=npmjs.org; Expires=Sat, 03 Oct 2026 22:54:50 GMT
< set-cookie: _cfuvid=EuFJT9Pv7QhJ3XshnHJp2pQ_AWvvs8IZZgVtatZpswA-1791066290.701316-1.0.1.1-PfGsb5N8D6Sr.nEiq8qTME1U6lLddN8m_i4lzsSi4P4; HttpOnly; SameSite=None; Secure; Path=/; Domain=npmjs.org
< CF-Ray: a44f5bfceec4bd99-TIA
< CF-Cache-Status: HIT
< ETag: W/"14d60fbdcbef02c4f40215287981c6b8"
< Access-Control-Allow-Origin: *
< Cache-Control: public, max-age=300
< Last-Modified: Fri, 17 Jun 2022 23:46:14 GMT
< Server: cloudflare
< Vary: accept-encoding, accept
< Content-Encoding: br

> HTTP/1.1 GET https://registry.npmjs.org/domutils
> Accept: application/vnd.npm.install-v1+json; q=1.0, application/json; q=0.8, */*
> Connection: keep-alive
> User-Agent: Bun/1.3.9
> Host: registry.npmjs.org
> Accept-Encoding: gzip, deflate, br, zstd

[PackageManager] waiting for 155 tasks
    [198.43ms]
Downloaded faye-websocket versions
[PackageManager] waiting for 155 tasks
   - "faye-websocket": "0.11.x" - faye-websocket@0.11.4
Enqueue package manifest for download: websocket-driver
< 200 OK
< Date: Sat, 03 Oct 2026 22:24:50 GMT
< Content-Type: application/vnd.npm.install-v1+json
< Transfer-Encoding: chunked
< Connection: keep-alive
< set-cookie: __cf_bm=sgUg.QRy.vJxHWZSmQNRv_zqEmduihE4dmE.Qfp088s-1791066290.7067513-1.0.1.1-LIPFBzj_NevTZRvcARfFGPYF3AaERq3QVl1LD7VMRI9udF0szVMHuUI02U7CXKvMXvwknvptas4g5Qn6CpQ.o_qNgcZ4EFhNf2RUeVCXGb6Kp76QSRwJ1ZywS1iWlgdv; HttpOnly; SameSite=None; Secure; Path=/; Domain=npmjs.org; Expires=Sat, 03 Oct 2026 22:54:50 GMT
< set-cookie: _cfuvid=QLiGVllwSJH1SYf1jEnS01ULICmY1SEU3eRpGV1tzuU-1791066290.7067513-1.0.1.1-PviawyU1RXIi5NVhMylEWlQXK0Hg7NDfCke3P7PWM9c; HttpOnly; SameSite=None; Secure; Path=/; Domain=npmjs.org
< CF-Ray: a44f5bfcededf474-TIA
< CF-Cache-Status: HIT
< ETag: W/"f67da1e8021202fa49699e7041f1b712"
< Access-Control-Allow-Origin: *
< Cache-Control: public, max-age=300
< Last-Modified: Fri, 24 Jun 2022 22:00:40 GMT
< Server: cloudflare
< Vary: accept-encoding, accept
< Content-Encoding: br

[PackageManager] waiting for 155 tasks
    [204.59ms]
Downloaded proxy-middleware versions
> HTTP/1.1 GET https://registry.npmjs.org/nth-check
> Accept: application/vnd.npm.install-v1+json; q=1.0, application/json; q=0.8, */*
> Connection: keep-alive
> User-Agent: Bun/1.3.9
> Host: registry.npmjs.org
> Accept-Encoding: gzip, deflate, br, zstd

< 200 OK
< Date: Sat, 03 Oct 2026 22:24:50 GMT
< Content-Type: application/vnd.npm.install-v1+json
< Transfer-Encoding: chunked
< Connection: keep-alive
< set-cookie: __cf_bm=R8FxWndhB0jWLSpdKFO6SaiDIuoJpm69w5asFECIqr0-1791066290.7066598-1.0.1.1-5rNerPplOXKnZKQr4YsKcgorecKWaY2eH7HpOs7OOs6BE1DNx5Jg7mpx9wsCeBZtdkvpgKlBuAMzxLR3.1DcOV2fK0PGpRaIzJID_b9PEZUloBiof7R5W3ur.c3ULv.U; HttpOnly; SameSite=None; Secure; Path=/; Domain=npmjs.org; Expires=Sat, 03 Oct 2026 22:54:50 GMT
< set-cookie: _cfuvid=pUZVCKSIRY3NrpSc32WelriWikXxJAYgLc8qKvpxT3A-1791066290.7066598-1.0.1.1-UB3VTTwhNfSlmK5Nm018WbS7G4jTsYdqgbLDB43UxOQ; HttpOnly; SameSite=None; Secure; Path=/; Domain=npmjs.org
< CF-Ray: a44f5bfceb9b7c08-TIA
< CF-Cache-Status: HIT
< ETag: W/"51b39d8dc70325f763e0ce004042294a"
< Access-Control-Allow-Origin: *
< Cache-Control: public, max-age=300
< Last-Modified: Sun, 20 Sep 2026 22:34:13 GMT
< Server: cloudflare
< Vary: accept-encoding, accept
< Content-Encoding: br

[PackageManager] waiting for 155 tasks
   - "proxy-middleware": "latest" - proxy-middleware@0.15.0
[PackageManager] waiting for 154 tasks
    [222.02ms]
Downloaded yargs versions
> HTTP/1.1 GET https://registry.npmjs.org/domhandler
> Accept: application/vnd.npm.install-v1+json; q=1.0, application/json; q=0.8, */*
> Connection: keep-alive
> User-Agent: Bun/1.3.9
> Host: registry.npmjs.org
> Accept-Encoding: gzip, deflate, br, zstd

[PackageManager] waiting for 154 tasks
   - "yargs": "^13.3.0" - yargs@13.3.2
   - "yargs": "17.7.2" - yargs@17.7.2
Enqueue package manifest for download: y18n
Enqueue package manifest for download: cliui
Enqueue package manifest for download: find-up
Enqueue package manifest for download: set-blocking
Enqueue package manifest for download: string-width
Enqueue package manifest for download: which-module
Enqueue package manifest for download: yargs-parser
Enqueue package manifest for download: get-caller-file
Enqueue package manifest for download: require-directory
Enqueue package manifest for download: require-main-filename
Enqueue package manifest for download: escalade
> HTTP/1.1 GET https://codeload.github.com/tscircuit/bga-fanout-solver/legacy.tar.gz/247c835cb8d69b65e53891dcf869731079415b39
> Connection: keep-alive
> User-Agent: Bun/1.3.9
> Accept: */*
> Host: codeload.github.com
> Accept-Encoding: gzip, deflate, br, zstd

> HTTP/1.1 GET https://codeload.github.com/tscircuit/ti/legacy.tar.gz/57e314be4b2b06bc546d4def7453e619604d1157
> Connection: keep-alive
> User-Agent: Bun/1.3.9
> Accept: */*
> Host: codeload.github.com
> Accept-Encoding: gzip, deflate, br, zstd

> HTTP/1.1 GET https://codeload.github.com/tscircuit/winding-breakout-point-solver/legacy.tar.gz/202dbe9eb0088633b6fa094120dba6f2f41f8803
> Connection: keep-alive
> User-Agent: Bun/1.3.9
> Accept: */*
> Host: codeload.github.com
> Accept-Encoding: gzip, deflate, br, zstd

> HTTP/1.1 GET https://codeload.github.com/tscircuit/via-stitch-solver/legacy.tar.gz/64f2ac7781b795bdc0d74ba411988e60767fa653
> Connection: keep-alive
> User-Agent: Bun/1.3.9
> Accept: */*
> Host: codeload.github.com
> Accept-Encoding: gzip, deflate, br, zstd

> HTTP/1.1 GET https://codeload.github.com/tscircuit/implicit-copper-pour-solver/legacy.tar.gz/a5cbbda0cd65fd4707c5c1af25779837c25aba92
> Connection: keep-alive
> User-Agent: Bun/1.3.9
> Accept: */*
> Host: codeload.github.com
> Accept-Encoding: gzip, deflate, br, zstd

> HTTP/1.1 GET https://codeload.github.com/tscircuit/jlcpcb-manufacturing-specs/legacy.tar.gz/23260504fceffff2d64bf11720f74e974d1d9321
> Connection: keep-alive
> User-Agent: Bun/1.3.9
> Accept: */*
> Host: codeload.github.com
> Accept-Encoding: gzip, deflate, br, zstd

< 200 OK
< Date: Sat, 03 Oct 2026 22:24:50 GMT
< Content-Type: application/vnd.npm.install-v1+json
< Transfer-Encoding: chunked
< Connection: keep-alive
< set-cookie: __cf_bm=XlojjUUT5Cnk1.7Ck04zbsGtelm1Zm5iDHsxGy_EhqI-1791066290.5518262-1.0.1.1-wMyz55XKKnj3GXWcJ2Uz6VL1ZEcbwFKn4jTPELP3S4XS2c86w.i47wSGqxyIB_.Zq1yVaON2lKGAMWoqcaMqtULOVMwkoYKkjcPKwYfH_937dSlSOtzHsaiCbQjBOlc8; HttpOnly; SameSite=None; Secure; Path=/; Domain=npmjs.org; Expires=Sat, 03 Oct 2026 22:54:50 GMT
< set-cookie: _cfuvid=lmb2XHOv4VqgP60h9Mq4TwLK5rU1BRKSmwc3pMh7xok-1791066290.5518262-1.0.1.1-RC5kC.le_Avo9DQBJxQHem43l1zwTRjWWBPnr_TDdxc; HttpOnly; SameSite=None; Secure; Path=/; Domain=npmjs.org
< CF-Ray: a44f5bfbfc12793f-TIA
< CF-Cache-Status: HIT
< ETag: W/"205c4aa1c0a988493c644fe864464620"
< Access-Control-Allow-Origin: *
< Cache-Control: public, max-age=300
< Last-Modified: Fri, 24 Jul 2026 15:23:54 GMT
< Server: cloudflare
< Vary: accept-encoding, accept
< Content-Encoding: br

< 200 OK
< Date: Sat, 03 Oct 2026 22:24:50 GMT
< Content-Type: application/vnd.npm.install-v1+json
< Transfer-Encoding: chunked
< Connection: keep-alive
< set-cookie: __cf_bm=.5EdTB3Ay3RVjfHIsM2L07oqVw11FKW3gbzbuaHF1HE-1791066290.8014207-1.0.1.1-vvxT50UtpMFOWfeRqEWQo2hOsrXytpfMVR0CoGN3oPf.W6pVPE2dJ.zSfh_q9zGG7ijR9aDHCI61sbjKAZ263gX8vzgW_Jvlmw4gMBPDycmxP1Yv1llZaNtOXgNcqYp_; HttpOnly; SameSite=None; Secure; Path=/; Domain=npmjs.org; Expires=Sat, 03 Oct 2026 22:54:50 GMT
< set-cookie: _cfuvid=UELPl4mwXm1qez.vhBKFXDFY7f1ehlc4PaY9y.sEEAE-1791066290.8014207-1.0.1.1-qp5Z8eV4kMxKmbR2q11nUycMssX1y9FVpo70yxD8PT8; HttpOnly; SameSite=None; Secure; Path=/; Domain=npmjs.org
< CF-Ray: a44f5bfd8c387c08-TIA
< CF-Cache-Status: HIT
< ETag: W/"59dd7f1cb8f3ea4a91c0011cf97c19bc"
< Access-Control-Allow-Origin: *
< Cache-Control: public, max-age=300
< Last-Modified: Sun, 19 Jun 2022 13:38:26 GMT
< Server: cloudflare
< Vary: accept-encoding, accept
< Content-Encoding: br

[PackageManager] waiting for 164 tasks
    [198.82ms]
Downloaded lodash.throttle versions
> HTTP/1.1 GET https://registry.npmjs.org/@thednp%2fdommatrix
> Accept: application/vnd.npm.install-v1+json; q=1.0, application/json; q=0.8, */*
> Connection: keep-alive
> User-Agent: Bun/1.3.9
> Host: registry.npmjs.org
> Accept-Encoding: gzip, deflate, br, zstd

< 200 OK
< Date: Sat, 03 Oct 2026 22:24:50 GMT
< Content-Type: application/vnd.npm.install-v1+json
< Transfer-Encoding: chunked
< Connection: keep-alive
< set-cookie: __cf_bm=8UHq..h14OtGvb1uHTfMsGpkII7f7BnSUOwJzHjLHVM-1791066290.8015354-1.0.1.1-atsalWImf25oV8ewTZlWAG8bM_HeQqeW0cThF5TsPWeWE4iIlRMls.xzCtR2OaRNOC6WM2FryYEn7d72uHCLSxo7Y8MFchlhkew9QSpjD7sNCZYlC8mIXFN1ZUOqzE4h; HttpOnly; SameSite=None; Secure; Path=/; Domain=npmjs.org; Expires=Sat, 03 Oct 2026 22:54:50 GMT
< set-cookie: _cfuvid=cRnji8T55Ut.rWR9YZbgOzFCJnte_dKIr_mEHp3E2GA-1791066290.8015354-1.0.1.1-DWXeBmDgYlDKfKff8f0_I_JbKsmLrTV0PwjKFBQklTo; HttpOnly; SameSite=None; Secure; Path=/; Domain=npmjs.org
< CF-Ray: a44f5bfd8f32bd99-TIA
< CF-Cache-Status: HIT
< ETag: W/"d71721fb826e17e28adbc5ba9a5d11ef"
< Access-Control-Allow-Origin: *
< Cache-Control: public, max-age=300
< Last-Modified: Sun, 19 Jun 2022 13:34:34 GMT
< Server: cloudflare
< Vary: accept-encoding, accept
< Content-Encoding: br

[PackageManager] waiting for 164 tasks
   - "lodash.throttle": "^4.1.1" - lodash.throttle@4.1.1
[PackageManager] waiting for 163 tasks
    [203.71ms]
Downloaded lodash.debounce versions
> HTTP/1.1 GET https://registry.npmjs.org/@resvg%2fresvg-js-darwin-x64
> Accept: application/vnd.npm.install-v1+json; q=1.0, application/json; q=0.8, */*
> Connection: keep-alive
> User-Agent: Bun/1.3.9
> Host: registry.npmjs.org
> Accept-Encoding: gzip, deflate, br, zstd

< 200 OK
< Date: Sat, 03 Oct 2026 22:24:50 GMT
< Content-Type: application/vnd.npm.install-v1+json
< Transfer-Encoding: chunked
< Connection: keep-alive
< set-cookie: __cf_bm=7Cd4SPmlhM2fed6.9tNg_hsPjH_vuoWL2s3661mBzfo-1791066290.8067858-1.0.1.1-dZ5VaF6dpfLjhnpF8lal47k.pdKn4QhKFYgtuyVNKA8D6JFLlJ3xfUmMT7D1pzkp6I45_5WZJde5nqc90TW5618V5zGYjfYyx_LGTdw7yOkSY4AUNZEO8zD4i2lhEm.C; HttpOnly; SameSite=None; Secure; Path=/; Domain=npmjs.org; Expires=Sat, 03 Oct 2026 22:54:50 GMT
< set-cookie: _cfuvid=zw4bHOp1mXPdd8NGV5.MsWxPDoE0btFzkG7nlpoGjy4-1791066290.8067858-1.0.1.1-f3QcbsqC0MSe3_m9mmFZ7znxbskFla.8az2Y23zs_Vs; HttpOnly; SameSite=None; Secure; Path=/; Domain=npmjs.org
< CF-Ray: a44f5bfd8d87793f-TIA
< CF-Cache-Status: HIT
< ETag: W/"ab608d3e5eb62f395e5e17b24e41f6f4"
< Access-Control-Allow-Origin: *
< Cache-Control: public, max-age=300
< Last-Modified: Sun, 26 Jul 2026 15:13:38 GMT
< Server: cloudflare
< Vary: accept-encoding, accept
< Content-Encoding: br

< 200 OK
< Date: Sat, 03 Oct 2026 22:24:50 GMT
< Content-Type: application/vnd.npm.install-v1+json
< Transfer-Encoding: chunked
< Connection: keep-alive
< set-cookie: __cf_bm=PZ1LXOISH62ea8imj0ZkGiKQoxL2rZrs2QdDs72bfsU-1791066290.8065042-1.0.1.1-poWOF5Jpg0zSyLh43_i77qiNZewp0sNIOptga4NaoJ0CkXHhcAKHgcwdlo6xxK5vWnIu.Pi2OwGCgJ3pa7Xl5TVLbyXS5Xqa.WH55BkDFWPQHHF9ncMa0GS7jRzTvrb0; HttpOnly; SameSite=None; Secure; Path=/; Domain=npmjs.org; Expires=Sat, 03 Oct 2026 22:54:50 GMT
< set-cookie: _cfuvid=.IWbpSO2doK2FRGC5ZE7qdBt3jI_6GDgMYFdjkCMlFI-1791066290.8065042-1.0.1.1-M1JYDFkayjfRfPb4HIiRKGEC0MK7bbr2S6LDVd7MfoA; HttpOnly; SameSite=None; Secure; Path=/; Domain=npmjs.org
< CF-Ray: a44f5bfd8c407c08-TIA
< CF-Cache-Status: HIT
< ETag: W/"62465925eaabdffc47d7a7159ef06312"
< Access-Control-Allow-Origin: *
< Cache-Control: public, max-age=300
< Last-Modified: Thu, 18 Apr 2024 22:30:14 GMT
< Server: cloudflare
< Vary: accept-encoding, accept
< Content-Encoding: br

[PackageManager] waiting for 163 tasks
    [198.22ms]
Downloaded react-supergrid versions
> HTTP/1.1 GET https://registry.npmjs.org/@resvg%2fresvg-js-darwin-arm64
> Accept: application/vnd.npm.install-v1+json; q=1.0, application/json; q=0.8, */*
> Connection: keep-alive
> User-Agent: Bun/1.3.9
> Host: registry.npmjs.org
> Accept-Encoding: gzip, deflate, br, zstd

< 200 OK
< Date: Sat, 03 Oct 2026 22:24:50 GMT
< Content-Type: application/vnd.npm.install-v1+json
< Transfer-Encoding: chunked
< Connection: keep-alive
< set-cookie: __cf_bm=Fm8OCu.ZDX6iqYG.DXMABtk_bf8KwcBp6G8K4W8pmDk-1791066290.8066711-1.0.1.1-rR4Go5RYdrSp7t437u.T_gdmrwSxqy50j2.vTDojfOGBhz.DlOS8CoH8xg7uXE3qrypAHw_mGUOFcx7Uvh34SrXGcPmynAlPUsepMP_NCUekjRA1AgMnGp_DNmN0C.Q6; HttpOnly; SameSite=None; Secure; Path=/; Domain=npmjs.org; Expires=Sat, 03 Oct 2026 22:54:50 GMT
< set-cookie: _cfuvid=DWVwnX8cRUO2xR0.vmwYmUcKpMZr72TofOzXjtfJzOE-1791066290.8066711-1.0.1.1-x8KQe_tkev9C71hOtgo4L.ZitnN81KhDgDkwDYLESEw; HttpOnly; SameSite=None; Secure; Path=/; Domain=npmjs.org
< CF-Ray: a44f5bfd8a6e9b00-TIA
< CF-Cache-Status: HIT
< ETag: W/"426d553134ac6e39968037c90d4b40ee"
< Access-Control-Allow-Origin: *
< Cache-Control: public, max-age=300
< Last-Modified: Fri, 02 Oct 2026 14:58:25 GMT
< Server: cloudflare
< Vary: accept-encoding, accept
< Content-Encoding: br

< 200 OK
< Date: Sat, 03 Oct 2026 22:24:50 GMT
< Content-Type: application/vnd.npm.install-v1+json
< Transfer-Encoding: chunked
< Connection: keep-alive
< set-cookie: __cf_bm=C0Dr6dwgMRTf71EoEfTKALCw7_.3aC6u6A.xfR.040c-1791066290.806799-1.0.1.1-uz7wS2x8zDhBWeKUBQi03Ns1CuYWPiPxPj3emp_HJ2ZJ53Y80FJ1cT8rxIsWO.fHiLQyJsGyj0KGDB1tMrNjcNEOFv4gX0k2MuUK0pSsZBTme4dScL3wQjbSuqfnoiPm; HttpOnly; SameSite=None; Secure; Path=/; Domain=npmjs.org; Expires=Sat, 03 Oct 2026 22:54:50 GMT
< set-cookie: _cfuvid=mL4bd4lRZM4hetyujkTI9A1MKKLqdhARIg2KH9V.NiU-1791066290.806799-1.0.1.1-bY4EXr908rYzC39Cprhb.pPmq_EvqOUuABsGGzUPrE4; HttpOnly; SameSite=None; Secure; Path=/; Domain=npmjs.org
< CF-Ray: a44f5bfd8e63f474-TIA
< CF-Cache-Status: HIT
< ETag: W/"0a92c5320cfb6b75b6af8436e52ffe56"
< Access-Control-Allow-Origin: *
< Cache-Control: public, max-age=300
< Last-Modified: Mon, 27 Jun 2022 20:50:12 GMT
< Server: cloudflare
< Vary: accept-encoding, accept
< Content-Encoding: br

[PackageManager] waiting for 163 tasks
   - "react-supergrid": "^1.0.10" - react-supergrid@1.0.10
[PackageManager] waiting for 162 tasks
   - "lodash.debounce": "^4.0.8" - lodash.debounce@4.0.8
[PackageManager] waiting for 161 tasks
    [203.47ms]
Downloaded supports-color versions
> HTTP/1.1 GET https://registry.npmjs.org/@resvg%2fresvg-js-android-arm64
> Accept: application/vnd.npm.install-v1+json; q=1.0, application/json; q=0.8, */*
> Connection: keep-alive
> User-Agent: Bun/1.3.9
> Host: registry.npmjs.org
> Accept-Encoding: gzip, deflate, br, zstd

< 200 OK
< Date: Sat, 03 Oct 2026 22:24:50 GMT
< Content-Type: application/vnd.npm.install-v1+json
< Transfer-Encoding: chunked
< Connection: keep-alive
< set-cookie: __cf_bm=gAEu.XIJHZ7D_bZtsXHdx4bvoaSvY86xOtQSfOKFBts-1791066290.8067648-1.0.1.1-i2NPI0.uya0Tw_4Cq9BqdNwF2g54rNV.o90hlChQNrbcha4bVC2WiLPuAYIueFp7Ru96nIZ8cnXnjSKwr.17ATdQXp6wrCQ2GIIhw_MeduAOF9EkMwnBRy5jBcEWUHc0; HttpOnly; SameSite=None; Secure; Path=/; Domain=npmjs.org; Expires=Sat, 03 Oct 2026 22:54:50 GMT
< set-cookie: _cfuvid=vba3O_ZgaZ2QaiapFOlweZrilBsklKXwiUk5PLZyhZ4-1791066290.8067648-1.0.1.1-m22SIiMa839orKGs417rsWI7K6QljuBgWaQJtevmI_k; HttpOnly; SameSite=None; Secure; Path=/; Domain=npmjs.org
< CF-Ray: a44f5bfd8a6d9b00-TIA
< CF-Cache-Status: HIT
< ETag: W/"05dcc4ab8966a774eb759968371e3b2e"
< Access-Control-Allow-Origin: *
< Cache-Control: public, max-age=300
< Last-Modified: Sun, 27 Sep 2026 03:40:46 GMT
< Server: cloudflare
< Vary: accept-encoding, accept
< Content-Encoding: br

> HTTP/1.1 GET https://registry.npmjs.org/@resvg%2fresvg-js-linux-x64-gnu
> Accept: application/vnd.npm.install-v1+json; q=1.0, application/json; q=0.8, */*
> Connection: keep-alive
> User-Agent: Bun/1.3.9
> Host: registry.npmjs.org
> Accept-Encoding: gzip, deflate, br, zstd

[PackageManager] waiting for 161 tasks
    [203.56ms]
Downloaded tree-kill versions
[PackageManager] waiting for 161 tasks
   - "tree-kill": "1.2.2" - tree-kill@1.2.2
[PackageManager] waiting for 160 tasks
   - "supports-color": "8.1.1" - supports-color@8.1.1
Enqueue package manifest for download: has-flag
< 200 OK
< Date: Sat, 03 Oct 2026 22:24:50 GMT
< Content-Type: application/vnd.npm.install-v1+json
< Transfer-Encoding: chunked
< Connection: keep-alive
< set-cookie: __cf_bm=nzdi4auEjlS5.6CR63QUxQnr1LeXIeJNEyNVhRy1f5g-1791066290.8069875-1.0.1.1-GsZzX9N123Ly9kQqBiZopcO6j.86B0y6fgFU0LOfoM.ea0gl8uAb4hIGV_ocXS8IxuEQ3_jv2Kw8nLU_No7XQTFAjXGrnSLLBpEe4lkxCjheQfeuPAcslWDw5J7_r86E; HttpOnly; SameSite=None; Secure; Path=/; Domain=npmjs.org; Expires=Sat, 03 Oct 2026 22:54:50 GMT
< set-cookie: _cfuvid=J553Oed8byCADVa87kIKdqg47QpzNdfCOGBkrJpz.y8-1791066290.8069875-1.0.1.1-4uuB3O7u88.eCXhRsU9mAQnagYMZWGCDOnEvWg_Pwvc; HttpOnly; SameSite=None; Secure; Path=/; Domain=npmjs.org
< CF-Ray: a44f5bfd8d88793f-TIA
< CF-Cache-Status: HIT
< ETag: W/"8220d687eb71c2e299e57a68854cfdaf"
< Access-Control-Allow-Origin: *
< Cache-Control: public, max-age=300
< Last-Modified: Fri, 05 Jun 2026 09:14:47 GMT
< Server: cloudflare
< Vary: accept-encoding, accept
< Content-Encoding: br

[PackageManager] waiting for 160 tasks
    [204.61ms]
Downloaded flatqueue versions
> HTTP/1.1 GET https://registry.npmjs.org/@resvg%2fresvg-js-linux-x64-musl
> Accept: application/vnd.npm.install-v1+json; q=1.0, application/json; q=0.8, */*
> Connection: keep-alive
> User-Agent: Bun/1.3.9
> Host: registry.npmjs.org
> Accept-Encoding: gzip, deflate, br, zstd

[PackageManager] waiting for 160 tasks
   - "flatqueue": "^3.1.0" - flatqueue@3.1.0
[PackageManager] waiting for 159 tasks
    [206.00ms]
Downloaded shell-quote versions
< 200 OK
< Date: Sat, 03 Oct 2026 22:24:50 GMT
< Content-Type: application/vnd.npm.install-v1+json
< Transfer-Encoding: chunked
< Connection: keep-alive
< set-cookie: __cf_bm=QZAzgDhYe2iy3UZdyAl4eEWpxgGzR7IWix8n7KluTaE-1791066290.809888-1.0.1.1-GFQCrHDoHa2oKGqF0UjL6zmKUnRpHH53.lLEqAWfjv_BN9PpaglhyTkhFbq8dBdik6pEIMVWS_9615N.m4dZ3Ig.jpRnz2.SFc3OB4_pvH9lqX5wAhPuRm8HdTkz4zpt; HttpOnly; SameSite=None; Secure; Path=/; Domain=npmjs.org; Expires=Sat, 03 Oct 2026 22:54:50 GMT
< set-cookie: _cfuvid=.647vmbsaRDh8DP1MOEiW2sURymHT224TVY7IUNONLI-1791066290.809888-1.0.1.1-Ult7AhIpHsgppLBBOdpbA.Udx6VRmfzArnxHa0BZ4pg; HttpOnly; SameSite=None; Secure; Path=/; Domain=npmjs.org
< CF-Ray: a44f5bfd8f3ebd99-TIA
< CF-Cache-Status: HIT
< ETag: W/"e39746063ffd790a54ba84e6f08110be"
< Access-Control-Allow-Origin: *
< Cache-Control: public, max-age=300
< Last-Modified: Sat, 16 Aug 2025 04:17:04 GMT
< Server: cloudflare
< Vary: accept-encoding, accept
< Content-Encoding: br

[PackageManager] waiting for 159 tasks
    [200.91ms]
Downloaded use-mouse-matrix-transform versions
< 200 OK
< Date: Sat, 03 Oct 2026 22:24:50 GMT
< Content-Type: application/vnd.npm.install-v1+json
< Transfer-Encoding: chunked
< Connection: keep-alive
< set-cookie: __cf_bm=qaz8LEOkovALyI5mfUezKSYKB0cM0PaJSLjJf5cTG8w-1791066290.809593-1.0.1.1-72oojqjVlfsBVOHslVQebeMDSdbO6349w9MFfljRkIzmt06LXVbTD_Tg.HnM.O7HLLnh6AXWJ8EhhEJy.Tg_fv6R8NFZKtyJMt0LyZgKJbl6oaH18ngXva1ta7fz0.Fb; HttpOnly; SameSite=None; Secure; Path=/; Domain=npmjs.org; Expires=Sat, 03 Oct 2026 22:54:50 GMT
< set-cookie: _cfuvid=eYIDeJjVgFYvqNY1ruo4nl8WL3pAIY_SFK8pOZBQFac-1791066290.809593-1.0.1.1-Waio5bh0hwACKoEsqAuu6yG92RA1fKoWyvu67sNkkkQ; HttpOnly; SameSite=None; Secure; Path=/; Domain=npmjs.org
< CF-Ray: a44f5bfd8c437c08-TIA
< CF-Cache-Status: HIT
< ETag: W/"fe6bcc952a30b87ad90f7c3d809d7129"
< Access-Control-Allow-Origin: *
< Cache-Control: public, max-age=300
< Last-Modified: Sun, 22 Dec 2024 15:13:16 GMT
< Server: cloudflare
< Vary: accept-encoding, accept
< Content-Encoding: br

[PackageManager] waiting for 159 tasks
   - "shell-quote": "1.9.0" - shell-quote@1.9.0
[PackageManager] waiting for 158 tasks
    [199.94ms]
Downloaded bundle-require versions
[PackageManager] waiting for 158 tasks
    [459.06ms]
Downloaded @octokit/action versions
< 200 OK
< Date: Sat, 03 Oct 2026 22:24:51 GMT
< Content-Type: application/vnd.npm.install-v1+json
< Transfer-Encoding: chunked
< Connection: keep-alive
< set-cookie: __cf_bm=qsR3Xy0a23l_M2S5OapE0SAvU2UR8sBcFhMqLtOV9yQ-1791066290.809794-1.0.1.1-6SAqxhVNo62lOyApTQrtGy_YtUIFjv3aAwFuN3q2WBv7aCI9GGw3X6FOmN.mBoW4e.4yhtsfCMl1Lp7Tpr_ibyQRquNseTkgqbmY7vsUkPbZiBV92konc1ccP08SdfwN; HttpOnly; SameSite=None; Secure; Path=/; Domain=npmjs.org; Expires=Sat, 03 Oct 2026 22:54:50 GMT
< set-cookie: _cfuvid=sofEYM4vgpwX8kYwmvn9qfsO6GHjPIEkAg1PMj.Zu6I-1791066290.809794-1.0.1.1-UMogsM6MHhzxqpoX4W40Ety4qzjUpUYOsXCF32SRL94; HttpOnly; SameSite=None; Secure; Path=/; Domain=npmjs.org
< CF-Ray: a44f5bfd8fe4a5b3-TIA
< CF-Cache-Status: HIT
< ETag: W/"bd3f0ddc99389220bda986b690924b61"
< Access-Control-Allow-Origin: *
< Cache-Control: public, max-age=300
< Last-Modified: Tue, 18 Mar 2025 10:17:45 GMT
< Server: cloudflare
< Vary: accept-encoding, accept
< Content-Encoding: br

< 200 OK
< Date: Sat, 03 Oct 2026 22:24:51 GMT
< Content-Type: application/vnd.npm.install-v1+json
< Transfer-Encoding: chunked
< Connection: keep-alive
< set-cookie: __cf_bm=NRPT_YqqreABzWEk3kN5U2SsWLhgJlxcvcjaP5Rz1n8-1791066290.8068192-1.0.1.1-jiD62PCG3zLqtVdcgE7KZEkkIyYkDZveSjXbmbDSLHVz6iLxHF8tayPrZMOHI6k8cysMJ_KuxDuXX5DAeW6qRQPrysEVMMmcaTs5w2jA9oem.PE3JcIbeTWLIhOLRNjS; HttpOnly; SameSite=None; Secure; Path=/; Domain=npmjs.org; Expires=Sat, 03 Oct 2026 22:54:50 GMT
< set-cookie: _cfuvid=Va33wE4Jgr5_KhVGZmHPp41nKXiVS9TFVhtKERdCZ0Y-1791066290.8068192-1.0.1.1-EXuGUEfRcOtTyMfKIgI5Y1p84YgaLT_6cCtcka_I1lg; HttpOnly; SameSite=None; Secure; Path=/; Domain=npmjs.org
< CF-Ray: a44f5bfd8a6f9b00-TIA
< CF-Cache-Status: HIT
< ETag: W/"aa087c0e8927bc5a6820282f57b28c4d"
< Access-Control-Allow-Origin: *
< Cache-Control: public, max-age=300
< Last-Modified: Fri, 23 Feb 2024 08:48:59 GMT
< Server: cloudflare
< Vary: accept-encoding, accept
< Content-Encoding: br

< 200 OK
< Date: Sat, 03 Oct 2026 22:24:51 GMT
< Content-Type: application/vnd.npm.install-v1+json
< Transfer-Encoding: chunked
< Connection: keep-alive
< set-cookie: __cf_bm=PjUIVB2GAyP6XA7vp__E_19T01IHGsKnH8lzb3OBOH0-1791066290.8071482-1.0.1.1-YMOMdiMafH8DVALWiV4FGin.WRyecleXg9kRBPXY51F4L_B_9z5krx5DOUO2.dSxHG_cAu_cYdMsPMkINT7iUGNeLq80KckO1DF9J.HecefaXOS6q8h4PDE_yHmJVS5l; HttpOnly; SameSite=None; Secure; Path=/; Domain=npmjs.org; Expires=Sat, 03 Oct 2026 22:54:50 GMT
< set-cookie: _cfuvid=KlqIs39GHUgKgR0NFYWc49EAzITFyYGD0KwVbosOrsk-1791066290.8071482-1.0.1.1-kXec0xk71LwoXrNl6TfU36zjlDuTKOB9_aT_WG_S5Xs; HttpOnly; SameSite=None; Secure; Path=/; Domain=npmjs.org
< CF-Ray: a44f5bfd8e64f474-TIA
< CF-Cache-Status: HIT
< ETag: W/"0604e81c7f07b46632ddeddea560aff5"
< Access-Control-Allow-Origin: *
< Cache-Control: public, max-age=300
< Last-Modified: Thu, 18 Dec 2025 07:13:31 GMT
< Server: cloudflare
< Vary: accept-encoding, accept
< Content-Encoding: br

> HTTP/1.1 GET https://registry.npmjs.org/@resvg%2fresvg-js-win32-x64-msvc
> Accept: application/vnd.npm.install-v1+json; q=1.0, application/json; q=0.8, */*
> Connection: keep-alive
> User-Agent: Bun/1.3.9
> Host: registry.npmjs.org
> Accept-Encoding: gzip, deflate, br, zstd

> HTTP/1.1 GET https://registry.npmjs.org/@resvg%2fresvg-js-linux-arm64-gnu
> Accept: application/vnd.npm.install-v1+json; q=1.0, application/json; q=0.8, */*
> Connection: keep-alive
> User-Agent: Bun/1.3.9
> Host: registry.npmjs.org
> Accept-Encoding: gzip, deflate, br, zstd

> HTTP/1.1 GET https://registry.npmjs.org/@resvg%2fresvg-js-win32-ia32-msvc
> Accept: application/vnd.npm.install-v1+json; q=1.0, application/json; q=0.8, */*
> Connection: keep-alive
> User-Agent: Bun/1.3.9
> Host: registry.npmjs.org
> Accept-Encoding: gzip, deflate, br, zstd

> HTTP/1.1 GET https://registry.npmjs.org/@resvg%2fresvg-js-android-arm-eabi
> Accept: application/vnd.npm.install-v1+json; q=1.0, application/json; q=0.8, */*
> Connection: keep-alive
> User-Agent: Bun/1.3.9
> Host: registry.npmjs.org
> Accept-Encoding: gzip, deflate, br, zstd

< 200 OK
< Date: Sat, 03 Oct 2026 22:24:51 GMT
< Content-Type: application/vnd.npm.install-v1+json
< Transfer-Encoding: chunked
< Connection: keep-alive
< set-cookie: __cf_bm=bUMcuMMhpciiaLqEehoZyoqzjRoBlwyOuF_J.rHz4UM-1791066290.8097575-1.0.1.1-NPG6gGJMmNq.HIfyxt_FQX_E9UEqjNZsXq1rThpAByQmL8D7rgu6i_kAWD5x_KmLh62EYG0L1ebuV2nANeXUmdZaaVCGekzzpNZC4pxi74Xsb_B9To09fcS0YzqAUh5L; HttpOnly; SameSite=None; Secure; Path=/; Domain=npmjs.org; Expires=Sat, 03 Oct 2026 22:54:50 GMT
< set-cookie: _cfuvid=Qjqi5XErNjJasGYtu1wSk2cVtTShvO791xW6o49okSI-1791066290.8097575-1.0.1.1-K.nFOYrLOY14t6Bb1mGQ.yJJheAROnUmAZgrowz0fJg; HttpOnly; SameSite=None; Secure; Path=/; Domain=npmjs.org
< CF-Ray: a44f5bfd8e65f474-TIA
< CF-Cache-Status: HIT
< ETag: W/"51a97942b69cd10fb8eccd53fe56fc6b"
< Access-Control-Allow-Origin: *
< Cache-Control: public, max-age=300
< Last-Modified: Fri, 27 Feb 2026 14:52:31 GMT
< Server: cloudflare
< Vary: accept-encoding, accept
< Content-Encoding: br

< 200 OK
< Date: Sat, 03 Oct 2026 22:24:51 GMT
< Content-Type: application/vnd.npm.install-v1+json
< Transfer-Encoding: chunked
< Connection: keep-alive
< set-cookie: __cf_bm=T71wSHUktJJQuhi6J33FFIXvg8HHwwmRdoourX_3lcU-1791066290.8097136-1.0.1.1-lyC9GMqR5jKvAhyxWwMw7tTfivfSGt3C9fElgWcEUviGLJNBWcrSETIqQttr_aEENqREYZFHb3StbE3Oby7wyfG2_yfkpNULTwMa5Xu2cBVUnoyj_s9g8p0Wn.nYWBXL; HttpOnly; SameSite=None; Secure; Path=/; Domain=npmjs.org; Expires=Sat, 03 Oct 2026 22:54:50 GMT
< set-cookie: _cfuvid=TFBJP7hM_JJmaJIT98vNT57hYLrqHk9y0B7FPrAN9Qc-1791066290.8097136-1.0.1.1-qydPNMt0wO3rBPN4Vz4w7MBoxre30K1G0sGddu2fNUw; HttpOnly; SameSite=None; Secure; Path=/; Domain=npmjs.org
< CF-Ray: a44f5bfd8a739b00-TIA
< CF-Cache-Status: HIT
< ETag: W/"d7b50de059b85ae901f21875836de052"
< Access-Control-Allow-Origin: *
< Cache-Control: public, max-age=300
< Last-Modified: Tue, 18 Mar 2025 10:04:13 GMT
< Server: cloudflare
< Vary: accept-encoding, accept
< Content-Encoding: br

[PackageManager] waiting for 158 tasks
   - "use-mouse-matrix-transform": "^1.3.0" - use-mouse-matrix-transform@1.3.5
[PackageManager] waiting for 157 tasks
   - "@octokit/action": "^6.1.0" - @octokit/action@6.1.0
Enqueue package manifest for download: undici
Enqueue package manifest for download: @octokit/core
Enqueue package manifest for download: @octokit/types
Enqueue package manifest for download: @octokit/auth-action
Enqueue package manifest for download: @octokit/plugin-paginate-rest
Enqueue package manifest for download: @octokit/plugin-rest-endpoint-methods
< 200 OK
< Date: Sat, 03 Oct 2026 22:24:51 GMT
< Content-Type: application/vnd.npm.install-v1+json
< Transfer-Encoding: chunked
< Connection: keep-alive
< set-cookie: __cf_bm=LZCIaooJSmObXrFVaAcGpTBJoTQSpRhb0VkjBfQ_ke0-1791066290.8066096-1.0.1.1-RSpgYE7PlLFs4ESS0QisOypaY.n0uT.fDtKBlNjATdc6Bjtk5kt69gGlxwxW0w0ZeK7LpbidfB1aWcOw_YXd._82zRYWPW5kXFnMur19x4.My8jbYvBuCT1Zc8On9ICK; HttpOnly; SameSite=None; Secure; Path=/; Domain=npmjs.org; Expires=Sat, 03 Oct 2026 22:54:50 GMT
< set-cookie: _cfuvid=XOUQVybJznY_KXdjp_Kh0ob94XxkWNmB7jY3Gz24c3E-1791066290.8066096-1.0.1.1-z5dvXnDOMVx_Sve5WXrS8FQc589bmPoskSxt.tBlJ30; HttpOnly; SameSite=None; Secure; Path=/; Domain=npmjs.org
< CF-Ray: a44f5bfd883751a4-TIA
< CF-Cache-Status: HIT
< ETag: W/"606deb818da6ebc0e64478550456fd85"
< Access-Control-Allow-Origin: *
< Cache-Control: public, max-age=300
< Last-Modified: Mon, 17 Jul 2023 15:58:49 GMT
< Server: cloudflare
< Vary: accept-encoding, accept
< Content-Encoding: br

[PackageManager] waiting for 162 tasks
    [201.49ms]
Downloaded fix-dts-default-cjs-exports versions
> HTTP/1.1 GET https://registry.npmjs.org/@resvg%2fresvg-js-linux-arm64-musl
> Accept: application/vnd.npm.install-v1+json; q=1.0, application/json; q=0.8, */*
> Connection: keep-alive
> User-Agent: Bun/1.3.9
> Host: registry.npmjs.org
> Accept-Encoding: gzip, deflate, br, zstd

[PackageManager] waiting for 162 tasks
< 200 OK
< Date: Sat, 03 Oct 2026 22:24:51 GMT
< Content-Type: application/vnd.npm.install-v1+json
< Transfer-Encoding: chunked
< Connection: keep-alive
< set-cookie: __cf_bm=6VemV7JiZYJA.1j2cxNfFu1QOpb5Sxu3K4T.0kUBpSo-1791066290.8096437-1.0.1.1-ym3jFNYInILA71WtIolMYohXJPwHmW1ZQj42AKVBE0.Pn3jpxp0yvCW.vigO_qKRvRYLOWXhVDtF907oZG8RU6hFhUVqyplSr3cH10j3mcouMnwW2UvFCcIya4dED36Z; HttpOnly; SameSite=None; Secure; Path=/; Domain=npmjs.org; Expires=Sat, 03 Oct 2026 22:54:51 GMT
< set-cookie: _cfuvid=ZGspE3Bzpio8xDsviP1Tv.0wThfN9cF_Yin3dLNm4UA-1791066290.8096437-1.0.1.1-3yY578j5k9sTX_JsGYV43YokA0fi7TEiHP_NKTavcSo; HttpOnly; SameSite=None; Secure; Path=/; Domain=npmjs.org
< CF-Ray: a44f5bfd884051a4-TIA
< CF-Cache-Status: HIT
< ETag: W/"9a1e5161eccc0b29cda3f3743e1c9d9d"
< Access-Control-Allow-Origin: *
< Cache-Control: public, max-age=300
< Last-Modified: Mon, 08 Sep 2025 19:56:55 GMT
< Server: cloudflare
< Vary: accept-encoding, accept
< Content-Encoding: br

   - "fix-dts-default-cjs-exports": "^1.0.0" - fix-dts-default-cjs-exports@1.0.1
Enqueue package manifest for download: magic-string
[PackageManager] waiting for 162 tasks
   - "bundle-require": "^5.1.0" - bundle-require@5.1.0
Enqueue package manifest for download: load-tsconfig
[PackageManager] waiting for 162 tasks
    [208.56ms]
Downloaded fast-png versions
> HTTP/1.1 GET https://registry.npmjs.org/@resvg%2fresvg-js-win32-arm64-msvc
> Accept: application/vnd.npm.install-v1+json; q=1.0, application/json; q=0.8, */*
> Connection: keep-alive
> User-Agent: Bun/1.3.9
> Host: registry.npmjs.org
> Accept-Encoding: gzip, deflate, br, zstd

[PackageManager] waiting for 162 tasks
    [212.04ms]
Downloaded chalk versions
< 200 OK
< Date: Sat, 03 Oct 2026 22:24:51 GMT
< Content-Type: application/vnd.npm.install-v1+json
< Transfer-Encoding: chunked
< Connection: keep-alive
< set-cookie: __cf_bm=OXcoPQx1DdXL_reoZYywdgzfBFiNZy9clGIFQXIvWAQ-1791066290.8127227-1.0.1.1-MWKetvgOllvJaCP0RXpd1H.qf0.jQm7sWMJpV7503bHkTLTutS98_w1V.p.XtVvpWkgBWqMLzOe9wNZHUQ_adLt8I3TsFSF0.M6l6RmzjboM7CqXGwrNQpu_XzYzgM5X; HttpOnly; SameSite=None; Secure; Path=/; Domain=npmjs.org; Expires=Sat, 03 Oct 2026 22:54:51 GMT
< set-cookie: _cfuvid=2Pb82Zn0IsCKXHkNHURYxFEJuuSzaFewrNv.fGLlmBk-1791066290.8127227-1.0.1.1-bf_LSo_6DXY3yRMVUMppmBvn8nYdCDQ5TUveH3CQyS8; HttpOnly; SameSite=None; Secure; Path=/; Domain=npmjs.org
< CF-Ray: a44f5bfd9d93793f-TIA
< CF-Cache-Status: HIT
< ETag: W/"d3dc14ad613972db651d269b234d8420"
< Access-Control-Allow-Origin: *
< Cache-Control: public, max-age=300
< Last-Modified: Sun, 19 Jun 2022 04:50:44 GMT
< Server: cloudflare
< Vary: accept-encoding, accept
< Content-Encoding: br

   - "fast-png": "^8.0.0" - fast-png@8.0.0
Enqueue package manifest for download: fflate
Enqueue package manifest for download: iobuffer
> HTTP/1.1 GET https://registry.npmjs.org/@resvg%2fresvg-js-linux-arm-gnueabihf
> Accept: application/vnd.npm.install-v1+json; q=1.0, application/json; q=0.8, */*
> Connection: keep-alive
> User-Agent: Bun/1.3.9
> Host: registry.npmjs.org
> Accept-Encoding: gzip, deflate, br, zstd

[PackageManager] waiting for 163 tasks
[PackageManager] waiting for 163 tasks
   - "chalk": "4.1.2" - chalk@4.1.2
Enqueue package manifest for download: ansi-styles
   - "supports-color": "^7.1.0" - supports-color@7.2.0
< 200 OK
< Date: Sat, 03 Oct 2026 22:24:51 GMT
< Content-Type: application/vnd.npm.install-v1+json
< Transfer-Encoding: chunked
< Connection: keep-alive
< set-cookie: __cf_bm=7gsk_e13cM4LIzm21GzsiEwhxtQA5xqr_2hGAVBqGwA-1791066290.8157573-1.0.1.1-dNtgIW9j2JwdsdLhx9_5RaVjMaLnx1uExZJviw.xaTYsDixRsfh6dehRHOXcLe0tNLHmn71e8in8atIbNJ47Xwahasbcekgpym2O63xUsM9tCB9ASYRgsYJr6_L.dky4; HttpOnly; SameSite=None; Secure; Path=/; Domain=npmjs.org; Expires=Sat, 03 Oct 2026 22:54:51 GMT
< set-cookie: _cfuvid=c6LIlfJt3WPtPCwA4un0hBtcJvr1xtpz2.ZQozvhC4A-1791066290.8157573-1.0.1.1-B_72MeOr0cj.yhr7KxQ.S4ep45Na0WvT2hDq0Cn1ANA; HttpOnly; SameSite=None; Secure; Path=/; Domain=npmjs.org
< CF-Ray: a44f5bfd9a7b9b00-TIA
< CF-Cache-Status: HIT
< ETag: W/"99e1b847a4f63bbfde36a989f4361c51"
< Access-Control-Allow-Origin: *
< Cache-Control: public, max-age=300
< Last-Modified: Wed, 16 Oct 2024 18:20:05 GMT
< Server: cloudflare
< Vary: accept-encoding, accept
< Content-Encoding: br

[PackageManager] waiting for 163 tasks
    [210.64ms]
Downloaded svgson versions
> HTTP/1.1 GET https://registry.npmjs.org/@biomejs%2fcli-linux-x64
> Accept: application/vnd.npm.install-v1+json; q=1.0, application/json; q=0.8, */*
> Connection: keep-alive
> User-Agent: Bun/1.3.9
> Host: registry.npmjs.org
> Accept-Encoding: gzip, deflate, br, zstd

[PackageManager] waiting for 163 tasks
   - "svgson": "^5.3.1" - svgson@5.3.1
Enqueue package manifest for download: deep-rename-keys
Enqueue package manifest for download: xml-reader
[PackageManager] waiting for 164 tasks
    [210.06ms]
Downloaded ms versions
[PackageManager] waiting for 164 tasks
    [205.02ms]
Downloaded picocolors versions
> HTTP/1.1 GET https://registry.npmjs.org/@biomejs%2fcli-win32-x64
> Accept: application/vnd.npm.install-v1+json; q=1.0, application/json; q=0.8, */*
> Connection: keep-alive
> User-Agent: Bun/1.3.9
> Host: registry.npmjs.org
> Accept-Encoding: gzip, deflate, br, zstd

[PackageManager] waiting for 164 tasks
> HTTP/1.1 GET https://registry.npmjs.org/@biomejs%2fcli-darwin-x64
> Accept: application/vnd.npm.install-v1+json; q=1.0, application/json; q=0.8, */*
> Connection: keep-alive
> User-Agent: Bun/1.3.9
> Host: registry.npmjs.org
> Accept-Encoding: gzip, deflate, br, zstd

   - "ms": "^2.1.3" - ms@2.1.3
   - "ms": "2.0.0" - ms@2.0.0
< 200 OK
< Date: Sat, 03 Oct 2026 22:24:51 GMT
< Content-Type: application/vnd.npm.install-v1+json
< Transfer-Encoding: chunked
< Connection: keep-alive
< set-cookie: __cf_bm=oUpIQCEIaNoJ3p4G4P5k5Lov2h2gKmwK9iVdRUyN1M0-1791066290.8190866-1.0.1.1-HefSd2WVIOS5oZt0PADqx5oeCgyWYIqusY6b6v.h8jmdFh4R1Xc5tI6HtrobMSjb5yGmg4C8gaafP.ZoWfpNRV8D67xUOgmDEpvwMRzv_5yC.VLEO.0N5ujl15xn.Nry; HttpOnly; SameSite=None; Secure; Path=/; Domain=npmjs.org; Expires=Sat, 03 Oct 2026 22:54:51 GMT
< set-cookie: _cfuvid=HBfEVBhnUIbiN8mbIYSZ1pqt9JC46mOVfzkrMyoT7go-1791066290.8190866-1.0.1.1-ZwhVCmcknTPd_l8SibL144Rr92ApV3TbOOTsOekDfH4; HttpOnly; SameSite=None; Secure; Path=/; Domain=npmjs.org
< CF-Ray: a44f5bfd9f47bd99-TIA
< CF-Cache-Status: HIT
< ETag: W/"258be179a6c42dbe329fdf30157e955f"
< Access-Control-Allow-Origin: *
< Cache-Control: public, max-age=300
< Last-Modified: Sun, 02 Jun 2024 19:02:05 GMT
< Server: cloudflare
< Vary: accept-encoding, accept
< Content-Encoding: br

< 200 OK
< Date: Sat, 03 Oct 2026 22:24:51 GMT
< Content-Type: application/vnd.npm.install-v1+json
< Transfer-Encoding: chunked
< Connection: keep-alive
< set-cookie: __cf_bm=am98a6MmPTjfmRDgaRSFwSIjbr1ASYZe7HvFRa0d66I-1791066290.8222005-1.0.1.1-SMeO.yZVKYCm49kEODJHIqtBcZtDNeGzraNm5mVfMlJsT8._8UrTxhCptqvy.KwXUTPPyM3Fiau1ev6kFrlpZY9vGwm0J2abwCZTrSutW3ZtwsYCJsKBgcF0ZFOvnLZY; HttpOnly; SameSite=None; Secure; Path=/; Domain=npmjs.org; Expires=Sat, 03 Oct 2026 22:54:51 GMT
< set-cookie: _cfuvid=wyWNj9zeY0N5_S8ZeJOatJVTrG.yx_YcrqDgH05BIIw-1791066290.8222005-1.0.1.1-1ffW1hx2h78LlxM_nMrExtbU_HmH2tNOIkj15vJj19k; HttpOnly; SameSite=None; Secure; Path=/; Domain=npmjs.org
< CF-Ray: a44f5bfdaa809b00-TIA
< CF-Cache-Status: HIT
< ETag: W/"ddbd842ecc0608bc0afd108f17499def"
< Access-Control-Allow-Origin: *
< Cache-Control: public, max-age=300
< Last-Modified: Thu, 03 Sep 2026 08:50:08 GMT
< Server: cloudflare
< Vary: accept-encoding, accept
< Content-Encoding: br

[PackageManager] waiting for 163 tasks
   - "picocolors": "^1.1.1" - picocolors@1.1.1
< 200 OK
< Date: Sat, 03 Oct 2026 22:24:51 GMT
< Content-Type: application/vnd.npm.install-v1+json
< Transfer-Encoding: chunked
< Connection: keep-alive
< set-cookie: __cf_bm=PIKWlYhiO8irzIZOeHMY_w.MBKuXyonfpYgi.5zmd1o-1791066290.8218625-1.0.1.1-SyCGsJczS0lvx.Kfkb2oCtLtBl0QO.ts89rCl3t48vnnkx2ygx.laV2RcGVi7CZ5u.Hpj53Ih_7tR4ybFoLtDaZV.wlj0JWGUT5fyNy3vqXmdDplDzQtyv0a63rjuLPW; HttpOnly; SameSite=None; Secure; Path=/; Domain=npmjs.org; Expires=Sat, 03 Oct 2026 22:54:51 GMT
< set-cookie: _cfuvid=_x66NUyiL63lgHSnGBm8QsDaBEw1FfpDcsdRKblRzrE-1791066290.8218625-1.0.1.1-OFI0In1fkMFehuYVE4qXcLUodmnxLnQIFUQjxXcl9EI; HttpOnly; SameSite=None; Secure; Path=/; Domain=npmjs.org
< CF-Ray: a44f5bfdac557c08-TIA
< CF-Cache-Status: HIT
< ETag: W/"c2bc8ab205e703ee00434431c5ade60d"
< Access-Control-Allow-Origin: *
< Cache-Control: public, max-age=300
< Last-Modified: Thu, 22 Jun 2023 16:33:47 GMT
< Server: cloudflare
< Vary: accept-encoding, accept
< Content-Encoding: br

< 200 OK
< Date: Sat, 03 Oct 2026 22:24:51 GMT
< Content-Type: application/vnd.npm.install-v1+json
< Transfer-Encoding: chunked
< Connection: keep-alive
< set-cookie: __cf_bm=Kz7bvZXgEe.S0LveBFY1hgjlPqVoFs9TVl_sDvvb.go-1791066290.8096101-1.0.1.1-1Q6NjEEYSrkOQ6hh3DRePN2QXiCzTwPG6gVy9IBwQ8KUrlGIKB_OdBA5jcvV3_ILvuKOVMlby1i_ffe8RVKUY1MqKeQ8DvBUVIC2FgTEX3KfafyfSIClMhruLwshxfca; HttpOnly; SameSite=None; Secure; Path=/; Domain=npmjs.org; Expires=Sat, 03 Oct 2026 22:54:50 GMT
< set-cookie: _cfuvid=j1uigqrA_0J0w.yExbux7YE3jfMJ3FG_GVazpPEM_LA-1791066290.8096101-1.0.1.1-r7pHsoygBQn.EAxjA1g_9FMwoBNqVDVJ.sx1dN4oh3k; HttpOnly; SameSite=None; Secure; Path=/; Domain=npmjs.org
< CF-Ray: a44f5bfd8fe5a5b3-TIA
< CF-Cache-Status: HIT
< ETag: W/"e10724ee3621723e533591bcc436decd"
< Access-Control-Allow-Origin: *
< Cache-Control: public, max-age=300
< Last-Modified: Sat, 08 Aug 2026 20:00:57 GMT
< Server: cloudflare
< Vary: accept-encoding, accept
< Content-Encoding: br

[PackageManager] waiting for 162 tasks
    [199.76ms]
Downloaded resolve-from versions
> HTTP/1.1 GET https://registry.npmjs.org/@biomejs%2fcli-linux-arm64
> Accept: application/vnd.npm.install-v1+json; q=1.0, application/json; q=0.8, */*
> Connection: keep-alive
> User-Agent: Bun/1.3.9
> Host: registry.npmjs.org
> Accept-Encoding: gzip, deflate, br, zstd

[PackageManager] waiting for 162 tasks
   - "resolve-from": "^5.0.0" - resolve-from@5.0.0
[PackageManager] waiting for 161 tasks
    [210.41ms]
Downloaded joycon versions
> HTTP/1.1 GET https://registry.npmjs.org/@biomejs%2fcli-win32-arm64
> Accept: application/vnd.npm.install-v1+json; q=1.0, application/json; q=0.8, */*
> Connection: keep-alive
> User-Agent: Bun/1.3.9
> Host: registry.npmjs.org
> Accept-Encoding: gzip, deflate, br, zstd

[PackageManager] waiting for 161 tasks
   - "joycon": "^3.1.1" - joycon@3.1.1
< 200 OK
< Date: Sat, 03 Oct 2026 22:24:51 GMT
< Content-Type: application/vnd.npm.install-v1+json
< Transfer-Encoding: chunked
< Connection: keep-alive
< set-cookie: __cf_bm=n2xazrC8iBEhudoSTZdXyaCE5LxWa3WjbqKSa6GFINs-1791066290.8219883-1.0.1.1-ri7UJbkAisB7sejMC9I5YbequkyDwz3hlE8RS9yGQ7fUKzknWJMVrIQDzIVzYgJ1nbBWl_lDlpXeSh3WsoUSypZGVczoPlMaDIAGPysRXESQWS7htPUgMyTb_SqazFBm; HttpOnly; SameSite=None; Secure; Path=/; Domain=npmjs.org; Expires=Sat, 03 Oct 2026 22:54:51 GMT
< set-cookie: _cfuvid=pS6W.N7Rp0tMv5q.QiEbmNvm1I48wVjc4Ubw1F96gxY-1791066290.8219883-1.0.1.1-jSAoeXktDhOakBi44g0QRUdTtiOe1ECPzulSyYskh6o; HttpOnly; SameSite=None; Secure; Path=/; Domain=npmjs.org
< CF-Ray: a44f5bfdae705f50-TIA
< CF-Cache-Status: HIT
< ETag: W/"a0988476cecd1d8b4aef7e9f15452316"
< Access-Control-Allow-Origin: *
< Cache-Control: public, max-age=300
< Last-Modified: Wed, 19 Nov 2025 17:10:53 GMT
< Server: cloudflare
< Vary: accept-encoding, accept
< Content-Encoding: br

< 200 OK
< Date: Sat, 03 Oct 2026 22:24:51 GMT
< Content-Type: application/vnd.npm.install-v1+json
< Transfer-Encoding: chunked
< Connection: keep-alive
< set-cookie: __cf_bm=pLLOce.Tl0ULb5U3iFwcoNxI965k6T0eryUS49wg0JM-1791066290.8221061-1.0.1.1-FHxis2kd9Twppde998Ta4vo5zsMpGCePIj1PU_cdWzzb0tYFmLlehwKUGxk7ogSLmLq0xzpwKzug1YXT63u4QKbOAxUv75TjviZyYxDIl_5SQ3e.4lbL1uzNLH5ID26.; HttpOnly; SameSite=None; Secure; Path=/; Domain=npmjs.org; Expires=Sat, 03 Oct 2026 22:54:51 GMT
< set-cookie: _cfuvid=89AHj5qSm9HMHh2mAqsc5BTE.oiw0DlCGJEvRM.gCPU-1791066290.8221061-1.0.1.1-j_2lg1uYfzpJXPBV.62q96O0Gk._EjQ1VlpsuYsPFbw; HttpOnly; SameSite=None; Secure; Path=/; Domain=npmjs.org
< CF-Ray: a44f5bfdae73f474-TIA
< CF-Cache-Status: HIT
< ETag: W/"861e81a9dd75dc51573fd02a6c3f0130"
< Access-Control-Allow-Origin: *
< Cache-Control: public, max-age=300
< Last-Modified: Fri, 18 Sep 2026 13:53:58 GMT
< Server: cloudflare
< Vary: accept-encoding, accept
< Content-Encoding: br

[PackageManager] waiting for 160 tasks
> HTTP/1.1 GET https://registry.npmjs.org/@biomejs%2fcli-darwin-arm64
> Accept: application/vnd.npm.install-v1+json; q=1.0, application/json; q=0.8, */*
> Connection: keep-alive
> User-Agent: Bun/1.3.9
> Host: registry.npmjs.org
> Accept-Encoding: gzip, deflate, br, zstd

    [216.56ms]
Downloaded esbuild versions
< 200 OK
< Date: Sat, 03 Oct 2026 22:24:51 GMT
< Content-Type: application/vnd.npm.install-v1+json
< Transfer-Encoding: chunked
< Connection: keep-alive
< set-cookie: __cf_bm=hL5zmKZUmy1pzuQA271RD9zscW_6M5HnZu0xVViep7o-1791066290.822033-1.0.1.1-LVeLnbqgJQ_3tDrvMTcbJuh8o1nR_uvHfbSgdt6hx8QUj0tgoqqfpO.TYexoPDAkNKEf2HTIfnCNmY1x2IvzX7o67MjPlP0JcBePPRWtyEeopQWuF1Z0MtP4ExVQsboD; HttpOnly; SameSite=None; Secure; Path=/; Domain=npmjs.org; Expires=Sat, 03 Oct 2026 22:54:51 GMT
< set-cookie: _cfuvid=not51.tPtz_u_UfRqlxkTMtBGue2zUCQjbNCPUSN_Cg-1791066290.822033-1.0.1.1-9ARDwlDGm2e.o6XqEFV9kDWvd7vczkk7ri3hnQgU4RE; HttpOnly; SameSite=None; Secure; Path=/; Domain=npmjs.org
< CF-Ray: a44f5bfdaa7f9b00-TIA
< CF-Cache-Status: HIT
< ETag: W/"7b006a1176df715a5b59eedf8f318253"
< Access-Control-Allow-Origin: *
< Cache-Control: public, max-age=300
< Last-Modified: Mon, 20 Jul 2026 05:45:27 GMT
< Server: cloudflare
< Vary: accept-encoding, accept
< Content-Encoding: br

[PackageManager] waiting for 160 tasks
    [203.91ms]
Downloaded source-map versions
[PackageManager] waiting for 160 tasks
    [203.93ms]
Downloaded tinyexec versions
[PackageManager] waiting for 160 tasks
< 200 OK
< Date: Sat, 03 Oct 2026 22:24:51 GMT
< Content-Type: application/vnd.npm.install-v1+json
< Transfer-Encoding: chunked
< Connection: keep-alive
< set-cookie: __cf_bm=G0imit0HG1imtTrNpNqYVKHkJ2NJjUNIAQoWGZ3D9oQ-1791066290.8097453-1.0.1.1-aYT6h4rONc0.E0ty3FplqLwosFNf7wWjI2_VWHxzqYxYu9WwKa.a5TXRj6QSxDfl7xEGqwTnuErbFuBEjLvLWiiFYNZjUuDjmY_P9nmeBJ3ijjGxDWTl8RxocUWpx8kD; HttpOnly; SameSite=None; Secure; Path=/; Domain=npmjs.org; Expires=Sat, 03 Oct 2026 22:54:50 GMT
< set-cookie: _cfuvid=0_Eb6s.EBKFBRohniyBXW.wX88Uzr3M6ZFiUHjeK_iE-1791066290.8097453-1.0.1.1-HM6YSqE7lP3ogoXnscWHCvNpwyuQjtiqcWanp6Ky5DA; HttpOnly; SameSite=None; Secure; Path=/; Domain=npmjs.org
< CF-Ray: a44f5bfd8a729b00-TIA
< CF-Cache-Status: HIT
< ETag: W/"1a30ee3ea5e781aba48261613bb215ab"
< Access-Control-Allow-Origin: *
< Cache-Control: public, max-age=300
< Last-Modified: Tue, 15 Sep 2026 15:05:59 GMT
< Server: cloudflare
< Vary: accept-encoding, accept
< Content-Encoding: br

    [207.19ms]
Downloaded postcss-load-config versions
< 200 OK
< Date: Sat, 03 Oct 2026 22:24:51 GMT
< Content-Type: application/vnd.npm.install-v1+json
< Transfer-Encoding: chunked
< Connection: keep-alive
< set-cookie: __cf_bm=39SdkrA62NsTLYXQLlxf_nXiRNFZBQgM.CXNEzJFBOY-1791066290.8265545-1.0.1.1-dAOTgF3R7bwAe53oKr3IWYwgIjmbw39Y7zKszo6VjqVAEi9AOpHtUpuxxBtPJ_2OcVvR2p4fTia3qyH1llO5jGLKb4zrvm_tAdLJOCw2.KAQrvHK0J7FuFs_F.8BYThp; HttpOnly; SameSite=None; Secure; Path=/; Domain=npmjs.org; Expires=Sat, 03 Oct 2026 22:54:51 GMT
< set-cookie: _cfuvid=FOBYKwMygp2C5ARrKjYZpCyuRxi0oVkZl.t4vEnar1k-1791066290.8265545-1.0.1.1-UZMvL3foQkCib0hv.orcEX8fCXPtX.zdg6FcC5PfLMo; HttpOnly; SameSite=None; Secure; Path=/; Domain=npmjs.org
< CF-Ray: a44f5bfdaf51bd99-TIA
< CF-Cache-Status: HIT
< ETag: W/"e9f243f50ac09dcd93619b679d9d7b7d"
< Access-Control-Allow-Origin: *
< Cache-Control: public, max-age=300
< Last-Modified: Wed, 09 Sep 2026 20:11:04 GMT
< Server: cloudflare
< Vary: accept-encoding, accept
< Content-Encoding: br

> HTTP/1.1 GET https://registry.npmjs.org/@biomejs%2fcli-linux-x64-musl
> Accept: application/vnd.npm.install-v1+json; q=1.0, application/json; q=0.8, */*
> Connection: keep-alive
> User-Agent: Bun/1.3.9
> Host: registry.npmjs.org
> Accept-Encoding: gzip, deflate, br, zstd

> HTTP/1.1 GET https://registry.npmjs.org/@biomejs%2fcli-linux-arm64-musl
> Accept: application/vnd.npm.install-v1+json; q=1.0, application/json; q=0.8, */*
> Connection: keep-alive
> User-Agent: Bun/1.3.9
> Host: registry.npmjs.org
> Accept-Encoding: gzip, deflate, br, zstd

> HTTP/1.1 GET https://registry.npmjs.org/@flatten-js%2finterval-tree
> Accept: application/vnd.npm.install-v1+json; q=1.0, application/json; q=0.8, */*
> Connection: keep-alive
> User-Agent: Bun/1.3.9
> Host: registry.npmjs.org
> Accept-Encoding: gzip, deflate, br, zstd

   - "source-map": "^0.7.6" - source-map@0.7.6
[PackageManager] waiting for 159 tasks
   - "tinyexec": "^0.3.2" - tinyexec@0.3.2
[PackageManager] waiting for 158 tasks
   - "postcss-load-config": "^6.0.1" - postcss-load-config@6.0.1
Enqueue package manifest for download: lilconfig
[PackageManager] waiting for 158 tasks
    [202.74ms]
Downloaded npm-package-arg versions
> HTTP/1.1 GET https://registry.npmjs.org/fdir
> Accept: application/vnd.npm.install-v1+json; q=1.0, application/json; q=0.8, */*
> Connection: keep-alive
> User-Agent: Bun/1.3.9
> Host: registry.npmjs.org
> Accept-Encoding: gzip, deflate, br, zstd

[PackageManager] waiting for 158 tasks
   - "npm-package-arg": "^10.0.0" - npm-package-arg@10.1.0
Enqueue package manifest for download: proc-log
Enqueue package manifest for download: hosted-git-info
[PackageManager] waiting for 159 tasks
    [219.11ms]
Downloaded cac versions
> HTTP/1.1 GET https://registry.npmjs.org/picomatch
> Accept: application/vnd.npm.install-v1+json; q=1.0, application/json; q=0.8, */*
> Connection: keep-alive
> User-Agent: Bun/1.3.9
> Host: registry.npmjs.org
> Accept-Encoding: gzip, deflate, br, zstd

[PackageManager] waiting for 159 tasks
   - "esbuild": "^0.27.0" - esbuild@0.27.7
Enqueue package manifest for download: @esbuild/aix-ppc64
Enqueue package manifest for download: @esbuild/linux-arm
Enqueue package manifest for download: @esbuild/linux-x64
Enqueue package manifest for download: @esbuild/sunos-x64
Enqueue package manifest for download: @esbuild/win32-x64
Enqueue package manifest for download: @esbuild/darwin-x64
Enqueue package manifest for download: @esbuild/linux-ia32
Enqueue package manifest for download: @esbuild/netbsd-x64
Enqueue package manifest for download: @esbuild/win32-ia32
Enqueue package manifest for download: @esbuild/android-arm
Enqueue package manifest for download: @esbuild/android-x64
Enqueue package manifest for download: @esbuild/freebsd-x64
Enqueue package manifest for download: @esbuild/linux-arm64
Enqueue package manifest for download: @esbuild/linux-ppc64
Enqueue package manifest for download: @esbuild/linux-s390x
Enqueue package manifest for download: @esbuild/openbsd-x64
Enqueue package manifest for download: @esbuild/win32-arm64
Enqueue package manifest for download: @esbuild/darwin-arm64
Enqueue package manifest for download: @esbuild/netbsd-arm64
Enqueue package manifest for download: @esbuild/android-arm64
Enqueue package manifest for download: @esbuild/freebsd-arm64
Enqueue package manifest for download: @esbuild/linux-loong64
Enqueue package manifest for download: @esbuild/linux-riscv64
Enqueue package manifest for download: @esbuild/openbsd-arm64
Enqueue package manifest for download: @esbuild/linux-mips64el
Enqueue package manifest for download: @esbuild/openharmony-arm64
[PackageManager] waiting for 184 tasks
   - "cac": "^6.7.14" - cac@6.7.14
[PackageManager] waiting for 183 tasks
    [225.34ms]
Downloaded polished versions
> HTTP/1.1 GET https://registry.npmjs.org/mlly
> Accept: application/vnd.npm.install-v1+json; q=1.0, application/json; q=0.8, */*
> Connection: keep-alive
> User-Agent: Bun/1.3.9
> Host: registry.npmjs.org
> Accept-Encoding: gzip, deflate, br, zstd

[PackageManager] waiting for 183 tasks
    [222.36ms]
Downloaded consola versions
< 200 OK
< Date: Sat, 03 Oct 2026 22:24:51 GMT
< Content-Type: application/vnd.npm.install-v1+json
< Transfer-Encoding: chunked
< Connection: keep-alive
< set-cookie: __cf_bm=hp0G9giA.7yTuXbcaupamm8aoGHyOJoa8ybPXIPa1ag-1791066290.8311715-1.0.1.1-Md3Abx8Lj.nlP_rlTGeu8azh9BwS.xautLQ0BNCl1EgXZrL2W3dmXgGMiB0BxdDNqH4jTg.WTKfhp4f1WTs5iyDVIjzhttEeHITAVTt9RWp9972LKAdjPOHFSh1tycgG; HttpOnly; SameSite=None; Secure; Path=/; Domain=npmjs.org; Expires=Sat, 03 Oct 2026 22:54:51 GMT
< set-cookie: _cfuvid=7AqY9hz0Tysx001pxeFx_b2oh0djE6WmTFFgLnuRFBc-1791066290.8311715-1.0.1.1-I6JQXunGEA6TZJ_Za7v2CdggnDP1JG_YL9CzjJjbRVM; HttpOnly; SameSite=None; Secure; Path=/; Domain=npmjs.org
< CF-Ray: a44f5bfdba8f9b00-TIA
< CF-Cache-Status: HIT
< ETag: W/"42d41be2ad5a000d96e7426367c79a5d"
< Access-Control-Allow-Origin: *
< Cache-Control: public, max-age=300
< Last-Modified: Wed, 09 Sep 2026 20:11:29 GMT
< Server: cloudflare
< Vary: accept-encoding, accept
< Content-Encoding: br

< 200 OK
< Date: Sat, 03 Oct 2026 22:24:51 GMT
< Content-Type: application/vnd.npm.install-v1+json
< Transfer-Encoding: chunked
< Connection: keep-alive
< set-cookie: __cf_bm=sk68JkToB9LMEQzNFGVbPQ6loB0hDQD2dSLCDEIyqr0-1791066290.8306234-1.0.1.1-e8VQ8MTwt3Yz763BnopaJkkrRgsEqXo3hillCBLkRoovyQtGy.wtM9zwxPt8SXk9lxfSSQ0Wvsz9MHDz_PvakUVfz0mbO3H14.Ls5EHOTeQhXtNia99Mp2Br7Nw29Tc4; HttpOnly; SameSite=None; Secure; Path=/; Domain=npmjs.org; Expires=Sat, 03 Oct 2026 22:54:51 GMT
< set-cookie: _cfuvid=IbUbaNL53M1Z3ontPBFc3dlvRHektwfUVsK6eL8hjvY-1791066290.8306234-1.0.1.1-4LlGUPFE92Rtlwtzq7GKS8nwrYPVb_jER3Pl_L_x5PI; HttpOnly; SameSite=None; Secure; Path=/; Domain=npmjs.org
< CF-Ray: a44f5bfdbf55bd99-TIA
< CF-Cache-Status: HIT
< ETag: W/"71eba7a8052133bbabb2ea23a6647416"
< Access-Control-Allow-Origin: *
< Cache-Control: public, max-age=300
< Last-Modified: Fri, 24 Jul 2026 15:48:53 GMT
< Server: cloudflare
< Vary: accept-encoding, accept
< Content-Encoding: br

> HTTP/1.1 GET https://registry.npmjs.org/pathe
> Accept: application/vnd.npm.install-v1+json; q=1.0, application/json; q=0.8, */*
> Connection: keep-alive
> User-Agent: Bun/1.3.9
> Host: registry.npmjs.org
> Accept-Encoding: gzip, deflate, br, zstd

[PackageManager] waiting for 183 tasks
   - "polished": "^4.3.1" - polished@4.3.1
Enqueue package manifest for download: @babel/runtime
[PackageManager] waiting for 183 tasks
   - "consola": "^3.4.0" - consola@3.4.2
< 200 OK
< Date: Sat, 03 Oct 2026 22:24:51 GMT
< Content-Type: application/vnd.npm.install-v1+json
< Transfer-Encoding: chunked
< Connection: keep-alive
< set-cookie: __cf_bm=Teg3RHBi64I7Tly8lm3DUaw5EsRq21u_BA2H8FAiShE-1791066290.8349805-1.0.1.1-AcV.i0e5l1YNS221WDhwjst88kf73qBBzCl_f1d5V9u3X4qMKjf77._dWFhfC_4eERtq34cwAj9R464S.hrNS9oZkji67e.1fasWgnBLqdlZPaWs6xMXQzyLu8d4rpHg; HttpOnly; SameSite=None; Secure; Path=/; Domain=npmjs.org; Expires=Sat, 03 Oct 2026 22:54:51 GMT
< set-cookie: _cfuvid=UNBDhJ9BZYGpq.s0cDNUDtwsuI3CN.tBGGqZq47smf0-1791066290.8349805-1.0.1.1-j5EprsLROT_BaChQUbCIgAXxL2WatR3ZI84.hgBlv0k; HttpOnly; SameSite=None; Secure; Path=/; Domain=npmjs.org
< CF-Ray: a44f5bfdbc747c08-TIA
< CF-Cache-Status: HIT
< ETag: W/"6a3171e70a3da893846a34eed700355f"
< Access-Control-Allow-Origin: *
< Cache-Control: public, max-age=300
< Last-Modified: Fri, 08 Aug 2025 20:11:55 GMT
< Server: cloudflare
< Vary: accept-encoding, accept
< Content-Encoding: br

[PackageManager] waiting for 182 tasks
    [199.27ms]
Downloaded gl-matrix versions
> HTTP/1.1 GET https://registry.npmjs.org/confbox
> Accept: application/vnd.npm.install-v1+json; q=1.0, application/json; q=0.8, */*
> Connection: keep-alive
> User-Agent: Bun/1.3.9
> Host: registry.npmjs.org
> Accept-Encoding: gzip, deflate, br, zstd

[PackageManager] waiting for 182 tasks
   - "gl-matrix": "^3.4.4" - gl-matrix@3.4.4
[PackageManager] waiting for 181 tasks
> HTTP/1.1 GET https://registry.npmjs.org/url-join
> Accept: application/vnd.npm.install-v1+json; q=1.0, application/json; q=0.8, */*
> Connection: keep-alive
> User-Agent: Bun/1.3.9
> Host: registry.npmjs.org
> Accept-Encoding: gzip, deflate, br, zstd

    [214.52ms]
Downloaded sucrase versions
< 200 OK
< Date: Sat, 03 Oct 2026 22:24:51 GMT
< Content-Type: application/vnd.npm.install-v1+json
< Transfer-Encoding: chunked
< Connection: keep-alive
< set-cookie: __cf_bm=.21dB6bI6A0jnPw5JdXozmY0gBgeVJVNW2SVYEAz.lk-1791066290.835107-1.0.1.1-ETC9rebWP16dRF_XmBZR5WYduPNP36zOYQyf3l2kP8ZsGAKxehAEf9DVoSUwML9jDejQ_KU0yLsWHCPXR1uH2zhdxfwjC.ZXeqbHh3._N9C4GsQ1RywRtSoknImQ6fvy; HttpOnly; SameSite=None; Secure; Path=/; Domain=npmjs.org; Expires=Sat, 03 Oct 2026 22:54:51 GMT
< set-cookie: _cfuvid=TFx7QsoKKYuIGYo5TiqBzWZgtCDWm9TfWwD1JCWduJc-1791066290.835107-1.0.1.1-6Ep9Os7JhTVe0RXhC4dvICboz6Xrjh7RCIYNQgXUWLc; HttpOnly; SameSite=None; Secure; Path=/; Domain=npmjs.org
< CF-Ray: a44f5bfdbc757c08-TIA
< CF-Cache-Status: HIT
< ETag: W/"c111074fa30ad98d02e16a577ddb4f52"
< Access-Control-Allow-Origin: *
< Cache-Control: public, max-age=300
< Last-Modified: Tue, 07 Jan 2025 09:15:40 GMT
< Server: cloudflare
< Vary: accept-encoding, accept
< Content-Encoding: br

[PackageManager] waiting for 181 tasks
   - "sucrase": "^3.35.0" - sucrase@3.35.1
Enqueue package manifest for download: @jridgewell/gen-mapping
Enqueue package manifest for download: commander
Enqueue package manifest for download: lines-and-columns
Enqueue package manifest for download: mz
Enqueue package manifest for download: pirates
Enqueue package manifest for download: ts-interface-checker
[PackageManager] waiting for 186 tasks
    [220.06ms]
Downloaded axios versions
> HTTP/1.1 GET https://registry.npmjs.org/quick-lru
> Accept: application/vnd.npm.install-v1+json; q=1.0, application/json; q=0.8, */*
> Connection: keep-alive
> User-Agent: Bun/1.3.9
> Host: registry.npmjs.org
> Accept-Encoding: gzip, deflate, br, zstd

[PackageManager] waiting for 186 tasks
   - "axios": "^0.26.1" - axios@0.26.1
Enqueue package manifest for download: follow-redirects
< 200 OK
< Date: Sat, 03 Oct 2026 22:24:51 GMT
< Content-Type: application/vnd.npm.install-v1+json
< Transfer-Encoding: chunked
< Connection: keep-alive
< set-cookie: __cf_bm=GOQYkrq6mzxeqJADGOgYL8vfUMjVirLpRC3ZR.4z9bY-1791066290.821972-1.0.1.1-TxORPBlSx_cQUGgFr.zYONykN6tvspUe.LJbTQNYtRJmovPRzIvyzLzXQV.MgKXn5DtbnPgeeqoAMayPjibdXMsp7FVFSLmGYLUQOiSEKdaaGZb.Py5ijXZciD8Lad15; HttpOnly; SameSite=None; Secure; Path=/; Domain=npmjs.org; Expires=Sat, 03 Oct 2026 22:54:51 GMT
< set-cookie: _cfuvid=EdZLHkVd1zAvPD8pL7XyNp7Ru6AOKKlCG5gEtC30WZs-1791066290.821972-1.0.1.1-b30v8qdhpGuHHii.7fdmBRvyfhIeyW4f4W3E98heuhg; HttpOnly; SameSite=None; Secure; Path=/; Domain=npmjs.org
< CF-Ray: a44f5bfdae715f50-TIA
< CF-Cache-Status: HIT
< ETag: W/"6bb38a35f9e9ff2be83d149b84f438e8"
< Access-Control-Allow-Origin: *
< Cache-Control: public, max-age=300
< Last-Modified: Fri, 02 Oct 2026 15:45:14 GMT
< Server: cloudflare
< Vary: accept-encoding, accept
< Content-Encoding: br

[PackageManager] waiting for 186 tasks
    [213.01ms]
Downloaded readable-stream versions
> HTTP/1.1 GET https://registry.npmjs.org/query-string
> Accept: application/vnd.npm.install-v1+json; q=1.0, application/json; q=0.8, */*
> Connection: keep-alive
> User-Agent: Bun/1.3.9
> Host: registry.npmjs.org
> Accept-Encoding: gzip, deflate, br, zstd

[PackageManager] waiting for 186 tasks
    [219.16ms]
Downloaded semver versions
> HTTP/1.1 GET https://registry.npmjs.org/zod-package-json
> Accept: application/vnd.npm.install-v1+json; q=1.0, application/json; q=0.8, */*
> Connection: keep-alive
> User-Agent: Bun/1.3.9
> Host: registry.npmjs.org
> Accept-Encoding: gzip, deflate, br, zstd

[PackageManager] waiting for 186 tasks
    [219.25ms]
Downloaded tar versions
> HTTP/1.1 GET https://registry.npmjs.org/validate-npm-package-name
> Accept: application/vnd.npm.install-v1+json; q=1.0, application/json; q=0.8, */*
> Connection: keep-alive
> User-Agent: Bun/1.3.9
> Host: registry.npmjs.org
> Accept-Encoding: gzip, deflate, br, zstd

[PackageManager] waiting for 186 tasks
   - "tar": "^6.1.12" - tar@6.2.1
Enqueue package manifest for download: chownr
Enqueue package manifest for download: mkdirp
Enqueue package manifest for download: yallist
Enqueue package manifest for download: minipass
Enqueue package manifest for download: minizlib
Enqueue package manifest for download: fs-minipass
[PackageManager] waiting for 191 tasks
   - "semver": "^7.3.8" - semver@7.8.5
[PackageManager] waiting for 190 tasks
   - "readable-stream": "^4.7.0" - readable-stream@4.7.0
Enqueue package manifest for download: abort-controller
Enqueue package manifest for download: buffer
Enqueue package manifest for download: events
Enqueue package manifest for download: process
Enqueue package manifest for download: string_decoder
< 200 OK
< Date: Sat, 03 Oct 2026 22:24:51 GMT
< Content-Type: application/vnd.npm.install-v1+json
< Transfer-Encoding: chunked
< Connection: keep-alive
< set-cookie: __cf_bm=oTcy2aSL21sgxhN9lwp9VHKHxsK3U0_KNjjl672Rj.0-1791066290.8573356-1.0.1.1-Z33oF.bsWGxJUS4am.ljXJhRsq3tDrqKA11AvDNgxGeYDcPpSlPqNKhBZUxM4qriUxnObSGNQuKG2tlgKwVw_Hr8ahGU6fNao58EVP6.Q2qWshIOa7T_HRdcjHQVBxEB; HttpOnly; SameSite=None; Secure; Path=/; Domain=npmjs.org; Expires=Sat, 03 Oct 2026 22:54:51 GMT
< set-cookie: _cfuvid=bbb9xEmX8JRJtoJ3Jp3bNM6grlqkht0uct3SnEwTMS4-1791066290.8573356-1.0.1.1-Q35rjgfhnYhmDi9Y..Th1tNoNw7ilh3QAsIbH4xPZRA; HttpOnly; SameSite=None; Secure; Path=/; Domain=npmjs.org
< CF-Ray: a44f5bfddf71bd99-TIA
< CF-Cache-Status: HIT
< ETag: W/"b78a1faab116bd092ea6f81bfb6d5a51"
< Access-Control-Allow-Origin: *
< Cache-Control: public, max-age=300
< Last-Modified: Mon, 28 Sep 2026 09:38:24 GMT
< Server: cloudflare
< Vary: accept-encoding, accept
< Content-Encoding: br

[PackageManager] waiting for 194 tasks
    [202.18ms]
Downloaded earcut versions
> HTTP/1.1 GET https://registry.npmjs.org/sharp
> Accept: application/vnd.npm.install-v1+json; q=1.0, application/json; q=0.8, */*
> Connection: keep-alive
> User-Agent: Bun/1.3.9
> Host: registry.npmjs.org
> Accept-Encoding: gzip, deflate, br, zstd

[PackageManager] waiting for 194 tasks
   - "earcut": "^3.0.2" - earcut@3.2.4
< 200 OK
< Date: Sat, 03 Oct 2026 22:24:51 GMT
< Content-Type: application/vnd.npm.install-v1+json
< Transfer-Encoding: chunked
< Connection: keep-alive
< set-cookie: __cf_bm=jHitQeJTa8X8Y0Nc.TYhorK3SRtm12LJNg3aVO.mGMk-1791066290.848819-1.0.1.1-Byu_wPK9rh_BtwM2opnHx5CsTUdpSMq_qPKUw.o74Rqece4j7v075PG2s304hA3lfKok6CimPWnkCYKnFVX7Pbd3KVnEMG.Sifxjt9Kw2L.8t.lUg4DtwHrRZ70vaN8O; HttpOnly; SameSite=None; Secure; Path=/; Domain=npmjs.org; Expires=Sat, 03 Oct 2026 22:54:51 GMT
< set-cookie: _cfuvid=ygdG1..scEoYk7M2F1d6fNWM8QqdwVpRUA9fcetUWII-1791066290.848819-1.0.1.1-M1c0DqNe8dFD11QwTat7ZjUUok0OiKXiAx7ZpP_k.e0; HttpOnly; SameSite=None; Secure; Path=/; Domain=npmjs.org
< CF-Ray: a44f5bfdce91f474-TIA
< CF-Cache-Status: HIT
< ETag: W/"03ea33cd59b1fe98a492b29d197c5736"
< Access-Control-Allow-Origin: *
< Cache-Control: public, max-age=300
< Last-Modified: Sat, 03 Oct 2026 06:15:26 GMT
< Server: cloudflare
< Vary: accept-encoding, accept
< Content-Encoding: br

< 200 OK
< Date: Sat, 03 Oct 2026 22:24:51 GMT
< Content-Type: application/vnd.npm.install-v1+json
< Transfer-Encoding: chunked
< Connection: keep-alive
< set-cookie: __cf_bm=apFfLHn8gBlSp1rNNvGQlPLfSbkZzQ2x3lN_VsyBBOg-1791066290.8481104-1.0.1.1-ZpcxTohdq.EWa523Q9umx8XKCgeM3Fz6ksJGd8K5KsnIo3U8slAeGYM8gdb6Kcviu0Q5rweLacOdovSgwWX9.AW2456R0vGDouDQ3lYTaQHBtwQh0SQPAHrsWBUpKaV8; HttpOnly; SameSite=None; Secure; Path=/; Domain=npmjs.org; Expires=Sat, 03 Oct 2026 22:54:51 GMT
< set-cookie: _cfuvid=8_5dH5pKI92qCymbMkFs3eW_SsHAigXAM49DponoINI-1791066290.8481104-1.0.1.1-J4YdPifuAWUKQNjQtY7vEc7FBLC60_ZkBH4DiFqU2fA; HttpOnly; SameSite=None; Secure; Path=/; Domain=npmjs.org
< CF-Ray: a44f5bfdcab29b00-TIA
< CF-Cache-Status: HIT
< ETag: W/"0c8e7686f158aafcbabadef44a94c1b3"
< Access-Control-Allow-Origin: *
< Cache-Control: public, max-age=300
< Last-Modified: Sat, 03 Oct 2026 15:00:34 GMT
< Server: cloudflare
< Vary: accept-encoding, accept
< Content-Encoding: br

< 200 OK
< Date: Sat, 03 Oct 2026 22:24:51 GMT
< Content-Type: application/vnd.npm.install-v1+json
< Transfer-Encoding: chunked
< Connection: keep-alive
< set-cookie: __cf_bm=HYaUHgkLuvKE4lZlWvb99cX0t8W9jMj.Od9Kidmk_UI-1791066290.866393-1.0.1.1-rmvvOqAIFI.wMA6t1qAoWNMWUqV6SEs0O.lXb9Jks8NeGCAeRzel0pYLLqiazt5MhD1E5hZjVkmLjD4Gq_rRwbizlsz8_JN5pDqnWkmkPic5Poe6HTzSUxuxgmiNxUkw; HttpOnly; SameSite=None; Secure; Path=/; Domain=npmjs.org; Expires=Sat, 03 Oct 2026 22:54:51 GMT
< set-cookie: _cfuvid=TJk_OO66jfG_S4390yUAFa1ohwE7V5CbUmp9Wa6hq8U-1791066290.866393-1.0.1.1-uHwd61Wl7OR1QqLkV6dlxpGr.sUeQ3sCBLMfjF1.Hzc; HttpOnly; SameSite=None; Secure; Path=/; Domain=npmjs.org
< CF-Ray: a44f5bfdef79bd99-TIA
< CF-Cache-Status: HIT
< ETag: W/"b3f88795471ef50b7e18cab3de312260"
< Access-Control-Allow-Origin: *
< Cache-Control: public, max-age=300
< Last-Modified: Tue, 03 Dec 2024 07:01:12 GMT
< Server: cloudflare
< Vary: accept-encoding, accept
< Content-Encoding: br

[PackageManager] waiting for 193 tasks
    [202.41ms]
Downloaded occt-import-js versions
> HTTP/1.1 GET https://registry.npmjs.org/lodash
> Accept: application/vnd.npm.install-v1+json; q=1.0, application/json; q=0.8, */*
> Connection: keep-alive
> User-Agent: Bun/1.3.9
> Host: registry.npmjs.org
> Accept-Encoding: gzip, deflate, br, zstd

< 200 OK
< Date: Sat, 03 Oct 2026 22:24:51 GMT
< Content-Type: application/vnd.npm.install-v1+json
< Transfer-Encoding: chunked
< Connection: keep-alive
< set-cookie: __cf_bm=.WJFj6czuORFtU.riIYviLfei0JiGU6p88hvsjNG9JU-1791066290.8306515-1.0.1.1-TjSObx28qn.OkhLj.SgZxpeJ0Au.Yb8lfvZpt97.h1EobmWBlGQtvKapW.EvvgrtBLloIyEn0lZmGhJEenSWSt0Vy9dQvMisD1BlHwiX4f.aJmXh_ql80OQ07eZPoLEJ; HttpOnly; SameSite=None; Secure; Path=/; Domain=npmjs.org; Expires=Sat, 03 Oct 2026 22:54:51 GMT
< set-cookie: _cfuvid=x2r84csT7vx0RFkKhq.WaBBKGxJxDzclvPjH69Iy3Hk-1791066290.8306515-1.0.1.1-Vr3VyMvHCffbkuAw0KXha2EyzZe9KFgOn5YF3rxrTao; HttpOnly; SameSite=None; Secure; Path=/; Domain=npmjs.org
< CF-Ray: a44f5bfdbc677c08-TIA
< CF-Cache-Status: REVALIDATED
< ETag: W/"6466c2eb9c4849cca0efa07fcb2d45fb"
< Access-Control-Allow-Origin: *
< Cache-Control: public, max-age=300
< Last-Modified: Wed, 06 May 2026 07:35:43 GMT
< Server: cloudflare
< Vary: accept-encoding, accept
< Content-Encoding: br

[PackageManager] waiting for 193 tasks
   - "occt-import-js": "^0.0.23" - occt-import-js@0.0.23
[PackageManager] waiting for 192 tasks
    [245.18ms]
Downloaded package-options versions
> HTTP/1.1 GET https://registry.npmjs.org/fs-extra
> Accept: application/vnd.npm.install-v1+json; q=1.0, application/json; q=0.8, */*
> Connection: keep-alive
> User-Agent: Bun/1.3.9
> Host: registry.npmjs.org
> Accept-Encoding: gzip, deflate, br, zstd

[PackageManager] waiting for 192 tasks
   - "package-options": "^0.1.4" - package-options@0.1.5
[PackageManager] waiting for 191 tasks
    [266.78ms]
Downloaded react-router-dom versions
> HTTP/1.1 GET https://registry.npmjs.org/color-diff
> Accept: application/vnd.npm.install-v1+json; q=1.0, application/json; q=0.8, */*
> Connection: keep-alive
> User-Agent: Bun/1.3.9
> Host: registry.npmjs.org
> Accept-Encoding: gzip, deflate, br, zstd

< 200 OK
< Date: Sat, 03 Oct 2026 22:24:51 GMT
< Content-Type: application/vnd.npm.install-v1+json
< Transfer-Encoding: chunked
< Connection: keep-alive
< set-cookie: __cf_bm=yJPzIeXcddlG_4veTMVeK7nOi43MGoe0sVwpGFIWyqw-1791066290.8348522-1.0.1.1-LZQEnF4xG7vHfZP0l5CYsYGe0ef1jtzY5YV5bA108Ly_bBYLB0xblBTcirRZptgSY1sd9_pT7Mac.ujZGMluSV0PSEB9pVRRFHNH5JFh1t3gzmVsjMD6nGIstXEzWkOI; HttpOnly; SameSite=None; Secure; Path=/; Domain=npmjs.org; Expires=Sat, 03 Oct 2026 22:54:51 GMT
< set-cookie: _cfuvid=wqI.2_YUF_M_uA3BEna4cJryA2S2puSLeXRBfkKz3OY-1791066290.8348522-1.0.1.1-4_8YBOftd_PDTZPXpf1hFbtKoDAT277P1zL9qGBMhY4; HttpOnly; SameSite=None; Secure; Path=/; Domain=npmjs.org
< CF-Ray: a44f5bfdba9f9b00-TIA
< CF-Cache-Status: REVALIDATED
< ETag: W/"927df957ab1baad252e9c9988a6a6d47"
< Access-Control-Allow-Origin: *
< Cache-Control: public, max-age=300
< Last-Modified: Mon, 13 Jul 2026 20:50:43 GMT
< Server: cloudflare
< Vary: accept-encoding, accept
< Content-Encoding: br

[PackageManager] waiting for 191 tasks
    [227.55ms]
Downloaded lucide-react versions
> HTTP/1.1 GET https://registry.npmjs.org/parse-color
> Accept: application/vnd.npm.install-v1+json; q=1.0, application/json; q=0.8, */*
> Connection: keep-alive
> User-Agent: Bun/1.3.9
> Host: registry.npmjs.org
> Accept-Encoding: gzip, deflate, br, zstd

< 200 OK
< Date: Sat, 03 Oct 2026 22:24:51 GMT
< Content-Type: application/vnd.npm.install-v1+json
< Transfer-Encoding: chunked
< Connection: keep-alive
< set-cookie: __cf_bm=nqPHKPwvacNCuH..Fw9Klt2AE3v6HEv8WKBJ37oFSeg-1791066290.5550954-1.0.1.1-cV8nnm72ELPT_pPhqBUKNfnr4J.0CS7.oQtH7vLFkF7meJPPYggq2_o7vWBmBxu2gDZFhJmy36kCDncNic6JToh5C.qVRXvcORkM9X6ibPgHP3ACVyB.8YUrkbSyFeg9; HttpOnly; SameSite=None; Secure; Path=/; Domain=npmjs.org; Expires=Sat, 03 Oct 2026 22:54:51 GMT
< set-cookie: _cfuvid=fOfKWVAS2ax52TL9u_itrIYBpurL09wMPJkvwxGm4yU-1791066290.5550954-1.0.1.1-Xzzj6sOR9YVH1qygzOkl.BsiGabn5KCiGP89lhj1paY; HttpOnly; SameSite=None; Secure; Path=/; Domain=npmjs.org
< CF-Ray: a44f5bfbfec351a4-TIA
< CF-Cache-Status: REVALIDATED
< ETag: W/"e4d1471e01635a4da847cf86355eeac8"
< Access-Control-Allow-Origin: *
< Cache-Control: public, max-age=300
< Last-Modified: Sat, 24 Jan 2026 16:03:02 GMT
< Server: cloudflare
< Vary: accept-encoding, accept
< Content-Encoding: br

[PackageManager] waiting for 191 tasks
   - "react-router-dom": "^6.28.0" - react-router-dom@6.30.6
Enqueue package manifest for download: react-router
Enqueue package manifest for download: @remix-run/router
[PackageManager] waiting for 192 tasks
    [231.95ms]
Downloaded bun-types versions
> HTTP/1.1 GET https://registry.npmjs.org/js-graph-algorithms
> Accept: application/vnd.npm.install-v1+json; q=1.0, application/json; q=0.8, */*
> Connection: keep-alive
> User-Agent: Bun/1.3.9
> Host: registry.npmjs.org
> Accept-Encoding: gzip, deflate, br, zstd

[PackageManager] waiting for 192 tasks
    [525.24ms]
Downloaded @jsdevtools/ez-spawn versions
< 200 OK
< Date: Sat, 03 Oct 2026 22:24:51 GMT
< Content-Type: application/vnd.npm.install-v1+json
< Transfer-Encoding: chunked
< Connection: keep-alive
< set-cookie: __cf_bm=O03IzJ__4UanJPCea.JPrumHxMnKBzsVIhw7V7MkV7Q-1791066291.0605447-1.0.1.1-FWFMG_3O5GvRzyqsexJDkM9U8WiCGxcgS7mUhu_a3O3mUlo.xcvd7Pei1BbAgUp0am733CdaO02kkBjKVYZh0Y82BLEZylIUyoKan6C8py6MA4BVLNCEcz_uiPucXT7W; HttpOnly; SameSite=None; Secure; Path=/; Domain=npmjs.org; Expires=Sat, 03 Oct 2026 22:54:51 GMT
< set-cookie: _cfuvid=3jBf21hv5BJFeInzX_nWeuzxY490yL3TuJZWr_wOXQ0-1791066291.0605447-1.0.1.1-EyNo4v5C2nCC5hMjavyipKTvIYTXZ4fw6RS.8mODWFg; HttpOnly; SameSite=None; Secure; Path=/; Domain=npmjs.org
< CF-Ray: a44f5bff187abd99-TIA
< CF-Cache-Status: HIT
< ETag: W/"9134cc7bde2a74b5810ed47635cea412"
< Access-Control-Allow-Origin: *
< Age: 67
< Cache-Control: public, max-age=300
< Last-Modified: Sun, 27 Sep 2026 13:46:26 GMT
< Server: cloudflare
< Vary: accept-encoding, accept
< Content-Encoding: br

> HTTP/1.1 GET https://registry.npmjs.org/nested-error-stacks
> Accept: application/vnd.npm.install-v1+json; q=1.0, application/json; q=0.8, */*
> Connection: keep-alive
> User-Agent: Bun/1.3.9
> Host: registry.npmjs.org
> Accept-Encoding: gzip, deflate, br, zstd

[PackageManager] waiting for 192 tasks
   - "@jsdevtools/ez-spawn": "^3.0.4" - @jsdevtools/ez-spawn@3.0.4
Enqueue package manifest for download: cross-spawn
Enqueue package manifest for download: string-argv
Enqueue package manifest for download: type-detect
Enqueue package manifest for download: call-me-maybe
[PackageManager] waiting for 195 tasks
   - "lucide-react": "^1.17.0" - lucide-react@1.51.0
[PackageManager] waiting for 194 tasks
   - "bun-types": "^1.1.40" - bun-types@1.4.2
[PackageManager] waiting for 193 tasks
    [248.62ms]
Downloaded pureimage versions
> HTTP/1.1 GET https://registry.npmjs.org/vary
> Accept: application/vnd.npm.install-v1+json; q=1.0, application/json; q=0.8, */*
> Connection: keep-alive
> User-Agent: Bun/1.3.9
> Host: registry.npmjs.org
> Accept-Encoding: gzip, deflate, br, zstd

[PackageManager] waiting for 193 tasks
   - "pureimage": "^0.4.18" - pureimage@0.4.20
Enqueue package manifest for download: jpeg-js
Enqueue package manifest for download: opentype.js
Enqueue package manifest for download: pngjs
> HTTP/1.1 GET https://registry.npmjs.org/encodeurl
> Accept: application/vnd.npm.install-v1+json; q=1.0, application/json; q=0.8, */*
> Connection: keep-alive
> User-Agent: Bun/1.3.9
> Host: registry.npmjs.org
> Accept-Encoding: gzip, deflate, br, zstd

[PackageManager] waiting for 195 tasks
    [29.35ms]
Downloaded sharp versions
[PackageManager] waiting for 195 tasks
   - "sharp": "0.32.6" - sharp@0.32.6
Enqueue package manifest for download: color
Enqueue package manifest for download: tar-fs
Enqueue package manifest for download: simple-get
Enqueue package manifest for download: detect-libc
Enqueue package manifest for download: tunnel-agent
Enqueue package manifest for download: node-addon-api
Enqueue package manifest for download: prebuild-install
< 200 OK
< Date: Sat, 03 Oct 2026 22:24:51 GMT
< Content-Type: application/vnd.npm.install-v1+json
< Transfer-Encoding: chunked
< Connection: keep-alive
< set-cookie: __cf_bm=OIuUJof..L4yJ4zMzOI8bkO6k7O0v4sPHxGp1UMZ7P4-1791066290.8902643-1.0.1.1-o7YC1HN14ZX_samb5ncfAdbSgYJjebAblMo0BFMt8lExHBXrJFNIR7a_A6uXLIKiM0c1yjeQf16zDSj4uTDfggKIpcPFk9kNinxvTeZDGmRwOrBuHrEL3AGOWqaF2pEP; HttpOnly; SameSite=None; Secure; Path=/; Domain=npmjs.org; Expires=Sat, 03 Oct 2026 22:54:51 GMT
< set-cookie: _cfuvid=2O027Ufdz12RKeeGdyXYJg22OvM30j9VZVN8X3Da.f0-1791066290.8902643-1.0.1.1-DcrgZFQtIxb_J1vGfpSUmR1Uhp0yFzR55z8amXTk4RA; HttpOnly; SameSite=None; Secure; Path=/; Domain=npmjs.org
< CF-Ray: a44f5bfe0ce87c08-TIA
< CF-Cache-Status: HIT
< ETag: W/"68fea8055d55efb8257a12f2dcecfc79"
< Access-Control-Allow-Origin: *
< Cache-Control: public, max-age=300
< Last-Modified: Sun, 23 Jul 2023 04:49:39 GMT
< Server: cloudflare
< Vary: accept-encoding, accept
< Content-Encoding: br

[PackageManager] waiting for 201 tasks
    [202.17ms]
Downloaded loose-envify versions
> HTTP/1.1 GET https://registry.npmjs.org/escape-html
> Accept: application/vnd.npm.install-v1+json; q=1.0, application/json; q=0.8, */*
> Connection: keep-alive
> User-Agent: Bun/1.3.9
> Host: registry.npmjs.org
> Accept-Encoding: gzip, deflate, br, zstd

[PackageManager] waiting for 201 tasks
   - "loose-envify": "^1.1.0" - loose-envify@1.4.0
Enqueue package manifest for download: js-tokens
[PackageManager] waiting for 201 tasks
    [271.30ms]
Downloaded rollup versions
> HTTP/1.1 GET https://registry.npmjs.org/etag
> Accept: application/vnd.npm.install-v1+json; q=1.0, application/json; q=0.8, */*
> Connection: keep-alive
> User-Agent: Bun/1.3.9
> Host: registry.npmjs.org
> Accept-Encoding: gzip, deflate, br, zstd

< 200 OK
< Date: Sat, 03 Oct 2026 22:24:51 GMT
< Content-Type: application/vnd.npm.install-v1+json
< Transfer-Encoding: chunked
< Connection: keep-alive
< set-cookie: __cf_bm=W18CbUU3rJ_HXahShgdhXLN02uzA7KsDstxUiedOqFI-1791066290.857294-1.0.1.1-oX3tjbq2ImgGfciv8HNO7ANKzU406meZy5rQOsxiTrqkkY_2ues4LfSMWyBWcN9Y1VLUPbMAGAvmdK683qQ8zYkg6WxApkaBpGVEun4dzwwEVI_c09Ai629hd3SOEYXB; HttpOnly; SameSite=None; Secure; Path=/; Domain=npmjs.org; Expires=Sat, 03 Oct 2026 22:54:51 GMT
< set-cookie: _cfuvid=QCRrtTAyTfVbkK32yjfNkVn0HatriWdOheWXlf89C1k-1791066290.857294-1.0.1.1-nxIvLU1IgTb6lOTUA3l.frIXkjD_hPlJWWr9Ak7YRNY; HttpOnly; SameSite=None; Secure; Path=/; Domain=npmjs.org
< CF-Ray: a44f5bfddc957c08-TIA
< CF-Cache-Status: REVALIDATED
< ETag: W/"73d020f825c66422c79f6f603b3084f1"
< Access-Control-Allow-Origin: *
< Cache-Control: public, max-age=300
< Last-Modified: Fri, 06 Feb 2026 21:28:06 GMT
< Server: cloudflare
< Vary: accept-encoding, accept
< Content-Encoding: br

< 200 OK
< Date: Sat, 03 Oct 2026 22:24:51 GMT
< Content-Type: application/vnd.npm.install-v1+json
< Transfer-Encoding: chunked
< Connection: keep-alive
< set-cookie: __cf_bm=AxZcwUHCiLmmOpSQs_s_41wtV401i9iZVjRKjc1jOyE-1791066290.9005172-1.0.1.1-XPnA9FWvLGXyIBdu4igsx0_zn6voGTZWTod6y0NfiPBLvufsuhWLNidC572F0xugda51tXHMIxau8iLJQbTpt3ECu22cMXWn_yZWMSZmg.v3HQ9YEgOjkee_ZmwDtFHv; HttpOnly; SameSite=None; Secure; Path=/; Domain=npmjs.org; Expires=Sat, 03 Oct 2026 22:54:51 GMT
< set-cookie: _cfuvid=eHCrSN5b_524g6m6HF1APjNJlUfIo_TYuZt8t2C6XUU-1791066290.9005172-1.0.1.1-w.Iboa9Q6S7eBDJcbMrbJaGkBghafQZbyWzkqtf1WLM; HttpOnly; SameSite=None; Secure; Path=/; Domain=npmjs.org
< CF-Ray: a44f5bfe1cfa7c08-TIA
< CF-Cache-Status: HIT
< ETag: W/"f66e7f7a2b0476bb6455178caba48b62"
< Access-Control-Allow-Origin: *
< Cache-Control: public, max-age=300
< Last-Modified: Tue, 17 Mar 2026 13:26:48 GMT
< Server: cloudflare
< Vary: accept-encoding, accept
< Content-Encoding: br

< 200 OK
< Date: Sat, 03 Oct 2026 22:24:51 GMT
< Content-Type: application/vnd.npm.install-v1+json
< Transfer-Encoding: chunked
< Connection: keep-alive
< set-cookie: __cf_bm=lzuhL1QyQEsHl44gTlT7BR8SYcw0uJo2Ji_MAcQbKuM-1791066290.900899-1.0.1.1-UOwjuepvvoUeihezMHJEwpmkvm9i0VxJhztKTL7.5B2dZor3HpSgvwsrvx1L1JjPkRORv0C5H4Er6FJ5MTNkWKgi8.Crq3hnkNNoc8za0qkPyhoQLixdVp10493Vf9Pi; HttpOnly; SameSite=None; Secure; Path=/; Domain=npmjs.org; Expires=Sat, 03 Oct 2026 22:54:51 GMT
< set-cookie: _cfuvid=AGFBc3OmiuhpCwjgzEVzW6j8k68D1b7B3YGHUVA1En0-1791066290.900899-1.0.1.1-4yNb4nMpTtwjHz9izn8KkLNnMm3bWLq8gmbTlNCG8.E; HttpOnly; SameSite=None; Secure; Path=/; Domain=npmjs.org
< CF-Ray: a44f5bfe1fa7bd99-TIA
< CF-Cache-Status: HIT
< ETag: W/"97db3d1ceac053b33b70c302b6312f8f"
< Access-Control-Allow-Origin: *
< Cache-Control: public, max-age=300
< Last-Modified: Wed, 18 Mar 2026 16:43:42 GMT
< Server: cloudflare
< Vary: accept-encoding, accept
< Content-Encoding: br

[PackageManager] waiting for 201 tasks
< 200 OK
< Date: Sat, 03 Oct 2026 22:24:51 GMT
< Content-Type: application/vnd.npm.install-v1+json
< Transfer-Encoding: chunked
< Connection: keep-alive
< set-cookie: __cf_bm=1isRkiZ4oiiqyC_DJHeejJe5kp38MfCr.AHpP43n7Yk-1791066290.9007294-1.0.1.1-64JCrkwmTSH.llqpvBaLuKEWDW0tAzqIgwEj76innvbwqBac.WxuIw8DcfJSsnzjp1uLOlf_PGf9QReZO9Dk_gJDRmuYAEUqwPROPI5ZKjI3yGcftP9VBUg8Sal1Y2mD; HttpOnly; SameSite=None; Secure; Path=/; Domain=npmjs.org; Expires=Sat, 03 Oct 2026 22:54:51 GMT
< set-cookie: _cfuvid=5UHQc9Y9MK0ZivBIt3YtCrDiZDSfldqeRryN4SXNeQc-1791066290.9007294-1.0.1.1-ZyjYoA3fmwr_YHqQ5A_qHYYqlj72ownRFDzd1TRroOk; HttpOnly; SameSite=None; Secure; Path=/; Domain=npmjs.org
< CF-Ray: a44f5bfe1afd9b00-TIA
< CF-Cache-Status: HIT
< ETag: W/"dfb0bbfae4385dd9c1d8ba14552956ff"
< Access-Control-Allow-Origin: *
< Cache-Control: public, max-age=300
< Last-Modified: Tue, 17 Mar 2026 13:13:26 GMT
< Server: cloudflare
< Vary: accept-encoding, accept
< Content-Encoding: br

    [201.18ms]
Downloaded domutils versions
[PackageManager] waiting for 201 tasks
    [203.66ms]
Downloaded boolbase versions
> HTTP/1.1 GET https://registry.npmjs.org/fresh
> Accept: application/vnd.npm.install-v1+json; q=1.0, application/json; q=0.8, */*
> Connection: keep-alive
> User-Agent: Bun/1.3.9
> Host: registry.npmjs.org
> Accept-Encoding: gzip, deflate, br, zstd

> HTTP/1.1 GET https://registry.npmjs.org/http-errors
> Accept: application/vnd.npm.install-v1+json; q=1.0, application/json; q=0.8, */*
> Connection: keep-alive
> User-Agent: Bun/1.3.9
> Host: registry.npmjs.org
> Accept-Encoding: gzip, deflate, br, zstd

< 200 OK
< Date: Sat, 03 Oct 2026 22:24:51 GMT
< Content-Type: application/vnd.npm.install-v1+json
< Transfer-Encoding: chunked
< Connection: keep-alive
< set-cookie: __cf_bm=IIl.FzvjOoBFdMZJQys1kBkMrOxk7WgfwbG8CMsDRSo-1791066290.861858-1.0.1.1-cl0N2i619bf6lmvMrbdQPTlmkPrJ0LMBX2rswp5awvObTpvkmtcjBYfxLhzVaC7AUInUzSZ0Cl3w..JAf23OVowjX_bdxpyEYPL.9NZqCIapkomNWxHMwKbekmYWJug2; HttpOnly; SameSite=None; Secure; Path=/; Domain=npmjs.org; Expires=Sat, 03 Oct 2026 22:54:51 GMT
< set-cookie: _cfuvid=48dCuDOHo6Z7mEep0t9QI7o_zp9TEwrmRjRctAnnsQE-1791066290.861858-1.0.1.1-lALIAFJwkM2VL26n7IPS6sTxwfnFoX9VIFok1DPjF.o; HttpOnly; SameSite=None; Secure; Path=/; Domain=npmjs.org
< CF-Ray: a44f5bfdedd5793f-TIA
< CF-Cache-Status: REVALIDATED
< ETag: W/"5a120f804fd47c106e9b7bf63e5643d7"
< Access-Control-Allow-Origin: *
< Cache-Control: public, max-age=300
< Last-Modified: Thu, 20 Aug 2026 00:55:13 GMT
< Server: cloudflare
< Vary: accept-encoding, accept
< Content-Encoding: br

[PackageManager] waiting for 201 tasks
> HTTP/1.1 GET https://registry.npmjs.org/mime-types
> Accept: application/vnd.npm.install-v1+json; q=1.0, application/json; q=0.8, */*
> Connection: keep-alive
> User-Agent: Bun/1.3.9
> Host: registry.npmjs.org
> Accept-Encoding: gzip, deflate, br, zstd

   - "boolbase": "^1.0.0" - boolbase@1.0.0
[PackageManager] waiting for 200 tasks
    [242.11ms]
Downloaded jscad-to-gltf versions
[PackageManager] waiting for 200 tasks
   - "jscad-to-gltf": "^0.0.5" - jscad-to-gltf@0.0.5
[PackageManager] waiting for 199 tasks
   - "domutils": "^3.0.1" - domutils@3.2.2
Enqueue package manifest for download: dom-serializer
Enqueue package manifest for download: domelementtype
[PackageManager] waiting for 200 tasks
   - "rollup": "^4.34.8" - rollup@4.64.0
Enqueue package manifest for download: @types/estree
Enqueue package manifest for download: @rollup/rollup-darwin-x64
Enqueue package manifest for download: @rollup/rollup-freebsd-x64
Enqueue package manifest for download: @rollup/rollup-openbsd-x64
Enqueue package manifest for download: @napi-rs/lzma-linux-x64-gnu
Enqueue package manifest for download: @rollup/rollup-darwin-arm64
Enqueue package manifest for download: @rollup/rollup-android-arm64
Enqueue package manifest for download: @rollup/rollup-freebsd-arm64
Enqueue package manifest for download: @rollup/rollup-linux-x64-gnu
Enqueue package manifest for download: @rollup/rollup-win32-x64-gnu
Enqueue package manifest for download: @rollup/rollup-linux-x64-musl
Enqueue package manifest for download: @rollup/rollup-win32-x64-msvc
Enqueue package manifest for download: @rollup/rollup-linux-arm64-gnu
Enqueue package manifest for download: @rollup/rollup-linux-ppc64-gnu
Enqueue package manifest for download: @rollup/rollup-linux-s390x-gnu
Enqueue package manifest for download: @rollup/rollup-win32-ia32-msvc
Enqueue package manifest for download: @rollup/rollup-android-arm-eabi
Enqueue package manifest for download: @rollup/rollup-linux-arm64-musl
Enqueue package manifest for download: @rollup/rollup-linux-ppc64-musl
Enqueue package manifest for download: @rollup/rollup-win32-arm64-msvc
Enqueue package manifest for download: @rollup/rollup-linux-loong64-gnu
Enqueue package manifest for download: @rollup/rollup-linux-riscv64-gnu
Enqueue package manifest for download: @rollup/rollup-openharmony-arm64
Enqueue package manifest for download: @rollup/rollup-linux-loong64-musl
Enqueue package manifest for download: @rollup/rollup-linux-riscv64-musl
Enqueue package manifest for download: @rollup/rollup-linux-arm-gnueabihf
Enqueue package manifest for download: @rollup/rollup-linux-arm-musleabihf
[PackageManager] waiting for 226 tasks
    [210.92ms]
Downloaded css-what versions
> HTTP/1.1 GET https://registry.npmjs.org/on-finished
> Accept: application/vnd.npm.install-v1+json; q=1.0, application/json; q=0.8, */*
> Connection: keep-alive
> User-Agent: Bun/1.3.9
> Host: registry.npmjs.org
> Accept-Encoding: gzip, deflate, br, zstd

[PackageManager] waiting for 226 tasks
   - "css-what": "^6.1.0" - css-what@6.2.2
< 200 OK
< Date: Sat, 03 Oct 2026 22:24:51 GMT
< Content-Type: application/vnd.npm.install-v1+json
< Transfer-Encoding: chunked
< Connection: keep-alive
< set-cookie: __cf_bm=SPQIQrAz39mDtmgQYlDvqls05VZOVe_2wrAv.V4lY3Y-1791066290.9107306-1.0.1.1-QdG2wBw.kTdbO__K0BF_czcAymmXa.VgmtH4FumXGWebq1A0Zan9i9WJ4Mvp3r1zqbw.aLZ4AaB0s.snYTIS3cDEkjrVh0OTbhEEn8tzVEpC8vojvZCb1Nn0EBBx8FF6; HttpOnly; SameSite=None; Secure; Path=/; Domain=npmjs.org; Expires=Sat, 03 Oct 2026 22:54:51 GMT
< set-cookie: _cfuvid=IL4pDFg2EK_xFVZaoZgOvWFyOPqc7hxKFE136l8SKnY-1791066290.9107306-1.0.1.1-sFbNf9uTaqvoJrn9MadTCjAD6OJxjijOliJ_ACXqkVw; HttpOnly; SameSite=None; Secure; Path=/; Domain=npmjs.org
< CF-Ray: a44f5bfe2ed4f474-TIA
< CF-Cache-Status: HIT
< ETag: W/"e293723d0957b528bac31f9f1b66451d"
< Access-Control-Allow-Origin: *
< Cache-Control: public, max-age=300
< Last-Modified: Tue, 17 Mar 2026 23:12:59 GMT
< Server: cloudflare
< Vary: accept-encoding, accept
< Content-Encoding: br

[PackageManager] waiting for 225 tasks
    [204.62ms]
Downloaded nth-check versions
> HTTP/1.1 GET https://registry.npmjs.org/range-parser
> Accept: application/vnd.npm.install-v1+json; q=1.0, application/json; q=0.8, */*
> Connection: keep-alive
> User-Agent: Bun/1.3.9
> Host: registry.npmjs.org
> Accept-Encoding: gzip, deflate, br, zstd

[PackageManager] waiting for 225 tasks
   - "nth-check": "^2.0.1" - nth-check@2.1.1
< 200 OK
< Date: Sat, 03 Oct 2026 22:24:51 GMT
< Content-Type: application/vnd.npm.install-v1+json
< Transfer-Encoding: chunked
< Connection: keep-alive
< set-cookie: __cf_bm=3gmAasEBEb5GiJZAyUKmvCyITWbV_J3JYFyOpflEe5s-1791066290.5651114-1.0.1.1-Cwwro5sHgQl4ApZgDuLk0izeU6bM.V9FtSuUX6kb8_McBIUT8UtdztiWUVOwqZ4400Jhvw.FFrz2xWHBY28tBpQfXKLKgQjbBXbQ89MXaccWaWO7r9fEF3jvapEjob67; HttpOnly; SameSite=None; Secure; Path=/; Domain=npmjs.org; Expires=Sat, 03 Oct 2026 22:54:51 GMT
< set-cookie: _cfuvid=bMLqIzhU1aS1.bziiD3_p9h7FERwuC5nxrxZHjb16Fc-1791066290.5651114-1.0.1.1-TfVoIsokDtWeCfI3mNSuWpGS3rQDD10Me6avkbUuXdk; HttpOnly; SameSite=None; Secure; Path=/; Domain=npmjs.org
< CF-Ray: a44f5bfc0d3ef474-TIA
< CF-Cache-Status: HIT
< ETag: W/"995e939618e4ddc8c6406c6cca7a75d8"
< Access-Control-Allow-Origin: *
< Cache-Control: public, max-age=300
< Last-Modified: Fri, 03 Apr 2026 13:52:30 GMT
< Server: cloudflare
< Vary: accept-encoding, accept
< Content-Encoding: br

[PackageManager] waiting for 224 tasks
    [557.42ms]
Downloaded opn versions
> HTTP/1.1 GET https://registry.npmjs.org/statuses
> Accept: application/vnd.npm.install-v1+json; q=1.0, application/json; q=0.8, */*
> Connection: keep-alive
> User-Agent: Bun/1.3.9
> Host: registry.npmjs.org
> Accept-Encoding: gzip, deflate, br, zstd

[PackageManager] waiting for 224 tasks
   - "opn": "latest" - opn@6.0.0
Enqueue package manifest for download: is-wsl
< 200 OK
< Date: Sat, 03 Oct 2026 22:24:51 GMT
< Content-Type: application/vnd.npm.install-v1+json
< Transfer-Encoding: chunked
< Connection: keep-alive
< set-cookie: __cf_bm=.ZtWdFlDX_i242.5bTIVekkYXMiDZGbP3dPzrdHg_0M-1791066290.8852668-1.0.1.1-l0VSh4fxwN7j6vK__lHGyTVt1BDN26iAFmRYTNldC3cvUnzXl1LrDFvUAJu_ZoSQjz_iRUUdGqLWCWUYHDeyWjQzWXHJbQS9iAy_0CBzKgRsSlEFMrtXPI1WV6xu_Mgm; HttpOnly; SameSite=None; Secure; Path=/; Domain=npmjs.org; Expires=Sat, 03 Oct 2026 22:54:51 GMT
< set-cookie: _cfuvid=NXnPtWiRWOce8_yW85BN.zhs0fVm1Ze1tHYoxhbxm7k-1791066290.8852668-1.0.1.1-og4.TO_ZiiysvuCONlv9h51_g.vDns3cKiWrddPFMXU; HttpOnly; SameSite=None; Secure; Path=/; Domain=npmjs.org
< CF-Ray: a44f5bfe0ce17c08-TIA
< CF-Cache-Status: REVALIDATED
< ETag: W/"2f2c4a7671853aeecfd169a5f63960f5"
< Access-Control-Allow-Origin: *
< Cache-Control: public, max-age=300
< Last-Modified: Sat, 03 Oct 2026 22:12:38 GMT
< Server: cloudflare
< Vary: accept-encoding, accept
< Content-Encoding: br

< 200 OK
< Date: Sat, 03 Oct 2026 22:24:51 GMT
< Content-Type: application/vnd.npm.install-v1+json
< Transfer-Encoding: chunked
< Connection: keep-alive
< set-cookie: __cf_bm=i6pni5feq_2nZpIhr45dIZORPJPIJOGvIvKO9lIZwII-1791066290.9313257-1.0.1.1-ZL4WlOofrqH_wPsHJgY1FKwDIMi2cVTB4uauscfgrgb2X90Ii8qjsWmTndm5fHPc2NolGqumGqtysu3DjbfbMkntCFSQy5b0h6loz59d3cptP.GFnK6cDAlRMoJG2WPD; HttpOnly; SameSite=None; Secure; Path=/; Domain=npmjs.org; Expires=Sat, 03 Oct 2026 22:54:51 GMT
< set-cookie: _cfuvid=NrEMpLSaz4easXrDv5cdyT59dyXKM8ddCHk7QaTlSuU-1791066290.9313257-1.0.1.1-tlA3xRjcFK0dHnce_O8rAMQOaqnvVEjdy5FIGO9H7Zo; HttpOnly; SameSite=None; Secure; Path=/; Domain=npmjs.org
< CF-Ray: a44f5bfe4d3c7c08-TIA
< CF-Cache-Status: HIT
< ETag: W/"25b2747c7b1764f9221d4d7690394b61"
< Access-Control-Allow-Origin: *
< Cache-Control: public, max-age=300
< Last-Modified: Tue, 17 Mar 2026 16:24:52 GMT
< Server: cloudflare
< Vary: accept-encoding, accept
< Content-Encoding: br

[PackageManager] waiting for 224 tasks
> HTTP/1.1 GET https://registry.npmjs.org/depd
> Accept: application/vnd.npm.install-v1+json; q=1.0, application/json; q=0.8, */*
> Connection: keep-alive
> User-Agent: Bun/1.3.9
> Host: registry.npmjs.org
> Accept-Encoding: gzip, deflate, br, zstd

    [204.53ms]
Downloaded domhandler versions
[PackageManager] waiting for 224 tasks
   - "domhandler": "^5.0.2" - domhandler@5.0.3
[PackageManager] waiting for 223 tasks
> HTTP/1.1 GET https://registry.npmjs.org/basic-auth
> Accept: application/vnd.npm.install-v1+json; q=1.0, application/json; q=0.8, */*
> Connection: keep-alive
> User-Agent: Bun/1.3.9
> Host: registry.npmjs.org
> Accept-Encoding: gzip, deflate, br, zstd

    [267.29ms]
Downloaded jscad-electronics versions
[PackageManager] waiting for 223 tasks
   - "jscad-electronics": "^0.0.178" - jscad-electronics@0.0.178
   - "@tscircuit/modelprinter": "^0.0.2" - @tscircuit/modelprinter@0.0.2
   - "zod": "^4.4.3" - zod@4.6.5
< 200 OK
< Access-Control-Allow-Origin: https://render.githubusercontent.com
< content-disposition: attachment; filename=tscircuit-bga-fanout-solver-247c835.tar.gz
< Content-Length: 1132375
< Content-Security-Policy: default-src 'none'; style-src 'unsafe-inline'; sandbox
< Content-Type: application/x-gzip
< cross-origin-resource-policy: cross-origin
< ETag: W/"0027278be45e56665f5ec396e5147332c9c77ee2817d83ed6d2e1f3089b9f6cf"
< Strict-Transport-Security: max-age=31536000
< Vary: Authorization,Accept-Encoding
< X-Content-Type-Options: nosniff
< X-Frame-Options: deny
< X-XSS-Protection: 1; mode=block
< Date: Sat, 03 Oct 2026 22:24:51 GMT
< X-GitHub-Request-Id: F3DE:2EE24E:4DC834:7DD669:6AC180B2
< x-github-edge-region: fra

[PackageManager] waiting for 222 tasks
    [308.57ms]
Downloaded jscad-planner versions
> HTTP/1.1 GET https://registry.npmjs.org/on-headers
> Accept: application/vnd.npm.install-v1+json; q=1.0, application/json; q=0.8, */*
> Connection: keep-alive
> User-Agent: Bun/1.3.9
> Host: registry.npmjs.org
> Accept-Encoding: gzip, deflate, br, zstd

< 200 OK
< Access-Control-Allow-Origin: https://render.githubusercontent.com
< content-disposition: attachment; filename=tscircuit-ti-57e314b.tar.gz
< Content-Length: 2477409
< Content-Security-Policy: default-src 'none'; style-src 'unsafe-inline'; sandbox
< Content-Type: application/x-gzip
< cross-origin-resource-policy: cross-origin
< ETag: W/"a3dba63780bb3ab0bceb4af5f527090d72ec5f618aa33b2055514e41afadd32e"
< Strict-Transport-Security: max-age=31536000
< Vary: Authorization,Accept-Encoding
< X-Content-Type-Options: nosniff
< X-Frame-Options: deny
< X-XSS-Protection: 1; mode=block
< Date: Sat, 03 Oct 2026 22:24:51 GMT
< X-GitHub-Request-Id: F107:6AFF8:4A0CE3:7A298C:6AC180B2
< x-github-edge-region: fra

[PackageManager] waiting for 222 tasks
   - "jscad-planner": "^0.0.14" - jscad-planner@0.0.14
   - "jscad-planner": "^0.0.13" - jscad-planner@0.0.13
< 200 OK
< Access-Control-Allow-Origin: https://render.githubusercontent.com
< content-disposition: attachment; filename=tscircuit-jlcpcb-manufacturing-specs-2326050.tar.gz
< Content-Length: 3930
< Content-Security-Policy: default-src 'none'; style-src 'unsafe-inline'; sandbox
< Content-Type: application/x-gzip
< cross-origin-resource-policy: cross-origin
< ETag: W/"da60da8bc55569e6b6baf1137d2b8fedb53100f18b2caf1a4425d7f100627603"
< Strict-Transport-Security: max-age=31536000
< Vary: Authorization,Accept-Encoding
< X-Content-Type-Options: nosniff
< X-Frame-Options: deny
< X-XSS-Protection: 1; mode=block
< Date: Sat, 03 Oct 2026 22:24:51 GMT
< X-GitHub-Request-Id: F328:5BFBC:485DBE:7872EA:6AC180B2
< x-github-edge-region: fra

[PackageManager] waiting for 221 tasks
    [639.87ms] Downloaded @tscircuit/jlcpcb-manufacturing-specs tarball
> HTTP/1.1 GET https://registry.npmjs.org/parsel-js
> Accept: application/vnd.npm.install-v1+json; q=1.0, application/json; q=0.8, */*
> Connection: keep-alive
> User-Agent: Bun/1.3.9
> Host: registry.npmjs.org
> Accept-Encoding: gzip, deflate, br, zstd

< 200 OK
< Access-Control-Allow-Origin: https://render.githubusercontent.com
< content-disposition: attachment; filename=tscircuit-via-stitch-solver-64f2ac7.tar.gz
< Content-Length: 60294
< Content-Security-Policy: default-src 'none'; style-src 'unsafe-inline'; sandbox
< Content-Type: application/x-gzip
< cross-origin-resource-policy: cross-origin
< ETag: W/"d6317dd1c53479937038d3249784296c6bf71520c5ec06ff80dbb9edbf1cefc0"
< Strict-Transport-Security: max-age=31536000
< Vary: Authorization,Accept-Encoding
< X-Content-Type-Options: nosniff
< X-Frame-Options: deny
< X-XSS-Protection: 1; mode=block
< Date: Sat, 03 Oct 2026 22:24:51 GMT
< X-GitHub-Request-Id: F087:30297E:4B4740:7B669F:6AC180B2
< x-github-edge-region: fra

 .github/
 .github/workflows/
 .github/workflows/bun-formatcheck.yml
 .github/workflows/bun-typecheck.yml
 .gitignore
 LICENSE
 README.md
 biome.json
 bunfig.toml
 index.ts
 lib/
 lib/jlcpcb-manufacturing-specs.ts
 package.json
 tsconfig.json
[@tscircuit/jlcpcb-manufacturing-specs] Extract .99fbefed7ff7f5c6-00000005.jlcpcb-manufacturing-specs (decompressed 3.93 KB tgz file in 21.209us)
[@tscircuit/jlcpcb-manufacturing-specs] Extracted to .99fbefed7ff7f5c6-00000005.jlcpcb-manufacturing-specs (860.584us)
[PackageManager] waiting for 221 tasks
< 200 OK
< Access-Control-Allow-Origin: https://render.githubusercontent.com
< content-disposition: attachment; filename=tscircuit-implicit-copper-pour-solver-a5cbbda.tar.gz
< Content-Length: 183699
< Content-Security-Policy: default-src 'none'; style-src 'unsafe-inline'; sandbox
< Content-Type: application/x-gzip
< cross-origin-resource-policy: cross-origin
< ETag: W/"bb49b14e28f2153af599265e4d3559756f86698ca235631a9d509a6eb31f64ed"
< Strict-Transport-Security: max-age=31536000
< Vary: Authorization,Accept-Encoding
< X-Content-Type-Options: nosniff
< X-Frame-Options: deny
< X-XSS-Protection: 1; mode=block
< Date: Sat, 03 Oct 2026 22:24:51 GMT
< X-GitHub-Request-Id: EF93:157B:40224A:6DD377:6AC180B2
< x-github-edge-region: fra

< 200 OK
< Date: Sat, 03 Oct 2026 22:24:51 GMT
< Content-Type: application/vnd.npm.install-v1+json
< Transfer-Encoding: chunked
< Connection: keep-alive
< set-cookie: __cf_bm=P0QZqhNuIYNJSV_9TNObQQWzx7qOAH.qMN14EpZEjRE-1791066290.8097062-1.0.1.1-yUgeYbQ.D3ocGvYrAFndgXbgcuvdrO8zBN.SJhw1bW4OadfDjYs7Ct0srMSjhnil9inn_rNKI27gWbrEfjLPTLRhMhJa455ivryYWuNQF9kLyUcLFpFe.MjzEWh2WT9x; HttpOnly; SameSite=None; Secure; Path=/; Domain=npmjs.org; Expires=Sat, 03 Oct 2026 22:54:51 GMT
< set-cookie: _cfuvid=XFxqPdFQSd23K9Xqp0EHH8HEqvP3F8BF76cW36di9Iw-1791066290.8097062-1.0.1.1-HK78g_GTYuZ9QOg8GoQneXta5XwK9N3sbpNYT1j_xpE; HttpOnly; SameSite=None; Secure; Path=/; Domain=npmjs.org
< CF-Ray: a44f5bfd8d8e793f-TIA
< CF-Cache-Status: HIT
< ETag: W/"7166f2945204d7ecfeec6ea38a765d93"
< Access-Control-Allow-Origin: *
< Cache-Control: public, max-age=300
< Last-Modified: Fri, 19 Jul 2024 07:41:41 GMT
< Server: cloudflare
< Vary: accept-encoding, accept
< Content-Encoding: br

[PackageManager] waiting for 220 tasks
    [396.39ms]
Downloaded @types/react-router-dom versions
> HTTP/1.1 GET https://registry.npmjs.org/@tscircuit%2fmanifold-2d
> Accept: application/vnd.npm.install-v1+json; q=1.0, application/json; q=0.8, */*
> Connection: keep-alive
> User-Agent: Bun/1.3.9
> Host: registry.npmjs.org
> Accept-Encoding: gzip, deflate, br, zstd

[PackageManager] waiting for 220 tasks
   - "@types/react-router-dom": "^5.3.3" - @types/react-router-dom@5.3.3
Enqueue package manifest for download: @types/history
Enqueue package manifest for download: @types/react-router
< 200 OK
< Date: Sat, 03 Oct 2026 22:24:51 GMT
< Content-Type: application/vnd.npm.install-v1+json
< Transfer-Encoding: chunked
< Connection: keep-alive
< set-cookie: __cf_bm=8o0.CNIYMPc54b.5TRRXVoXhl5YLwGj1lTox1KZVVek-1791066291.0255017-1.0.1.1-VbbNBp_LF6uJzrMSKeuvYiIZgxnpUs5yxQ1gMXnLGMPUD8fULXcvSWWm5FA2DuOMovdpOP6HKU1HDlX6dkQxIzpTvjBueN4N9SprxFKXQ23gn_KfvIK4jlol7LExlH6H; HttpOnly; SameSite=None; Secure; Path=/; Domain=npmjs.org; Expires=Sat, 03 Oct 2026 22:54:51 GMT
< set-cookie: _cfuvid=207SNzpE_l.8QFxusC6nYDe2ntdBN3c53eypte6BFBM-1791066291.0255017-1.0.1.1-kWOZ4bo.hU6ki_G4m7tMwbzGiJazBZa_KXLkL6f5K3Q; HttpOnly; SameSite=None; Secure; Path=/; Domain=npmjs.org
< CF-Ray: a44f5bfee841bd99-TIA
< CF-Cache-Status: HIT
< ETag: W/"7d0a79613897550679f280946c3a63d7"
< Access-Control-Allow-Origin: *
< Cache-Control: public, max-age=300
< Last-Modified: Thu, 14 Aug 2025 16:56:05 GMT
< Server: cloudflare
< Vary: accept-encoding, accept
< Content-Encoding: br

[PackageManager] waiting for 221 tasks
    [200.22ms]
Downloaded fdir versions
> HTTP/1.1 GET https://registry.npmjs.org/finalhandler
> Accept: application/vnd.npm.install-v1+json; q=1.0, application/json; q=0.8, */*
> Connection: keep-alive
> User-Agent: Bun/1.3.9
> Host: registry.npmjs.org
> Accept-Encoding: gzip, deflate, br, zstd

< 200 OK
< Date: Sat, 03 Oct 2026 22:24:51 GMT
< Content-Type: application/vnd.npm.install-v1+json
< Transfer-Encoding: chunked
< Connection: keep-alive
< set-cookie: __cf_bm=P4UTYWr1M71TwfUZJJfxtiED_qoXcL2si9ghB1.AzBU-1791066291.0296378-1.0.1.1-WEEpl3U5yQwHznTSnQ.amqrkCK8LakKkibtI.AlvvV7R07HnOKZX_1_8j.dams1vlC_F.nc4YDys2kx2M9rir7PELFOhJUe016p59jTCuKb3nvrmHJKOsdXPVPSLiuAZ; HttpOnly; SameSite=None; Secure; Path=/; Domain=npmjs.org; Expires=Sat, 03 Oct 2026 22:54:51 GMT
< set-cookie: _cfuvid=aXFd1IL4BAgIYuysfSAo7wC4JsRXcBYcn.yO3cF3xoM-1791066291.0296378-1.0.1.1-ma3chUD0ukwHPSFCu.pyUZQfPbJIMJvo1gOJKXl0OZ0; HttpOnly; SameSite=None; Secure; Path=/; Domain=npmjs.org
< CF-Ray: a44f5bfeef84f474-TIA
< CF-Cache-Status: HIT
< ETag: W/"9c0c86a6d954805896e63952d2b1e0b1"
< Access-Control-Allow-Origin: *
< Cache-Control: public, max-age=300
< Last-Modified: Mon, 24 Aug 2026 14:36:25 GMT
< Server: cloudflare
< Vary: accept-encoding, accept
< Content-Encoding: br

[PackageManager] waiting for 221 tasks
   - "fdir": "^6.5.0" - fdir@6.5.0
[PackageManager] waiting for 220 tasks
    [205.38ms]
Downloaded picomatch versions
< 200 OK
< Date: Sat, 03 Oct 2026 22:24:51 GMT
< Content-Type: application/vnd.npm.install-v1+json
< Transfer-Encoding: chunked
< Connection: keep-alive
< set-cookie: __cf_bm=1wphjH_SS5muz1dMaXTcOAEcH2E5vSOTog2AaAYWXIA-1791066291.0351033-1.0.1.1-r.S_dDC.cs7k_o2e1RdfdNSntNq6Ml4nNXXHec87w.QOZ_0noJLBsH24p0SYJMeOEn_0SKcZ.uzMmgrL02Wj_4WsFGwlhVIKd8VrbuKFROQNRjrjStIa3zMbch6Qw56j; HttpOnly; SameSite=None; Secure; Path=/; Domain=npmjs.org; Expires=Sat, 03 Oct 2026 22:54:51 GMT
< set-cookie: _cfuvid=NwnlrI047f4PklHsBqLZSKlglzsrb6AMZlcbEpxRaT0-1791066291.0351033-1.0.1.1-sZqpvHEHggBcZz8In5UV.7Y2Gk0ftLwFudOaB.vf3ug; HttpOnly; SameSite=None; Secure; Path=/; Domain=npmjs.org
< CF-Ray: a44f5bfefe257c08-TIA
< CF-Cache-Status: HIT
< ETag: W/"83df724f9afa95b805cfd6352f0f6282"
< Access-Control-Allow-Origin: *
< Cache-Control: public, max-age=300
< Last-Modified: Thu, 03 Sep 2026 10:25:56 GMT
< Server: cloudflare
< Vary: accept-encoding, accept
< Content-Encoding: br

[PackageManager] waiting for 220 tasks
    [199.66ms]
Downloaded confbox versions
> HTTP/1.1 GET https://registry.npmjs.org/parseurl
> Accept: application/vnd.npm.install-v1+json; q=1.0, application/json; q=0.8, */*
> Connection: keep-alive
> User-Agent: Bun/1.3.9
> Host: registry.npmjs.org
> Accept-Encoding: gzip, deflate, br, zstd

[PackageManager] waiting for 220 tasks
> HTTP/1.1 GET https://registry.npmjs.org/utils-merge
> Accept: application/vnd.npm.install-v1+json; q=1.0, application/json; q=0.8, */*
> Connection: keep-alive
> User-Agent: Bun/1.3.9
> Host: registry.npmjs.org
> Accept-Encoding: gzip, deflate, br, zstd

   - "confbox": "^0.1.8" - confbox@0.1.8
< 200 OK
< Date: Sat, 03 Oct 2026 22:24:51 GMT
< Content-Type: application/vnd.npm.install-v1+json
< Transfer-Encoding: chunked
< Connection: keep-alive
< set-cookie: __cf_bm=pk8AThToj8wlEr1tkItKfBvN76CJz.mh.PtZuQZrHCA-1791066291.035294-1.0.1.1-o7BRxOEj1bMfTgpZIH_wd5GTNgddh7DoGX03Hkkjtr_za9fB4VRXQGMBmvS82a6Z6cITGTl6fYIzwiQPkVEaTMV_xmG6Fpc8xvdLRTC7AijSpwpgr2SJbUNbbXYSzuKW; HttpOnly; SameSite=None; Secure; Path=/; Domain=npmjs.org; Expires=Sat, 03 Oct 2026 22:54:51 GMT
< set-cookie: _cfuvid=zON8Y11QKorwrODKzW_xkUnRrdiBM30XRAMiiSfP_dM-1791066291.035294-1.0.1.1-SvtxZlE1QQAam2Rm_djxXgbx3YXSyt1GWeSzSNXG9pc; HttpOnly; SameSite=None; Secure; Path=/; Domain=npmjs.org
< CF-Ray: a44f5bfef93ca5b3-TIA
< CF-Cache-Status: HIT
< ETag: W/"79a82a7a153dc5b614919a223e8f9318"
< Access-Control-Allow-Origin: *
< Cache-Control: public, max-age=300
< Last-Modified: Tue, 11 Feb 2025 19:47:37 GMT
< Server: cloudflare
< Vary: accept-encoding, accept
< Content-Encoding: br

[PackageManager] waiting for 219 tasks
   - "picomatch": "^4.0.4" - picomatch@4.0.7
[PackageManager] waiting for 218 tasks
    [206.20ms]
Downloaded pathe versions
> HTTP/1.1 GET https://registry.npmjs.org/@tscircuit%2fmm
> Accept: application/vnd.npm.install-v1+json; q=1.0, application/json; q=0.8, */*
> Connection: keep-alive
> User-Agent: Bun/1.3.9
> Host: registry.npmjs.org
> Accept-Encoding: gzip, deflate, br, zstd

< 200 OK
< Date: Sat, 03 Oct 2026 22:24:51 GMT
< Content-Type: application/vnd.npm.install-v1+json
< Transfer-Encoding: chunked
< Connection: keep-alive
< set-cookie: __cf_bm=L8oUfq5cyfvlKbrFNwfgL3xLF4isEL6AQwhwuTfRR8I-1791066291.0351045-1.0.1.1-q597flNHbpHmiFGmL43VeXVs2Dae.fZJqUvPDNGx1zAhB0EoExljOQ1mLnh_z2zmOtFIttHfuotxgN7xxg6ErpU.3I9mjf6j7UgVay1elwyZXTQtAaET9HJMRoGqsY1h; HttpOnly; SameSite=None; Secure; Path=/; Domain=npmjs.org; Expires=Sat, 03 Oct 2026 22:54:51 GMT
< set-cookie: _cfuvid=zeC0FvcLJkzIlhLtKjpYSY8XhTccLKTkNhGLWqWdLAE-1791066291.0351045-1.0.1.1-ica4rQzm.CPupaHCHYCuXPp2rJNZSR2ap07l7HU.xdc; HttpOnly; SameSite=None; Secure; Path=/; Domain=npmjs.org
< CF-Ray: a44f5bfeffc45f50-TIA
< CF-Cache-Status: HIT
< ETag: W/"9992c0b308e50936072d9f895aa3be41"
< Access-Control-Allow-Origin: *
< Cache-Control: public, max-age=300
< Last-Modified: Sat, 15 Jul 2023 21:26:25 GMT
< Server: cloudflare
< Vary: accept-encoding, accept
< Content-Encoding: br

< 200 OK
< Date: Sat, 03 Oct 2026 22:24:51 GMT
< Content-Type: application/vnd.npm.install-v1+json
< Transfer-Encoding: chunked
< Connection: keep-alive
< set-cookie: __cf_bm=EdaH5FenWvJi6aLZZN1YYUFvUdofe6eQCnKUN9RzjB4-1791066291.0347655-1.0.1.1-4UWtFubN3MeQm4rFbAv9V0HIUwDvaAUnHzYK9AVW2s1M.pgXwHifxKEYotD4bVvYqILv19IjSO4zoX4SqRXqBBTB.3Gcbf7HAgjt3G1V1nL_T8ERVFa.E_iB5Ox6trxm; HttpOnly; SameSite=None; Secure; Path=/; Domain=npmjs.org; Expires=Sat, 03 Oct 2026 22:54:51 GMT
< set-cookie: _cfuvid=nGDuFSkAAat_ehELLY2F23wci9eBAD.1BQ_GO3JoPO8-1791066291.0347655-1.0.1.1-zttqsklPUvkw_v5GWI.bZjX38sAN5GG8xzwICbmi0sE; HttpOnly; SameSite=None; Secure; Path=/; Domain=npmjs.org
< CF-Ray: a44f5bfefbf79b00-TIA
< CF-Cache-Status: HIT
< ETag: W/"9c155545e96e1b5e44baf26d129ba963"
< Access-Control-Allow-Origin: *
< Cache-Control: public, max-age=300
< Last-Modified: Thu, 19 Mar 2026 23:39:51 GMT
< Server: cloudflare
< Vary: accept-encoding, accept
< Content-Encoding: br

> HTTP/1.1 GET https://registry.npmjs.org/redaxios
> Accept: application/vnd.npm.install-v1+json; q=1.0, application/json; q=0.8, */*
> Connection: keep-alive
> User-Agent: Bun/1.3.9
> Host: registry.npmjs.org
> Accept-Encoding: gzip, deflate, br, zstd

[PackageManager] waiting for 218 tasks
    [201.32ms]
Downloaded url-join versions
[PackageManager] waiting for 218 tasks
   - "url-join": "^5.0.0" - url-join@5.0.0
[PackageManager] waiting for 217 tasks
   - "pathe": "^2.0.1" - pathe@2.0.3
[PackageManager] waiting for 216 tasks
    [294.84ms]
Downloaded mlly versions
> HTTP/1.1 GET https://registry.npmjs.org/csstype
> Accept: application/vnd.npm.install-v1+json; q=1.0, application/json; q=0.8, */*
> Connection: keep-alive
> User-Agent: Bun/1.3.9
> Host: registry.npmjs.org
> Accept-Encoding: gzip, deflate, br, zstd

< 200 OK
< Date: Sat, 03 Oct 2026 22:24:51 GMT
< Content-Type: application/vnd.npm.install-v1+json
< Transfer-Encoding: chunked
< Connection: keep-alive
< set-cookie: __cf_bm=53xwJs9zv90DhEGkWNdeovG2a88KMo0HI6Cy5cAjtuU-1791066291.045229-1.0.1.1-VQIqatMJQny8GfV.p3gMPU5EQW1nMI889KwR0G8HPd_jLyVcEuC4rZvS9TMVTUMGa9kcuDYRS7K95uGK5qGn6h8Q7llaeZ9PVu_pG_rmq_HgFVF14EIuv2Ya1OkCPQjT; HttpOnly; SameSite=None; Secure; Path=/; Domain=npmjs.org; Expires=Sat, 03 Oct 2026 22:54:51 GMT
< set-cookie: _cfuvid=eGzcTuLhiNXjs9k1ntoHSmjymfMIHANX6I04lK4VyDE-1791066291.045229-1.0.1.1-ynQMFQIiYy2DgmbrKMFGdlFQHbB7A7AoTOJCBhaatRo; HttpOnly; SameSite=None; Secure; Path=/; Domain=npmjs.org
< CF-Ray: a44f5bff0f96f474-TIA
< CF-Cache-Status: HIT
< ETag: W/"2b4c02a39de09c7537038b42c520175b"
< Access-Control-Allow-Origin: *
< Cache-Control: public, max-age=300
< Last-Modified: Fri, 10 Oct 2025 07:56:06 GMT
< Server: cloudflare
< Vary: accept-encoding, accept
< Content-Encoding: br

[PackageManager] waiting for 216 tasks
    [284.16ms]
Downloaded quick-lru versions
< 200 OK
< Access-Control-Allow-Origin: https://render.githubusercontent.com
< content-disposition: attachment; filename=tscircuit-winding-breakout-point-solver-202dbe9.tar.gz
< Content-Length: 57059
< Content-Security-Policy: default-src 'none'; style-src 'unsafe-inline'; sandbox
< Content-Type: application/x-gzip
< cross-origin-resource-policy: cross-origin
< ETag: W/"b3de3485058857bc090c2e5006abd693971c75fb9ddf7dc75aa7d276dc8534e2"
< Strict-Transport-Security: max-age=31536000
< Vary: Authorization,Accept-Encoding
< X-Content-Type-Options: nosniff
< X-Frame-Options: deny
< X-XSS-Protection: 1; mode=block
< Date: Sat, 03 Oct 2026 22:24:51 GMT
< X-GitHub-Request-Id: F3AA:2EE24E:4DC834:7DD66A:6AC180B2
< x-github-edge-region: fra

< 200 OK
< Date: Sat, 03 Oct 2026 22:24:51 GMT
< Content-Type: application/vnd.npm.install-v1+json
< Transfer-Encoding: chunked
< Connection: keep-alive
< set-cookie: __cf_bm=R2pbUlkyJHk8KKMtwOxcWU27hJxlyHswlSw.HzDqQWM-1791066290.8095841-1.0.1.1-mKkaF.fGXMo_0pbsE4xt8OYZjLAwOFU5KahS7UAMJKcmNrQhY_FYayGwpyah04dXB32zjVrYb_bW5MsahY__kdnzgLh2DPpLtF768RA06.eqqFwJKD3BrMgU3mNiXsHd; HttpOnly; SameSite=None; Secure; Path=/; Domain=npmjs.org; Expires=Sat, 03 Oct 2026 22:54:51 GMT
< set-cookie: _cfuvid=AVcVOTArEvydnwFbO9u4gX4qwwqGOb2y0QTfhBkzjyA-1791066290.8095841-1.0.1.1-SW0iyJcmWZZ1ht_jizC8hRarHoIEWz7DVYmZDyPCvYA; HttpOnly; SameSite=None; Secure; Path=/; Domain=npmjs.org
< CF-Ray: a44f5bfd8e515f50-TIA
< CF-Cache-Status: HIT
< ETag: W/"4c9f493029d5438076b24c7a61485cd7"
< Access-Control-Allow-Origin: *
< Cache-Control: public, max-age=300
< Last-Modified: Tue, 30 Jul 2024 19:12:10 GMT
< Server: cloudflare
< Vary: accept-encoding, accept
< Content-Encoding: br

[PackageManager] waiting for 216 tasks
    [518.62ms]
Downloaded @react-hook/resize-observer versions
> HTTP/1.1 GET https://registry.npmjs.org/object-hash
> Accept: application/vnd.npm.install-v1+json; q=1.0, application/json; q=0.8, */*
> Connection: keep-alive
> User-Agent: Bun/1.3.9
> Host: registry.npmjs.org
> Accept-Encoding: gzip, deflate, br, zstd

> HTTP/1.1 GET https://registry.npmjs.org/fast-json-stable-stringify
> Accept: application/vnd.npm.install-v1+json; q=1.0, application/json; q=0.8, */*
> Connection: keep-alive
> User-Agent: Bun/1.3.9
> Host: registry.npmjs.org
> Accept-Encoding: gzip, deflate, br, zstd

< 200 OK
< Date: Sat, 03 Oct 2026 22:24:51 GMT
< Content-Type: application/vnd.npm.install-v1+json
< Transfer-Encoding: chunked
< Connection: keep-alive
< set-cookie: __cf_bm=d4ZP7R6y_PZ8tv8E.7fUdE6AxMhB13hvMXjLh0HS3lc-1791066291.0503523-1.0.1.1-GGu9NxNnTz6AaYtdObhq9KFY0GQbWPDXfj1HKFnRtG9sv5LmDiMAFoNRsxchWJ4sOPUEDymzfnD5FxbEQhnwM.fFB5k2NL1D_0bhiEHw.2viiXo5DapX_pacnXHZ3jLn; HttpOnly; SameSite=None; Secure; Path=/; Domain=npmjs.org; Expires=Sat, 03 Oct 2026 22:54:51 GMT
< set-cookie: _cfuvid=5G5NNKiC3tVYlcBRqfeSZgIZPLWi9XPDVr2.1uO_xKM-1791066291.0503523-1.0.1.1-y6UxGUZqC62eUlZncQh_CHpc_M5LVo_X1I6nqxLHgms; HttpOnly; SameSite=None; Secure; Path=/; Domain=npmjs.org
< CF-Ray: a44f5bff0e3c7c08-TIA
< CF-Cache-Status: HIT
< ETag: W/"00f3e55b12deff2743ecdb6f5e016b2e"
< Access-Control-Allow-Origin: *
< Cache-Control: public, max-age=300
< Last-Modified: Tue, 01 Sep 2026 11:14:08 GMT
< Server: cloudflare
< Vary: accept-encoding, accept
< Content-Encoding: br

[PackageManager] waiting for 216 tasks
   - "mlly": "^1.7.4" - mlly@1.8.2
Enqueue package manifest for download: acorn
Enqueue package manifest for download: ufo
[PackageManager] waiting for 217 tasks
    [278.60ms]
Downloaded query-string versions
< 200 OK
< Date: Sat, 03 Oct 2026 22:24:51 GMT
< Content-Type: application/vnd.npm.install-v1+json
< Transfer-Encoding: chunked
< Connection: keep-alive
< set-cookie: __cf_bm=f9QFXvqEeH.4OvVqPufiLjh616UyGhKb2GDWHA2rO.E-1791066291.0503666-1.0.1.1-X_Y2VeR56qxQn7K_CxJCLVp0XnC2L5bV1iBCHK6kUon.zU9PFmCW5ta0QpkfdgEitxypuHtVYEL5pRneRj9YFqU4fgn9X_qnY750gm9C0kNImiBaEitEHxcqhMIOht6U; HttpOnly; SameSite=None; Secure; Path=/; Domain=npmjs.org; Expires=Sat, 03 Oct 2026 22:54:51 GMT
< set-cookie: _cfuvid=F1yYp1hIKcvOh3AGH1JOMuDOstJB92LOX2qTZ_LQ8rk-1791066291.0503666-1.0.1.1-_EmhBE1__YFhPrzZvr9YKoPbuV6dYn8MPxVEcEYdIr0; HttpOnly; SameSite=None; Secure; Path=/; Domain=npmjs.org
< CF-Ray: a44f5bff086dbd99-TIA
< CF-Cache-Status: HIT
< ETag: W/"e33c8172f10fc82811c390dbb5734abf"
< Access-Control-Allow-Origin: *
< Cache-Control: public, max-age=300
< Last-Modified: Wed, 09 Sep 2026 20:11:31 GMT
< Server: cloudflare
< Vary: accept-encoding, accept
< Content-Encoding: br

[PackageManager] waiting for 217 tasks
    [277.46ms]
Downloaded validate-npm-package-name versions
< 200 OK
< Date: Sat, 03 Oct 2026 22:24:51 GMT
< Content-Type: application/vnd.npm.install-v1+json
< Transfer-Encoding: chunked
< Connection: keep-alive
< set-cookie: __cf_bm=4sjyh662aTzFZ6Olqcs7OPROneEJTyn4NgufCo_AK4g-1791066290.8481452-1.0.1.1-ZMRP.KAg6uNYphyyoxe3c.CVkij4z48tMJ26cWl3038Lnz9PiiuYn9u.O_n_r1redL5Vo7RDa3OWiJV8.kLCVnq8PgV7NG7OY1NyHVdcg_ducSugRrW9qRZEpmNUkmvm; HttpOnly; SameSite=None; Secure; Path=/; Domain=npmjs.org; Expires=Sat, 03 Oct 2026 22:54:51 GMT
< set-cookie: _cfuvid=VwKAYsMghtidUYXYVfGNXLi5AWLRgGFGa0ryqAWOr9Q-1791066290.8481452-1.0.1.1-v2bD6tuEvss.8ABIb.rSmNsfgYJuJqLyp1hdegqqxvc; HttpOnly; SameSite=None; Secure; Path=/; Domain=npmjs.org
< CF-Ray: a44f5bfdcdc3793f-TIA
< CF-Cache-Status: HIT
< ETag: W/"71063cb9b1acb29c45f6e64aa00fe238"
< Access-Control-Allow-Origin: *
< Cache-Control: public, max-age=300
< Last-Modified: Thu, 01 Oct 2026 22:39:38 GMT
< Server: cloudflare
< Vary: accept-encoding, accept
< Content-Encoding: br

> HTTP/1.1 GET https://api.github.com/repos/tscircuit/pcb-trace-linter/tarball/4c035f9d40ffb03ba547a08975b5e64b20371123
> Connection: keep-alive
> User-Agent: Bun/1.3.9
> Accept: */*
> Host: api.github.com
> Accept-Encoding: gzip, deflate, br, zstd

> HTTP/1.1 GET https://registry.npmjs.org/uuid
> Accept: application/vnd.npm.install-v1+json; q=1.0, application/json; q=0.8, */*
> Connection: keep-alive
> User-Agent: Bun/1.3.9
> Host: registry.npmjs.org
> Accept-Encoding: gzip, deflate, br, zstd

[PackageManager] waiting for 217 tasks
   - "validate-npm-package-name": "^5.0.1" - validate-npm-package-name@5.0.1
[PackageManager] waiting for 216 tasks
   - "query-string": "^9.0.0" - query-string@9.5.1
Enqueue package manifest for download: filter-obj
Enqueue package manifest for download: split-on-first
Enqueue package manifest for download: decode-uri-component
[PackageManager] waiting for 218 tasks
   - "@react-hook/resize-observer": "^2.0.2" - @react-hook/resize-observer@2.0.2
Enqueue package manifest for download: @react-hook/latest
Enqueue package manifest for download: @react-hook/passive-layout-effect
[PackageManager] waiting for 219 tasks
   - "quick-lru": "^7.0.0" - quick-lru@7.3.0
< 200 OK
< Date: Sat, 03 Oct 2026 22:24:51 GMT
< Content-Type: application/vnd.npm.install-v1+json
< Transfer-Encoding: chunked
< Connection: keep-alive
< set-cookie: __cf_bm=ncFCRLtOnOtDvtC8PH2dVVkBJP1Ma2l1I6nJLrPmW4s-1791066291.0708046-1.0.1.1-rfcXfnrRjL26SvT8MDPW_dC6Q.qBnSYAhIsFiMikJz7A1.OkvlhVcC5ayEjsTvRPOgKM8yvT0jqcpuG.eo4XNIHT5gWXjKIp_mjjJaB_RY9VVTS13d3k.FCxI7DEbrMw; HttpOnly; SameSite=None; Secure; Path=/; Domain=npmjs.org; Expires=Sat, 03 Oct 2026 22:54:51 GMT
< set-cookie: _cfuvid=njauZ00ZO1ddcLgZ5o72YP4NXYQS4OzjK_QiLGrYvtA-1791066291.0708046-1.0.1.1-PiN0GSPFC9XhKsVugjFNKrb8hFf9jRkCFJMu0BOoY8o; HttpOnly; SameSite=None; Secure; Path=/; Domain=npmjs.org
< CF-Ray: a44f5bff388ebd99-TIA
< CF-Cache-Status: HIT
< ETag: W/"3d81e15f1a1e9c96c340092c6042b5c2"
< Access-Control-Allow-Origin: *
< Cache-Control: public, max-age=300
< Last-Modified: Sat, 03 Oct 2026 00:58:10 GMT
< Server: cloudflare
< Vary: accept-encoding, accept
< Content-Encoding: br

[PackageManager] waiting for 218 tasks
    [260.56ms]
Downloaded lodash versions
> HTTP/1.1 GET https://registry.npmjs.org/bcryptjs
> Accept: application/vnd.npm.install-v1+json; q=1.0, application/json; q=0.8, */*
> Connection: keep-alive
> User-Agent: Bun/1.3.9
> Host: registry.npmjs.org
> Accept-Encoding: gzip, deflate, br, zstd

< 200 OK
< Date: Sat, 03 Oct 2026 22:24:51 GMT
< Content-Type: application/vnd.npm.install-v1+json
< Transfer-Encoding: chunked
< Connection: keep-alive
< set-cookie: __cf_bm=DIBMKrppYraJJR4_l_IiIladB58HMGmg6py01tYWZpM-1791066290.890183-1.0.1.1-V60xrCbLoeuoEO7Iqj04EDWAsbjjasN1I15Uv2OGKEMzqjz_xgvf0Da.nJ5cHzO5E4Gwx4IjRE82mOZ3IDI2K51KjrYnrKjIhaD.sExYXyp7A_I.5T6buv7mjCrkWQhA; HttpOnly; SameSite=None; Secure; Path=/; Domain=npmjs.org; Expires=Sat, 03 Oct 2026 22:54:51 GMT
< set-cookie: _cfuvid=Ptk1ThHz4ZFOaMwIO3NszUL0IiNTlK1NtuE_3Rm9apU-1791066290.890183-1.0.1.1-k1f29nZFS5SmrGsRwQiILhDs19t0turpLkr.gjPMOs8; HttpOnly; SameSite=None; Secure; Path=/; Domain=npmjs.org
< CF-Ray: a44f5bfe0ecb5f50-TIA
< CF-Cache-Status: HIT
< ETag: W/"df4c87c3fc324b5c721894d422cf0bdd"
< Access-Control-Allow-Origin: *
< Cache-Control: public, max-age=300
< Last-Modified: Sun, 03 Aug 2025 07:19:58 GMT
< Server: cloudflare
< Vary: accept-encoding, accept
< Content-Encoding: br

< 200 OK
< Date: Sat, 03 Oct 2026 22:24:51 GMT
< Content-Type: application/vnd.npm.install-v1+json
< Transfer-Encoding: chunked
< Connection: keep-alive
< set-cookie: __cf_bm=aDkqRDe72Cr91ZlSn.YtFcX7VTu5NxtBrGNjdISQrIc-1791066291.080617-1.0.1.1-.ID6AI.OC6OOZ1ceGz5.ZDzV_9l6_AhzXXcAJXuJBwmBU6X6n_MTtZACcHqgIrMHsSlOzwaQUWRtk2T_0AnMgKdgMh3._4BB2EK_bHrVqE2P2zhQufKuLQNCD4LVon54; HttpOnly; SameSite=None; Secure; Path=/; Domain=npmjs.org; Expires=Sat, 03 Oct 2026 22:54:51 GMT
< set-cookie: _cfuvid=1N6E73BEccp7jDUNMK6NB3YGXw7ycJQIoX10LmZBTPo-1791066291.080617-1.0.1.1-PB33BDd3ivbPEnKS8R5fZOcFXzH5mcjpsb8iec8uQl0; HttpOnly; SameSite=None; Secure; Path=/; Domain=npmjs.org
< CF-Ray: a44f5bff4c3d9b00-TIA
< CF-Cache-Status: HIT
< ETag: W/"f13dc0df308db3e26503036587280328"
< Access-Control-Allow-Origin: *
< Cache-Control: public, max-age=300
< Last-Modified: Sun, 19 Jun 2022 05:35:37 GMT
< Server: cloudflare
< Vary: accept-encoding, accept
< Content-Encoding: br

[PackageManager] waiting for 218 tasks
> HTTP/1.1 GET https://registry.npmjs.org/apache-md5
> Accept: application/vnd.npm.install-v1+json; q=1.0, application/json; q=0.8, */*
> Connection: keep-alive
> User-Agent: Bun/1.3.9
> Host: registry.npmjs.org
> Accept-Encoding: gzip, deflate, br, zstd

    [439.64ms]
Downloaded @types/ms versions
    [251.23ms]
Downloaded js-graph-algorithms versions
[PackageManager] waiting for 218 tasks
> HTTP/1.1 GET https://registry.npmjs.org/apache-crypt
> Accept: application/vnd.npm.install-v1+json; q=1.0, application/json; q=0.8, */*
> Connection: keep-alive
> User-Agent: Bun/1.3.9
> Host: registry.npmjs.org
> Accept-Encoding: gzip, deflate, br, zstd

< 200 OK
< Date: Sat, 03 Oct 2026 22:24:51 GMT
< Content-Type: application/vnd.npm.install-v1+json
< Transfer-Encoding: chunked
< Connection: keep-alive
< set-cookie: __cf_bm=ONHaBeVr34fSH07uZUyLdj75n4gyQ_5zxplziRWA5BU-1791066291.0856154-1.0.1.1-PMtqFpOvlaHtXdtI6c9wsrgVJvOdk4MB8fBCAxr.hVlTNNrOPQ89mRkb.iLusrp0IgnFkJnnf68NCRcHMoMdIi.tInL4oYg4oWE_zJMz5qxHwz3DLAIs05hfnTsP3Wnv; HttpOnly; SameSite=None; Secure; Path=/; Domain=npmjs.org; Expires=Sat, 03 Oct 2026 22:54:51 GMT
< set-cookie: _cfuvid=_DeXV0JYT54ws5ZWUcGhGKjSn9gW3OSi8t_VjQeMqfs-1791066291.0856154-1.0.1.1-2mRMa5gxR.b2aLPtK5gzcmrity2QMkggtK2_hdZrwQk; HttpOnly; SameSite=None; Secure; Path=/; Domain=npmjs.org
< CF-Ray: a44f5bff48a5bd99-TIA
< CF-Cache-Status: HIT
< ETag: W/"82408ea6427c6e7cef8d46d5f4fa62c1"
< Access-Control-Allow-Origin: *
< Cache-Control: public, max-age=300
< Last-Modified: Thu, 30 May 2024 18:11:32 GMT
< Server: cloudflare
< Vary: accept-encoding, accept
< Content-Encoding: br

< 200 OK
< Date: Sat, 03 Oct 2026 22:24:51 GMT
< Content-Type: application/vnd.npm.install-v1+json
< Transfer-Encoding: chunked
< Connection: keep-alive
< set-cookie: __cf_bm=AGa46zVUbqWVnac97wYSaDnTRMWXAGaLJpzV0wAzgXw-1791066291.0902367-1.0.1.1-bWce7_B9PndUxEfN4_nUflVrihPYR29z8ywUadndjyXEfe5iJXPQSywWOhkk3p2JujHELwRi0Z8fI6hep1Sb8jHsNsj9lPc4NVyGclmqxUKfwVKiQoXC17HktKdNv4eU; HttpOnly; SameSite=None; Secure; Path=/; Domain=npmjs.org; Expires=Sat, 03 Oct 2026 22:54:51 GMT
< set-cookie: _cfuvid=docxR9cSvArWBLPgHdmXwL8.5ZigHCpAwoHXhIBqDKQ-1791066291.0902367-1.0.1.1-o560DSmypbbbWOo.OGq0SPFKtHkQqpbLtIylOPXt_Jw; HttpOnly; SameSite=None; Secure; Path=/; Domain=npmjs.org
< CF-Ray: a44f5bff4e8f7c08-TIA
< CF-Cache-Status: HIT
< ETag: W/"5d16dc25d0110a0bc7b5d5020c1b8fae"
< Access-Control-Allow-Origin: *
< Cache-Control: public, max-age=300
< Last-Modified: Thu, 16 Nov 2023 17:38:20 GMT
< Server: cloudflare
< Vary: accept-encoding, accept
< Content-Encoding: br

[PackageManager] waiting for 218 tasks
    [244.26ms]
Downloaded encodeurl versions
    [241.40ms]
Downloaded escape-html versions
< 200 OK
< Date: Sat, 03 Oct 2026 22:24:51 GMT
< Content-Type: application/vnd.npm.install-v1+json
< Transfer-Encoding: chunked
< Connection: keep-alive
< set-cookie: __cf_bm=moyEQuHj8PHwVWIVz58zUKrBDkOjl1xOxpbBI42A1fg-1791066291.094819-1.0.1.1-5l90hjmUESLOpOKHliqb8qPb_q1Vi2U.nWLYT8reGE8aoSrslbBemEwbNobn_BVxD4I6mzkl6Iv5vcIV.dmCXq6JX_gV.B6ryxL638MImP0kSXsuXhA1dBwgub5BtAGN; HttpOnly; SameSite=None; Secure; Path=/; Domain=npmjs.org; Expires=Sat, 03 Oct 2026 22:54:51 GMT
< set-cookie: _cfuvid=JwO.QoPqFZE4tf_aAnXHzOpuaAr7BmOAaaXpuwhGL7s-1791066291.094819-1.0.1.1-M1mJLsZ.E3QIlp9yICI0Wy59Ng_fbyDf1Haepkzc3C4; HttpOnly; SameSite=None; Secure; Path=/; Domain=npmjs.org
< CF-Ray: a44f5bff582c5f50-TIA
< CF-Cache-Status: HIT
< ETag: W/"f46eed63d09dc7866b6a2c6769c21d22"
< Access-Control-Allow-Origin: *
< Cache-Control: public, max-age=300
< Last-Modified: Wed, 14 May 2025 14:56:18 GMT
< Server: cloudflare
< Vary: accept-encoding, accept
< Content-Encoding: br

   - "js-graph-algorithms": "1.0.18" - js-graph-algorithms@1.0.18
< 200 OK
< Date: Sat, 03 Oct 2026 22:24:51 GMT
< Content-Type: application/vnd.npm.install-v1+json
< Transfer-Encoding: chunked
< Connection: keep-alive
< set-cookie: __cf_bm=DLgb2PB620IOu17nMUnqKPKLnHf6C8ZI61nSJNJCtoY-1791066291.0855644-1.0.1.1-jcZztftFQZ1_4vfLj6rxkageAGNSmXRsjs6XN2RUWh8lZtSxqTEZNaj2V1frZz9rvRigcm9mEL8qkDnInHxddl2fc8AZ_aH0dLODNo2yGewY_MPpcNdeeMsyZ_rUrlwC; HttpOnly; SameSite=None; Secure; Path=/; Domain=npmjs.org; Expires=Sat, 03 Oct 2026 22:54:51 GMT
< set-cookie: _cfuvid=i9ZFXg.c8mzVh4i47ATuQmumerGDwZVCOa96XEAPHeY-1791066291.0855644-1.0.1.1-N_tyVeL2lhVM64ADpsGaeEOAFydw4EBq3V2GG8061.A; HttpOnly; SameSite=None; Secure; Path=/; Domain=npmjs.org
< CF-Ray: a44f5bff4c439b00-TIA
< CF-Cache-Status: HIT
< ETag: W/"dd30d64f89e376b939bbd2f6a721e1a0"
< Access-Control-Allow-Origin: *
< Cache-Control: public, max-age=300
< Last-Modified: Fri, 24 Apr 2026 23:31:11 GMT
< Server: cloudflare
< Vary: accept-encoding, accept
< Content-Encoding: br

[PackageManager] waiting for 217 tasks
    [237.17ms]
Downloaded etag versions
    [246.84ms]
Downloaded vary versions
< 200 OK
< Date: Sat, 03 Oct 2026 22:24:51 GMT
< Content-Type: application/vnd.npm.install-v1+json
< Transfer-Encoding: chunked
< Connection: keep-alive
< set-cookie: __cf_bm=AsGYOAqPGbX3aeA.N6oCUbEpjvIijNSt2o.CZ5qSMZA-1791066291.105262-1.0.1.1-J4MyVqsIaEYCZSqH4_ReFGpGK6IEWYMkFE9xho34FoRgE4w8s6XQiG5iZdzD6klSDlX60SnTy4nHssT6sumzGOIJckZdQ8j1UvrWJ3Ec1cVdC6Kq4XfYD.TQLdejzssN; HttpOnly; SameSite=None; Secure; Path=/; Domain=npmjs.org; Expires=Sat, 03 Oct 2026 22:54:51 GMT
< set-cookie: _cfuvid=.X.PWlT0.oT7z8orlGRsyjjBkAGaCXQ4TW9mzgHktgw-1791066291.105262-1.0.1.1-CKkNncNxG7XJAGgbtjInWCtpU1tgyRpRotr.Z9CmM2M; HttpOnly; SameSite=None; Secure; Path=/; Domain=npmjs.org
< CF-Ray: a44f5bff6c5e9b00-TIA
< CF-Cache-Status: HIT
< ETag: W/"d8ad522fca0c4b4e52d0982bda1a00fa"
< Access-Control-Allow-Origin: *
< Cache-Control: public, max-age=300
< Last-Modified: Thu, 20 Nov 2025 19:12:24 GMT
< Server: cloudflare
< Vary: accept-encoding, accept
< Content-Encoding: br

   - "@types/ms": "*" - @types/ms@2.1.0
   - "escape-html": "^1.0.3" - escape-html@1.0.3
   - "encodeurl": "^2.0.0" - encodeurl@2.0.0
< 200 OK
< Date: Sat, 03 Oct 2026 22:24:51 GMT
< Content-Type: application/vnd.npm.install-v1+json
< Transfer-Encoding: chunked
< Connection: keep-alive
< set-cookie: __cf_bm=St0uHn2RmG37SGYG13DcvyudwIzbyJUjOQVGYmKsBlI-1791066291.1056118-1.0.1.1-cj4HpOjvqm0WP6L6N_yIgqyF1VceET0kJcaf_yIqa6CpKP0Xaz6R4NZOKldVcMc9decCRFZjmBEM0NY5iayAWLmAJLtItoxucsc.dTdbc4.QExhyQTdmTtguZ9PwOZY4; HttpOnly; SameSite=None; Secure; Path=/; Domain=npmjs.org; Expires=Sat, 03 Oct 2026 22:54:51 GMT
< set-cookie: _cfuvid=sUDY9fxU571siUks9_3nJTk84Lz_AS57qh9EvsWu_iY-1791066291.1056118-1.0.1.1-cTyoiLQ1bXQp.shpblvA0zX3iX_P_1r0gfKn7NNOVcI; HttpOnly; SameSite=None; Secure; Path=/; Domain=npmjs.org
< CF-Ray: a44f5bff68b7bd99-TIA
< CF-Cache-Status: HIT
< ETag: W/"61c1ebc0b6d262312517ff3b66924a28"
< Access-Control-Allow-Origin: *
< Cache-Control: public, max-age=300
< Last-Modified: Wed, 14 May 2025 14:56:20 GMT
< Server: cloudflare
< Vary: accept-encoding, accept
< Content-Encoding: br

[PackageManager] waiting for 214 tasks
   - "lodash": "^4.17.3" - lodash@4.18.1
[PackageManager] waiting for 213 tasks
< 200 OK
< Date: Sat, 03 Oct 2026 22:24:51 GMT
< Content-Type: application/vnd.npm.install-v1+json
< Transfer-Encoding: chunked
< Connection: keep-alive
< set-cookie: __cf_bm=m695yV3I2VaHPKsrJzwdQUZyNltp3WHoSpGy9E.Li6c-1791066291.1059058-1.0.1.1-_H.QIjG.xr2.v.HePQb730bBHYAavD7qB9M0VimHV9OPnhdHedNGhB5dTs0YcHjgIyJ0NkA3P2mqN_nh4qc1cUo.h_tCOo4o_UQecbSEAJkN1b1A_arbT3OML0QEdZzw; HttpOnly; SameSite=None; Secure; Path=/; Domain=npmjs.org; Expires=Sat, 03 Oct 2026 22:54:51 GMT
< set-cookie: _cfuvid=m84U23uXjoB4Dou5TIr3zs8mKyFa6Mc1sCpLOFfRrKM-1791066291.1059058-1.0.1.1-6JEX1k08if9VzcLowia4F.7Ir4YvdXRJV_yhtBNqRP0; HttpOnly; SameSite=None; Secure; Path=/; Domain=npmjs.org
< CF-Ray: a44f5bff6ef9793f-TIA
< CF-Cache-Status: HIT
< ETag: W/"cb88113394b664cd41157087fd59efd5"
< Access-Control-Allow-Origin: *
< Cache-Control: public, max-age=300
< Last-Modified: Thu, 20 Nov 2025 11:12:31 GMT
< Server: cloudflare
< Vary: accept-encoding, accept
< Content-Encoding: br

    [228.71ms]
Downloaded fresh versions
   - "vary": "^1" - vary@1.1.2
[PackageManager] waiting for 212 tasks
[PackageManager] waiting for 212 tasks
   - "etag": "^1.8.1" - etag@1.8.1
   - "fresh": "^2.0.0" - fresh@2.0.0
[PackageManager] waiting for 210 tasks
[PackageManager] waiting for 210 tasks
    [228.77ms]
Downloaded mime-types versions
> HTTP/1.1 GET https://registry.npmjs.org/accepts
> Accept: application/vnd.npm.install-v1+json; q=1.0, application/json; q=0.8, */*
> Connection: keep-alive
> User-Agent: Bun/1.3.9
> Host: registry.npmjs.org
> Accept-Encoding: gzip, deflate, br, zstd

> HTTP/1.1 GET https://registry.npmjs.org/batch
> Accept: application/vnd.npm.install-v1+json; q=1.0, application/json; q=0.8, */*
> Connection: keep-alive
> User-Agent: Bun/1.3.9
> Host: registry.npmjs.org
> Accept-Encoding: gzip, deflate, br, zstd

> HTTP/1.1 GET https://registry.npmjs.org/upath
> Accept: application/vnd.npm.install-v1+json; q=1.0, application/json; q=0.8, */*
> Connection: keep-alive
> User-Agent: Bun/1.3.9
> Host: registry.npmjs.org
> Accept-Encoding: gzip, deflate, br, zstd

> HTTP/1.1 GET https://registry.npmjs.org/braces
> Accept: application/vnd.npm.install-v1+json; q=1.0, application/json; q=0.8, */*
> Connection: keep-alive
> User-Agent: Bun/1.3.9
> Host: registry.npmjs.org
> Accept-Encoding: gzip, deflate, br, zstd

> HTTP/1.1 GET https://registry.npmjs.org/is-glob
> Accept: application/vnd.npm.install-v1+json; q=1.0, application/json; q=0.8, */*
> Connection: keep-alive
> User-Agent: Bun/1.3.9
> Host: registry.npmjs.org
> Accept-Encoding: gzip, deflate, br, zstd

> HTTP/1.1 GET https://registry.npmjs.org/anymatch
> Accept: application/vnd.npm.install-v1+json; q=1.0, application/json; q=0.8, */*
> Connection: keep-alive
> User-Agent: Bun/1.3.9
> Host: registry.npmjs.org
> Accept-Encoding: gzip, deflate, br, zstd

[PackageManager] waiting for 210 tasks
   - "mime-types": "^3.0.2" - mime-types@3.0.2
   - "mime-types": "~2.1.35" - mime-types@2.1.35
Enqueue package manifest for download: mime-db
[PackageManager] waiting for 210 tasks
    [229.47ms]
Downloaded http-errors versions
> HTTP/1.1 GET https://registry.npmjs.org/inherits
> Accept: application/vnd.npm.install-v1+json; q=1.0, application/json; q=0.8, */*
> Connection: keep-alive
> User-Agent: Bun/1.3.9
> Host: registry.npmjs.org
> Accept-Encoding: gzip, deflate, br, zstd

< 200 OK
< Date: Sat, 03 Oct 2026 22:24:51 GMT
< Content-Type: application/vnd.npm.install-v1+json
< Transfer-Encoding: chunked
< Connection: keep-alive
< set-cookie: __cf_bm=cmQ_TnlER4v8dQonBwb2UZM.ZYpbzJ4728LvAy6PbOk-1791066291.1102679-1.0.1.1-WgzwJaGQiQTO2VG5kim_A.BOjpDSyOFNB6VawzsVvWhoTmca3WFcAPhq1IAx5AIAwdGnHJO_u2vRK2M3cywOyAp5dOg_5q.smdz9d8uHpPYHqZxX0iKYzStkMWfMaHF2; HttpOnly; SameSite=None; Secure; Path=/; Domain=npmjs.org; Expires=Sat, 03 Oct 2026 22:54:51 GMT
< set-cookie: _cfuvid=Htq7OfV1getofbiwd2xzcWHMvEGsuOaDrRoSj8LE_v0-1791066291.1102679-1.0.1.1-mGjF5gUBXAhKnFsyBPBtVb2I3HfV25T9wZOWsq4jDjo; HttpOnly; SameSite=None; Secure; Path=/; Domain=npmjs.org
< CF-Ray: a44f5bff6eab7c08-TIA
< CF-Cache-Status: HIT
< ETag: W/"c263f946354ae8fd2cede5f1ca2e72ab"
< Access-Control-Allow-Origin: *
< Cache-Control: public, max-age=300
< Last-Modified: Wed, 14 May 2025 14:56:03 GMT
< Server: cloudflare
< Vary: accept-encoding, accept
< Content-Encoding: br

< 200 OK
< Date: Sat, 03 Oct 2026 22:24:51 GMT
< Content-Type: application/vnd.npm.install-v1+json
< Transfer-Encoding: chunked
< Connection: keep-alive
< set-cookie: __cf_bm=bFGu7iU09B5nSvNGfhJKIEuLJQl0efJjedXHmgf8ETg-1791066291.0757504-1.0.1.1-MKz7z8aKX_QcQyJxaprXBJksNv8ty6RJ8qevnWJUZ.RCsdHsYa1SC5Ubv0BrE_aHkucnIaYwzpHnJv5GUMwSlipi69NoLJ0PZd5LsxRn1t9PDcNbXCrtvFhB7xUyq9wK; HttpOnly; SameSite=None; Secure; Path=/; Domain=npmjs.org; Expires=Sat, 03 Oct 2026 22:54:51 GMT
< set-cookie: _cfuvid=vnOfG.1emL_OLUDrF7HsboUP6mPYs8SgElBwBofOesc-1791066291.0757504-1.0.1.1-3z8SrgO1Iy2wS8OcZYjypG0qrJZpIHoET2vLFsRtuQ0; HttpOnly; SameSite=None; Secure; Path=/; Domain=npmjs.org
< CF-Ray: a44f5bff3c339b00-TIA
< CF-Cache-Status: REVALIDATED
< ETag: W/"9ecf14f3bfdb541b12c0f424aa1f8d93"
< Access-Control-Allow-Origin: *
< Cache-Control: public, max-age=300
< Last-Modified: Wed, 31 May 2023 19:55:50 GMT
< Server: cloudflare
< Vary: accept-encoding, accept
< Content-Encoding: br

[PackageManager] waiting for 210 tasks
< 200 OK
< Date: Sat, 03 Oct 2026 22:24:51 GMT
< Content-Type: application/vnd.npm.install-v1+json
< Transfer-Encoding: chunked
< Connection: keep-alive
< set-cookie: __cf_bm=9r4XB0CwUe__RjLLrEDqod4JWp5xxC1QRn_oRuKP6Xo-1791066291.1160069-1.0.1.1-tfavVzhXztTNU.GX0h.DJfpRpLN44Cj18vtH1DnR.KVvwOZ9mcUpOXF3hE_y8yBeSYTEuDBepntcjCDioVxFaC1p25SGTfL.SuNN2_iAOV67mIHY2XdhYQ6sFo1QBGwB; HttpOnly; SameSite=None; Secure; Path=/; Domain=npmjs.org; Expires=Sat, 03 Oct 2026 22:54:51 GMT
< set-cookie: _cfuvid=VStmFmFYJID_A2ettgUzPw7RQue1nqaMUpN7vkroN48-1791066291.1160069-1.0.1.1-hltXGJFO7ssvM2rqLEtmEFSXK4w9UHwIlV0ZmQyVltg; HttpOnly; SameSite=None; Secure; Path=/; Domain=npmjs.org
< CF-Ray: a44f5bff7ffcf474-TIA
< CF-Cache-Status: HIT
< ETag: W/"6f0802cdf772237e67d6a76cc8e76db0"
< Access-Control-Allow-Origin: *
< Cache-Control: public, max-age=300
< Last-Modified: Thu, 25 Jun 2026 20:55:43 GMT
< Server: cloudflare
< Vary: accept-encoding, accept
< Content-Encoding: br

    [222.18ms]
Downloaded on-finished versions
    [257.25ms]
Downloaded color-diff versions
< 200 OK
< Date: Sat, 03 Oct 2026 22:24:51 GMT
< Content-Type: application/vnd.npm.install-v1+json
< Transfer-Encoding: chunked
< Connection: keep-alive
< set-cookie: __cf_bm=XakXNmOAWWokVLjngAPc0LKukUt0M2XIIH5jdDH1bRw-1791066291.1266327-1.0.1.1-gQB3RTdU4HfWFSJeCfeJV7M7IF0W9HOHvRfS9pGKiA3lDQsM8RGULoMx8ZuWHkEJQH4U5qY1TodyKQSrtwOCNkNkf1fixPfgq_akqY.4loDnJMs3Iv.0PfoHwv7VGZA5; HttpOnly; SameSite=None; Secure; Path=/; Domain=npmjs.org; Expires=Sat, 03 Oct 2026 22:54:51 GMT
< set-cookie: _cfuvid=V_wiSWrxhsQWloNNJ3ZgMK9R49GASSPeu1cSO6XscjE-1791066291.1266327-1.0.1.1-TDGHKd4MNxINnN1vQQmil8Gf4CqoNtXGo05tTUYVWNI; HttpOnly; SameSite=None; Secure; Path=/; Domain=npmjs.org
< CF-Ray: a44f5bff8815f474-TIA
< CF-Cache-Status: HIT
< ETag: W/"a0c2f5bf083e827e9c3fff76d56b3edb"
< Access-Control-Allow-Origin: *
< Cache-Control: public, max-age=300
< Last-Modified: Fri, 06 Jun 2025 19:56:03 GMT
< Server: cloudflare
< Vary: accept-encoding, accept
< Content-Encoding: br

   - "http-errors": "^2.0.1" - http-errors@2.0.1
   - "http-errors": "~1.8.0" - http-errors@1.8.1
Enqueue package manifest for download: setprototypeof
Enqueue package manifest for download: toidentifier
[PackageManager] waiting for 211 tasks
    [217.59ms]
Downloaded range-parser versions
> HTTP/1.1 GET https://registry.npmjs.org/readdirp
> Accept: application/vnd.npm.install-v1+json; q=1.0, application/json; q=0.8, */*
> Connection: keep-alive
> User-Agent: Bun/1.3.9
> Host: registry.npmjs.org
> Accept-Encoding: gzip, deflate, br, zstd

> HTTP/1.1 GET https://registry.npmjs.org/async-each
> Accept: application/vnd.npm.install-v1+json; q=1.0, application/json; q=0.8, */*
> Connection: keep-alive
> User-Agent: Bun/1.3.9
> Host: registry.npmjs.org
> Accept-Encoding: gzip, deflate, br, zstd

> HTTP/1.1 GET https://registry.npmjs.org/glob-parent
> Accept: application/vnd.npm.install-v1+json; q=1.0, application/json; q=0.8, */*
> Connection: keep-alive
> User-Agent: Bun/1.3.9
> Host: registry.npmjs.org
> Accept-Encoding: gzip, deflate, br, zstd

[PackageManager] waiting for 211 tasks
   - "color-diff": "^1.1.0" - color-diff@1.4.0
   - "range-parser": "^1.2.1" - range-parser@1.3.0
   - "on-finished": "^2.4.1" - on-finished@2.4.1
Enqueue package manifest for download: ee-first
[PackageManager] waiting for 209 tasks
[PackageManager] waiting for 209 tasks
    [211.28ms]
Downloaded statuses versions
< 200 OK
< Date: Sat, 03 Oct 2026 22:24:51 GMT
< Content-Type: application/vnd.npm.install-v1+json
< Transfer-Encoding: chunked
< Connection: keep-alive
< set-cookie: __cf_bm=xoqaNXT2Fa2SqDyuivrSwFGRtNpynJQhN.ijNl5xT7Q-1791066291.1318302-1.0.1.1-.v1_M82qpRjLyfV4LEhueZKHEmUpH1n6FaJTo.ua9Mva.iNM.8mKvPE5xnAaV4XtaqsN0hUoiaPESUZoJBkBKUi0ybtHibYxgS1oyxxuIVnxcswmbhQoLXg9szIeuP3t; HttpOnly; SameSite=None; Secure; Path=/; Domain=npmjs.org; Expires=Sat, 03 Oct 2026 22:54:51 GMT
< set-cookie: _cfuvid=Ukgr.o_BIjOjXWrhph19PqWbBRbfbpbDg.XOsHIDGe4-1791066291.1318302-1.0.1.1-RYFM9agBtDOnlXN8YvRr.cC3MByOq.zPAEO1ulKs9NU; HttpOnly; SameSite=None; Secure; Path=/; Domain=npmjs.org
< CF-Ray: a44f5bff9eca7c08-TIA
< CF-Cache-Status: HIT
< ETag: W/"6728c5e7744c230e04f9bdc76a13dc51"
< Access-Control-Allow-Origin: *
< Cache-Control: public, max-age=300
< Last-Modified: Wed, 15 Jun 2022 00:47:43 GMT
< Server: cloudflare
< Vary: accept-encoding, accept
< Content-Encoding: br

[PackageManager] waiting for 209 tasks
> HTTP/1.1 GET https://registry.npmjs.org/is-binary-path
> Accept: application/vnd.npm.install-v1+json; q=1.0, application/json; q=0.8, */*
> Connection: keep-alive
> User-Agent: Bun/1.3.9
> Host: registry.npmjs.org
> Accept-Encoding: gzip, deflate, br, zstd

    [202.55ms]
Downloaded depd versions
> HTTP/1.1 GET https://registry.npmjs.org/normalize-path
> Accept: application/vnd.npm.install-v1+json; q=1.0, application/json; q=0.8, */*
> Connection: keep-alive
> User-Agent: Bun/1.3.9
> Host: registry.npmjs.org
> Accept-Encoding: gzip, deflate, br, zstd

   - "statuses": "^2.0.2" - statuses@2.0.2
   - "statuses": ">= 1.5.0 < 2" - statuses@1.5.0
[PackageManager] waiting for 208 tasks
[PackageManager] waiting for 208 tasks
   - "depd": "~2.0.0" - depd@2.0.0
   - "depd": "~1.1.2" - depd@1.1.2
< 200 OK
< Date: Sat, 03 Oct 2026 22:24:51 GMT
< Content-Type: application/vnd.npm.install-v1+json
< Transfer-Encoding: chunked
< Connection: keep-alive
< set-cookie: __cf_bm=tzBxtBjkDhQWYtG1oqCd.0uH5ZXeP8TxBjV5Gr7SRdQ-1791066291.3329632-1.0.1.1-16raHvaYOwdSTET4Su34qZNs2Uz0gER_pvpjbrify9AVr9Cr811ZqIoGHkSsk_FsITKrwAaP.wS5BaoX9PdtDqKTx8A.iodRL4CdUH50KzLx54bNeMiYp4Ynq1zxV.vy; HttpOnly; SameSite=None; Secure; Path=/; Domain=npmjs.org; Expires=Sat, 03 Oct 2026 22:54:51 GMT
< set-cookie: _cfuvid=PsOV1dF2P1Bgo_r0gbCjzmd589rqPUq6Rg5.Pf0R2MI-1791066291.3329632-1.0.1.1-FGG2bUYukLJ7Hs0GBgVujGWw0jGNNLSGdj9Pql5Q0dk; HttpOnly; SameSite=None; Secure; Path=/; Domain=npmjs.org
< CF-Ray: a44f5c00d9a05f50-TIA
< CF-Cache-Status: HIT
< ETag: W/"3e3a946123da28af93b8e5b9c695b678"
< Access-Control-Allow-Origin: *
< Age: 260
< Cache-Control: public, max-age=300
< Last-Modified: Wed, 18 Sep 2024 05:27:13 GMT
< Server: cloudflare
< Vary: accept-encoding, accept
< Content-Encoding: br

[PackageManager] waiting for 207 tasks
    [18.14ms]
Downloaded braces versions
> HTTP/1.1 GET https://registry.npmjs.org/path-is-absolute
> Accept: application/vnd.npm.install-v1+json; q=1.0, application/json; q=0.8, */*
> Connection: keep-alive
> User-Agent: Bun/1.3.9
> Host: registry.npmjs.org
> Accept-Encoding: gzip, deflate, br, zstd

[PackageManager] waiting for 207 tasks
   - "braces": "^2.3.2" - braces@2.3.2
   - "braces": "~3.0.2" - braces@3.0.3
Enqueue package manifest for download: isobject
Enqueue package manifest for download: to-regex
Enqueue package manifest for download: fill-range
Enqueue package manifest for download: snapdragon
Enqueue package manifest for download: arr-flatten
Enqueue package manifest for download: array-unique
Enqueue package manifest for download: split-string
Enqueue package manifest for download: extend-shallow
Enqueue package manifest for download: repeat-element
Enqueue package manifest for download: snapdragon-node
< 200 OK
< Date: Sat, 03 Oct 2026 22:24:51 GMT
< Content-Type: application/vnd.npm.install-v1+json
< Transfer-Encoding: chunked
< Connection: keep-alive
< set-cookie: __cf_bm=KwLVyFofDjdMoLsBjX2p_kx9xEB_Gwd9dxeuuiIkLYQ-1791066291.1529467-1.0.1.1-VBByYC98SFrgtuou544C8DrmbeMIBL370Di.AKPaIh4C8H7wXrgomn4UACIx0ruKX_oN4mwn2zBMoPNhiSkfs76YLiv6mQVDtm9zL3QovQxN3TThufqKCKC7dqUrjX6H; HttpOnly; SameSite=None; Secure; Path=/; Domain=npmjs.org; Expires=Sat, 03 Oct 2026 22:54:51 GMT
< set-cookie: _cfuvid=GJpGFdCGMOAD3NkPS0MtHUvpIIX8_yLZVmPuttnoUTw-1791066291.1529467-1.0.1.1-09uVahmpXKuvDPPg8DIP6I1K_p69HTJKYboRpa0yPoA; HttpOnly; SameSite=None; Secure; Path=/; Domain=npmjs.org
< CF-Ray: a44f5bffbee87c08-TIA
< CF-Cache-Status: HIT
< ETag: W/"54965b667b009add887d6fc04785a969"
< Access-Control-Allow-Origin: *
< Cache-Control: public, max-age=300
< Last-Modified: Mon, 03 Aug 2026 16:18:27 GMT
< Server: cloudflare
< Vary: accept-encoding, accept
< Content-Encoding: br

[PackageManager] waiting for 216 tasks
    [206.69ms]
Downloaded basic-auth versions
> HTTP/1.1 GET https://registry.npmjs.org/fsevents
> Accept: application/vnd.npm.install-v1+json; q=1.0, application/json; q=0.8, */*
> Connection: keep-alive
> User-Agent: Bun/1.3.9
> Host: registry.npmjs.org
> Accept-Encoding: gzip, deflate, br, zstd

[PackageManager] waiting for 216 tasks
   - "basic-auth": "~2.0.1" - basic-auth@2.0.1
Enqueue package manifest for download: safe-buffer
[PackageManager] waiting for 216 tasks
    [518.11ms]
Downloaded @types/node versions
> HTTP/1.1 GET https://registry.npmjs.org/through
> Accept: application/vnd.npm.install-v1+json; q=1.0, application/json; q=0.8, */*
> Connection: keep-alive
> User-Agent: Bun/1.3.9
> Host: registry.npmjs.org
> Accept-Encoding: gzip, deflate, br, zstd

< 200 OK
< Date: Sat, 03 Oct 2026 22:24:51 GMT
< Content-Type: application/vnd.npm.install-v1+json
< Transfer-Encoding: chunked
< Connection: keep-alive
< set-cookie: __cf_bm=UKcgqUXNUF2SvhY1rYwcFr_Xte1V0dLYTMgv7OaaKw0-1791066291.1636024-1.0.1.1-j4.mdWvnkYbaLILl.TIGMCMr3yZFlTsGNGSaAYFTVduiycYmioiPEYYQysv3prnYJf0jyXospeoZ7xQrBiCRSvxuxoppoWb2GCeK.hr86tqg2ZxENzitDG6y2S2qhsQo; HttpOnly; SameSite=None; Secure; Path=/; Domain=npmjs.org; Expires=Sat, 03 Oct 2026 22:54:51 GMT
< set-cookie: _cfuvid=tRU9EDQi8P03hxPPEHrIb_9mfIM2z6hdhDuunUBKchM-1791066291.1636024-1.0.1.1-ddnu96q3EOcqABRjHnmRXq0gA8J_i.Fn9o4U0f1Bz4g; HttpOnly; SameSite=None; Secure; Path=/; Domain=npmjs.org
< CF-Ray: a44f5bffcefc7c08-TIA
< CF-Cache-Status: HIT
< ETag: W/"090cc3c4dbcc4a3e8dad543abe9cab86"
< Access-Control-Allow-Origin: *
< Cache-Control: public, max-age=300
< Last-Modified: Thu, 17 Jul 2025 15:41:33 GMT
< Server: cloudflare
< Vary: accept-encoding, accept
< Content-Encoding: br

[PackageManager] waiting for 216 tasks
    [204.32ms]
Downloaded on-headers versions
< 200 OK
< Date: Sat, 03 Oct 2026 22:24:51 GMT
< Content-Type: application/vnd.npm.install-v1+json
< Transfer-Encoding: chunked
< Connection: keep-alive
< set-cookie: __cf_bm=2ZCGL1z12qFyI5HVo96PabQhw8T9g46rO.KhwlfoqI8-1791066290.8066647-1.0.1.1-ddR7x8L_mjor175A3WebOiJRnkEf41wM86TI1TU2KjxCyBikVWx3I3jlrc450oi6SSPUl.GU6BrJh6Ikjp4tMeiq2K4rlV8eiCccgkpAGP60tw1sSLQaSUuwRtc7lJhz; HttpOnly; SameSite=None; Secure; Path=/; Domain=npmjs.org; Expires=Sat, 03 Oct 2026 22:54:51 GMT
< set-cookie: _cfuvid=ymUwTPEMEdZc63mUD6uZqlkMDzoUIs4Du2J.TpfnVZY-1791066290.8066647-1.0.1.1-jEwCHqd9ndcZBZ4EuXgFwLvwLHSNjIfbLyny67fx3zE; HttpOnly; SameSite=None; Secure; Path=/; Domain=npmjs.org
< CF-Ray: a44f5bfd8e4c5f50-TIA
< CF-Cache-Status: HIT
< ETag: W/"93dcd6912fbb5001f33e169fa92bee45"
< Access-Control-Allow-Origin: *
< Cache-Control: public, max-age=300
< Last-Modified: Tue, 04 Aug 2026 19:46:38 GMT
< Server: cloudflare
< Vary: accept-encoding, accept
< Content-Encoding: br

[PackageManager] waiting for 216 tasks
   - "on-headers": "~1.1.0" - on-headers@1.1.0
> HTTP/1.1 GET https://registry.npmjs.org/duplexer
> Accept: application/vnd.npm.install-v1+json; q=1.0, application/json; q=0.8, */*
> Connection: keep-alive
> User-Agent: Bun/1.3.9
> Host: registry.npmjs.org
> Accept-Encoding: gzip, deflate, br, zstd

[PackageManager] waiting for 215 tasks
> HTTP/1.1 GET https://registry.npmjs.org/from
> Accept: application/vnd.npm.install-v1+json; q=1.0, application/json; q=0.8, */*
> Connection: keep-alive
> User-Agent: Bun/1.3.9
> Host: registry.npmjs.org
> Accept-Encoding: gzip, deflate, br, zstd

    [838.92ms] Downloaded @tscircuit/implicit-copper-pour-solver tarball
< 200 OK
< Date: Sat, 03 Oct 2026 22:24:51 GMT
< Content-Type: application/vnd.npm.install-v1+json
< Transfer-Encoding: chunked
< Connection: keep-alive
< set-cookie: __cf_bm=wdFk3ilEIIB6B40Lxl1ZKXtF.jAxzUdUb1JxDWcsbZs-1791066291.1799538-1.0.1.1-NVCoiQnyutWtX38.MmnQoD1o.uiURVXvA4eqi_YIDeaFGSKvC4HwMy7lWe9kyubo1GxhR0DCeNqUFLI33PDrGM8V61Bh4E1JP68TzeBwqyoaXTNWgVhPsbuww_Ujimhf; HttpOnly; SameSite=None; Secure; Path=/; Domain=npmjs.org; Expires=Sat, 03 Oct 2026 22:54:51 GMT
< set-cookie: _cfuvid=6_Iv8QL93tAjPHiQpjRpJ0sZXGtMMXhok9cxYAKtZOk-1791066291.1799538-1.0.1.1-cYlNc26jEPgZlx2uxHsiPd57Km9yeHT74XvMQOgrs1s; HttpOnly; SameSite=None; Secure; Path=/; Domain=npmjs.org
< CF-Ray: a44f5bffd8a55f50-TIA
< CF-Cache-Status: HIT
< ETag: W/"80cd728f337de6db64df8b26faa9c2ad"
< Access-Control-Allow-Origin: *
< Cache-Control: public, max-age=300
< Last-Modified: Tue, 23 Jun 2026 02:02:49 GMT
< Server: cloudflare
< Vary: accept-encoding, accept
< Content-Encoding: br

[PackageManager] waiting for 215 tasks
    [204.78ms]
Downloaded parsel-js versions
> HTTP/1.1 GET https://registry.npmjs.org/map-stream
> Accept: application/vnd.npm.install-v1+json; q=1.0, application/json; q=0.8, */*
> Connection: keep-alive
> User-Agent: Bun/1.3.9
> Host: registry.npmjs.org
> Accept-Encoding: gzip, deflate, br, zstd

[PackageManager] waiting for 215 tasks
   - "parsel-js": "^1.1.2" - parsel-js@1.2.3
[PackageManager] waiting for 214 tasks
   - "@types/node": "^22.5.5" - @types/node@22.20.5
Enqueue package manifest for download: undici-types
 .github/
 .github/workflows/
 .github/workflows/bun-formatcheck.yml
 .github/workflows/bun-test.yml
 .github/workflows/bun-typecheck.yml
 .gitignore
 LICENSE
 README.md
 biome.json
 bunfig.toml
 cosmos.config.json
 lib/
 lib/geometry.ts
 lib/grid-solver.ts
 lib/implicit-copper-pour-pipeline-solver.ts
 lib/index.ts
 lib/prepare-circuit-json.ts
 lib/simplify-polygon-edges.ts
 lib/types.ts
 lib/visualize.ts
 package.json
 site/
 site/solver.page.tsx
 tests/
 tests/__snapshots__/
 tests/__snapshots__/implicit-copper-pour-pipeline-solver-nrf52810-bottom-layer-after-solve.snap.svg
 tests/__snapshots__/implicit-copper-pour-pipeline-solver-nrf52810-full-board-after-solve.snap.svg
 tests/__snapshots__/implicit-copper-pour-pipeline-solver-nrf52810-full-board-before-solve.snap.svg
 tests/__snapshots__/implicit-copper-pour-pipeline-solver-nrf52810-top-layer-after-solve.snap.svg
 tests/fixtures/
 tests/fixtures/filter-graphics-by-layer.ts
 tests/fixtures/nrf52810-board.ts
 tests/fixtures/nrf52810.json
 tests/fixtures/preload.ts
 tests/fixtures/simple-power-board.ts
 tests/implicit-copper-pour-pipeline-solver.test.ts
 tests/simplify-polygon-edges.test.ts
 tsconfig.json
 vercel.json
 vite.config.ts
[@tscircuit/implicit-copper-pour-solver] Extract .dcfbf7fdeff77abd-00000006.implicit-copper-pour-solver (decompressed 183.70 KB tgz file in 3.49ms)
[@tscircuit/implicit-copper-pour-solver] Extracted to .dcfbf7fdeff77abd-00000006.implicit-copper-pour-solver (9.553ms)
[PackageManager] waiting for 214 tasks
   - "@tscircuit/math-utils": "^0.0.38" - @tscircuit/math-utils@0.0.38
[PackageManager] waiting for 213 tasks
> HTTP/1.1 GET https://registry.npmjs.org/pause-stream
> Accept: application/vnd.npm.install-v1+json; q=1.0, application/json; q=0.8, */*
> Connection: keep-alive
> User-Agent: Bun/1.3.9
> Host: registry.npmjs.org
> Accept-Encoding: gzip, deflate, br, zstd

    [594.95ms]
Downloaded rxjs versions
[PackageManager] waiting for 213 tasks
   - "rxjs": "7.8.2" - rxjs@7.8.2
Enqueue package manifest for download: tslib
< 200 OK
< Date: Sat, 03 Oct 2026 22:24:51 GMT
< Content-Type: application/vnd.npm.install-v1+json
< Transfer-Encoding: chunked
< Connection: keep-alive
< set-cookie: __cf_bm=5biTREKr4JQsR9lAjeci5lvPZ3nSz5V_8s_rxqAMg.I-1791066290.885307-1.0.1.1-zLCWxwFCYsIjpDzn8qvvkkvAGsyQrPOfPmxWkJlW4RbGs8EtW_GxUdSw_3G5roSifzssqJCYNVEkuCjnTPdG6.JcKChhmvFopLznL961TAlv5GuYHxaFZrYZduhmtZep; HttpOnly; SameSite=None; Secure; Path=/; Domain=npmjs.org; Expires=Sat, 03 Oct 2026 22:54:51 GMT
< set-cookie: _cfuvid=sgkls4lX5eFDv61A61TsTU1FrsD4xBEWE9mqZ5Hi0Is-1791066290.885307-1.0.1.1-fb.kwyI9VOt7ACtcVXHpCYQFI4oojqPyJshOzpMOc5M; HttpOnly; SameSite=None; Secure; Path=/; Domain=npmjs.org
< CF-Ray: a44f5bfe089d51a4-TIA
< CF-Cache-Status: REVALIDATED
< ETag: W/"32ca80db22b49d30e2d45ec9e090e379"
< Access-Control-Allow-Origin: *
< Cache-Control: public, max-age=300
< Last-Modified: Sun, 02 Aug 2026 00:40:08 GMT
< Server: cloudflare
< Vary: accept-encoding, accept
< Content-Encoding: br

[PackageManager] waiting for 213 tasks
    [874.67ms] Downloaded @tscircuit/winding-breakout-point-solver tarball
> HTTP/1.1 GET https://registry.npmjs.org/split
> Accept: application/vnd.npm.install-v1+json; q=1.0, application/json; q=0.8, */*
> Connection: keep-alive
> User-Agent: Bun/1.3.9
> Host: registry.npmjs.org
> Accept-Encoding: gzip, deflate, br, zstd

 .agents/
 .agents/roles/
 .agents/roles/adversarial-reviewer.md
 .agents/roles/black-box-qa.md
 .agents/roles/context-auditor.md
 .agents/roles/lead.md
 .agents/roles/solver-engineer.md
 .agents/roles/visualization-engineer.md
 .gitignore
 README.md
 biome.json
 bun.lock
 bunfig.toml
 cosmos.config.json
 examples/
 examples/am62l/
 examples/am62l/am62l-example-data.ts
 examples/am62l/control-bus-example.ts
 examples/am62l/ddr-byte0-example.ts
 examples/am62l/ddr-byte1-example.ts
 examples/am62l/full-ddr-example.ts
 examples/am62l/index.ts
 examples/padding/
 examples/padding/one-millimeter-padding-input.ts
 examples/region-count/
 examples/region-count/index.ts
 examples/region-count/region-count-examples.ts
 index.html
 lib/
 lib/WindingBreakoutSolver.ts
 lib/gate-placement/
 lib/gate-placement/place-breakout-gates.ts
 lib/get-layer-names.ts
 lib/index.ts
 lib/input/
 lib/input/errors.ts
 lib/input/get-bus-layer-candidates.ts
 lib/input/get-canonical-connections.ts
 lib/input/validate-winding-breakout-input.ts
 lib/layer-assignment/
 lib/layer-assignment/assign-connection-layers.ts
 lib/ordering/
 lib/ordering/get-natural-winding-order.ts
 lib/ordering/get-reference-winding-order.ts
 lib/solvers/
 lib/solvers/GatePlacementSolver.ts
 lib/solvers/ReferenceOrderingSolver.ts
 lib/types.ts
 lib/validation/
 lib/validation/finalize-winding-breakout-output.ts
 lib/validation/validate-breakout-points.ts
 lib/visualization/
 lib/visualization/create-input-graphics.ts
 lib/visualization/create-solver-phase-visualization.ts
 lib/visualization/create-state-graphics.ts
 lib/visualization/create-winding-breakout-visualization.ts
 lib/visualization/get-connection-color.ts
 lib/visualization/get-graphics-layer.ts
 package.json
 pages/
 pages/1mm Padding.page.tsx
 pages/am62l-lpddr4-ram/
 pages/am62l-lpddr4-ram/AM62L LPDDR4 RAM.page.tsx
 pages/am62l-lpddr4-ram/WindingBreakoutSolverFixture.tsx
 pages/region-count-breakdown/
 pages/region-count-breakdown/OneRegionDestinationVisualizationSolver.ts
 pages/region-count-breakdown/Region Count Breakdown.page.tsx
 tests/
 tests/determinism.test.ts
 tests/fixtures/
 tests/fixtures/solver-test-utils.ts
 tests/get-output-before-solved.test.ts
 tests/input-api.test.ts
 tests/input-immutability.test.ts
 tests/padding-input.test.ts
 tests/preload.ts
 tests/region-count.test.ts
 tsconfig.json
 vercel.json
 vite.config.ts
[@tscircuit/winding-breakout-point-solver] Extract .5aff774d7e52d572-00000007.winding-breakout-point-solver (decompressed 57.1 KB tgz file in 215.667us)
[@tscircuit/winding-breakout-point-solver] Extracted to .5aff774d7e52d572-00000007.winding-breakout-point-solver (5.948ms)
[PackageManager] waiting for 213 tasks
[PackageManager] waiting for 212 tasks
    [539.41ms]
Downloaded @jscad/modeling versions
> HTTP/1.1 GET https://registry.npmjs.org/stream-combiner
> Accept: application/vnd.npm.install-v1+json; q=1.0, application/json; q=0.8, */*
> Connection: keep-alive
> User-Agent: Bun/1.3.9
> Host: registry.npmjs.org
> Accept-Encoding: gzip, deflate, br, zstd

[PackageManager] waiting for 212 tasks
   - "@jscad/modeling": "^2.12.6" - @jscad/modeling@2.13.0
< 200 OK
< Date: Sat, 03 Oct 2026 22:24:51 GMT
< Content-Type: application/vnd.npm.install-v1+json
< Transfer-Encoding: chunked
< Connection: keep-alive
< set-cookie: __cf_bm=pB5.KxlDyVS0npKxOOpjUzVTyDEo3QbKUFzBehe22Xc-1791066291.2300658-1.0.1.1-cruyScHVDPRwUS8c_0GxVGFIfIV1sWntCwZ3KeFCyCHPEG4b7EkOSEFcsCeVA885a77wlP66b2P8jkT34FqnA05zt9okAs6Lgj6qCP_EvZbhAGHoMEIt8r76dLOJzrFH; HttpOnly; SameSite=None; Secure; Path=/; Domain=npmjs.org; Expires=Sat, 03 Oct 2026 22:54:51 GMT
< set-cookie: _cfuvid=oX3dT7zVWQWoxVGO5mDxDIN9VGzgh54JrjLlqm_Cko4-1791066291.2300658-1.0.1.1-iKVMF5R6OvM_m9WMishWBmqJjhRofT45kM..Rg_NIxM; HttpOnly; SameSite=None; Secure; Path=/; Domain=npmjs.org
< CF-Ray: a44f5c002968bd99-TIA
< CF-Cache-Status: HIT
< ETag: W/"c081ca037029a5a7f8844c5aacf68173"
< Access-Control-Allow-Origin: *
< Cache-Control: public, max-age=300
< Last-Modified: Mon, 01 Dec 2025 16:05:03 GMT
< Server: cloudflare
< Vary: accept-encoding, accept
< Content-Encoding: br

[PackageManager] waiting for 211 tasks
    [889.25ms] Downloaded @tscircuit/via-stitch-solver tarball
> HTTP/1.1 GET https://registry.npmjs.org/websocket-driver
> Accept: application/vnd.npm.install-v1+json; q=1.0, application/json; q=0.8, */*
> Connection: keep-alive
> User-Agent: Bun/1.3.9
> Host: registry.npmjs.org
> Accept-Encoding: gzip, deflate, br, zstd

 .github/
 .github/workflows/
 .github/workflows/bun-formatcheck.yml
 .github/workflows/bun-test.yml
 .github/workflows/bun-typecheck.yml
 .gitignore
 LICENSE
 README.md
 biome.json
 bunfig.toml
 cosmos.config.json
 examples/
 examples/copper-pour-via-stitching-circuits.tsx
 lib/
 lib/geometry/
 lib/geometry/brep-point-containment.ts
 lib/geometry/circuit-element-obstacles.ts
 lib/index.ts
 lib/solvers/
 lib/solvers/ViaStitchSolver.ts
 lib/types.ts
 package.json
 site/
 site/Welcome.page.tsx
 tests/
 tests/__snapshots__/
 tests/__snapshots__/copper-pour-via-stitching-circuits-qfn32.snap.svg
 tests/__snapshots__/copper-pour-via-stitching-circuits-qfp16.snap.svg
 tests/__snapshots__/copper-pour-via-stitching-circuits-soic16.snap.svg
 tests/__snapshots__/copper-pour-via-stitching-circuits-soic8.snap.svg
 tests/__snapshots__/copper-pour-via-stitching-circuits-tssop20.snap.svg
 tests/__snapshots__/copper-pour-via-stitching.snap.svg
 tests/__snapshots__/polygon-copper-pour-via-stitching-concave.snap.svg
 tests/__snapshots__/polygon-copper-pour-via-stitching-convex.snap.svg
 tests/copper-pour-via-stitching-circuits.test.tsx
 tests/copper-pour-via-stitching.test.tsx
 tests/fixtures/
 tests/fixtures/create-ground-pour-circuit.tsx
 tests/fixtures/preload.ts
 tests/options-validation.test.ts
 tests/polygon-copper-pour-via-stitching.test.tsx
 tsconfig.json
 vercel.json
[@tscircuit/via-stitch-solver] Extract .b8ff6fcdeeffd160-00000008.via-stitch-solver (decompressed 60.29 KB tgz file in 228.583us)
[@tscircuit/via-stitch-solver] Extracted to .b8ff6fcdeeffd160-00000008.via-stitch-solver (3.384ms)
[PackageManager] waiting for 211 tasks
[PackageManager] waiting for 210 tasks
    [206.87ms]
Downloaded finalhandler versions
> HTTP/1.1 GET https://registry.npmjs.org/y18n
> Accept: application/vnd.npm.install-v1+json; q=1.0, application/json; q=0.8, */*
> Connection: keep-alive
> User-Agent: Bun/1.3.9
> Host: registry.npmjs.org
> Accept-Encoding: gzip, deflate, br, zstd

< 200 OK
< Date: Sat, 03 Oct 2026 22:24:51 GMT
< Content-Type: application/vnd.npm.install-v1+json
< Transfer-Encoding: chunked
< Connection: keep-alive
< set-cookie: __cf_bm=_141V_ajFP2X5OPKUrNoJnEb5QHzoUVe7nxEr7ALybE-1791066291.0055535-1.0.1.1-uhTU020BMlhq6jmYoN0BHA141MugqGTgO4ZVJPUcT3zit0JZ19oS_EQlHcLy8Etr.zXwK4T0SllNovYSjYjuyGZFo7s03paR4h599uvozwpqk6HAcSWecf0cnePTqnn8; HttpOnly; SameSite=None; Secure; Path=/; Domain=npmjs.org; Expires=Sat, 03 Oct 2026 22:54:51 GMT
< set-cookie: _cfuvid=_AFvVW2zUHbObln99RsmEEjlOl30LObhO7tnpVzyvB8-1791066291.0055535-1.0.1.1-hBMOSCA088WQF0nf4lWTQvdBW2Ngtdcdhas71ofWTq8; HttpOnly; SameSite=None; Secure; Path=/; Domain=npmjs.org
< CF-Ray: a44f5bfec820bd99-TIA
< CF-Cache-Status: HIT
< ETag: W/"6a42454654a3aaec2849552aa906cab2"
< Access-Control-Allow-Origin: *
< Cache-Control: public, max-age=300
< Last-Modified: Wed, 28 Jan 2026 07:06:16 GMT
< Server: cloudflare
< Vary: accept-encoding, accept
< Content-Encoding: br

< 200 OK
< Date: Sat, 03 Oct 2026 22:24:51 GMT
< Content-Type: application/vnd.npm.install-v1+json
< Transfer-Encoding: chunked
< Connection: keep-alive
< set-cookie: __cf_bm=sy0susGZ5v3mwgPWg2TVeeyEYLju0IQL837n16xcC2I-1791066291.005273-1.0.1.1-hBa99NeQ0BTtgoJoqcn7IAsXbebPSRxJCYPd8.diRzp7qpBE7DUwUe6qgVm8TCvCWGYIeFIzWzXygfnue6VpTueLqE426re7LFBpwt6cP5pzS1mnhKnNt5xXiZxVUvHM; HttpOnly; SameSite=None; Secure; Path=/; Domain=npmjs.org; Expires=Sat, 03 Oct 2026 22:54:51 GMT
< set-cookie: _cfuvid=UAl3GBWmELYJ.6vFnfqaHIOLCVOEx.lz9FHruZ9fIqA-1791066291.005273-1.0.1.1-HbmqVQrYDQfBtGSjMo_4IW.y72kQwh0fy_W1NgIBors; HttpOnly; SameSite=None; Secure; Path=/; Domain=npmjs.org
< CF-Ray: a44f5bfecdee7c08-TIA
< CF-Cache-Status: HIT
< ETag: W/"6b20975a9e5182e21ab7481235a7fa3b"
< Access-Control-Allow-Origin: *
< Cache-Control: public, max-age=300
< Last-Modified: Wed, 02 Sep 2026 07:19:08 GMT
< Server: cloudflare
< Vary: accept-encoding, accept
< Content-Encoding: br

[PackageManager] waiting for 210 tasks
   - "finalhandler": "1.1.2" - finalhandler@1.1.2
Enqueue package manifest for download: unpipe
   - "encodeurl": "~1.0.2" - encodeurl@1.0.2
   - "on-finished": "~2.3.0" - on-finished@2.3.0
[PackageManager] waiting for 210 tasks
    [437.06ms]
Downloaded @thednp/dommatrix versions
> HTTP/1.1 GET https://registry.npmjs.org/cliui
> Accept: application/vnd.npm.install-v1+json; q=1.0, application/json; q=0.8, */*
> Connection: keep-alive
> User-Agent: Bun/1.3.9
> Host: registry.npmjs.org
> Accept-Encoding: gzip, deflate, br, zstd

[PackageManager] waiting for 210 tasks
   - "@thednp/dommatrix": "^3.1.2" - @thednp/dommatrix@3.1.2
[PackageManager] waiting for 209 tasks
    [435.14ms]
Downloaded @resvg/resvg-js-darwin-x64 versions
> HTTP/1.1 GET https://registry.npmjs.org/find-up
> Accept: application/vnd.npm.install-v1+json; q=1.0, application/json; q=0.8, */*
> Connection: keep-alive
> User-Agent: Bun/1.3.9
> Host: registry.npmjs.org
> Accept-Encoding: gzip, deflate, br, zstd

< 200 OK
< Date: Sat, 03 Oct 2026 22:24:51 GMT
< Content-Type: application/vnd.npm.install-v1+json
< Transfer-Encoding: chunked
< Connection: keep-alive
< set-cookie: __cf_bm=Rd5U1CUSLm3tWqnD_b4IWB94G27e1xVp.S7OCpEgI6U-1791066291.0055544-1.0.1.1-Lvv1ZILEmVEUnCLbWyfTmySPCDeHj7tQ9EqKc7mFBsKw_OCINxmj2e.m_7Q41cIRx.SSZILQ1OjaOwofHr.YCRFGlNT4bojwy_SI.EJgHDVKpcXrrij0FSAvvQaMk9QM; HttpOnly; SameSite=None; Secure; Path=/; Domain=npmjs.org; Expires=Sat, 03 Oct 2026 22:54:51 GMT
< set-cookie: _cfuvid=jKds1nrYkoW.5j8950ruM7r854c4fa6VfJk3ZqsieZA-1791066291.0055544-1.0.1.1-HLm_iUEVqrjmtOSFQLnSHvVH180Epq9MWjxkRvsm194; HttpOnly; SameSite=None; Secure; Path=/; Domain=npmjs.org
< CF-Ray: a44f5bfece77793f-TIA
< CF-Cache-Status: HIT
< ETag: W/"fa1495c23afab724a5dd703e4645a0c0"
< Access-Control-Allow-Origin: *
< Cache-Control: public, max-age=300
< Last-Modified: Wed, 28 Jan 2026 07:06:40 GMT
< Server: cloudflare
< Vary: accept-encoding, accept
< Content-Encoding: br

[PackageManager] waiting for 209 tasks
    [433.27ms]
Downloaded @resvg/resvg-js-android-arm64 versions
> HTTP/1.1 GET https://registry.npmjs.org/set-blocking
> Accept: application/vnd.npm.install-v1+json; q=1.0, application/json; q=0.8, */*
> Connection: keep-alive
> User-Agent: Bun/1.3.9
> Host: registry.npmjs.org
> Accept-Encoding: gzip, deflate, br, zstd

[PackageManager] waiting for 209 tasks
   - "@resvg/resvg-js-darwin-x64": "2.6.2" - @resvg/resvg-js-darwin-x64@2.6.2
[PackageManager] waiting for 208 tasks
   - "@resvg/resvg-js-android-arm64": "2.6.2" - @resvg/resvg-js-android-arm64@2.6.2
< 200 OK
< Date: Sat, 03 Oct 2026 22:24:51 GMT
< Content-Type: application/vnd.npm.install-v1+json
< Transfer-Encoding: chunked
< Connection: keep-alive
< set-cookie: __cf_bm=avETHs2QCCDTE5W8ixrDdQRDV5yLyHeFsQJaikHJcn0-1791066291.011159-1.0.1.1-jlLFvn1ZLwPhnucH2nKQz_Qw1lCVRniHNsWvRvNxRctgk.YlxkXYuq.v3MoJZjp7PPdAkxHuEvmqi.pP5jQT6l9CoVGMRRwApnhOXqbKSIIEY6thKqbi2MQ7_6KqAHof; HttpOnly; SameSite=None; Secure; Path=/; Domain=npmjs.org; Expires=Sat, 03 Oct 2026 22:54:51 GMT
< set-cookie: _cfuvid=F_U.V2NJP0Z6j6tGe89VWReN.k0y7xc1WwLRtMCBdIU-1791066291.011159-1.0.1.1-H0svmG_4yEZJ3.DMRllNWEORWf7E9GOeTmrj7EesrL4; HttpOnly; SameSite=None; Secure; Path=/; Domain=npmjs.org
< CF-Ray: a44f5bfede7c793f-TIA
< CF-Cache-Status: HIT
< ETag: W/"b30a0d7d61ac3e53921bd168e92bbe1e"
< Access-Control-Allow-Origin: *
< Cache-Control: public, max-age=300
< Last-Modified: Wed, 28 Jan 2026 07:06:22 GMT
< Server: cloudflare
< Vary: accept-encoding, accept
< Content-Encoding: br

< 200 OK
< Date: Sat, 03 Oct 2026 22:24:51 GMT
< Content-Type: application/vnd.npm.install-v1+json
< Transfer-Encoding: chunked
< Connection: keep-alive
< set-cookie: __cf_bm=F01FmRZbEnGTMrI0D5vDuRiAZ1ehgY0c2ZMG_MSf_Ms-1791066291.0053759-1.0.1.1-XFLAsjp8ah_szmLHfAca6AHFciFDBUg.emM4ZDZa7c6i6vA8Dw6bvdU4AyedXid7qaOqKsnY6GgP0KBeeVAYakPKC5.bChCZngBIRoTX9vwuOy7f6Y_ps6rentGPbVR1; HttpOnly; SameSite=None; Secure; Path=/; Domain=npmjs.org; Expires=Sat, 03 Oct 2026 22:54:51 GMT
< set-cookie: _cfuvid=EXOfq4xMyxPAf6ajWJ9saLaymepL3Q7CZ02NWgT_n4U-1791066291.0053759-1.0.1.1-Y.RQGVS8V3im2ElAnJYxiF3olLTTXp421K_._hs_aFw; HttpOnly; SameSite=None; Secure; Path=/; Domain=npmjs.org
< CF-Ray: a44f5bfecf5cf474-TIA
< CF-Cache-Status: HIT
< ETag: W/"7af481f66b64bbb5807b0fb4b5261f03"
< Access-Control-Allow-Origin: *
< Cache-Control: public, max-age=300
< Last-Modified: Wed, 28 Jan 2026 07:06:13 GMT
< Server: cloudflare
< Vary: accept-encoding, accept
< Content-Encoding: br

< 200 OK
< Date: Sat, 03 Oct 2026 22:24:51 GMT
< Content-Type: application/vnd.npm.install-v1+json
< Transfer-Encoding: chunked
< Connection: keep-alive
< set-cookie: __cf_bm=UJGWbed1KC38mLRWxbVraBcn9eeLfqmZcAxCnCahZwo-1791066291.0109339-1.0.1.1-hFmT654Ye1492OCmI8DpWn77Nhcynl.pjvMpjI7C3WZkFe52qY92sKU581AP8qq7X.EBm8mSpnvOzixuZja3obdZwdIQenvsqCQeNh.u6xfbY_Uk3wpa0d_MEvPXkVWu; HttpOnly; SameSite=None; Secure; Path=/; Domain=npmjs.org; Expires=Sat, 03 Oct 2026 22:54:51 GMT
< set-cookie: _cfuvid=hcuO_IetAhGx8CdJDz3W9Wwq8tLNUKdb9EWatGuey24-1791066291.0109339-1.0.1.1-oFuw6yCEde2ELlT2eY2G_.he1y1eN7T.9smWSh1ErGI; HttpOnly; SameSite=None; Secure; Path=/; Domain=npmjs.org
< CF-Ray: a44f5bfed922a5b3-TIA
< CF-Cache-Status: HIT
< ETag: W/"a32b76341824eb287cbad06e52fb2662"
< Access-Control-Allow-Origin: *
< Cache-Control: public, max-age=300
< Last-Modified: Wed, 28 Jan 2026 07:06:26 GMT
< Server: cloudflare
< Vary: accept-encoding, accept
< Content-Encoding: br

< 200 OK
< Date: Sat, 03 Oct 2026 22:24:51 GMT
< Content-Type: application/vnd.npm.install-v1+json
< Transfer-Encoding: chunked
< Connection: keep-alive
< set-cookie: __cf_bm=3anXX87uyEzsSsURv7EIey2xfFGTb5tL.mJPUIMwaos-1791066291.0052722-1.0.1.1-F.lpWv1Ud9sfrf0zcjDX0WJY.rEmF4tG6nMlyBkvojwfMaIuIZeIeRDS4D0e7_GT8ovwxGkvHOCZqvFIwzXfR1M6TZTLBXTQgg_12gVYOlsJN.3T4lGosuaJQxPC0dvt; HttpOnly; SameSite=None; Secure; Path=/; Domain=npmjs.org; Expires=Sat, 03 Oct 2026 22:54:51 GMT
< set-cookie: _cfuvid=vUDhzpCZqUxZnAGlfWptr4cJJgqFo48HDqPtYCngky8-1791066291.0052722-1.0.1.1-YuJFeStaj6BZbfQDSxrKlkNZgmAdW5GghRVltwvSPtc; HttpOnly; SameSite=None; Secure; Path=/; Domain=npmjs.org
< CF-Ray: a44f5bfecdef7c08-TIA
< CF-Cache-Status: HIT
< ETag: W/"81bdcd27abc56ae3967dc18cee56339b"
< Access-Control-Allow-Origin: *
< Cache-Control: public, max-age=300
< Last-Modified: Wed, 28 Jan 2026 07:06:36 GMT
< Server: cloudflare
< Vary: accept-encoding, accept
< Content-Encoding: br

[PackageManager] waiting for 207 tasks
    [439.44ms]
Downloaded @resvg/resvg-js-linux-x64-gnu versions
> HTTP/1.1 GET https://registry.npmjs.org/string-width
> Accept: application/vnd.npm.install-v1+json; q=1.0, application/json; q=0.8, */*
> Connection: keep-alive
> User-Agent: Bun/1.3.9
> Host: registry.npmjs.org
> Accept-Encoding: gzip, deflate, br, zstd

< 200 OK
< Date: Sat, 03 Oct 2026 22:24:51 GMT
< Content-Type: application/vnd.npm.install-v1+json
< Transfer-Encoding: chunked
< Connection: keep-alive
< set-cookie: __cf_bm=eLCMd8l5xsWLYTFNDaIpSxx363_SnwZy0sfuKMIg42s-1791066291.0112953-1.0.1.1-ViXHc53ryKFw8blYcgSeZ2oO12NEt.m7TePy7iR2WWFBXyKscH2Y_ais3Uv8rNa29.Pkl3Icy7sZZFF76no4rU0IBIeeSBQJbwwniFWXoULxA4mJ6_XFAoRuKTXD159A; HttpOnly; SameSite=None; Secure; Path=/; Domain=npmjs.org; Expires=Sat, 03 Oct 2026 22:54:51 GMT
< set-cookie: _cfuvid=nG2hYCVSoyVJGV7ts9d1P.EbUINGcfLwsRPFG.vPISE-1791066291.0112953-1.0.1.1-eVfw_UvY1PylJJel.zWwggnrv0ZoiezbEUv4BGnMjHg; HttpOnly; SameSite=None; Secure; Path=/; Domain=npmjs.org
< CF-Ray: a44f5bfeddf87c08-TIA
< CF-Cache-Status: HIT
< ETag: W/"7e0fbf62ea0054c2fb4459d79f49f75f"
< Access-Control-Allow-Origin: *
< Cache-Control: public, max-age=300
< Last-Modified: Wed, 28 Jan 2026 07:06:30 GMT
< Server: cloudflare
< Vary: accept-encoding, accept
< Content-Encoding: br

< 200 OK
< Date: Sat, 03 Oct 2026 22:24:51 GMT
< Content-Type: application/vnd.npm.install-v1+json
< Transfer-Encoding: chunked
< Connection: keep-alive
< set-cookie: __cf_bm=CzC3UP5TOuabJ7XXlk7WLjaDrCeYr7CAfHe09AdB1k0-1791066291.016035-1.0.1.1-jC_UtEbJwRfNJf.68wNXn7Ng.i97KGH8pYu1d5CbCNa_.wkusPHw3XjaaVUYwipvGv7SwayahHQkj.GY0JgbmOzsERjkI.7BZX_c0nuAe3EYIvnAia_A3Fz2Hn6FBjcS; HttpOnly; SameSite=None; Secure; Path=/; Domain=npmjs.org; Expires=Sat, 03 Oct 2026 22:54:51 GMT
< set-cookie: _cfuvid=RDxTqFBkle4UeNEgQfrOIHae8SP.VBALweyb2KrRX3c-1791066291.016035-1.0.1.1-nep1r1N5nb5c8U3oE9XdjThn6U.Dh5tt2Imwu9dyumw; HttpOnly; SameSite=None; Secure; Path=/; Domain=npmjs.org
< CF-Ray: a44f5bfedbdc9b00-TIA
< CF-Cache-Status: HIT
< ETag: W/"1fba474ea73713a1e6fadd6b4be23dde"
< Access-Control-Allow-Origin: *
< Cache-Control: public, max-age=300
< Last-Modified: Wed, 28 Jan 2026 07:06:33 GMT
< Server: cloudflare
< Vary: accept-encoding, accept
< Content-Encoding: br

< 200 OK
< Date: Sat, 03 Oct 2026 22:24:51 GMT
< Content-Type: application/vnd.npm.install-v1+json
< Transfer-Encoding: chunked
< Connection: keep-alive
< set-cookie: __cf_bm=gi8WI3UhLtg8vM4V60K0wItHMkTJBl.7AG2q7NTyZsA-1791066291.011024-1.0.1.1-0puRD0UdDc_wbcJSyX4oVAEpV3IjOKxpNLzdSpRMcvsEAUANBpwZuAtudbPpVFuOIjLvl49pH97K27T_I.Q9it.IYg2.QLAzEyb37tHwYJElVCezeHx4ZHwdyogxutpZ; HttpOnly; SameSite=None; Secure; Path=/; Domain=npmjs.org; Expires=Sat, 03 Oct 2026 22:54:51 GMT
< set-cookie: _cfuvid=Kfj5TDhf7K3fSgGg1SVLvEJap6obFeN9FAF8JrRJ17k-1791066291.011024-1.0.1.1-yC0K7.w.VC038F.4qOkKxJNNdr6qHfa26V_Tr5T586E; HttpOnly; SameSite=None; Secure; Path=/; Domain=npmjs.org
< CF-Ray: a44f5bfedf975f50-TIA
< CF-Cache-Status: HIT
< ETag: W/"a5816bb55ec4f5080a7d4e73ec7252e5"
< Access-Control-Allow-Origin: *
< Cache-Control: public, max-age=300
< Last-Modified: Wed, 28 Jan 2026 07:06:42 GMT
< Server: cloudflare
< Vary: accept-encoding, accept
< Content-Encoding: br

[PackageManager] waiting for 207 tasks
   - "@resvg/resvg-js-linux-x64-gnu": "2.6.2" - @resvg/resvg-js-linux-x64-gnu@2.6.2
[PackageManager] waiting for 206 tasks
    [438.62ms]
Downloaded @resvg/resvg-js-linux-arm64-gnu versions
> HTTP/1.1 GET https://registry.npmjs.org/which-module
> Accept: application/vnd.npm.install-v1+json; q=1.0, application/json; q=0.8, */*
> Connection: keep-alive
> User-Agent: Bun/1.3.9
> Host: registry.npmjs.org
> Accept-Encoding: gzip, deflate, br, zstd

< 200 OK
< Date: Sat, 03 Oct 2026 22:24:51 GMT
< Content-Type: application/vnd.npm.install-v1+json
< Transfer-Encoding: chunked
< Connection: keep-alive
< set-cookie: __cf_bm=7WZIGxJwavqN9916K949Q7OSmvn3EKUuRmgvCfljXH8-1791066291.0109663-1.0.1.1-j69nnWiYJaVxKmIPplnI4QaxkdJJZvz6Ta1_EeycVnnKrSwe9XzxEUmmDLRX9RCcWF3XL_Ji7DnM6ZePJkCIeyfP8f3UQC34WWkw1CZDrowEBdvgs3bsXq1ijyfIDlQ3; HttpOnly; SameSite=None; Secure; Path=/; Domain=npmjs.org; Expires=Sat, 03 Oct 2026 22:54:51 GMT
< set-cookie: _cfuvid=RzcFW.cpe_Uw8.Oe8sCRTCaFMWPhF9PpQf2EJvOCUIM-1791066291.0109663-1.0.1.1-dl6YUEqZm800CZuRJ9uO0ysNkJydSMnCVIM9osGCFJI; HttpOnly; SameSite=None; Secure; Path=/; Domain=npmjs.org
< CF-Ray: a44f5bfedbd09b00-TIA
< CF-Cache-Status: HIT
< ETag: W/"6c13069440d36daf693b1c7a0fee4bfb"
< Access-Control-Allow-Origin: *
< Cache-Control: public, max-age=300
< Last-Modified: Wed, 28 Jan 2026 07:06:46 GMT
< Server: cloudflare
< Vary: accept-encoding, accept
< Content-Encoding: br

[PackageManager] waiting for 206 tasks
   - "@resvg/resvg-js-linux-arm64-gnu": "2.6.2" - @resvg/resvg-js-linux-arm64-gnu@2.6.2
[PackageManager] waiting for 205 tasks
    [443.77ms]
Downloaded @resvg/resvg-js-darwin-arm64 versions
< 200 OK
< Date: Sat, 03 Oct 2026 22:24:51 GMT
< Content-Type: application/vnd.npm.install-v1+json
< Transfer-Encoding: chunked
< Connection: keep-alive
< set-cookie: __cf_bm=V4k6wzPIB2gqA4BJDeM8Madt.IT0sZ2dCZRx6jHMaFg-1791066291.011172-1.0.1.1-HnFeiWllTCAJ.KX1D14MXRgbTsLOvN3_2Ie4PuvjgrjZeF5K6Sjb7.i_vNTOAh.tqwDO1NQHEr9TEaDmtSHAj3HUvoUKayOZbbD.Fw1ugdcGdRPjKK9lMeqPZBmSoQBi; HttpOnly; SameSite=None; Secure; Path=/; Domain=npmjs.org; Expires=Sat, 03 Oct 2026 22:54:51 GMT
< set-cookie: _cfuvid=pxWiFylfMqcsZW.9aG8GIsYLPOBDuJrEmE2qBSA8oZk-1791066291.011172-1.0.1.1-XE7jXx26tk3rAqmKgaFKrHzKy6dy9K34X2qPBzXFpOY; HttpOnly; SameSite=None; Secure; Path=/; Domain=npmjs.org
< CF-Ray: a44f5bfedbcf9b00-TIA
< CF-Cache-Status: HIT
< ETag: W/"71d0219f8fc3bf3924f4b4011c48a7c8"
< Access-Control-Allow-Origin: *
< Cache-Control: public, max-age=300
< Last-Modified: Wed, 28 Jan 2026 07:06:19 GMT
< Server: cloudflare
< Vary: accept-encoding, accept
< Content-Encoding: br

> HTTP/1.1 GET https://registry.npmjs.org/yargs-parser
> Accept: application/vnd.npm.install-v1+json; q=1.0, application/json; q=0.8, */*
> Connection: keep-alive
> User-Agent: Bun/1.3.9
> Host: registry.npmjs.org
> Accept-Encoding: gzip, deflate, br, zstd

[PackageManager] waiting for 205 tasks
   - "@resvg/resvg-js-darwin-arm64": "2.6.2" - @resvg/resvg-js-darwin-arm64@2.6.2
[PackageManager] waiting for 204 tasks
    [441.65ms]
Downloaded @resvg/resvg-js-linux-x64-musl versions
> HTTP/1.1 GET https://registry.npmjs.org/get-caller-file
> Accept: application/vnd.npm.install-v1+json; q=1.0, application/json; q=0.8, */*
> Connection: keep-alive
> User-Agent: Bun/1.3.9
> Host: registry.npmjs.org
> Accept-Encoding: gzip, deflate, br, zstd

[PackageManager] waiting for 204 tasks
   - "@resvg/resvg-js-linux-x64-musl": "2.6.2" - @resvg/resvg-js-linux-x64-musl@2.6.2
[PackageManager] waiting for 203 tasks
    [435.67ms]
Downloaded @resvg/resvg-js-linux-arm-gnueabihf versions
> HTTP/1.1 GET https://registry.npmjs.org/require-directory
> Accept: application/vnd.npm.install-v1+json; q=1.0, application/json; q=0.8, */*
> Connection: keep-alive
> User-Agent: Bun/1.3.9
> Host: registry.npmjs.org
> Accept-Encoding: gzip, deflate, br, zstd

[PackageManager] waiting for 203 tasks
   - "@resvg/resvg-js-linux-arm-gnueabihf": "2.6.2" - @resvg/resvg-js-linux-arm-gnueabihf@2.6.2
[PackageManager] waiting for 202 tasks
    [444.93ms]
Downloaded @resvg/resvg-js-android-arm-eabi versions
> HTTP/1.1 GET https://registry.npmjs.org/require-main-filename
> Accept: application/vnd.npm.install-v1+json; q=1.0, application/json; q=0.8, */*
> Connection: keep-alive
> User-Agent: Bun/1.3.9
> Host: registry.npmjs.org
> Accept-Encoding: gzip, deflate, br, zstd

[PackageManager] waiting for 202 tasks
    [445.06ms]
Downloaded @resvg/resvg-js-win32-x64-msvc versions
< 200 OK
< Date: Sat, 03 Oct 2026 22:24:51 GMT
< Content-Type: application/vnd.npm.install-v1+json
< Transfer-Encoding: chunked
< Connection: keep-alive
< set-cookie: __cf_bm=h91P9UHSgE0Gg2V3qCUcCAu7cr59LsNdON6Y7ZYnRRc-1791066291.0207107-1.0.1.1-kHeSr7uV2IcZRvjnKtO01conOQQC4YkQ3.p.u9JifmpqYM9JSCpgptWys9erD4LCcyaumeJInSK9OxXqzQAVmiadtEDlBksixgrmvbd49cuLlCfOfWcoq2Dj3dRhmdaQ; HttpOnly; SameSite=None; Secure; Path=/; Domain=npmjs.org; Expires=Sat, 03 Oct 2026 22:54:51 GMT
< set-cookie: _cfuvid=dcwllMGy10kuwdWazvEoXi5ytrTCND3SABAvYQCRZP0-1791066291.0207107-1.0.1.1-pbUMhDSi7E9wCjqcolPfNPh3Xg93wYV.hk9Nc87Qj4o; HttpOnly; SameSite=None; Secure; Path=/; Domain=npmjs.org
< CF-Ray: a44f5bfeebe19b00-TIA
< CF-Cache-Status: HIT
< ETag: W/"b0d0e1454f01f8a729c8bb7884ee03c4"
< Access-Control-Allow-Origin: *
< Cache-Control: public, max-age=300
< Last-Modified: Wed, 30 Sep 2026 15:25:43 GMT
< Server: cloudflare
< Vary: accept-encoding, accept
< Content-Encoding: br

< 200 OK
< Date: Sat, 03 Oct 2026 22:24:51 GMT
< Content-Type: application/vnd.npm.install-v1+json
< Transfer-Encoding: chunked
< Connection: keep-alive
< set-cookie: __cf_bm=1UGrmdvQ8mSUytfALXTE7oRdVM3t87.VeIYtQCPv4S0-1791066291.0205944-1.0.1.1-_r4eTQUL4bBjcAHOfG9eGjG.Jr.TbGVhpVpVlqVrei0FctDSUcA8g1AT3K46t7S6gTWD4Z1l.q1h6Sh1kgE9xiyvTYzM7DPsJro2EKPoVXduUtGshcGqhXOgEVDLMG2k; HttpOnly; SameSite=None; Secure; Path=/; Domain=npmjs.org; Expires=Sat, 03 Oct 2026 22:54:51 GMT
< set-cookie: _cfuvid=1PC0u_GHNhZAOhoRq1VlaO8WR09xNcsPz_cip9OkCwY-1791066291.0205944-1.0.1.1-3Lg4ZQIGApTVsrUFZKtnpSGjlAJqbp_LOBIyfJo3rlc; HttpOnly; SameSite=None; Secure; Path=/; Domain=npmjs.org
< CF-Ray: a44f5bfee94351a4-TIA
< CF-Cache-Status: HIT
< ETag: W/"c5ed89b78ba40257701b2ea14f2c1e52"
< Access-Control-Allow-Origin: *
< Cache-Control: public, max-age=300
< Last-Modified: Wed, 30 Sep 2026 15:25:15 GMT
< Server: cloudflare
< Vary: accept-encoding, accept
< Content-Encoding: br

[PackageManager] waiting for 202 tasks
   - "@resvg/resvg-js-android-arm-eabi": "2.6.2" - @resvg/resvg-js-android-arm-eabi@2.6.2
[PackageManager] waiting for 201 tasks
    [443.64ms]
Downloaded @resvg/resvg-js-linux-arm64-musl versions
[PackageManager] waiting for 201 tasks
   - "@resvg/resvg-js-win32-x64-msvc": "2.6.2" - @resvg/resvg-js-win32-x64-msvc@2.6.2
[PackageManager] waiting for 200 tasks
    [445.22ms]
Downloaded @resvg/resvg-js-win32-ia32-msvc versions
< 200 OK
< Date: Sat, 03 Oct 2026 22:24:51 GMT
< Content-Type: application/vnd.npm.install-v1+json
< Transfer-Encoding: chunked
< Connection: keep-alive
< set-cookie: __cf_bm=.UYb2pXT5OJsoHQ.lr1nCV.NYLNymhi.Tf1Z5j8qQ6U-1791066291.0208669-1.0.1.1-NrrvqyynNBpP6p7wU8x6dQyvlgJVB.LGL.gdt.z63pwINA4.w8fhGMZoNhixSt1UxlQ0elEUk0zGK41KoYuyBH1rhzihxpERPg72dxEoqOaE5kFBmP2NZOAgbGWhSeld; HttpOnly; SameSite=None; Secure; Path=/; Domain=npmjs.org; Expires=Sat, 03 Oct 2026 22:54:51 GMT
< set-cookie: _cfuvid=xMtDnOvPPseqH4jqbHK3BvNDcM3NhbpQmdkKKb.aliM-1791066291.0208669-1.0.1.1-162N5EwcU4Bt2ZMHkrNrO0UN8H_2zE3FjIx8wNkmAiI; HttpOnly; SameSite=None; Secure; Path=/; Domain=npmjs.org
< CF-Ray: a44f5bfeee087c08-TIA
< CF-Cache-Status: HIT
< ETag: W/"3a1e46179318f5fd0935fa3a503dca21"
< Access-Control-Allow-Origin: *
< Cache-Control: public, max-age=300
< Last-Modified: Wed, 30 Sep 2026 15:23:52 GMT
< Server: cloudflare
< Vary: accept-encoding, accept
< Content-Encoding: br

[PackageManager] waiting for 200 tasks
   - "@resvg/resvg-js-linux-arm64-musl": "2.6.2" - @resvg/resvg-js-linux-arm64-musl@2.6.2
[PackageManager] waiting for 199 tasks
   - "@resvg/resvg-js-win32-ia32-msvc": "2.6.2" - @resvg/resvg-js-win32-ia32-msvc@2.6.2
> HTTP/1.1 GET https://registry.npmjs.org/escalade
> Accept: application/vnd.npm.install-v1+json; q=1.0, application/json; q=0.8, */*
> Connection: keep-alive
> User-Agent: Bun/1.3.9
> Host: registry.npmjs.org
> Accept-Encoding: gzip, deflate, br, zstd

> HTTP/1.1 GET https://registry.npmjs.org/has-flag
> Accept: application/vnd.npm.install-v1+json; q=1.0, application/json; q=0.8, */*
> Connection: keep-alive
> User-Agent: Bun/1.3.9
> Host: registry.npmjs.org
> Accept-Encoding: gzip, deflate, br, zstd

> HTTP/1.1 GET https://registry.npmjs.org/undici
> Accept: application/vnd.npm.install-v1+json; q=1.0, application/json; q=0.8, */*
> Connection: keep-alive
> User-Agent: Bun/1.3.9
> Host: registry.npmjs.org
> Accept-Encoding: gzip, deflate, br, zstd

< 200 OK
< Date: Sat, 03 Oct 2026 22:24:51 GMT
< Content-Type: application/vnd.npm.install-v1+json
< Transfer-Encoding: chunked
< Connection: keep-alive
< set-cookie: __cf_bm=GCUDsL5qg42ST4SaAhpEaIXVIUMlDY9OaQjegKnZcHc-1791066291.0256033-1.0.1.1-s0eJvq9OBWPZOPJzVT.6uiuJXU1a.WIAaw4y0buSShjXLDchsRGsPZ68eLHo8PYe8.7nQ4JDvLinwFZ.8AyoaPR3EhwJ9Q_9rFstztBrVINhF9lZwGYUXyYbHoRzjqV_; HttpOnly; SameSite=None; Secure; Path=/; Domain=npmjs.org; Expires=Sat, 03 Oct 2026 22:54:51 GMT
< set-cookie: _cfuvid=f.EA_1b6Fd6nAYuqhF5Njh7t66dtkQcWybTW4WtOgfU-1791066291.0256033-1.0.1.1-lmAIRbK9km9xVnlEPjGjsGEEFKKa0TFXfkfPtVsVHMs; HttpOnly; SameSite=None; Secure; Path=/; Domain=npmjs.org
< CF-Ray: a44f5bfeebea9b00-TIA
< CF-Cache-Status: HIT
< ETag: W/"71d558f4a2a872848b38aaf8845e7e36"
< Access-Control-Allow-Origin: *
< Cache-Control: public, max-age=300
< Last-Modified: Wed, 30 Sep 2026 15:24:25 GMT
< Server: cloudflare
< Vary: accept-encoding, accept
< Content-Encoding: br

< 200 OK
< Date: Sat, 03 Oct 2026 22:24:51 GMT
< Content-Type: application/vnd.npm.install-v1+json
< Transfer-Encoding: chunked
< Connection: keep-alive
< set-cookie: __cf_bm=p3.8Vx1puOzmCf5_sTi2an3YYiyVcjZvB6RnYm6yBrE-1791066291.016188-1.0.1.1-H36l38GOGUttzFRguAkXjk3cs38mr.ihpEoevQvOzaYf40emId2IJnY5_OSyqFk.H_sUYpK8ItnhkNw8GxwZbgqG1HSfhuqVwCTIJtXhZtxBSOJuqACFrQQXJvAMDumU; HttpOnly; SameSite=None; Secure; Path=/; Domain=npmjs.org; Expires=Sat, 03 Oct 2026 22:54:51 GMT
< set-cookie: _cfuvid=Z8Pri6LXRlQB0dTd7tnwBHo27ndUuVJ.HtMfJFwveRA-1791066291.016188-1.0.1.1-Dcb9MZXoZ3PDegU69LAhe3BWdlC3zuEnd1Bkb2MXvJI; HttpOnly; SameSite=None; Secure; Path=/; Domain=npmjs.org
< CF-Ray: a44f5bfedf73f474-TIA
< CF-Cache-Status: HIT
< ETag: W/"9fa98eee83c15d53235f02c9ff72f0e4"
< Access-Control-Allow-Origin: *
< Cache-Control: public, max-age=300
< Last-Modified: Wed, 28 Jan 2026 07:06:49 GMT
< Server: cloudflare
< Vary: accept-encoding, accept
< Content-Encoding: br

< 200 OK
< Date: Sat, 03 Oct 2026 22:24:51 GMT
< Content-Type: application/vnd.npm.install-v1+json
< Transfer-Encoding: chunked
< Connection: keep-alive
< set-cookie: __cf_bm=SAkIw8kerH1GfHvont9w4ntghaosZKIdOnBnRX5lPvE-1791066291.0254133-1.0.1.1-pRShK7JJqEFsfBhf3cq6xc2pNH5mYLm8Bx6EDyoxJcpH9LN_m.NX2_GMI6Ew49jueALx.0EGuMkQ_ClfkkwFQxqDzXWYAgsm4ZfNk1E_XuZnQbL7Jr7PIuWPb1iQbZwZ; HttpOnly; SameSite=None; Secure; Path=/; Domain=npmjs.org; Expires=Sat, 03 Oct 2026 22:54:51 GMT
< set-cookie: _cfuvid=vSOzUeG.V6TyrBsYquO6IIL4Dc703ynnyb1lhKxzjyo-1791066291.0254133-1.0.1.1-WKFza7ZrxhR3ydYu3KNBQauD9EDJXKpx0XxPrFm00VM; HttpOnly; SameSite=None; Secure; Path=/; Domain=npmjs.org
< CF-Ray: a44f5bfee931a5b3-TIA
< CF-Cache-Status: HIT
< ETag: W/"1381c4af3336f0eb705c41af1648928f"
< Access-Control-Allow-Origin: *
< Cache-Control: public, max-age=300
< Last-Modified: Wed, 30 Sep 2026 15:23:02 GMT
< Server: cloudflare
< Vary: accept-encoding, accept
< Content-Encoding: br

[PackageManager] waiting for 198 tasks
    [439.22ms]
Downloaded @biomejs/cli-darwin-arm64 versions
> HTTP/1.1 GET https://registry.npmjs.org/@octokit%2fcore
> Accept: application/vnd.npm.install-v1+json; q=1.0, application/json; q=0.8, */*
> Connection: keep-alive
> User-Agent: Bun/1.3.9
> Host: registry.npmjs.org
> Accept-Encoding: gzip, deflate, br, zstd

< 200 OK
< Date: Sat, 03 Oct 2026 22:24:51 GMT
< Content-Type: application/vnd.npm.install-v1+json
< Transfer-Encoding: chunked
< Connection: keep-alive
< set-cookie: __cf_bm=tVlZdLwL8I4_1wI9OVFIc5ZVLpTnW0dRSKSahYaejTU-1791066291.0205781-1.0.1.1-WvO2U.wwenRL5er_LLCyhlJMbg9kdMU1bhhpsqDxxg0AaqpGAktMBxjK09TtsmwM7s73Qy53JtGwF.vrbNTpxz_wIc9jCHePb9KjujgbHEYGW1J4QQqzYJYmHvbxzrIp; HttpOnly; SameSite=None; Secure; Path=/; Domain=npmjs.org; Expires=Sat, 03 Oct 2026 22:54:51 GMT
< set-cookie: _cfuvid=vH87uRzz4QMMLya1.nzFzF96s.DzyVTDz7NCVhMVDaE-1791066291.0205781-1.0.1.1-KJd7pYn5XRU08tzXsid7aAg91Rv1v.dPFEh3GsIYKO0; HttpOnly; SameSite=None; Secure; Path=/; Domain=npmjs.org
< CF-Ray: a44f5bfee94451a4-TIA
< CF-Cache-Status: HIT
< ETag: W/"16c720ae4d0766e280a9e28fea17d6e1"
< Access-Control-Allow-Origin: *
< Cache-Control: public, max-age=300
< Last-Modified: Wed, 30 Sep 2026 15:26:49 GMT
< Server: cloudflare
< Vary: accept-encoding, accept
< Content-Encoding: br

< 200 OK
< Date: Sat, 03 Oct 2026 22:24:51 GMT
< Content-Type: application/vnd.npm.install-v1+json
< Transfer-Encoding: chunked
< Connection: keep-alive
< set-cookie: __cf_bm=.6y8TqpzIPma9mYlFD.usM6Xl4j3yWGDjvnAI92annA-1791066291.0206563-1.0.1.1-n.GtHqezlDdYt2G1p1Io3KQLN8cqK6qdrWHoNFJjMwtmlRjsGe.gM53AsPTwcgmZsaJILDCMdTYm3c6GbKTTUdohnYw15rhNgUj9EYS.0tCEmvHi8C00J2gYUr3HXmtZ; HttpOnly; SameSite=None; Secure; Path=/; Domain=npmjs.org; Expires=Sat, 03 Oct 2026 22:54:51 GMT
< set-cookie: _cfuvid=sKbHir_Ljf.1bupIE41I4Zc663UOFBNJ8Z0.GNpxGww-1791066291.0206563-1.0.1.1-QYLXU1RgXCMGLNBN3xPGn8hcLyrOMMlg7X.al6MoETE; HttpOnly; SameSite=None; Secure; Path=/; Domain=npmjs.org
< CF-Ray: a44f5bfeee87793f-TIA
< CF-Cache-Status: HIT
< ETag: W/"dd5447513493715c01f102e7eaa6e490"
< Access-Control-Allow-Origin: *
< Cache-Control: public, max-age=300
< Last-Modified: Wed, 30 Sep 2026 15:25:36 GMT
< Server: cloudflare
< Vary: accept-encoding, accept
< Content-Encoding: br

[PackageManager] waiting for 198 tasks
    [439.23ms]
Downloaded @biomejs/cli-linux-x64-musl versions
> HTTP/1.1 GET https://registry.npmjs.org/@octokit%2ftypes
> Accept: application/vnd.npm.install-v1+json; q=1.0, application/json; q=0.8, */*
> Connection: keep-alive
> User-Agent: Bun/1.3.9
> Host: registry.npmjs.org
> Accept-Encoding: gzip, deflate, br, zstd

[PackageManager] waiting for 198 tasks
   - "@biomejs/cli-darwin-arm64": "1.9.4" - @biomejs/cli-darwin-arm64@1.9.4
[PackageManager] waiting for 197 tasks
   - "@biomejs/cli-linux-x64-musl": "1.9.4" - @biomejs/cli-linux-x64-musl@1.9.4
[PackageManager] waiting for 196 tasks
    [444.53ms]
Downloaded @biomejs/cli-linux-arm64 versions
> HTTP/1.1 GET https://registry.npmjs.org/@octokit%2fauth-action
> Accept: application/vnd.npm.install-v1+json; q=1.0, application/json; q=0.8, */*
> Connection: keep-alive
> User-Agent: Bun/1.3.9
> Host: registry.npmjs.org
> Accept-Encoding: gzip, deflate, br, zstd

[PackageManager] waiting for 196 tasks
    [451.34ms]
Downloaded @resvg/resvg-js-win32-arm64-msvc versions
< 200 OK
< Date: Sat, 03 Oct 2026 22:24:51 GMT
< Content-Type: application/vnd.npm.install-v1+json
< Transfer-Encoding: chunked
< Connection: keep-alive
< set-cookie: __cf_bm=_lmDOGzrwype2H46JFHcsmNbi4W1F5m.pzCaCc_etIk-1791066291.025914-1.0.1.1-leCihY2RmfkxBU4rYZ2cTL7itwq.TSzrM13JQftBEiCYB4UkXnOWKQX1lKcdEoW9QLqbBWe9r97w5tS8fwH8o1g9ZMVQn0Ic7wB6gP04h33C95eAzf3aEPhDzM9x2xhD; HttpOnly; SameSite=None; Secure; Path=/; Domain=npmjs.org; Expires=Sat, 03 Oct 2026 22:54:51 GMT
< set-cookie: _cfuvid=QYgko1dvvVNKGjgrf2y6v9umaEoYFKzfRhDK1Mla8T4-1791066291.025914-1.0.1.1-sdV7Z9W4dIgRKQOzxrqdiUXN.beJxn7xRAtiaMTWPbU; HttpOnly; SameSite=None; Secure; Path=/; Domain=npmjs.org
< CF-Ray: a44f5bfee840bd99-TIA
< CF-Cache-Status: HIT
< ETag: W/"109d73e822b730ec7f06d6e5a40e6ce3"
< Access-Control-Allow-Origin: *
< Cache-Control: public, max-age=300
< Last-Modified: Fri, 07 Nov 2025 15:59:30 GMT
< Server: cloudflare
< Vary: accept-encoding, accept
< Content-Encoding: br

< 200 OK
< Date: Sat, 03 Oct 2026 22:24:51 GMT
< Content-Type: application/vnd.npm.install-v1+json
< Transfer-Encoding: chunked
< Connection: keep-alive
< set-cookie: __cf_bm=1jLUGssUvX4Gf3IQK_eEolXJSF6HwC9fcvmEDFUeYJA-1791066291.0258179-1.0.1.1-Qgi0Ski6_GtoYO.K.xd0UM331.JHtF.xt67v6KuSvYNEi.oX1Jnp.WDI3pJ340CRtU4uPBaW4QRa9mrlUMAUQnQ8ZUrT011WhP8PE9eq2HnRsNozJu4SOgFcFDCJ3bd0; HttpOnly; SameSite=None; Secure; Path=/; Domain=npmjs.org; Expires=Sat, 03 Oct 2026 22:54:51 GMT
< set-cookie: _cfuvid=4pm951AfKDw9N5dV.wnB3uUwDTS6JtBi0y5XvXn0KSA-1791066291.0258179-1.0.1.1-sYQbdvlZN4XNNO7EewoQip2IqEgQmBi3Rc.0AkzV9rg; HttpOnly; SameSite=None; Secure; Path=/; Domain=npmjs.org
< CF-Ray: a44f5bfeebeb9b00-TIA
< CF-Cache-Status: HIT
< ETag: W/"b8dc57b141f07327abf712eab049154b"
< Access-Control-Allow-Origin: *
< Cache-Control: public, max-age=300
< Last-Modified: Wed, 30 Sep 2026 15:24:32 GMT
< Server: cloudflare
< Vary: accept-encoding, accept
< Content-Encoding: br

> HTTP/1.1 GET https://registry.npmjs.org/@octokit%2fplugin-paginate-rest
> Accept: application/vnd.npm.install-v1+json; q=1.0, application/json; q=0.8, */*
> Connection: keep-alive
> User-Agent: Bun/1.3.9
> Host: registry.npmjs.org
> Accept-Encoding: gzip, deflate, br, zstd

[PackageManager] waiting for 196 tasks
   - "@resvg/resvg-js-win32-arm64-msvc": "2.6.2" - @resvg/resvg-js-win32-arm64-msvc@2.6.2
[PackageManager] waiting for 195 tasks
   - "@biomejs/cli-linux-arm64": "1.9.4" - @biomejs/cli-linux-arm64@1.9.4
[PackageManager] waiting for 194 tasks
    [449.97ms]
Downloaded @biomejs/cli-linux-x64 versions
> HTTP/1.1 GET https://registry.npmjs.org/@octokit%2fplugin-rest-endpoint-methods
> Accept: application/vnd.npm.install-v1+json; q=1.0, application/json; q=0.8, */*
> Connection: keep-alive
> User-Agent: Bun/1.3.9
> Host: registry.npmjs.org
> Accept-Encoding: gzip, deflate, br, zstd

[PackageManager] waiting for 194 tasks
    [445.11ms]
Downloaded @biomejs/cli-win32-arm64 versions
> HTTP/1.1 GET https://registry.npmjs.org/magic-string
> Accept: application/vnd.npm.install-v1+json; q=1.0, application/json; q=0.8, */*
> Connection: keep-alive
> User-Agent: Bun/1.3.9
> Host: registry.npmjs.org
> Accept-Encoding: gzip, deflate, br, zstd

[PackageManager] waiting for 194 tasks
   - "@biomejs/cli-linux-x64": "1.9.4" - @biomejs/cli-linux-x64@1.9.4
[PackageManager] waiting for 193 tasks
   - "@biomejs/cli-win32-arm64": "1.9.4" - @biomejs/cli-win32-arm64@1.9.4
[PackageManager] waiting for 192 tasks
    [451.17ms]
Downloaded @biomejs/cli-win32-x64 versions
> HTTP/1.1 GET https://registry.npmjs.org/load-tsconfig
> Accept: application/vnd.npm.install-v1+json; q=1.0, application/json; q=0.8, */*
> Connection: keep-alive
> User-Agent: Bun/1.3.9
> Host: registry.npmjs.org
> Accept-Encoding: gzip, deflate, br, zstd

[PackageManager] waiting for 192 tasks
    [451.27ms]
Downloaded @biomejs/cli-darwin-x64 versions
[PackageManager] waiting for 192 tasks
    [443.75ms]
Downloaded @flatten-js/interval-tree versions
> HTTP/1.1 GET https://registry.npmjs.org/fflate
> Accept: application/vnd.npm.install-v1+json; q=1.0, application/json; q=0.8, */*
> Connection: keep-alive
> User-Agent: Bun/1.3.9
> Host: registry.npmjs.org
> Accept-Encoding: gzip, deflate, br, zstd

> HTTP/1.1 GET https://registry.npmjs.org/iobuffer
> Accept: application/vnd.npm.install-v1+json; q=1.0, application/json; q=0.8, */*
> Connection: keep-alive
> User-Agent: Bun/1.3.9
> Host: registry.npmjs.org
> Accept-Encoding: gzip, deflate, br, zstd

[PackageManager] waiting for 192 tasks
   - "@flatten-js/interval-tree": "^2.0.0" - @flatten-js/interval-tree@2.0.3
[PackageManager] waiting for 191 tasks
   - "@biomejs/cli-darwin-x64": "1.9.4" - @biomejs/cli-darwin-x64@1.9.4
[PackageManager] waiting for 190 tasks
   - "@biomejs/cli-win32-x64": "1.9.4" - @biomejs/cli-win32-x64@1.9.4
[PackageManager] waiting for 189 tasks
    [447.58ms]
Downloaded @biomejs/cli-linux-arm64-musl versions
> HTTP/1.1 GET https://registry.npmjs.org/ansi-styles
> Accept: application/vnd.npm.install-v1+json; q=1.0, application/json; q=0.8, */*
> Connection: keep-alive
> User-Agent: Bun/1.3.9
> Host: registry.npmjs.org
> Accept-Encoding: gzip, deflate, br, zstd

[PackageManager] waiting for 189 tasks
   - "@biomejs/cli-linux-arm64-musl": "1.9.4" - @biomejs/cli-linux-arm64-musl@1.9.4
< 200 OK
< Date: Sat, 03 Oct 2026 22:24:51 GMT
< Content-Type: application/vnd.npm.install-v1+json
< Transfer-Encoding: chunked
< Connection: keep-alive
< set-cookie: __cf_bm=qsDppcnVLvS2hTgkWFWtBCb2U7ytAv.WFLRAQgbUOWk-1791066290.89015-1.0.1.1-KwrlHYyL.CawmqPfzCVmuid9hiJFSTCbx_2a0UDlBPGczNP49Lw.801x4rL0chLE6TZ3fxCoRf1M8Ku27k02_.S1z0tdFU_S0zJbiANsanqeDH4u6ThxeIJkW1sMfddw; HttpOnly; SameSite=None; Secure; Path=/; Domain=npmjs.org; Expires=Sat, 03 Oct 2026 22:54:51 GMT
< set-cookie: _cfuvid=OO5bx2QSrhNo2.89ISFHiybNB60ZfZl9ljexR5SSFVc-1791066290.89015-1.0.1.1-jIe3h31wqhLa6CIbQ_OyRMj_QkPmXNGMPIcFHpkKJRk; HttpOnly; SameSite=None; Secure; Path=/; Domain=npmjs.org
< CF-Ray: a44f5bfe0ec95f50-TIA
< CF-Cache-Status: HIT
< ETag: W/"6d29bfd1f11bbc2fe21e9606b86d6539"
< Access-Control-Allow-Origin: *
< Cache-Control: public, max-age=300
< Last-Modified: Fri, 02 Oct 2026 17:47:18 GMT
< Server: cloudflare
< Vary: accept-encoding, accept
< Content-Encoding: br

[PackageManager] waiting for 188 tasks
    [999.23ms] Downloaded @tscircuit/bga-fanout-solver tarball
> HTTP/1.1 GET https://registry.npmjs.org/deep-rename-keys
> Accept: application/vnd.npm.install-v1+json; q=1.0, application/json; q=0.8, */*
> Connection: keep-alive
> User-Agent: Bun/1.3.9
> Host: registry.npmjs.org
> Accept-Encoding: gzip, deflate, br, zstd

< 200 OK
< Date: Sat, 03 Oct 2026 22:24:51 GMT
< Content-Type: application/vnd.npm.install-v1+json
< Transfer-Encoding: chunked
< Connection: keep-alive
< set-cookie: __cf_bm=WTMK1oB8biHWHFavlar0XthaqFrCXoTLEqBxkR8dozg-1791066291.3217547-1.0.1.1-2GsEXTp1QQEHcnLUomKoO56_cQn2HE4Spx8HbXHnbCxH7Kwiipi400.EKk47tPNMHRRxwvUuH9sFa3BaW2zvGldAdF64Zc6oMWcJ1W9aZiOwpJUvPgXgvtCu0orYA0eu; HttpOnly; SameSite=None; Secure; Path=/; Domain=npmjs.org; Expires=Sat, 03 Oct 2026 22:54:51 GMT
< set-cookie: _cfuvid=r0UsoOxpGU0ToH_U6CuT1kpWt5WfDt4cjz2nKlXRX4A-1791066291.3217547-1.0.1.1-.8Njj77o6ube1cVrexY1NlAeP9lL3DZZAbiUd55QcBs; HttpOnly; SameSite=None; Secure; Path=/; Domain=npmjs.org
< CF-Ray: a44f5c00c92ef474-TIA
< CF-Cache-Status: HIT
< ETag: W/"68f406df7b86b5477d754b8dd1223e24"
< Access-Control-Allow-Origin: *
< Cache-Control: public, max-age=300
< Last-Modified: Wed, 14 May 2025 14:56:08 GMT
< Server: cloudflare
< Vary: accept-encoding, accept
< Content-Encoding: br

[PackageManager] waiting for 188 tasks
> HTTP/1.1 GET https://registry.npmjs.org/xml-reader
> Accept: application/vnd.npm.install-v1+json; q=1.0, application/json; q=0.8, */*
> Connection: keep-alive
> User-Agent: Bun/1.3.9
> Host: registry.npmjs.org
> Accept-Encoding: gzip, deflate, br, zstd

    [286.74ms]
Downloaded parseurl versions
[PackageManager] waiting for 188 tasks
   - "parseurl": "~1.3.3" - parseurl@1.3.3
< 200 OK
< Date: Sat, 03 Oct 2026 22:24:51 GMT
< Content-Type: application/vnd.npm.install-v1+json
< Transfer-Encoding: chunked
< Connection: keep-alive
< set-cookie: __cf_bm=lBHYJVTvtiZ13Di5fHgflUdlOeql44PuEynds0PwYy0-1791066291.3217123-1.0.1.1-wZI_mpj6yOlCd1NU5ii5RhsOGD8gsUcu7ePL0ozqTJ8VTMHgKZZTJNoW0YzedEIyPmgNvUY48KHUcQ4g6y.iqPgI5SFGLS9i7fDiYvvbPEDC2aklxLAM2Ndma2aHzIGe; HttpOnly; SameSite=None; Secure; Path=/; Domain=npmjs.org; Expires=Sat, 03 Oct 2026 22:54:51 GMT
< set-cookie: _cfuvid=xdA5hDb80qkk1GZAJvJEJBRwwkjNbpdUNa.P.5Sj_Tg-1791066291.3217123-1.0.1.1-U043F.17SSTgdfhcRik5CNPar6jNbi9kpnKDPhKsw3w; HttpOnly; SameSite=None; Secure; Path=/; Domain=npmjs.org
< CF-Ray: a44f5c00c97f5f50-TIA
< CF-Cache-Status: HIT
< ETag: W/"caac32fbfd791a5b0edd9fd2cfc781ae"
< Access-Control-Allow-Origin: *
< Cache-Control: public, max-age=300
< Last-Modified: Thu, 18 Aug 2022 03:47:28 GMT
< Server: cloudflare
< Vary: accept-encoding, accept
< Content-Encoding: br

[PackageManager] waiting for 187 tasks
    [284.84ms]
Downloaded redaxios versions
> HTTP/1.1 GET https://registry.npmjs.org/lilconfig
> Accept: application/vnd.npm.install-v1+json; q=1.0, application/json; q=0.8, */*
> Connection: keep-alive
> User-Agent: Bun/1.3.9
> Host: registry.npmjs.org
> Accept-Encoding: gzip, deflate, br, zstd

< 200 OK
< Date: Sat, 03 Oct 2026 22:24:51 GMT
< Content-Type: application/vnd.npm.install-v1+json
< Transfer-Encoding: chunked
< Connection: keep-alive
< set-cookie: __cf_bm=K66dv8AMBwe2kav.ALcEI07i_ZcxniWxx.733Zy16.8-1791066291.3217049-1.0.1.1-LVzwa1fWnzApiAK_Wy4DAEuVVCyKtfqRJKGXgKfjQ1icgcC0pzzAGr3CRR77iF.rQWlEmBuOVNzkgZR4Kh7W5.0_ghMHzItcCWkfOLuW4V8hyNN.ZscsKR5gjo1oqCI.; HttpOnly; SameSite=None; Secure; Path=/; Domain=npmjs.org; Expires=Sat, 03 Oct 2026 22:54:51 GMT
< set-cookie: _cfuvid=auZGdeAooBvfLSgz7_sHG20m3uuzt8KB0wzSV6.uTh4-1791066291.3217049-1.0.1.1-l_ZE7pwkZ1QH4TUJ0mlpUF9LJK.XEznBljYYsH7Vui8; HttpOnly; SameSite=None; Secure; Path=/; Domain=npmjs.org
< CF-Ray: a44f5c00cfe17c08-TIA
< CF-Cache-Status: HIT
< ETag: W/"02ba0b41513c14e83edf38859692fba5"
< Access-Control-Allow-Origin: *
< Cache-Control: public, max-age=300
< Last-Modified: Tue, 28 Jun 2022 07:26:55 GMT
< Server: cloudflare
< Vary: accept-encoding, accept
< Content-Encoding: br

[PackageManager] waiting for 187 tasks
   - "redaxios": "^0.5.1" - redaxios@0.5.1
[PackageManager] waiting for 186 tasks
> HTTP/1.1 GET https://registry.npmjs.org/proc-log
> Accept: application/vnd.npm.install-v1+json; q=1.0, application/json; q=0.8, */*
> Connection: keep-alive
> User-Agent: Bun/1.3.9
> Host: registry.npmjs.org
> Accept-Encoding: gzip, deflate, br, zstd

    [288.71ms]
Downloaded utils-merge versions
[PackageManager] waiting for 186 tasks
   - "utils-merge": "1.0.1" - utils-merge@1.0.1
< 200 OK
< Date: Sat, 03 Oct 2026 22:24:51 GMT
< Content-Type: application/vnd.npm.install-v1+json
< Transfer-Encoding: chunked
< Connection: keep-alive
< set-cookie: __cf_bm=PLEUoFB45e6yRKcqQOpYT0T2DPPBzrkM6FuulDI1z3g-1791066291.327156-1.0.1.1-1iWMS4jp7IUKOX8GZ5_jzDWRKZaXmpmkMMj02Qs6sOZLA0g6YVhqVc9spgRAsckDMjMrGyAUfZPb7urOt2W7y0eTkpEBIycrAfWUDO_O6yoE4yfQVz21ojhfqNxJD5Bo; HttpOnly; SameSite=None; Secure; Path=/; Domain=npmjs.org; Expires=Sat, 03 Oct 2026 22:54:51 GMT
< set-cookie: _cfuvid=7ug0aTUBvwhriMbRFZMOUMLH4YCfh7tWgCWmKRLFt_k-1791066291.327156-1.0.1.1-XP9FjeplNuEcefIBF.Oo_3pLMwY7FhvRUrzwWDk.HVQ; HttpOnly; SameSite=None; Secure; Path=/; Domain=npmjs.org
< CF-Ray: a44f5c00c937f474-TIA
< CF-Cache-Status: HIT
< ETag: W/"4df8658c88838a5bdc9e719422dbc0f1"
< Access-Control-Allow-Origin: *
< Cache-Control: public, max-age=300
< Last-Modified: Sat, 14 Jan 2023 04:36:55 GMT
< Server: cloudflare
< Vary: accept-encoding, accept
< Content-Encoding: br

< 200 OK
< Date: Sat, 03 Oct 2026 22:24:51 GMT
< Content-Type: application/vnd.npm.install-v1+json
< Transfer-Encoding: chunked
< Connection: keep-alive
< set-cookie: __cf_bm=QVK84DNqnXa2dU_R6C7nxay04gNmNbcyJoYYKj2A8Dw-1791066291.3274097-1.0.1.1-p8VEz_BtvYFRqbMF8IF84qnh9sf1gvr0.TJj8rONFt.cb5HxxjWj9QvlMgqGW1iOt5STx20hl4egMl7iRsYROFM6.dQXkod_r6F861_nwowz7MJ.2inil410JZVHZqOA; HttpOnly; SameSite=None; Secure; Path=/; Domain=npmjs.org; Expires=Sat, 03 Oct 2026 22:54:51 GMT
< set-cookie: _cfuvid=bu4.Kt596XUnkgul26sBTl3WjsuhWd9SMrbNhw8wW6o-1791066291.3274097-1.0.1.1-MA.BaEhh_wBEYLs1172z8WdZ8BskGxAAFMH7jSapTxg; HttpOnly; SameSite=None; Secure; Path=/; Domain=npmjs.org
< CF-Ray: a44f5c00c98b5f50-TIA
< CF-Cache-Status: HIT
< ETag: W/"3802f79c4846c0e60aa718823ad2666c"
< Access-Control-Allow-Origin: *
< Cache-Control: public, max-age=300
< Last-Modified: Thu, 22 Jun 2023 16:31:55 GMT
< Server: cloudflare
< Vary: accept-encoding, accept
< Content-Encoding: br

[PackageManager] waiting for 185 tasks
    [198.65ms]
Downloaded fast-json-stable-stringify versions
> HTTP/1.1 GET https://registry.npmjs.org/hosted-git-info
> Accept: application/vnd.npm.install-v1+json; q=1.0, application/json; q=0.8, */*
> Connection: keep-alive
> User-Agent: Bun/1.3.9
> Host: registry.npmjs.org
> Accept-Encoding: gzip, deflate, br, zstd

[PackageManager] waiting for 185 tasks
   - "fast-json-stable-stringify": "^2.1.0" - fast-json-stable-stringify@2.1.0
[PackageManager] waiting for 184 tasks
    [201.15ms]
Downloaded object-hash versions
> HTTP/1.1 GET https://registry.npmjs.org/@esbuild%2faix-ppc64
> Accept: application/vnd.npm.install-v1+json; q=1.0, application/json; q=0.8, */*
> Connection: keep-alive
> User-Agent: Bun/1.3.9
> Host: registry.npmjs.org
> Accept-Encoding: gzip, deflate, br, zstd

< 200 OK
< Date: Sat, 03 Oct 2026 22:24:51 GMT
< Content-Type: application/vnd.npm.install-v1+json
< Transfer-Encoding: chunked
< Connection: keep-alive
< set-cookie: __cf_bm=W4KEod9qvU.3uR2eCqYzUq_SwpJpbcTA9Ur60GqXMNU-1791066291.3270953-1.0.1.1-0BWFw2T0jPnvs.LK1ltFrHqo1ZM6DDTFhpwEjiZumhVFNdPq5GFySY8OvYObPo2d7yRz00fMxGZ5Y.BPYhh1Pvn0qWt2Ohl2b.iQE61_feROtDA6z_w.zQh3mnn4a9nY; HttpOnly; SameSite=None; Secure; Path=/; Domain=npmjs.org; Expires=Sat, 03 Oct 2026 22:54:51 GMT
< set-cookie: _cfuvid=BMapBaWA9WHYy1KNoyytVC0pXHUFx9Rou913qjBDX10-1791066291.3270953-1.0.1.1-CoQkyidSrM1m9pAp7EA11qFg4OH0kcA4wZmYMH.lSeU; HttpOnly; SameSite=None; Secure; Path=/; Domain=npmjs.org
< CF-Ray: a44f5c00cda79b00-TIA
< CF-Cache-Status: HIT
< ETag: W/"5ce476baa56596f62a964df39ca17627"
< Access-Control-Allow-Origin: *
< Cache-Control: public, max-age=300
< Last-Modified: Mon, 17 Nov 2025 11:42:28 GMT
< Server: cloudflare
< Vary: accept-encoding, accept
< Content-Encoding: br

< 200 OK
< Date: Sat, 03 Oct 2026 22:24:51 GMT
< Content-Type: application/vnd.npm.install-v1+json
< Transfer-Encoding: chunked
< Connection: keep-alive
< set-cookie: __cf_bm=X9JcyhvnnfeqVRT0SQshpj0RQtLuQi_9Xh91GlSn37Q-1791066291.333133-1.0.1.1-dTen3jXoHMcJHSEjLexbxlOA5XxKz9e9QIDoBti4fZUWlPRMOaSXYnaM4HtTzK3wMm_HUu_TIaNGzKwpDUCFLlTbFPanSzvbrxFE_Ob8g82aolpc_lrCUbbDIoBwb5lw; HttpOnly; SameSite=None; Secure; Path=/; Domain=npmjs.org; Expires=Sat, 03 Oct 2026 22:54:51 GMT
< set-cookie: _cfuvid=gDDbWxY4mQj2o9fN6qvTfUZQbFSqMiwlfWVM8FVM6jk-1791066291.333133-1.0.1.1-usOBzrmTPMJj2jE93.QyJwdVMA.3zGSjOVRicGhwbms; HttpOnly; SameSite=None; Secure; Path=/; Domain=npmjs.org
< CF-Ray: a44f5c00d93ff474-TIA
< CF-Cache-Status: HIT
< ETag: W/"fba425c6bbd9436734cf8a695623e350"
< Access-Control-Allow-Origin: *
< Cache-Control: public, max-age=300
< Last-Modified: Thu, 22 Jun 2023 16:32:12 GMT
< Server: cloudflare
< Vary: accept-encoding, accept
< Content-Encoding: br

[PackageManager] waiting for 184 tasks
   - "object-hash": "^3.0.0" - object-hash@3.0.0
< 200 OK
< Date: Sat, 03 Oct 2026 22:24:51 GMT
< Content-Type: application/vnd.npm.install-v1+json
< Transfer-Encoding: chunked
< Connection: keep-alive
< set-cookie: __cf_bm=GKBG2acS.6V.Di5uOxTxA1nHPX2Z_o9u016dcHrw.RA-1791066291.3330178-1.0.1.1-e.3VliHojlyNYdCUJ1qSlkZWFnWx9FqG_RDEFY5oaelvO.U9tdYOGyqfMmyX6G7N8ExGKcP.93iYdu.yHPc8pzhjPep9XCEB.txCVpKZsSeOmxhrHkUVCLi_SouP8uba; HttpOnly; SameSite=None; Secure; Path=/; Domain=npmjs.org; Expires=Sat, 03 Oct 2026 22:54:51 GMT
< set-cookie: _cfuvid=QFzhHNI0.qpOuLUEb.aqfCm3cFbYgn2JH8a1P9sJRXc-1791066291.3330178-1.0.1.1-HzXyy4NNTn0MW6BJpA4a_YxSwARm2mVt8pg9T1cg.YU; HttpOnly; SameSite=None; Secure; Path=/; Domain=npmjs.org
< CF-Ray: a44f5c00ddb49b00-TIA
< CF-Cache-Status: HIT
< ETag: W/"1284aa7387f786a2cbc237549c41057a"
< Access-Control-Allow-Origin: *
< Cache-Control: public, max-age=300
< Last-Modified: Wed, 18 Sep 2024 05:27:39 GMT
< Server: cloudflare
< Vary: accept-encoding, accept
< Content-Encoding: br

< 200 OK
< Date: Sat, 03 Oct 2026 22:24:51 GMT
< Content-Type: application/vnd.npm.install-v1+json
< Transfer-Encoding: chunked
< Connection: keep-alive
< set-cookie: __cf_bm=dqegsirMGjICpG7cWqp8VwHLNZ2FP6fFeKdvJJ5NM5s-1791066291.3331225-1.0.1.1-IrUZBixgvl34ffAVHxorjDg.yX0tY_iYMjXhDNdgOzzDNKsCSC5cDMeEV2DpVNbDoJF7he3_MH7rrCvZXp1_bJGv0xm74RRk4c_hvIYeTKAfK0T62Mlii09wZrga6bkZ; HttpOnly; SameSite=None; Secure; Path=/; Domain=npmjs.org; Expires=Sat, 03 Oct 2026 22:54:51 GMT
< set-cookie: _cfuvid=eOhyYrGAKKdkpCXsY8L6AKlf6U9O_ZEq56TxIZd9aW4-1791066291.3331225-1.0.1.1-56_JJfwFEXRtwkJZ59G16wKalEGaUa4bChqwMcMdJgY; HttpOnly; SameSite=None; Secure; Path=/; Domain=npmjs.org
< CF-Ray: a44f5c00da20bd99-TIA
< CF-Cache-Status: HIT
< ETag: W/"66c20caee799ea88065ef201940ab2e9"
< Access-Control-Allow-Origin: *
< Cache-Control: public, max-age=300
< Last-Modified: Wed, 14 May 2025 14:56:13 GMT
< Server: cloudflare
< Vary: accept-encoding, accept
< Content-Encoding: br

< 200 OK
< Date: Sat, 03 Oct 2026 22:24:51 GMT
< Content-Type: application/vnd.npm.install-v1+json
< Transfer-Encoding: chunked
< Connection: keep-alive
< set-cookie: __cf_bm=jLVigD8xAEg5c__a2BnE.qbfrgcVjfhLov3glhiflN0-1791066291.3329737-1.0.1.1-QiewZVON7Tw5pTxFp922YaM5Xsi6ujHMz9Jnn7B2TkzOOYwOkEE_PeEJCyhQAE.2XGlBTMoMFTcMzlHgQRbZh90.yZtyn7N7shLN5ZgC5DppgExf3Xh.B1zWlZ6QdjsC; HttpOnly; SameSite=None; Secure; Path=/; Domain=npmjs.org; Expires=Sat, 03 Oct 2026 22:54:51 GMT
< set-cookie: _cfuvid=.Kx0Q.xb0ulmDPADRYu1j.Q_qFTZLrE7uBd5.kq6Hzk-1791066291.3329737-1.0.1.1-EZpd5edC7ptTKWdUcNP0LPiph.jBjn5i9Ufd70ZE3Yw; HttpOnly; SameSite=None; Secure; Path=/; Domain=npmjs.org
< CF-Ray: a44f5c00d99f5f50-TIA
< CF-Cache-Status: HIT
< ETag: W/"58b29b212de639f7450a6a1ea8fd9fda"
< Access-Control-Allow-Origin: *
< Cache-Control: public, max-age=300
< Last-Modified: Wed, 21 Sep 2022 18:58:23 GMT
< Server: cloudflare
< Vary: accept-encoding, accept
< Content-Encoding: br

[PackageManager] waiting for 183 tasks
    [202.94ms]
Downloaded apache-md5 versions
> HTTP/1.1 GET https://registry.npmjs.org/@esbuild%2flinux-arm
> Accept: application/vnd.npm.install-v1+json; q=1.0, application/json; q=0.8, */*
> Connection: keep-alive
> User-Agent: Bun/1.3.9
> Host: registry.npmjs.org
> Accept-Encoding: gzip, deflate, br, zstd

[PackageManager] waiting for 183 tasks
   - "apache-md5": "^1.0.6" - apache-md5@1.1.8
[PackageManager] waiting for 182 tasks
    [202.64ms]
Downloaded accepts versions
[PackageManager] waiting for 182 tasks
    [201.82ms]
Downloaded glob-parent versions
< 200 OK
< Date: Sat, 03 Oct 2026 22:24:51 GMT
< Content-Type: application/vnd.npm.install-v1+json
< Transfer-Encoding: chunked
< Connection: keep-alive
< set-cookie: __cf_bm=NDIXhEgz.g2qo53YpG4BTUOTpBZ3kuvlNil_0Ai3.gs-1791066291.3331134-1.0.1.1-PY2zMeVgpo_plcYUmvNGDQ8xMdyzp.oTSYa2WNNoMkzBr0PkfQRH9lu.3bo2zQniDvC3xBumzbuuvtLB5UKpKdu_cSGuPHhbiC_K2oG_rwmAMbyphKyUoTZQqm3Lctzl; HttpOnly; SameSite=None; Secure; Path=/; Domain=npmjs.org; Expires=Sat, 03 Oct 2026 22:54:51 GMT
< set-cookie: _cfuvid=BZz9qe0D2CYnJbkI1qZuNIffmSRe1LwC7VQa57QCRwU-1791066291.3331134-1.0.1.1-v2AWlcLmLkeWGWmvhNoe.fYcQ1k4Y0NE5SLxTAC_1Qw; HttpOnly; SameSite=None; Secure; Path=/; Domain=npmjs.org
< CF-Ray: a44f5c00dff07c08-TIA
< CF-Cache-Status: HIT
< ETag: W/"941cd91f8ef4b615d6ab61d2873f91f9"
< Access-Control-Allow-Origin: *
< Cache-Control: public, max-age=300
< Last-Modified: Thu, 06 Aug 2026 06:26:40 GMT
< Server: cloudflare
< Vary: accept-encoding, accept
< Content-Encoding: br

< 200 OK
< Date: Sat, 03 Oct 2026 22:24:51 GMT
< Content-Type: application/vnd.npm.install-v1+json
< Transfer-Encoding: chunked
< Connection: keep-alive
< set-cookie: __cf_bm=E_uJeZIc6_3OOpYOsEf9USOd7Qu9imm8Oe8mKhhr3N8-1791066291.333046-1.0.1.1-qqP0Rmh8RFJFsp2iLNrnKLtpcK05eR7v2LRDfS_A9Oy2_aqWLTUn4FvZv9gCSVSTc8BR7rY8t77MEEtAkxV3dq2723s0syE3pzQbfIt3ukCiKbRdgREnF6oHiRyAtVe1; HttpOnly; SameSite=None; Secure; Path=/; Domain=npmjs.org; Expires=Sat, 03 Oct 2026 22:54:51 GMT
< set-cookie: _cfuvid=Hzy0bXaByfd8Eom58NxINwqODIWN1aU8CUdt7OnGGxs-1791066291.333046-1.0.1.1-xNnWqBasbI_Y8Ft5WQFYtOJPEdTaBPl4JR53Zs2TVqI; HttpOnly; SameSite=None; Secure; Path=/; Domain=npmjs.org
< CF-Ray: a44f5c00da1fbd99-TIA
< CF-Cache-Status: HIT
< ETag: W/"49c9cc449999124e2e62bd4e6aa7a615"
< Access-Control-Allow-Origin: *
< Cache-Control: public, max-age=300
< Last-Modified: Fri, 24 Apr 2026 23:30:19 GMT
< Server: cloudflare
< Vary: accept-encoding, accept
< Content-Encoding: br

[PackageManager] waiting for 182 tasks
< 200 OK
< Date: Sat, 03 Oct 2026 22:24:51 GMT
< Content-Type: application/vnd.npm.install-v1+json
< Transfer-Encoding: chunked
< Connection: keep-alive
< set-cookie: __cf_bm=EcI7IsAlQUcr7X24d0oTI0EkJ_mH2htuN5LSQTK1T6c-1791066291.3332016-1.0.1.1-KGoLMKXJKvj9I9l3KNouUfRDOs7sGwLZYdvSOMlMGy6vwujL5R8SsAh.VYeIHvNgf3s6hSZ1OcrvBhTNp2dCclePgxWvvV0Zd9is.iOMe5MVKpGqF.v3_BxIvHctrPFd; HttpOnly; SameSite=None; Secure; Path=/; Domain=npmjs.org; Expires=Sat, 03 Oct 2026 22:54:51 GMT
< set-cookie: _cfuvid=ndF7HoFO3XYXA9cmrar3ELsjT6opBlcpj.qAA8.whgA-1791066291.3332016-1.0.1.1-toSon_4ft6wsiAmMhygIfgdQeY.oGPCoz4lXeAM_87Q; HttpOnly; SameSite=None; Secure; Path=/; Domain=npmjs.org
< CF-Ray: a44f5c00ddb79b00-TIA
< CF-Cache-Status: HIT
< ETag: W/"3b0e0c8f5cf970d2348bde6e321b5931"
< Access-Control-Allow-Origin: *
< Cache-Control: public, max-age=300
< Last-Modified: Thu, 22 Jun 2023 16:32:27 GMT
< Server: cloudflare
< Vary: accept-encoding, accept
< Content-Encoding: br

   - "glob-parent": "^3.1.0" - glob-parent@3.1.0
   - "glob-parent": "~5.1.2" - glob-parent@5.1.2
Enqueue package manifest for download: path-dirname
[PackageManager] waiting for 182 tasks
    [202.75ms]
Downloaded is-glob versions
> HTTP/1.1 GET https://registry.npmjs.org/@esbuild%2flinux-x64
> Accept: application/vnd.npm.install-v1+json; q=1.0, application/json; q=0.8, */*
> Connection: keep-alive
> User-Agent: Bun/1.3.9
> Host: registry.npmjs.org
> Accept-Encoding: gzip, deflate, br, zstd

   - "accepts": "~1.3.8" - accepts@1.3.8
Enqueue package manifest for download: negotiator
[PackageManager] waiting for 182 tasks
> HTTP/1.1 GET https://registry.npmjs.org/@esbuild%2fsunos-x64
> Accept: application/vnd.npm.install-v1+json; q=1.0, application/json; q=0.8, */*
> Connection: keep-alive
> User-Agent: Bun/1.3.9
> Host: registry.npmjs.org
> Accept-Encoding: gzip, deflate, br, zstd

> HTTP/1.1 GET https://registry.npmjs.org/@esbuild%2fwin32-x64
> Accept: application/vnd.npm.install-v1+json; q=1.0, application/json; q=0.8, */*
> Connection: keep-alive
> User-Agent: Bun/1.3.9
> Host: registry.npmjs.org
> Accept-Encoding: gzip, deflate, br, zstd

[PackageManager] waiting for 182 tasks
   - "is-glob": "^4.0.0" - is-glob@4.0.3
   - "is-glob": "^3.1.0" - is-glob@3.1.0
Enqueue package manifest for download: is-extglob
[PackageManager] waiting for 182 tasks
    [207.64ms]
Downloaded csstype versions
< 200 OK
< Date: Sat, 03 Oct 2026 22:24:51 GMT
< Content-Type: application/vnd.npm.install-v1+json
< Transfer-Encoding: chunked
< Connection: keep-alive
< set-cookie: __cf_bm=d7_Sw04zlWT87wp7OLCTt4vAWq9Z.aX_xVoLgS.gjSU-1791066291.3332505-1.0.1.1-XpKwelHiGeRkFMLM7ME0aacC30JZDRigNYS0niTyFfauFajBffFiguT9iPB3OnwB4t_WM42MZdTg.Vg196G5HqhwPcxPAF.6evTsEPdaHiQcfrfTjAsPUghhk3wkl7pc; HttpOnly; SameSite=None; Secure; Path=/; Domain=npmjs.org; Expires=Sat, 03 Oct 2026 22:54:51 GMT
< set-cookie: _cfuvid=WIQuIbIOW8XxpHlbjSL2yCQWxbWdig07nFS_FANFqGY-1791066291.3332505-1.0.1.1-LbxKKzRD5IM91IfGBXW.Cqbqk5L0LACIJZLfVGzSKp4; HttpOnly; SameSite=None; Secure; Path=/; Domain=npmjs.org
< CF-Ray: a44f5c00dff27c08-TIA
< CF-Cache-Status: HIT
< ETag: W/"c5b313dab7bdcdc17719ca844cffd1eb"
< Access-Control-Allow-Origin: *
< Cache-Control: public, max-age=300
< Last-Modified: Mon, 13 Jun 2022 04:23:36 GMT
< Server: cloudflare
< Vary: accept-encoding, accept
< Content-Encoding: br

[PackageManager] waiting for 182 tasks
< 200 OK
< Date: Sat, 03 Oct 2026 22:24:51 GMT
< Content-Type: application/vnd.npm.install-v1+json
< Transfer-Encoding: chunked
< Connection: keep-alive
< set-cookie: __cf_bm=r2cP7h0rVGO5Z1sj7gwWbYcPNgPzuQ0CjqKmn3eiFNM-1791066291.3331823-1.0.1.1-nEu96tY3zzlvZjRazQBMVMlXOOKLgimdV9vRmDiVUbCEplKiYLfP.krgvUdyHObeVLu8sNT7JPO6FPQk74SZvo__pKN2OY8EyZ4Ng420tUK0f6mymUrAwH.7CuM8VkQ7; HttpOnly; SameSite=None; Secure; Path=/; Domain=npmjs.org; Expires=Sat, 03 Oct 2026 22:54:51 GMT
< set-cookie: _cfuvid=32HUCuHkH.rlPiJS5sGZhdWAEwgvsh_5RUagDCV_p0Q-1791066291.3331823-1.0.1.1-Kx.SDodh617QbzJezc.VdapWlUkxZmcETgDbfdQ2HXU; HttpOnly; SameSite=None; Secure; Path=/; Domain=npmjs.org
< CF-Ray: a44f5c00ddb69b00-TIA
< CF-Cache-Status: HIT
< ETag: W/"34f7fef7ed9d67839012067c9dd41bcb"
< Access-Control-Allow-Origin: *
< Cache-Control: public, max-age=300
< Last-Modified: Sat, 04 Feb 2023 06:18:22 GMT
< Server: cloudflare
< Vary: accept-encoding, accept
< Content-Encoding: br

    [203.10ms]
Downloaded batch versions
[PackageManager] waiting for 182 tasks
    [202.35ms]
Downloaded async-each versions
< 200 OK
< Date: Sat, 03 Oct 2026 22:24:51 GMT
< Content-Type: application/vnd.npm.install-v1+json
< Transfer-Encoding: chunked
< Connection: keep-alive
< set-cookie: __cf_bm=FZW5iDk0NB6tHW2MqHsZKALvitJiAKaGyZJdoGCwEUs-1791066291.336274-1.0.1.1-Pug3Q14O5rRSuKsVZXzPaPyEHvX6bb55P29n0kfd9oehVB3NA5eWfqtipn40rOpBMKBfxqbBvnRF6Ur58UXHIMWwT3okTeWz3fJz.kg_ugmkyCwjVtbpR_ab1fdhJO7o; HttpOnly; SameSite=None; Secure; Path=/; Domain=npmjs.org; Expires=Sat, 03 Oct 2026 22:54:51 GMT
< set-cookie: _cfuvid=6zieEXLUW8i11KuMuG3ovnVln8.FY4tj602NaIKwllY-1791066291.336274-1.0.1.1-_vxVDJaSVQ1Nw00jsrSFy61t4n48US55zYikaldLfEU; HttpOnly; SameSite=None; Secure; Path=/; Domain=npmjs.org
< CF-Ray: a44f5c00d944f474-TIA
< CF-Cache-Status: HIT
< ETag: W/"f0279b3718b7bec6f2c25eae17c9892d"
< Access-Control-Allow-Origin: *
< Cache-Control: public, max-age=300
< Last-Modified: Tue, 30 Apr 2024 16:50:27 GMT
< Server: cloudflare
< Vary: accept-encoding, accept
< Content-Encoding: br

[PackageManager] waiting for 182 tasks
< 200 OK
< Date: Sat, 03 Oct 2026 22:24:51 GMT
< Content-Type: application/vnd.npm.install-v1+json
< Transfer-Encoding: chunked
< Connection: keep-alive
< set-cookie: __cf_bm=WI8fyFzAIYF1hApqB9zhTQPatLIgNq.e17Au6LDOeuQ-1791066291.3331835-1.0.1.1-rsEAe0uK3owmitLsIvl0WBhrD7fzpbx2RJhp22_xBWDA6b71tp1_AakTyTh2R79C1AfYVD3HzSpu8HJDw8CqZX7xDkarRyrbuoIZW_6eWhjukjCEBG1RI.SUKNm.O8v8; HttpOnly; SameSite=None; Secure; Path=/; Domain=npmjs.org; Expires=Sat, 03 Oct 2026 22:54:51 GMT
< set-cookie: _cfuvid=gu0O08IPM3wBnlEb2_9zZ5WK_oS_djRQF1ZZn.cfNcQ-1791066291.3331835-1.0.1.1-MDN3JYBLmsurMVnolz6gLRRIa2euUyR7IES03RnG160; HttpOnly; SameSite=None; Secure; Path=/; Domain=npmjs.org
< CF-Ray: a44f5c00da1ebd99-TIA
< CF-Cache-Status: HIT
< ETag: W/"7d3e26c2828f95f794cf9e6948e1c4a2"
< Access-Control-Allow-Origin: *
< Cache-Control: public, max-age=300
< Last-Modified: Sun, 05 Jul 2026 21:25:33 GMT
< Server: cloudflare
< Vary: accept-encoding, accept
< Content-Encoding: br

    [199.20ms]
Downloaded is-binary-path versions
> HTTP/1.1 GET https://registry.npmjs.org/@esbuild%2fdarwin-x64
> Accept: application/vnd.npm.install-v1+json; q=1.0, application/json; q=0.8, */*
> Connection: keep-alive
> User-Agent: Bun/1.3.9
> Host: registry.npmjs.org
> Accept-Encoding: gzip, deflate, br, zstd

> HTTP/1.1 GET https://registry.npmjs.org/@esbuild%2flinux-ia32
> Accept: application/vnd.npm.install-v1+json; q=1.0, application/json; q=0.8, */*
> Connection: keep-alive
> User-Agent: Bun/1.3.9
> Host: registry.npmjs.org
> Accept-Encoding: gzip, deflate, br, zstd

> HTTP/1.1 GET https://registry.npmjs.org/@esbuild%2fnetbsd-x64
> Accept: application/vnd.npm.install-v1+json; q=1.0, application/json; q=0.8, */*
> Connection: keep-alive
> User-Agent: Bun/1.3.9
> Host: registry.npmjs.org
> Accept-Encoding: gzip, deflate, br, zstd

> HTTP/1.1 GET https://registry.npmjs.org/@esbuild%2fwin32-ia32
> Accept: application/vnd.npm.install-v1+json; q=1.0, application/json; q=0.8, */*
> Connection: keep-alive
> User-Agent: Bun/1.3.9
> Host: registry.npmjs.org
> Accept-Encoding: gzip, deflate, br, zstd

[PackageManager] waiting for 182 tasks
   - "async-each": "^1.0.1" - async-each@1.0.6
   - "batch": "0.6.1" - batch@0.6.1
   - "is-binary-path": "^1.0.0" - is-binary-path@1.0.1
   - "is-binary-path": "~2.1.0" - is-binary-path@2.1.0
Enqueue package manifest for download: binary-extensions
[PackageManager] waiting for 180 tasks
[PackageManager] waiting for 180 tasks
    [204.12ms]
Downloaded bcryptjs versions
< 200 OK
< Date: Sat, 03 Oct 2026 22:24:51 GMT
< Content-Type: application/vnd.npm.install-v1+json
< Transfer-Encoding: chunked
< Connection: keep-alive
< set-cookie: __cf_bm=gyFkOWNU70TDAg3gYhRjBerZCKl4GTfNAOCcZ03d9CI-1791066291.333643-1.0.1.1-pB4jtkgHV0bLWp5zorLlyxeyS.2y60UbYk3i2A6.XlHNxTI6Api9qAwrbFChnl3NElSm66Z_lUKBcwMzRX_Lsm637N0bjm7qV2TaoMVCulLhVhWVkSx8RgA45YzcT16o; HttpOnly; SameSite=None; Secure; Path=/; Domain=npmjs.org; Expires=Sat, 03 Oct 2026 22:54:51 GMT
< set-cookie: _cfuvid=Jn0_nRrCY.yvsSZllY_ozojfhBV79SW_cuSd4dY_33A-1791066291.333643-1.0.1.1-d.uI7yk3KK9GeFcscVi3w.WGCfkLWEsrmqB1vclIUq8; HttpOnly; SameSite=None; Secure; Path=/; Domain=npmjs.org
< CF-Ray: a44f5c00ddb89b00-TIA
< CF-Cache-Status: HIT
< ETag: W/"68b54b3d8efc29464fe68f7fd6919419"
< Access-Control-Allow-Origin: *
< Cache-Control: public, max-age=300
< Last-Modified: Fri, 09 Jun 2023 21:33:14 GMT
< Server: cloudflare
< Vary: accept-encoding, accept
< Content-Encoding: br

> HTTP/1.1 GET https://registry.npmjs.org/@esbuild%2fandroid-arm
> Accept: application/vnd.npm.install-v1+json; q=1.0, application/json; q=0.8, */*
> Connection: keep-alive
> User-Agent: Bun/1.3.9
> Host: registry.npmjs.org
> Accept-Encoding: gzip, deflate, br, zstd

[PackageManager] waiting for 180 tasks
   - "csstype": "^3.2.2" - csstype@3.2.3
[PackageManager] waiting for 179 tasks
   - "bcryptjs": "^2.3.0" - bcryptjs@2.4.3
> HTTP/1.1 GET https://registry.npmjs.org/@esbuild%2fandroid-x64
> Accept: application/vnd.npm.install-v1+json; q=1.0, application/json; q=0.8, */*
> Connection: keep-alive
> User-Agent: Bun/1.3.9
> Host: registry.npmjs.org
> Accept-Encoding: gzip, deflate, br, zstd

[PackageManager] waiting for 178 tasks
    [203.86ms]
Downloaded inherits versions
[PackageManager] waiting for 178 tasks
   - "inherits": "^2.0.3" - inherits@2.0.4
[PackageManager] waiting for 177 tasks
    [204.82ms]
Downloaded anymatch versions
[PackageManager] waiting for 177 tasks
   - "anymatch": "^2.0.0" - anymatch@2.0.0
   - "anymatch": "~3.1.2" - anymatch@3.1.3
Enqueue package manifest for download: micromatch
   - "picomatch": "^2.0.4" - picomatch@2.3.2
[PackageManager] waiting for 177 tasks
    [204.15ms]
Downloaded readdirp versions
[PackageManager] waiting for 177 tasks
    [205.01ms]
Downloaded upath versions
< 200 OK
< Date: Sat, 03 Oct 2026 22:24:51 GMT
< Content-Type: application/vnd.npm.install-v1+json
< Transfer-Encoding: chunked
< Connection: keep-alive
< set-cookie: __cf_bm=Nfa8HonYqxsnY4ZTvqhJTlkzFCECdqUw5BoXwoi84iU-1791066291.3330407-1.0.1.1-1VaxfZHgF2C5DBBBqP.B7CpowW8mrqS9zK0mKdgNexYcfKb3QN9Su3cyGpUN8pnUVPtO_dfM4_1OC36e17irUqLsxJlSkTXiYUzW56m3HQin3yDwszYgYGRjUbdfbVST; HttpOnly; SameSite=None; Secure; Path=/; Domain=npmjs.org; Expires=Sat, 03 Oct 2026 22:54:51 GMT
< set-cookie: _cfuvid=oNMQngxY3k9D6L44OKxY.heLvz5dq4yr8p7KSiOpL0A-1791066291.3330407-1.0.1.1-SxbQ3p_NmytWTybQljyfVJcVx70qgZ16hVFp9lhp_z0; HttpOnly; SameSite=None; Secure; Path=/; Domain=npmjs.org
< CF-Ray: a44f5c00ddb39b00-TIA
< CF-Cache-Status: HIT
< ETag: W/"d363a358c89af113494cdd38907423fc"
< Access-Control-Allow-Origin: *
< Cache-Control: public, max-age=300
< Last-Modified: Wed, 21 Sep 2022 19:02:04 GMT
< Server: cloudflare
< Vary: accept-encoding, accept
< Content-Encoding: br

> HTTP/1.1 GET https://registry.npmjs.org/@esbuild%2ffreebsd-x64
> Accept: application/vnd.npm.install-v1+json; q=1.0, application/json; q=0.8, */*
> Connection: keep-alive
> User-Agent: Bun/1.3.9
> Host: registry.npmjs.org
> Accept-Encoding: gzip, deflate, br, zstd

> HTTP/1.1 GET https://registry.npmjs.org/@esbuild%2flinux-arm64
> Accept: application/vnd.npm.install-v1+json; q=1.0, application/json; q=0.8, */*
> Connection: keep-alive
> User-Agent: Bun/1.3.9
> Host: registry.npmjs.org
> Accept-Encoding: gzip, deflate, br, zstd

> HTTP/1.1 GET https://registry.npmjs.org/@esbuild%2flinux-ppc64
> Accept: application/vnd.npm.install-v1+json; q=1.0, application/json; q=0.8, */*
> Connection: keep-alive
> User-Agent: Bun/1.3.9
> Host: registry.npmjs.org
> Accept-Encoding: gzip, deflate, br, zstd

> HTTP/1.1 GET https://registry.npmjs.org/@esbuild%2flinux-s390x
> Accept: application/vnd.npm.install-v1+json; q=1.0, application/json; q=0.8, */*
> Connection: keep-alive
> User-Agent: Bun/1.3.9
> Host: registry.npmjs.org
> Accept-Encoding: gzip, deflate, br, zstd

[PackageManager] waiting for 177 tasks
    [207.76ms]
Downloaded apache-crypt versions
[PackageManager] waiting for 177 tasks
   - "readdirp": "^2.2.1" - readdirp@2.2.1
   - "readdirp": "~3.6.0" - readdirp@3.6.0
   - "readdirp": "^4.0.1" - readdirp@4.1.2
Enqueue package manifest for download: graceful-fs
   - "readable-stream": "^2.0.2" - readable-stream@2.3.8
Enqueue package manifest for download: isarray
Enqueue package manifest for download: core-util-is
Enqueue package manifest for download: util-deprecate
Enqueue package manifest for download: process-nextick-args
[PackageManager] waiting for 181 tasks
   - "upath": "^1.1.1" - upath@1.2.0
[PackageManager] waiting for 180 tasks
   - "apache-crypt": "^1.1.2" - apache-crypt@1.2.6
Enqueue package manifest for download: unix-crypt-td-js
[PackageManager] waiting for 180 tasks
    [655.87ms]
Downloaded scheduler versions
< 200 OK
< Date: Sat, 03 Oct 2026 22:24:51 GMT
< Content-Type: application/vnd.npm.install-v1+json
< Transfer-Encoding: chunked
< Connection: keep-alive
< set-cookie: __cf_bm=fKBf_6TsCUfe4BCu7j7aXtLq1rnZI5wHBLjm2QWw4Vc-1791066291.336323-1.0.1.1-DSq_5Nwy_g0qKS6z_JpoMKlpQUPQKo6pu3fPg5y9aaEHwb.C6S1vHDGxsXU8iaQFSU.U2p_EqsC2NWbITZ3jeJFW1kWLdfu8J.ihs27xW8ncXUqzQvmuZjKOZdRHDVe.; HttpOnly; SameSite=None; Secure; Path=/; Domain=npmjs.org; Expires=Sat, 03 Oct 2026 22:54:51 GMT
< set-cookie: _cfuvid=fpSoPtmg19GOUEV_2wXf35.knlLAl8bxwiriVnbipOw-1791066291.336323-1.0.1.1-4W33Hv0aFsOvGh9cgb7SftmyRXleim.aywxQvNJabeA; HttpOnly; SameSite=None; Secure; Path=/; Domain=npmjs.org
< CF-Ray: a44f5c00dff67c08-TIA
< CF-Cache-Status: HIT
< ETag: W/"34d2e49903dfbcae7d15d827d1ddf3fa"
< Access-Control-Allow-Origin: *
< Cache-Control: public, max-age=300
< Last-Modified: Sat, 04 Mar 2023 04:01:47 GMT
< Server: cloudflare
< Vary: accept-encoding, accept
< Content-Encoding: br

[PackageManager] waiting for 180 tasks
    [207.80ms]
Downloaded normalize-path versions
> HTTP/1.1 GET https://registry.npmjs.org/@esbuild%2fopenbsd-x64
> Accept: application/vnd.npm.install-v1+json; q=1.0, application/json; q=0.8, */*
> Connection: keep-alive
> User-Agent: Bun/1.3.9
> Host: registry.npmjs.org
> Accept-Encoding: gzip, deflate, br, zstd

> HTTP/1.1 GET https://registry.npmjs.org/@esbuild%2fwin32-arm64
> Accept: application/vnd.npm.install-v1+json; q=1.0, application/json; q=0.8, */*
> Connection: keep-alive
> User-Agent: Bun/1.3.9
> Host: registry.npmjs.org
> Accept-Encoding: gzip, deflate, br, zstd

[PackageManager] waiting for 180 tasks
   - "normalize-path": "^3.0.0" - normalize-path@3.0.0
   - "normalize-path": "^2.1.1" - normalize-path@2.1.1
Enqueue package manifest for download: remove-trailing-separator
< 200 OK
< Date: Sat, 03 Oct 2026 22:24:51 GMT
< Content-Type: application/vnd.npm.install-v1+json
< Transfer-Encoding: chunked
< Connection: keep-alive
< set-cookie: __cf_bm=Y._RyzjLXWrenMcNvUqfKzVBS0KXQb4Z6Tk6AilchKM-1791066291.3498178-1.0.1.1-SxAzwU8fV.LCKgg7IhP.f4Yms4qWP8vU5v51uWH543P9eccM9cf7VdJ5F2uVSMx5CgcOZNm1wBcJeIPNx.CY3VEhTKcPzt_dnbpyU98QN6HKNeH.32rFz2.hCItOte.T; HttpOnly; SameSite=None; Secure; Path=/; Domain=npmjs.org; Expires=Sat, 03 Oct 2026 22:54:51 GMT
< set-cookie: _cfuvid=qXOt2hni_h_PZT.VCSbqTwHzPtwDT_1QIYt38EWx1Ls-1791066291.3498178-1.0.1.1-90h95SDPeZlaB0cgQsXu1cyt1RRwLJHe3buWLLUDMjg; HttpOnly; SameSite=None; Secure; Path=/; Domain=npmjs.org
< CF-Ray: a44f5c00e9b65f50-TIA
< CF-Cache-Status: HIT
< ETag: W/"87c2c1b3cd75b21bfe320d11f4f98f5f"
< Access-Control-Allow-Origin: *
< Cache-Control: public, max-age=300
< Last-Modified: Fri, 21 Jul 2023 15:52:32 GMT
< Server: cloudflare
< Vary: accept-encoding, accept
< Content-Encoding: br

[PackageManager] waiting for 180 tasks
    [202.67ms]
Downloaded path-is-absolute versions
[PackageManager] waiting for 180 tasks
> HTTP/1.1 GET https://registry.npmjs.org/@esbuild%2fdarwin-arm64
> Accept: application/vnd.npm.install-v1+json; q=1.0, application/json; q=0.8, */*
> Connection: keep-alive
> User-Agent: Bun/1.3.9
> Host: registry.npmjs.org
> Accept-Encoding: gzip, deflate, br, zstd

   - "scheduler": "^0.28.0" - scheduler@0.28.0
   - "scheduler": "^0.23.2" - scheduler@0.23.2
   - "scheduler": "^0.26.0" - scheduler@0.26.0
[PackageManager] waiting for 179 tasks
   - "path-is-absolute": "^1.0.0" - path-is-absolute@1.0.1
[PackageManager] waiting for 178 tasks
    [1049.83ms] Downloaded @tsci/tscircuit.ti tarball
> HTTP/1.1 GET https://registry.npmjs.org/@esbuild%2fnetbsd-arm64
> Accept: application/vnd.npm.install-v1+json; q=1.0, application/json; q=0.8, */*
> Connection: keep-alive
> User-Agent: Bun/1.3.9
> Host: registry.npmjs.org
> Accept-Encoding: gzip, deflate, br, zstd

 .github/
 .github/workflows/
 .github/workflows/bun-formatcheck.yml
 .github/workflows/bun-test.yml
 .github/workflows/bun-typecheck.yml
 .gitignore
 AGENTS.md
 LICENSE
 README.md
 biome.json
 bun.lock
 cosmos.config.json
 fixtures/
 fixtures/am62l-soc-fanout.srj.json
 fixtures/create-simplified-am62l-ddr-fixed-layer-distribution.ts
 fixtures/expanded-breakpoint-spacing-1.25-ram.srj.json
 fixtures/expanded-breakpoint-spacing-1.25-soc.srj.json
 fixtures/full-am62l-soc-failing-repro.problem.json
 fixtures/lpddr4-ram-fanout.srj.json
 fixtures/provenance.json
 fixtures/simplified-am62l-ddr-ram-repro-fixed-layer-distribution.ts
 fixtures/simplified-am62l-ddr-ram-repro.srj.json
 fixtures/simplified-am62l-ddr-soc-repro-fixed-layer-distribution.ts
 fixtures/simplified-am62l-ddr-soc-repro.srj.json
 index.html
 lib/
 lib/FixedTargetBgaFanoutSolver.ts
 lib/index.ts
 lib/model/
 lib/model/bestValidPowerSignalSolution.ts
 lib/model/boundedViaLinePathSearch.ts
 lib/model/buildFanoutModel.ts
 lib/model/geometry.ts
 lib/model/powerPlanePlanning.ts
 lib/model/powerSignalCoRouting.ts
 lib/model/signalViaRelocationCandidates.ts
 lib/model/types.ts
 lib/model/viaLineCandidates.ts
 lib/private/
 lib/private/CompatibilityRouteSolver.ts
 lib/private/reference/
 lib/private/reference/am62l-free-space-fanout.ts
 lib/private/reference/create-in-process-autorouter.ts
 lib/private/reference/solve-am62l-free-space-fanout.ts
 lib/private/reference/squared-distance.ts
 lib/stages/
 lib/stages/BuildFanoutModelSolver.ts
 lib/stages/FindFreeSpaceSolver.ts
 lib/stages/PlanCopperPourViaDropsSolver.ts
 lib/stages/PlanSameNetPadClustersSolver.ts
 lib/stages/RankFanoutNetsSolver.ts
 lib/stages/ReferenceRoutingStageSolvers.ts
 lib/stages/ResolvePowerSignalConflictsSolver.ts
 lib/visualize/
 lib/visualize/clampLayerOffset.ts
 lib/visualize/cleanCosmosGraphics.ts
 lib/visualize/getGraphicsLayerIndex.ts
 lib/visualize/getGraphicsLayerOffset.ts
 lib/visualize/inputVisuals.ts
 lib/visualize/layerVisuals.ts
 lib/visualize/modelVisuals.ts
 lib/visualize/offsetGraphicsLayers.ts
 lib/visualize/offsetGraphicsPoint.ts
 lib/visualize/powerPlaneVisuals.ts
 lib/visualize/promoteTraceLinework.ts
 lib/visualize/simpleRouteJsonVisuals.ts
 package.json
 pages/
 pages/FixedTargetFanoutPage.tsx
 pages/LayerOffsetSolverPage.tsx
 pages/expanded-breakpoint-spacing-1.25.page.tsx
 pages/full-am62l-soc-failing-repro.page.tsx
 pages/full-am62l-soc-failing-repro/
 pages/full-am62l-soc-failing-repro/FullAm62lSocFailingReproSolver.ts
 pages/full-am62l-soc-failing-repro/types.ts
 pages/full-am62l-soc-failing-repro/visualizeFullSocProblem.ts
 pages/layer-offset/
 pages/layer-offset/LayerOffsetFixedTargetBgaFanoutSolver.ts
 pages/layer-offset/LayerOffsetFullAm62lSocFailingReproSolver.ts
 pages/layer-offset/normalizeLayerOffsetInput.ts
 pages/layer-offset/parseLayerOffsetInput.ts
 pages/ram-bga.page.tsx
 pages/simplified-am62l-ddr-ram-repro-fixed-layer-distribution.page.tsx
 pages/simplified-am62l-ddr-ram-repro.page.tsx
 pages/simplified-am62l-ddr-soc-repro-fixed-layer-distribution.page.tsx
 pages/simplified-am62l-ddr-soc-repro.page.tsx
 pages/soc-bga.page.tsx
 scripts/
 scripts/derive-fixtures.ts
 scripts/generate-parity-goldens.ts
 scripts/import-simplified-am62l-ddr-repro.ts
 scripts/render-expanded-breakpoint-spacing-1.25.ts
 scripts/sweep-breakout-target-spacing.ts
 scripts/validate-cosmos-export.ts
 tests/
 tests/best-valid-power-signal-solution.test.ts
 tests/breakout-target-spacing-input-normalization.test.ts
 tests/build-fanout-model.test.ts
 tests/complete-top-layer-routes-outward-bends.test.ts
 tests/expanded-spacing-miter-regression.test.ts
 tests/expanded-target-spacing-local-repair.test.ts
 tests/fixed-layer-distribution-helpers.ts
 tests/fixtures/
 tests/fixtures/am62l-soc-fanout.expected-traces.json
 tests/fixtures/lpddr4-ram-fanout.expected-traces.json
 tests/full-am62l-soc-failing-repro.test.ts
 tests/general-via-line-candidates.test.ts
 tests/generic-translated-progression.test.ts
 tests/granular-pipeline-visibility.test.ts
 tests/helpers.ts
 tests/input-immutability.test.ts
 tests/layer-offset-input.test.ts
 tests/lifecycle-guards.test.ts
 tests/offset-graphics-layers.test.ts
 tests/power-plane-outward-edge-via-search.test.ts
 tests/power-plane-signal-priority.test.ts
 tests/ram-output-parity.test.ts
 tests/reversed-connection-order.test.ts
 tests/setup-validation.test.ts
 tests/shuffled-connection-order.test.ts
 tests/simple-route-json-visuals.test.ts
 tests/simplified-am62l-ddr-ram-repro-fixed-layer-distribution.test.ts
 tests/simplified-am62l-ddr-ram-repro.test.ts
 tests/simplified-am62l-ddr-repro.test.ts
 tests/simplified-am62l-ddr-soc-repro-fixed-layer-distribution.test.ts
 tests/soc-output-parity.test.ts
 tests/squared-distance-order.test.ts
 tests/symmetric-via-line-depths.test.ts
 tests/trace-linework-stacking.test.ts
 tsconfig.json
 vercel.json
 vite.config.ts
[@tscircuit/bga-fanout-solver] Extract .b9db275ff7effee4-00000009.bga-fanout-solver (decompressed 1.13 MB tgz file in 8.256ms)
[@tscircuit/bga-fanout-solver] Extracted to .b9db275ff7effee4-00000009.bga-fanout-solver (48.548ms)
[PackageManager] waiting for 178 tasks
Enqueue package manifest for download: @tscircuit/core
< 200 OK
< Date: Sat, 03 Oct 2026 22:24:51 GMT
< Content-Type: application/vnd.npm.install-v1+json
< Transfer-Encoding: chunked
< Connection: keep-alive
< set-cookie: __cf_bm=lWHdWhtFH.Mgugv9sX1yBE2.u2faGdGuuUB4uQNf2y0-1791066291.360644-1.0.1.1-1m6DUwAa2LmR3ZcFyqbvxuXQRoGAmI8bVWIg8M9ojky7nTqmoJ7QUQ_cQw0AQ1CEF2TjzEw8k1mTJE1_BXXREoKiOqQpPQ5kNAOZhkJRVrv7EqFc9UmgEfBgSD.CcSEJ; HttpOnly; SameSite=None; Secure; Path=/; Domain=npmjs.org; Expires=Sat, 03 Oct 2026 22:54:51 GMT
< set-cookie: _cfuvid=5MtQVnsa3Ww9fWRRa47M1GSffoxJ31HMAFYlSjfB4Js-1791066291.360644-1.0.1.1-6cIXxWAltHmO3EB39WDawK7pnYIPo4OfyXx7x.72EJQ; HttpOnly; SameSite=None; Secure; Path=/; Domain=npmjs.org
< CF-Ray: a44f5c01082d7c08-TIA
< CF-Cache-Status: HIT
< ETag: W/"44bcac57b27816fb0c6f974610fb93fe"
< Access-Control-Allow-Origin: *
< Cache-Control: public, max-age=300
< Last-Modified: Wed, 18 Sep 2024 05:34:04 GMT
< Server: cloudflare
< Vary: accept-encoding, accept
< Content-Encoding: br

[PackageManager] waiting for 178 tasks
    [207.37ms]
Downloaded fsevents versions
> HTTP/1.1 GET https://registry.npmjs.org/@esbuild%2fandroid-arm64
> Accept: application/vnd.npm.install-v1+json; q=1.0, application/json; q=0.8, */*
> Connection: keep-alive
> User-Agent: Bun/1.3.9
> Host: registry.npmjs.org
> Accept-Encoding: gzip, deflate, br, zstd

[PackageManager] waiting for 178 tasks
   - "fsevents": "^1.2.7" - fsevents@1.2.13
   - "fsevents": "~2.3.2" - fsevents@2.3.3
Enqueue package manifest for download: nan
Enqueue package manifest for download: bindings
< 200 OK
< Date: Sat, 03 Oct 2026 22:24:51 GMT
< Content-Type: application/vnd.npm.install-v1+json
< Transfer-Encoding: chunked
< Connection: keep-alive
< set-cookie: __cf_bm=yyT.AvyR.FGFRu.mEmeuuKq2ZSzpTb2OqKwXzt_bXAI-1791066291.3709326-1.0.1.1-.Hmtg27lM_Hu3m1V2WWtzqoizzMqsER1T152Nzh2hn9zUWFyPiLTALK6Cfk5VSLkTGzclDVFXqx.xzYLtWHH5BcXBDmNJ2jUuhfzS47DIctYMSH1SH4JspOIf01wHV_C; HttpOnly; SameSite=None; Secure; Path=/; Domain=npmjs.org; Expires=Sat, 03 Oct 2026 22:54:51 GMT
< set-cookie: _cfuvid=5zDHpUPEqmaTJaW0NkTcXmt2OoL8mq8wjtWlNXnprFk-1791066291.3709326-1.0.1.1-5uvOQs1IV9y_NYOMHtfSZUZIpHKcRSoMbg1IkXZ7iy8; HttpOnly; SameSite=None; Secure; Path=/; Domain=npmjs.org
< CF-Ray: a44f5c01183d7c08-TIA
< CF-Cache-Status: HIT
< ETag: W/"c85ef539a3fc9e9f5672bcaa2090a5eb"
< Access-Control-Allow-Origin: *
< Cache-Control: public, max-age=300
< Last-Modified: Tue, 08 Nov 2022 10:38:43 GMT
< Server: cloudflare
< Vary: accept-encoding, accept
< Content-Encoding: br

< 200 OK
< Date: Sat, 03 Oct 2026 22:24:51 GMT
< Content-Type: application/vnd.npm.install-v1+json
< Transfer-Encoding: chunked
< Connection: keep-alive
< set-cookie: __cf_bm=wuepKQ1VXujvLZ1h8zHRH5.jcjRzoDe1oaS42HN5mSg-1791066291.37089-1.0.1.1-TSzyOIVXb2pVEXe.v.z2JMm7kW8Y_LSTKDpR7ztWaHWbqGRdfS.OMIbo4suwmcvxeBLrLTa4U46V9zro7iTaOsgsgLdrYjOfngtoIn6fWySlahuMgq0Pv9pR7bgAv8xT; HttpOnly; SameSite=None; Secure; Path=/; Domain=npmjs.org; Expires=Sat, 03 Oct 2026 22:54:51 GMT
< set-cookie: _cfuvid=E1ERijLdFz7mQJ5CabeevVnnai0Lyw0mx8WVI83wfhI-1791066291.37089-1.0.1.1-LVa7kzNRHrKNJfc5atFRR9ZBG7sQNyTBRmXAUOTiqdo; HttpOnly; SameSite=None; Secure; Path=/; Domain=npmjs.org
< CF-Ray: a44f5c011840793f-TIA
< CF-Cache-Status: HIT
< ETag: W/"da70cb2cd9c485674c6eb3a96727bf1c"
< Access-Control-Allow-Origin: *
< Cache-Control: public, max-age=300
< Last-Modified: Fri, 13 Dec 2024 19:06:25 GMT
< Server: cloudflare
< Vary: accept-encoding, accept
< Content-Encoding: br

[PackageManager] waiting for 179 tasks
    [205.99ms]
Downloaded through versions
> HTTP/1.1 GET https://registry.npmjs.org/@esbuild%2ffreebsd-arm64
> Accept: application/vnd.npm.install-v1+json; q=1.0, application/json; q=0.8, */*
> Connection: keep-alive
> User-Agent: Bun/1.3.9
> Host: registry.npmjs.org
> Accept-Encoding: gzip, deflate, br, zstd

[PackageManager] waiting for 179 tasks
    [205.83ms]
Downloaded duplexer versions
> HTTP/1.1 GET https://registry.npmjs.org/@esbuild%2flinux-loong64
> Accept: application/vnd.npm.install-v1+json; q=1.0, application/json; q=0.8, */*
> Connection: keep-alive
> User-Agent: Bun/1.3.9
> Host: registry.npmjs.org
> Accept-Encoding: gzip, deflate, br, zstd

[PackageManager] waiting for 179 tasks
   - "through": "~2.3.1" - through@2.3.8
[PackageManager] waiting for 178 tasks
   - "duplexer": "~0.1.1" - duplexer@0.1.2
< 200 OK
< Date: Sat, 03 Oct 2026 22:24:51 GMT
< Content-Type: application/vnd.npm.install-v1+json
< Transfer-Encoding: chunked
< Connection: keep-alive
< set-cookie: __cf_bm=urNPB2ZtULtuoNDWyu2raExiFdoIjW2zB7O6FZ0DGKc-1791066291.3764203-1.0.1.1-7H4NIBDGFPLsp1X2gTF2b_ypFHm4jWBwIjs_pugwNiiUCPdWqCoChNw9Kcs97zHZDb4Ue0OwkgAucK7B9G2az3XzWMdNtL3oMnH1CpyQoWz4uHZaed41GNHMvapRoPRd; HttpOnly; SameSite=None; Secure; Path=/; Domain=npmjs.org; Expires=Sat, 03 Oct 2026 22:54:51 GMT
< set-cookie: _cfuvid=y0Kf0tNRix9fZUTjEL78xCDHDIkgEaUBrRJcdHtIC78-1791066291.3764203-1.0.1.1-Nnqkx4RDQFS94mlwtL5qgXzAlHBUHxvRMBC0eV7e9P0; HttpOnly; SameSite=None; Secure; Path=/; Domain=npmjs.org
< CF-Ray: a44f5c011e079b00-TIA
< CF-Cache-Status: HIT
< ETag: W/"cd836032241e9e6798c3652464f375c2"
< Access-Control-Allow-Origin: *
< Cache-Control: public, max-age=300
< Last-Modified: Sat, 18 Jun 2022 03:43:07 GMT
< Server: cloudflare
< Vary: accept-encoding, accept
< Content-Encoding: br

[PackageManager] waiting for 177 tasks
    [201.17ms]
Downloaded from versions
> HTTP/1.1 GET https://registry.npmjs.org/@esbuild%2flinux-riscv64
> Accept: application/vnd.npm.install-v1+json; q=1.0, application/json; q=0.8, */*
> Connection: keep-alive
> User-Agent: Bun/1.3.9
> Host: registry.npmjs.org
> Accept-Encoding: gzip, deflate, br, zstd

[PackageManager] waiting for 177 tasks
   - "from": "~0" - from@0.1.7
< 200 OK
< Date: Sat, 03 Oct 2026 22:24:51 GMT
< Content-Type: application/vnd.npm.install-v1+json
< Transfer-Encoding: chunked
< Connection: keep-alive
< set-cookie: __cf_bm=TMOkZSxjINOKLlnmLFrjHCFK355v_Ot82XBAOivPmLw-1791066291.3979871-1.0.1.1-5wU87bznHX.3vtW7zq0IDJQ00JaBPnNHmDHJxYLwUDuUUUIUTIZluaK4hQ1k5PO.AyKTc4Jl_PZJKszucjk_KrKYWsgp881SNPhgOZTreskH9GKBPbnGl7DAOJwh3rT4; HttpOnly; SameSite=None; Secure; Path=/; Domain=npmjs.org; Expires=Sat, 03 Oct 2026 22:54:51 GMT
< set-cookie: _cfuvid=B9vDoWqk34XOeGFleA0wXW0eHhLSCA25WbBbE_29A8I-1791066291.3979871-1.0.1.1-v.CrOG0_AprfGszde83tLvBmHJSFwk7XzOWaJrssQl4; HttpOnly; SameSite=None; Secure; Path=/; Domain=npmjs.org
< CF-Ray: a44f5c013a0a5f50-TIA
< CF-Cache-Status: HIT
< ETag: W/"e5fffa803b8019a015e3ab13c50364eb"
< Access-Control-Allow-Origin: *
< Cache-Control: public, max-age=300
< Last-Modified: Tue, 08 Nov 2022 10:38:58 GMT
< Server: cloudflare
< Vary: accept-encoding, accept
< Content-Encoding: br

[PackageManager] waiting for 176 tasks
    [212.84ms]
Downloaded pause-stream versions
> HTTP/1.1 GET https://registry.npmjs.org/@esbuild%2fopenbsd-arm64
> Accept: application/vnd.npm.install-v1+json; q=1.0, application/json; q=0.8, */*
> Connection: keep-alive
> User-Agent: Bun/1.3.9
> Host: registry.npmjs.org
> Accept-Encoding: gzip, deflate, br, zstd

[PackageManager] waiting for 176 tasks
   - "pause-stream": "0.0.11" - pause-stream@0.0.11
< 302 Found
< Date: Sat, 03 Oct 2026 22:24:51 GMT
< Content-Type: text/html;charset=utf-8
< Content-Length: 0
< Cache-Control: public, must-revalidate, max-age=0
< expires: Sat, 03 Oct 2026 22:24:51 GMT
< Location: https://codeload.github.com/tscircuit/pcb-trace-linter/legacy.tar.gz/4c035f9d40ffb03ba547a08975b5e64b20371123
< x-github-api-version-selected: 2022-11-28
< X-RateLimit-Limit: 60
< X-RateLimit-Remaining: 60
< X-RateLimit-Reset: 1791069891
< X-RateLimit-Used: 0
< X-RateLimit-Resource: core
< Access-Control-Expose-Headers: ETag, Link, Location, Retry-After, X-GitHub-OTP, X-RateLimit-Limit, X-RateLimit-Remaining, X-RateLimit-Used, X-RateLimit-Resource, X-RateLimit-Reset, X-OAuth-Scopes, X-Accepted-OAuth-Scopes, X-Poll-Interval, X-GitHub-Media-Type, X-GitHub-SSO, X-GitHub-Request-Id, Deprecation, Sunset, Warning
< Access-Control-Allow-Origin: *
< Strict-Transport-Security: max-age=31536000; includeSubdomains; preload
< X-Frame-Options: deny
< X-Content-Type-Options: nosniff
< X-XSS-Protection: 0
< Referrer-Policy: origin-when-cross-origin, strict-origin-when-cross-origin
< Content-Security-Policy: default-src 'none'
< Vary: Accept-Encoding, Accept, X-Requested-With
< Server: github.com
< X-GitHub-Request-Id: F0DD:332077:2ABC089:2A824AC:6AC180B2
< x-github-edge-region: fra

> HTTP/1.1 GET https://codeload.github.com/tscircuit/pcb-trace-linter/legacy.tar.gz/4c035f9d40ffb03ba547a08975b5e64b20371123
> Connection: keep-alive
> User-Agent: Bun/1.3.9
> Accept: */*
> Host: codeload.github.com
> Accept-Encoding: gzip, deflate, br, zstd

 .github/
 .github/workflows/
 .github/workflows/bun-formatcheck.yml
 .gitignore
 .npmrc
 README.md
 biome.json
 bunfig.toml
 index.ts
 lib/
 lib/chips/
 lib/chips/BQ24074.circuit.tsx
 lib/chips/BQ24074RGTR.circuit.tsx
 lib/chips/BQ25895.circuit.tsx
 lib/chips/BQ25895RTWR.circuit.tsx
 lib/chips/BQ27441DRZR_G1B.circuit.tsx
 lib/chips/BQ27441G1.circuit.tsx
 lib/chips/BQ32002.circuit.tsx
 lib/chips/CC2340R5.circuit.tsx
 lib/chips/CC2745R10.circuit.tsx
 lib/chips/CC2745R10E0WRHARQ1.circuit.tsx
 lib/chips/CC3235SF.circuit.tsx
 lib/chips/CC3235SF12RGKR.circuit.tsx
 lib/chips/CoaxialTestPort.circuit.tsx
 lib/chips/DRV8833.circuit.tsx
 lib/chips/DRV8876.circuit.tsx
 lib/chips/HDC2080.circuit.tsx
 lib/chips/HDC2080DMBR.circuit.tsx
 lib/chips/HDC3020.circuit.tsx
 lib/chips/HDC3020DEFR.circuit.tsx
 lib/chips/HDC3022.circuit.tsx
 lib/chips/HDC3022DEJR.circuit.tsx
 lib/chips/Header2x10.circuit.tsx
 lib/chips/INA237.circuit.tsx
 lib/chips/INA237AQDGSRQ1.circuit.tsx
 lib/chips/MSPM0G3507.circuit.tsx
 lib/chips/MSPM0G3507SPMR.circuit.tsx
 lib/chips/MSPM33C3x.circuit.tsx
 lib/chips/OscillatorCrystal4.circuit.tsx
 lib/chips/TLC59116.circuit.tsx
 lib/chips/TMP1075.circuit.tsx
 lib/chips/TMP1075DSGR.circuit.tsx
 lib/chips/TMP1827.circuit.tsx
 lib/chips/TPS22919.circuit.tsx
 lib/chips/TPS61222.circuit.tsx
 lib/chips/TPS61299DRLR.circuit.tsx
 lib/chips/TPS61299X.circuit.tsx
 lib/chips/TPS6293.circuit.tsx
 lib/chips/TPS63802.circuit.tsx
 lib/chips/TPS63802DLAR.circuit.tsx
 lib/chips/TPS6521835.circuit.tsx
 lib/chips/TPS7A02.circuit.tsx
 lib/chips/TPS7A0230PDBVR.circuit.tsx
 lib/chips/TPSM82823.circuit.tsx
 lib/chips/TRF7960RHB.circuit.tsx
 lib/chips/TXB0104.circuit.tsx
 lib/chips/TXB0104RGYR.circuit.tsx
 lib/chips/TXS0102.circuit.tsx
 lib/chips/TXS0102DCUR.circuit.tsx
 lib/chips/W25Q128JVSIQ.circuit.tsx
 lib/chips/index.tsx
 lib/chips/spice-models/
 lib/chips/spice-models/BQ24074-spice-model.encrypted.json
 lib/chips/spice-models/BQ24074-spice-model.json
 lib/chips/spice-models/DRV8876-spice-model.json
 lib/chips/spice-models/TPS22919-spice-model.json
 lib/chips/spice-models/TPS62933P-spice-model.json
 lib/chips/spice-models/TPS63802-spice-model.json
 lib/chips/spice-models/TPS7A02-spice-model.json
 lib/chips/spice-models/TPSM82823-spice-model.json
 lib/simulations/
 lib/simulations/BQ24074-ovp-fault.circuit.tsx
 lib/simulations/BQ24075-system-on-off-input-disconnected.circuit.tsx
 lib/simulations/DRV8876-driver-pwm-operation-ph-en.circuit.tsx
 lib/simulations/DRV8876-driver-pwm-operation-with-current-feedback.circuit.tsx
 lib/simulations/TPS22919-turn-off-small-load-capacitance.circuit.tsx
 lib/simulations/TPS63802-switching-waveforms-pfm-buck-operation.circuit.tsx
 lib/simulations/__snapshots__/
 lib/simulations/__snapshots__/BQ24074-ovp-fault.circuit-schematic-simulation.snap.svg
 lib/simulations/__snapshots__/BQ24074-ovp-fault.circuit-simulation.snap.svg
 lib/simulations/__snapshots__/BQ24075-system-on-off-input-disconnected.circuit-schematic-simulation.snap.svg
 lib/simulations/__snapshots__/BQ24075-system-on-off-input-disconnected.circuit-simulation.snap.svg
 lib/simulations/__snapshots__/DRV8876-driver-pwm-operation-ph-en.circuit-schematic-simulation.snap.svg
 lib/simulations/__snapshots__/DRV8876-driver-pwm-operation-ph-en.circuit-simulation.snap.svg
 lib/simulations/__snapshots__/DRV8876-driver-pwm-operation-with-current-feedback.circuit-schematic-simulation.snap.svg
 lib/simulations/__snapshots__/DRV8876-driver-pwm-operation-with-current-feedback.circuit-simulation.snap.svg
 lib/simulations/__snapshots__/TPS22919-turn-off-small-load-capacitance.circuit-schematic-simulation.snap.svg
 lib/simulations/__snapshots__/TPS22919-turn-off-small-load-capacitance.circuit-simulation.snap.svg
 lib/simulations/__snapshots__/TPS63802-switching-waveforms-pfm-buck-operation.circuit-schematic-simulation.snap.svg
 lib/simulations/__snapshots__/TPS63802-switching-waveforms-pfm-buck-operation.circuit-simulation.snap.svg
 lib/spice/
 lib/spice/create-encrypted-pspice-ngspice-engine.ts
 lib/spice/encrypted-pspice-model.ts
 lib/subcircuits/
 < 200 OK
< Date: Sat, 03 Oct 2026 22:24:51 GMT
< Content-Type: application/vnd.npm.install-v1+json
< Transfer-Encoding: chunked
< Connection: keep-alive
< set-cookie: __cf_bm=W7CsUBZtbEHQDPzjx2GM2Z13U03OJm5BKmZ3n4TQzOY-1791066291.424941-1.0.1.1-gP9FLdsGYsFbZZRCD1ifIKRNLx5xKHXjsQ0DnlpNrTUpoNcDmNgZI2WOfZhIwPz43.tyYwX_K9hiQ2mvrMIB1krxtSi6MDCa0PNl7vPrExZ5urTsv.tFM4YQbaMxKvo2; HttpOnly; SameSite=None; Secure; Path=/; Domain=npmjs.org; Expires=Sat, 03 Oct 2026 22:54:51 GMT
< set-cookie: _cfuvid=.43.GafUx6j_ZjYTBv_mv.v8FhXwsvg_qtzavkvuDyU-1791066291.424941-1.0.1.1-2Xx5Rwcdgw_BmQ9CIo86bbIGPp0tdqL47c2QGxElkcI; HttpOnly; SameSite=None; Secure; Path=/; Domain=npmjs.org
< CF-Ray: a44f5c016b2c51a4-TIA
< CF-Cache-Status: HIT
< ETag: W/"253ad4dc89b2c0c5f0360c5dc090309e"
< Access-Control-Allow-Origin: *
< Cache-Control: public, max-age=300
< Last-Modified: Tue, 08 Nov 2022 10:38:52 GMT
< Server: cloudflare
< Vary: accept-encoding, accept
< Content-Encoding: br

lib/subcircuits/BatteryManagement_BQ24074.circuit.tsx
 lib/subcircuits/BatteryManagement_BQ25895.circuit.tsx
 lib/subcircuits/BatteryManagement_BQ27441G1.circuit.tsx
 lib/subcircuits/BoostConverter_TPS61299X.circuit.tsx
 lib/subcircuits/BuckBoostConverter_TPS63802.circuit.tsx
 lib/subcircuits/BuckConverter_TPS62933.circuit.tsx
 lib/subcircuits/EnvironmentalSensor_HDC2080.circuit.tsx
 lib/subcircuits/EnvironmentalSensor_HDC3020.circuit.tsx
 lib/subcircuits/EnvironmentalSensor_HDC3022.circuit.tsx
 lib/subcircuits/FlashMemory_W25Q128JVSIQ.circuit.tsx
 lib/subcircuits/LEDDriver_TLC59116.circuit.tsx
 lib/subcircuits/LevelShifter_TXB0104.circuit.tsx
 lib/subcircuits/LevelShifter_TXS0102.circuit.tsx
 lib/subcircuits/LoadSwitch_TPS22919.circuit.tsx
 lib/subcircuits/Microcontroller_MSPM0G3507.circuit.tsx
 lib/subcircuits/Microcontroller_MSPM33C3x.circuit.tsx
 lib/subcircuits/MotorDriver_DRV8833.circuit.tsx
 lib/subcircuits/MotorDriver_DRV8876.circuit.tsx
 lib/subcircuits/PowerManagement_TPS6521835.circuit.tsx
 lib/subcircuits/PowerManagement_TPS7A02.circuit.tsx
 lib/subcircuits/PowerModule_TPSM82823.circuit.tsx
 lib/subcircuits/PowerMonitor_INA237.circuit.tsx
 lib/subcircuits/RFIDReader_TRF7960.circuit.tsx
 lib/subcircuits/RealTimeClock_BQ32002.circuit.tsx
 lib/subcircuits/TemperatureSensor_TMP1075.circuit.tsx
 lib/subcircuits/TemperatureSensor_TMP1827.circuit.tsx
 lib/subcircuits/WirelessMCU_CC2340R5.circuit.tsx
 lib/subcircuits/WirelessMCU_CC2745R10.circuit.tsx
 lib/subcircuits/WirelessMCU_CC3235SF.circuit.tsx
 lib/subcircuits/__snapshots__/
 lib/subcircuits/__snapshots__/BatteryManagement_BQ24074.circuit-pcb.snap.svg
 lib/subcircuits/__snapshots__/BatteryManagement_BQ24074.circuit-schematic.snap.svg
 lib/subcircuits/__snapshots__/BatteryManagement_BQ25895.circuit-pcb.snap.svg
 lib/subcircuits/__snapshots__/BatteryManagement_BQ25895.circuit-schematic.snap.svg
 lib/subcircuits/__snapshots__/BatteryManagement_BQ27441G1.circuit-pcb.snap.svg
 lib/subcircuits/__snapshots__/BatteryManagement_BQ27441G1.circuit-schematic.snap.svg
 lib/subcircuits/__snapshots__/BoostConverter_TPS61299X.circuit-pcb.snap.svg
 lib/subcircuits/__snapshots__/BoostConverter_TPS61299X.circuit-schematic.snap.svg
 lib/subcircuits/__snapshots__/BuckBoostConverter_TPS63802.circuit-pcb.snap.svg
 lib/subcircuits/__snapshots__/BuckBoostConverter_TPS63802.circuit-schematic.snap.svg
 lib/subcircuits/__snapshots__/BuckConverter_TPS62933.circuit-pcb.snap.svg
 lib/subcircuits/__snapshots__/BuckConverter_TPS62933.circuit-schematic.snap.svg
 lib/subcircuits/__snapshots__/EnvironmentalSensor_HDC2080.circuit-pcb.snap.svg
 lib/subcircuits/__snapshots__/EnvironmentalSensor_HDC2080.circuit-schematic.snap.svg
 lib/subcircuits/__snapshots__/EnvironmentalSensor_HDC3020.circuit-pcb.snap.svg
 lib/subcircuits/__snapshots__/EnvironmentalSensor_HDC3020.circuit-schematic.snap.svg
 lib/subcircuits/__snapshots__/EnvironmentalSensor_HDC3022.circuit-pcb.snap.svg
 lib/subcircuits/__snapshots__/EnvironmentalSensor_HDC3022.circuit-schematic.snap.svg
 lib/subcircuits/__snapshots__/FlashMemory_W25Q128JVSIQ.circuit-pcb.snap.svg
 lib/subcircuits/__snapshots__/FlashMemory_W25Q128JVSIQ.circuit-schematic.snap.svg
 lib/subcircuits/__snapshots__/LEDDriver_TLC59116.circuit-schematic.snap.svg
 lib/subcircuits/__snapshots__/LevelShifter_TXB0104.circuit-schematic.snap.svg
 lib/subcircuits/__snapshots__/LevelShifter_TXS0102.circuit-schematic.snap.svg
 lib/subcircuits/__snapshots__/LoadSwitch_TPS22919.circuit-pcb.snap.svg
 lib/subcircuits/__snapshots__/LoadSwitch_TPS22919.circuit-schematic.snap.svg
 lib/subcircuits/__snapshots__/Microcontroller_MSPM0G3507.circuit-pcb.snap.svg
 lib/subcircuits/__snapshots__/Microcontroller_MSPM0G3507.circuit-schematic.snap.svg
 lib/subcircuits/__snapshots__/Microcontroller_MSPM33C3x.circuit-schematic.snap.svg
 lib/subcircuits/__snapshots__/MotorDriver_DRV8833.circuit-pcb.snap.svg
 lib/subcircuits/__snapshots__/MotorDriver_DRV8833.circuit-schematic.snap.svg
 lib/subcircuits/__snapshots__/MotorDriver_DRV8876.circuit-pcb.snap.svg
 < 200 OK
< Date: Sat, 03 Oct 2026 22:24:51 GMT
< Content-Type: application/vnd.npm.install-v1+json
< Transfer-Encoding: chunked
< Connection: keep-alive
< set-cookie: __cf_bm=WZOM_G34DyuHF6J51wN.u4rAF8aDAKu1SPn5ncm6O_c-1791066291.4304934-1.0.1.1-h_AdalVBQQFDoErvVdK1aKxHiu2ESUDyYIXvn6D4E6JQB1HzOjGRF9YrwHIFjNrtaPaGXZC.icW2D6EulFg.WK1LJhZ0jUGNWhwa_Wig_16hBSD_HzmkRSTMpCFhWAeB; HttpOnly; SameSite=None; Secure; Path=/; Domain=npmjs.org; Expires=Sat, 03 Oct 2026 22:54:51 GMT
< set-cookie: _cfuvid=UyOOP1OuQkrMHKegFCN8FO7QdCC5Jw8rZthHAhes3Lk-1791066291.4304934-1.0.1.1-xUM2Lc3f7H_dCzbw91JUsZKBAm2jobS2XqvmIrgYg0k; HttpOnly; SameSite=None; Secure; Path=/; Domain=npmjs.org
< CF-Ray: a44f5c01687c7c08-TIA
< CF-Cache-Status: HIT
< ETag: W/"f24e40a4c9ecef6d45eeb613f19d6e11"
< Access-Control-Allow-Origin: *
< Cache-Control: public, max-age=300
< Last-Modified: Thu, 04 Jun 2026 16:42:31 GMT
< Server: cloudflare
< Vary: accept-encoding, accept
< Content-Encoding: br

[PackageManager] waiting for 175 tasks
    [202.17ms]
Downloaded websocket-driver versions
> HTTP/1.1 GET https://registry.npmjs.org/@esbuild%2flinux-mips64el
> Accept: application/vnd.npm.install-v1+json; q=1.0, application/json; q=0.8, */*
> Connection: keep-alive
> User-Agent: Bun/1.3.9
> Host: registry.npmjs.org
> Accept-Encoding: gzip, deflate, br, zstd

< 200 OK
< Date: Sat, 03 Oct 2026 22:24:51 GMT
< Content-Type: application/vnd.npm.install-v1+json
< Transfer-Encoding: chunked
< Connection: keep-alive
< set-cookie: __cf_bm=oHM7Hw2e1AqsOyD2M8uhF0G.wr2.ODvxLfDf9jC_tl4-1791066291.0757046-1.0.1.1-FUuMusbHTk9MK.LSEY40x6POn__tUHcvE6MEfsXDllf94d8vLMkmaPWdaQx6xfTg8tpJ2wQZzRBYq6AFAHtgAUrSukzl8BjORDtFieUzFjbcWZlr274Oo7XyFOH2piqq; HttpOnly; SameSite=None; Secure; Path=/; Domain=npmjs.org; Expires=Sat, 03 Oct 2026 22:54:51 GMT
< set-cookie: _cfuvid=28bY6vn4FNELuRuvrXsvUtYRi0gud2pONst74Uk3fYM-1791066291.0757046-1.0.1.1-hUI.gc_Q61Qyiw5tE09bOoXUKBs6onxv9TuahJYexEo; HttpOnly; SameSite=None; Secure; Path=/; Domain=npmjs.org
< CF-Ray: a44f5bff3e787c08-TIA
< CF-Cache-Status: HIT
< ETag: W/"1782e3ede941e7b61b68a8f6485fc5d3"
< Access-Control-Allow-Origin: *
< Cache-Control: public, max-age=300
< Last-Modified: Tue, 22 Sep 2026 16:20:10 GMT
< Server: cloudflare
< Vary: accept-encoding, accept
< Content-Encoding: br

[PackageManager] waiting for 175 tasks
< 200 OK
< Date: Sat, 03 Oct 2026 22:24:51 GMT
< Content-Type: application/vnd.npm.install-v1+json
< Transfer-Encoding: chunked
< Connection: keep-alive
< set-cookie: __cf_bm=jKh574jg5xrQHihqRakl467IPLkLGpEC9HCVq4bdX9s-1791066291.0762553-1.0.1.1-iV3x_iHUuxPvpOVUel5qkQH7opqDMloIz5aqC3i_aKCLw7SAnm84sW7kSHRURvoaM9Zl5Z7U75DXtEPYXMySo8iqnhhCLE5xbHyMLunQBPsWJXRZCFvVpw6MU_wBVtNE; HttpOnly; SameSite=None; Secure; Path=/; Domain=npmjs.org; Expires=Sat, 03 Oct 2026 22:54:51 GMT
< set-cookie: _cfuvid=NN5SDv0kjPi5yhj.8y5q_D7NH1uFAzHyfn3K7ZS9PPA-1791066291.0762553-1.0.1.1-o5aBBER_q4.leq7qBPtXt7QVqL4058dIc034ts7ko7U; HttpOnly; SameSite=None; Secure; Path=/; Domain=npmjs.org
< CF-Ray: a44f5bff3fc6f474-TIA
< CF-Cache-Status: HIT
< ETag: W/"14ea3f957b2700a2ecd1811ddad48cbc"
< Access-Control-Allow-Origin: *
< Cache-Control: public, max-age=300
< Last-Modified: Tue, 08 Nov 2022 10:40:10 GMT
< Server: cloudflare
< Vary: accept-encoding, accept
< Content-Encoding: br

   - "websocket-driver": ">=0.5.1" - websocket-driver@0.7.5
Enqueue package manifest for download: http-parser-js
Enqueue package manifest for download: websocket-extensions
[PackageManager] waiting for 176 tasks
    [211.03ms]
Downloaded stream-combiner versions
    [557.69ms]
Downloaded parse-color versions
> HTTP/1.1 GET https://registry.npmjs.org/@esbuild%2fopenharmony-arm64
> Accept: application/vnd.npm.install-v1+json; q=1.0, application/json; q=0.8, */*
> Connection: keep-alive
> User-Agent: Bun/1.3.9
> Host: registry.npmjs.org
> Accept-Encoding: gzip, deflate, br, zstd

> HTTP/1.1 GET https://registry.npmjs.org/@babel%2fruntime
> Accept: application/vnd.npm.install-v1+json; q=1.0, application/json; q=0.8, */*
> Connection: keep-alive
> User-Agent: Bun/1.3.9
> Host: registry.npmjs.org
> Accept-Encoding: gzip, deflate, br, zstd

[PackageManager] waiting for 176 tasks
   - "stream-combiner": "~0.0.4" - stream-combiner@0.0.4
[PackageManager] waiting for 175 tasks
   - "parse-color": "^1.0.0" - parse-color@1.0.0
Enqueue package manifest for download: color-convert
< 200 OK
< Date: Sat, 03 Oct 2026 22:24:51 GMT
< Content-Type: application/vnd.npm.install-v1+json
< Transfer-Encoding: chunked
< Connection: keep-alive
< set-cookie: __cf_bm=K7xW.dqh9FLyQjfz.dXJGCmntkd7z_RwTuL9KT6HRhE-1791066291.4358716-1.0.1.1-_J6gpWn3KIsk.qcawLpsykwEGZ81UaJLigiaY9giU63DTfKkZRQjAvDuNpzSTl375HC8wwLwNwmRo5h5fVfJwPXmkS1kdu4mwmQHXQdc6ACXvRivcPGW3srT1K4SjtpL; HttpOnly; SameSite=None; Secure; Path=/; Domain=npmjs.org; Expires=Sat, 03 Oct 2026 22:54:51 GMT
< set-cookie: _cfuvid=w9MaJmRK8WYn0lT55JHSQt9hKu8j7XU2OnHFutkaHbs-1791066291.4358716-1.0.1.1-FLb2_A2bS9AZdAdu03LDyDYrpozx72YnmLwUjJ1E73g; HttpOnly; SameSite=None; Secure; Path=/; Domain=npmjs.org
< CF-Ray: a44f5c0178867c08-TIA
< CF-Cache-Status: HIT
< ETag: W/"4e8e5149412e4f1306b81326c5910fb6"
< Access-Control-Allow-Origin: *
< Cache-Control: public, max-age=300
< Last-Modified: Mon, 17 Mar 2025 02:36:27 GMT
< Server: cloudflare
< Vary: accept-encoding, accept
< Content-Encoding: br

< 200 OK
< Date: Sat, 03 Oct 2026 22:24:51 GMT
< Content-Type: application/vnd.npm.install-v1+json
< Transfer-Encoding: chunked
< Connection: keep-alive
< set-cookie: __cf_bm=L9jZhaDkUOajMjbgwsQ.f3PG7rMyuGnX_ejo3QHfgYY-1791066291.4357567-1.0.1.1-JVN7awP7D6E0ABFbin0pK7WWvEB.WNNqpq6.wL3EGG9wtEZAbcCH2Cu2XoR5Vm1tbp.wvglCI2e_jSQcWqMVdFV49rpY_V.d3o09UKbg8HTH8LRAWmo4I4xB_ErFaNP0; HttpOnly; SameSite=None; Secure; Path=/; Domain=npmjs.org; Expires=Sat, 03 Oct 2026 22:54:51 GMT
< set-cookie: _cfuvid=VJPfNk38VBoGrJ431gi3CpamGqo3M_R.Pg6Uh0lYzbE-1791066291.4357567-1.0.1.1-Rb8V0Wcw6y36UlyiB499M5J4WSIGofYEjCuU3PNmWww; HttpOnly; SameSite=None; Secure; Path=/; Domain=npmjs.org
< CF-Ray: a44f5c017af6bd99-TIA
< CF-Cache-Status: HIT
< ETag: W/"cad4df025c767d04785cfb98bfe35b51"
< Access-Control-Allow-Origin: *
< Cache-Control: public, max-age=300
< Last-Modified: Thu, 20 Aug 2026 21:29:26 GMT
< Server: cloudflare
< Vary: accept-encoding, accept
< Content-Encoding: br

> HTTP/1.1 GET https://registry.npmjs.org/@jridgewell%2fgen-mapping
> Accept: application/vnd.npm.install-v1+json; q=1.0, application/json; q=0.8, */*
> Connection: keep-alive
> User-Agent: Bun/1.3.9
> Host: registry.npmjs.org
> Accept-Encoding: gzip, deflate, br, zstd

< 200 OK
< Date: Sat, 03 Oct 2026 22:24:51 GMT
< Content-Type: application/vnd.npm.install-v1+json
< Transfer-Encoding: chunked
< Connection: keep-alive
< set-cookie: __cf_bm=Q7127uuwIzPyXMwv44JFJKG73PUvQXOGi1wpCyT3k84-1791066291.0807753-1.0.1.1-LTJ1A_cHMcDq_N3tGIueiSC8OX71cSx.H3rMGLZ8X1jykAIXubH4z7HlOeXjZCiQsM82cAt93vY5y.f7HAuSF5BsFsF9putQklLbsIITP7jgqMYy_AIak4v9W1agin6B; HttpOnly; SameSite=None; Secure; Path=/; Domain=npmjs.org; Expires=Sat, 03 Oct 2026 22:54:51 GMT
< set-cookie: _cfuvid=4mRH2ujXmcquiXxliCuwL5Ee7E2kniaFQBzd_RtFEFo-1791066291.0807753-1.0.1.1-VmE370IVVu3Z07xofVjPht43hAAOYKlE2Q505LQbJQU; HttpOnly; SameSite=None; Secure; Path=/; Domain=npmjs.org
< CF-Ray: a44f5bff499251a4-TIA
< CF-Cache-Status: HIT
< ETag: W/"8fd44797eeb7a58d130437728652da66"
< Access-Control-Allow-Origin: *
< Cache-Control: public, max-age=300
< Last-Modified: Mon, 10 Jul 2023 23:17:26 GMT
< Server: cloudflare
< Vary: accept-encoding, accept
< Content-Encoding: br

[PackageManager] waiting for 175 tasks
    [203.72ms]
Downloaded y18n versions
[PackageManager] waiting for 175 tasks
   - "y18n": "^4.0.0" - y18n@4.0.3
   - "y18n": "^5.0.5" - y18n@5.0.8
> HTTP/1.1 GET https://registry.npmjs.org/commander
> Accept: application/vnd.npm.install-v1+json; q=1.0, application/json; q=0.8, */*
> Connection: keep-alive
> User-Agent: Bun/1.3.9
> Host: registry.npmjs.org
> Accept-Encoding: gzip, deflate, br, zstd

[PackageManager] waiting for 174 tasks
> HTTP/1.1 GET https://registry.npmjs.org/lines-and-columns
> Accept: application/vnd.npm.install-v1+json; q=1.0, application/json; q=0.8, */*
> Connection: keep-alive
> User-Agent: Bun/1.3.9
> Host: registry.npmjs.org
> Accept-Encoding: gzip, deflate, br, zstd

    [201.13ms]
Downloaded cliui versions
    [559.60ms]
Downloaded nested-error-stacks versions
[PackageManager] waiting for 174 tasks
[PackageManager] waiting for 174 tasks
   - "nested-error-stacks": "^2.1.0" - nested-error-stacks@2.1.1
[PackageManager] waiting for 173 tasks
   - "cliui": "^5.0.0" - cliui@5.0.0
   - "cliui": "^8.0.1" - cliui@8.0.1
Enqueue package manifest for download: wrap-ansi
Enqueue package manifest for download: strip-ansi
lib/subcircuits/__snapshots__/MotorDriver_DRV8876.circuit-schematic.snap.svg
 lib/subcircuits/__snapshots__/PowerManagement_TPS6521835.circuit-schematic.snap.svg
 lib/subcircuits/__snapshots__/PowerManagement_TPS7A02.circuit-pcb.snap.svg
 lib/subcircuits/__snapshots__/PowerManagement_TPS7A02.circuit-schematic.snap.svg
 lib/subcircuits/__snapshots__/PowerModule_TPSM82823.circuit-pcb.snap.svg
 lib/subcircuits/__snapshots__/PowerModule_TPSM82823.circuit-schematic.snap.svg
 lib/subcircuits/__snapshots__/PowerMonitor_INA237.circuit-pcb.snap.svg
 lib/subcircuits/__snapshots__/PowerMonitor_INA237.circuit-schematic.snap.svg
 lib/subcircuits/__snapshots__/RFIDReader_TRF7960.circuit-schematic.snap.svg
 lib/subcircuits/__snapshots__/RealTimeClock_BQ32002.circuit-schematic.snap.svg
 lib/subcircuits/__snapshots__/TemperatureSensor_TMP1075.circuit-pcb.snap.svg
 lib/subcircuits/__snapshots__/TemperatureSensor_TMP1075.circuit-schematic.snap.svg
 lib/subcircuits/__snapshots__/TemperatureSensor_TMP1827.circuit-schematic.snap.svg
 lib/subcircuits/__snapshots__/WirelessMCU_CC2340R5.circuit-pcb.snap.svg
 lib/subcircuits/__snapshots__/WirelessMCU_CC2340R5.circuit-schematic.snap.svg
 lib/subcircuits/__snapshots__/WirelessMCU_CC2745R10.circuit-schematic.snap.svg
 lib/subcircuits/__snapshots__/WirelessMCU_CC3235SF.circuit-pcb.snap.svg
 lib/subcircuits/__snapshots__/WirelessMCU_CC3235SF.circuit-schematic.snap.svg
 package.json
 scripts/
 scripts/encrypt-bq24074-spice-model.ts
 tscircuit.config.json
 tscircuit.config.ts
 tsconfig.json
[@tsci/tscircuit.ti] Extract .9cdffded7efc5ff8-0000000A.tscircuit.ti (decompressed 2.48 MB tgz file in 10.027ms)
[@tsci/tscircuit.ti] Extracted to .9cdffded7efc5ff8-0000000A.tscircuit.ti (85.501ms)
[PackageManager] waiting for 174 tasks
[PackageManager] waiting for 173 tasks
    [568.83ms]
Downloaded fs-extra versions
> HTTP/1.1 GET https://registry.npmjs.org/mz
> Accept: application/vnd.npm.install-v1+json; q=1.0, application/json; q=0.8, */*
> Connection: keep-alive
> User-Agent: Bun/1.3.9
> Host: registry.npmjs.org
> Accept-Encoding: gzip, deflate, br, zstd

< 200 OK
< Date: Sat, 03 Oct 2026 22:24:51 GMT
< Content-Type: application/vnd.npm.install-v1+json
< Transfer-Encoding: chunked
< Connection: keep-alive
< set-cookie: __cf_bm=iiTztLlgCczNfBMTFeyVvgG.tmmJ50wU7yO7GvKf.oQ-1791066291.4412591-1.0.1.1-hHgzO9ymefhLYJO.prr2W9q8nUlrDMBW69hiVcQlpy15bj00n7i5NSRgK2Igf42t9QwIOZKhuP_.nfw4Yrp8L671i4oWvvmWfqpWgr3zLJZUAlKym0NDaqOI_4gBj5st; HttpOnly; SameSite=None; Secure; Path=/; Domain=npmjs.org; Expires=Sat, 03 Oct 2026 22:54:51 GMT
< set-cookie: _cfuvid=VrPB7To99.qgsREEvPtOXv_dUSPZlC932Ty9cevM7yc-1791066291.4412591-1.0.1.1-SPxqO85bMU.x1Lqt_VfC.oVIJhJnx4Z1TT1SgOcBqNg; HttpOnly; SameSite=None; Secure; Path=/; Domain=npmjs.org
< CF-Ray: a44f5c018b19bd99-TIA
< CF-Cache-Status: HIT
< ETag: W/"10182700ab09c21dbe2e5d398de3753d"
< Access-Control-Allow-Origin: *
< Cache-Control: public, max-age=300
< Last-Modified: Tue, 16 Sep 2025 01:13:58 GMT
< Server: cloudflare
< Vary: accept-encoding, accept
< Content-Encoding: br

< 200 OK
< Date: Sat, 03 Oct 2026 22:24:51 GMT
< Content-Type: application/vnd.npm.install-v1+json
< Transfer-Encoding: chunked
< Connection: keep-alive
< set-cookie: __cf_bm=R5Ktz16j0egO0NmLvJHVaWv8sdUaEPv6dWqEayNlZIg-1791066291.4411983-1.0.1.1-z4JCrK6r8.Yocpcjq0NJmIH_u3U2A5B5zVyt6VTY2w5rnTJY_TKyYZESvwzRAxv0mtOE9j_cMoyWHonK7CSNiiChPO5B4Lj2MQ4oX2itPMDYFS7t3EtpEP21AaCwbPn_; HttpOnly; SameSite=None; Secure; Path=/; Domain=npmjs.org; Expires=Sat, 03 Oct 2026 22:54:51 GMT
< set-cookie: _cfuvid=jcYVZs0FbWR1Z.J5ct5zK8ggUOD4uvaBSAggq.8QVhk-1791066291.4411983-1.0.1.1-TemR.rarK9WvAJjfvppT1.e_iGtRk7aiZ00lQkiNs2Y; HttpOnly; SameSite=None; Secure; Path=/; Domain=npmjs.org
< CF-Ray: a44f5c01888f793f-TIA
< CF-Cache-Status: HIT
< ETag: W/"1001a445e931cc3ffb97a63acd619217"
< Access-Control-Allow-Origin: *
< Cache-Control: public, max-age=300
< Last-Modified: Sun, 26 Jun 2022 18:18:16 GMT
< Server: cloudflare
< Vary: accept-encoding, accept
< Content-Encoding: br

[PackageManager] waiting for 173 tasks
    [202.41ms]
Downloaded set-blocking versions
> HTTP/1.1 GET https://registry.npmjs.org/pirates
> Accept: application/vnd.npm.install-v1+json; q=1.0, application/json; q=0.8, */*
> Connection: keep-alive
> User-Agent: Bun/1.3.9
> Host: registry.npmjs.org
> Accept-Encoding: gzip, deflate, br, zstd

[PackageManager] waiting for 173 tasks
   - "set-blocking": "^2.0.0" - set-blocking@2.0.0
[PackageManager] waiting for 172 tasks
   - "fs-extra": "^8.1.0" - fs-extra@8.1.0
Enqueue package manifest for download: jsonfile
Enqueue package manifest for download: universalify
[PackageManager] waiting for 173 tasks
    [206.48ms]
Downloaded find-up versions
> HTTP/1.1 GET https://registry.npmjs.org/ts-interface-checker
> Accept: application/vnd.npm.install-v1+json; q=1.0, application/json; q=0.8, */*
> Connection: keep-alive
> User-Agent: Bun/1.3.9
> Host: registry.npmjs.org
> Accept-Encoding: gzip, deflate, br, zstd

< 200 OK
< Date: Sat, 03 Oct 2026 22:24:51 GMT
< Content-Type: application/vnd.npm.install-v1+json
< Transfer-Encoding: chunked
< Connection: keep-alive
< set-cookie: __cf_bm=f9xQngeUjYOgjeAeH4pXrKT7z_uzrAlirzf1OyEMaEA-1791066291.4463127-1.0.1.1-dwRAAUku.Sa8LtyBKhV6x_tHMXGjsD55Je0mvUFWVoWQKXIGsOVJhMBUp1FKf9WICSKihi.GsQ_f91ZRdQ9gwqVg6x1vamWZmu1EFVHNF1Xg71hGTnkkhY_02EbrIq0B; HttpOnly; SameSite=None; Secure; Path=/; Domain=npmjs.org; Expires=Sat, 03 Oct 2026 22:54:51 GMT
< set-cookie: _cfuvid=E5zoiKDsIgS3yWX8H0TE3bEEsdXny_YdLAK_n2Fl5Ms-1791066291.4463127-1.0.1.1-QueOnunYSnZjzDwoztDs09nXBDKq65TlnKYBZ0w6jQg; HttpOnly; SameSite=None; Secure; Path=/; Domain=npmjs.org
< CF-Ray: a44f5c018b41a5b3-TIA
< CF-Cache-Status: HIT
< ETag: W/"ebea285f9da99352330b2a5e02113d2c"
< Access-Control-Allow-Origin: *
< Cache-Control: public, max-age=300
< Last-Modified: Sun, 23 Jul 2023 04:47:03 GMT
< Server: cloudflare
< Vary: accept-encoding, accept
< Content-Encoding: br

[PackageManager] waiting for 173 tasks
    [197.95ms]
Downloaded which-module versions
< 200 OK
< Date: Sat, 03 Oct 2026 22:24:51 GMT
< Content-Type: application/vnd.npm.install-v1+json
< Transfer-Encoding: chunked
< Connection: keep-alive
< set-cookie: __cf_bm=OVPAMRvpfC7tAtEF2Iocs61vW8sv7MBYCJUm6_TLYpQ-1791066291.4462996-1.0.1.1-DR2A.pE4BRn6BzuosHsQj6.UM2kucCkYFZm4XsFlMCLDOYWjTPJAbat.wvlAEzb8.GR4etbgEHdC2.aeAM3bl4J1AXnwVlFz_5jl7eYCu.k5QffduxXPoQWZ5Dweyi9p; HttpOnly; SameSite=None; Secure; Path=/; Domain=npmjs.org; Expires=Sat, 03 Oct 2026 22:54:51 GMT
< set-cookie: _cfuvid=.eFil3curOfqMeg2a5Crah9SnmxuYCMoN16WPuN8UrM-1791066291.4462996-1.0.1.1-lWwL_FTQ_lDgZye1I9a210Auze6mXQuHh1amp8gp4Yw; HttpOnly; SameSite=None; Secure; Path=/; Domain=npmjs.org
< CF-Ray: a44f5c0189e5f474-TIA
< CF-Cache-Status: HIT
< ETag: W/"bc6e0023e9d9717a6ed4db00a1cf3f96"
< Access-Control-Allow-Origin: *
< Cache-Control: public, max-age=300
< Last-Modified: Thu, 24 Sep 2026 14:37:53 GMT
< Server: cloudflare
< Vary: accept-encoding, accept
< Content-Encoding: br

[PackageManager] waiting for 173 tasks
   - "find-up": "^3.0.0" - find-up@3.0.0
Enqueue package manifest for download: locate-path
[PackageManager] waiting for 173 tasks
   - "which-module": "^2.0.0" - which-module@2.0.1
[PackageManager] waiting for 172 tasks
    [200.26ms]
Downloaded string-width versions
> HTTP/1.1 GET https://registry.npmjs.org/follow-redirects
> Accept: application/vnd.npm.install-v1+json; q=1.0, application/json; q=0.8, */*
> Connection: keep-alive
> User-Agent: Bun/1.3.9
> Host: registry.npmjs.org
> Accept-Encoding: gzip, deflate, br, zstd

> HTTP/1.1 GET https://registry.npmjs.org/chownr
> Accept: application/vnd.npm.install-v1+json; q=1.0, application/json; q=0.8, */*
> Connection: keep-alive
> User-Agent: Bun/1.3.9
> Host: registry.npmjs.org
> Accept-Encoding: gzip, deflate, br, zstd

< 200 OK
< Date: Sat, 03 Oct 2026 22:24:51 GMT
< Content-Type: application/vnd.npm.install-v1+json
< Transfer-Encoding: chunked
< Connection: keep-alive
< set-cookie: __cf_bm=Jgvd9W8IRTJaFKxXMMz2qOzO2fJ93PCtdtl7R9cFP_k-1791066291.4464397-1.0.1.1-AprvTGArsaH8ez5vmC4UeLK8FkqDAJFBh6b2A65KYZPfroX_zSNPuosmNLrfE8MD1FucHdCutPBoLfUcoYs93r_0vdzsPGSuP6t8QQoOshCZzCJroLeFl9o_gd1jdIGc; HttpOnly; SameSite=None; Secure; Path=/; Domain=npmjs.org; Expires=Sat, 03 Oct 2026 22:54:51 GMT
< set-cookie: _cfuvid=9HNvHVLB_uRb0obIe96_T4OgGYiUG1iD3KhBgWorss0-1791066291.4464397-1.0.1.1-mEh2BvEPBUWngIn0yUzwvmb5ej1YJ_gVUEhw2Mv9d3M; HttpOnly; SameSite=None; Secure; Path=/; Domain=npmjs.org
< CF-Ray: a44f5c0188927c08-TIA
< CF-Cache-Status: HIT
< ETag: W/"ca2cd15dc7bf331379908cca82adeeb8"
< Access-Control-Allow-Origin: *
< Cache-Control: public, max-age=300
< Last-Modified: Thu, 20 Aug 2026 21:27:57 GMT
< Server: cloudflare
< Vary: accept-encoding, accept
< Content-Encoding: br

[PackageManager] waiting for 172 tasks
   - "string-width": "^3.0.0" - string-width@3.1.0
   - "string-width": "^4.2.3" - string-width@4.2.3
Enqueue package manifest for download: emoji-regex
Enqueue package manifest for download: is-fullwidth-code-point
< 200 OK
< Date: Sat, 03 Oct 2026 22:24:51 GMT
< Content-Type: application/vnd.npm.install-v1+json
< Transfer-Encoding: chunked
< Connection: keep-alive
< set-cookie: __cf_bm=FISlwvsIaymjJWArxOxNbIFMevrhnSY7XW7huWE4pB8-1791066291.0504024-1.0.1.1-6SKKwDngKd71922o0P1by5b7CsGBYUfdHH4HexLcdxgrgBMJrrsGOpyie4eyEpcJSctbE_dE7.y0535VSfcWqvVFloW62ViI9zySr5grhUO6RDrZBFkaOYjp8iBIqqO_; HttpOnly; SameSite=None; Secure; Path=/; Domain=npmjs.org; Expires=Sat, 03 Oct 2026 22:54:51 GMT
< set-cookie: _cfuvid=21eBndoZQU0bhxvL5eSWdCp3Y0fU84K24sYRfcWab7M-1791066291.0504024-1.0.1.1-f7UMbiApMWk7QtKnFIBvr0lkLAMgc1_GfKULOIqdvZQ; HttpOnly; SameSite=None; Secure; Path=/; Domain=npmjs.org
< CF-Ray: a44f5bff0c139b00-TIA
< CF-Cache-Status: REVALIDATED
< ETag: W/"53fbff59031a99a0e2bc74a140adeca6"
< Access-Control-Allow-Origin: *
< Cache-Control: public, max-age=300
< Last-Modified: Tue, 26 Aug 2025 21:58:59 GMT
< Server: cloudflare
< Vary: accept-encoding, accept
< Content-Encoding: br

[PackageManager] waiting for 173 tasks
    [603.27ms]
Downloaded zod-package-json versions
[PackageManager] waiting for 173 tasks
   - "zod-package-json": "^1.0.3" - zod-package-json@1.2.0
> HTTP/1.1 GET https://registry.npmjs.org/mkdirp
> Accept: application/vnd.npm.install-v1+json; q=1.0, application/json; q=0.8, */*
> Connection: keep-alive
> User-Agent: Bun/1.3.9
> Host: registry.npmjs.org
> Accept-Encoding: gzip, deflate, br, zstd

[PackageManager] waiting for 172 tasks
    [208.34ms]
Downloaded yargs-parser versions
< 200 OK
< Date: Sat, 03 Oct 2026 22:24:51 GMT
< Content-Type: application/vnd.npm.install-v1+json
< Transfer-Encoding: chunked
< Connection: keep-alive
< set-cookie: __cf_bm=RNoUDy9rp1SnnV40Cl1lbjuyg6GROIgkNwvDYq210d8-1791066291.4570289-1.0.1.1-qQGB6YBJBjwiswoiDXfaUrZyZ6ClF51wmH9aocXWo8Z80UGlfbm_WeGL1tyVc4q0uv5d33qTW6PAGOooiw4jmSILSej0xP0h5aLEUwbL2i_EleifY4jbPlrK6LIC.Vtg; HttpOnly; SameSite=None; Secure; Path=/; Domain=npmjs.org; Expires=Sat, 03 Oct 2026 22:54:51 GMT
< set-cookie: _cfuvid=MXcucLhPoYF8G6EAera1OZZe3fB9xSWJ59s2LTpnokc-1791066291.4570289-1.0.1.1-Gj9ZOJgosVhp_r1fePb7dp.l2nbc_S6utV7SUa5Smj8; HttpOnly; SameSite=None; Secure; Path=/; Domain=npmjs.org
< CF-Ray: a44f5c019e879b00-TIA
< CF-Cache-Status: HIT
< ETag: W/"d824ed468921f5f20426a9d46b2928ec"
< Access-Control-Allow-Origin: *
< Cache-Control: public, max-age=300
< Last-Modified: Thu, 29 Aug 2024 22:59:38 GMT
< Server: cloudflare
< Vary: accept-encoding, accept
< Content-Encoding: br

< 200 OK
< Date: Sat, 03 Oct 2026 22:24:51 GMT
< Content-Type: application/vnd.npm.install-v1+json
< Transfer-Encoding: chunked
< Connection: keep-alive
< set-cookie: __cf_bm=AjDP3NFdfh2Mz1LeRnnekwyZfIFOSOOErY0Qvwtbqio-1791066291.4569423-1.0.1.1-cdM9eSedg3lqP0xKH2XVZZibVxB6Czx6zq8YW0SGjw4F52klfxOR0oF9fQ7mnLwk3ldydVog4HwGDIs2IC9qkjDrpoVZkJvNKfGw63bl..Qk_iQ9uOEzFLlutDwsadK_; HttpOnly; SameSite=None; Secure; Path=/; Domain=npmjs.org; Expires=Sat, 03 Oct 2026 22:54:51 GMT
< set-cookie: _cfuvid=X5R.zlWSwouT65OH6RuDLYiDhsaho1k8LW7uwXZv.KI-1791066291.4569423-1.0.1.1-3Xn4ASTmi2AMCBRR4mPbOXeH71w6eoDhacJJYhWP71I; HttpOnly; SameSite=None; Secure; Path=/; Domain=npmjs.org
< CF-Ray: a44f5c019a505f50-TIA
< CF-Cache-Status: HIT
< ETag: W/"b0e998d9810f1965ed0600c439e1d3e7"
< Access-Control-Allow-Origin: *
< Cache-Control: public, max-age=300
< Last-Modified: Sun, 26 Jun 2022 11:38:44 GMT
< Server: cloudflare
< Vary: accept-encoding, accept
< Content-Encoding: br

[PackageManager] waiting for 172 tasks
    [200.99ms]
Downloaded escalade versions
> HTTP/1.1 GET https://registry.npmjs.org/yallist
> Accept: application/vnd.npm.install-v1+json; q=1.0, application/json; q=0.8, */*
> Connection: keep-alive
> User-Agent: Bun/1.3.9
> Host: registry.npmjs.org
> Accept-Encoding: gzip, deflate, br, zstd

> HTTP/1.1 GET https://registry.npmjs.org/minipass
> Accept: application/vnd.npm.install-v1+json; q=1.0, application/json; q=0.8, */*
> Connection: keep-alive
> User-Agent: Bun/1.3.9
> Host: registry.npmjs.org
> Accept-Encoding: gzip, deflate, br, zstd

< 200 OK
< Date: Sat, 03 Oct 2026 22:24:51 GMT
< Content-Type: application/vnd.npm.install-v1+json
< Transfer-Encoding: chunked
< Connection: keep-alive
< set-cookie: __cf_bm=5dtIYiT5MsW_wqDrtcVczA9wgchrvU9ta8wWebs7NW0-1791066291.4570007-1.0.1.1-.9.agcs7iYqktcfW03ignMnXEiMchiTYCARmM4QqoD0hBLAv.pmPepv3jzLWDmLQ3cZvdP1mfHTZDpQaNKqm6J1xxaWmKrTpapdlgAO78WigyxBSEsUtdgwQj.EGlDZa; HttpOnly; SameSite=None; Secure; Path=/; Domain=npmjs.org; Expires=Sat, 03 Oct 2026 22:54:51 GMT
< set-cookie: _cfuvid=4mN8AUlk0GTJLXk4pM7m2giin1wfoDJj.Dngk.zQNFg-1791066291.4570007-1.0.1.1-sx2fnTR1CBFIqkXM20eTm2kghPszwEin4Y9tZ673YaQ; HttpOnly; SameSite=None; Secure; Path=/; Domain=npmjs.org
< CF-Ray: a44f5c019e899b00-TIA
< CF-Cache-Status: HIT
< ETag: W/"2864858066f889a1c669cb8f9848a8a9"
< Access-Control-Allow-Origin: *
< Cache-Control: public, max-age=300
< Last-Modified: Mon, 17 Apr 2023 23:19:33 GMT
< Server: cloudflare
< Vary: accept-encoding, accept
< Content-Encoding: br

< 200 OK
< Date: Sat, 03 Oct 2026 22:24:51 GMT
< Content-Type: application/vnd.npm.install-v1+json
< Transfer-Encoding: chunked
< Connection: keep-alive
< set-cookie: __cf_bm=7CiYOZqB1EnZHy.D9JI2HWbiml_5INsamVQqtC7r_ek-1791066291.4569914-1.0.1.1-HOWIRB60EKiHulUKF3ePMGjgdoLAJBddDSEqlNcQIL.0jtcjfcMFjzAdyGSsJ6PM3zLco9TLKwopULlSuOTVSEeJIeXqaByjilLIJrNSlvdP1bglecYrD6zevM6.3iuh; HttpOnly; SameSite=None; Secure; Path=/; Domain=npmjs.org; Expires=Sat, 03 Oct 2026 22:54:51 GMT
< set-cookie: _cfuvid=2fqmUvvq7OSr8h2VzbT16gglvQpHUQb2RzXj7JDiGn0-1791066291.4569914-1.0.1.1-DEEWHsmuNO_ceNhBvJB3AMMePnPiLOh98Zb2AcfNf_c; HttpOnly; SameSite=None; Secure; Path=/; Domain=npmjs.org
< CF-Ray: a44f5c019e889b00-TIA
< CF-Cache-Status: HIT
< ETag: W/"069e16c98ac8a33d73c6b21a1565b433"
< Access-Control-Allow-Origin: *
< Cache-Control: public, max-age=300
< Last-Modified: Sun, 26 Jun 2022 11:36:42 GMT
< Server: cloudflare
< Vary: accept-encoding, accept
< Content-Encoding: br

[PackageManager] waiting for 172 tasks
    [201.08ms]
Downloaded has-flag versions
> HTTP/1.1 GET https://registry.npmjs.org/minizlib
> Accept: application/vnd.npm.install-v1+json; q=1.0, application/json; q=0.8, */*
> Connection: keep-alive
> User-Agent: Bun/1.3.9
> Host: registry.npmjs.org
> Accept-Encoding: gzip, deflate, br, zstd

   - "escalade": "^3.1.1" - escalade@3.2.0
[PackageManager] waiting for 171 tasks
[PackageManager] waiting for 171 tasks
   - "has-flag": "^4.0.0" - has-flag@4.0.0
[PackageManager] waiting for 170 tasks
   - "yargs-parser": "^13.1.2" - yargs-parser@13.1.2
   - "yargs-parser": "^21.1.1" - yargs-parser@21.1.1
Enqueue package manifest for download: camelcase
Enqueue package manifest for download: decamelize
[PackageManager] waiting for 171 tasks
    [204.24ms]
Downloaded require-main-filename versions
> HTTP/1.1 GET https://registry.npmjs.org/fs-minipass
> Accept: application/vnd.npm.install-v1+json; q=1.0, application/json; q=0.8, */*
> Connection: keep-alive
> User-Agent: Bun/1.3.9
> Host: registry.npmjs.org
> Accept-Encoding: gzip, deflate, br, zstd

[PackageManager] waiting for 171 tasks
< 200 OK
< Date: Sat, 03 Oct 2026 22:24:51 GMT
< Content-Type: application/vnd.npm.install-v1+json
< Transfer-Encoding: chunked
< Connection: keep-alive
< set-cookie: __cf_bm=6Ui11ITp9vXJAOe4pcbZHt_LutMdzK1hc5k0PPdH9to-1791066291.457207-1.0.1.1-mKSMmYYyXbUHvtuw69EFZjWNmPi9TBeosyCvT2MkyUYVp.NLbVmKWLfUxqR0xWsAeocI5Fryaz_uqhzGiBs04Vkw3Xmk9nYGccLz9hBKLcEkFBOXl_AlnmsSUFmRPsil; HttpOnly; SameSite=None; Secure; Path=/; Domain=npmjs.org; Expires=Sat, 03 Oct 2026 22:54:51 GMT
< set-cookie: _cfuvid=UaUWP0fkLVJz.NhiuY70Yxdm2GxxdNp.PY.Ew48CMoI-1791066291.457207-1.0.1.1-A5J.t7TQKdaw28f3qFTNi5.tHfX1s6dvZeaXJqo0RuM; HttpOnly; SameSite=None; Secure; Path=/; Domain=npmjs.org
< CF-Ray: a44f5c0198a6793f-TIA
< CF-Cache-Status: HIT
< ETag: W/"5b591b83f5aa1c10fa5099c435b1e9e2"
< Access-Control-Allow-Origin: *
< Cache-Control: public, max-age=300
< Last-Modified: Sun, 10 Sep 2023 02:37:51 GMT
< Server: cloudflare
< Vary: accept-encoding, accept
< Content-Encoding: br

   - "require-main-filename": "^2.0.0" - require-main-filename@2.0.0
[PackageManager] waiting for 170 tasks
    [208.34ms]
Downloaded get-caller-file versions
[PackageManager] waiting for 170 tasks
    [208.17ms]
Downloaded require-directory versions
> HTTP/1.1 GET https://registry.npmjs.org/abort-controller
> Accept: application/vnd.npm.install-v1+json; q=1.0, application/json; q=0.8, */*
> Connection: keep-alive
> User-Agent: Bun/1.3.9
> Host: registry.npmjs.org
> Accept-Encoding: gzip, deflate, br, zstd

> HTTP/1.1 GET https://registry.npmjs.org/buffer
> Accept: application/vnd.npm.install-v1+json; q=1.0, application/json; q=0.8, */*
> Connection: keep-alive
> User-Agent: Bun/1.3.9
> Host: registry.npmjs.org
> Accept-Encoding: gzip, deflate, br, zstd

[PackageManager] waiting for 170 tasks
   - "get-caller-file": "^2.0.1" - get-caller-file@2.0.5
[PackageManager] waiting for 169 tasks
   - "require-directory": "^2.1.1" - require-directory@2.1.1
< 200 OK
< Date: Sat, 03 Oct 2026 22:24:51 GMT
< Content-Type: application/vnd.npm.install-v1+json
< Transfer-Encoding: chunked
< Connection: keep-alive
< set-cookie: __cf_bm=0PZVoJ3NsG7OyVT5oSF03w10SZoHLxmtWjrSvsE25kU-1791066291.4571493-1.0.1.1-JfBDxyA4cbEsRPupM3JTeNSTgnmGR8eKt5BEOtBpa1flRQJzs6JYTAsNwIVqhFMbAQXABLGsrYjtGWVYNsdKxYuAz1jK426RKYRD7t5I1ZhWAIGgjX8kVBRatxeBvoav; HttpOnly; SameSite=None; Secure; Path=/; Domain=npmjs.org; Expires=Sat, 03 Oct 2026 22:54:51 GMT
< set-cookie: _cfuvid=cqqH08n2dvVDJ4wQSMRG2l7nvqIP.GR0xMhu_qeSuAU-1791066291.4571493-1.0.1.1-_9qOkXlwV74WAOW.eqnOFDCB_I5hMYUPMYcgyVTsOAE; HttpOnly; SameSite=None; Secure; Path=/; Domain=npmjs.org
< CF-Ray: a44f5c0198aa7c08-TIA
< CF-Cache-Status: HIT
< ETag: W/"cb1971130cf192291824ba1c1f6f7b21"
< Access-Control-Allow-Origin: *
< Cache-Control: public, max-age=300
< Last-Modified: Fri, 25 Sep 2026 09:45:21 GMT
< Server: cloudflare
< Vary: accept-encoding, accept
< Content-Encoding: br

< 200 OK
< Date: Sat, 03 Oct 2026 22:24:51 GMT
< Content-Type: application/vnd.npm.install-v1+json
< Transfer-Encoding: chunked
< Connection: keep-alive
< set-cookie: __cf_bm=qYgPE8LgfRy2kMYijBQpoevqp7XLE.1X8wDoP8zjHeI-1791066291.4662797-1.0.1.1-ao6ZDfMqSTtc44LrVmrw4bW5H6OT6z8G01EFDS4q2JpRNyhvU1m_AFlcjgjNK3ZeoAcQh.4BAFOBF_rD8__YlACW1jvOkPszt7cJ0nREp0vVJm.DK0kB9gkWkVCoADow; HttpOnly; SameSite=None; Secure; Path=/; Domain=npmjs.org; Expires=Sat, 03 Oct 2026 22:54:51 GMT
< set-cookie: _cfuvid=uQgI08JbQ7BrCHlJsBVPV1.p5IMe_lwZratoCeZlD4c-1791066291.4662797-1.0.1.1-l5fDARs0ST.TWKlzPq35_Jzj7udmb8lD.3P9nWwZ75Y; HttpOnly; SameSite=None; Secure; Path=/; Domain=npmjs.org
< CF-Ray: a44f5c01a8af793f-TIA
< CF-Cache-Status: HIT
< ETag: W/"890e06e15d900a911ca1a687d22fa6cf"
< Access-Control-Allow-Origin: *
< Cache-Control: public, max-age=300
< Last-Modified: Wed, 23 Sep 2026 12:01:24 GMT
< Server: cloudflare
< Vary: accept-encoding, accept
< Content-Encoding: br

< 200 OK
< Date: Sat, 03 Oct 2026 22:24:51 GMT
< Content-Type: application/vnd.npm.install-v1+json
< Transfer-Encoding: chunked
< Connection: keep-alive
< set-cookie: __cf_bm=R5CvOW3ExJ7l5BOqlbfNGLOcGOhgjGlCXSLP.HEGsdw-1791066291.47014-1.0.1.1-R1kOpjtkO5JmagGG4DjnRXWCUZNUz_GAFE3FIDGhICpYBHcA1WJzUD5_5ZKtplbV3Y7ZTm2Jgd6Of5tvbWIRTb0Yx850AtF.Ggvx4ViPIkQeDZJewdcmWpE1rXm9.K5F; HttpOnly; SameSite=None; Secure; Path=/; Domain=npmjs.org; Expires=Sat, 03 Oct 2026 22:54:51 GMT
< set-cookie: _cfuvid=B8KYI20Q58BMrLt7Z4XS8c30PymlmI7a7mGBrrRAq0g-1791066291.47014-1.0.1.1-p.hIlPkrEgbAtChsnpLuYRiafXZAWFVHGbBrXw82jbM; HttpOnly; SameSite=None; Secure; Path=/; Domain=npmjs.org
< CF-Ray: a44f5c01ab6051a4-TIA
< CF-Cache-Status: HIT
< ETag: W/"a99b908b882836e3fa5b64e00eb07c8b"
< Access-Control-Allow-Origin: *
< Cache-Control: public, max-age=300
< Last-Modified: Sun, 19 Mar 2023 12:17:41 GMT
< Server: cloudflare
< Vary: accept-encoding, accept
< Content-Encoding: br

[PackageManager] waiting for 168 tasks
    [201.75ms]
Downloaded load-tsconfig versions
> HTTP/1.1 GET https://registry.npmjs.org/events
> Accept: application/vnd.npm.install-v1+json; q=1.0, application/json; q=0.8, */*
> Connection: keep-alive
> User-Agent: Bun/1.3.9
> Host: registry.npmjs.org
> Accept-Encoding: gzip, deflate, br, zstd

[PackageManager] waiting for 168 tasks
   - "load-tsconfig": "^0.2.3" - load-tsconfig@0.2.5
[PackageManager] waiting for 167 tasks
    [205.34ms]
Downloaded magic-string versions
> HTTP/1.1 GET https://registry.npmjs.org/process
> Accept: application/vnd.npm.install-v1+json; q=1.0, application/json; q=0.8, */*
> Connection: keep-alive
> User-Agent: Bun/1.3.9
> Host: registry.npmjs.org
> Accept-Encoding: gzip, deflate, br, zstd

< 200 OK
< Date: Sat, 03 Oct 2026 22:24:51 GMT
< Content-Type: application/vnd.npm.install-v1+json
< Transfer-Encoding: chunked
< Connection: keep-alive
< set-cookie: __cf_bm=_D9kTtGvoH6ZXIsmGkqKr0YKPiQYzp7cHqOUv3xoecs-1791066291.47416-1.0.1.1-7uCbOfhOD0o631h5OawaiE7Jh8SO8LXvMFjnwEmzAaJwv6wFHAD.Rp7rtNqBr5miUepE2a3_Pay7F_9TWqRIHIy6DPBRAalsq8hWPiR9_6NrGOjWOjzeaxPL2jroQq.i; HttpOnly; SameSite=None; Secure; Path=/; Domain=npmjs.org; Expires=Sat, 03 Oct 2026 22:54:51 GMT
< set-cookie: _cfuvid=GssIKScxSNNTdr.nk1P3uPLMI6t.93NpIJ8Cx_LlRfY-1791066291.47416-1.0.1.1-VcdefjmvxSjUCGpSrTOnWhr2WxJ3YfBwAY5NRjkJfjI; HttpOnly; SameSite=None; Secure; Path=/; Domain=npmjs.org
< CF-Ray: a44f5c01beab9b00-TIA
< CF-Cache-Status: HIT
< ETag: W/"ffd3a46d9bd306a0142e735c284f65fd"
< Access-Control-Allow-Origin: *
< Cache-Control: public, max-age=300
< Last-Modified: Sun, 26 Jul 2026 14:57:38 GMT
< Server: cloudflare
< Vary: accept-encoding, accept
< Content-Encoding: br

< 200 OK
< Date: Sat, 03 Oct 2026 22:24:51 GMT
< Content-Type: application/vnd.npm.install-v1+json
< Transfer-Encoding: chunked
< Connection: keep-alive
< set-cookie: __cf_bm=zih5Bl6cUdGlZRJ95s74X3b95GbIH9iVvhXa8yGtluc-1791066291.4698725-1.0.1.1-z9DI64VQG4GPuLO1KSE4XJaxQwPmpuWkHBy0mbSagwNNwFm5zujUxZfza1RXSheOi1I4WS3NZqjoM38eveaTaCjqNL1d56Hx4Nga5F0QqvHy8adZu1c9AdtIitGG5y1V; HttpOnly; SameSite=None; Secure; Path=/; Domain=npmjs.org; Expires=Sat, 03 Oct 2026 22:54:51 GMT
< set-cookie: _cfuvid=kbNp6zzuFwLX_m6XE39yrI.EzSPg76l_fr0.Adq4N0U-1791066291.4698725-1.0.1.1-3UcOdaIYRxPVb5R.Q6ILwersd4ZVIZJb.RDYMUyLvQ8; HttpOnly; SameSite=None; Secure; Path=/; Domain=npmjs.org
< CF-Ray: a44f5c01aea59b00-TIA
< CF-Cache-Status: HIT
< ETag: W/"9fd8ba1ab075b89a8ffc34534b3ba0aa"
< Access-Control-Allow-Origin: *
< Cache-Control: public, max-age=300
< Last-Modified: Mon, 20 Jul 2026 16:21:00 GMT
< Server: cloudflare
< Vary: accept-encoding, accept
< Content-Encoding: br

< 200 OK
< Date: Sat, 03 Oct 2026 22:24:51 GMT
< Content-Type: application/vnd.npm.install-v1+json
< Transfer-Encoding: chunked
< Connection: keep-alive
< set-cookie: __cf_bm=bfpORhCVxTyceXv1uSfzyq.YwjWhBc40.6qVw_XROPQ-1791066291.4703813-1.0.1.1-0fztapH_JMp8JWU8cm_7uLn2nSgAGU0w6v5vWPjAqmTXBeF20B5lcsSa48zVz9ITlCpOWMkfHEV045Qf0k2l4tHUwD5yZTzceqhXPg1CCl2gWa1wlNJYcE4HL7ufXhQo; HttpOnly; SameSite=None; Secure; Path=/; Domain=npmjs.org; Expires=Sat, 03 Oct 2026 22:54:51 GMT
< set-cookie: _cfuvid=FrGFX5hfgzXOwAuX1ACAtbcr8t6eqVOehUQ9Ce_OW8k-1791066291.4703813-1.0.1.1-X4l6bjPLcDlmLEjpDNDL4.uv9vlxg6AthrOc70KGB98; HttpOnly; SameSite=None; Secure; Path=/; Domain=npmjs.org
< CF-Ray: a44f5c01ab48bd99-TIA
< CF-Cache-Status: HIT
< ETag: W/"4f93c5f13b7e690e67241a4da699d447"
< Access-Control-Allow-Origin: *
< Cache-Control: public, max-age=300
< Last-Modified: Wed, 13 Aug 2025 15:21:52 GMT
< Server: cloudflare
< Vary: accept-encoding, accept
< Content-Encoding: br

[PackageManager] waiting for 167 tasks
   - "magic-string": "^0.30.17" - magic-string@0.30.21
Enqueue package manifest for download: @jridgewell/sourcemap-codec
[PackageManager] waiting for 167 tasks
    [200.95ms]
Downloaded ansi-styles versions
> HTTP/1.1 GET https://registry.npmjs.org/string_decoder
> Accept: application/vnd.npm.install-v1+json; q=1.0, application/json; q=0.8, */*
> Connection: keep-alive
> User-Agent: Bun/1.3.9
> Host: registry.npmjs.org
> Accept-Encoding: gzip, deflate, br, zstd

[PackageManager] waiting for 167 tasks
    [204.83ms]
Downloaded iobuffer versions
> HTTP/1.1 GET https://registry.npmjs.org/react-router
> Accept: application/vnd.npm.install-v1+json; q=1.0, application/json; q=0.8, */*
> Connection: keep-alive
> User-Agent: Bun/1.3.9
> Host: registry.npmjs.org
> Accept-Encoding: gzip, deflate, br, zstd

[PackageManager] waiting for 167 tasks
   - "iobuffer": "^6.0.1" - iobuffer@6.0.1
[PackageManager] waiting for 166 tasks
   - "ansi-styles": "^4.1.0" - ansi-styles@4.3.0
[PackageManager] waiting for 165 tasks
    [211.55ms]
Downloaded fflate versions
> HTTP/1.1 GET https://registry.npmjs.org/@remix-run%2frouter
> Accept: application/vnd.npm.install-v1+json; q=1.0, application/json; q=0.8, */*
> Connection: keep-alive
> User-Agent: Bun/1.3.9
> Host: registry.npmjs.org
> Accept-Encoding: gzip, deflate, br, zstd

[PackageManager] waiting for 165 tasks
   - "fflate": "^0.8.2" - fflate@0.8.3
[PackageManager] waiting for 164 tasks
    [241.78ms]
Downloaded undici versions
> HTTP/1.1 GET https://registry.npmjs.org/cross-spawn
> Accept: application/vnd.npm.install-v1+json; q=1.0, application/json; q=0.8, */*
> Connection: keep-alive
> User-Agent: Bun/1.3.9
> Host: registry.npmjs.org
> Accept-Encoding: gzip, deflate, br, zstd

[PackageManager] waiting for 164 tasks
   - "undici": "^6.0.0" - undici@6.29.0
< 200 OK
< Date: Sat, 03 Oct 2026 22:24:51 GMT
< Content-Type: application/vnd.npm.install-v1+json
< Transfer-Encoding: chunked
< Connection: keep-alive
< set-cookie: __cf_bm=bjliNk5oxCi9YFR2WMXzE3.yL6AHy2bMwY0IPjYXFQU-1791066291.5091605-1.0.1.1-or4Jbjuj932IXXrT5B04MwSAa3hWu4Y.fy.F95ikQRpy5UlnDEoXJ7lTUWwie3958PjYG3JuFXmk6Gbrza_faqcIjm4Y9TRXoulfvChHBPUBNiLkb_hYTjz73DxlJZ94; HttpOnly; SameSite=None; Secure; Path=/; Domain=npmjs.org; Expires=Sat, 03 Oct 2026 22:54:51 GMT
< set-cookie: _cfuvid=pUOiJZ0XhAg0YZTLikaXTNAOkjM1a6cyw9QGGOFSP60-1791066291.5091605-1.0.1.1-dqwpnd5PlmHWzhiv9odOVSVwoyRulaME24RUedOgTYY; HttpOnly; SameSite=None; Secure; Path=/; Domain=npmjs.org
< CF-Ray: a44f5c01e8e0793f-TIA
< CF-Cache-Status: HIT
< ETag: W/"9469c9cff2e1b6562101d94af40758fa"
< Access-Control-Allow-Origin: *
< Cache-Control: public, max-age=300
< Last-Modified: Tue, 14 Jun 2022 22:59:46 GMT
< Server: cloudflare
< Vary: accept-encoding, accept
< Content-Encoding: br

[PackageManager] waiting for 163 tasks
    [210.86ms]
Downloaded deep-rename-keys versions
> HTTP/1.1 GET https://registry.npmjs.org/string-argv
> Accept: application/vnd.npm.install-v1+json; q=1.0, application/json; q=0.8, */*
> Connection: keep-alive
> User-Agent: Bun/1.3.9
> Host: registry.npmjs.org
> Accept-Encoding: gzip, deflate, br, zstd

[PackageManager] waiting for 163 tasks
   - "deep-rename-keys": "^0.2.1" - deep-rename-keys@0.2.1
Enqueue package manifest for download: kind-of
Enqueue package manifest for download: rename-keys
< 200 OK
< Date: Sat, 03 Oct 2026 22:24:51 GMT
< Content-Type: application/vnd.npm.install-v1+json
< Transfer-Encoding: chunked
< Connection: keep-alive
< set-cookie: __cf_bm=Cl3SzqoGwaYcEhOtnL4WiEvUrs7QRhlCqJCTsqS_SYs-1791066291.5251796-1.0.1.1-08ggXsYLe9_DibkqchH2pwx_I4HJnAcE_rWNAvHgdSB4Pk.t9b6BrskPlEUWRJVJIcMbWmatD4bssExbKnLRrDqULCRKpPtW.ijfKD3BtxiYDOnFXi2kCpZpWvAQRTu9; HttpOnly; SameSite=None; Secure; Path=/; Domain=npmjs.org; Expires=Sat, 03 Oct 2026 22:54:51 GMT
< set-cookie: _cfuvid=ZNqnu4SRPD35K5lBFIS5uVnG5CX3abBJgwCpfoCyl4g-1791066291.5251796-1.0.1.1-Jwl8YbJmobED1cNUcpWp3TTJDaZ5bwS8owasDVU2Wys; HttpOnly; SameSite=None; Secure; Path=/; Domain=npmjs.org
< CF-Ray: a44f5c020ab15f50-TIA
< CF-Cache-Status: HIT
< ETag: W/"47eaba128232b2a94c0f38f9b8018e5c"
< Access-Control-Allow-Origin: *
< Cache-Control: public, max-age=300
< Last-Modified: Tue, 03 Dec 2024 11:49:18 GMT
< Server: cloudflare
< Vary: accept-encoding, accept
< Content-Encoding: br

< 200 OK
< Date: Sat, 03 Oct 2026 22:24:51 GMT
< Content-Type: application/vnd.npm.install-v1+json
< Transfer-Encoding: chunked
< Connection: keep-alive
< set-cookie: __cf_bm=RDKwjZjQXueIhUfyAjL.uhXIq626B_1P5KUTG0dqeos-1791066291.525144-1.0.1.1-sMCjz3A87dKdOyoD6zq1pulRe9NtJ1nZjXyu1cmY3qt6FlLp8HxTkb1wWVngt7CYs4FsZAJZNbEx8CBndOHOdWKBF0SE8pyamPoYvD5gluGUa0GuxGplVzN_fhq_.mK3; HttpOnly; SameSite=None; Secure; Path=/; Domain=npmjs.org; Expires=Sat, 03 Oct 2026 22:54:51 GMT
< set-cookie: _cfuvid=QWIsphzI9Zc_gK6ZxDwoonoCN4g3dtTSYolpU6A_3eU-1791066291.525144-1.0.1.1-P2qjrlkdZBNZhx0.oGkweC5CVGkjp91bqSngc.VIvlQ; HttpOnly; SameSite=None; Secure; Path=/; Domain=npmjs.org
< CF-Ray: a44f5c0208fe7c08-TIA
< CF-Cache-Status: HIT
< ETag: W/"342d59cfd70d2c145a225213daeb1bfb"
< Access-Control-Allow-Origin: *
< Cache-Control: public, max-age=300
< Last-Modified: Wed, 09 Sep 2026 20:11:11 GMT
< Server: cloudflare
< Vary: accept-encoding, accept
< Content-Encoding: br

[PackageManager] waiting for 164 tasks
    [201.53ms]
Downloaded proc-log versions
< 200 OK
< Date: Sat, 03 Oct 2026 22:24:51 GMT
< Content-Type: application/vnd.npm.install-v1+json
< Transfer-Encoding: chunked
< Connection: keep-alive
< set-cookie: __cf_bm=ZaqIElucQsOerBePwhHpszuxOCdG4N6cPlMf8fB0mYw-1791066291.5250275-1.0.1.1-SoLXLGA66JaaUxLNKzcXhMqO6Mz0uSjG5tM.06ix8Hj.vKDHGSWk33A87bAsJOTFmZftor9pCkDAQMRa2oHG4zSPlNGx.MUSt0lfT0am7jqwhi8n_94IRBPYToG4uvsv; HttpOnly; SameSite=None; Secure; Path=/; Domain=npmjs.org; Expires=Sat, 03 Oct 2026 22:54:51 GMT
< set-cookie: _cfuvid=WWtn6RpxWtmlBxOSktZ2X5zeKlmjkpcidM91pQsYB3E-1791066291.5250275-1.0.1.1-_rITtgVFh96hLoe8RtpRJ0iXMt8o3gFwt1IHL8e6ZdY; HttpOnly; SameSite=None; Secure; Path=/; Domain=npmjs.org
< CF-Ray: a44f5c020ab25f50-TIA
< CF-Cache-Status: HIT
< ETag: W/"18704b546ef82ca410a563aefffe8015"
< Access-Control-Allow-Origin: *
< Cache-Control: public, max-age=300
< Last-Modified: Wed, 09 Sep 2026 20:10:55 GMT
< Server: cloudflare
< Vary: accept-encoding, accept
< Content-Encoding: br

> HTTP/1.1 GET https://registry.npmjs.org/type-detect
> Accept: application/vnd.npm.install-v1+json; q=1.0, application/json; q=0.8, */*
> Connection: keep-alive
> User-Agent: Bun/1.3.9
> Host: registry.npmjs.org
> Accept-Encoding: gzip, deflate, br, zstd

[PackageManager] waiting for 164 tasks
   - "proc-log": "^3.0.0" - proc-log@3.0.0
[PackageManager] waiting for 163 tasks
    [204.96ms]
Downloaded lilconfig versions
> HTTP/1.1 GET https://registry.npmjs.org/call-me-maybe
> Accept: application/vnd.npm.install-v1+json; q=1.0, application/json; q=0.8, */*
> Connection: keep-alive
> User-Agent: Bun/1.3.9
> Host: registry.npmjs.org
> Accept-Encoding: gzip, deflate, br, zstd

[PackageManager] waiting for 163 tasks
   - "lilconfig": "^3.1.1" - lilconfig@3.1.3
[PackageManager] waiting for 162 tasks
    [207.17ms]
Downloaded hosted-git-info versions
> HTTP/1.1 GET https://registry.npmjs.org/jpeg-js
> Accept: application/vnd.npm.install-v1+json; q=1.0, application/json; q=0.8, */*
> Connection: keep-alive
> User-Agent: Bun/1.3.9
> Host: registry.npmjs.org
> Accept-Encoding: gzip, deflate, br, zstd

< 200 OK
< Date: Sat, 03 Oct 2026 22:24:51 GMT
< Content-Type: application/vnd.npm.install-v1+json
< Transfer-Encoding: chunked
< Connection: keep-alive
< set-cookie: __cf_bm=Waaauu_P8ZZQMz0oZr3mGMoJ._TuvtY4k8dwTatUKls-1791066291.2022378-1.0.1.1-udsixffmZ37Gto2D3kKd1uXqh2Ip8gPuw1OCrGJjvMqhTX4nPcMbbnbQv8zGrtDMuk5oWCM4.Oi_EggPfGHuB1d5eRIkPViwkOZqjVEA6iQSxZCfT9H3f0c59eabc.cl; HttpOnly; SameSite=None; Secure; Path=/; Domain=npmjs.org; Expires=Sat, 03 Oct 2026 22:54:51 GMT
< set-cookie: _cfuvid=wLmoa2Da.rbTEFOKeszjL5pSDZ90EtBsfZNlIhgtIIc-1791066291.2022378-1.0.1.1-gyDhHQiJy66A8Ah9_mokyfdu2TLN1ELr6KSY8WEvUz0; HttpOnly; SameSite=None; Secure; Path=/; Domain=npmjs.org
< CF-Ray: a44f5c000f67793f-TIA
< CF-Cache-Status: REVALIDATED
< ETag: W/"f47e4b76d4fa94e5058b5b18796cc7cf"
< Access-Control-Allow-Origin: *
< Cache-Control: public, max-age=300
< Last-Modified: Mon, 24 Aug 2026 11:14:20 GMT
< Server: cloudflare
< Vary: accept-encoding, accept
< Content-Encoding: br

> HTTP/1.1 GET https://registry.npmjs.org/opentype.js
> Accept: application/vnd.npm.install-v1+json; q=1.0, application/json; q=0.8, */*
> Connection: keep-alive
> User-Agent: Bun/1.3.9
> Host: registry.npmjs.org
> Accept-Encoding: gzip, deflate, br, zstd

[PackageManager] waiting for 162 tasks
    [528.20ms]
Downloaded @tscircuit/manifold-2d versions
[PackageManager] waiting for 162 tasks
   - "@tscircuit/manifold-2d": "^0.0.6" - @tscircuit/manifold-2d@0.0.6
[PackageManager] waiting for 161 tasks
   - "hosted-git-info": "^6.0.0" - hosted-git-info@6.1.3
Enqueue package manifest for download: lru-cache
< 200 OK
< Access-Control-Allow-Origin: https://render.githubusercontent.com
< content-disposition: attachment; filename=tscircuit-pcb-trace-linter-4c035f9.tar.gz
< Content-Length: 265736
< Content-Security-Policy: default-src 'none'; style-src 'unsafe-inline'; sandbox
< Content-Type: application/x-gzip
< cross-origin-resource-policy: cross-origin
< ETag: W/"0a015d3c35ec6200c84fe575a6ec7731a567c0e5fc00f7b31bc59c691b6b6b16"
< Strict-Transport-Security: max-age=31536000
< Vary: Authorization,Accept-Encoding
< X-Content-Type-Options: nosniff
< X-Frame-Options: deny
< X-XSS-Protection: 1; mode=block
< Date: Sat, 03 Oct 2026 22:24:51 GMT
< X-GitHub-Request-Id: EF93:157B:40225D:6DD39A:6AC180B3
< x-github-edge-region: fra

< 200 OK
< Date: Sat, 03 Oct 2026 22:24:51 GMT
< Content-Type: application/vnd.npm.install-v1+json
< Transfer-Encoding: chunked
< Connection: keep-alive
< set-cookie: __cf_bm=LLl3ck0kZxf3ZZePh_vkqYsX_TPOE7sgyqHxZEE6mmU-1791066291.6378942-1.0.1.1-BJuXINm8cSV..aYuOM1BSDTSg64nIK6Hdtk7s3XJ6F9pNjEVKtAJomRxVwVM6F__wI7MqqWf1tpUuNQhRX8zzfUnHzmIoFerm7MXsm_cE11s5a7miPm4KI34kc0Pug5J; HttpOnly; SameSite=None; Secure; Path=/; Domain=npmjs.org; Expires=Sat, 03 Oct 2026 22:54:51 GMT
< set-cookie: _cfuvid=qKtwDCVl1jYi99N8l4aLS1j.zOSSS46FaC4.WeeLc8o-1791066291.6378942-1.0.1.1-TQzNBJqdSEF.HfYGpHcXxxYpGEERDGaifa9mkEm46pE; HttpOnly; SameSite=None; Secure; Path=/; Domain=npmjs.org
< CF-Ray: a44f5c02bc3251a4-TIA
< CF-Cache-Status: HIT
< ETag: W/"0c9dd23480a11f8503d2aecb1f5d7c4f"
< Access-Control-Allow-Origin: *
< Cache-Control: public, max-age=300
< Last-Modified: Tue, 07 Nov 2023 01:41:54 GMT
< Server: cloudflare
< Vary: accept-encoding, accept
< Content-Encoding: br

[PackageManager] waiting for 161 tasks
    [212.36ms]
Downloaded lines-and-columns versions
< 200 OK
< Date: Sat, 03 Oct 2026 22:24:51 GMT
< Content-Type: application/vnd.npm.install-v1+json
< Transfer-Encoding: chunked
< Connection: keep-alive
< set-cookie: __cf_bm=O6YKCOBjnPUpiGKJXuOcLwFzgtL9SB8l_Pvti_vJyTU-1791066291.6376674-1.0.1.1-bJ4sT_xotH5V5yKGqh3gKA6IeUWZDKXNXic8MiF4y6ZkGIDFRGJS_Zy5AGMo9p.ap5AZ0dp3HYvOoTbouARKVb.aSjRKVVXAeJZ8VkjWwK_NZGHJRIhhILJ9qtD_yLZg; HttpOnly; SameSite=None; Secure; Path=/; Domain=npmjs.org; Expires=Sat, 03 Oct 2026 22:54:51 GMT
< set-cookie: _cfuvid=id7mhkrXGp5qhAPBjpe9whxWl_qWTY7XegiE_SJTT8g-1791066291.6376674-1.0.1.1-8NlQHbDGt42RjKqJ24dDu4VSDNzgPu9dB_5VG5RkoT8; HttpOnly; SameSite=None; Secure; Path=/; Domain=npmjs.org
< CF-Ray: a44f5c02b98d7c08-TIA
< CF-Cache-Status: HIT
< ETag: W/"7b84e6bc500492efb16d14348874101f"
< Access-Control-Allow-Origin: *
< Cache-Control: public, max-age=300
< Last-Modified: Wed, 02 Sep 2026 19:31:27 GMT
< Server: cloudflare
< Vary: accept-encoding, accept
< Content-Encoding: br

< 200 OK
< Date: Sat, 03 Oct 2026 22:24:51 GMT
< Content-Type: application/vnd.npm.install-v1+json
< Transfer-Encoding: chunked
< Connection: keep-alive
< set-cookie: __cf_bm=Q6bgPeDWkVXbE7Az892bXfunyGcLcraIG2i_dnT3nAw-1791066291.6431272-1.0.1.1-ogt4phVtSlFTl5UXKKX2vYMZ0INRPZz1drTq.PUguh_8hB1PN1vO2kPe1S9CJkISI9qvpT0vl4WrysW6t9iasIAecMfUcAqODStDizRzMWuNysILvuGZg9cORaMrmRmi; HttpOnly; SameSite=None; Secure; Path=/; Domain=npmjs.org; Expires=Sat, 03 Oct 2026 22:54:51 GMT
< set-cookie: _cfuvid=Sc7CdLLOixw_DjGM36rTE8oBrtiSsa31XUePmrslhs0-1791066291.6431272-1.0.1.1-sWyGpumNu8GzwCBxCXe2bu32AqV_mHuxD2x390B2OCo; HttpOnly; SameSite=None; Secure; Path=/; Domain=npmjs.org
< CF-Ray: a44f5c02c9967c08-TIA
< CF-Cache-Status: HIT
< ETag: W/"1d56b93f6ab1202eac4115844e85b131"
< Access-Control-Allow-Origin: *
< Cache-Control: public, max-age=300
< Last-Modified: Tue, 07 Nov 2023 07:18:55 GMT
< Server: cloudflare
< Vary: accept-encoding, accept
< Content-Encoding: br

[PackageManager] waiting for 161 tasks
    [209.51ms]
Downloaded mz versions
< 200 OK
< Date: Sat, 03 Oct 2026 22:24:51 GMT
< Content-Type: application/vnd.npm.install-v1+json
< Transfer-Encoding: chunked
< Connection: keep-alive
< set-cookie: __cf_bm=heM0qz2iIzZ.kKiZQQ32U5aQBmbHxkNb1xrhZFHdbt8-1791066291.6434376-1.0.1.1-pKYM333TS_PtEC2BPzWzJhTmOauovD9DbJuJDRW5OfiJ4tiF.RkmSnVpkpx_xt548BcWZu.sx3h8xw.ppPsI7395iE4xEAtVIo0ECJxun84mlNivFoslTxHW9qV1FTRG; HttpOnly; SameSite=None; Secure; Path=/; Domain=npmjs.org; Expires=Sat, 03 Oct 2026 22:54:51 GMT
< set-cookie: _cfuvid=NbIIUtbN34MOntK53yzVegdqv6sLXRN0EVtiUzzIPe0-1791066291.6434376-1.0.1.1-ehNZPQFZuGpp74LjEGJE1sYM8XTIWe8d.jgWEFvq3jo; HttpOnly; SameSite=None; Secure; Path=/; Domain=npmjs.org
< CF-Ray: a44f5c02c980793f-TIA
< CF-Cache-Status: HIT
< ETag: W/"99a87e0d7cb0390444dea2d72a85cf2d"
< Access-Control-Allow-Origin: *
< Cache-Control: public, max-age=300
< Last-Modified: Thu, 27 Mar 2025 11:22:00 GMT
< Server: cloudflare
< Vary: accept-encoding, accept
< Content-Encoding: br

[PackageManager] waiting for 161 tasks
   - "lines-and-columns": "^1.1.6" - lines-and-columns@1.2.4
[PackageManager] waiting for 160 tasks
    [209.52ms]
Downloaded pirates versions
> HTTP/1.1 GET https://registry.npmjs.org/pngjs
> Accept: application/vnd.npm.install-v1+json; q=1.0, application/json; q=0.8, */*
> Connection: keep-alive
> User-Agent: Bun/1.3.9
> Host: registry.npmjs.org
> Accept-Encoding: gzip, deflate, br, zstd

> HTTP/1.1 GET https://registry.npmjs.org/color
> Accept: application/vnd.npm.install-v1+json; q=1.0, application/json; q=0.8, */*
> Connection: keep-alive
> User-Agent: Bun/1.3.9
> Host: registry.npmjs.org
> Accept-Encoding: gzip, deflate, br, zstd

> HTTP/1.1 GET https://registry.npmjs.org/tar-fs
> Accept: application/vnd.npm.install-v1+json; q=1.0, application/json; q=0.8, */*
> Connection: keep-alive
> User-Agent: Bun/1.3.9
> Host: registry.npmjs.org
> Accept-Encoding: gzip, deflate, br, zstd

[PackageManager] waiting for 160 tasks
< 200 OK
< Date: Sat, 03 Oct 2026 22:24:51 GMT
< Content-Type: application/vnd.npm.install-v1+json
< Transfer-Encoding: chunked
< Connection: keep-alive
< set-cookie: __cf_bm=AtC65hIPuGfUpR16V3xFOwT6KPpRDHH.TQUdarobyig-1791066291.6489193-1.0.1.1-EN9QZ71cd7QPBZV.xA8YMX2jVRWPqhuHZre6opdnKL0.LoQfZc_qTia6dBcvT_c1wascY_fqbFx0VUKj6ms_084Q5cQsXv6ukgtUAw0xJagj.f4KRK9.KlgfhTs9R95A; HttpOnly; SameSite=None; Secure; Path=/; Domain=npmjs.org; Expires=Sat, 03 Oct 2026 22:54:51 GMT
< set-cookie: _cfuvid=dQfH288V_HFuQ0QBYl_Q.26kZdKHoeaYc6u7s8p3w8s-1791066291.6489193-1.0.1.1-25uICtVYeqoiTFOZVQjbSbOoxRgzv6mVQoRCabQlWFM; HttpOnly; SameSite=None; Secure; Path=/; Domain=npmjs.org
< CF-Ray: a44f5c02cc5dbd99-TIA
< CF-Cache-Status: HIT
< ETag: W/"184657744c68b977290103f5741f3cf9"
< Access-Control-Allow-Origin: *
< Cache-Control: public, max-age=300
< Last-Modified: Sat, 22 Jul 2023 22:36:15 GMT
< Server: cloudflare
< Vary: accept-encoding, accept
< Content-Encoding: br

   - "mz": "^2.7.0" - mz@2.7.0
Enqueue package manifest for download: any-promise
Enqueue package manifest for download: thenify-all
[PackageManager] waiting for 161 tasks
< 200 OK
< Date: Sat, 03 Oct 2026 22:24:51 GMT
< Content-Type: application/vnd.npm.install-v1+json
< Transfer-Encoding: chunked
< Connection: keep-alive
< set-cookie: __cf_bm=lHq779WTblwB.5DiTwgQd.D2Vk2d8O_XsX385js46t8-1791066291.3216023-1.0.1.1-RbDpcU4bPMzs1KrFV7QNerMSdHTE8NnaLxw4VpB1zsINCD5fHR0I2WtuEfywt6YHFNgl4e6MDNX2dA6e9wUu0.eyNeNKnK0HUdwbqLpMQy_.UrTjv.Xi5xhjVqb8S3CR; HttpOnly; SameSite=None; Secure; Path=/; Domain=npmjs.org; Expires=Sat, 03 Oct 2026 22:54:51 GMT
< set-cookie: _cfuvid=M63ws0PLnoBi0AaE.MhlDT4WV8f93Bwi2_9uKINo7d8-1791066291.3216023-1.0.1.1-iIL71XTq6RE4Kuesbsj.XcLM2PJC7slTsrVYazSG7GU; HttpOnly; SameSite=None; Secure; Path=/; Domain=npmjs.org
< CF-Ray: a44f5c00ca9aa5b3-TIA
< CF-Cache-Status: REVALIDATED
< ETag: W/"666fd6f634373dfdec21b78711771618"
< Access-Control-Allow-Origin: *
< Cache-Control: public, max-age=300
< Last-Modified: Sun, 05 Apr 2026 06:55:51 GMT
< Server: cloudflare
< Vary: accept-encoding, accept
< Content-Encoding: br

    [205.74ms]
Downloaded ts-interface-checker versions
< 200 OK
< Date: Sat, 03 Oct 2026 22:24:51 GMT
< Content-Type: application/vnd.npm.install-v1+json
< Transfer-Encoding: chunked
< Connection: keep-alive
< set-cookie: __cf_bm=r.Tyo0ioeQmPD7nke1grs.iNsnVq8T1ZKbCvIate81c-1791066291.6544483-1.0.1.1-OtMzEUyXumahV99LkZwMI1gzoySkMD6ZdgtB4PSZKydD3H2chOlCwgA3RaYo59tuhy8wuSy0Ak2QKtyyHXK.ROV2R99.87asN9ryA9HD7rs_TJxE_Br53hMPYOn8c5YV; HttpOnly; SameSite=None; Secure; Path=/; Domain=npmjs.org; Expires=Sat, 03 Oct 2026 22:54:51 GMT
< set-cookie: _cfuvid=9lCt.MHZrKCeVfXJ6iDc3gb6CGQmVABshjh11uTvBYc-1791066291.6544483-1.0.1.1-SSCWoA.s6GFnJno2n0MBm2DM_Nz2tEzSiBns9_rMAF8; HttpOnly; SameSite=None; Secure; Path=/; Domain=npmjs.org
< CF-Ray: a44f5c02d9a77c08-TIA
< CF-Cache-Status: HIT
< ETag: W/"4377191a286ea4f42390346d6751f8fd"
< Access-Control-Allow-Origin: *
< Cache-Control: public, max-age=300
< Last-Modified: Tue, 09 Apr 2024 19:21:46 GMT
< Server: cloudflare
< Vary: accept-encoding, accept
< Content-Encoding: br

   - "pirates": "^4.0.1" - pirates@4.0.7
[PackageManager] waiting for 160 tasks
    [613.76ms]
Downloaded @tscircuit/mm versions
< 200 OK
< Date: Sat, 03 Oct 2026 22:24:51 GMT
< Content-Type: application/vnd.npm.install-v1+json
< Transfer-Encoding: chunked
< Connection: keep-alive
< set-cookie: __cf_bm=Bp62ve6cDqjrBJvqZrdB1q.IZc7D1mH25FgU4zBZe4E-1791066291.648931-1.0.1.1-FJBz5MuUWXnmsQTqyp60cNQQcWLqWQZLeJ83peUk2syPQ.MVhDEkCmt9Aj_90jPX2XM532KzUPEmMutXTiQ29y5h4Rpza5kCq2hoqFuQrX1dagQ24G5D6nICtEA6KIWw; HttpOnly; SameSite=None; Secure; Path=/; Domain=npmjs.org; Expires=Sat, 03 Oct 2026 22:54:51 GMT
< set-cookie: _cfuvid=c_tjMsFauCgQ1_umkkBWZDGGQGntMmjTnbyTrVb2Inw-1791066291.648931-1.0.1.1-Wch.qh6tT7k9UhIgh7X8I_W2wCZZzZ9VjV8wtOglKN0; HttpOnly; SameSite=None; Secure; Path=/; Domain=npmjs.org
< CF-Ray: a44f5c02caf5f474-TIA
< CF-Cache-Status: HIT
< ETag: W/"c4be30fa2be88393a1161cf07f8bda44"
< Access-Control-Allow-Origin: *
< Cache-Control: public, max-age=300
< Last-Modified: Sat, 06 Apr 2024 21:32:31 GMT
< Server: cloudflare
< Vary: accept-encoding, accept
< Content-Encoding: br

> HTTP/1.1 GET https://registry.npmjs.org/simple-get
> Accept: application/vnd.npm.install-v1+json; q=1.0, application/json; q=0.8, */*
> Connection: keep-alive
> User-Agent: Bun/1.3.9
> Host: registry.npmjs.org
> Accept-Encoding: gzip, deflate, br, zstd

> HTTP/1.1 GET https://registry.npmjs.org/detect-libc
> Accept: application/vnd.npm.install-v1+json; q=1.0, application/json; q=0.8, */*
> Connection: keep-alive
> User-Agent: Bun/1.3.9
> Host: registry.npmjs.org
> Accept-Encoding: gzip, deflate, br, zstd

[PackageManager] waiting for 160 tasks
   - "@tscircuit/mm": "^0.0.9" - @tscircuit/mm@0.0.9
   - "@tscircuit/mm": "^0.0.8" - @tscircuit/mm@0.0.8
[PackageManager] waiting for 159 tasks
   - "ts-interface-checker": "^0.1.9" - ts-interface-checker@0.1.13
[PackageManager] waiting for 158 tasks
    [198.95ms]
Downloaded yallist versions
< 200 OK
< Date: Sat, 03 Oct 2026 22:24:51 GMT
< Content-Type: application/vnd.npm.install-v1+json
< Transfer-Encoding: chunked
< Connection: keep-alive
< set-cookie: __cf_bm=06dXZ.LLiRKcQqDpOldkcGwsbqYsoaRTRzeIdU9.vxk-1791066291.648899-1.0.1.1-BzyRuHThCJJAI.aqArxMzoAUrxM_.tEmVb1AGDEZSVZqrb7DF0QNMrZYgsHvdHHOySC9hMDcTOxwwkfWzPcyAZQ6lf9Sc5US8TVWpQaNEA2ZxfiawKUvChgd.8UgkGmu; HttpOnly; SameSite=None; Secure; Path=/; Domain=npmjs.org; Expires=Sat, 03 Oct 2026 22:54:51 GMT
< set-cookie: _cfuvid=vubBTJS9fqJ6mcMdv2RRpwBdka1JunJGGigr3d89XOw-1791066291.648899-1.0.1.1-nPIlsUY0Z5uHWLSTOwpvrk7XcFnb_rG.2nQrMOG4Wyk; HttpOnly; SameSite=None; Secure; Path=/; Domain=npmjs.org
< CF-Ray: a44f5c02cc7aa5b3-TIA
< CF-Cache-Status: HIT
< ETag: W/"ccac589ba8a9ac9c52d1fbbf97cf8e16"
< Access-Control-Allow-Origin: *
< Cache-Control: public, max-age=300
< Last-Modified: Thu, 01 Oct 2026 13:52:33 GMT
< Server: cloudflare
< Vary: accept-encoding, accept
< Content-Encoding: br

[PackageManager] waiting for 158 tasks
   - "yallist": "^4.0.0" - yallist@4.0.0
[PackageManager] waiting for 157 tasks
    [217.01ms]
Downloaded commander versions
< 200 OK
< Date: Sat, 03 Oct 2026 22:24:51 GMT
< Content-Type: application/vnd.npm.install-v1+json
< Transfer-Encoding: chunked
< Connection: keep-alive
< set-cookie: __cf_bm=GNEtixHnuMmEH_JizQ0M9f6XTXxfQeCKvpSWklTprEw-1791066291.6544676-1.0.1.1-CR8ico0Qi7mRRQE2Wh9ZLN9k0NeA436fA9fNdbjcKMxncIUi0FPMlud56ESKAJxL86dggbOKn5IpgQc0pfuJQuIMA0Yea3l0hsbJHvp.DTOw.TVP.RC4_a5OcC7herwF; HttpOnly; SameSite=None; Secure; Path=/; Domain=npmjs.org; Expires=Sat, 03 Oct 2026 22:54:51 GMT
< set-cookie: _cfuvid=Q_W1f7CTBsHBp66YZrVQOsLqO.mVGbX4z6PR9.wpilg-1791066291.6544676-1.0.1.1-3bPp3UGxLokLTUGM_nkTLN0GQt7amayFMO4hKaLcM4Q; HttpOnly; SameSite=None; Secure; Path=/; Domain=npmjs.org
< CF-Ray: a44f5c02dff69b00-TIA
< CF-Cache-Status: HIT
< ETag: W/"93464acd66dc8c67f1fb2645ea191e6e"
< Access-Control-Allow-Origin: *
< Cache-Control: public, max-age=300
< Last-Modified: Sun, 21 Sep 2025 21:27:21 GMT
< Server: cloudflare
< Vary: accept-encoding, accept
< Content-Encoding: br

> HTTP/1.1 GET https://registry.npmjs.org/tunnel-agent
> Accept: application/vnd.npm.install-v1+json; q=1.0, application/json; q=0.8, */*
> Connection: keep-alive
> User-Agent: Bun/1.3.9
> Host: registry.npmjs.org
> Accept-Encoding: gzip, deflate, br, zstd

[PackageManager] waiting for 157 tasks
   - "commander": "^4.0.0" - commander@4.1.1
> HTTP/1.1 GET https://registry.npmjs.org/node-addon-api
> Accept: application/vnd.npm.install-v1+json; q=1.0, application/json; q=0.8, */*
> Connection: keep-alive
> User-Agent: Bun/1.3.9
> Host: registry.npmjs.org
> Accept-Encoding: gzip, deflate, br, zstd

[PackageManager] waiting for 156 tasks
    [210.38ms]
Downloaded chownr versions
> HTTP/1.1 GET https://registry.npmjs.org/prebuild-install
> Accept: application/vnd.npm.install-v1+json; q=1.0, application/json; q=0.8, */*
> Connection: keep-alive
> User-Agent: Bun/1.3.9
> Host: registry.npmjs.org
> Accept-Encoding: gzip, deflate, br, zstd

[PackageManager] waiting for 156 tasks
   - "chownr": "^2.0.0" - chownr@2.0.0
[PackageManager] waiting for 155 tasks
    [213.14ms]
Downloaded follow-redirects versions
> HTTP/1.1 GET https://registry.npmjs.org/js-tokens
> Accept: application/vnd.npm.install-v1+json; q=1.0, application/json; q=0.8, */*
> Connection: keep-alive
> User-Agent: Bun/1.3.9
> Host: registry.npmjs.org
> Accept-Encoding: gzip, deflate, br, zstd

< 200 OK
< Date: Sat, 03 Oct 2026 22:24:51 GMT
< Content-Type: application/vnd.npm.install-v1+json
< Transfer-Encoding: chunked
< Connection: keep-alive
< set-cookie: __cf_bm=58Us0EFt79cWLeOT3rKc3C.EN44KUvPO1UdRqobNqxM-1791066291.6598365-1.0.1.1-X_UR5KidRPaNMtwYoudQzQ_g2Xmc.HcOLVg9QyO8pX2tP2Vh.Yo.M9l3zUeEuCe_qhS9Mb6LljDzOFF0X.mpZA8BYhcJqUN9ElljKNCRzUe.QUVib04SAa9TVTSbkN.l; HttpOnly; SameSite=None; Secure; Path=/; Domain=npmjs.org; Expires=Sat, 03 Oct 2026 22:54:51 GMT
< set-cookie: _cfuvid=BtYGzdL4OWC8sGXkRa_CrwHslffM8DKuNraPubRsLD0-1791066291.6598365-1.0.1.1-IyhIPBgOS58WkWOyGJeKX7ij66vkCCReRAikqJeIM4c; HttpOnly; SameSite=None; Secure; Path=/; Domain=npmjs.org
< CF-Ray: a44f5c02db655f50-TIA
< CF-Cache-Status: HIT
< ETag: W/"40a22cb940f4b9090e06a43ce4093f03"
< Access-Control-Allow-Origin: *
< Cache-Control: public, max-age=300
< Last-Modified: Sat, 20 Apr 2024 21:34:01 GMT
< Server: cloudflare
< Vary: accept-encoding, accept
< Content-Encoding: br

[PackageManager] waiting for 155 tasks
< 200 OK
< Date: Sat, 03 Oct 2026 22:24:51 GMT
< Content-Type: application/vnd.npm.install-v1+json
< Transfer-Encoding: chunked
< Connection: keep-alive
< set-cookie: __cf_bm=TfN2IYvhQyvI6oZawt7qAwWj.SY8yDmR1RfO3xe5pAM-1791066291.6545603-1.0.1.1-BV2aOYnQPnU19gBQiFPdS..yEAviLWJQd4jCVugN1IVuaPz3ZlFLtlXLhbfV1T54CGlIDZAdIbcxAkiFLDfTxM83fmGTyOvUABmN2ujlTzQSrQi.7vlBeCbxN3cQdONT; HttpOnly; SameSite=None; Secure; Path=/; Domain=npmjs.org; Expires=Sat, 03 Oct 2026 22:54:51 GMT
< set-cookie: _cfuvid=UUqEjnGca9zZPBlgCtpe9uPS8p4.x8zeEX4s2hI1PbA-1791066291.6545603-1.0.1.1-UKZVJpKeBO3K3A5OtB_9uV8z68lV3mJi7fU8czz550I; HttpOnly; SameSite=None; Secure; Path=/; Domain=npmjs.org
< CF-Ray: a44f5c02dff59b00-TIA
< CF-Cache-Status: HIT
< ETag: W/"e3e82aa8744f4f34eaca3b3c2b427a1c"
< Access-Control-Allow-Origin: *
< Cache-Control: public, max-age=300
< Last-Modified: Fri, 17 Jul 2026 17:10:14 GMT
< Server: cloudflare
< Vary: accept-encoding, accept
< Content-Encoding: br

    [200.81ms]
Downloaded fs-minipass versions
< 200 OK
< Date: Sat, 03 Oct 2026 22:24:51 GMT
< Content-Type: application/vnd.npm.install-v1+json
< Transfer-Encoding: chunked
< Connection: keep-alive
< set-cookie: __cf_bm=oQvv6_qbxydc.9XJNbM6gd6QZNG4MD5N9ayR4T2Ejec-1791066291.654478-1.0.1.1-aJOgQIl0CVtKUFwYaRBOsoq8KQdwKyvDhJhNIQ8oRcLRwIYM3iMNJhuH7MA8d7nfdsoebxEh86Kh7Wf368lELHiMSmJp3bP3Be9aqtEsweUydG.zbfqoCC6NSpWz.7zR; HttpOnly; SameSite=None; Secure; Path=/; Domain=npmjs.org; Expires=Sat, 03 Oct 2026 22:54:51 GMT
< set-cookie: _cfuvid=d6NKGnYaOeYClte_2WrX4KHEw83TnhX.TACHmLLXBZo-1791066291.654478-1.0.1.1-7gaL9R.oJXZdLuHgCyDFlmwPZJF3xJA_FM6k40OHyaI; HttpOnly; SameSite=None; Secure; Path=/; Domain=npmjs.org
< CF-Ray: a44f5c02dff49b00-TIA
< CF-Cache-Status: HIT
< ETag: W/"e0ed3303226ecfa89ce20e3772e19337"
< Access-Control-Allow-Origin: *
< Cache-Control: public, max-age=300
< Last-Modified: Thu, 19 Feb 2026 00:34:35 GMT
< Server: cloudflare
< Vary: accept-encoding, accept
< Content-Encoding: br

[PackageManager] waiting for 155 tasks
   - "follow-redirects": "^1.14.8" - follow-redirects@1.16.1
[PackageManager] waiting for 154 tasks
    [202.91ms]
Downloaded minizlib versions
< 200 OK
< Date: Sat, 03 Oct 2026 22:24:51 GMT
< Content-Type: application/vnd.npm.install-v1+json
< Transfer-Encoding: chunked
< Connection: keep-alive
< set-cookie: __cf_bm=woeqQvRuc80vzgDrex62Qsz9EyUddZxpzB3axsCvW20-1791066291.6601143-1.0.1.1-VV3632k8BvqFSjM7gmgcaUrz3oWe2A4yirz075SZ56xMydxus9uL8ArGbqLJtlFDzVfR6lse6SGEoPyAqRSxDaa6_4b43NPoXWTnYUTcyVsipk7jYZLgMSauq22K2vqT; HttpOnly; SameSite=None; Secure; Path=/; Domain=npmjs.org; Expires=Sat, 03 Oct 2026 22:54:51 GMT
< set-cookie: _cfuvid=yjv7Rw0b_73wf.HdIQTp53ePO5XYTOfP6ID.ZSBaBlE-1791066291.6601143-1.0.1.1-N3QbJfU9ppwMBnuyHfRcu7IrzpFC1g9rxfFfPmr63eM; HttpOnly; SameSite=None; Secure; Path=/; Domain=npmjs.org
< CF-Ray: a44f5c02d992793f-TIA
< CF-Cache-Status: HIT
< ETag: W/"40eded0472dd74695187ac4bab710bb6"
< Access-Control-Allow-Origin: *
< Cache-Control: public, max-age=300
< Last-Modified: Wed, 12 Jul 2023 19:05:51 GMT
< Server: cloudflare
< Vary: accept-encoding, accept
< Content-Encoding: br

   - "fs-minipass": "^2.0.0" - fs-minipass@2.1.0
[PackageManager] waiting for 153 tasks
    [201.05ms]
Downloaded abort-controller versions
< 200 OK
< Date: Sat, 03 Oct 2026 22:24:51 GMT
< Content-Type: application/vnd.npm.install-v1+json
< Transfer-Encoding: chunked
< Connection: keep-alive
< set-cookie: __cf_bm=Z5ZhEde5TfHYBPOU9lyJsXz3idkytaBsyaZhqSQJ5Rc-1791066291.6599627-1.0.1.1-ggL6YZ_qjaW5BUp7FUcRwyY0AtXO9NYaAgGNhYkywhkIDBHgkeJaD5KSok8.OPlbmHA5rcRfzZW9cVyb4jKBO9mDu68rHk6B.UDE_PbygatYZaAS.EFEzG8FRQHrtAVA; HttpOnly; SameSite=None; Secure; Path=/; Domain=npmjs.org; Expires=Sat, 03 Oct 2026 22:54:51 GMT
< set-cookie: _cfuvid=BTy03S0oE8aU2VpHSDl3sOLUnofex4HgbOSHcPOYMFA-1791066291.6599627-1.0.1.1-cifWIDM5yiee0Q5mlgkeeRS0zWhSZ9c3.Z1F0Te9.vc; HttpOnly; SameSite=None; Secure; Path=/; Domain=npmjs.org
< CF-Ray: a44f5c02d8029b00-TIA
< CF-Cache-Status: HIT
< ETag: W/"2c908e13b4af67bc4c92a465de1b65fe"
< Access-Control-Allow-Origin: *
< Cache-Control: public, max-age=300
< Last-Modified: Sat, 22 Jul 2023 20:56:42 GMT
< Server: cloudflare
< Vary: accept-encoding, accept
< Content-Encoding: br

> HTTP/1.1 GET https://registry.npmjs.org/dom-serializer
> Accept: application/vnd.npm.install-v1+json; q=1.0, application/json; q=0.8, */*
> Connection: keep-alive
> User-Agent: Bun/1.3.9
> Host: registry.npmjs.org
> Accept-Encoding: gzip, deflate, br, zstd

> HTTP/1.1 GET https://registry.npmjs.org/domelementtype
> Accept: application/vnd.npm.install-v1+json; q=1.0, application/json; q=0.8, */*
> Connection: keep-alive
> User-Agent: Bun/1.3.9
> Host: registry.npmjs.org
> Accept-Encoding: gzip, deflate, br, zstd

[PackageManager] waiting for 153 tasks
> HTTP/1.1 GET https://registry.npmjs.org/@types%2festree
> Accept: application/vnd.npm.install-v1+json; q=1.0, application/json; q=0.8, */*
> Connection: keep-alive
> User-Agent: Bun/1.3.9
> Host: registry.npmjs.org
> Accept-Encoding: gzip, deflate, br, zstd

   - "minizlib": "^2.1.1" - minizlib@2.1.2
[PackageManager] waiting for 152 tasks
   - "abort-controller": "^3.0.0" - abort-controller@3.0.0
Enqueue package manifest for download: event-target-shim
[PackageManager] waiting for 152 tasks
> HTTP/1.1 GET https://registry.npmjs.org/@rollup%2frollup-darwin-x64
> Accept: application/vnd.npm.install-v1+json; q=1.0, application/json; q=0.8, */*
> Connection: keep-alive
> User-Agent: Bun/1.3.9
> Host: registry.npmjs.org
> Accept-Encoding: gzip, deflate, br, zstd

    [207.82ms]
Downloaded mkdirp versions
[PackageManager] waiting for 152 tasks
   - "mkdirp": "^1.0.3" - mkdirp@1.0.4
[PackageManager] waiting for 151 tasks
> HTTP/1.1 GET https://registry.npmjs.org/@rollup%2frollup-freebsd-x64
> Accept: application/vnd.npm.install-v1+json; q=1.0, application/json; q=0.8, */*
> Connection: keep-alive
> User-Agent: Bun/1.3.9
> Host: registry.npmjs.org
> Accept-Encoding: gzip, deflate, br, zstd

    [207.25ms]
Downloaded buffer versions
[PackageManager] waiting for 151 tasks
   - "buffer": "^6.0.3" - buffer@6.0.3
Enqueue package manifest for download: base64-js
Enqueue package manifest for download: ieee754
[PackageManager] waiting for 152 tasks
    [217.98ms]
Downloaded minipass versions
> HTTP/1.1 GET https://registry.npmjs.org/@rollup%2frollup-openbsd-x64
> Accept: application/vnd.npm.install-v1+json; q=1.0, application/json; q=0.8, */*
> Connection: keep-alive
> User-Agent: Bun/1.3.9
> Host: registry.npmjs.org
> Accept-Encoding: gzip, deflate, br, zstd

< 200 OK
< Date: Sat, 03 Oct 2026 22:24:51 GMT
< Content-Type: application/vnd.npm.install-v1+json
< Transfer-Encoding: chunked
< Connection: keep-alive
< set-cookie: __cf_bm=8.BtfDY0gb1kosqaBM.Zspoar9u.kZV9HBqjDH.2to0-1791066291.6764774-1.0.1.1-BqQrwgnWTzKZd8iCkPnw3euCqYksPFapJtyWfZD_qUuKaLndeprBjT4NTHO2.eaplFD2b0JFyYhcjaMw6zOVLbN1.pEIS4D4BkpQrWfJiS32ojshRi3R3R1ybKmebjH3; HttpOnly; SameSite=None; Secure; Path=/; Domain=npmjs.org; Expires=Sat, 03 Oct 2026 22:54:51 GMT
< set-cookie: _cfuvid=p1obCr5083OY8GTOKny4UBZcd0vPRSHdfJDDi0NRoMU-1791066291.6764774-1.0.1.1-byyIswWzrjoWOKxLoTz3fN7dGd_TPLs04G8VD2KH264; HttpOnly; SameSite=None; Secure; Path=/; Domain=npmjs.org
< CF-Ray: a44f5c02f8199b00-TIA
< CF-Cache-Status: HIT
< ETag: W/"50ab8b4a43d6592e671a5bc6b1e9ee70"
< Access-Control-Allow-Origin: *
< Cache-Control: public, max-age=300
< Last-Modified: Wed, 12 Jul 2023 19:05:49 GMT
< Server: cloudflare
< Vary: accept-encoding, accept
< Content-Encoding: br

< 200 OK
< Date: Sat, 03 Oct 2026 22:24:51 GMT
< Content-Type: application/vnd.npm.install-v1+json
< Transfer-Encoding: chunked
< Connection: keep-alive
< set-cookie: __cf_bm=grWQUUYIB4pgmZJIebQz5VZMjK8IYwRFqSnIkwAaNRo-1791066291.67638-1.0.1.1-g6MX5O1GFXgcAo7SBrAKyxbkjyxTSxYcjWnzWyGjie5O.wNL66BOOSN05kenHnfnP2.Dv6QVz6ONfo2tUnERvhVrkpZHGqcC3EPGDhF83P7WZypMVCFsz5MtFoBoVICt; HttpOnly; SameSite=None; Secure; Path=/; Domain=npmjs.org; Expires=Sat, 03 Oct 2026 22:54:51 GMT
< set-cookie: _cfuvid=7WtTyEP70.w_YZ7dJs8NarQd.n9U1zRFtBXxhpjzGF8-1791066291.67638-1.0.1.1-OoDWTAb94rokeO7KRfU9uYjQlmnr4ckdKiBDQ4GnU5w; HttpOnly; SameSite=None; Secure; Path=/; Domain=npmjs.org
< CF-Ray: a44f5c02fc5d51a4-TIA
< CF-Cache-Status: HIT
< ETag: W/"ead6a1b6836a3761d6acf3f5e5111930"
< Access-Control-Allow-Origin: *
< Cache-Control: public, max-age=300
< Last-Modified: Wed, 12 Jul 2023 19:04:57 GMT
< Server: cloudflare
< Vary: accept-encoding, accept
< Content-Encoding: br

[PackageManager] waiting for 152 tasks
   - "minipass": "^5.0.0" - minipass@5.0.0
   - "minipass": "^3.0.0" - minipass@3.3.6
[PackageManager] waiting for 151 tasks
    [206.44ms]
Downloaded events versions
> HTTP/1.1 GET https://registry.npmjs.org/@napi-rs%2flzma-linux-x64-gnu
> Accept: application/vnd.npm.install-v1+json; q=1.0, application/json; q=0.8, */*
> Connection: keep-alive
> User-Agent: Bun/1.3.9
> Host: registry.npmjs.org
> Accept-Encoding: gzip, deflate, br, zstd

[PackageManager] waiting for 151 tasks
    [203.37ms]
Downloaded string_decoder versions
< 200 OK
< Date: Sat, 03 Oct 2026 22:24:51 GMT
< Content-Type: application/vnd.npm.install-v1+json
< Transfer-Encoding: chunked
< Connection: keep-alive
< set-cookie: __cf_bm=wSvZ9OhWKcp.7U452uZ7HM.ZFzVnxUIRUPkr2CNwhnI-1791066291.6765509-1.0.1.1-VVR4sW9HIITzH5LcxT2kkisd86L9nLd5MgX8.iyVOK8S08.HekoOTub7BA6kqWioVRZCPMnCvhM569BGyJ.wIFt4zhzCQtd_QNdji7.jI3JwwCJQQsx5IWgeqQi06iE2; HttpOnly; SameSite=None; Secure; Path=/; Domain=npmjs.org; Expires=Sat, 03 Oct 2026 22:54:51 GMT
< set-cookie: _cfuvid=t4tCLK4gQFJCxPNbS6mizYTgFIRmTlKsBDOqA1AMcJM-1791066291.6765509-1.0.1.1-gGg04l_kJmKHsQu.QVCtAsEliz5DOuN0DeQCshiPOKE; HttpOnly; SameSite=None; Secure; Path=/; Domain=npmjs.org
< CF-Ray: a44f5c02f9a1793f-TIA
< CF-Cache-Status: HIT
< ETag: W/"e55a59a6d6f40e4c52ca1fa3cb5f5d21"
< Access-Control-Allow-Origin: *
< Cache-Control: public, max-age=300
< Last-Modified: Mon, 13 Oct 2025 17:09:41 GMT
< Server: cloudflare
< Vary: accept-encoding, accept
< Content-Encoding: br

[PackageManager] waiting for 151 tasks
   - "events": "^3.3.0" - events@3.3.0
> HTTP/1.1 GET https://registry.npmjs.org/@rollup%2frollup-darwin-arm64
> Accept: application/vnd.npm.install-v1+json; q=1.0, application/json; q=0.8, */*
> Connection: keep-alive
> User-Agent: Bun/1.3.9
> Host: registry.npmjs.org
> Accept-Encoding: gzip, deflate, br, zstd

[PackageManager] waiting for 150 tasks
    [206.35ms]
Downloaded process versions
> HTTP/1.1 GET https://registry.npmjs.org/@rollup%2frollup-android-arm64
> Accept: application/vnd.npm.install-v1+json; q=1.0, application/json; q=0.8, */*
> Connection: keep-alive
> User-Agent: Bun/1.3.9
> Host: registry.npmjs.org
> Accept-Encoding: gzip, deflate, br, zstd

[PackageManager] waiting for 150 tasks
   - "string_decoder": "^1.3.0" - string_decoder@1.3.0
   - "string_decoder": "~1.1.1" - string_decoder@1.1.1
[PackageManager] waiting for 149 tasks
   - "process": "^0.11.10" - process@0.11.10
< 200 OK
< Date: Sat, 03 Oct 2026 22:24:51 GMT
< Content-Type: application/vnd.npm.install-v1+json
< Transfer-Encoding: chunked
< Connection: keep-alive
< set-cookie: __cf_bm=HWLm5l517wuhC29LGMrHxE51JjLmSmLTqeDxSPIzhXM-1791066291.3272963-1.0.1.1-yvBnt9hfb3XYnEWhRlXoou8Qqg3pSsEtD1xRC9VcECbJl34XdculJYJuBRm3n6Tk6FSHgTaasioM3_yxeNhzvY_U._mOuSi12FWxuYU0LvNeGC4yPK6GTNXxNTGLG0Kn; HttpOnly; SameSite=None; Secure; Path=/; Domain=npmjs.org; Expires=Sat, 03 Oct 2026 22:54:51 GMT
< set-cookie: _cfuvid=7CbJfZVx1obMCeTasF9TmS5ck6Aa4lVBrMwyQ7d7TLY-1791066291.3272963-1.0.1.1-1G0FZBLZ0rv60spb9V0fHtbv.ttj0h2njNg3I_.XFz4; HttpOnly; SameSite=None; Secure; Path=/; Domain=npmjs.org
< CF-Ray: a44f5c00cfe97c08-TIA
< CF-Cache-Status: HIT
< ETag: W/"29eee96693dbf97689c54a15873d8d3f"
< Access-Control-Allow-Origin: *
< Cache-Control: public, max-age=300
< Last-Modified: Tue, 18 Aug 2026 18:21:58 GMT
< Server: cloudflare
< Vary: accept-encoding, accept
< Content-Encoding: br

[PackageManager] waiting for 148 tasks
> HTTP/1.1 GET https://registry.npmjs.org/@rollup%2frollup-freebsd-arm64
> Accept: application/vnd.npm.install-v1+json; q=1.0, application/json; q=0.8, */*
> Connection: keep-alive
> User-Agent: Bun/1.3.9
> Host: registry.npmjs.org
> Accept-Encoding: gzip, deflate, br, zstd

    [563.41ms]
Downloaded uuid versions
< 200 OK
< Date: Sat, 03 Oct 2026 22:24:51 GMT
< Content-Type: application/vnd.npm.install-v1+json
< Transfer-Encoding: chunked
< Connection: keep-alive
< set-cookie: __cf_bm=RIioFftAqfR4pQ0bsAti9bup10Q0jkVXUjTXbyXwYZw-1791066291.6764941-1.0.1.1-aWjeldfw9cZzuT2vlCX_Hfc5YQvHHwgA64HHPi4zOgcUaVK76GK5P8Im6Hf9VNshD7thmq25xkGftI4lv5Qj_VWwqxgVfea.gOtHJ2FW.o4nPgjCo2JqvqOvirt807q7; HttpOnly; SameSite=None; Secure; Path=/; Domain=npmjs.org; Expires=Sat, 03 Oct 2026 22:54:51 GMT
< set-cookie: _cfuvid=VVjxRAfG0MXn.7l89g8fLl8crs16JR_WUEHb1DKxXjE-1791066291.6764941-1.0.1.1-OlLEE8wG8hks9oseUvc1W_lyatsSWl7DUFFB3r4gG.4; HttpOnly; SameSite=None; Secure; Path=/; Domain=npmjs.org
< CF-Ray: a44f5c02fc80bd99-TIA
< CF-Cache-Status: HIT
< ETag: W/"4e86ff744eb86252c9dadfe9de5b76c7"
< Access-Control-Allow-Origin: *
< Cache-Control: public, max-age=300
< Last-Modified: Tue, 15 Sep 2026 15:23:45 GMT
< Server: cloudflare
< Vary: accept-encoding, accept
< Content-Encoding: br

[PackageManager] waiting for 148 tasks
   - "uuid": "^3.0.0" - uuid@3.4.0
[PackageManager] waiting for 147 tasks
    [568.87ms] Downloaded @tscircuit/pcb-trace-linter tarball
> HTTP/1.1 GET https://registry.npmjs.org/@rollup%2frollup-linux-x64-gnu
> Accept: application/vnd.npm.install-v1+json; q=1.0, application/json; q=0.8, */*
> Connection: keep-alive
> User-Agent: Bun/1.3.9
> Host: registry.npmjs.org
> Accept-Encoding: gzip, deflate, br, zstd

< 200 OK
< Date: Sat, 03 Oct 2026 22:24:51 GMT
< Content-Type: application/vnd.npm.install-v1+json
< Transfer-Encoding: chunked
< Connection: keep-alive
< set-cookie: __cf_bm=kupA6TZvXSbO3Kfrlsg57mpGR.1vjT6nv99QnOeQRyg-1791066291.4660738-1.0.1.1-O34_gyBr.rFCchHadMyaW0hRPs4m.uPadO5ey7Lcx0IHS8C1WSnWmkWHvDFW7yYV_ZuPJzR8IgF4f39FZSmojJ29CTlftPrg2NYi3.oW0a99KRZ5yeu6zYrjyp6aKwJs; HttpOnly; SameSite=None; Secure; Path=/; Domain=npmjs.org; Expires=Sat, 03 Oct 2026 22:54:51 GMT
< set-cookie: _cfuvid=Qw.rJXL6k8yh9MFv8cH2KWFXR8Pbt7WguXS4CSzp.Cc-1791066291.4660738-1.0.1.1-OetDzTnBWe9vlFHeQyGAF4nZZEeQgW3mMHPjfAAGyxo; HttpOnly; SameSite=None; Secure; Path=/; Domain=npmjs.org
< CF-Ray: a44f5c01ab6ca5b3-TIA
< CF-Cache-Status: HIT
< ETag: W/"6f8c6402a2d8a4315dd3d9019fe47c25"
< Access-Control-Allow-Origin: *
< Cache-Control: public, max-age=300
< Last-Modified: Sun, 30 Aug 2026 21:28:57 GMT
< Server: cloudflare
< Vary: accept-encoding, accept
< Content-Encoding: br

[PackageManager] waiting for 147 tasks
    [430.89ms]
Downloaded @octokit/core versions
< 200 OK
< Date: Sat, 03 Oct 2026 22:24:51 GMT
< Content-Type: application/vnd.npm.install-v1+json
< Transfer-Encoding: chunked
< Connection: keep-alive
< set-cookie: __cf_bm=ZQ5e.1O9T8Dy79CNGx3Npe94CTP7ixwDAzIyQvWBTQQ-1791066291.6979282-1.0.1.1-DB8pUNPTsw80tLZADB8ScNJzdwd0bN3aG3ROnv..wmrfdumkGyUhVHJevoylESKkVAoCO95iCZoZUoqpvtfIFTy0teEHPBnJ97NnELmuVGPmknQupORb1vewRyqfCifg; HttpOnly; SameSite=None; Secure; Path=/; Domain=npmjs.org; Expires=Sat, 03 Oct 2026 22:54:51 GMT
< set-cookie: _cfuvid=aBUxYhbWE0fhcAQ3yXe86V3Dxln_5sgBFXtmBY7oU_4-1791066291.6979282-1.0.1.1-NkCbxpiZua1zyNhwEMXXxgX_b6QtgiFKFKw621Vut3s; HttpOnly; SameSite=None; Secure; Path=/; Domain=npmjs.org
< CF-Ray: a44f5c0319f07c08-TIA
< CF-Cache-Status: HIT
< ETag: W/"77134160af228981ae1c1326b5b6e571"
< Access-Control-Allow-Origin: *
< Cache-Control: public, max-age=300
< Last-Modified: Mon, 18 Nov 2024 14:21:36 GMT
< Server: cloudflare
< Vary: accept-encoding, accept
< Content-Encoding: br

> HTTP/1.1 GET https://registry.npmjs.org/@rollup%2frollup-win32-x64-gnu
> Accept: application/vnd.npm.install-v1+json; q=1.0, application/json; q=0.8, */*
> Connection: keep-alive
> User-Agent: Bun/1.3.9
> Host: registry.npmjs.org
> Accept-Encoding: gzip, deflate, br, zstd

> HTTP/1.1 GET https://registry.npmjs.org/@rollup%2frollup-linux-x64-musl
> Accept: application/vnd.npm.install-v1+json; q=1.0, application/json; q=0.8, */*
> Connection: keep-alive
> User-Agent: Bun/1.3.9
> Host: registry.npmjs.org
> Accept-Encoding: gzip, deflate, br, zstd

[PackageManager] waiting for 147 tasks
    [198.77ms]
Downloaded cross-spawn versions
[PackageManager] waiting for 147 tasks
   - "@octokit/core": "^5.0.0" - @octokit/core@5.2.2
Enqueue package manifest for download: @octokit/graphql
Enqueue package manifest for download: @octokit/request
Enqueue package manifest for download: before-after-hook
Enqueue package manifest for download: @octokit/auth-token
Enqueue package manifest for download: universal-user-agent
Enqueue package manifest for download: @octokit/request-error
[PackageManager] waiting for 152 tasks
   - "cross-spawn": "^7.0.3" - cross-spawn@7.0.6
Enqueue package manifest for download: which
Enqueue package manifest for download: path-key
Enqueue package manifest for download: shebang-command
< 200 OK
< Date: Sat, 03 Oct 2026 22:24:51 GMT
< Content-Type: application/vnd.npm.install-v1+json
< Transfer-Encoding: chunked
< Connection: keep-alive
< set-cookie: __cf_bm=yBc7MjfEWMeAbR5AUiHrqfmV7ckgbmQllmnE5X3gUDo-1791066291.4662166-1.0.1.1-gp5gHtt.jn5RoIEOwrohWZjedp7JVf_mookjKyLHcWlL9f.ZOSMrUgaLCJGh2Jr2_i9BaXEgUcJZRoAyX7vMJFEK7MXqvVx5vGlxmsVIqjGDYo5ppG0u5pT4nWDXof3A; HttpOnly; SameSite=None; Secure; Path=/; Domain=npmjs.org; Expires=Sat, 03 Oct 2026 22:54:51 GMT
< set-cookie: _cfuvid=qKGxf39dgyL1gDKs7EMQcRJvnXX6kZUzUxKsMewH458-1791066291.4662166-1.0.1.1-bpDk_aKaP8bDuXY.hWQZIJzE_BfyWs1R8un5Tx4TmVM; HttpOnly; SameSite=None; Secure; Path=/; Domain=npmjs.org
< CF-Ray: a44f5c01ae9b9b00-TIA
< CF-Cache-Status: HIT
< ETag: W/"59f07338453a206e5b0de4120a512e7b"
< Access-Control-Allow-Origin: *
< Cache-Control: public, max-age=300
< Last-Modified: Sat, 29 Aug 2026 16:04:01 GMT
< Server: cloudflare
< Vary: accept-encoding, accept
< Content-Encoding: br

< 200 OK
< Date: Sat, 03 Oct 2026 22:24:51 GMT
< Content-Type: application/vnd.npm.install-v1+json
< Transfer-Encoding: chunked
< Connection: keep-alive
< set-cookie: __cf_bm=uyabqD3dTNvojnREM3_A8lE5ZPopnPSvNYoWyTE6fiw-1791066291.4663258-1.0.1.1-AtRVQrrjALKvZg7k7Qr7AVlHxeTvHPww7LkpAOBgLj7pKWfiIVJ0VMAiL1pO.aqcFSvajIFFgXqlUnXt2SSBl2T2tK2szcWcm.O.uzTWdFi0OF.LvMuFjnBwd4alqSHZ; HttpOnly; SameSite=None; Secure; Path=/; Domain=npmjs.org; Expires=Sat, 03 Oct 2026 22:54:51 GMT
< set-cookie: _cfuvid=dxJlVs5VvYVdw7toAyOtiJLeFKE_hT9T7YpC3zoV_74-1791066291.4663258-1.0.1.1-Dhvndz8sVu1hclwlyQ_ds73kJSvMtZ8hSKI75R2ymhY; HttpOnly; SameSite=None; Secure; Path=/; Domain=npmjs.org
< CF-Ray: a44f5c01ab5c51a4-TIA
< CF-Cache-Status: HIT
< ETag: W/"3331d9ceebe2c1dc3880c657db0cbfb6"
< Access-Control-Allow-Origin: *
< Cache-Control: public, max-age=300
< Last-Modified: Sat, 01 Aug 2026 15:58:44 GMT
< Server: cloudflare
< Vary: accept-encoding, accept
< Content-Encoding: br

 .github/
 .github/workflows/
 .github/workflows/bun-formatcheck.yml
 .github/workflows/bun-test.yml
 .github/workflows/bun-typecheck.yml
 .gitignore
 LICENSE
 README.md
 biome.json
 bunfig.toml
 cosmos.config.json
 cosmos.decorator.tsx
 index.html
 lib/
 lib/CircuitJsonPcbTraceLinter.ts
 lib/OddAngleFinder.ts
 lib/PcbTraceLinter.ts
 lib/index.ts
 lib/normalizeInput.ts
 lib/segments.ts
 lib/srj.ts
 lib/types.ts
 lib/validateSimpleRouteJson.ts
 lib/visualizeIssues.ts
 package.json
 pages/
 pages/_welcome.page.tsx
 pages/dataset-srj18.page.tsx
 scripts/
 scripts/generate-fixture.ts
 tests/
 tests/__snapshots__/
 tests/__snapshots__/pipeline9-sample003-issue-001.snap.svg
 tests/__snapshots__/pipeline9-sample003-issue-002.snap.svg
 tests/__snapshots__/pipeline9-sample003-issue-003.snap.svg
 tests/__snapshots__/pipeline9-sample003-issue-004.snap.svg
 tests/__snapshots__/pipeline9-sample003-issue-005.snap.svg
 tests/__snapshots__/pipeline9-sample003-issue-006.snap.svg
 tests/__snapshots__/pipeline9-sample003-issue-007.snap.svg
 tests/__snapshots__/pipeline9-sample003-issue-008.snap.svg
 tests/__snapshots__/pipeline9-sample003-issue-009.snap.svg
 tests/__snapshots__/pipeline9-sample003-issue-010.snap.svg
 tests/__snapshots__/pipeline9-sample003-issue-011.snap.svg
 tests/__snapshots__/pipeline9-sample003-issue-012.snap.svg
 tests/__snapshots__/pipeline9-sample003-issue-013.snap.svg
 tests/__snapshots__/pipeline9-sample003-issue-014.snap.svg
 tests/__snapshots__/pipeline9-sample003-issue-015.snap.svg
 tests/__snapshots__/pipeline9-sample003-issue-016.snap.svg
 tests/__snapshots__/pipeline9-sample003-issue-017.snap.svg
 tests/__snapshots__/pipeline9-sample003-issue-018.snap.svg
 tests/__snapshots__/pipeline9-sample003-issue-019.snap.svg
 tests/__snapshots__/pipeline9-sample003-issue-020.snap.svg
 tests/__snapshots__/pipeline9-sample003-issue-021.snap.svg
 tests/__snapshots__/pipeline9-sample003-issue-022.snap.svg
 tests/__snapshots__/pipeline9-sample003-issue-023.snap.svg
 tests/__snapshots__/pipeline9-sample003-issue-024.snap.svg
 tests/__snapshots__/pipeline9-sample003-issue-025.snap.svg
 tests/__snapshots__/pipeline9-sample003-issue-026.snap.svg
 tests/__snapshots__/pipeline9-sample003-issue-027.snap.svg
 tests/__snapshots__/pipeline9-sample003-issue-028.snap.svg
 tests/__snapshots__/pipeline9-sample003-issue-029.snap.svg
 tests/__snapshots__/pipeline9-sample003-issue-030.snap.svg
 tests/__snapshots__/pipeline9-sample003-issue-031.snap.svg
 tests/__snapshots__/pipeline9-sample003-issue-032.snap.svg
 tests/__snapshots__/pipeline9-sample003-issue-033.snap.svg
 tests/__snapshots__/pipeline9-sample003-issue-034.snap.svg
 tests/__snapshots__/pipeline9-sample003-issue-035.snap.svg
 tests/__snapshots__/pipeline9-sample003-issue-036.snap.svg
 tests/__snapshots__/pipeline9-sample003-issue-037.snap.svg
 tests/__snapshots__/pipeline9-sample003-issue-038.snap.svg
 tests/__snapshots__/pipeline9-sample003-issue-039.snap.svg
 tests/__snapshots__/pipeline9-sample003-issue-040.snap.svg
 tests/__snapshots__/pipeline9-sample003-issue-041.snap.svg
 tests/__snapshots__/pipeline9-sample003-issue-042.snap.svg
 tests/__snapshots__/pipeline9-sample003-issue-043.snap.svg
 tests/__snapshots__/pipeline9-sample003-issue-044.snap.svg
 tests/__snapshots__/pipeline9-sample003-issue-045.snap.svg
 tests/__snapshots__/pipeline9-sample003-issue-046.snap.svg
 tests/__snapshots__/pipeline9-sample003-issue-047.snap.svg
 tests/__snapshots__/pipeline9-sample003-issue-048.snap.svg
 tests/__snapshots__/pipeline9-sample003-issue-049.snap.svg
 tests/__snapshots__/pipeline9-sample003-issue-050.snap.svg
 tests/__snapshots__/pipeline9-sample003-issue-051.snap.svg
 tests/__snapshots__/pipeline9-sample003-issue-052.snap.svg
 tests/__snapshots__/pipeline9-sample003-issue-053.snap.svg
 tests/__snapshots__/pipeline9-sample003-issue-054.snap.svg
 tests/__snapshots__/pipeline9-sample003-issue-055.snap.svg
 tests/__snapshots__/pipeline9-sample003-issue-056.snap.svg
 tests/__snapshots__/pipeline9-sample003-issue-057.snap.svg
 tests/__snapshots__/pipeline9-sample003-issue-058.snap.svg< 200 OK
< Date: Sat, 03 Oct 2026 22:24:51 GMT
< Content-Type: application/vnd.npm.install-v1+json
< Transfer-Encoding: chunked
< Connection: keep-alive
< set-cookie: __cf_bm=fjc_BpgzByj29fcizcC9ABMf7E8gxPdDiO8ff9Lb5Rw-1791066291.466314-1.0.1.1-8SDGoh_1YGLhiV5vrb4QssMQTeYme0AeqKiXHhKMNA3P2ZKOEc0QcvZ4.yNmuic.cjN4F2yPeHUWi3mkH_TbOR3z2z.x.YJLEciFaszifGda6nVXKgfFtYwqv0qozbiV; HttpOnly; SameSite=None; Secure; Path=/; Domain=npmjs.org; Expires=Sat, 03 Oct 2026 22:54:51 GMT
< set-cookie: _cfuvid=cY1v_WI4bdEtgs9jbtSSZkDdesxupxyjDqBJ9OB.sRQ-1791066291.466314-1.0.1.1-Se7kobxOs.1p86_jGM_WOcoefI79SShskbpn4tPoxwc; HttpOnly; SameSite=None; Secure; Path=/; Domain=npmjs.org
< CF-Ray: a44f5c01a8b47c08-TIA
< CF-Cache-Status: HIT
< ETag: W/"775bfe2d5c868686d0e453a7d5c41549"
< Access-Control-Allow-Origin: *
< Cache-Control: public, max-age=300
< Last-Modified: Sun, 30 Aug 2026 21:12:29 GMT
< Server: cloudflare
< Vary: accept-encoding, accept
< Content-Encoding: br

[PackageManager] waiting for 154 tasks
    [445.51ms]
Downloaded @octokit/auth-action versions
> HTTP/1.1 GET https://registry.npmjs.org/@rollup%2frollup-win32-x64-msvc
> Accept: application/vnd.npm.install-v1+json; q=1.0, application/json; q=0.8, */*
> Connection: keep-alive
> User-Agent: Bun/1.3.9
> Host: registry.npmjs.org
> Accept-Encoding: gzip, deflate, br, zstd

[PackageManager] waiting for 154 tasks
   - "@octokit/auth-action": "^4.0.0" - @octokit/auth-action@4.1.0
[PackageManager] waiting for 153 tasks
    [453.15ms]
Downloaded @octokit/types versions
> HTTP/1.1 GET https://registry.npmjs.org/@rollup%2frollup-linux-arm64-gnu
> Accept: application/vnd.npm.install-v1+json; q=1.0, application/json; q=0.8, */*
> Connection: keep-alive
> User-Agent: Bun/1.3.9
> Host: registry.npmjs.org
> Accept-Encoding: gzip, deflate, br, zstd

< 200 OK
< Date: Sat, 03 Oct 2026 22:24:51 GMT
< Content-Type: application/vnd.npm.install-v1+json
< Transfer-Encoding: chunked
< Connection: keep-alive
< set-cookie: __cf_bm=NkOihvq5BozIWa92_1fnr499AK2zGmcIzcQYhPHnDS0-1791066291.7199955-1.0.1.1-UZK1ZR7HrsNbIaR7iSQq5vSQqir2jy56xssDx6R9w04WvnrPyFQZH.JpYYVNYXBOhoNZCsdf74ZqaguyEJ1.hCtyq5mXDcdTA8tulnfTS.Pjo_wBKdpTa63U_M9kPbGZ; HttpOnly; SameSite=None; Secure; Path=/; Domain=npmjs.org; Expires=Sat, 03 Oct 2026 22:54:51 GMT
< set-cookie: _cfuvid=W1G5p9eY6vobkwJWpwUAaafrTi4fb7HO_iVS3m7A1zI-1791066291.7199955-1.0.1.1-Csgply4kT9TmyHOvZcoJPXKZDChk56UrMIX0.tuHZVg; HttpOnly; SameSite=None; Secure; Path=/; Domain=npmjs.org
< CF-Ray: a44f5c0339db793f-TIA
< CF-Cache-Status: HIT
< ETag: W/"374e71df047f574dfce028d63be19f60"
< Access-Control-Allow-Origin: *
< Cache-Control: public, max-age=300
< Last-Modified: Tue, 29 Sep 2026 01:32:52 GMT
< Server: cloudflare
< Vary: accept-encoding, accept
< Content-Encoding: br


 tests/__snapshots__/pipeline9-sample003-issue-059.snap.svg
 tests/__snapshots__/pipeline9-sample003-issue-060.snap.svg
 tests/__snapshots__/pipeline9-sample003-issue-061.snap.svg
 tests/__snapshots__/pipeline9-sample003-issue-062.snap.svg
 tests/__snapshots__/pipeline9-sample003-issue-063.snap.svg
 tests/__snapshots__/pipeline9-sample003-issue-064.snap.svg
 tests/__snapshots__/pipeline9-sample003-issue-065.snap.svg
 tests/__snapshots__/pipeline9-sample003-issue-066.snap.svg
 tests/__snapshots__/pipeline9-sample003-issue-067.snap.svg
 tests/__snapshots__/pipeline9-sample003-issue-068.snap.svg
 tests/__snapshots__/pipeline9-sample003-issue-069.snap.svg
 tests/__snapshots__/pipeline9-sample003-issue-070.snap.svg
 tests/__snapshots__/pipeline9-sample003-issue-071.snap.svg
 tests/__snapshots__/pipeline9-sample003-issue-072.snap.svg
 tests/__snapshots__/pipeline9-sample003-issue-073.snap.svg
 tests/__snapshots__/pipeline9-sample003-issue-074.snap.svg
 tests/__snapshots__/pipeline9-sample003-issue-075.snap.svg
 tests/__snapshots__/pipeline9-sample003-issue-076.snap.svg
 tests/__snapshots__/pipeline9-sample003-issue-077.snap.svg
 tests/__snapshots__/pipeline9-sample003-issue-078.snap.svg
 tests/__snapshots__/pipeline9-sample003-issue-079.snap.svg
 tests/__snapshots__/pipeline9-sample003-issue-080.snap.svg
 tests/__snapshots__/pipeline9-sample003-issue-081.snap.svg
 tests/__snapshots__/pipeline9-sample003-issue-082.snap.svg
 tests/__snapshots__/pipeline9-sample003-issue-083.snap.svg
 tests/__snapshots__/pipeline9-sample003-issue-084.snap.svg
 tests/__snapshots__/pipeline9-sample003-issue-085.snap.svg
 tests/__snapshots__/pipeline9-sample003-issue-086.snap.svg
 tests/__snapshots__/pipeline9-sample003-issue-087.snap.svg
 tests/__snapshots__/pipeline9-sample003-issue-088.snap.svg
 tests/__snapshots__/pipeline9-sample003-issue-089.snap.svg
 tests/__snapshots__/pipeline9-sample003-issue-090.snap.svg
 tests/__snapshots__/pipeline9-sample003-issue-091.snap.svg
 tests/__snapshots__/pipeline9-sample003-issue-092.snap.svg
 tests/__snapshots__/pipeline9-sample003-issue-093.snap.svg
 tests/__snapshots__/pipeline9-sample003-issue-094.snap.svg
 tests/__snapshots__/pipeline9-sample003-issue-095.snap.svg
 tests/__snapshots__/pipeline9-sample003-issue-096.snap.svg
 tests/__snapshots__/pipeline9-sample003-issue-097.snap.svg
 tests/__snapshots__/pipeline9-sample003-issue-098.snap.svg
 tests/__snapshots__/pipeline9-sample003-issue-099.snap.svg
 tests/__snapshots__/pipeline9-sample003-issue-100.snap.svg
 tests/__snapshots__/pipeline9-sample003-issue-101.snap.svg
 tests/__snapshots__/pipeline9-sample003-issue-102.snap.svg
 tests/__snapshots__/pipeline9-sample003-issue-103.snap.svg
 tests/__snapshots__/pipeline9-sample003-issue-104.snap.svg
 tests/__snapshots__/pipeline9-sample003-issue-105.snap.svg
 tests/__snapshots__/pipeline9-sample003-issue-106.snap.svg
 tests/__snapshots__/pipeline9-sample003-issue-107.snap.svg
 tests/__snapshots__/pipeline9-sample003-issue-108.snap.svg
 tests/__snapshots__/pipeline9-sample003-issue-109.snap.svg
 tests/__snapshots__/pipeline9-sample003-issue-110.snap.svg
 tests/__snapshots__/pipeline9-sample003-issue-111.snap.svg
 tests/__snapshots__/pipeline9-sample003-issue-112.snap.svg
 tests/__snapshots__/pipeline9-sample003-issue-113.snap.svg
 tests/__snapshots__/pipeline9-sample003-issue-114.snap.svg
 tests/__snapshots__/pipeline9-sample003-issue-115.snap.svg
 tests/__snapshots__/pipeline9-sample003-issue-116.snap.svg
 tests/__snapshots__/pipeline9-sample003-issue-117.snap.svg
 tests/__snapshots__/pipeline9-sample003-issue-118.snap.svg
 tests/__snapshots__/pipeline9-sample003-issue-119.snap.svg
 tests/__snapshots__/pipeline9-sample003-issue-120.snap.svg
 tests/__snapshots__/pipeline9-sample003-issue-121.snap.svg
 tests/__snapshots__/pipeline9-sample003-issue-122.snap.svg
 tests/__snapshots__/pipeline9-sample003-issue-123.snap.svg
 tests/__snapshots__/pipeline9-sample003-issue-124.snap.svg
 tests/__snapshots__/pipeline9-sample003-issue-125.snap.svg
 tests/__snapshots__/pipeline9-sample003-issue-126.snap.svg
 [PackageManager] waiting for 153 tasks
   - "@octokit/types": "^12.0.0" - @octokit/types@12.6.0
   - "@octokit/types": "^13.0.0" - @octokit/types@13.10.0
Enqueue package manifest for download: @octokit/openapi-types
[PackageManager] waiting for 153 tasks
    [204.17ms]
Downloaded string-argv versions
[PackageManager] waiting for 153 tasks
   - "string-argv": "^0.3.1" - string-argv@0.3.2
[PackageManager] waiting for 152 tasks
    [456.50ms]
Downloaded @octokit/plugin-rest-endpoint-methods versions
> HTTP/1.1 GET https://registry.npmjs.org/@rollup%2frollup-linux-ppc64-gnu
> Accept: application/vnd.npm.install-v1+json; q=1.0, application/json; q=0.8, */*
> Connection: keep-alive
> User-Agent: Bun/1.3.9
> Host: registry.npmjs.org
> Accept-Encoding: gzip, deflate, br, zstd

> HTTP/1.1 GET https://registry.npmjs.org/@rollup%2frollup-linux-s390x-gnu
> Accept: application/vnd.npm.install-v1+json; q=1.0, application/json; q=0.8, */*
> Connection: keep-alive
> User-Agent: Bun/1.3.9
> Host: registry.npmjs.org
> Accept-Encoding: gzip, deflate, br, zstd

tests/__snapshots__/pipeline9-sample003-issue-127.snap.svg
 tests/__snapshots__/pipeline9-sample003-issue-128.snap.svg
 tests/__snapshots__/pipeline9-sample003-issue-129.snap.svg
 tests/__snapshots__/pipeline9-sample003-issue-130.snap.svg
 tests/__snapshots__/pipeline9-sample003-issue-131.snap.svg
 tests/__snapshots__/pipeline9-sample003-issue-132.snap.svg
 tests/__snapshots__/pipeline9-sample003-issue-133.snap.svg
 tests/__snapshots__/pipeline9-sample003-issue-134.snap.svg
 tests/__snapshots__/pipeline9-sample003-issue-135.snap.svg
 tests/__snapshots__/pipeline9-sample003-issue-136.snap.svg
 tests/__snapshots__/pipeline9-sample003-issue-137.snap.svg
 tests/__snapshots__/pipeline9-sample003-issue-138.snap.svg
 tests/__snapshots__/pipeline9-sample003-issue-139.snap.svg
 tests/__snapshots__/pipeline9-sample003-issue-140.snap.svg
 tests/__snapshots__/pipeline9-sample003-issue-141.snap.svg
 tests/__snapshots__/pipeline9-sample003-issue-142.snap.svg
 tests/__snapshots__/pipeline9-sample003-issue-143.snap.svg
 tests/__snapshots__/pipeline9-sample003-issue-144.snap.svg
 tests/__snapshots__/pipeline9-sample003-issue-145.snap.svg
 tests/__snapshots__/pipeline9-sample003-issue-146.snap.svg
 tests/__snapshots__/pipeline9-sample003-issue-147.snap.svg
 tests/__snapshots__/pipeline9-sample003-issue-148.snap.svg
 tests/__snapshots__/pipeline9-sample003-issue-149.snap.svg
 tests/__snapshots__/pipeline9-sample003-issue-150.snap.svg
 tests/__snapshots__/pipeline9-sample003-issue-151.snap.svg
 tests/__snapshots__/pipeline9-sample003-issue-152.snap.svg
 tests/__snapshots__/pipeline9-sample003-issue-153.snap.svg
 tests/__snapshots__/pipeline9-sample003-issue-154.snap.svg
 tests/__snapshots__/pipeline9-sample003-issue-155.snap.svg
 tests/__snapshots__/pipeline9-sample003-issue-156.snap.svg
 tests/__snapshots__/pipeline9-sample003-issue-157.snap.svg
 tests/__snapshots__/pipeline9-sample003-issue-158.snap.svg
 tests/__snapshots__/pipeline9-sample003-issue-159.snap.svg
 tests/__snapshots__/pipeline9-sample003-issue-160.snap.svg
 tests/__snapshots__/pipeline9-sample003-issue-161.snap.svg
 tests/__snapshots__/pipeline9-sample003-issue-162.snap.svg
 tests/__snapshots__/pipeline9-sample003-issue-163.snap.svg
 tests/__snapshots__/pipeline9-sample003-issue-164.snap.svg
 tests/__snapshots__/pipeline9-sample003-issue-165.snap.svg
 tests/__snapshots__/pipeline9-sample003-issue-166.snap.svg
 tests/__snapshots__/pipeline9-sample003-issue-167.snap.svg
 tests/__snapshots__/pipeline9-sample003-issue-168.snap.svg
 tests/__snapshots__/pipeline9-sample003-issue-169.snap.svg
 tests/__snapshots__/pipeline9-sample003-issue-170.snap.svg
 tests/__snapshots__/pipeline9-sample003-issue-171.snap.svg
 tests/__snapshots__/pipeline9-sample003-issue-172.snap.svg
 tests/__snapshots__/pipeline9-sample003-issue-173.snap.svg
 tests/__snapshots__/pipeline9-sample003-issue-174.snap.svg
 tests/__snapshots__/pipeline9-sample003-issue-175.snap.svg
 tests/__snapshots__/pipeline9-sample003-issue-176.snap.svg
 tests/__snapshots__/pipeline9-sample003-issue-177.snap.svg
 tests/__snapshots__/pipeline9-sample003-issue-178.snap.svg
 tests/__snapshots__/pipeline9-sample003-issue-179.snap.svg
 tests/__snapshots__/pipeline9-sample003-issue-180.snap.svg
 tests/__snapshots__/pipeline9-sample003-issue-181.snap.svg
 tests/__snapshots__/pipeline9-sample003-issue-182.snap.svg
 tests/__snapshots__/pipeline9-sample003-issue-183.snap.svg
 tests/__snapshots__/pipeline9-sample003-issue-184.snap.svg
 tests/__snapshots__/pipeline9-sample003-issue-185.snap.svg
 tests/__snapshots__/pipeline9-sample003-issue-186.snap.svg
 tests/__snapshots__/pipeline9-sample003-issue-187.snap.svg
 tests/__snapshots__/pipeline9-sample003-issue-188.snap.svg
 tests/__snapshots__/pipeline9-sample003-issue-189.snap.svg
 tests/__snapshots__/pipeline9-sample003-issue-190.snap.svg
 tests/__snapshots__/pipeline9-sample003-issue-191.snap.svg
 tests/__snapshots__/pipeline9-sample003-issue-192.snap.svg
 tests/__snapshots__/pipeline9-sample003-issue-193.snap.svg
 tests/__snapshots__/pipeline9-sample003-issue-194.snap.svg
 < 200 OK
< Date: Sat, 03 Oct 2026 22:24:51 GMT
< Content-Type: application/vnd.npm.install-v1+json
< Transfer-Encoding: chunked
< Connection: keep-alive
< set-cookie: __cf_bm=zPCGZqJz2GkvlyUF99YtMzQPVhaVeAW5dYGiGVufVG8-1791066291.7253928-1.0.1.1-kSa2yl2I3vsIVVCnlKcldkXEr5mHvD7vUOBArZztua6EdoOad11q9zn.9u_FvxkFhT2hy7fZEnheNa84kCzVxR9iBbMYVE1VSj3EbcREgHy1SyNUfDmIYCirjTCXwKn5; HttpOnly; SameSite=None; Secure; Path=/; Domain=npmjs.org; Expires=Sat, 03 Oct 2026 22:54:51 GMT
< set-cookie: _cfuvid=6ISg0qPcsXdJapjf4cmm2SIvnqb3E8W48QwOKQSLta0-1791066291.7253928-1.0.1.1-1sg2urpb.0pfUhYsiXuGBHKCQgE5ShDprTXMtfcP2_4; HttpOnly; SameSite=None; Secure; Path=/; Domain=npmjs.org
< CF-Ray: a44f5c034a107c08-TIA
< CF-Cache-Status: HIT
< ETag: W/"129e99253189d4991619b49211209318"
< Access-Control-Allow-Origin: *
< Cache-Control: public, max-age=300
< Last-Modified: Thu, 25 Jul 2024 10:50:22 GMT
< Server: cloudflare
< Vary: accept-encoding, accept
< Content-Encoding: br

> HTTP/1.1 GET https://registry.npmjs.org/@rollup%2frollup-win32-ia32-msvc
> Accept: application/vnd.npm.install-v1+json; q=1.0, application/json; q=0.8, */*
> Connection: keep-alive
> User-Agent: Bun/1.3.9
> Host: registry.npmjs.org
> Accept-Encoding: gzip, deflate, br, zstd

[PackageManager] waiting for 152 tasks
    [200.61ms]
Downloaded type-detect versions
[PackageManager] waiting for 152 tasks
   - "type-detect": "^4.0.8" - type-detect@4.1.0
[PackageManager] waiting for 151 tasks
   - "@octokit/plugin-rest-endpoint-methods": "^10.0.0" - @octokit/plugin-rest-endpoint-methods@10.4.1
tests/__snapshots__/pipeline9-sample003-issue-195.snap.svg
 tests/__snapshots__/pipeline9-sample003-issue-196.snap.svg
 tests/__snapshots__/pipeline9-sample003-issue-197.snap.svg
 tests/__snapshots__/pipeline9-sample003-issue-198.snap.svg
 tests/__snapshots__/pipeline9-sample003-issue-199.snap.svg
 tests/__snapshots__/pipeline9-sample003-issue-200.snap.svg
 tests/__snapshots__/pipeline9-sample003-issue-201.snap.svg
 tests/__snapshots__/pipeline9-sample003-issue-202.snap.svg
 tests/__snapshots__/pipeline9-sample003-issue-203.snap.svg
 tests/__snapshots__/pipeline9-sample003-issue-204.snap.svg
 tests/__snapshots__/pipeline9-sample003-issue-205.snap.svg
 tests/__snapshots__/pipeline9-sample003-issue-206.snap.svg
 tests/__snapshots__/pipeline9-sample003-issue-207.snap.svg
 tests/__snapshots__/pipeline9-sample003-issue-208.snap.svg
 tests/__snapshots__/pipeline9-sample003-issue-209.snap.svg
 tests/__snapshots__/pipeline9-sample003-issue-210.snap.svg
 tests/__snapshots__/pipeline9-sample003-issue-211.snap.svg
 tests/__snapshots__/pipeline9-sample003-issue-212.snap.svg
 tests/__snapshots__/pipeline9-sample003-issue-213.snap.svg
 tests/__snapshots__/pipeline9-sample003-issue-214.snap.svg
 tests/__snapshots__/pipeline9-sample003-issue-215.snap.svg
 tests/__snapshots__/pipeline9-sample003-issue-216.snap.svg
 tests/__snapshots__/pipeline9-sample003-issue-217.snap.svg
 tests/__snapshots__/pipeline9-sample003-issue-218.snap.svg
 tests/__snapshots__/pipeline9-sample003-issue-219.snap.svg
 tests/__snapshots__/pipeline9-sample003-issue-220.snap.svg
 tests/__snapshots__/pipeline9-sample003-issue-221.snap.svg
 tests/__snapshots__/pipeline9-sample003-issue-222.snap.svg
 tests/__snapshots__/pipeline9-sample003-issue-223.snap.svg
 tests/__snapshots__/pipeline9-sample003-issue-224.snap.svg
 tests/__snapshots__/pipeline9-sample003-issue-225.snap.svg
 tests/__snapshots__/pipeline9-sample003-issue-226.snap.svg
 tests/__snapshots__/pipeline9-sample003-issue-227.snap.svg
 tests/__snapshots__/pipeline9-sample003-issue-228.snap.svg
 tests/__snapshots__/pipeline9-sample003-issue-229.snap.svg
 tests/__snapshots__/pipeline9-sample003-issue-230.snap.svg
 tests/__snapshots__/pipeline9-sample003-issue-231.snap.svg
 tests/__snapshots__/pipeline9-sample003-issue-232.snap.svg
 tests/__snapshots__/pipeline9-sample003-issue-233.snap.svg
 tests/__snapshots__/pipeline9-sample003-issue-234.snap.svg
 tests/__snapshots__/pipeline9-sample003-issue-235.snap.svg
 tests/__snapshots__/pipeline9-sample003-issue-236.snap.svg
 tests/__snapshots__/pipeline9-sample003-issue-237.snap.svg
 tests/__snapshots__/pipeline9-sample003-issue-238.snap.svg
 tests/__snapshots__/pipeline9-sample003-issue-239.snap.svg
 tests/__snapshots__/pipeline9-sample003-issue-240.snap.svg
 tests/__snapshots__/pipeline9-sample003-issue-241.snap.svg
 tests/__snapshots__/pipeline9-sample003-issue-242.snap.svg
 tests/__snapshots__/pipeline9-sample003-issue-243.snap.svg
 tests/__snapshots__/pipeline9-sample003-issue-244.snap.svg
 tests/__snapshots__/pipeline9-sample003-issue-245.snap.svg
 tests/__snapshots__/pipeline9-sample003-issue-246.snap.svg
 tests/__snapshots__/pipeline9-sample003-issue-247.snap.svg
 tests/__snapshots__/pipeline9-sample003-issue-248.snap.svg
 tests/__snapshots__/pipeline9-sample003-issue-249.snap.svg
 tests/__snapshots__/pipeline9-sample003-issue-250.snap.svg
 tests/__snapshots__/pipeline9-sample003-issue-251.snap.svg
 tests/__snapshots__/pipeline9-sample003-issue-252.snap.svg
 tests/__snapshots__/pipeline9-sample003-issue-253.snap.svg
 tests/__snapshots__/pipeline9-sample003-issue-254.snap.svg
 tests/__snapshots__/pipeline9-sample003-issue-255.snap.svg
 tests/__snapshots__/pipeline9-sample003-issue-256.snap.svg
 tests/__snapshots__/pipeline9-sample003-issue-257.snap.svg
 tests/__snapshots__/pipeline9-sample003-issue-258.snap.svg
 tests/__snapshots__/pipeline9-sample003-issue-259.snap.svg
 tests/__snapshots__/pipeline9-sample003-issue-260.snap.svg
 tests/__snapshots__/pipeline9-sample003-issue-261.snap.svg
 tests/__snapshots__/pipeline9-sample003-issue-262.snap.svg
 < 200 OK
< Date: Sat, 03 Oct 2026 22:24:51 GMT
< Content-Type: application/vnd.npm.install-v1+json
< Transfer-Encoding: chunked
< Connection: keep-alive
< set-cookie: __cf_bm=VRl_Lh2cygLEuzTqw4dhUaTS4rX3WdPRn86vMFa.XwE-1791066291.7309268-1.0.1.1-nXFzKs85_7OVYHRpVlxfNCXoL.MVSFnhmLNfNFuMfu7ZqEuLwVSAfiOkEoJZMyTyAXdewqnte4f3_QyH0bSo5ikIlikLKe8tE0V97VPABidPKfN_KVdCErd0v1iTzx3H; HttpOnly; SameSite=None; Secure; Path=/; Domain=npmjs.org; Expires=Sat, 03 Oct 2026 22:54:51 GMT
< set-cookie: _cfuvid=rCz4_InaOizQk5MlHzRb7eMWQGz6.qe5mQ1Uqtq.FYo-1791066291.7309268-1.0.1.1-ZYv1YsMF3uAtctsQSPnU0OljazRGiH6.FR4wMpEJLVc; HttpOnly; SameSite=None; Secure; Path=/; Domain=npmjs.org
< CF-Ray: a44f5c035bcc5f50-TIA
< CF-Cache-Status: HIT
< ETag: W/"4d61eae1c11feb0c0031ce518cbd9fb7"
< Access-Control-Allow-Origin: *
< Cache-Control: public, max-age=300
< Last-Modified: Tue, 01 Nov 2022 17:49:08 GMT
< Server: cloudflare
< Vary: accept-encoding, accept
< Content-Encoding: br

> HTTP/1.1 GET https://registry.npmjs.org/@rollup%2frollup-android-arm-eabi
> Accept: application/vnd.npm.install-v1+json; q=1.0, application/json; q=0.8, */*
> Connection: keep-alive
> User-Agent: Bun/1.3.9
> Host: registry.npmjs.org
> Accept-Encoding: gzip, deflate, br, zstd

[PackageManager] waiting for 150 tasks
    [203.13ms]
Downloaded call-me-maybe versions
[PackageManager] waiting for 150 tasks
   - "call-me-maybe": "^1.0.1" - call-me-maybe@1.0.2
< 200 OK
< Date: Sat, 03 Oct 2026 22:24:51 GMT
< Content-Type: application/vnd.npm.install-v1+json
< Transfer-Encoding: chunked
< Connection: keep-alive
< set-cookie: __cf_bm=qD.CuyNUixcWfo6uQQ1xL7Sno9tME9G4WvYhxcdBWRM-1791066291.7309024-1.0.1.1-gRcZscZ4.O_UZa7HOcssXYTx8cEesUrriYk0CnJrVYEV.8FzVvRgVEMARSHc.JUXWF8C5Mj2Q58DI_RFEGpT..oViYNKJe7b_8iqFB92K2j4q28y.Kz1QofEbKCNBpvA; HttpOnly; SameSite=None; Secure; Path=/; Domain=npmjs.org; Expires=Sat, 03 Oct 2026 22:54:51 GMT
< set-cookie: _cfuvid=gOZNZF18qdQ4KNvwhZ_HuCdgIOComYuD_LnKfeKT_10-1791066291.7309024-1.0.1.1-L9QKYryfAA2cfOznFhUCh3n7uHtkLzTonjCYzKrc_lg; HttpOnly; SameSite=None; Secure; Path=/; Domain=npmjs.org
< CF-Ray: a44f5c035bcb5f50-TIA
< CF-Cache-Status: HIT
< ETag: W/"c80fd5ae23b9d87a28af976f529b9c23"
< Access-Control-Allow-Origin: *
< Cache-Control: public, max-age=300
< Last-Modified: Mon, 31 Oct 2022 20:31:55 GMT
< Server: cloudflare
< Vary: accept-encoding, accept
< Content-Encoding: br

< 200 OK
< Date: Sat, 03 Oct 2026 22:24:51 GMT
< Content-Type: application/vnd.npm.install-v1+json
< Transfer-Encoding: chunked
< Connection: keep-alive
< set-cookie: __cf_bm=K2BKgalPnoIdJP1odCyzi_yauxd6PouDpEj.P2WRUqI-1791066291.7308636-1.0.1.1-SerWzj50HEhWRGofyNKAggvA8knkAz8yLiaXQ3c260Nhm2kdmGD.0t8ou3aCFCDv7Q5LfAo4slHyyFV6U0oK7knBE6D6TrgyEUQFsZQy9BuRXlb_nmLa50YXE8R7ZCCm; HttpOnly; SameSite=None; Secure; Path=/; Domain=npmjs.org; Expires=Sat, 03 Oct 2026 22:54:51 GMT
< set-cookie: _cfuvid=40IicewLhkgoZmOOh539VuofrQcG4Xq.LHPsggKQsyQ-1791066291.7308636-1.0.1.1-WY1a0LZ4v5NlAiW3Ku1lNGdoSB9Taa3Xm4TUu8BHJFQ; HttpOnly; SameSite=None; Secure; Path=/; Domain=npmjs.org
< CF-Ray: a44f5c0359e7793f-TIA
< CF-Cache-Status: HIT
< ETag: W/"c8b22c589543991fa0e17a7a33766f5d"
< Access-Control-Allow-Origin: *
< Cache-Control: public, max-age=300
< Last-Modified: Wed, 06 May 2026 16:50:23 GMT
< Server: cloudflare
< Vary: accept-encoding, accept
< Content-Encoding: br

> HTTP/1.1 GET https://registry.npmjs.org/@rollup%2frollup-linux-arm64-musl
> Accept: application/vnd.npm.install-v1+json; q=1.0, application/json; q=0.8, */*
> Connection: keep-alive
> User-Agent: Bun/1.3.9
> Host: registry.npmjs.org
> Accept-Encoding: gzip, deflate, br, zstd

> HTTP/1.1 GET https://registry.npmjs.org/@rollup%2frollup-linux-ppc64-musl
> Accept: application/vnd.npm.install-v1+json; q=1.0, application/json; q=0.8, */*
> Connection: keep-alive
> User-Agent: Bun/1.3.9
> Host: registry.npmjs.org
> Accept-Encoding: gzip, deflate, br, zstd

[PackageManager] waiting for 149 tasks
    [258.36ms]
Downloaded react-router versions
    [200.98ms]
Downloaded jpeg-js versions
[PackageManager] waiting for 149 tasks
   - "jpeg-js": "^0.4.4" - jpeg-js@0.4.4
tests/__snapshots__/pipeline9-sample003-issue-263.snap.svg
 tests/__snapshots__/pipeline9-sample003-issue-264.snap.svg
 tests/__snapshots__/pipeline9-sample003-issue-265.snap.svg
 tests/__snapshots__/pipeline9-sample003-issue-266.snap.svg
 tests/__snapshots__/pipeline9-sample003-issue-267.snap.svg
 tests/__snapshots__/pipeline9-sample003-issue-268.snap.svg
 tests/__snapshots__/pipeline9-sample003-issue-269.snap.svg
 tests/__snapshots__/pipeline9-sample003-issue-270.snap.svg
 tests/__snapshots__/pipeline9-sample003-issue-271.snap.svg
 tests/__snapshots__/pipeline9-sample003-issue-272.snap.svg
 tests/__snapshots__/pipeline9-sample003-issue-273.snap.svg
 tests/__snapshots__/pipeline9-sample003-issue-274.snap.svg
 tests/__snapshots__/pipeline9-sample003-issue-275.snap.svg
 tests/__snapshots__/pipeline9-sample003-issue-276.snap.svg
 tests/__snapshots__/pipeline9-sample003-issue-277.snap.svg
 tests/__snapshots__/pipeline9-sample003-issue-278.snap.svg
 tests/__snapshots__/pipeline9-sample003-issue-279.snap.svg
 tests/__snapshots__/pipeline9-sample003-issue-280.snap.svg
 tests/__snapshots__/pipeline9-sample003-issue-281.snap.svg
 tests/__snapshots__/pipeline9-sample003-issue-282.snap.svg
 tests/__snapshots__/pipeline9-sample003-issue-283.snap.svg
 tests/__snapshots__/pipeline9-sample003-issue-284.snap.svg
 tests/__snapshots__/pipeline9-sample003-issue-285.snap.svg
 tests/__snapshots__/pipeline9-sample003-issue-286.snap.svg
 tests/__snapshots__/pipeline9-sample003-issue-287.snap.svg
 tests/__snapshots__/pipeline9-sample003-issue-288.snap.svg
 tests/__snapshots__/pipeline9-sample003-issue-289.snap.svg
 tests/__snapshots__/pipeline9-sample003-issue-290.snap.svg
 tests/__snapshots__/pipeline9-sample003-issue-291.snap.svg
 tests/__snapshots__/pipeline9-sample003-issue-292.snap.svg
 tests/__snapshots__/pipeline9-sample003-issue-293.snap.svg
 tests/__snapshots__/pipeline9-sample003-issue-294.snap.svg
 tests/__snapshots__/pipeline9-sample003-issue-295.snap.svg
 tests/__snapshots__/pipeline9-sample003-issue-296.snap.svg
 tests/__snapshots__/pipeline9-sample003-issue-297.snap.svg
 tests/__snapshots__/pipeline9-sample003-issue-298.snap.svg
 tests/__snapshots__/pipeline9-sample003-issue-299.snap.svg
 tests/__snapshots__/pipeline9-sample003-issue-300.snap.svg
 tests/__snapshots__/pipeline9-sample003-issue-301.snap.svg
 tests/__snapshots__/pipeline9-sample003-issue-302.snap.svg
 tests/__snapshots__/pipeline9-sample003-issue-303.snap.svg
 tests/__snapshots__/pipeline9-sample003-issue-304.snap.svg
 tests/__snapshots__/pipeline9-sample003-issue-305.snap.svg
 tests/__snapshots__/pipeline9-sample003-issue-306.snap.svg
 tests/__snapshots__/pipeline9-sample003-issue-307.snap.svg
 tests/__snapshots__/pipeline9-sample003-issue-308.snap.svg
 tests/__snapshots__/pipeline9-sample003-issue-309.snap.svg
 tests/__snapshots__/pipeline9-sample003-issue-310.snap.svg
 tests/__snapshots__/pipeline9-sample003-issue-311.snap.svg
 tests/__snapshots__/pipeline9-sample003-issue-312.snap.svg
 tests/__snapshots__/pipeline9-sample003-issue-313.snap.svg
 tests/__snapshots__/pipeline9-sample003-issue-314.snap.svg
 tests/__snapshots__/pipeline9-sample003-issue-315.snap.svg
 tests/__snapshots__/pipeline9-sample003-issue-316.snap.svg
 tests/__snapshots__/pipeline9-sample003-issue-317.snap.svg
 tests/__snapshots__/pipeline9-sample003-issue-318.snap.svg
 tests/__snapshots__/pipeline9-sample003-issue-319.snap.svg
 tests/__snapshots__/pipeline9-sample003-issue-320.snap.svg
 tests/__snapshots__/pipeline9-sample003-overview.snap.svg
 tests/__snapshots__/pipeline9-visual.test.ts.snap
 tests/fixtures/
 tests/fixtures/README.md
 tests/fixtures/dataset-srj18-sample003.input.json
 tests/fixtures/dataset-srj18-sample003.routed.json
 tests/fixtures/make-srj.ts
 tests/fixtures/preload.ts
 tests/input.test.ts
 tests/odd-angle.test.ts
 tests/pipeline9-visual.test.ts
 tests/srj-entry.test.ts
 tsconfig.json
 vite.config.ts
[@tscircuit/pcb-trace-linter] Extract .1dfff74fcef77fd0-0000000B.pcb-trace-linter (decompressed 0.27 MB tgz file in 1.575ms)
[@tscircuit/pcb-trace-linter] Extracted to .1dfff74fcef77fd0-0000000B.pcb-trace-linter (43.329ms)
[PackageManager] waiting for 148 tasks
   - "@tscircuit/copper-pour-solver": "^0.0.59" - @tscircuit/copper-pour-solver@0.0.59
Enqueue package manifest for download: @tscircuit/schematic-trace-solver
   - "@tscircuit/solver-utils": "^0.0.21" - @tscircuit/solver-utils@0.0.21
   - "calculate-elbow": "^0.0.13" - calculate-elbow@0.0.13
[PackageManager] waiting for 148 tasks
   - "react-router": "6.30.6" - react-router@6.30.6
< 200 OK
< Date: Sat, 03 Oct 2026 22:24:51 GMT
< Content-Type: application/vnd.npm.install-v1+json
< Transfer-Encoding: chunked
< Connection: keep-alive
< set-cookie: __cf_bm=aTW2J9_1EZUGIJe9EaN8xuQPlrByRY7et7uDwEvdMlA-1791066291.3869424-1.0.1.1-mS2TcCZlUfrLE4Q9bWaBzwrl9o1aYusWkpMhb24_U9nITL4VkkyIgOgFsWb0LbD4i5tyy7IIzNuRWCzPb5nAzRg8jMn6LsVHIuOo0.ur8EKLsIHKxLP35ViFmIO1FsGx; HttpOnly; SameSite=None; Secure; Path=/; Domain=npmjs.org; Expires=Sat, 03 Oct 2026 22:54:51 GMT
< set-cookie: _cfuvid=ukROvsWrMf9drfZfvF12Ss95qGHtcmTzdUvOeUfVc6c-1791066291.3869424-1.0.1.1-9Clyabc7DZNYPtPvhUfjOcJo9mTGQNEjHtHUUSXLTjc; HttpOnly; SameSite=None; Secure; Path=/; Domain=npmjs.org
< CF-Ray: a44f5c0129fd5f50-TIA
< CF-Cache-Status: HIT
< ETag: W/"03181bf07e1266e5679077fb76a6dc61"
< Access-Control-Allow-Origin: *
< Cache-Control: public, max-age=300
< Last-Modified: Sun, 19 Jun 2022 15:52:47 GMT
< Server: cloudflare
< Vary: accept-encoding, accept
< Content-Encoding: br

[PackageManager] waiting for 147 tasks
> HTTP/1.1 GET https://registry.npmjs.org/@rollup%2frollup-win32-arm64-msvc
> Accept: application/vnd.npm.install-v1+json; q=1.0, application/json; q=0.8, */*
> Connection: keep-alive
> User-Agent: Bun/1.3.9
> Host: registry.npmjs.org
> Accept-Encoding: gzip, deflate, br, zstd

    [209.78ms]
Downloaded opentype.js versions
[PackageManager] waiting for 147 tasks
   - "opentype.js": "^0.4.3" - opentype.js@0.4.11
[PackageManager] waiting for 146 tasks
    [567.36ms]
Downloaded map-stream versions
> HTTP/1.1 GET https://registry.npmjs.org/@rollup%2frollup-linux-loong64-gnu
> Accept: application/vnd.npm.install-v1+json; q=1.0, application/json; q=0.8, */*
> Connection: keep-alive
> User-Agent: Bun/1.3.9
> Host: registry.npmjs.org
> Accept-Encoding: gzip, deflate, br, zstd

[PackageManager] waiting for 146 tasks
   - "map-stream": "~0.1.0" - map-stream@0.1.0
< 200 OK
< Date: Sat, 03 Oct 2026 22:24:51 GMT
< Content-Type: application/vnd.npm.install-v1+json
< Transfer-Encoding: chunked
< Connection: keep-alive
< set-cookie: __cf_bm=QWYcNVPwlPvi6NmemYNSvLTQS2Gm0zJdAEkhVO9dhcg-1791066291.5356097-1.0.1.1-yxujiZLKgIqjoHHeljWKmONIZc6FqMHggPyaMlwSVD5dzLtgc9Kz9jAP5J4_kglpkH1phgotFtuWybkEf8d1DtmrU8A6AXhSppfVwHqgz45eT.xI7VzUSnUpGmRmM.lS; HttpOnly; SameSite=None; Secure; Path=/; Domain=npmjs.org; Expires=Sat, 03 Oct 2026 22:54:51 GMT
< set-cookie: _cfuvid=oXubR7xvcZbwxjpv.02G66ibUQW5ME1Q8mcYZkQGWTo-1791066291.5356097-1.0.1.1-m9K2WDREQoj8fV_cqkGX.FO80IuwWuCqvEWmiCraXPw; HttpOnly; SameSite=None; Secure; Path=/; Domain=npmjs.org
< CF-Ray: a44f5c02190f7c08-TIA
< CF-Cache-Status: HIT
< ETag: W/"9ec84afd97930e87a34f370f03ad948b"
< Access-Control-Allow-Origin: *
< Cache-Control: public, max-age=300
< Last-Modified: Sat, 08 Aug 2026 19:59:18 GMT
< Server: cloudflare
< Vary: accept-encoding, accept
< Content-Encoding: br

< 200 OK
< Date: Sat, 03 Oct 2026 22:24:51 GMT
< Content-Type: application/vnd.npm.install-v1+json
< Transfer-Encoding: chunked
< Connection: keep-alive
< set-cookie: __cf_bm=C5uul3TvWxreyxLv87tGuQrPkKRg_SpmOzj33Y9pQu0-1791066291.5304027-1.0.1.1-cF4jlTRdz31J2AsAJZ8TFj0oRqcooMwqYdJLl0GY3RCAXf93.fRirFpeKIsKI0b0mDWRUNbYYJX_QcdiVrNv5G8lDTmnoqOF6wnzyfkFWd5H_6C4t0nx4CJsH3.T5.73; HttpOnly; SameSite=None; Secure; Path=/; Domain=npmjs.org; Expires=Sat, 03 Oct 2026 22:54:51 GMT
< set-cookie: _cfuvid=.20ZrcRzxkozZ8q3soeCm2ylt6uclxXXchJJ6U.h8M4-1791066291.5304027-1.0.1.1-uoCzsbriiFR5eLwvmxjT.nO6Qeq6MD8TjwpH8op2VxQ; HttpOnly; SameSite=None; Secure; Path=/; Domain=npmjs.org
< CF-Ray: a44f5c020a4bf474-TIA
< CF-Cache-Status: HIT
< ETag: W/"c86d91e7286ddbddeb46596ea3e6df5b"
< Access-Control-Allow-Origin: *
< Cache-Control: public, max-age=300
< Last-Modified: Sat, 08 Aug 2026 19:58:22 GMT
< Server: cloudflare
< Vary: accept-encoding, accept
< Content-Encoding: br

[PackageManager] waiting for 145 tasks
< 200 OK
< Date: Sat, 03 Oct 2026 22:24:51 GMT
< Content-Type: application/vnd.npm.install-v1+json
< Transfer-Encoding: chunked
< Connection: keep-alive
< set-cookie: __cf_bm=GGWRsD2m9sSVdOOk3nJMa5NVKrMk51RZwR4cmJDGxPs-1791066291.5357146-1.0.1.1-.SQAWq6BZgP1tHAzLCNJNGOgTF2mTUy2Fy8rZvuLdWbJZxDILyQ3D_dy.UzTFWA_rXiTFIjGd37RztWdcjmg_v.eiwdWz2lCxz2zNfxTQQLlcBYIGiRz_5oLAij3ycdh; HttpOnly; SameSite=None; Secure; Path=/; Domain=npmjs.org; Expires=Sat, 03 Oct 2026 22:54:51 GMT
< set-cookie: _cfuvid=8dhzfiEdGOeY9NTd3Ge7OA92XYU2hbw3gWY6ATr1Ia8-1791066291.5357146-1.0.1.1-6Q31xx8Iv5cWxQUV0nDMk1kMgU5dn2cRG3eA7CL_oBo; HttpOnly; SameSite=None; Secure; Path=/; Domain=npmjs.org
< CF-Ray: a44f5c021a57f474-TIA
< CF-Cache-Status: HIT
< ETag: W/"127a2a3320f585196527954850b06f75"
< Access-Control-Allow-Origin: *
< Cache-Control: public, max-age=300
< Last-Modified: Sat, 08 Aug 2026 19:59:22 GMT
< Server: cloudflare
< Vary: accept-encoding, accept
< Content-Encoding: br

    [436.90ms]
Downloaded @esbuild/aix-ppc64 versions
> HTTP/1.1 GET https://registry.npmjs.org/@rollup%2frollup-linux-riscv64-gnu
> Accept: application/vnd.npm.install-v1+json; q=1.0, application/json; q=0.8, */*
> Connection: keep-alive
> User-Agent: Bun/1.3.9
> Host: registry.npmjs.org
> Accept-Encoding: gzip, deflate, br, zstd

[PackageManager] waiting for 145 tasks
   - "@esbuild/aix-ppc64": "0.27.7" - @esbuild/aix-ppc64@0.27.7
< 200 OK
< Date: Sat, 03 Oct 2026 22:24:51 GMT
< Content-Type: application/vnd.npm.install-v1+json
< Transfer-Encoding: chunked
< Connection: keep-alive
< set-cookie: __cf_bm=L5ZVLFNy9Ic6thY_nSrYt0yLQ3OQh0TjPMKCOMwzl40-1791066291.5358372-1.0.1.1-wzkJB6lMYjq4wxcYnjkK2E2Bfs15Zw1gTuv72GbqnXEytA3XA1BJbdJPUJ35QOpyxFbiy720zo_BgibJdLTVA4IQpTyt09pZ3OVsTtNJ51bhIiBup5DXT0SKfRFAJWlz; HttpOnly; SameSite=None; Secure; Path=/; Domain=npmjs.org; Expires=Sat, 03 Oct 2026 22:54:51 GMT
< set-cookie: _cfuvid=zGsyUYXmlJZiz7U2LYsbbhaooSCRXDi5jqDU7ORmkfo-1791066291.5358372-1.0.1.1-Vr4966Ycoqg9vjzYu7Uvm.9xmeHP0_am.MH7BJmUT0A; HttpOnly; SameSite=None; Secure; Path=/; Domain=npmjs.org
< CF-Ray: a44f5c0219107c08-TIA
< CF-Cache-Status: HIT
< ETag: W/"917c8557da766800b383e022a321714c"
< Access-Control-Allow-Origin: *
< Cache-Control: public, max-age=300
< Last-Modified: Sat, 08 Aug 2026 19:58:11 GMT
< Server: cloudflare
< Vary: accept-encoding, accept
< Content-Encoding: br

< 200 OK
< Date: Sat, 03 Oct 2026 22:24:51 GMT
< Content-Type: application/vnd.npm.install-v1+json
< Transfer-Encoding: chunked
< Connection: keep-alive
< set-cookie: __cf_bm=cfBF9KDNyMeeF9LAZRfS9394MlzD8U3IoMKTaSPm1FY-1791066291.5356274-1.0.1.1-F4_xJjHIbZ_PoxtQcV3Qq056WJ5HB8CnAk473qmEXh7FtraNXhDKHC3iCXfgyHwd528SwTRoHcDS10RUUv2LdA4RuTNkI4EG01QLvIASGjDGuuHmh0RxVooTQOUr5qtx; HttpOnly; SameSite=None; Secure; Path=/; Domain=npmjs.org; Expires=Sat, 03 Oct 2026 22:54:51 GMT
< set-cookie: _cfuvid=y3BACzs4dv67svt2cZJXy57G1X1Qhfeit4aKJ4.KQ5k-1791066291.5356274-1.0.1.1-W.4B.VzZQIe7pG6aducsFZYUYHfGkEKpn.MCOWz1FSk; HttpOnly; SameSite=None; Secure; Path=/; Domain=npmjs.org
< CF-Ray: a44f5c021f1e9b00-TIA
< CF-Cache-Status: HIT
< ETag: W/"d26a2211af23fdb41c0f867c51ae997d"
< Access-Control-Allow-Origin: *
< Cache-Control: public, max-age=300
< Last-Modified: Sat, 08 Aug 2026 19:58:44 GMT
< Server: cloudflare
< Vary: accept-encoding, accept
< Content-Encoding: br

[PackageManager] waiting for 144 tasks
> HTTP/1.1 GET https://registry.npmjs.org/@rollup%2frollup-openharmony-arm64
> Accept: application/vnd.npm.install-v1+json; q=1.0, application/json; q=0.8, */*
> Connection: keep-alive
> User-Agent: Bun/1.3.9
> Host: registry.npmjs.org
> Accept-Encoding: gzip, deflate, br, zstd

    [430.54ms]
Downloaded @esbuild/linux-s390x versions
< 200 OK
< Date: Sat, 03 Oct 2026 22:24:51 GMT
< Content-Type: application/vnd.npm.install-v1+json
< Transfer-Encoding: chunked
< Connection: keep-alive
< set-cookie: __cf_bm=F_ma3MmcoPoa6XfOyAtEHzT0KtBk4xWXeOUbS3a9kIc-1791066291.5357265-1.0.1.1-W6UUQmp7FMxv8JLVQemx1soV0zWhUNXOOSJ4qQs_AIug0NRiW_.KFVXBRcUqX1mlvpOQnN2Uj49.523MYcUWyhvY96FgC5qVt_kb6ZsTm3U8gh9Ab9FqxtRHtLtSUbmL; HttpOnly; SameSite=None; Secure; Path=/; Domain=npmjs.org; Expires=Sat, 03 Oct 2026 22:54:51 GMT
< set-cookie: _cfuvid=iXOLUQfbjPJinnLgP53peb0B6ckRPrZjgmH_hWHM_DA-1791066291.5357265-1.0.1.1-.r4iXbEIubSC4bzQmG3ftJMwv8YSWEJyViD0orIAAik; HttpOnly; SameSite=None; Secure; Path=/; Domain=npmjs.org
< CF-Ray: a44f5c021f1f9b00-TIA
< CF-Cache-Status: HIT
< ETag: W/"0c0c973c4e44970acafaa58c3b36d389"
< Access-Control-Allow-Origin: *
< Cache-Control: public, max-age=300
< Last-Modified: Sat, 08 Aug 2026 19:57:50 GMT
< Server: cloudflare
< Vary: accept-encoding, accept
< Content-Encoding: br

< 200 OK
< Date: Sat, 03 Oct 2026 22:24:51 GMT
< Content-Type: application/vnd.npm.install-v1+json
< Transfer-Encoding: chunked
< Connection: keep-alive
< set-cookie: __cf_bm=MgChpIcnwxDJRQcffoEVOGawFmYwiaLiBWr7tN7a.Eo-1791066291.5359337-1.0.1.1-RkG3VRceh91AAa7xqv6BrlWNPDRjZlYVjkyWH11YnzmtdaoaBUTNXU4yGJ16awsMNsAJ9AMnKgpfc2z5EJ6aagEZc3nYQe5.h4jRLegNflYRM8jvlmRijIlQaxU1Ds_R; HttpOnly; SameSite=None; Secure; Path=/; Domain=npmjs.org; Expires=Sat, 03 Oct 2026 22:54:51 GMT
< set-cookie: _cfuvid=LXt2vCiRcJ5asFtDe6FV3gt4u9xvJWxGxRfNdUXZJ3E-1791066291.5359337-1.0.1.1-kz5qHAkI6mGLdDOQ_7ZgvmBGFAEyMpfz5JdzL.azzxs; HttpOnly; SameSite=None; Secure; Path=/; Domain=npmjs.org
< CF-Ray: a44f5c021f229b00-TIA
< CF-Cache-Status: HIT
< ETag: W/"fd3c41489b1f2eb1f2ad449b83658160"
< Access-Control-Allow-Origin: *
< Cache-Control: public, max-age=300
< Last-Modified: Sat, 08 Aug 2026 20:00:45 GMT
< Server: cloudflare
< Vary: accept-encoding, accept
< Content-Encoding: br

[PackageManager] waiting for 144 tasks
   - "@esbuild/linux-s390x": "0.27.7" - @esbuild/linux-s390x@0.27.7
> HTTP/1.1 GET https://registry.npmjs.org/@rollup%2frollup-linux-loong64-musl
> Accept: application/vnd.npm.install-v1+json; q=1.0, application/json; q=0.8, */*
> Connection: keep-alive
> User-Agent: Bun/1.3.9
> Host: registry.npmjs.org
> Accept-Encoding: gzip, deflate, br, zstd

[PackageManager] waiting for 143 tasks
< 200 OK
< Date: Sat, 03 Oct 2026 22:24:51 GMT
< Content-Type: application/vnd.npm.install-v1+json
< Transfer-Encoding: chunked
< Connection: keep-alive
< set-cookie: __cf_bm=rDDw._eYu7N8B6etP_kPve9PtaUqIpJget0knxBuIc4-1791066291.4144862-1.0.1.1-R2xXxVpeDRjNIYqwb4Vx_bttGK2cEDUcsbUHNAVuYz_TIAKkdZHW82mMQpnx.AfJX2NUdE.jfD.eW8mzaLsOnaahxqkr24Vng.XlnHQwcR4YdUcKiCndXDSPvUwoGQBa; HttpOnly; SameSite=None; Secure; Path=/; Domain=npmjs.org; Expires=Sat, 03 Oct 2026 22:54:51 GMT
< set-cookie: _cfuvid=VeZkQu9fxU9AoqlIWN.9lcOn0ezpQG6JhnoGdjKv5ic-1791066291.4144862-1.0.1.1-VUAEfP.aSItdEgTSOnmsdIvPPjrAaO9CYNDVfr9fUkQ; HttpOnly; SameSite=None; Secure; Path=/; Domain=npmjs.org
< CF-Ray: a44f5c015a98bd99-TIA
< CF-Cache-Status: HIT
< ETag: W/"4dc952dd3d16913e1a4be174b1545438"
< Access-Control-Allow-Origin: *
< Cache-Control: public, max-age=300
< Last-Modified: Mon, 07 Sep 2026 20:44:13 GMT
< Server: cloudflare
< Vary: accept-encoding, accept
< Content-Encoding: br

    [437.27ms]
Downloaded @esbuild/linux-ia32 versions
< 200 OK
< Date: Sat, 03 Oct 2026 22:24:51 GMT
< Content-Type: application/vnd.npm.install-v1+json
< Transfer-Encoding: chunked
< Connection: keep-alive
< set-cookie: __cf_bm=kXUmKzOQmIZfu5mYpI7qMnETJVFN3ZiLk4kn4_IQoSE-1791066291.535726-1.0.1.1-ljEc28ss9L9JSiEApFzza5AlukiZ0.DNc0M1tfdpEmKDrppcAMVNYrIeL3BFsyo4a4Lfa.wISEwIu2B7DIsXFAUui1Ns8bjD0rN0TavdOKTg5gzN3X0yOfZaj3juE3fr; HttpOnly; SameSite=None; Secure; Path=/; Domain=npmjs.org; Expires=Sat, 03 Oct 2026 22:54:51 GMT
< set-cookie: _cfuvid=AOxMK6XI70.oWaEgvcNK5aFlSfw3TdqIYHwyr0O7wdY-1791066291.535726-1.0.1.1-5nItcVE_fDh9PWZtr0luW7a5btJmbzxO2OpFmhk1a40; HttpOnly; SameSite=None; Secure; Path=/; Domain=npmjs.org
< CF-Ray: a44f5c021a58f474-TIA
< CF-Cache-Status: HIT
< ETag: W/"d1d9be307023421f25d63cfd01d4b135"
< Access-Control-Allow-Origin: *
< Cache-Control: public, max-age=300
< Last-Modified: Sat, 08 Aug 2026 20:01:40 GMT
< Server: cloudflare
< Vary: accept-encoding, accept
< Content-Encoding: br

[PackageManager] waiting for 143 tasks
    [438.02ms]
Downloaded @esbuild/sunos-x64 versions
< 200 OK
< Date: Sat, 03 Oct 2026 22:24:51 GMT
< Content-Type: application/vnd.npm.install-v1+json
< Transfer-Encoding: chunked
< Connection: keep-alive
< set-cookie: __cf_bm=Js.fGNJ8nxZIE9nC1jawZCITF5ERp9uzZ47O8dngJAw-1791066291.5360565-1.0.1.1-Bx6pBT9wJ_S2OC5Ag5p3G2vhxQ4GRIy0zJk8cJLDRuMd2rflKug.Sf2sfV9uK.oY9KBje.OQXupOle0om359t7MvhPlTe9466sLtEVAY7ccUiXzUYpMrPh_MzXhjtLE8; HttpOnly; SameSite=None; Secure; Path=/; Domain=npmjs.org; Expires=Sat, 03 Oct 2026 22:54:51 GMT
< set-cookie: _cfuvid=cDQoj1sB9LAowcZC1odv7Q80xd973BT3I4YA72czyEM-1791066291.5360565-1.0.1.1-4LuTVRRTotS3N7I5fQNnXUAPJbvTW839iot1AQup6Vk; HttpOnly; SameSite=None; Secure; Path=/; Domain=npmjs.org
< CF-Ray: a44f5c021f209b00-TIA
< CF-Cache-Status: HIT
< ETag: W/"5b8c2b707bf945ded7bba56ba1bd0ee3"
< Access-Control-Allow-Origin: *
< Cache-Control: public, max-age=300
< Last-Modified: Sat, 08 Aug 2026 19:59:41 GMT
< Server: cloudflare
< Vary: accept-encoding, accept
< Content-Encoding: br

> HTTP/1.1 GET https://registry.npmjs.org/@rollup%2frollup-linux-riscv64-musl
> Accept: application/vnd.npm.install-v1+json; q=1.0, application/json; q=0.8, */*
> Connection: keep-alive
> User-Agent: Bun/1.3.9
> Host: registry.npmjs.org
> Accept-Encoding: gzip, deflate, br, zstd

[PackageManager] waiting for 143 tasks
   - "@esbuild/linux-ia32": "0.27.7" - @esbuild/linux-ia32@0.27.7
[PackageManager] waiting for 142 tasks
   - "@esbuild/sunos-x64": "0.27.7" - @esbuild/sunos-x64@0.27.7
[PackageManager] waiting for 141 tasks
    [556.82ms]
Downloaded split versions
> HTTP/1.1 GET https://registry.npmjs.org/@rollup%2frollup-linux-arm-gnueabihf
> Accept: application/vnd.npm.install-v1+json; q=1.0, application/json; q=0.8, */*
> Connection: keep-alive
> User-Agent: Bun/1.3.9
> Host: registry.npmjs.org
> Accept-Encoding: gzip, deflate, br, zstd

< 200 OK
< Date: Sat, 03 Oct 2026 22:24:51 GMT
< Content-Type: application/vnd.npm.install-v1+json
< Transfer-Encoding: chunked
< Connection: keep-alive
< set-cookie: __cf_bm=QLvqGFTE_GUWUfjCVLjbsRwa7ntPsICwQNbYKeyERqI-1791066291.5358675-1.0.1.1-VGn0SZBpBhjR1dPqR66.U9bCgHO3riSc1CUupM9eEZQxhuJWzPISXIZxiAnJStRd.hsw3AKyPdwgLv8nHnOaUj2WUt_pULy3uho6YOkdqt8Yn7tRi3PctcPt7mIpv1m2; HttpOnly; SameSite=None; Secure; Path=/; Domain=npmjs.org; Expires=Sat, 03 Oct 2026 22:54:51 GMT
< set-cookie: _cfuvid=VtTj03HnNmKI1178ff9Y1VfKahpWEyU.6P5ZXou9Km0-1791066291.5358675-1.0.1.1-l8tq3DMRkecVsxbKtAoF1NwAFbSETKBw9wNrf.d3JpA; HttpOnly; SameSite=None; Secure; Path=/; Domain=npmjs.org
< CF-Ray: a44f5c021b9bbd99-TIA
< CF-Cache-Status: HIT
< ETag: W/"ffed352d60c63540d860f2592a3e0518"
< Access-Control-Allow-Origin: *
< Cache-Control: public, max-age=300
< Last-Modified: Sat, 08 Aug 2026 19:57:28 GMT
< Server: cloudflare
< Vary: accept-encoding, accept
< Content-Encoding: br

< 200 OK
< Date: Sat, 03 Oct 2026 22:24:51 GMT
< Content-Type: application/vnd.npm.install-v1+json
< Transfer-Encoding: chunked
< Connection: keep-alive
< set-cookie: __cf_bm=SUhPefsy7QgmP9V1NDUBNh_7hrgm8JnzHSf5AeuLg04-1791066291.535775-1.0.1.1-oRnXKYVgjxC84e4wtxJEpTQwmb5MEFfhd9gDRlvdUnCRqYUAik0I3aB6QMJ7u5n_H1VC6prdodvzV3KpPoGaJ1HZ7yMfH7cjdt.DK746rdry3.3wDesDzCYeNzeJWK_E; HttpOnly; SameSite=None; Secure; Path=/; Domain=npmjs.org; Expires=Sat, 03 Oct 2026 22:54:51 GMT
< set-cookie: _cfuvid=mfr89f2wGL3x_LmITKJwvIDhCmwz0ZAhFnkUjpJTKQo-1791066291.535775-1.0.1.1-ypDktPqSMZZGJErdF9MQfR_NWHhEjMygPfNw.6W5.pc; HttpOnly; SameSite=None; Secure; Path=/; Domain=npmjs.org
< CF-Ray: a44f5c021b9cbd99-TIA
< CF-Cache-Status: HIT
< ETag: W/"ddca3366297614e6a8dd4b27fc24ddd2"
< Access-Control-Allow-Origin: *
< Cache-Control: public, max-age=300
< Last-Modified: Sat, 08 Aug 2026 19:58:50 GMT
< Server: cloudflare
< Vary: accept-encoding, accept
< Content-Encoding: br

[PackageManager] waiting for 141 tasks
   - "split": "0.3" - split@0.3.3
[PackageManager] waiting for 140 tasks
    [438.29ms]
Downloaded @esbuild/darwin-x64 versions
> HTTP/1.1 GET https://registry.npmjs.org/@rollup%2frollup-linux-arm-musleabihf
> Accept: application/vnd.npm.install-v1+json; q=1.0, application/json; q=0.8, */*
> Connection: keep-alive
> User-Agent: Bun/1.3.9
> Host: registry.npmjs.org
> Accept-Encoding: gzip, deflate, br, zstd

[PackageManager] waiting for 140 tasks
   - "@esbuild/darwin-x64": "0.27.7" - @esbuild/darwin-x64@0.27.7
[PackageManager] waiting for 139 tasks
    [436.55ms]
Downloaded @esbuild/linux-arm64 versions
> HTTP/1.1 GET https://registry.npmjs.org/is-wsl
> Accept: application/vnd.npm.install-v1+json; q=1.0, application/json; q=0.8, */*
> Connection: keep-alive
> User-Agent: Bun/1.3.9
> Host: registry.npmjs.org
> Accept-Encoding: gzip, deflate, br, zstd

[PackageManager] waiting for 139 tasks
< 200 OK
< Date: Sat, 03 Oct 2026 22:24:51 GMT
< Content-Type: application/vnd.npm.install-v1+json
< Transfer-Encoding: chunked
< Connection: keep-alive
< set-cookie: __cf_bm=mNfVb4KUMCknI2cVVv_ksYtH.pBk.pmCgln3Ynhs58o-1791066291.5357132-1.0.1.1-4wbvx8Vlpq4YvoW1iBt8mkhfHD2F7A_ICLu0gxWokZtkFxMhiVDO_nS0ZqrZxp1etSg1SkBSWdY2SOoAUdT13Sx8ehFMTKxGCxbbCJ7DLWy.LjzL50WkGkDOVV.r2lo5; HttpOnly; SameSite=None; Secure; Path=/; Domain=npmjs.org; Expires=Sat, 03 Oct 2026 22:54:51 GMT
< set-cookie: _cfuvid=egDWPg5vFZAWFT3.lLKDlkK6d2WTnACmGJkSqnlOthw-1791066291.5357132-1.0.1.1-hCLEaBQccf5MgGlt9DDq9bcaEZdt8z5rLzH18ObHe2I; HttpOnly; SameSite=None; Secure; Path=/; Domain=npmjs.org
< CF-Ray: a44f5c021f219b00-TIA
< CF-Cache-Status: HIT
< ETag: W/"655cdf67d8ea571d14f25c4afadb5745"
< Access-Control-Allow-Origin: *
< Cache-Control: public, max-age=300
< Last-Modified: Sat, 08 Aug 2026 19:59:00 GMT
< Server: cloudflare
< Vary: accept-encoding, accept
< Content-Encoding: br

    [441.35ms]
Downloaded @esbuild/linux-x64 versions
   - "@esbuild/linux-arm64": "0.27.7" - @esbuild/linux-arm64@0.27.7
[PackageManager] waiting for 138 tasks
[PackageManager] waiting for 138 tasks
    [441.04ms]
Downloaded @esbuild/netbsd-x64 versions
[PackageManager] waiting for 138 tasks
< 200 OK
< Date: Sat, 03 Oct 2026 22:24:51 GMT
< Content-Type: application/vnd.npm.install-v1+json
< Transfer-Encoding: chunked
< Connection: keep-alive
< set-cookie: __cf_bm=6g9RgnImtpCKubwlnZ9ykD3qE47H.sEFw2lf96y5_Vc-1791066291.5358655-1.0.1.1-90QBRoyor0DnLjIJuyn4LmXxCqp7le6ldJIoceEogXoGHcHz9mMK0HBxHHdviUArdW5cobdguGsfVLzbMEolYog1Lr0yQQ3G75n4RYgd88pzul6rMR2539lyln4vww3N; HttpOnly; SameSite=None; Secure; Path=/; Domain=npmjs.org; Expires=Sat, 03 Oct 2026 22:54:51 GMT
< set-cookie: _cfuvid=_ojX6ptmYUAwH0CaRy182JpUo2IOYALXsea4v1WbIvs-1791066291.5358655-1.0.1.1-lyWHv3tM3DiOnSiKu2e3b4MveRZKEBSjchPeXEZm8go; HttpOnly; SameSite=None; Secure; Path=/; Domain=npmjs.org
< CF-Ray: a44f5c021b9dbd99-TIA
< CF-Cache-Status: HIT
< ETag: W/"bacc4c4c8ec3a5e3d2720cb57fc9e3cf"
< Access-Control-Allow-Origin: *
< Cache-Control: public, max-age=300
< Last-Modified: Sat, 08 Aug 2026 19:58:33 GMT
< Server: cloudflare
< Vary: accept-encoding, accept
< Content-Encoding: br

    [441.17ms]
Downloaded @esbuild/win32-ia32 versions
> HTTP/1.1 GET https://registry.npmjs.org/@types%2fhistory
> Accept: application/vnd.npm.install-v1+json; q=1.0, application/json; q=0.8, */*
> Connection: keep-alive
> User-Agent: Bun/1.3.9
> Host: registry.npmjs.org
> Accept-Encoding: gzip, deflate, br, zstd

   - "@esbuild/linux-x64": "0.27.7" - @esbuild/linux-x64@0.27.7
> HTTP/1.1 GET https://registry.npmjs.org/@types%2freact-router
> Accept: application/vnd.npm.install-v1+json; q=1.0, application/json; q=0.8, */*
> Connection: keep-alive
> User-Agent: Bun/1.3.9
> Host: registry.npmjs.org
> Accept-Encoding: gzip, deflate, br, zstd

[PackageManager] waiting for 137 tasks
> HTTP/1.1 GET https://registry.npmjs.org/acorn
> Accept: application/vnd.npm.install-v1+json; q=1.0, application/json; q=0.8, */*
> Connection: keep-alive
> User-Agent: Bun/1.3.9
> Host: registry.npmjs.org
> Accept-Encoding: gzip, deflate, br, zstd

< 200 OK
< Date: Sat, 03 Oct 2026 22:24:51 GMT
< Content-Type: application/vnd.npm.install-v1+json
< Transfer-Encoding: chunked
< Connection: keep-alive
< set-cookie: __cf_bm=ZIyf2P8EtcneOfWI6w61cKoA6pEpv1WHWUQ9pdLicIA-1791066291.5460312-1.0.1.1-LqEhBBd.EXLAp92UrKryEgN8U4gCn9B2xFQzhrspWko0j52g253qLO93x5qscVBUkCPm16E7b0YOM5VX_hoZ_gZG.Nal7vpkbKwX3CMGVA2psbkXALvwO85qO5j_UUcZ; HttpOnly; SameSite=None; Secure; Path=/; Domain=npmjs.org; Expires=Sat, 03 Oct 2026 22:54:51 GMT
< set-cookie: _cfuvid=F1LmS5qUm7llA6YLRy7r3HIF4kJ7rpnEfpuV5JOXguY-1791066291.5460312-1.0.1.1-AJuMXtNV8WxDyVtGVs9ul09nMs_C0_D9miUm6q82W3g; HttpOnly; SameSite=None; Secure; Path=/; Domain=npmjs.org
< CF-Ray: a44f5c022ad25f50-TIA
< CF-Cache-Status: HIT
< ETag: W/"77b45d6d5f2474d248900fe82aabedfe"
< Access-Control-Allow-Origin: *
< Cache-Control: public, max-age=300
< Last-Modified: Sat, 08 Aug 2026 20:00:11 GMT
< Server: cloudflare
< Vary: accept-encoding, accept
< Content-Encoding: br

[PackageManager] waiting for 137 tasks
   - "@esbuild/netbsd-x64": "0.27.7" - @esbuild/netbsd-x64@0.27.7
[PackageManager] waiting for 136 tasks
   - "@esbuild/win32-ia32": "0.27.7" - @esbuild/win32-ia32@0.27.7
[PackageManager] waiting for 135 tasks
    [434.82ms]
Downloaded @esbuild/openbsd-x64 versions
> HTTP/1.1 GET https://registry.npmjs.org/ufo
> Accept: application/vnd.npm.install-v1+json; q=1.0, application/json; q=0.8, */*
> Connection: keep-alive
> User-Agent: Bun/1.3.9
> Host: registry.npmjs.org
> Accept-Encoding: gzip, deflate, br, zstd

< 200 OK
< Date: Sat, 03 Oct 2026 22:24:51 GMT
< Content-Type: application/vnd.npm.install-v1+json
< Transfer-Encoding: chunked
< Connection: keep-alive
< set-cookie: __cf_bm=PHAsVhVqjN5nALmAXGjsCQhGG8Auo4.Pa8N8DyE9DeM-1791066291.5357425-1.0.1.1-A_51j4CExHp6mKQWGFH.tjAN1liul6vAirgpaazLTjHxCTlSt7_BCQZec_6_J.jnriDTPQon.1fM.TbwJFyEeTnkg5FhNnsCGJmUfSYlRxu5eBykTXOr9Nf8Q6QGzlsV; HttpOnly; SameSite=None; Secure; Path=/; Domain=npmjs.org; Expires=Sat, 03 Oct 2026 22:54:51 GMT
< set-cookie: _cfuvid=.1BjzHs_NDvPXON_U07Tz1xmlW0YZD74.mtEBwqnf9s-1791066291.5357425-1.0.1.1-BS7sqvhosn0asuo6SA4B6Ye2ihl_5zTzCZrIHpjMy4o; HttpOnly; SameSite=None; Secure; Path=/; Domain=npmjs.org
< CF-Ray: a44f5c021abd5f50-TIA
< CF-Cache-Status: HIT
< ETag: W/"c0d09654764da40a3f8eb939f85046b4"
< Access-Control-Allow-Origin: *
< Cache-Control: public, max-age=300
< Last-Modified: Sat, 08 Aug 2026 19:59:06 GMT
< Server: cloudflare
< Vary: accept-encoding, accept
< Content-Encoding: br

[PackageManager] waiting for 135 tasks
   - "@esbuild/openbsd-x64": "0.27.7" - @esbuild/openbsd-x64@0.27.7
[PackageManager] waiting for 134 tasks
    [441.15ms]
Downloaded @esbuild/linux-ppc64 versions
> HTTP/1.1 GET https://registry.npmjs.org/filter-obj
> Accept: application/vnd.npm.install-v1+json; q=1.0, application/json; q=0.8, */*
> Connection: keep-alive
> User-Agent: Bun/1.3.9
> Host: registry.npmjs.org
> Accept-Encoding: gzip, deflate, br, zstd

[PackageManager] waiting for 134 tasks
    [445.87ms]
Downloaded @esbuild/win32-x64 versions
> HTTP/1.1 GET https://registry.npmjs.org/split-on-first
> Accept: application/vnd.npm.install-v1+json; q=1.0, application/json; q=0.8, */*
> Connection: keep-alive
> User-Agent: Bun/1.3.9
> Host: registry.npmjs.org
> Accept-Encoding: gzip, deflate, br, zstd

[PackageManager] waiting for 134 tasks
   - "@esbuild/linux-ppc64": "0.27.7" - @esbuild/linux-ppc64@0.27.7
[PackageManager] waiting for 133 tasks
   - "@esbuild/win32-x64": "0.27.7" - @esbuild/win32-x64@0.27.7
[PackageManager] waiting for 132 tasks
    [450.10ms]
Downloaded @esbuild/android-arm versions
> HTTP/1.1 GET https://registry.npmjs.org/decode-uri-component
> Accept: application/vnd.npm.install-v1+json; q=1.0, application/json; q=0.8, */*
> Connection: keep-alive
> User-Agent: Bun/1.3.9
> Host: registry.npmjs.org
> Accept-Encoding: gzip, deflate, br, zstd

< 200 OK
< Date: Sat, 03 Oct 2026 22:24:51 GMT
< Content-Type: application/vnd.npm.install-v1+json
< Transfer-Encoding: chunked
< Connection: keep-alive
< set-cookie: __cf_bm=.Odur8BE1HdA5jTLOx3duJWoxvP9YnMKnS.De6w6WwE-1791066291.5511875-1.0.1.1-qGZSv_V5Tow6ccusOTOYgD.umme6Wt.pp2QbK3qw88G6I0RdzKAW2gkIxe.1iRfRdch2hsCIH9irjqK6GMdLWjoZfdqtBV2CehE52N_8.jx214FTnPp5529sdbBs_Hwj; HttpOnly; SameSite=None; Secure; Path=/; Domain=npmjs.org; Expires=Sat, 03 Oct 2026 22:54:51 GMT
< set-cookie: _cfuvid=eKUWnt4uZCm_OcWmIZNLr5v0YZZbCsf9Fhpu.PUpeKY-1791066291.5511875-1.0.1.1-w87t5oyEe.uj9Y6MXJ8T.4AMRovI4wztljtP0DAwVX8; HttpOnly; SameSite=None; Secure; Path=/; Domain=npmjs.org
< CF-Ray: a44f5c023ad75f50-TIA
< CF-Cache-Status: HIT
< ETag: W/"2aace842da66ca7427ab62e2b5537556"
< Access-Control-Allow-Origin: *
< Cache-Control: public, max-age=300
< Last-Modified: Sat, 08 Aug 2026 19:58:45 GMT
< Server: cloudflare
< Vary: accept-encoding, accept
< Content-Encoding: br

> HTTP/1.1 GET https://registry.npmjs.org/@react-hook%2flatest
> Accept: application/vnd.npm.install-v1+json; q=1.0, application/json; q=0.8, */*
> Connection: keep-alive
> User-Agent: Bun/1.3.9
> Host: registry.npmjs.org
> Accept-Encoding: gzip, deflate, br, zstd

[PackageManager] waiting for 132 tasks
    [451.68ms]
Downloaded @esbuild/linux-arm versions
[PackageManager] waiting for 132 tasks
    [434.10ms]
Downloaded @esbuild/darwin-arm64 versions
> HTTP/1.1 GET https://registry.npmjs.org/@react-hook%2fpassive-layout-effect
> Accept: application/vnd.npm.install-v1+json; q=1.0, application/json; q=0.8, */*
> Connection: keep-alive
> User-Agent: Bun/1.3.9
> Host: registry.npmjs.org
> Accept-Encoding: gzip, deflate, br, zstd

[PackageManager] waiting for 132 tasks
   - "@esbuild/linux-arm": "0.27.7" - @esbuild/linux-arm@0.27.7
[PackageManager] waiting for 131 tasks
   - "@esbuild/android-arm": "0.27.7" - @esbuild/android-arm@0.27.7
[PackageManager] waiting for 130 tasks
   - "@esbuild/darwin-arm64": "0.27.7" - @esbuild/darwin-arm64@0.27.7
[PackageManager] waiting for 129 tasks
    [454.95ms]
Downloaded @esbuild/android-x64 versions
> HTTP/1.1 GET https://registry.npmjs.org/mime-db
> Accept: application/vnd.npm.install-v1+json; q=1.0, application/json; q=0.8, */*
> Connection: keep-alive
> User-Agent: Bun/1.3.9
> Host: registry.npmjs.org
> Accept-Encoding: gzip, deflate, br, zstd

[PackageManager] waiting for 129 tasks
   - "@esbuild/android-x64": "0.27.7" - @esbuild/android-x64@0.27.7
< 200 OK
< Date: Sat, 03 Oct 2026 22:24:51 GMT
< Content-Type: application/vnd.npm.install-v1+json
< Transfer-Encoding: chunked
< Connection: keep-alive
< set-cookie: __cf_bm=7k4iPoB915AV13i.bT.QiohI0vtUekcrV_A9PtWaNvM-1791066291.567076-1.0.1.1-c7Td_rCCRb6lSVNOsfHtOLV7l5Usm3OLkAmr7HFElbn0cxtNADTY7B6wV0n9y5ChgUPLCujlNX2QJ4X2nt.WaJRWchFltk1k4WB13XZqrDQWukKuvNHcPpO6MZ36qOun; HttpOnly; SameSite=None; Secure; Path=/; Domain=npmjs.org; Expires=Sat, 03 Oct 2026 22:54:51 GMT
< set-cookie: _cfuvid=Z_CjTJbLmN8iNRDXX8FZfKyIzGBAO.XlN7GVyaOMGxM-1791066291.567076-1.0.1.1-YxKa4souG6lID4jBISE26dO0DbVDXdjVNbS7bN2Rho0; HttpOnly; SameSite=None; Secure; Path=/; Domain=npmjs.org
< CF-Ray: a44f5c0249367c08-TIA
< CF-Cache-Status: HIT
< ETag: W/"cd532e3212682912bd50b3aff246caa1"
< Access-Control-Allow-Origin: *
< Cache-Control: public, max-age=300
< Last-Modified: Sat, 08 Aug 2026 19:59:35 GMT
< Server: cloudflare
< Vary: accept-encoding, accept
< Content-Encoding: br

< 200 OK
< Date: Sat, 03 Oct 2026 22:24:51 GMT
< Content-Type: application/vnd.npm.install-v1+json
< Transfer-Encoding: chunked
< Connection: keep-alive
< set-cookie: __cf_bm=yvZn8EJ.X2ujq1ZuuDVxJ0YvRlWPKDmdbRFiFtE6lgw-1791066291.5723526-1.0.1.1-okmleQVI_84BGMMOWykAlZP5tkcitK5sLHXUjczbnFVOS2T2JrK2pEofkRC6sa982QMvBm_fz3n5rgkV8lowY2LjhMFLKaZg_wkTtrYd5kx9zUv9J6jeJb8ou_BdrWug; HttpOnly; SameSite=None; Secure; Path=/; Domain=npmjs.org; Expires=Sat, 03 Oct 2026 22:54:51 GMT
< set-cookie: _cfuvid=WLX1pAVLkqYQUEkBaUSKcVKefZ4icNgqW6hrMbtg1ls-1791066291.5723526-1.0.1.1-xSVxy2GWjhvhS2CUGaV2yqiB4Jglcff9uK8h.vYsxwI; HttpOnly; SameSite=None; Secure; Path=/; Domain=npmjs.org
< CF-Ray: a44f5c025933793f-TIA
< CF-Cache-Status: HIT
< ETag: W/"23c3226420c2d048a36e1a60c36c3fde"
< Access-Control-Allow-Origin: *
< Cache-Control: public, max-age=300
< Last-Modified: Sat, 08 Aug 2026 19:58:56 GMT
< Server: cloudflare
< Vary: accept-encoding, accept
< Content-Encoding: br

[PackageManager] waiting for 128 tasks
    [432.71ms]
Downloaded @esbuild/freebsd-arm64 versions
< 200 OK
< Date: Sat, 03 Oct 2026 22:24:51 GMT
< Content-Type: application/vnd.npm.install-v1+json
< Transfer-Encoding: chunked
< Connection: keep-alive
< set-cookie: __cf_bm=lWC4b0TwqeA6.o0AG7S5Ng0OoitM29FmevTdvDB6xYM-1791066291.577746-1.0.1.1-POLxEwYlEcGSkCIkq0N.xBxtBIWSxAr7ouV8z.oziEski5MOV1tHACA3a7jUI78fMql_9BAqC4mR7j9L8orNXan44EsN2UAJs6qTcO2RfxnFw_fhOk6kl3oDVNVT9iAh; HttpOnly; SameSite=None; Secure; Path=/; Domain=npmjs.org; Expires=Sat, 03 Oct 2026 22:54:51 GMT
< set-cookie: _cfuvid=HbQqzjVa87ZSoXNu.LQHxHOUuPJSmf0sytk9wl2.1kg-1791066291.577746-1.0.1.1-pJq7qiutqjmYHDpxbngF_wIPD9gxU7xuoJjI6KvfZGY; HttpOnly; SameSite=None; Secure; Path=/; Domain=npmjs.org
< CF-Ray: a44f5c025f609b00-TIA
< CF-Cache-Status: HIT
< ETag: W/"e5983e5ba22880f978850b14edba840f"
< Access-Control-Allow-Origin: *
< Cache-Control: public, max-age=300
< Last-Modified: Sat, 08 Aug 2026 19:58:38 GMT
< Server: cloudflare
< Vary: accept-encoding, accept
< Content-Encoding: br

> HTTP/1.1 GET https://registry.npmjs.org/setprototypeof
> Accept: application/vnd.npm.install-v1+json; q=1.0, application/json; q=0.8, */*
> Connection: keep-alive
> User-Agent: Bun/1.3.9
> Host: registry.npmjs.org
> Accept-Encoding: gzip, deflate, br, zstd

[PackageManager] waiting for 128 tasks
   - "@esbuild/freebsd-arm64": "0.27.7" - @esbuild/freebsd-arm64@0.27.7
[PackageManager] waiting for 127 tasks
    [434.62ms]
Downloaded @esbuild/linux-riscv64 versions
> HTTP/1.1 GET https://registry.npmjs.org/toidentifier
> Accept: application/vnd.npm.install-v1+json; q=1.0, application/json; q=0.8, */*
> Connection: keep-alive
> User-Agent: Bun/1.3.9
> Host: registry.npmjs.org
> Accept-Encoding: gzip, deflate, br, zstd

[PackageManager] waiting for 127 tasks
    [446.74ms]
Downloaded @esbuild/android-arm64 versions
< 200 OK
< Date: Sat, 03 Oct 2026 22:24:52 GMT
< Content-Type: application/vnd.npm.install-v1+json
< Transfer-Encoding: chunked
< Connection: keep-alive
< set-cookie: __cf_bm=cm7ZC2URA39L6CP7kxvGQFjJcS.Zcb5xu3VxflXi9eI-1791066291.5723674-1.0.1.1-K1BMJTYwcPNpLw5Sj39xWcHy2VwbH.XXdgWRZFr6rnFiaUMQjSjSliL.RV4gFVNZiRkzVyWJUuOS1SXLMTsAMp.N1J5myihx.KE_uIU8qst5kFm1Qw2dCh53WXM_sgBi; HttpOnly; SameSite=None; Secure; Path=/; Domain=npmjs.org; Expires=Sat, 03 Oct 2026 22:54:51 GMT
< set-cookie: _cfuvid=DMtMrOB056H4IoXzK2Yyi46bjS9j6hnMGSuVf8Crj.k-1791066291.5723674-1.0.1.1-KwET6cCXdsvaT8Fe__Hnynj7pVEOZBiF7dD197lFqIY; HttpOnly; SameSite=None; Secure; Path=/; Domain=npmjs.org
< CF-Ray: a44f5c0259417c08-TIA
< CF-Cache-Status: HIT
< ETag: W/"c50ccad2d8fc3d15b59155706df239e7"
< Access-Control-Allow-Origin: *
< Cache-Control: public, max-age=300
< Last-Modified: Sat, 08 Aug 2026 19:58:22 GMT
< Server: cloudflare
< Vary: accept-encoding, accept
< Content-Encoding: br

> HTTP/1.1 GET https://registry.npmjs.org/ee-first
> Accept: application/vnd.npm.install-v1+json; q=1.0, application/json; q=0.8, */*
> Connection: keep-alive
> User-Agent: Bun/1.3.9
> Host: registry.npmjs.org
> Accept-Encoding: gzip, deflate, br, zstd

[PackageManager] waiting for 127 tasks
   - "@esbuild/linux-riscv64": "0.27.7" - @esbuild/linux-riscv64@0.27.7
[PackageManager] waiting for 126 tasks
   - "@esbuild/android-arm64": "0.27.7" - @esbuild/android-arm64@0.27.7
< 200 OK
< Date: Sat, 03 Oct 2026 22:24:52 GMT
< Content-Type: application/vnd.npm.install-v1+json
< Transfer-Encoding: chunked
< Connection: keep-alive
< set-cookie: __cf_bm=V_rKtuD5sa4AhwYU59baMXJZQSh0TA7jnqHISWfog9s-1791066291.638074-1.0.1.1-eYxSUXjLS4_sYaIW7qf6WDSNrGIha1O29KhP3UC0IFXUKmZw6yn1o7EYE8Kj0t3Pte3w.uNTD6NFmyx1kWoBP_HfgcC14.yv6RIU7DdOmFN6W_p7BLRckVu9ZVSj7qcL; HttpOnly; SameSite=None; Secure; Path=/; Domain=npmjs.org; Expires=Sat, 03 Oct 2026 22:54:52 GMT
< set-cookie: _cfuvid=5MD0jwCUl5B7dHgvLOe0cUk5Ttvniyz8rl5.1QffwUI-1791066291.638074-1.0.1.1-JWTyLlgl2_HGo_9KRCF0MUw3DTymllWD4ess_KUK2EU; HttpOnly; SameSite=None; Secure; Path=/; Domain=npmjs.org
< CF-Ray: a44f5c02baeaf474-TIA
< CF-Cache-Status: HIT
< ETag: W/"659539bcb8f31a4e901473410d77abe2"
< Access-Control-Allow-Origin: *
< Cache-Control: public, max-age=300
< Last-Modified: Thu, 10 Sep 2026 21:12:35 GMT
< Server: cloudflare
< Vary: accept-encoding, accept
< Content-Encoding: br

[PackageManager] waiting for 125 tasks
> HTTP/1.1 GET https://registry.npmjs.org/isobject
> Accept: application/vnd.npm.install-v1+json; q=1.0, application/json; q=0.8, */*
> Connection: keep-alive
> User-Agent: Bun/1.3.9
> Host: registry.npmjs.org
> Accept-Encoding: gzip, deflate, br, zstd

    [391.19ms]
Downloaded @babel/runtime versions
[PackageManager] waiting for 125 tasks
   - "@babel/runtime": "^7.17.8" - @babel/runtime@7.29.7
< 200 OK
< Date: Sat, 03 Oct 2026 22:24:52 GMT
< Content-Type: application/vnd.npm.install-v1+json
< Transfer-Encoding: chunked
< Connection: keep-alive
< set-cookie: __cf_bm=UZhsvKG9yfnJ7E6DnG2Ayh2xaI3nTHb2o3zs.7Gcw7k-1791066291.6098378-1.0.1.1-27p45oVFYITcXJloSXCIsHfPN0hxBb0meolZCMOHFLkIxYCV9LxPrmS5dVptHNI1426bZxOr49CI265EUUpfHc1QFpgmtQWzhhxa99CFtOw2BEAsdJnyPE0eZOx9PbyD; HttpOnly; SameSite=None; Secure; Path=/; Domain=npmjs.org; Expires=Sat, 03 Oct 2026 22:54:52 GMT
< set-cookie: _cfuvid=nMsihV4wLwTBs36F6lfr_sDa2B9gzytiH.im8fYOnIA-1791066291.6098378-1.0.1.1-v8uAL_Hb59h7tDfanK0VdbbMkuNyB88t0ssVDsc1.SY; HttpOnly; SameSite=None; Secure; Path=/; Domain=npmjs.org
< CF-Ray: a44f5c028b165f50-TIA
< CF-Cache-Status: HIT
< ETag: W/"9a9c3469ec418cbb9cea393b08dd111f"
< Access-Control-Allow-Origin: *
< Cache-Control: public, max-age=300
< Last-Modified: Sat, 08 Aug 2026 19:59:05 GMT
< Server: cloudflare
< Vary: accept-encoding, accept
< Content-Encoding: br

[PackageManager] waiting for 124 tasks
> HTTP/1.1 GET https://registry.npmjs.org/to-regex
> Accept: application/vnd.npm.install-v1+json; q=1.0, application/json; q=0.8, */*
> Connection: keep-alive
> User-Agent: Bun/1.3.9
> Host: registry.npmjs.org
> Accept-Encoding: gzip, deflate, br, zstd

    [464.14ms]
Downloaded @esbuild/linux-loong64 versions
[PackageManager] waiting for 124 tasks
   - "@esbuild/linux-loong64": "0.27.7" - @esbuild/linux-loong64@0.27.7
[PackageManager] waiting for 123 tasks
    [438.48ms]
Downloaded @esbuild/openbsd-arm64 versions
> HTTP/1.1 GET https://registry.npmjs.org/fill-range
> Accept: application/vnd.npm.install-v1+json; q=1.0, application/json; q=0.8, */*
> Connection: keep-alive
> User-Agent: Bun/1.3.9
> Host: registry.npmjs.org
> Accept-Encoding: gzip, deflate, br, zstd

[PackageManager] waiting for 123 tasks
   - "@esbuild/openbsd-arm64": "0.27.7" - @esbuild/openbsd-arm64@0.27.7
< 200 OK
< Date: Sat, 03 Oct 2026 22:24:52 GMT
< Content-Type: application/vnd.npm.install-v1+json
< Transfer-Encoding: chunked
< Connection: keep-alive
< set-cookie: __cf_bm=teMurno5wxdENmaeYwmgPvAEGoNCpPXIKRbak3pDnzg-1791066291.8507254-1.0.1.1-pax47DWM2kcHEHHheebTapPz4t62A6ywZAAMutCVh.3YPOHMTcqHZmWN0bUuQqzK1FAU1PlUwPxk_8N4z_KTLWhxA0YtQ0Zxd_Z_w.LxaWAKtddGlirj5IFUjLpUNWXX; HttpOnly; SameSite=None; Secure; Path=/; Domain=npmjs.org; Expires=Sat, 03 Oct 2026 22:54:52 GMT
< set-cookie: _cfuvid=_WkgJCXLIV6qPt0mv9CKSqbDqDTPh0RRLZusgk_s_2g-1791066291.8507254-1.0.1.1-HAMEmF0s1QX4RWhQSzt4DJ3IVjrOocR979ggcDQnRio; HttpOnly; SameSite=None; Secure; Path=/; Domain=npmjs.org
< CF-Ray: a44f5c041abd7c08-TIA
< CF-Cache-Status: HIT
< ETag: W/"1e8f136e8f7e9891c1d1a37327fc6733"
< Access-Control-Allow-Origin: *
< Cache-Control: public, max-age=300
< Last-Modified: Fri, 14 Nov 2025 18:42:01 GMT
< Server: cloudflare
< Vary: accept-encoding, accept
< Content-Encoding: br

< 200 OK
< Date: Sat, 03 Oct 2026 22:24:52 GMT
< Content-Type: application/vnd.npm.install-v1+json
< Transfer-Encoding: chunked
< Connection: keep-alive
< set-cookie: __cf_bm=oYRHvxp0IF6J0iIn826RlRRnF3s.6.xG0lG_YrtrGSM-1791066291.8509047-1.0.1.1-3MVDsRTQptYd5sA9zd1VwRyKsXle2qQYLyVEcXrHPG.FyljdHWGMzSFwFXr53ZVaBOr7mAiMFR2ZcRqCSbQ0BnpjJ1tbzrRH6idzpUg2xJXCFtdbfALKYm1kvPuIgd1j; HttpOnly; SameSite=None; Secure; Path=/; Domain=npmjs.org; Expires=Sat, 03 Oct 2026 22:54:52 GMT
< set-cookie: _cfuvid=G_OY3IJf996p3uob3BkH3FBIRIO.QW0IOgqVwjdlBvY-1791066291.8509047-1.0.1.1-J2YG40zcbP7k01RtljNI.EbA16z.BHX0pKODoiri5jM; HttpOnly; SameSite=None; Secure; Path=/; Domain=npmjs.org
< CF-Ray: a44f5c041da4a5b3-TIA
< CF-Cache-Status: HIT
< ETag: W/"032b5959898d4d5feb260fe6a1f02d79"
< Access-Control-Allow-Origin: *
< Cache-Control: public, max-age=300
< Last-Modified: Sun, 05 Oct 2025 12:46:35 GMT
< Server: cloudflare
< Vary: accept-encoding, accept
< Content-Encoding: br

[PackageManager] waiting for 122 tasks
    [197.60ms]
Downloaded detect-libc versions
< 200 OK
< Date: Sat, 03 Oct 2026 22:24:52 GMT
< Content-Type: application/vnd.npm.install-v1+json
< Transfer-Encoding: chunked
< Connection: keep-alive
< set-cookie: __cf_bm=wlxTz5qIDzFjjhp0ujashMd6WKoF.Y5ZikWo4dScLNQ-1791066291.8508544-1.0.1.1-Af_tGa59nT_eHUbrhHg_2cObnJeyOw80a1Z0gYfhlNiCHew7o9x.0EQ4UvSW7.tzucRk2YVKwMlOQZgYAv3VXknGL5jai_jdFJdn1M8B1Hw1tHHGfOrghqBo8DenrJMc; HttpOnly; SameSite=None; Secure; Path=/; Domain=npmjs.org; Expires=Sat, 03 Oct 2026 22:54:52 GMT
< set-cookie: _cfuvid=zC.B7KB14Pa4VbliiVVJovBvclB_nd.74pXkBclDnyQ-1791066291.8508544-1.0.1.1-3o3SYipOTvCCdKVUNjngjzepD8eEJD_Y8ty_pot3zA0; HttpOnly; SameSite=None; Secure; Path=/; Domain=npmjs.org
< CF-Ray: a44f5c041a78793f-TIA
< CF-Cache-Status: HIT
< ETag: W/"c59f6c1172bae795cf03e1fee25ca0b4"
< Access-Control-Allow-Origin: *
< Cache-Control: public, max-age=300
< Last-Modified: Tue, 25 Aug 2026 15:33:15 GMT
< Server: cloudflare
< Vary: accept-encoding, accept
< Content-Encoding: br

> HTTP/1.1 GET https://registry.npmjs.org/snapdragon
> Accept: application/vnd.npm.install-v1+json; q=1.0, application/json; q=0.8, */*
> Connection: keep-alive
> User-Agent: Bun/1.3.9
> Host: registry.npmjs.org
> Accept-Encoding: gzip, deflate, br, zstd

[PackageManager] waiting for 122 tasks
   - "detect-libc": "^2.0.2" - detect-libc@2.1.2
> HTTP/1.1 GET https://registry.npmjs.org/arr-flatten
> Accept: application/vnd.npm.install-v1+json; q=1.0, application/json; q=0.8, */*
> Connection: keep-alive
> User-Agent: Bun/1.3.9
> Host: registry.npmjs.org
> Accept-Encoding: gzip, deflate, br, zstd

[PackageManager] waiting for 121 tasks
    [199.59ms]
Downloaded tar-fs versions
[PackageManager] waiting for 121 tasks
   - "tar-fs": "^3.0.4" - tar-fs@3.1.3
Enqueue package manifest for download: pump
Enqueue package manifest for download: tar-stream
Enqueue package manifest for download: bare-fs
Enqueue package manifest for download: bare-path
[PackageManager] waiting for 124 tasks
    [200.66ms]
Downloaded color versions
> HTTP/1.1 GET https://registry.npmjs.org/array-unique
> Accept: application/vnd.npm.install-v1+json; q=1.0, application/json; q=0.8, */*
> Connection: keep-alive
> User-Agent: Bun/1.3.9
> Host: registry.npmjs.org
> Accept-Encoding: gzip, deflate, br, zstd

< 200 OK
< Date: Sat, 03 Oct 2026 22:24:52 GMT
< Content-Type: application/vnd.npm.install-v1+json
< Transfer-Encoding: chunked
< Connection: keep-alive
< set-cookie: __cf_bm=MflMVRoe81nEimSH6yKedABOOQMFl7CSAPWjnLHOLZY-1791066291.8509264-1.0.1.1-deG_oZPMul3slLN_uRb_LX3ueDMm58EfD81ABrUIv8evBQkqtNqt01IPPEeOhP5E.3qKnLRtwA7MBhsNYfQ8oLbD7FJdExnyqKz50fhvl6JWfgDCxBpB3G6kNeUCCBUn; HttpOnly; SameSite=None; Secure; Path=/; Domain=npmjs.org; Expires=Sat, 03 Oct 2026 22:54:52 GMT
< set-cookie: _cfuvid=GSVhAwDLvW4NqsuNcxm0R2Koj778w8_Zuxl_ed8Y_6U-1791066291.8509264-1.0.1.1-VZHi5mQcnLHEk0p7JDngL3C.7Gk8Kp.eM9MIL8D50rI; HttpOnly; SameSite=None; Secure; Path=/; Domain=npmjs.org
< CF-Ray: a44f5c041d83bd99-TIA
< CF-Cache-Status: HIT
< ETag: W/"2072469157c6506807957c00cd45c2f9"
< Access-Control-Allow-Origin: *
< Cache-Control: public, max-age=300
< Last-Modified: Thu, 13 Jul 2023 22:46:44 GMT
< Server: cloudflare
< Vary: accept-encoding, accept
< Content-Encoding: br

< 200 OK
< Date: Sat, 03 Oct 2026 22:24:52 GMT
< Content-Type: application/vnd.npm.install-v1+json
< Transfer-Encoding: chunked
< Connection: keep-alive
< set-cookie: __cf_bm=U6vTX9b2itrf4ubCMUMgIsE1WwQoisTusI59tnlsfjI-1791066291.853112-1.0.1.1-byju9V8WziaM6JLu2l6hPBYLLnXMs5WSeG0Vp5gwNrxpqGGjvqrUTZUl2WwS4XsZYkvnNFlKDFTPqVEw.iDwWETCgjkTG_wgffkmyWzIdcTp4OagqD33ldzGMvGwZY1k; HttpOnly; SameSite=None; Secure; Path=/; Domain=npmjs.org; Expires=Sat, 03 Oct 2026 22:54:52 GMT
< set-cookie: _cfuvid=9l8zGzEFuZj42Xkixa09c_Y3Arqho3AYtPUkvSaW4lk-1791066291.853112-1.0.1.1-jcyd59XgQlXpjYrGoMHcUFdYRgE3G7s.32MBp7CaIig; HttpOnly; SameSite=None; Secure; Path=/; Domain=npmjs.org
< CF-Ray: a44f5c041d2c51a4-TIA
< CF-Cache-Status: HIT
< ETag: W/"c6347a09d9bab75fb83484b852e99412"
< Access-Control-Allow-Origin: *
< Cache-Control: public, max-age=300
< Last-Modified: Mon, 20 Feb 2023 06:59:23 GMT
< Server: cloudflare
< Vary: accept-encoding, accept
< Content-Encoding: br

[PackageManager] waiting for 124 tasks
   - "color": "^4.2.3" - color@4.2.3
Enqueue package manifest for download: color-string
[PackageManager] waiting for 124 tasks
> HTTP/1.1 GET https://registry.npmjs.org/split-string
> Accept: application/vnd.npm.install-v1+json; q=1.0, application/json; q=0.8, */*
> Connection: keep-alive
> User-Agent: Bun/1.3.9
> Host: registry.npmjs.org
> Accept-Encoding: gzip, deflate, br, zstd

    [205.82ms]
Downloaded simple-get versions
[PackageManager] waiting for 124 tasks
    [206.28ms]
Downloaded pngjs versions
< 200 OK
< Date: Sat, 03 Oct 2026 22:24:52 GMT
< Content-Type: application/vnd.npm.install-v1+json
< Transfer-Encoding: chunked
< Connection: keep-alive
< set-cookie: __cf_bm=oRI1JrQ4kiXMiLRdOGlQdAmW8WmInPt_RCnL07OyWLo-1791066291.8567436-1.0.1.1-YnERKJ7134LO36ajEz133F.2MicFMKNHvWSkw4DEWIbt3rLJEKXzB4jpJY.AuPhsngkQKyC4msvH7X8zb4cDfEj3zufDdsvIsGDSo7UbiuA4Wv6zFOUXUNoFoCu6K6hH; HttpOnly; SameSite=None; Secure; Path=/; Domain=npmjs.org; Expires=Sat, 03 Oct 2026 22:54:52 GMT
< set-cookie: _cfuvid=9yBf_C4kVYhnRdvGJzGvStwBhqKbaprPC1QFCoUZkwk-1791066291.8567436-1.0.1.1-Sn9klLlo.2.lSwuQ28MFSfGVY16lZgsnVD19M569VDI; HttpOnly; SameSite=None; Secure; Path=/; Domain=npmjs.org
< CF-Ray: a44f5c041be7f474-TIA
< CF-Cache-Status: HIT
< ETag: W/"ac4cc6a12585698d798f490260b124a6"
< Access-Control-Allow-Origin: *
< Cache-Control: public, max-age=300
< Last-Modified: Thu, 19 Feb 2026 18:16:29 GMT
< Server: cloudflare
< Vary: accept-encoding, accept
< Content-Encoding: br

> HTTP/1.1 GET https://registry.npmjs.org/extend-shallow
> Accept: application/vnd.npm.install-v1+json; q=1.0, application/json; q=0.8, */*
> Connection: keep-alive
> User-Agent: Bun/1.3.9
> Host: registry.npmjs.org
> Accept-Encoding: gzip, deflate, br, zstd

[PackageManager] waiting for 124 tasks
   - "simple-get": "^4.0.1" - simple-get@4.0.1
   - "pngjs": "^7.0.0" - pngjs@7.0.0
Enqueue package manifest for download: decompress-response
Enqueue package manifest for download: once
Enqueue package manifest for download: simple-concat
< 200 OK
< Date: Sat, 03 Oct 2026 22:24:52 GMT
< Content-Type: application/vnd.npm.install-v1+json
< Transfer-Encoding: chunked
< Connection: keep-alive
< set-cookie: __cf_bm=ioiVZGt.jUUdSuXQ3nk1ja81Lki8pYIBLSF.6rdG.Bc-1791066291.856591-1.0.1.1-t1eBdL1bhPXluFAAgBoXlnXw5nloBetwnojLgFEqGi.6M.UynHg9zxL3ocZskAOAZgTKRqG05qFbSybFkeIlA6CPLmSZL7Ohrd.qf0NRknfJhcnPfMgvMUft_ilZ4I9F; HttpOnly; SameSite=None; Secure; Path=/; Domain=npmjs.org; Expires=Sat, 03 Oct 2026 22:54:52 GMT
< set-cookie: _cfuvid=x_8Ow0jMJ8afnVKJOYiJDd96fJKX.PrHvPVqgTJZqSg-1791066291.856591-1.0.1.1-tTJEKe6gNNWE3uBPGEIH5wisO.CjGwzNu77DuSh0kLc; HttpOnly; SameSite=None; Secure; Path=/; Domain=npmjs.org
< CF-Ray: a44f5c041ac57c08-TIA
< CF-Cache-Status: HIT
< ETag: W/"760499837cf589d9255c538b5e3c6bc4"
< Access-Control-Allow-Origin: *
< Cache-Control: public, max-age=300
< Last-Modified: Wed, 12 Aug 2026 21:10:02 GMT
< Server: cloudflare
< Vary: accept-encoding, accept
< Content-Encoding: br

< 200 OK
< Date: Sat, 03 Oct 2026 22:24:52 GMT
< Content-Type: application/vnd.npm.install-v1+json
< Transfer-Encoding: chunked
< Connection: keep-alive
< set-cookie: __cf_bm=.baE92rsIfEw1Xa.dOyXTvb_E2RUscvNZIBzUO9PbTg-1791066291.8564713-1.0.1.1-4H8jeMxxvsN4IZoAmVMvVVzJ6tk_NpYCBsBGa6266yHIwzjX0jdWk._oiB8qVlU5dvwaTjEPZ6lKcZI5dTjD.5Xuu0IeQ3H3qL2HUL9kXqTDybbrbf3uERwsBRbbhVok; HttpOnly; SameSite=None; Secure; Path=/; Domain=npmjs.org; Expires=Sat, 03 Oct 2026 22:54:52 GMT
< set-cookie: _cfuvid=Hwq6eOfrAKS1mX7fVuItVpvnTe6u1ClBReZFAl6caK4-1791066291.8564713-1.0.1.1-cDsgdqNzPR61q.Ix2NNtHpzXu7oqCPdwNsqSWrs_.vA; HttpOnly; SameSite=None; Secure; Path=/; Domain=npmjs.org
< CF-Ray: a44f5c041ac37c08-TIA
< CF-Cache-Status: HIT
< ETag: W/"e8c0a41c4404cb98540bdca781f77b8f"
< Access-Control-Allow-Origin: *
< Cache-Control: public, max-age=300
< Last-Modified: Mon, 27 Jun 2022 23:20:41 GMT
< Server: cloudflare
< Vary: accept-encoding, accept
< Content-Encoding: br

< 200 OK
< Date: Sat, 03 Oct 2026 22:24:52 GMT
< Content-Type: application/vnd.npm.install-v1+json
< Transfer-Encoding: chunked
< Connection: keep-alive
< set-cookie: __cf_bm=j87FG29_g6.pkAet2ycPna1O2S7PgrOGFI85rp8RVy0-1791066291.8623831-1.0.1.1-TM45GwlCvvCOJn5q5qUwViJ5x6eiCNE1hb_dhdqsUPNSQ2eVC2TihsBuujs1jqZ70iGhgeFZjAe8NovBx8KNuYFtGPHjkQnwzvu8VyLfeFTFna1adblBeNAl_mWb6jid; HttpOnly; SameSite=None; Secure; Path=/; Domain=npmjs.org; Expires=Sat, 03 Oct 2026 22:54:52 GMT
< set-cookie: _cfuvid=rt.UniDL0BwchZ9oLjQ9vDNFdP.fbW2WA_L5JUuPSBE-1791066291.8623831-1.0.1.1-eSADhYlFosNDHTPuutTPvaCGBRuiMsx1S_1Y63Hq_5M; HttpOnly; SameSite=None; Secure; Path=/; Domain=npmjs.org
< CF-Ray: a44f5c04296d9b00-TIA
< CF-Cache-Status: HIT
< ETag: W/"66126d0f52f64e93312de18918efc95b"
< Access-Control-Allow-Origin: *
< Cache-Control: public, max-age=300
< Last-Modified: Tue, 17 Mar 2026 13:24:54 GMT
< Server: cloudflare
< Vary: accept-encoding, accept
< Content-Encoding: br

[PackageManager] waiting for 125 tasks
    [203.65ms]
Downloaded tunnel-agent versions
[PackageManager] waiting for 125 tasks
    [203.29ms]
Downloaded prebuild-install versions
> HTTP/1.1 GET https://registry.npmjs.org/repeat-element
> Accept: application/vnd.npm.install-v1+json; q=1.0, application/json; q=0.8, */*
> Connection: keep-alive
> User-Agent: Bun/1.3.9
> Host: registry.npmjs.org
> Accept-Encoding: gzip, deflate, br, zstd

> HTTP/1.1 GET https://registry.npmjs.org/snapdragon-node
> Accept: application/vnd.npm.install-v1+json; q=1.0, application/json; q=0.8, */*
> Connection: keep-alive
> User-Agent: Bun/1.3.9
> Host: registry.npmjs.org
> Accept-Encoding: gzip, deflate, br, zstd

   - "tunnel-agent": "^0.6.0" - tunnel-agent@0.6.0
[PackageManager] waiting for 124 tasks
[PackageManager] waiting for 124 tasks
   - "prebuild-install": "^7.1.1" - prebuild-install@7.1.3
Enqueue package manifest for download: rc
   - "tar-fs": "^2.0.0" - tar-fs@2.1.5
Enqueue package manifest for download: minimist
Enqueue package manifest for download: node-abi
Enqueue package manifest for download: mkdirp-classic
Enqueue package manifest for download: expand-template
Enqueue package manifest for download: napi-build-utils
Enqueue package manifest for download: github-from-package
   - "chownr": "^1.1.1" - chownr@1.1.4
[PackageManager] waiting for 130 tasks
> HTTP/1.1 GET https://registry.npmjs.org/safe-buffer
> Accept: application/vnd.npm.install-v1+json; q=1.0, application/json; q=0.8, */*
> Connection: keep-alive
> User-Agent: Bun/1.3.9
> Host: registry.npmjs.org
> Accept-Encoding: gzip, deflate, br, zstd

    [206.78ms]
Downloaded node-addon-api versions
< 200 OK
< Date: Sat, 03 Oct 2026 22:24:52 GMT
< Content-Type: application/vnd.npm.install-v1+json
< Transfer-Encoding: chunked
< Connection: keep-alive
< set-cookie: __cf_bm=ompqvu9gj_7YUPq.dlvH.DngO5AXzJO0Btx0Gf14WsU-1791066291.862441-1.0.1.1-0XgZ8o0J2g4aRnprNViJc5dVvRxhTYWitSp7OHw90QYWh_RC_2MZLkNvJ7xjAe6AO0hFKkiBwVJCSVt1K4XOTXwZkYQdQiXXXWEG9jcxBE13y.SSS0M1Y0M4eCgFvymU; HttpOnly; SameSite=None; Secure; Path=/; Domain=npmjs.org; Expires=Sat, 03 Oct 2026 22:54:52 GMT
< set-cookie: _cfuvid=UfIt.4WEsd2EVUtRRqhRzpaDYggw960tN4Sq0UGjY5M-1791066291.862441-1.0.1.1-CLVnh7fImwyKhcuEwdIJ_4AHyvpLDospDG9qT9QphWE; HttpOnly; SameSite=None; Secure; Path=/; Domain=npmjs.org
< CF-Ray: a44f5c042c8f5f50-TIA
< CF-Cache-Status: HIT
< ETag: W/"bff54d64946823107d2b6edf039e6894"
< Access-Control-Allow-Origin: *
< Cache-Control: public, max-age=300
< Last-Modified: Sat, 02 May 2026 11:26:48 GMT
< Server: cloudflare
< Vary: accept-encoding, accept
< Content-Encoding: br

< 200 OK
< Date: Sat, 03 Oct 2026 22:24:52 GMT
< Content-Type: application/vnd.npm.install-v1+json
< Transfer-Encoding: chunked
< Connection: keep-alive
< set-cookie: __cf_bm=mPlLD_rAtLLVrXBEUQn1uIDbfRjX5DJY3PROxehO9d0-1791066291.637671-1.0.1.1-9d5FlR.yUuxWyL8e_KchY0E884fhRKc1jwQvPzB_ez5GNJb2FlLi7.wBKL5FJtAAskP8NBLKbi.xp4fVoieCxZ5We8Qj7i.ZxtN.XASlOKdTq6vrZwRzIrG16EM0oWTi; HttpOnly; SameSite=None; Secure; Path=/; Domain=npmjs.org; Expires=Sat, 03 Oct 2026 22:54:52 GMT
< set-cookie: _cfuvid=e9etokz95wWmTvNDns4BCFPC_iDzuH2U6Md3fhq.7nI-1791066291.637671-1.0.1.1-AmF_1X1Z0scxFzYJw4uZrtjdnzs95QrHJeogiI1pLpw; HttpOnly; SameSite=None; Secure; Path=/; Domain=npmjs.org
< CF-Ray: a44f5c02bc45bd99-TIA
< CF-Cache-Status: HIT
< ETag: W/"e97b1f0653b627ab106695270149a826"
< Access-Control-Allow-Origin: *
< Cache-Control: public, max-age=300
< Last-Modified: Mon, 18 May 2026 12:23:26 GMT
< Server: cloudflare
< Vary: accept-encoding, accept
< Content-Encoding: br

[PackageManager] waiting for 130 tasks
< 200 OK
< Date: Sat, 03 Oct 2026 22:24:52 GMT
< Content-Type: application/vnd.npm.install-v1+json
< Transfer-Encoding: chunked
< Connection: keep-alive
< set-cookie: __cf_bm=gmjGa6eGL7nAMndmkRHbA5ZtRcvjaRuDbhQqsaov8Yo-1791066291.862347-1.0.1.1-sxM95wEcan7LUxH60Rti5FBI7.zv7PJkS0KrhXxlC.UbiwrOZ.tYSzRl5K3dYaIsjSGVk4Y1LLcyP1hGrhBqhoO1OgpFoqiMVkt3vNS6yPgv_Cxk8wmzvx_6tENS4QID; HttpOnly; SameSite=None; Secure; Path=/; Domain=npmjs.org; Expires=Sat, 03 Oct 2026 22:54:52 GMT
< set-cookie: _cfuvid=1h22WObYS2Db_dsuxh8ss6OJoEJENLLKF2nFx6jf.h4-1791066291.862347-1.0.1.1-A9CGMvLoWrzcbxOFcg2O6XAQ.Hz0VuKIJorUXbvQpUo; HttpOnly; SameSite=None; Secure; Path=/; Domain=npmjs.org
< CF-Ray: a44f5c042db4a5b3-TIA
< CF-Cache-Status: HIT
< ETag: W/"ba80b3db1217e211288df7d05b667eba"
< Access-Control-Allow-Origin: *
< Cache-Control: public, max-age=300
< Last-Modified: Mon, 08 Dec 2025 21:09:56 GMT
< Server: cloudflare
< Vary: accept-encoding, accept
< Content-Encoding: br

    [425.60ms]
Downloaded @jridgewell/gen-mapping versions
[PackageManager] waiting for 130 tasks
    [203.92ms]
Downloaded domelementtype versions
> HTTP/1.1 GET https://registry.npmjs.org/undici-types
> Accept: application/vnd.npm.install-v1+json; q=1.0, application/json; q=0.8, */*
> Connection: keep-alive
> User-Agent: Bun/1.3.9
> Host: registry.npmjs.org
> Accept-Encoding: gzip, deflate, br, zstd

> HTTP/1.1 GET https://registry.npmjs.org/tslib
> Accept: application/vnd.npm.install-v1+json; q=1.0, application/json; q=0.8, */*
> Connection: keep-alive
> User-Agent: Bun/1.3.9
> Host: registry.npmjs.org
> Accept-Encoding: gzip, deflate, br, zstd

[PackageManager] waiting for 130 tasks
   - "@jridgewell/gen-mapping": "^0.3.2" - @jridgewell/gen-mapping@0.3.13
Enqueue package manifest for download: @jridgewell/trace-mapping
[PackageManager] waiting for 130 tasks
   - "node-addon-api": "^6.1.0" - node-addon-api@6.1.0
[PackageManager] waiting for 129 tasks
   - "domelementtype": "^2.3.0" - domelementtype@2.3.0
[PackageManager] waiting for 128 tasks
    [206.98ms]
Downloaded dom-serializer versions
> HTTP/1.1 GET https://registry.npmjs.org/unpipe
> Accept: application/vnd.npm.install-v1+json; q=1.0, application/json; q=0.8, */*
> Connection: keep-alive
> User-Agent: Bun/1.3.9
> Host: registry.npmjs.org
> Accept-Encoding: gzip, deflate, br, zstd

[PackageManager] waiting for 128 tasks
    [207.72ms]
Downloaded js-tokens versions
< 200 OK
< Date: Sat, 03 Oct 2026 22:24:52 GMT
< Content-Type: application/vnd.npm.install-v1+json
< Transfer-Encoding: chunked
< Connection: keep-alive
< set-cookie: __cf_bm=6CnW_fWIEjFio7x6COfntkR9TSxhzf_XY0V8lR_z5Mc-1791066291.6376216-1.0.1.1-Wec.3N4B7vqQwRTKp5GmRyl4nT2Bw06A4s4PHZkUhlIJ12mifgg5YFKi0NYl33fhL2LAYynm6xq7bpVaiM4ox8P1.Ep7j.dJBQOMDlLjv_4Zykzs8PBIMpck4waP7e8r; HttpOnly; SameSite=None; Secure; Path=/; Domain=npmjs.org; Expires=Sat, 03 Oct 2026 22:54:52 GMT
< set-cookie: _cfuvid=FhdSWSxPzfizWLgqkV3IObtj3QLbpZ0FN_wwZsTRKH4-1791066291.6376216-1.0.1.1-xGNiaDHxqzyaLe68VX9PnOc_AHRDiBhOZUaRbPNSDYo; HttpOnly; SameSite=None; Secure; Path=/; Domain=npmjs.org
< CF-Ray: a44f5c02bc3151a4-TIA
< CF-Cache-Status: HIT
< ETag: W/"4c937e3a57a016980303096a3b9f3f94"
< Access-Control-Allow-Origin: *
< Cache-Control: public, max-age=300
< Last-Modified: Sat, 08 Aug 2026 20:03:19 GMT
< Server: cloudflare
< Vary: accept-encoding, accept
< Content-Encoding: br

> HTTP/1.1 GET https://registry.npmjs.org/path-dirname
> Accept: application/vnd.npm.install-v1+json; q=1.0, application/json; q=0.8, */*
> Connection: keep-alive
> User-Agent: Bun/1.3.9
> Host: registry.npmjs.org
> Accept-Encoding: gzip, deflate, br, zstd

[PackageManager] waiting for 128 tasks
   - "dom-serializer": "^2.0.0" - dom-serializer@2.0.0
Enqueue package manifest for download: entities
[PackageManager] waiting for 128 tasks
   - "js-tokens": "^3.0.0 || ^4.0.0" - js-tokens@4.0.0
[PackageManager] waiting for 127 tasks
> HTTP/1.1 GET https://registry.npmjs.org/negotiator
> Accept: application/vnd.npm.install-v1+json; q=1.0, application/json; q=0.8, */*
> Connection: keep-alive
> User-Agent: Bun/1.3.9
> Host: registry.npmjs.org
> Accept-Encoding: gzip, deflate, br, zstd

    [436.29ms]
Downloaded @esbuild/openharmony-arm64 versions
[PackageManager] waiting for 127 tasks
   - "@esbuild/openharmony-arm64": "0.27.7" - @esbuild/openharmony-arm64@0.27.7
< 200 OK
< Date: Sat, 03 Oct 2026 22:24:52 GMT
< Content-Type: application/vnd.npm.install-v1+json
< Transfer-Encoding: chunked
< Connection: keep-alive
< set-cookie: __cf_bm=aqcGNiPBRnuLZvzg3VVXHmKYi58skM.3mrpbcGIv.1U-1791066291.6378658-1.0.1.1-QqFltxFx1Jgr1CsphcaVSfrhGCFehoWyXSU4dek0qrL6wGjuSsyMvwp0xp4nsaEssZ35uGXXrsIwd9wD4Y60Xclu7VxIzTRsj.9Yra2LlhJYZJA5I9K4rSS84_GdrFcp; HttpOnly; SameSite=None; Secure; Path=/; Domain=npmjs.org; Expires=Sat, 03 Oct 2026 22:54:52 GMT
< set-cookie: _cfuvid=jWB6v4BBV4Uk8GYHfIM0VtKOsOhCneJolkV8B6HtXZI-1791066291.6378658-1.0.1.1-EME2K4FdKPmwA_9FRCqFUY3_Wg.UnnnIK8DwcqNFNi4; HttpOnly; SameSite=None; Secure; Path=/; Domain=npmjs.org
< CF-Ray: a44f5c02b98c7c08-TIA
< CF-Cache-Status: HIT
< ETag: W/"4955b3e87084151ca3b93f73f1c10870"
< Access-Control-Allow-Origin: *
< Cache-Control: public, max-age=300
< Last-Modified: Sat, 08 Aug 2026 19:59:29 GMT
< Server: cloudflare
< Vary: accept-encoding, accept
< Content-Encoding: br

[PackageManager] waiting for 126 tasks
    [438.58ms]
Downloaded @esbuild/linux-mips64el versions
> HTTP/1.1 GET https://registry.npmjs.org/is-extglob
> Accept: application/vnd.npm.install-v1+json; q=1.0, application/json; q=0.8, */*
> Connection: keep-alive
> User-Agent: Bun/1.3.9
> Host: registry.npmjs.org
> Accept-Encoding: gzip, deflate, br, zstd

[PackageManager] waiting for 126 tasks
   - "@esbuild/linux-mips64el": "0.27.7" - @esbuild/linux-mips64el@0.27.7
< 200 OK
< Date: Sat, 03 Oct 2026 22:24:52 GMT
< Content-Type: application/vnd.npm.install-v1+json
< Transfer-Encoding: chunked
< Connection: keep-alive
< set-cookie: __cf_bm=a3H4.5hJiq0VuXQOBiDGyrAQu65q4Atz7ovBysfG_qw-1791066291.519781-1.0.1.1-p_ZlDkPVemX3UJqYoizNOwpi1ejuQv90ESYbkR62yEUPHkaKEGNFRPN5Ek6C1R1mleW5n_qmYPa.YdGWb_50RcUiz_Ge8mZSFsdLbDBB2CwLv4OOP1A25EhJTdIVb0Bu; HttpOnly; SameSite=None; Secure; Path=/; Domain=npmjs.org; Expires=Sat, 03 Oct 2026 22:54:52 GMT
< set-cookie: _cfuvid=TuNOCHo_wW3CGPPoRlJxnHLFCn1orzLJ2N2553pAokA-1791066291.519781-1.0.1.1-AbUlq4kH19kPfUxLfP_jCkStykXlebdnpj.KAF26kyU; HttpOnly; SameSite=None; Secure; Path=/; Domain=npmjs.org
< CF-Ray: a44f5c01fa3df474-TIA
< CF-Cache-Status: HIT
< ETag: W/"124adf4630df8780d2bc35d17bcec343"
< Access-Control-Allow-Origin: *
< Cache-Control: public, max-age=300
< Last-Modified: Wed, 29 Jun 2022 05:37:07 GMT
< Server: cloudflare
< Vary: accept-encoding, accept
< Content-Encoding: br

[PackageManager] waiting for 125 tasks
> HTTP/1.1 GET https://registry.npmjs.org/binary-extensions
> Accept: application/vnd.npm.install-v1+json; q=1.0, application/json; q=0.8, */*
> Connection: keep-alive
> User-Agent: Bun/1.3.9
> Host: registry.npmjs.org
> Accept-Encoding: gzip, deflate, br, zstd

    [560.05ms]
Downloaded xml-reader versions
[PackageManager] waiting for 125 tasks
   - "xml-reader": "2.4.3" - xml-reader@2.4.3
Enqueue package manifest for download: eventemitter3
Enqueue package manifest for download: xml-lexer
< 200 OK
< Date: Sat, 03 Oct 2026 22:24:52 GMT
< Content-Type: application/vnd.npm.install-v1+json
< Transfer-Encoding: chunked
< Connection: keep-alive
< set-cookie: __cf_bm=GFhJB3rJJrvWXVrWAqCeNI7RPIIrwf_OHrSGEO2edf8-1791066291.6818335-1.0.1.1-WD0oUMq1iYx_jn37lSGZXtUa.99UHwbje9WYCyKrHCXQ_ZNlACcHSKyFom8XFLpZd42MiEJ9vTp4Pr9y6y2oycVtOZWnUOHDACNL1.5vbK.FbKKAvOEmSJOe6hpXkG9Y; HttpOnly; SameSite=None; Secure; Path=/; Domain=npmjs.org; Expires=Sat, 03 Oct 2026 22:54:52 GMT
< set-cookie: _cfuvid=pQqfnOc3hvskM82Gur7xY1rxqKmbFwu.73F_UnDkVZI-1791066291.6818335-1.0.1.1-tMmC1VBVnTgoogRwqxtiRtNXcF_WiPtwwAvHn20IvoI; HttpOnly; SameSite=None; Secure; Path=/; Domain=npmjs.org
< CF-Ray: a44f5c0308219b00-TIA
< CF-Cache-Status: HIT
< ETag: W/"99455dd48a7458d9982679a417bfc4a9"
< Access-Control-Allow-Origin: *
< Cache-Control: public, max-age=300
< Last-Modified: Tue, 18 Aug 2026 14:56:45 GMT
< Server: cloudflare
< Vary: accept-encoding, accept
< Content-Encoding: br

[PackageManager] waiting for 126 tasks
    [452.33ms]
Downloaded @remix-run/router versions
> HTTP/1.1 GET https://registry.npmjs.org/micromatch
> Accept: application/vnd.npm.install-v1+json; q=1.0, application/json; q=0.8, */*
> Connection: keep-alive
> User-Agent: Bun/1.3.9
> Host: registry.npmjs.org
> Accept-Encoding: gzip, deflate, br, zstd

[PackageManager] waiting for 126 tasks
   - "@remix-run/router": "1.23.4" - @remix-run/router@1.23.4
< 200 OK
< Date: Sat, 03 Oct 2026 22:24:52 GMT
< Content-Type: application/vnd.npm.install-v1+json
< Transfer-Encoding: chunked
< Connection: keep-alive
< set-cookie: __cf_bm=kze2wKGahPqD.hdPGzDViZfjYD9FSP8ZFytpQdCfCcE-1791066291.9736168-1.0.1.1-pqRwYiC3fO.vk_u.kmottOMf0BuXtt4VlaX17cYJ.MGKUigMRsAqA_BhmgeKKmWNJYrXYiJLKZM35CLOPYfZ9yJRJcARTWz6BE9IuQ2T0tSC3aMH3BXBWnFImqPtWecM; HttpOnly; SameSite=None; Secure; Path=/; Domain=npmjs.org; Expires=Sat, 03 Oct 2026 22:54:52 GMT
< set-cookie: _cfuvid=vo.KKxuMrVuCkePc8l4qaUQ42HkJsbRbD421rJTKCLo-1791066291.9736168-1.0.1.1-p4K2qC7kDjbm5C8yKEE8SOVYL_1ARmQG3csoD0HYOlU; HttpOnly; SameSite=None; Secure; Path=/; Domain=npmjs.org
< CF-Ray: a44f5c04db767c08-TIA
< CF-Cache-Status: HIT
< ETag: W/"2242711a690838c218039ecdfdf4462c"
< Access-Control-Allow-Origin: *
< Cache-Control: public, max-age=300
< Last-Modified: Sun, 15 Feb 2026 08:45:05 GMT
< Server: cloudflare
< Vary: accept-encoding, accept
< Content-Encoding: br

[PackageManager] waiting for 125 tasks
> HTTP/1.1 GET https://registry.npmjs.org/graceful-fs
> Accept: application/vnd.npm.install-v1+json; q=1.0, application/json; q=0.8, */*
> Connection: keep-alive
> User-Agent: Bun/1.3.9
> Host: registry.npmjs.org
> Accept-Encoding: gzip, deflate, br, zstd

    [196.64ms]
Downloaded is-wsl versions
[PackageManager] waiting for 125 tasks
   - "is-wsl": "^1.1.0" - is-wsl@1.1.0
< 200 OK
< Date: Sat, 03 Oct 2026 22:24:52 GMT
< Content-Type: application/vnd.npm.install-v1+json
< Transfer-Encoding: chunked
< Connection: keep-alive
< set-cookie: __cf_bm=V2bwrZ3MOrj96svdRHdbAut4W0hrkGQn1K2VOuIVj_k-1791066291.9779623-1.0.1.1-7mmFxIzofVOZN5zuO6rW3ELCGCxKdQTdh7O04ADy_7zjcWVrSuwHxdaAvHIi3hEFqz4Ycx25dVjdhCJG00qHVRvb.xNrOGLokNV61IiSx2H8T3OF78u7IzDrzHp2i_3L; HttpOnly; SameSite=None; Secure; Path=/; Domain=npmjs.org; Expires=Sat, 03 Oct 2026 22:54:52 GMT
< set-cookie: _cfuvid=Slk7sdoTU.WwdPQ_4rLmsBWoMKITc72AhXh7tVS3zwA-1791066291.9779623-1.0.1.1-tS35ynE8AzCa4EXkZFRO.nwGntMoW815Jx2fqwUgBoE; HttpOnly; SameSite=None; Secure; Path=/; Domain=npmjs.org
< CF-Ray: a44f5c04de46bd99-TIA
< CF-Cache-Status: HIT
< ETag: W/"858a3c023e0c32f1ec8c392341c38b9f"
< Access-Control-Allow-Origin: *
< Cache-Control: public, max-age=300
< Last-Modified: Mon, 27 May 2024 10:48:45 GMT
< Server: cloudflare
< Vary: accept-encoding, accept
< Content-Encoding: br

[PackageManager] waiting for 124 tasks
< 200 OK
< Date: Sat, 03 Oct 2026 22:24:52 GMT
< Content-Type: application/vnd.npm.install-v1+json
< Transfer-Encoding: chunked
< Connection: keep-alive
< set-cookie: __cf_bm=oM.y0xe6L89O02NjqUay9U.MhkvyK2SkKYQLqSCC1z8-1791066291.9779963-1.0.1.1-UC9R0Q9JhiFVxYZZ2gh5rRmNtxkIf3JmlkYyOvJuWjrt72z2F64U6xmw5OzyhLmC4SVPr7f4wxbcB09jRJ8KOSJQAl12uWCYPmUYJEdOmmcX.c8Hi1rugYLeDUDp.i72; HttpOnly; SameSite=None; Secure; Path=/; Domain=npmjs.org; Expires=Sat, 03 Oct 2026 22:54:52 GMT
< set-cookie: _cfuvid=uHFwxmN6xVTs372r0EUqAiDiwoW9QhuGieQ0yGjH8o0-1791066291.9779963-1.0.1.1-H.u31UrrTCAnrgjcxyxrg8RRC91_CZQuvtp5SV3azAc; HttpOnly; SameSite=None; Secure; Path=/; Domain=npmjs.org
< CF-Ray: a44f5c04dc7df474-TIA
< CF-Cache-Status: HIT
< ETag: W/"80e291334766068f9d653a3856c78ed6"
< Access-Control-Allow-Origin: *
< Cache-Control: public, max-age=300
< Last-Modified: Tue, 28 Jul 2026 06:47:50 GMT
< Server: cloudflare
< Vary: accept-encoding, accept
< Content-Encoding: br

    [196.58ms]
Downloaded filter-obj versions
> HTTP/1.1 GET https://registry.npmjs.org/isarray
> Accept: application/vnd.npm.install-v1+json; q=1.0, application/json; q=0.8, */*
> Connection: keep-alive
> User-Agent: Bun/1.3.9
> Host: registry.npmjs.org
> Accept-Encoding: gzip, deflate, br, zstd

< 200 OK
< Date: Sat, 03 Oct 2026 22:24:52 GMT
< Content-Type: application/vnd.npm.install-v1+json
< Transfer-Encoding: chunked
< Connection: keep-alive
< set-cookie: __cf_bm=2udFyH.rvus6rck8.WDn0tJ2pRayvBgBr1muvRji8k4-1791066291.9780571-1.0.1.1-HhzBJ5ubmletsPx_KwcWPSu_1IiyWCBf.N.76vCea2eew7rTbBue98cwdy07zfobZo1gxJOyTcg2IinzpU1q8D7Rus3Qq2QiAUZYuxIy9M8fzOCM01a2E3ICfN7L5oBW; HttpOnly; SameSite=None; Secure; Path=/; Domain=npmjs.org; Expires=Sat, 03 Oct 2026 22:54:52 GMT
< set-cookie: _cfuvid=Dj09LPouXr2hIRYzaSxsXT0gRl2MFWac1FWMzpkAK8E-1791066291.9780571-1.0.1.1-N1nc.1zJ0Qu8ClWrra7Ykk4sEm7goOoW9gU2x1noOOE; HttpOnly; SameSite=None; Secure; Path=/; Domain=npmjs.org
< CF-Ray: a44f5c04da5f9b00-TIA
< CF-Cache-Status: HIT
< ETag: W/"9df0161e6f3fc70d8d05697fdc859aa0"
< Access-Control-Allow-Origin: *
< Cache-Control: public, max-age=300
< Last-Modified: Wed, 20 Aug 2025 09:12:13 GMT
< Server: cloudflare
< Vary: accept-encoding, accept
< Content-Encoding: br

[PackageManager] waiting for 124 tasks
   - "filter-obj": "^5.1.0" - filter-obj@5.1.0
< 200 OK
< Date: Sat, 03 Oct 2026 22:24:52 GMT
< Content-Type: application/vnd.npm.install-v1+json
< Transfer-Encoding: chunked
< Connection: keep-alive
< set-cookie: __cf_bm=uFNTiL5CWGadPoqpnsWe0sDjQFQ691qSM1Gw_uOiIxE-1791066291.977896-1.0.1.1-Fc40.81JwQ6.KPWrBtKcnFaXpePTbB7zJFlKhjG3uqJBG..VRlOz4iKJ2nvfq9B.Q7NWKWvitqP_ofL14lCPSx4.hLlmleifpVVYz5QJsNMA1Avx49KqH4cbSsbtdzhL; HttpOnly; SameSite=None; Secure; Path=/; Domain=npmjs.org; Expires=Sat, 03 Oct 2026 22:54:52 GMT
< set-cookie: _cfuvid=cdKOpP.C_nxUOskUrP3rbnAjkcyfK.4SwRj5MTRYLl4-1791066291.977896-1.0.1.1-RawPxOC8is67TBxS6Gkax6hFSw7RaxXiM6wL7.4FpZM; HttpOnly; SameSite=None; Secure; Path=/; Domain=npmjs.org
< CF-Ray: a44f5c04dd4e5f50-TIA
< CF-Cache-Status: HIT
< ETag: W/"3f11b3a756dd2d586fbf26370d08b0ab"
< Access-Control-Allow-Origin: *
< Cache-Control: public, max-age=300
< Last-Modified: Wed, 29 Apr 2026 10:51:59 GMT
< Server: cloudflare
< Vary: accept-encoding, accept
< Content-Encoding: br

[PackageManager] waiting for 123 tasks
> HTTP/1.1 GET https://registry.npmjs.org/core-util-is
> Accept: application/vnd.npm.install-v1+json; q=1.0, application/json; q=0.8, */*
> Connection: keep-alive
> User-Agent: Bun/1.3.9
> Host: registry.npmjs.org
> Accept-Encoding: gzip, deflate, br, zstd

    [197.17ms]
Downloaded split-on-first versions
[PackageManager] waiting for 123 tasks
   - "split-on-first": "^3.0.0" - split-on-first@3.0.0
[PackageManager] waiting for 122 tasks
    [199.66ms]
Downloaded ufo versions
> HTTP/1.1 GET https://registry.npmjs.org/util-deprecate
> Accept: application/vnd.npm.install-v1+json; q=1.0, application/json; q=0.8, */*
> Connection: keep-alive
> User-Agent: Bun/1.3.9
> Host: registry.npmjs.org
> Accept-Encoding: gzip, deflate, br, zstd

[PackageManager] waiting for 122 tasks
   - "ufo": "^1.6.3" - ufo@1.6.4
< 200 OK
< Date: Sat, 03 Oct 2026 22:24:52 GMT
< Content-Type: application/vnd.npm.install-v1+json
< Transfer-Encoding: chunked
< Connection: keep-alive
< set-cookie: __cf_bm=IZ3JbWL_bc4a9rGDEEakwmJkPZoIgqxr0BjLG6os8Z4-1791066291.9821963-1.0.1.1-3Fe6kt_S4OuerN0nJuOZPd0Dji_T0.2DgmlPDtROF707jMF.1yESHacGghmBUlyMsAPy7YYEZ7BW5lLsZ0GqGkqbadpdN0ELEGdrtKojPtAv4eX4Ts.EV600CINBQGZ6; HttpOnly; SameSite=None; Secure; Path=/; Domain=npmjs.org; Expires=Sat, 03 Oct 2026 22:54:52 GMT
< set-cookie: _cfuvid=qFns2ZNLMG81heDT5Wb5dCyAIc3cXmpo98hEPJlpXhE-1791066291.9821963-1.0.1.1-Wf7h46IKY5PfiaOWfcwfpWYwL9Bs73Jb4FqNeL215uI; HttpOnly; SameSite=None; Secure; Path=/; Domain=npmjs.org
< CF-Ray: a44f5c04ee4bbd99-TIA
< CF-Cache-Status: HIT
< ETag: W/"4968cd376b56e28362541708f07ea1b1"
< Access-Control-Allow-Origin: *
< Cache-Control: public, max-age=300
< Last-Modified: Mon, 29 Jun 2026 16:00:21 GMT
< Server: cloudflare
< Vary: accept-encoding, accept
< Content-Encoding: br

[PackageManager] waiting for 121 tasks
    [198.29ms]
Downloaded decode-uri-component versions
> HTTP/1.1 GET https://registry.npmjs.org/process-nextick-args
> Accept: application/vnd.npm.install-v1+json; q=1.0, application/json; q=0.8, */*
> Connection: keep-alive
> User-Agent: Bun/1.3.9
> Host: registry.npmjs.org
> Accept-Encoding: gzip, deflate, br, zstd

[PackageManager] waiting for 121 tasks
   - "decode-uri-component": "^0.5.0" - decode-uri-component@0.5.0
[PackageManager] waiting for 120 tasks
    [207.50ms]
Downloaded acorn versions
> HTTP/1.1 GET https://registry.npmjs.org/unix-crypt-td-js
> Accept: application/vnd.npm.install-v1+json; q=1.0, application/json; q=0.8, */*
> Connection: keep-alive
> User-Agent: Bun/1.3.9
> Host: registry.npmjs.org
> Accept-Encoding: gzip, deflate, br, zstd

[PackageManager] waiting for 120 tasks
   - "acorn": "^8.16.0" - acorn@8.18.0
< 200 OK
< Date: Sat, 03 Oct 2026 22:24:52 GMT
< Content-Type: application/vnd.npm.install-v1+json
< Transfer-Encoding: chunked
< Connection: keep-alive
< set-cookie: __cf_bm=UDiNpzIHlwi_bDKPGv8gM6nQ60EP3Jygm9GQWXJedAs-1791066291.991074-1.0.1.1-9sWlnIUMWNvhQpHphnF1SatajxF7tEnRFB4KsUHINiN9.ch3nRABhq9o1GqhWFEzeABLPWr9JwPcq7Mxhbiw4vr.vWdx646wVAkJe9QubS1d877KCYMGNo6uysmIZKM0; HttpOnly; SameSite=None; Secure; Path=/; Domain=npmjs.org; Expires=Sat, 03 Oct 2026 22:54:52 GMT
< set-cookie: _cfuvid=1klswnSVKtcwmyv5zL2TsbaycWud1oDg8iY_XnvHoPE-1791066291.991074-1.0.1.1-PQouO1_gpgMK00NTNqWmAqC_337s137PgXjaM9LyE6k; HttpOnly; SameSite=None; Secure; Path=/; Domain=npmjs.org
< CF-Ray: a44f5c04fa729b00-TIA
< CF-Cache-Status: HIT
< ETag: W/"4fbb21ce5c01bc3e7eb0c0a06e0bbcf8"
< Access-Control-Allow-Origin: *
< Cache-Control: public, max-age=300
< Last-Modified: Wed, 14 May 2025 14:56:02 GMT
< Server: cloudflare
< Vary: accept-encoding, accept
< Content-Encoding: br

[PackageManager] waiting for 119 tasks
    [205.47ms]
Downloaded mime-db versions
> HTTP/1.1 GET https://registry.npmjs.org/remove-trailing-separator
> Accept: application/vnd.npm.install-v1+json; q=1.0, application/json; q=0.8, */*
> Connection: keep-alive
> User-Agent: Bun/1.3.9
> Host: registry.npmjs.org
> Accept-Encoding: gzip, deflate, br, zstd

[PackageManager] waiting for 119 tasks
   - "mime-db": "^1.54.0" - mime-db@1.54.0
   - "mime-db": "1.52.0" - mime-db@1.52.0
< 200 OK
< Date: Sat, 03 Oct 2026 22:24:52 GMT
< Content-Type: application/vnd.npm.install-v1+json
< Transfer-Encoding: chunked
< Connection: keep-alive
< set-cookie: __cf_bm=3rgrQ9D6J_qa_vhjEV1Yop.OA1x.GNmeVtmMm4jMfFg-1791066292.0069969-1.0.1.1-XoriSitP3lqMb5olP1T3bHv.dKykWvxK_WXW8ZejnmmITyU133PtGnHI_5mnZvwofDfSWYXz2bHebgrxXIbbOdafHiaVsB9nFhdM5WJDACSrevp_5Agt6RrnzixE4SnV; HttpOnly; SameSite=None; Secure; Path=/; Domain=npmjs.org; Expires=Sat, 03 Oct 2026 22:54:52 GMT
< set-cookie: _cfuvid=ebqh2dtnqIJ5ep_ioB7JMwQ6HorGgJNq_pLXlcHhlpU-1791066292.0069969-1.0.1.1-JDTYGptaCMxVu3cH29Z_gX6mvkwdPem30CY1WiWz0Xg; HttpOnly; SameSite=None; Secure; Path=/; Domain=npmjs.org
< CF-Ray: a44f5c050b3a793f-TIA
< CF-Cache-Status: HIT
< ETag: W/"49d16db3cd5fb68edd66004a59e09daf"
< Access-Control-Allow-Origin: *
< Cache-Control: public, max-age=300
< Last-Modified: Sun, 26 Jun 2022 18:21:27 GMT
< Server: cloudflare
< Vary: accept-encoding, accept
< Content-Encoding: br

[PackageManager] waiting for 118 tasks
    [203.48ms]
Downloaded setprototypeof versions
> HTTP/1.1 GET https://registry.npmjs.org/@tscircuit%2fcore
> Accept: application/vnd.npm.install-v1+json; q=1.0, application/json; q=0.8, */*
> Connection: keep-alive
> User-Agent: Bun/1.3.9
> Host: registry.npmjs.org
> Accept-Encoding: gzip, deflate, br, zstd

[PackageManager] waiting for 118 tasks
   - "setprototypeof": "~1.2.0" - setprototypeof@1.2.0
< 200 OK
< Date: Sat, 03 Oct 2026 22:24:52 GMT
< Content-Type: application/vnd.npm.install-v1+json
< Transfer-Encoding: chunked
< Connection: keep-alive
< set-cookie: __cf_bm=SPF0agVGkO4l572Hna0c8Fx3GQA.uAJySzH2W44C21Q-1791066292.0123084-1.0.1.1-cir4MDZl.yJc2QglFAu4dTwmSr46FtAK0KUB9J3kggUTpZgGTX73bNJSBARd0r9fe6zwKgvzqnLYai9.7S05dZ409fizL8cynC21T1kwhaZhDbY44SJdN4yjndsl.T2U; HttpOnly; SameSite=None; Secure; Path=/; Domain=npmjs.org; Expires=Sat, 03 Oct 2026 22:54:52 GMT
< set-cookie: _cfuvid=EaQYe1GzUk9zhCQzrYPLobzbpWhJKRkRJAd31bSKubw-1791066292.0123084-1.0.1.1-i0yEMGOCN1cokCvdmmHISWN1tYivFpUV93OkmRPmY_8; HttpOnly; SameSite=None; Secure; Path=/; Domain=npmjs.org
< CF-Ray: a44f5c051a8a9b00-TIA
< CF-Cache-Status: HIT
< ETag: W/"2eaaabc9adf4286d5241e33464e87fa9"
< Access-Control-Allow-Origin: *
< Cache-Control: public, max-age=300
< Last-Modified: Sun, 22 May 2022 00:38:36 GMT
< Server: cloudflare
< Vary: accept-encoding, accept
< Content-Encoding: br

[PackageManager] waiting for 117 tasks
    [198.94ms]
Downloaded toidentifier versions
> HTTP/1.1 GET https://registry.npmjs.org/nan
> Accept: application/vnd.npm.install-v1+json; q=1.0, application/json; q=0.8, */*
> Connection: keep-alive
> User-Agent: Bun/1.3.9
> Host: registry.npmjs.org
> Accept-Encoding: gzip, deflate, br, zstd

< 200 OK
< Date: Sat, 03 Oct 2026 22:24:52 GMT
< Content-Type: application/vnd.npm.install-v1+json
< Transfer-Encoding: chunked
< Connection: keep-alive
< set-cookie: __cf_bm=Jzhh59w5uBDCdqk0N2lYhUGuz3bYx7ihhkhBMEk8uoA-1791066292.0124974-1.0.1.1-Li5hfTnur188GJyTLB4zQobFP1HFYslRswAqWPTi5Mh21x34PpqRxFBDSt5EIZqxqaFwjHR5BLYqyYzGBYDp9BMNA.ddldmbtV6XoA0JnvEQssFQ7g3_15S388yCrGAD; HttpOnly; SameSite=None; Secure; Path=/; Domain=npmjs.org; Expires=Sat, 03 Oct 2026 22:54:52 GMT
< set-cookie: _cfuvid=15dNS4WAZkwqSWsg0pKpYhDeg3Q_P8MfW6Angbm1Qak-1791066292.0124974-1.0.1.1-fYYQ1tbrKWhElcg_NdM756.k6fbbvs4eRnPU2iiwMGE; HttpOnly; SameSite=None; Secure; Path=/; Domain=npmjs.org
< CF-Ray: a44f5c051baf7c08-TIA
< CF-Cache-Status: HIT
< ETag: W/"b72a419277310a7ccbb11c74bb5b2b71"
< Access-Control-Allow-Origin: *
< Cache-Control: public, max-age=300
< Last-Modified: Thu, 16 Jun 2022 05:43:35 GMT
< Server: cloudflare
< Vary: accept-encoding, accept
< Content-Encoding: br

> HTTP/1.1 GET https://registry.npmjs.org/bindings
> Accept: application/vnd.npm.install-v1+json; q=1.0, application/json; q=0.8, */*
> Connection: keep-alive
> User-Agent: Bun/1.3.9
> Host: registry.npmjs.org
> Accept-Encoding: gzip, deflate, br, zstd

[PackageManager] waiting for 117 tasks
    [198.54ms]
Downloaded ee-first versions
   - "toidentifier": "~1.0.1" - toidentifier@1.0.1
[PackageManager] waiting for 116 tasks
[PackageManager] waiting for 116 tasks
   - "ee-first": "1.1.1" - ee-first@1.1.1
< 200 OK
< Date: Sat, 03 Oct 2026 22:24:52 GMT
< Content-Type: application/vnd.npm.install-v1+json
< Transfer-Encoding: chunked
< Connection: keep-alive
< set-cookie: __cf_bm=2SwoJs2PMbAwnzbH6KOOSMNt47nJISxkCdVidC.lxnI-1791066292.0286667-1.0.1.1-KGpG2Bx8K0k8rquYLfIVg81nY4w9vq6n8H1qaP2Jc7iGqRKRdH_XY1lCKE6MJnS15n7ljweLxd2_LmXMp2x.Gy3I2q1Xr3N01cAGi8KFKmrF5CWxGPjSS4ZqocgPIZJZ; HttpOnly; SameSite=None; Secure; Path=/; Domain=npmjs.org; Expires=Sat, 03 Oct 2026 22:54:52 GMT
< set-cookie: _cfuvid=xUxUAwjVwEPGLcpiCzScNWftVbW3CChCpFr7LzEs520-1791066292.0286667-1.0.1.1-n375Li8ukFAc221EMK9dB4A78fAjt9KhpJbAWEWc4TM; HttpOnly; SameSite=None; Secure; Path=/; Domain=npmjs.org
< CF-Ray: a44f5c052cc4f474-TIA
< CF-Cache-Status: HIT
< ETag: W/"da7e949c4ef4b72a0aa8338d6ee5d5dd"
< Access-Control-Allow-Origin: *
< Cache-Control: public, max-age=300
< Last-Modified: Fri, 21 Aug 2026 09:36:35 GMT
< Server: cloudflare
< Vary: accept-encoding, accept
< Content-Encoding: br

[PackageManager] waiting for 115 tasks
    [201.00ms]
Downloaded isobject versions
> HTTP/1.1 GET https://registry.npmjs.org/http-parser-js
> Accept: application/vnd.npm.install-v1+json; q=1.0, application/json; q=0.8, */*
> Connection: keep-alive
> User-Agent: Bun/1.3.9
> Host: registry.npmjs.org
> Accept-Encoding: gzip, deflate, br, zstd

[PackageManager] waiting for 115 tasks
   - "isobject": "^3.0.1" - isobject@3.0.1
< 200 OK
< Date: Sat, 03 Oct 2026 22:24:52 GMT
< Content-Type: application/vnd.npm.install-v1+json
< Transfer-Encoding: chunked
< Connection: keep-alive
< set-cookie: __cf_bm=fa2zBnZLwgUSnO_UWZqVysFQ.BURhtgAtkJJ3ztjqkI-1791066292.0389585-1.0.1.1-.uE5h3Xd9UgwWqLfeWYMqiG2NCewzfj5MSdOx1Dmg2wlvlC.viL0lCVzqD2s53w4OWWUGm7MiEml9iWAl3NYED2ZfOYKtdzea.MHYgh9oS66kZfb97KKZcG_TjUNQ8w0; HttpOnly; SameSite=None; Secure; Path=/; Domain=npmjs.org; Expires=Sat, 03 Oct 2026 22:54:52 GMT
< set-cookie: _cfuvid=csVrWfW3yhvcHrn_eV1TjpRmhM4_VuHQeePyhFyK1oU-1791066292.0389585-1.0.1.1-uc5BGufKu0_TzRJmLEh5apaKNf0a5hc5nZrF9gIT4ME; HttpOnly; SameSite=None; Secure; Path=/; Domain=npmjs.org
< CF-Ray: a44f5c053bd77c08-TIA
< CF-Cache-Status: HIT
< ETag: W/"b194630aeec54a029e728d4fa14d32bc"
< Access-Control-Allow-Origin: *
< Cache-Control: public, max-age=300
< Last-Modified: Mon, 27 Jun 2022 07:24:37 GMT
< Server: cloudflare
< Vary: accept-encoding, accept
< Content-Encoding: br

[PackageManager] waiting for 114 tasks
    [203.75ms]
Downloaded to-regex versions
> HTTP/1.1 GET https://registry.npmjs.org/websocket-extensions
> Accept: application/vnd.npm.install-v1+json; q=1.0, application/json; q=0.8, */*
> Connection: keep-alive
> User-Agent: Bun/1.3.9
> Host: registry.npmjs.org
> Accept-Encoding: gzip, deflate, br, zstd

[PackageManager] waiting for 114 tasks
   - "to-regex": "^3.0.1" - to-regex@3.0.2
Enqueue package manifest for download: define-property
Enqueue package manifest for download: regex-not
Enqueue package manifest for download: safe-regex
< 200 OK
< Date: Sat, 03 Oct 2026 22:24:52 GMT
< Content-Type: application/vnd.npm.install-v1+json
< Transfer-Encoding: chunked
< Connection: keep-alive
< set-cookie: __cf_bm=ueC53wo2evHN6XKjM8v34ANUF9h_K8d767co8lLYh.Y-1791066291.862471-1.0.1.1-v2Qg8BLFMagCi3rB_C3ojjitHZauIefP2gJ0noLLjMtHNW4MJbfAJhgUTg9jtPtytRMTdvPq8qsEnAtl_hrJyWlUwCC4e0oCo7bijXd5ca7QNRzEsiBoILbYvFQKllJ0; HttpOnly; SameSite=None; Secure; Path=/; Domain=npmjs.org; Expires=Sat, 03 Oct 2026 22:54:52 GMT
< set-cookie: _cfuvid=CqahcBRI6DmHgVuK.Br65shPKcAuoih.AfpJh.SHHFI-1791066291.862471-1.0.1.1-7OdT5GS2gJ5yPosUwnZrnM4FhqiGhWpJXsgzMctQrv0; HttpOnly; SameSite=None; Secure; Path=/; Domain=npmjs.org
< CF-Ray: a44f5c042a80793f-TIA
< CF-Cache-Status: HIT
< ETag: W/"d5a589992beaea4c774a55d38656e3e8"
< Access-Control-Allow-Origin: *
< Cache-Control: public, max-age=300
< Last-Modified: Wed, 06 May 2026 21:01:06 GMT
< Server: cloudflare
< Vary: accept-encoding, accept
< Content-Encoding: br

[PackageManager] waiting for 116 tasks
> HTTP/1.1 GET https://registry.npmjs.org/color-convert
> Accept: application/vnd.npm.install-v1+json; q=1.0, application/json; q=0.8, */*
> Connection: keep-alive
> User-Agent: Bun/1.3.9
> Host: registry.npmjs.org
> Accept-Encoding: gzip, deflate, br, zstd

    [386.89ms]
Downloaded @types/estree versions
< 200 OK
< Date: Sat, 03 Oct 2026 22:24:52 GMT
< Content-Type: application/vnd.npm.install-v1+json
< Transfer-Encoding: chunked
< Connection: keep-alive
< set-cookie: __cf_bm=TSK_Y9KjBVvYJCPMmDJtK3SZ5JDdgaXOY4HwU6gJdWE-1791066292.0498097-1.0.1.1-sCmbfvjoh43fOUwdAy.U9otq7CErZGU91g4cdcyItREBgBlweoOQTWbckbQBpbXVrL7J3ERWV_6o.5CXCK0oDiWx8cQkfKBZuFGRCWd30xxxcK7QiffQR2EjLXKxZ6LC; HttpOnly; SameSite=None; Secure; Path=/; Domain=npmjs.org; Expires=Sat, 03 Oct 2026 22:54:52 GMT
< set-cookie: _cfuvid=u2bWgdycKITmTEnwvnpkhXGPqCLIwtFmuXp1z_mh6vc-1791066292.0498097-1.0.1.1-k5tspMi0Lexn_.Uhqz.NUXQXYhf78HWBEn2TxTYpsQw; HttpOnly; SameSite=None; Secure; Path=/; Domain=npmjs.org
< CF-Ray: a44f5c054dc25f50-TIA
< CF-Cache-Status: HIT
< ETag: W/"2fccbe11278ecf8d0d2966b07d3143f4"
< Access-Control-Allow-Origin: *
< Cache-Control: public, max-age=300
< Last-Modified: Wed, 27 May 2026 19:50:32 GMT
< Server: cloudflare
< Vary: accept-encoding, accept
< Content-Encoding: br

[PackageManager] waiting for 116 tasks
   - "@types/estree": "1.0.9" - @types/estree@1.0.9
[PackageManager] waiting for 115 tasks
    [202.55ms]
Downloaded fill-range versions
> HTTP/1.1 GET https://registry.npmjs.org/wrap-ansi
> Accept: application/vnd.npm.install-v1+json; q=1.0, application/json; q=0.8, */*
> Connection: keep-alive
> User-Agent: Bun/1.3.9
> Host: registry.npmjs.org
> Accept-Encoding: gzip, deflate, br, zstd

< 200 OK
< Date: Sat, 03 Oct 2026 22:24:52 GMT
< Content-Type: application/vnd.npm.install-v1+json
< Transfer-Encoding: chunked
< Connection: keep-alive
< set-cookie: __cf_bm=KqfJdf_D_UoGYMf8ffasp_.RVHszdgkEGFXw6XEhqnY-1791066292.0500166-1.0.1.1-RH8uRpi7oF7m5ukJoqhbN5vhZH0KFVqZsoxep7jOIOMBmNlTAtyWyyd6UtxRtUamYL2Ni_6v41GCspLgveT1KcUXfEWYiM78SHoH4U3mKeKNQ58BHaO1e_eyaBChIpzv; HttpOnly; SameSite=None; Secure; Path=/; Domain=npmjs.org; Expires=Sat, 03 Oct 2026 22:54:52 GMT
< set-cookie: _cfuvid=mTSlKc1vGQTSf4iczPtIrsuQZ1sjWTHYH6vdBqRbzlI-1791066292.0500166-1.0.1.1-euZwMnVT0ycyD_EMh54V7iDrNLuW4Ej7ukYQkhTUJj0; HttpOnly; SameSite=None; Secure; Path=/; Domain=npmjs.org
< CF-Ray: a44f5c054ea5a5b3-TIA
< CF-Cache-Status: HIT
< ETag: W/"cec7aec9cc6cf2f3e5c3c273ae979768"
< Access-Control-Allow-Origin: *
< Cache-Control: public, max-age=300
< Last-Modified: Tue, 29 Aug 2023 01:41:45 GMT
< Server: cloudflare
< Vary: accept-encoding, accept
< Content-Encoding: br

[PackageManager] waiting for 115 tasks
    [201.93ms]
Downloaded snapdragon versions
> HTTP/1.1 GET https://registry.npmjs.org/strip-ansi
> Accept: application/vnd.npm.install-v1+json; q=1.0, application/json; q=0.8, */*
> Connection: keep-alive
> User-Agent: Bun/1.3.9
> Host: registry.npmjs.org
> Accept-Encoding: gzip, deflate, br, zstd

[PackageManager] waiting for 115 tasks
   - "fill-range": "^4.0.0" - fill-range@4.0.0
   - "fill-range": "^7.1.1" - fill-range@7.1.1
Enqueue package manifest for download: is-number
Enqueue package manifest for download: repeat-string
Enqueue package manifest for download: to-regex-range
[PackageManager] waiting for 117 tasks
   - "snapdragon": "^0.8.1" - snapdragon@0.8.2
Enqueue package manifest for download: base
Enqueue package manifest for download: map-cache
   - "source-map": "^0.5.6" - source-map@0.5.7
Enqueue package manifest for download: source-map-resolve
Enqueue package manifest for download: use
< 200 OK
< Date: Sat, 03 Oct 2026 22:24:52 GMT
< Content-Type: application/vnd.npm.install-v1+json
< Transfer-Encoding: chunked
< Connection: keep-alive
< set-cookie: __cf_bm=zl3HyFz6HMNLJ2FnlMrlDeJd0quN5TIVaHb2sW_9yug-1791066292.0548675-1.0.1.1-glrwTk8yaIyOh1Jh.v1rvLzC8B7J.SByMxiOweVlNcpttfR.74sWG1a72mkoQNrjIC0N7yQrmmxBnBEnRG8D3lmKtTbwG4y8YJ3mbxc3th7tHdpEFtD1AFXtW3_Gp2uu; HttpOnly; SameSite=None; Secure; Path=/; Domain=npmjs.org; Expires=Sat, 03 Oct 2026 22:54:52 GMT
< set-cookie: _cfuvid=L7HXeV5l.US_C8UVRG_FxLZO80X5mc_9UBmaSWxatVk-1791066292.0548675-1.0.1.1-2Hxzg76fPbUL1OaP5FB2.SKXMjlGsfd.zI9j21VDeb0; HttpOnly; SameSite=None; Secure; Path=/; Domain=npmjs.org
< CF-Ray: a44f5c055bef7c08-TIA
< CF-Cache-Status: HIT
< ETag: W/"72ab5338cde20acdcd90586bedadcb1e"
< Access-Control-Allow-Origin: *
< Cache-Control: public, max-age=300
< Last-Modified: Mon, 13 Jun 2022 03:29:01 GMT
< Server: cloudflare
< Vary: accept-encoding, accept
< Content-Encoding: br

[PackageManager] waiting for 120 tasks
    [201.74ms]
Downloaded array-unique versions
> HTTP/1.1 GET https://registry.npmjs.org/jsonfile
> Accept: application/vnd.npm.install-v1+json; q=1.0, application/json; q=0.8, */*
> Connection: keep-alive
> User-Agent: Bun/1.3.9
> Host: registry.npmjs.org
> Accept-Encoding: gzip, deflate, br, zstd

< 200 OK
< Date: Sat, 03 Oct 2026 22:24:52 GMT
< Content-Type: application/vnd.npm.install-v1+json
< Transfer-Encoding: chunked
< Connection: keep-alive
< set-cookie: __cf_bm=qoqkQKLKkBFXfOgh7DWMR8j_RlPah.glfEgYxuDg8qk-1791066291.4670746-1.0.1.1-zHzUD_FniAELjDC2OJvjpttqbnLjlq1JfZXhpq4yZeqsT_H.IDl0qqm3bKi5ap2Q2wDPV9BMCY7.BAeUsohUuumg5zNtZ5jc0uRX3j4DpSWkiZyesfTTTOJHHomTxgi3; HttpOnly; SameSite=None; Secure; Path=/; Domain=npmjs.org; Expires=Sat, 03 Oct 2026 22:54:52 GMT
< set-cookie: _cfuvid=vv.UzRylt2QOC5el1FeHzMXZP8NfjUs44Fk6HyUH7.Y-1791066291.4670746-1.0.1.1-o0lUM9Owf0QctJWqOPCV.5JjI96mQQHdVlqzqkJtAB0; HttpOnly; SameSite=None; Secure; Path=/; Domain=npmjs.org
< CF-Ray: a44f5c01a9fcf474-TIA
< CF-Cache-Status: HIT
< ETag: W/"3a2a27b0d82e7dc9ef4afa712058db53"
< Access-Control-Allow-Origin: *
< Cache-Control: public, max-age=300
< Last-Modified: Mon, 28 Sep 2026 14:45:31 GMT
< Server: cloudflare
< Vary: accept-encoding, accept
< Content-Encoding: br

< 200 OK
< Date: Sat, 03 Oct 2026 22:24:52 GMT
< Content-Type: application/vnd.npm.install-v1+json
< Transfer-Encoding: chunked
< Connection: keep-alive
< set-cookie: __cf_bm=Ik.bi1qKIfoNhl8NlzExnt_7hUtUQ1bp0qSf_mRYtDA-1791066292.0549176-1.0.1.1-luTMjN1lohozK0HCkC023nrTqlBBMxHOtmP.vNRFiW_b6d9idBtl7HlidqAkLf0_Hii3ukxLoWWgmOTFOumteLorOW8WLhTQjejhT4FAaB7JwvlV.JfXM9ao4wvXGK51; HttpOnly; SameSite=None; Secure; Path=/; Domain=npmjs.org; Expires=Sat, 03 Oct 2026 22:54:52 GMT
< set-cookie: _cfuvid=UfxwgnQgy07ObAe78ehmuRd6YdBBx0hdE0DlmYhCWeg-1791066292.0549176-1.0.1.1-LbOfOkMDPOnT11pOkfnvRw90JJmH5UU8RkcfOB8YzVk; HttpOnly; SameSite=None; Secure; Path=/; Domain=npmjs.org
< CF-Ray: a44f5c055b97793f-TIA
< CF-Cache-Status: HIT
< ETag: W/"a2a6eaf4fe0f85af0e81052359b5431f"
< Access-Control-Allow-Origin: *
< Cache-Control: public, max-age=300
< Last-Modified: Thu, 13 Feb 2025 01:33:58 GMT
< Server: cloudflare
< Vary: accept-encoding, accept
< Content-Encoding: br

[PackageManager] waiting for 120 tasks
    [203.05ms]
Downloaded arr-flatten versions
> HTTP/1.1 GET https://registry.npmjs.org/universalify
> Accept: application/vnd.npm.install-v1+json; q=1.0, application/json; q=0.8, */*
> Connection: keep-alive
> User-Agent: Bun/1.3.9
> Host: registry.npmjs.org
> Accept-Encoding: gzip, deflate, br, zstd

[PackageManager] waiting for 120 tasks
   - "array-unique": "^0.3.2" - array-unique@0.3.2
[PackageManager] waiting for 119 tasks
   - "arr-flatten": "^1.1.0" - arr-flatten@1.1.0
< 200 OK
< Date: Sat, 03 Oct 2026 22:24:52 GMT
< Content-Type: application/vnd.npm.install-v1+json
< Transfer-Encoding: chunked
< Connection: keep-alive
< set-cookie: __cf_bm=c5PkFC83Pqr.vhsL2siamalV52A9ySKQBcXbygiyEbA-1791066292.0602434-1.0.1.1-Wr1kCVEiCWyOsR76RX8qUa.y3OxgDQUz_VR2ixoPLPotoPFmeJJXhHx3bo_qqDKkGGxnbgbjLQGxkDU1vk4YnVo9USLLqTEQCsbk.GxiWE0VObK5J1KQB4zp6DZJBSIc; HttpOnly; SameSite=None; Secure; Path=/; Domain=npmjs.org; Expires=Sat, 03 Oct 2026 22:54:52 GMT
< set-cookie: _cfuvid=JyoJKnW85Ju3opmugSyx1FQtxc4.qGwkd3sFsuAN198-1791066292.0602434-1.0.1.1-nLagxXUUdvRuSR1D5.oSY0UFWiKTqfgHvYKZ2BqW5dM; HttpOnly; SameSite=None; Secure; Path=/; Domain=npmjs.org
< CF-Ray: a44f5c055bf47c08-TIA
< CF-Cache-Status: HIT
< ETag: W/"858bc90681e5bf6427b4585c16ecadff"
< Access-Control-Allow-Origin: *
< Cache-Control: public, max-age=300
< Last-Modified: Sun, 26 Jun 2022 11:18:36 GMT
< Server: cloudflare
< Vary: accept-encoding, accept
< Content-Encoding: br

[PackageManager] waiting for 118 tasks
> HTTP/1.1 GET https://registry.npmjs.org/locate-path
> Accept: application/vnd.npm.install-v1+json; q=1.0, application/json; q=0.8, */*
> Connection: keep-alive
> User-Agent: Bun/1.3.9
> Host: registry.npmjs.org
> Accept-Encoding: gzip, deflate, br, zstd

    [199.13ms]
Downloaded repeat-element versions
< 200 OK
< Date: Sat, 03 Oct 2026 22:24:52 GMT
< Content-Type: application/vnd.npm.install-v1+json
< Transfer-Encoding: chunked
< Connection: keep-alive
< set-cookie: __cf_bm=vurv6MiT8sG_HpdHa5Z_09rbAqV0r7GescPhE31maVk-1791066292.0603952-1.0.1.1-b3xlmyip4gkKME3IZUr3SuMUl2eegHfcQanutFDfQBTKEjcVHEiZcS9tRTv0_bfEUIVs0aiB0MPUmDDWHAQMeGP2XaAhb5FfMG1lcfxsNfOTlOsCTfxiNhLZ6ATS3Grd; HttpOnly; SameSite=None; Secure; Path=/; Domain=npmjs.org; Expires=Sat, 03 Oct 2026 22:54:52 GMT
< set-cookie: _cfuvid=UfeKCHwmwyGY4vJRC7YPD5u6EPQMl4J2ncraMGHEV7k-1791066292.0603952-1.0.1.1-K.P7HVV429.QYWg.XT1dXXo.e6oMRvW2D8ezhYp0lzw; HttpOnly; SameSite=None; Secure; Path=/; Domain=npmjs.org
< CF-Ray: a44f5c055eb7bd99-TIA
< CF-Cache-Status: HIT
< ETag: W/"90fb91fe8df0fbc13f25322280f5d12f"
< Access-Control-Allow-Origin: *
< Cache-Control: public, max-age=300
< Last-Modified: Wed, 12 Jul 2023 19:15:55 GMT
< Server: cloudflare
< Vary: accept-encoding, accept
< Content-Encoding: br

< 200 OK
< Date: Sat, 03 Oct 2026 22:24:52 GMT
< Content-Type: application/vnd.npm.install-v1+json
< Transfer-Encoding: chunked
< Connection: keep-alive
< set-cookie: __cf_bm=UB7DoKvbxJWGGNjOTK9r5J5Sl4wWFT9O4nkXjKKnCgA-1791066292.0602806-1.0.1.1-KtALTqFofMv4wpxngqvjWCdmNhFNJ1.6Uf1mQXd.xrFEBmHVUxTqehq8n0kf6FyjzlBASG3TCh53eQT5_PY71sBTQ.BuD9Ujcr3pzBjqsCzHxF9njnHG_ghiVokzw0Yg; HttpOnly; SameSite=None; Secure; Path=/; Domain=npmjs.org; Expires=Sat, 03 Oct 2026 22:54:52 GMT
< set-cookie: _cfuvid=mlQ7p_jeYDFj4PAKomRQTFu.0tN7Y5.hIgDK4RFJcc8-1791066292.0602806-1.0.1.1-.eWJjeRBFIeozTt_.82P_CVS7Q8lu_KnosoUTQ_TKJM; HttpOnly; SameSite=None; Secure; Path=/; Domain=npmjs.org
< CF-Ray: a44f5c055e1e51a4-TIA
< CF-Cache-Status: HIT
< ETag: W/"5705d0c1ce44fb3a571af8ce009c476e"
< Access-Control-Allow-Origin: *
< Cache-Control: public, max-age=300
< Last-Modified: Wed, 12 Jul 2023 19:12:29 GMT
< Server: cloudflare
< Vary: accept-encoding, accept
< Content-Encoding: br

< 200 OK
< Date: Sat, 03 Oct 2026 22:24:52 GMT
< Content-Type: application/vnd.npm.install-v1+json
< Transfer-Encoding: chunked
< Connection: keep-alive
< set-cookie: __cf_bm=i7RGi9YW5_IGeA6qxiRyl9wV3CmFPA.T75chtIF0Y4M-1791066292.0603876-1.0.1.1-g0defQlDodIWqAwdLz1IOZsKsPHdz79XRfR9ABvqs6ar16xlwMpR9CZIhtekGAXA9z4yO09RNycXYt0qrw7zoqwYscSqc8kpYEbV.YZ.VA_ot4HFmguHclHbePCQAZ08; HttpOnly; SameSite=None; Secure; Path=/; Domain=npmjs.org; Expires=Sat, 03 Oct 2026 22:54:52 GMT
< set-cookie: _cfuvid=pzx_AnLHBsQ9Rsxv6iEju2oGaeUzCijcIsMbikB6Vj4-1791066292.0603876-1.0.1.1-8kmUfTsoa8qGMqM3DnxaochXVgTKieejSroEAB0FZvw; HttpOnly; SameSite=None; Secure; Path=/; Domain=npmjs.org
< CF-Ray: a44f5c055ce4f474-TIA
< CF-Cache-Status: HIT
< ETag: W/"3dcd7835683496eb11e443f2574095be"
< Access-Control-Allow-Origin: *
< Cache-Control: public, max-age=300
< Last-Modified: Sun, 26 Jun 2022 21:38:58 GMT
< Server: cloudflare
< Vary: accept-encoding, accept
< Content-Encoding: br

[PackageManager] waiting for 118 tasks
   - "repeat-element": "^1.1.2" - repeat-element@1.1.4
[PackageManager] waiting for 117 tasks
    [199.22ms]
Downloaded snapdragon-node versions
> HTTP/1.1 GET https://registry.npmjs.org/emoji-regex
> Accept: application/vnd.npm.install-v1+json; q=1.0, application/json; q=0.8, */*
> Connection: keep-alive
> User-Agent: Bun/1.3.9
> Host: registry.npmjs.org
> Accept-Encoding: gzip, deflate, br, zstd

[PackageManager] waiting for 117 tasks
   - "snapdragon-node": "^2.0.1" - snapdragon-node@2.1.1
Enqueue package manifest for download: snapdragon-util
[PackageManager] waiting for 117 tasks
    [205.64ms]
Downloaded split-string versions
    [205.45ms]
Downloaded extend-shallow versions
< 200 OK
< Date: Sat, 03 Oct 2026 22:24:52 GMT
< Content-Type: application/vnd.npm.install-v1+json
< Transfer-Encoding: chunked
< Connection: keep-alive
< set-cookie: __cf_bm=_ew83Gts0V7RuD9TGN4cHZf1xtW8UotHX7iCh8fyvwE-1791066292.065907-1.0.1.1-l8cRYGFHEcQw1FUqhGDGMQTKT7W2_T46pU804bRC5e.I97Nl2jp3xSFyKv8xRdRaVKrumeDWpdjK0KHHW4gmcp_LzNDutJzKLepNmNjd45q6EhhG9OTZLzMKKHEhdQo1; HttpOnly; SameSite=None; Secure; Path=/; Domain=npmjs.org; Expires=Sat, 03 Oct 2026 22:54:52 GMT
< set-cookie: _cfuvid=0LFbCRRzRLgKVWZjaXakb4o0Jup_a1pRUgENvsj2HCc-1791066292.065907-1.0.1.1-QCTJVJH6eKZM4ruqLvxQ5MUSknkR2JVLsx1DnxhSpIY; HttpOnly; SameSite=None; Secure; Path=/; Domain=npmjs.org
< CF-Ray: a44f5c056bfb7c08-TIA
< CF-Cache-Status: HIT
< ETag: W/"301a40272c5c24028774529f96cb63f6"
< Access-Control-Allow-Origin: *
< Cache-Control: public, max-age=300
< Last-Modified: Mon, 10 Jul 2023 23:16:23 GMT
< Server: cloudflare
< Vary: accept-encoding, accept
< Content-Encoding: br

[PackageManager] waiting for 117 tasks
[PackageManager] waiting for 117 tasks
    [200.19ms]
Downloaded safe-buffer versions
< 200 OK
< Date: Sat, 03 Oct 2026 22:24:52 GMT
< Content-Type: application/vnd.npm.install-v1+json
< Transfer-Encoding: chunked
< Connection: keep-alive
< set-cookie: __cf_bm=nstTxXwSiEloOWOO4HafsK6BQF9ZUovsBy2N5Dm5y4E-1791066292.0659795-1.0.1.1-53l3XXRkxCLWwY5bDGqjiZ7NkvA846xvXUABYWZDDIpbqvADAg.V57lMp8an7hB3.rFnfuai3JLLq_6zGsbxVG6OPzcVrPMi7OMJsdJFL2XpVOqjgCxG8DCwSJN9sLkW; HttpOnly; SameSite=None; Secure; Path=/; Domain=npmjs.org; Expires=Sat, 03 Oct 2026 22:54:52 GMT
< set-cookie: _cfuvid=3jHUo9ZTJ6_WM4ft_BdqmDl7X8elUYXGenWkspzL0RA-1791066292.0659795-1.0.1.1-goRGeC5UHy4yCx5PqqS1gO2m.H5OFoji9sZD3JxIoSE; HttpOnly; SameSite=None; Secure; Path=/; Domain=npmjs.org
< CF-Ray: a44f5c056dcf5f50-TIA
< CF-Cache-Status: HIT
< ETag: W/"3969b810cf56c792e50772eeff68d20b"
< Access-Control-Allow-Origin: *
< Cache-Control: public, max-age=300
< Last-Modified: Tue, 03 Feb 2026 04:12:38 GMT
< Server: cloudflare
< Vary: accept-encoding, accept
< Content-Encoding: br

   - "extend-shallow": "^2.0.1" - extend-shallow@2.0.1
   - "extend-shallow": "^3.0.2" - extend-shallow@3.0.2
Enqueue package manifest for download: is-extendable
Enqueue package manifest for download: assign-symbols
[PackageManager] waiting for 118 tasks
    [196.66ms]
Downloaded unpipe versions
< 200 OK
< Date: Sat, 03 Oct 2026 22:24:52 GMT
< Content-Type: application/vnd.npm.install-v1+json
< Transfer-Encoding: chunked
< Connection: keep-alive
< set-cookie: __cf_bm=1pci_rW1Rjd6P2Lr29nhKz7pdw5C2MjB4o2AFuHZns8-1791066292.0656812-1.0.1.1-tw3FkSJKnvGXMW7_B4sc.bq9p7s3.Waa8ltIXpX1RBs6WkWLeGGhDsZhjAwcWYIv4GpR4y4qrsbgG13KiSY1PWjrDcysxps9Jkji5gXWXEMIEaWUoMIE9D13o7b9qrXk; HttpOnly; SameSite=None; Secure; Path=/; Domain=npmjs.org; Expires=Sat, 03 Oct 2026 22:54:52 GMT
< set-cookie: _cfuvid=45sRa7QFy_3zGRFP7g_Yzc06Wj1Lrune.T_hkvu6Q08-1791066292.0656812-1.0.1.1-J_xoTWInhvJrcLjVo0A9J0Tt.EDRR8VTvC_J_V96M9A; HttpOnly; SameSite=None; Secure; Path=/; Domain=npmjs.org
< CF-Ray: a44f5c056ad69b00-TIA
< CF-Cache-Status: HIT
< ETag: W/"3226b9764dd46d8abe56e611b644633b"
< Access-Control-Allow-Origin: *
< Cache-Control: public, max-age=300
< Last-Modified: Wed, 17 Jun 2026 05:44:48 GMT
< Server: cloudflare
< Vary: accept-encoding, accept
< Content-Encoding: br

   - "split-string": "^3.0.2" - split-string@3.1.0
[PackageManager] waiting for 117 tasks
   - "unpipe": "~1.0.0" - unpipe@1.0.0
   - "safe-buffer": "5.1.2" - safe-buffer@5.1.2
   - "safe-buffer": "~5.2.0" - safe-buffer@5.2.1
[PackageManager] waiting for 115 tasks
> HTTP/1.1 GET https://registry.npmjs.org/is-fullwidth-code-point
> Accept: application/vnd.npm.install-v1+json; q=1.0, application/json; q=0.8, */*
> Connection: keep-alive
> User-Agent: Bun/1.3.9
> Host: registry.npmjs.org
> Accept-Encoding: gzip, deflate, br, zstd

> HTTP/1.1 GET https://registry.npmjs.org/camelcase
> Accept: application/vnd.npm.install-v1+json; q=1.0, application/json; q=0.8, */*
> Connection: keep-alive
> User-Agent: Bun/1.3.9
> Host: registry.npmjs.org
> Accept-Encoding: gzip, deflate, br, zstd

> HTTP/1.1 GET https://registry.npmjs.org/decamelize
> Accept: application/vnd.npm.install-v1+json; q=1.0, application/json; q=0.8, */*
> Connection: keep-alive
> User-Agent: Bun/1.3.9
> Host: registry.npmjs.org
> Accept-Encoding: gzip, deflate, br, zstd

> HTTP/1.1 GET https://registry.npmjs.org/@jridgewell%2fsourcemap-codec
> Accept: application/vnd.npm.install-v1+json; q=1.0, application/json; q=0.8, */*
> Connection: keep-alive
> User-Agent: Bun/1.3.9
> Host: registry.npmjs.org
> Accept-Encoding: gzip, deflate, br, zstd

< 200 OK
< Date: Sat, 03 Oct 2026 22:24:52 GMT
< Content-Type: application/vnd.npm.install-v1+json
< Transfer-Encoding: chunked
< Connection: keep-alive
< set-cookie: __cf_bm=Y8JU51nkRHsm8OHtDBjOPWNRwUjuopYmBDuCo5Rp_wc-1791066292.065806-1.0.1.1-ikAbNY0jdpd3BVgGaCjjlzgfFOCX.6lpvYwL4gFdnGrOa4b2mMyAJ3friF8qR26v9jNd5vB.vcku464bz0ervRCGd.jlUBY4d4nlc2plLH253_CspxBV7glyXbrQ32Qh; HttpOnly; SameSite=None; Secure; Path=/; Domain=npmjs.org; Expires=Sat, 03 Oct 2026 22:54:52 GMT
< set-cookie: _cfuvid=0iVEwXucDCkJvTOQqNZGXDmCvsNnxY_BBL4Hf55qJxA-1791066292.065806-1.0.1.1-s1RvdEbFF24uxKru4K_mYpOaqwUCdPeZ4PhKER9EMx4; HttpOnly; SameSite=None; Secure; Path=/; Domain=npmjs.org
< CF-Ray: a44f5c056eb5a5b3-TIA
< CF-Cache-Status: HIT
< ETag: W/"8a6efd3cdc4afee9c9e3e8118a60b956"
< Access-Control-Allow-Origin: *
< Cache-Control: public, max-age=300
< Last-Modified: Sun, 27 Sep 2026 20:29:44 GMT
< Server: cloudflare
< Vary: accept-encoding, accept
< Content-Encoding: br

[PackageManager] waiting for 115 tasks
    [200.43ms]
Downloaded path-dirname versions
> HTTP/1.1 GET https://registry.npmjs.org/kind-of
> Accept: application/vnd.npm.install-v1+json; q=1.0, application/json; q=0.8, */*
> Connection: keep-alive
> User-Agent: Bun/1.3.9
> Host: registry.npmjs.org
> Accept-Encoding: gzip, deflate, br, zstd

[PackageManager] waiting for 115 tasks
   - "path-dirname": "^1.0.0" - path-dirname@1.0.2
< 200 OK
< Date: Sat, 03 Oct 2026 22:24:52 GMT
< Content-Type: application/vnd.npm.install-v1+json
< Transfer-Encoding: chunked
< Connection: keep-alive
< set-cookie: __cf_bm=cNpY0WmA32cHcp6qsG9JNv5JFGwIBIV9ojZCa.ohffk-1791066292.0657318-1.0.1.1-La5u_Kf4mGYMzMa002aZHkrz0Q0awsx6TCI6neRtvbvxSGl5hH2KpuiAlgLSUkyp38l1K6h8kVL_YOoA8d4oOVfCaqaOW4smZSJ7cwKPH9DyES8.Y6UCaWSVuE_uu21o; HttpOnly; SameSite=None; Secure; Path=/; Domain=npmjs.org; Expires=Sat, 03 Oct 2026 22:54:52 GMT
< set-cookie: _cfuvid=lqi.niSYhrT6k01yrp.zo_udjoCS0y.T.5KuNWgNvR4-1791066292.0657318-1.0.1.1-KUxx.bwrWK4gVq72KSquWcP6vfsA04FrrIxqeSEGetM; HttpOnly; SameSite=None; Secure; Path=/; Domain=npmjs.org
< CF-Ray: a44f5c056ebdbd99-TIA
< CF-Cache-Status: HIT
< ETag: W/"22c63ca0bd55c7c08d2dd4b07aaf49d9"
< Access-Control-Allow-Origin: *
< Cache-Control: public, max-age=300
< Last-Modified: Fri, 25 Sep 2026 09:44:03 GMT
< Server: cloudflare
< Vary: accept-encoding, accept
< Content-Encoding: br

[PackageManager] waiting for 114 tasks
    [203.89ms]
Downloaded undici-types versions
< 200 OK
< Date: Sat, 03 Oct 2026 22:24:52 GMT
< Content-Type: application/vnd.npm.install-v1+json
< Transfer-Encoding: chunked
< Connection: keep-alive
< set-cookie: __cf_bm=eSifg87U2dmU12DtUGCr0I5jir95AXQwiGpmx7lepas-1791066292.0711095-1.0.1.1-Go3NxlZEqLtnJKoSbLCZDpwAYx3e8E6ZXrnufLu1xellWqdfhB9aJEdbOI5WIEFbzROpLlY3R4gqjNW3v3tM6EEkwq1O_VT64AhQfsIzxbA7PbXsi47OXR11B.lI7xq_; HttpOnly; SameSite=None; Secure; Path=/; Domain=npmjs.org; Expires=Sat, 03 Oct 2026 22:54:52 GMT
< set-cookie: _cfuvid=IonloKF1xgvhwxgyIsOzcogOm0KAqdN0YE3HdwrI4fw-1791066292.0711095-1.0.1.1-IUJIQllAjOAsW4Wqjva0TxNIJTKH_jC6lf9CY9JMNOM; HttpOnly; SameSite=None; Secure; Path=/; Domain=npmjs.org
< CF-Ray: a44f5c057e2951a4-TIA
< CF-Cache-Status: HIT
< ETag: W/"924f468023877492ac531981e91c37c4"
< Access-Control-Allow-Origin: *
< Cache-Control: public, max-age=300
< Last-Modified: Thu, 20 Aug 2026 16:45:06 GMT
< Server: cloudflare
< Vary: accept-encoding, accept
< Content-Encoding: br

> HTTP/1.1 GET https://registry.npmjs.org/rename-keys
> Accept: application/vnd.npm.install-v1+json; q=1.0, application/json; q=0.8, */*
> Connection: keep-alive
> User-Agent: Bun/1.3.9
> Host: registry.npmjs.org
> Accept-Encoding: gzip, deflate, br, zstd

[PackageManager] waiting for 114 tasks
   - "undici-types": "~6.21.0" - undici-types@6.21.0
> HTTP/1.1 GET https://registry.npmjs.org/lru-cache
> Accept: application/vnd.npm.install-v1+json; q=1.0, application/json; q=0.8, */*
> Connection: keep-alive
> User-Agent: Bun/1.3.9
> Host: registry.npmjs.org
> Accept-Encoding: gzip, deflate, br, zstd

[PackageManager] waiting for 113 tasks
    [803.52ms]
Downloaded @octokit/plugin-paginate-rest versions
> HTTP/1.1 GET https://registry.npmjs.org/any-promise
> Accept: application/vnd.npm.install-v1+json; q=1.0, application/json; q=0.8, */*
> Connection: keep-alive
> User-Agent: Bun/1.3.9
> Host: registry.npmjs.org
> Accept-Encoding: gzip, deflate, br, zstd

[PackageManager] waiting for 113 tasks
    [205.93ms]
Downloaded tslib versions
[PackageManager] waiting for 113 tasks
   - "tslib": "^2.1.0" - tslib@2.8.1
[PackageManager] waiting for 112 tasks
    [199.05ms]
Downloaded negotiator versions
> HTTP/1.1 GET https://registry.npmjs.org/thenify-all
> Accept: application/vnd.npm.install-v1+json; q=1.0, application/json; q=0.8, */*
> Connection: keep-alive
> User-Agent: Bun/1.3.9
> Host: registry.npmjs.org
> Accept-Encoding: gzip, deflate, br, zstd

[PackageManager] waiting for 112 tasks
   - "negotiator": "0.6.3" - negotiator@0.6.3
[PackageManager] waiting for 111 tasks
   - "@octokit/plugin-paginate-rest": "^9.0.0" - @octokit/plugin-paginate-rest@9.2.2
< 200 OK
< Date: Sat, 03 Oct 2026 22:24:52 GMT
< Content-Type: application/vnd.npm.install-v1+json
< Transfer-Encoding: chunked
< Connection: keep-alive
< set-cookie: __cf_bm=J3tErcPlb_wWdbQLQq8Fm8Yqtrvf4db5Eep0nYVS9sg-1791066292.0767066-1.0.1.1-F0BxrIrLB3NikwiJK.2hMt90cSQULk3s10txQhsOUU4fANHKzpsGs.U1xIhLm90StHtwwbP7Nxa1w1ndgGv8QeKhIVY1K0YVYGkJt7MTvjL0DMONzqL56IAEzr_CAs_N; HttpOnly; SameSite=None; Secure; Path=/; Domain=npmjs.org; Expires=Sat, 03 Oct 2026 22:54:52 GMT
< set-cookie: _cfuvid=XKjmb9w4l7NFiRo60qz3vfzWOYRfgnpM9gbNLq6pWkM-1791066292.0767066-1.0.1.1-Uxgd4Va5F2RSpdjwamfY2itMLQRWqciD_u7qFwzs9TM; HttpOnly; SameSite=None; Secure; Path=/; Domain=npmjs.org
< CF-Ray: a44f5c057c0a7c08-TIA
< CF-Cache-Status: HIT
< ETag: W/"6bfa918f7629edc153cef3ed23b8373d"
< Access-Control-Allow-Origin: *
< Cache-Control: public, max-age=300
< Last-Modified: Thu, 22 Jun 2023 16:32:25 GMT
< Server: cloudflare
< Vary: accept-encoding, accept
< Content-Encoding: br

[PackageManager] waiting for 110 tasks
    [203.77ms]
Downloaded is-extglob versions
> HTTP/1.1 GET https://registry.npmjs.org/event-target-shim
> Accept: application/vnd.npm.install-v1+json; q=1.0, application/json; q=0.8, */*
> Connection: keep-alive
> User-Agent: Bun/1.3.9
> Host: registry.npmjs.org
> Accept-Encoding: gzip, deflate, br, zstd

[PackageManager] waiting for 110 tasks
   - "is-extglob": "^2.1.1" - is-extglob@2.1.1
< 200 OK
< Date: Sat, 03 Oct 2026 22:24:52 GMT
< Content-Type: application/vnd.npm.install-v1+json
< Transfer-Encoding: chunked
< Connection: keep-alive
< set-cookie: __cf_bm=Dl66HxayH7BpC0Bxo4YHlo3mAXbjT9gZrd6zkRmgMJs-1791066292.0818086-1.0.1.1-WMgUbHR69FCsGnzzSdldx0KPCtNS8iDHtjUUKoxEV1V.ERpI3rRm6cG4aHgBEqH5_YTg5UkqARYVcZN3jqtV_Vo703nnYXAeZP2CugG9x2QRqfeuj7Bcy4NCLLhA.hAR; HttpOnly; SameSite=None; Secure; Path=/; Domain=npmjs.org; Expires=Sat, 03 Oct 2026 22:54:52 GMT
< set-cookie: _cfuvid=wlE01FWYpTVkGsBsRJ0AluPp7lKCjkYcEmXKLZ2a0Do-1791066292.0818086-1.0.1.1-uYkzMN3kI96YBRnr59omQ1GkXZbdZVqV9ty_M7sKwkY; HttpOnly; SameSite=None; Secure; Path=/; Domain=npmjs.org
< CF-Ray: a44f5c058cf9f474-TIA
< CF-Cache-Status: HIT
< ETag: W/"2ac1d333ab102b872ea4e32867eea252"
< Access-Control-Allow-Origin: *
< Cache-Control: public, max-age=300
< Last-Modified: Wed, 09 Sep 2026 14:06:06 GMT
< Server: cloudflare
< Vary: accept-encoding, accept
< Content-Encoding: br

[PackageManager] waiting for 109 tasks
    [297.54ms]
Downloaded binary-extensions versions
> HTTP/1.1 GET https://registry.npmjs.org/base64-js
> Accept: application/vnd.npm.install-v1+json; q=1.0, application/json; q=0.8, */*
> Connection: keep-alive
> User-Agent: Bun/1.3.9
> Host: registry.npmjs.org
> Accept-Encoding: gzip, deflate, br, zstd

[PackageManager] waiting for 109 tasks
   - "binary-extensions": "^1.0.0" - binary-extensions@1.13.1
   - "binary-extensions": "^2.0.0" - binary-extensions@2.3.0
< 200 OK
< Date: Sat, 03 Oct 2026 22:24:52 GMT
< Content-Type: application/vnd.npm.install-v1+json
< Transfer-Encoding: chunked
< Connection: keep-alive
< set-cookie: __cf_bm=j56dAUrXRGXROpVStO6gL7S_sOiv76blLsU.d2uDtFM-1791066291.867943-1.0.1.1-ju614kWsRPrsg3ej5aGinfyP9RcazzLCaCOiSQAYxeHldoISENVlqnJp3rBrPKad8Z5nwCwz7jvr8GV9cCRMDA_EO2og8bVnRWkRNSuItm_2V8Z6VrFXOLK5QjZkaFGZ; HttpOnly; SameSite=None; Secure; Path=/; Domain=npmjs.org; Expires=Sat, 03 Oct 2026 22:54:52 GMT
< set-cookie: _cfuvid=HK08P4VsnYEiE3.Ms8avNuneySBnV8REsXvWxkCVLz8-1791066291.867943-1.0.1.1-FUENTtdMrh2x24trElFK4tGljvMQ9a8EAltzQcQgTNc; HttpOnly; SameSite=None; Secure; Path=/; Domain=npmjs.org
< CF-Ray: a44f5c0429759b00-TIA
< CF-Cache-Status: HIT
< ETag: W/"cb8d50fd6ba80e3e7696163a2baa4db6"
< Access-Control-Allow-Origin: *
< Cache-Control: public, max-age=300
< Last-Modified: Fri, 02 Oct 2026 15:44:43 GMT
< Server: cloudflare
< Vary: accept-encoding, accept
< Content-Encoding: br

[PackageManager] waiting for 108 tasks
    [517.03ms]
Downloaded @rollup/rollup-freebsd-x64 versions
> HTTP/1.1 GET https://registry.npmjs.org/ieee754
> Accept: application/vnd.npm.install-v1+json; q=1.0, application/json; q=0.8, */*
> Connection: keep-alive
> User-Agent: Bun/1.3.9
> Host: registry.npmjs.org
> Accept-Encoding: gzip, deflate, br, zstd

< 200 OK
< Date: Sat, 03 Oct 2026 22:24:52 GMT
< Content-Type: application/vnd.npm.install-v1+json
< Transfer-Encoding: chunked
< Connection: keep-alive
< set-cookie: __cf_bm=W0aPm2jN4WikNyllTBB5ZvpeQp41HSSs33Ejm0j9Kik-1791066291.8625286-1.0.1.1-7OTJJOYcK3_h70Ub7GvrdqD5ouVFwiVkdS3pq15BEVZFqxytCP96lEy5Av48mu94FMJsHi08Aw48gMbDDpe5QlD.sl3s_mT6rN_XEjtz4GuIUsNVidGs6Eu2SE5s9YSX; HttpOnly; SameSite=None; Secure; Path=/; Domain=npmjs.org; Expires=Sat, 03 Oct 2026 22:54:52 GMT
< set-cookie: _cfuvid=OTsCP1NxOEB1iSsy.T2TvamDcRdOLU9HrfwfPycu4_8-1791066291.8625286-1.0.1.1-9Wdu.qHQtm8W7szhC_n3jskDnAeBWTx_Ixito4qWW6s; HttpOnly; SameSite=None; Secure; Path=/; Domain=npmjs.org
< CF-Ray: a44f5c04296c9b00-TIA
< CF-Cache-Status: HIT
< ETag: W/"768c7cf0c409f842aec9895ee7145c6b"
< Access-Control-Allow-Origin: *
< Cache-Control: public, max-age=300
< Last-Modified: Fri, 02 Oct 2026 15:41:17 GMT
< Server: cloudflare
< Vary: accept-encoding, accept
< Content-Encoding: br

[PackageManager] waiting for 108 tasks
< 200 OK
< Date: Sat, 03 Oct 2026 22:24:52 GMT
< Content-Type: application/vnd.npm.install-v1+json
< Transfer-Encoding: chunked
< Connection: keep-alive
< set-cookie: __cf_bm=mjYRi8EHs9qAgqWebVtU2w.M0quQDNwmO0kJJ6cHuJ0-1791066291.879279-1.0.1.1-zcSAivp74epi.Mo9da4UP4spXjd7DoSPUo7Ro1nml1ZjjfgCpFQYySVm.wxHdD3vZnbPzq1fN5KKWiZQ5lIlo4GYFkoiLk4pvYWnjHf_05uFi0KhOCN6eULoDYhB5HXZ; HttpOnly; SameSite=None; Secure; Path=/; Domain=npmjs.org; Expires=Sat, 03 Oct 2026 22:54:52 GMT
< set-cookie: _cfuvid=mjBxOSjNGTXHm8vuMgzHC6gMuKIcalGbOj_qpdmDqk8-1791066291.879279-1.0.1.1-Necnpv0bfl1KFc8Gpgv454..zz8zzoXIYpa8Donju74; HttpOnly; SameSite=None; Secure; Path=/; Domain=npmjs.org
< CF-Ray: a44f5c04398b9b00-TIA
< CF-Cache-Status: HIT
< ETag: W/"e016fd49b15e654df562ca092c07e82b"
< Access-Control-Allow-Origin: *
< Cache-Control: public, max-age=300
< Last-Modified: Fri, 02 Oct 2026 15:43:05 GMT
< Server: cloudflare
< Vary: accept-encoding, accept
< Content-Encoding: br

    [520.67ms]
Downloaded @rollup/rollup-darwin-x64 versions
   - "@rollup/rollup-freebsd-x64": "4.64.0" - @rollup/rollup-freebsd-x64@4.64.0
[PackageManager] waiting for 107 tasks
[PackageManager] waiting for 107 tasks
< 200 OK
< Date: Sat, 03 Oct 2026 22:24:52 GMT
< Content-Type: application/vnd.npm.install-v1+json
< Transfer-Encoding: chunked
< Connection: keep-alive
< set-cookie: __cf_bm=XGWQyCeyJaZhPKWyfzUqz_rn2nZVK7lak4IH7oWQg8I-1791066291.8791406-1.0.1.1-.SqSqQiJneMvkDbGXBjHkdXhAxij8TRyzBfxDJ0KokuaopMnznYTqOPVBhK4mAQG1Ad2Ko5q9Vn4umHT6tdMknCaNKFFM5MswSG8U7v194vlwA4iRb3ITU7HjrFnUWUd; HttpOnly; SameSite=None; Secure; Path=/; Domain=npmjs.org; Expires=Sat, 03 Oct 2026 22:54:52 GMT
< set-cookie: _cfuvid=Thu8i4vrQeAribk2MsPIFFYDUhDMnLvK7AZPKqmt0po-1791066291.8791406-1.0.1.1-CyK.6XQbtMhqcjgmjQuXZPmj.1d1RNhwSJPm0cn3Fok; HttpOnly; SameSite=None; Secure; Path=/; Domain=npmjs.org
< CF-Ray: a44f5c043d5151a4-TIA
< CF-Cache-Status: HIT
< ETag: W/"d69189d090bedd31a04063d4775b12ee"
< Access-Control-Allow-Origin: *
< Cache-Control: public, max-age=300
< Last-Modified: Tue, 14 Jul 2026 01:55:58 GMT
< Server: cloudflare
< Vary: accept-encoding, accept
< Content-Encoding: br

    [505.15ms]
Downloaded @rollup/rollup-darwin-arm64 versions
[PackageManager] waiting for 107 tasks
< 200 OK
< Date: Sat, 03 Oct 2026 22:24:52 GMT
< Content-Type: application/vnd.npm.install-v1+json
< Transfer-Encoding: chunked
< Connection: keep-alive
< set-cookie: __cf_bm=sdYABNmdGljcuSwornEE.9D1FG9PbwtIeEn0x603XSw-1791066291.8791044-1.0.1.1-XZhpm341_AL.zUifhTYYXNok1X8xUgxE.zdf9DBGHMj4EiVdKTervAowqZF_P3asw_SbAo9NhhJDV06H6LFNpi9nBnyfzkSewDo2nRUkpcd3DvZrKfsveQYDByZjC8.H; HttpOnly; SameSite=None; Secure; Path=/; Domain=npmjs.org; Expires=Sat, 03 Oct 2026 22:54:52 GMT
< set-cookie: _cfuvid=_j6Q0dISCMlDm3HcOAyCAQlBQ7BuRhyAvWM425NRXxY-1791066291.8791044-1.0.1.1-.CURrvLXHW1Jp_S5Gk8g.l9deBwodP_pT1Z0_JvWCy4; HttpOnly; SameSite=None; Secure; Path=/; Domain=npmjs.org
< CF-Ray: a44f5c043a92793f-TIA
< CF-Cache-Status: HIT
< ETag: W/"68e537b755500bade2f3c3d652ac7cc8"
< Access-Control-Allow-Origin: *
< Cache-Control: public, max-age=300
< Last-Modified: Fri, 02 Oct 2026 15:40:00 GMT
< Server: cloudflare
< Vary: accept-encoding, accept
< Content-Encoding: br

    [505.56ms]
Downloaded @napi-rs/lzma-linux-x64-gnu versions
[PackageManager] waiting for 107 tasks
    [505.41ms]
Downloaded @rollup/rollup-android-arm64 versions
< 200 OK
< Date: Sat, 03 Oct 2026 22:24:52 GMT
< Content-Type: application/vnd.npm.install-v1+json
< Transfer-Encoding: chunked
< Connection: keep-alive
< set-cookie: __cf_bm=mYOdbNveQJXENCZHxpGxmjtEvTa_nV3rPyN3.RmwgZQ-1791066291.8902674-1.0.1.1-zR.VDDdyMklAqFyasLr8d6yXH6lgVKcmLUdq_TF5CeAmjG9twNpd0DQm_DMBfcgnhKYf51QtZ4XNqvgIjXlCkbuD_q5AMYnmFB2xEaLzlD0pEWQvfgXNivq7wxbewh10; HttpOnly; SameSite=None; Secure; Path=/; Domain=npmjs.org; Expires=Sat, 03 Oct 2026 22:54:52 GMT
< set-cookie: _cfuvid=7cQBNsVEssCWyFoNO94gkFcu9hWr_0nhvp4uRnNu2.o-1791066291.8902674-1.0.1.1-urHN5K7l4df8N8AxkK1indEjKbdv0xsNs4YXY4BL.ZM; HttpOnly; SameSite=None; Secure; Path=/; Domain=npmjs.org
< CF-Ray: a44f5c044af37c08-TIA
< CF-Cache-Status: HIT
< ETag: W/"2de681db59cba992dce440130462627e"
< Access-Control-Allow-Origin: *
< Cache-Control: public, max-age=300
< Last-Modified: Fri, 02 Oct 2026 15:40:30 GMT
< Server: cloudflare
< Vary: accept-encoding, accept
< Content-Encoding: br

   - "@napi-rs/lzma-linux-x64-gnu": "1.5.1" - @napi-rs/lzma-linux-x64-gnu@1.5.1
[PackageManager] waiting for 106 tasks
[PackageManager] waiting for 106 tasks
    [493.66ms]
Downloaded @rollup/rollup-freebsd-arm64 versions
   - "@rollup/rollup-darwin-x64": "4.64.0" - @rollup/rollup-darwin-x64@4.64.0
[PackageManager] waiting for 105 tasks
< 200 OK
< Date: Sat, 03 Oct 2026 22:24:52 GMT
< Content-Type: application/vnd.npm.install-v1+json
< Transfer-Encoding: chunked
< Connection: keep-alive
< set-cookie: __cf_bm=h7dMi8JYXCcSIYJRnRmGSFD.dbjeqdDvSAAlaRHBGmY-1791066291.8957934-1.0.1.1-AobLHQu6r2mJv2Wn3X0qE0mD42aKZEroU6Qfm3sOtO0m5prAqTrlUdMejLR_iKiu7FQEQ6IsW_9y.53rfQdjMLkozDtYnvN2gXQ1XFMm04sjhc7ldBrvSZ464QyycapJ; HttpOnly; SameSite=None; Secure; Path=/; Domain=npmjs.org; Expires=Sat, 03 Oct 2026 22:54:52 GMT
< set-cookie: _cfuvid=k0oDlYQjtnd9jLX6D66TfmJE310KibrWactbvrTf5Mk-1791066291.8957934-1.0.1.1-PNz5zFDJgdxXaeksLPk262WAeE7Uoc8eDdyzO21VvXs; HttpOnly; SameSite=None; Secure; Path=/; Domain=npmjs.org
< CF-Ray: a44f5c045aff7c08-TIA
< CF-Cache-Status: HIT
< ETag: W/"006c7b328a4cbf639683d3efc60ca507"
< Access-Control-Allow-Origin: *
< Cache-Control: public, max-age=300
< Last-Modified: Fri, 02 Oct 2026 15:43:24 GMT
< Server: cloudflare
< Vary: accept-encoding, accept
< Content-Encoding: br

[PackageManager] waiting for 105 tasks
> HTTP/1.1 GET https://registry.npmjs.org/@octokit%2fgraphql
> Accept: application/vnd.npm.install-v1+json; q=1.0, application/json; q=0.8, */*
> Connection: keep-alive
> User-Agent: Bun/1.3.9
> Host: registry.npmjs.org
> Accept-Encoding: gzip, deflate, br, zstd

    [488.02ms]
Downloaded @rollup/rollup-linux-x64-musl versions
> HTTP/1.1 GET https://registry.npmjs.org/@octokit%2frequest
> Accept: application/vnd.npm.install-v1+json; q=1.0, application/json; q=0.8, */*
> Connection: keep-alive
> User-Agent: Bun/1.3.9
> Host: registry.npmjs.org
> Accept-Encoding: gzip, deflate, br, zstd

> HTTP/1.1 GET https://registry.npmjs.org/before-after-hook
> Accept: application/vnd.npm.install-v1+json; q=1.0, application/json; q=0.8, */*
> Connection: keep-alive
> User-Agent: Bun/1.3.9
> Host: registry.npmjs.org
> Accept-Encoding: gzip, deflate, br, zstd

> HTTP/1.1 GET https://registry.npmjs.org/@octokit%2fauth-token
> Accept: application/vnd.npm.install-v1+json; q=1.0, application/json; q=0.8, */*
> Connection: keep-alive
> User-Agent: Bun/1.3.9
> Host: registry.npmjs.org
> Accept-Encoding: gzip, deflate, br, zstd

> HTTP/1.1 GET https://registry.npmjs.org/universal-user-agent
> Accept: application/vnd.npm.install-v1+json; q=1.0, application/json; q=0.8, */*
> Connection: keep-alive
> User-Agent: Bun/1.3.9
> Host: registry.npmjs.org
> Accept-Encoding: gzip, deflate, br, zstd

> HTTP/1.1 GET https://registry.npmjs.org/@octokit%2frequest-error
> Accept: application/vnd.npm.install-v1+json; q=1.0, application/json; q=0.8, */*
> Connection: keep-alive
> User-Agent: Bun/1.3.9
> Host: registry.npmjs.org
> Accept-Encoding: gzip, deflate, br, zstd

< 200 OK
< Date: Sat, 03 Oct 2026 22:24:52 GMT
< Content-Type: application/vnd.npm.install-v1+json
< Transfer-Encoding: chunked
< Connection: keep-alive
< set-cookie: __cf_bm=YOz1U4UmWBKSNqkTO0jFgkiZ8n2R9eE.lAnvceyLxSE-1791066291.5359263-1.0.1.1-jAirJHYjZ_rpq07csyYhFCdkpHFFYIZvrs1vNk7CxQ5xxAkuULuoDcewLqijN3oKeBsl1IY5SHKf4Kux.12TSc6xTJSzQXi7EpzozDJM2fWn.SVQycgItzvsOpxNtHhE; HttpOnly; SameSite=None; Secure; Path=/; Domain=npmjs.org; Expires=Sat, 03 Oct 2026 22:54:52 GMT
< set-cookie: _cfuvid=DqJI4FcGTmDLCZ__Yl2iKt82QSCGDSHMT5PJ9hhkwa4-1791066291.5359263-1.0.1.1-Uue3M6sHDh7Pv0secda2E1f4RGrqeTeT4.AaOicB8PA; HttpOnly; SameSite=None; Secure; Path=/; Domain=npmjs.org
< CF-Ray: a44f5c021f239b00-TIA
< CF-Cache-Status: HIT
< ETag: W/"903a9980f9df306e07992c1f239c5cd5"
< Access-Control-Allow-Origin: *
< Cache-Control: public, max-age=300
< Last-Modified: Sat, 08 Aug 2026 19:58:00 GMT
< Server: cloudflare
< Vary: accept-encoding, accept
< Content-Encoding: br

[PackageManager] waiting for 105 tasks
   - "@rollup/rollup-android-arm64": "4.64.0" - @rollup/rollup-android-arm64@4.64.0
[PackageManager] waiting for 104 tasks
< 200 OK
< Date: Sat, 03 Oct 2026 22:24:52 GMT
< Content-Type: application/vnd.npm.install-v1+json
< Transfer-Encoding: chunked
< Connection: keep-alive
< set-cookie: __cf_bm=WpuRjFxDKHgd.ZNXgnGJcC2HaapuEJszMfkhTRMw3qI-1791066291.8956327-1.0.1.1-qHR6mZLKxv3kB3yQoJQL1UqKGZYxams.YyjZ7YrTT7p45Vako.P4N4WfeoYtPnk.pzfyxWO5eage2uoOgos2.K_UhweWtx_chM2RcYCNZLhp_WvIEn356FKA60danhrR; HttpOnly; SameSite=None; Secure; Path=/; Domain=npmjs.org; Expires=Sat, 03 Oct 2026 22:54:52 GMT
< set-cookie: _cfuvid=uUV0rZWUk_2ANUL6LBv604OY7aRU0fk.qpW.si3ijx0-1791066291.8956327-1.0.1.1-MXFFLpo.k0Kh2wwl_XoT1jwDE1zJb3qkcsx2wbfqGY4; HttpOnly; SameSite=None; Secure; Path=/; Domain=npmjs.org
< CF-Ray: a44f5c045ddca5b3-TIA
< CF-Cache-Status: HIT
< ETag: W/"9a7284c6768da71acbe9556f0ff7cbbb"
< Access-Control-Allow-Origin: *
< Cache-Control: public, max-age=300
< Last-Modified: Fri, 02 Oct 2026 15:41:21 GMT
< Server: cloudflare
< Vary: accept-encoding, accept
< Content-Encoding: br

    [846.35ms]
Downloaded @esbuild/freebsd-x64 versions
   - "@rollup/rollup-freebsd-arm64": "4.64.0" - @rollup/rollup-freebsd-arm64@4.64.0
[PackageManager] waiting for 103 tasks
    [488.51ms]
Downloaded @rollup/rollup-win32-x64-gnu versions
[PackageManager] waiting for 103 tasks
< 200 OK
< Date: Sat, 03 Oct 2026 22:24:52 GMT
< Content-Type: application/vnd.npm.install-v1+json
< Transfer-Encoding: chunked
< Connection: keep-alive
< set-cookie: __cf_bm=vQaGdG7bw0wZz.lmw7TuJQft0WnPaTYy.JV2XWyZ8KY-1791066291.8960962-1.0.1.1-a7hHO.YyFWV7aGCpVswVgM.sze4zy0a.4fEJeWjKNq9QzvLJyRKY1AhWAcL9QzuzQfAbum9BBkZNUOT5LCdnvp4ADKIfbvKDwX2602yHA3Jsx_uuzTrzFch16AP1p1r7; HttpOnly; SameSite=None; Secure; Path=/; Domain=npmjs.org; Expires=Sat, 03 Oct 2026 22:54:52 GMT
< set-cookie: _cfuvid=eRCyEWoHViMicf5YVwfwsQvdT5neT0BOUKnF.2qSi.M-1791066291.8960962-1.0.1.1-mpwYSXfQkcya_okPr2OWroiFOEb47kCpWmEZcn9Nrdw; HttpOnly; SameSite=None; Secure; Path=/; Domain=npmjs.org
< CF-Ray: a44f5c045aa3793f-TIA
< CF-Cache-Status: HIT
< ETag: W/"26e9aed231095f2486e387f251b921c6"
< Access-Control-Allow-Origin: *
< Cache-Control: public, max-age=300
< Last-Modified: Fri, 02 Oct 2026 15:44:47 GMT
< Server: cloudflare
< Vary: accept-encoding, accept
< Content-Encoding: br

[PackageManager] waiting for 103 tasks
    [489.13ms]
Downloaded @rollup/rollup-linux-x64-gnu versions
< 200 OK
< Date: Sat, 03 Oct 2026 22:24:52 GMT
< Content-Type: application/vnd.npm.install-v1+json
< Transfer-Encoding: chunked
< Connection: keep-alive
< set-cookie: __cf_bm=GlURibsTDkpXjZ4Tnp4sU0NKv22fcvAyBOMvIoodgeU-1791066291.5461786-1.0.1.1-Y9aIvcLl77yTTVl53azeRJ0AYnN9Xci7262lmULDZ8NsJoCV_s3.4HTMU17PCuKrJO4IkZq6kYIUA8VADMOBorF3yWgFJEAToxnW.1oLB33cV9sRemuCQyUBDpdAh48k; HttpOnly; SameSite=None; Secure; Path=/; Domain=npmjs.org; Expires=Sat, 03 Oct 2026 22:54:52 GMT
< set-cookie: _cfuvid=kDMk2Nt.dvJRiaHpUWGuWDWOBQgcfs634bxXqKk1yCI-1791066291.5461786-1.0.1.1-3HBvv9iZOkSZpQKo1s4aSV0DAmgpt11id5ATcWHKA8Q; HttpOnly; SameSite=None; Secure; Path=/; Domain=npmjs.org
< CF-Ray: a44f5c02291d7c08-TIA
< CF-Cache-Status: HIT
< ETag: W/"c5b419783a96cf406f5dfd43ce6cb50f"
< Access-Control-Allow-Origin: *
< Cache-Control: public, max-age=300
< Last-Modified: Sat, 08 Aug 2026 19:59:33 GMT
< Server: cloudflare
< Vary: accept-encoding, accept
< Content-Encoding: br

   - "@rollup/rollup-darwin-arm64": "4.64.0" - @rollup/rollup-darwin-arm64@4.64.0
   - "@rollup/rollup-linux-x64-musl": "4.64.0" - @rollup/rollup-linux-x64-musl@4.64.0
   - "@rollup/rollup-win32-x64-gnu": "4.64.0" - @rollup/rollup-win32-x64-gnu@4.64.0
[PackageManager] waiting for 100 tasks
[PackageManager] waiting for 100 tasks
    [842.43ms]
Downloaded @esbuild/win32-arm64 versions
   - "@esbuild/freebsd-x64": "0.27.7" - @esbuild/freebsd-x64@0.27.7
< 200 OK
< Date: Sat, 03 Oct 2026 22:24:52 GMT
< Content-Type: application/vnd.npm.install-v1+json
< Transfer-Encoding: chunked
< Connection: keep-alive
< set-cookie: __cf_bm=P6ffCTQ7AXpdZ2H.FsWAJw2uTBZNMs4OhH.AN7A_B8c-1791066292.1369905-1.0.1.1-uwBpd.CMbeDedyfH4uI47e_A4q2merC06vm.Jk.9VnN3YFzFcp_TG5iDWVvwr1lrRPqDbgPRX5N0tKdTrOhAKsp1ak80h0wX9bu8NUMXPKF.MLrdUymVOZvmnAWkFp7Y; HttpOnly; SameSite=None; Secure; Path=/; Domain=npmjs.org; Expires=Sat, 03 Oct 2026 22:54:52 GMT
< set-cookie: _cfuvid=YDZe.n0xVP5xcl3d4jhQ.LuNzXGiGqGdHRpjJR1pDBc-1791066292.1369905-1.0.1.1-wpKQ1s190LGBayOjPydH8oOFcNN8lIrwFbSLPn2l2VY; HttpOnly; SameSite=None; Secure; Path=/; Domain=npmjs.org
< CF-Ray: a44f5c05db479b00-TIA
< CF-Cache-Status: HIT
< ETag: W/"5eec442f56485f5925cc3d4e8d0aa780"
< Access-Control-Allow-Origin: *
< Cache-Control: public, max-age=300
< Last-Modified: Wed, 18 Sep 2024 05:25:41 GMT
< Server: cloudflare
< Vary: accept-encoding, accept
< Content-Encoding: br

[PackageManager] waiting for 99 tasks
[PackageManager] waiting for 99 tasks
    [251.48ms]
Downloaded micromatch versions
< 200 OK
< Date: Sat, 03 Oct 2026 22:24:52 GMT
< Content-Type: application/vnd.npm.install-v1+json
< Transfer-Encoding: chunked
< Connection: keep-alive
< set-cookie: __cf_bm=vynUdYTDAVeAvSGEUOA5js_lVeOxuVj_uHq7VLBOLOw-1791066291.5515482-1.0.1.1-PLJmKH2Yj1UF70GooOda0YaF19KmPTKM.Ce1LeadIGQWYdeHLgggAa4w_5z6eu_Xy75tOwj4p2uhYuewpZUcKd6uBwgtdB74ChrNVfBm3Aksr1r.0xn9.fFOzdNHIbRg; HttpOnly; SameSite=None; Secure; Path=/; Domain=npmjs.org; Expires=Sat, 03 Oct 2026 22:54:52 GMT
< set-cookie: _cfuvid=fqdTpKbTT.kMgUzz0AIfqff6wFvQTkFeE3v7Yi2EYiI-1791066291.5515482-1.0.1.1-9z2ETxProwaLU8DMSsBzmb0T2lhG6x49au0cUXfnLbo; HttpOnly; SameSite=None; Secure; Path=/; Domain=npmjs.org
< CF-Ray: a44f5c023bb0bd99-TIA
< CF-Cache-Status: HIT
< ETag: W/"3d0fc696d1f29d8586a7421ac5bf2955"
< Access-Control-Allow-Origin: *
< Cache-Control: public, max-age=300
< Last-Modified: Sat, 08 Aug 2026 19:58:54 GMT
< Server: cloudflare
< Vary: accept-encoding, accept
< Content-Encoding: br

< 200 OK
< Date: Sat, 03 Oct 2026 22:24:52 GMT
< Content-Type: application/vnd.npm.install-v1+json
< Transfer-Encoding: chunked
< Connection: keep-alive
< set-cookie: __cf_bm=BjhMj5P6EcJDxgLB54l0bUeDXnkuNXMpb0DvUi4TpgM-1791066291.9179296-1.0.1.1-pQGtoBG.WTrPo.jf93l14ld7Y6oGEFNove6oL_qs068COvlNTC0UJ9dpHgFU9mZIpUOWubRqsbny1Zw3u1m4Yzy78a9E1ihUZztOeIZr.7i39sYuGOPQ7UyacgAQazBy; HttpOnly; SameSite=None; Secure; Path=/; Domain=npmjs.org; Expires=Sat, 03 Oct 2026 22:54:52 GMT
< set-cookie: _cfuvid=fHEv49kXgL_eTIvlCicbowp.nlFcWifTJhoLToAELHQ-1791066291.9179296-1.0.1.1-PYzCeE1R_B39oe3cGTQAf13B.yOmt3tX_5ERS5_Ibgc; HttpOnly; SameSite=None; Secure; Path=/; Domain=npmjs.org
< CF-Ray: a44f5c0479e09b00-TIA
< CF-Cache-Status: HIT
< ETag: W/"85a46494ead81028ea35266aa4dff71b"
< Access-Control-Allow-Origin: *
< Cache-Control: public, max-age=300
< Last-Modified: Fri, 02 Oct 2026 15:40:15 GMT
< Server: cloudflare
< Vary: accept-encoding, accept
< Content-Encoding: br

[PackageManager] waiting for 99 tasks
    [831.91ms]
Downloaded @esbuild/netbsd-arm64 versions
[PackageManager] waiting for 99 tasks
    [467.16ms]
Downloaded @rollup/rollup-linux-arm64-gnu versions
   - "@esbuild/netbsd-arm64": "0.27.7" - @esbuild/netbsd-arm64@0.27.7
< 200 OK
< Date: Sat, 03 Oct 2026 22:24:52 GMT
< Content-Type: application/vnd.npm.install-v1+json
< Transfer-Encoding: chunked
< Connection: keep-alive
< set-cookie: __cf_bm=3bbzz2i5m9afmNPtUvLE93XmxGkZ1pUWUw7UuXBfmQE-1791066291.9123654-1.0.1.1-XyYVbhvsfFYY2bR9KGs0SI0T0Q5EJRfBIQuyr7C9yVBAQ08LLW3swyZc9.ELKFHqmEtAhE9UeHEEU_.1WNbZ30ggxSJ7FUGsBonsE.ibV8QVxO0cs__4SeVgmG7az6tE; HttpOnly; SameSite=None; Secure; Path=/; Domain=npmjs.org; Expires=Sat, 03 Oct 2026 22:54:52 GMT
< set-cookie: _cfuvid=ARjLleHr0SmHdCHkciIQzH0fYf8xqUOLgIoKK_vNyEM-1791066291.9123654-1.0.1.1-uISqekokqGCYdG4LydkdG4uAXQxTn0ARKckU1ejN3qQ; HttpOnly; SameSite=None; Secure; Path=/; Domain=npmjs.org
< CF-Ray: a44f5c047b1c7c08-TIA
< CF-Cache-Status: HIT
< ETag: W/"2a2ca711cec10e225c58be925fb493a3"
< Access-Control-Allow-Origin: *
< Cache-Control: public, max-age=300
< Last-Modified: Fri, 02 Oct 2026 15:41:26 GMT
< Server: cloudflare
< Vary: accept-encoding, accept
< Content-Encoding: br

[PackageManager] waiting for 98 tasks
[PackageManager] waiting for 98 tasks
    [474.64ms]
Downloaded @rollup/rollup-win32-x64-msvc versions
   - "@esbuild/win32-arm64": "0.27.7" - @esbuild/win32-arm64@0.27.7
[PackageManager] waiting for 97 tasks
> HTTP/1.1 GET https://registry.npmjs.org/which
> Accept: application/vnd.npm.install-v1+json; q=1.0, application/json; q=0.8, */*
> Connection: keep-alive
> User-Agent: Bun/1.3.9
> Host: registry.npmjs.org
> Accept-Encoding: gzip, deflate, br, zstd

> HTTP/1.1 GET https://registry.npmjs.org/path-key
> Accept: application/vnd.npm.install-v1+json; q=1.0, application/json; q=0.8, */*
> Connection: keep-alive
> User-Agent: Bun/1.3.9
> Host: registry.npmjs.org
> Accept-Encoding: gzip, deflate, br, zstd

[PackageManager] waiting for 97 tasks
> HTTP/1.1 GET https://registry.npmjs.org/shebang-command
> Accept: application/vnd.npm.install-v1+json; q=1.0, application/json; q=0.8, */*
> Connection: keep-alive
> User-Agent: Bun/1.3.9
> Host: registry.npmjs.org
> Accept-Encoding: gzip, deflate, br, zstd

> HTTP/1.1 GET https://registry.npmjs.org/@octokit%2fopenapi-types
> Accept: application/vnd.npm.install-v1+json; q=1.0, application/json; q=0.8, */*
> Connection: keep-alive
> User-Agent: Bun/1.3.9
> Host: registry.npmjs.org
> Accept-Encoding: gzip, deflate, br, zstd

   - "@rollup/rollup-linux-x64-gnu": "4.64.0" - @rollup/rollup-linux-x64-gnu@4.64.0
> HTTP/1.1 GET https://registry.npmjs.org/@tscircuit%2fschematic-trace-solver
> Accept: application/vnd.npm.install-v1+json; q=1.0, application/json; q=0.8, */*
> Connection: keep-alive
> User-Agent: Bun/1.3.9
> Host: registry.npmjs.org
> Accept-Encoding: gzip, deflate, br, zstd

[PackageManager] waiting for 96 tasks
> HTTP/1.1 GET https://registry.npmjs.org/pump
> Accept: application/vnd.npm.install-v1+json; q=1.0, application/json; q=0.8, */*
> Connection: keep-alive
> User-Agent: Bun/1.3.9
> Host: registry.npmjs.org
> Accept-Encoding: gzip, deflate, br, zstd

> HTTP/1.1 GET https://registry.npmjs.org/tar-stream
> Accept: application/vnd.npm.install-v1+json; q=1.0, application/json; q=0.8, */*
> Connection: keep-alive
> User-Agent: Bun/1.3.9
> Host: registry.npmjs.org
> Accept-Encoding: gzip, deflate, br, zstd

> HTTP/1.1 GET https://registry.npmjs.org/bare-fs
> Accept: application/vnd.npm.install-v1+json; q=1.0, application/json; q=0.8, */*
> Connection: keep-alive
> User-Agent: Bun/1.3.9
> Host: registry.npmjs.org
> Accept-Encoding: gzip, deflate, br, zstd

< 200 OK
< Date: Sat, 03 Oct 2026 22:24:52 GMT
< Content-Type: application/vnd.npm.install-v1+json
< Transfer-Encoding: chunked
< Connection: keep-alive
< set-cookie: __cf_bm=Q0PatwzvCnYpqPd19Cy7Xc7SKLF09mg3EVNT0lTICKY-1791066291.9237883-1.0.1.1-49Ml1rNYzNaJ9ZhBGQRoRMRuWJyR2UG6V5bcBzUe593BK7V7MH18TkJYJxhU55NlUhdMpQ6Mm417Vjye3wpRyoJd.IMo_v.KC7QNBCxP2SNu7G_NXIXNpkaA1.a5po1f; HttpOnly; SameSite=None; Secure; Path=/; Domain=npmjs.org; Expires=Sat, 03 Oct 2026 22:54:52 GMT
< set-cookie: _cfuvid=sBD7LqqtULNu2nxI0cm_odFfGiId6GKiwl.bebZcAwY-1791066291.9237883-1.0.1.1-WMLe.ErxxLToACOZdhXfb0sfZN7Dp5Ox67o9.tOKki8; HttpOnly; SameSite=None; Secure; Path=/; Domain=npmjs.org
< CF-Ray: a44f5c048abd793f-TIA
< CF-Cache-Status: HIT
< ETag: W/"cb8a3038d5803553b0127c89d7559612"
< Access-Control-Allow-Origin: *
< Cache-Control: public, max-age=300
< Last-Modified: Fri, 02 Oct 2026 15:42:45 GMT
< Server: cloudflare
< Vary: accept-encoding, accept
< Content-Encoding: br

   - "micromatch": "^3.1.4" - micromatch@3.1.10
Enqueue package manifest for download: extglob
Enqueue package manifest for download: arr-diff
Enqueue package manifest for download: nanomatch
Enqueue package manifest for download: object.pick
Enqueue package manifest for download: fragment-cache
< 200 OK
< Date: Sat, 03 Oct 2026 22:24:52 GMT
< Content-Type: application/vnd.npm.install-v1+json
< Transfer-Encoding: chunked
< Connection: keep-alive
< set-cookie: __cf_bm=x1JazgzXfcDG2eOjsQPAUJdexCNtqX9uw0YJvYV8CHQ-1791066291.9235291-1.0.1.1-uNRS3YNHnt.Y75yxVqiUTw9E3RdwvriLmhtC6RkZOGTjvnar5s1PpxK5TQhSDCZmjlOJdehTfluPIF2psuUFMskMrTQSAGNPz2C4CO5u_YLUDEgevYR1RxKE4pzCbfUF; HttpOnly; SameSite=None; Secure; Path=/; Domain=npmjs.org; Expires=Sat, 03 Oct 2026 22:54:52 GMT
< set-cookie: _cfuvid=VmTS4oTv22dAiIxtSo6bi2RBvzI.wbX12ruj6Ckb43Q-1791066291.9235291-1.0.1.1-veL8O8Nni2nRFopMbSgSE0jGqJccvE.KhNd3DSX4Qbo; HttpOnly; SameSite=None; Secure; Path=/; Domain=npmjs.org
< CF-Ray: a44f5c048d8551a4-TIA
< CF-Cache-Status: HIT
< ETag: W/"cee4e597a9f214398d7be2835450966e"
< Access-Control-Allow-Origin: *
< Cache-Control: public, max-age=300
< Last-Modified: Fri, 02 Oct 2026 15:41:12 GMT
< Server: cloudflare
< Vary: accept-encoding, accept
< Content-Encoding: br

[PackageManager] waiting for 100 tasks
    [463.42ms]
Downloaded @rollup/rollup-linux-ppc64-gnu versions
   - "@rollup/rollup-linux-arm64-gnu": "4.64.0" - @rollup/rollup-linux-arm64-gnu@4.64.0
[PackageManager] waiting for 99 tasks
   - "@rollup/rollup-linux-ppc64-gnu": "4.64.0" - @rollup/rollup-linux-ppc64-gnu@4.64.0
[PackageManager] waiting for 98 tasks
< 200 OK
< Date: Sat, 03 Oct 2026 22:24:52 GMT
< Content-Type: application/vnd.npm.install-v1+json
< Transfer-Encoding: chunked
< Connection: keep-alive
< set-cookie: __cf_bm=UszrbTQvQawzMNIWt4s_.pbBbEFp0vZE10k4BK_MmCU-1791066291.9236991-1.0.1.1-Dp2n6iQ_w.fN4exl7_C2C2NW6Yv51QVab44gPY_RF_oyB32sq5J1WdVPDKARECMwFj.fYKQqD0YnAFo_MNar.ANpqvs2RR3UPHCaCraFTnwpOSzds1w4s_ct4EV8ag.o; HttpOnly; SameSite=None; Secure; Path=/; Domain=npmjs.org; Expires=Sat, 03 Oct 2026 22:54:52 GMT
< set-cookie: _cfuvid=3yd9Qe0QpvkGvOm6T5VnZGcpgk9x7RJ5AgmuHt_ssvc-1791066291.9236991-1.0.1.1-gXAexzXvrLkM.7bdvaludyzkcaEBSjp0Gfd8H2gauvA; HttpOnly; SameSite=None; Secure; Path=/; Domain=npmjs.org
< CF-Ray: a44f5c048b2d7c08-TIA
< CF-Cache-Status: HIT
< ETag: W/"e47c6ad6f6ced701dcd8d0e252dca48c"
< Access-Control-Allow-Origin: *
< Cache-Control: public, max-age=300
< Last-Modified: Fri, 02 Oct 2026 15:41:49 GMT
< Server: cloudflare
< Vary: accept-encoding, accept
< Content-Encoding: br

    [463.71ms]
Downloaded @rollup/rollup-linux-s390x-gnu versions
< 200 OK
< Date: Sat, 03 Oct 2026 22:24:52 GMT
< Content-Type: application/vnd.npm.install-v1+json
< Transfer-Encoding: chunked
< Connection: keep-alive
< set-cookie: __cf_bm=elJcIdrLcOpNr.4wsS4.HW2GFqNMQYiy_MrZWlBI788-1791066291.9781451-1.0.1.1-m3QZhWCGRZ0JzI0cyfmxLH7C.BzIMnZahP4GxbKRMJ6miJv0.YwX2zAqFwDeT1K.bztK_5NLuWqZDKIgc5087zg_V4al9Vly1xRo5v1w1ZUJHJvVCxDKXQR.sYJe05XF; HttpOnly; SameSite=None; Secure; Path=/; Domain=npmjs.org; Expires=Sat, 03 Oct 2026 22:54:52 GMT
< set-cookie: _cfuvid=IwhTMjd7edptgoqyi0stYpJYdRzTeehh30YDmmJFQbo-1791066291.9781451-1.0.1.1-jWIe4oVbaLi1l2apFINzLaCY7dOnnuQXYkOl5UA_yZw; HttpOnly; SameSite=None; Secure; Path=/; Domain=npmjs.org
< CF-Ray: a44f5c04de47bd99-TIA
< CF-Cache-Status: HIT
< ETag: W/"9025ed608895a78cd1ef052859891494"
< Access-Control-Allow-Origin: *
< Cache-Control: public, max-age=300
< Last-Modified: Mon, 13 Jun 2022 01:10:28 GMT
< Server: cloudflare
< Vary: accept-encoding, accept
< Content-Encoding: br

[PackageManager] waiting for 98 tasks
    [461.84ms]
Downloaded @rollup/rollup-win32-ia32-msvc versions
   - "@rollup/rollup-win32-x64-msvc": "4.64.0" - @rollup/rollup-win32-x64-msvc@4.64.0
[PackageManager] waiting for 97 tasks
[PackageManager] waiting for 97 tasks
    [411.60ms]
Downloaded @types/history versions
< 200 OK
< Date: Sat, 03 Oct 2026 22:24:52 GMT
< Content-Type: application/vnd.npm.install-v1+json
< Transfer-Encoding: chunked
< Connection: keep-alive
< set-cookie: __cf_bm=z5EMllOVY2B9M5ooZ5aPLjkKumCxXmuCqIxpixacyA4-1791066291.9347887-1.0.1.1-EB9ESMOOamEpCtIIFpmrVS_LDgGjlduwRfgVCtKHZZJrqiS2qX793wvedRTpYdA6Ft2KU2wcyFLlSWqHMlsWYuG9wPiykbaGAjneGc0YiGpzxmikoAP2SyvANCZ55Dgd; HttpOnly; SameSite=None; Secure; Path=/; Domain=npmjs.org; Expires=Sat, 03 Oct 2026 22:54:52 GMT
< set-cookie: _cfuvid=IF2KhHFiHyynf1jD1FsYkqHJXq6ooLyqEk7RuRSIJ1E-1791066291.9347887-1.0.1.1-ZIZcTbR2itWwIvUFA.OEluE9unxc4bb_0xcHbMY_V8M; HttpOnly; SameSite=None; Secure; Path=/; Domain=npmjs.org
< CF-Ray: a44f5c049e0dbd99-TIA
< CF-Cache-Status: HIT
< ETag: W/"f2e43e0de5074aa727a24b73c6ca793b"
< Access-Control-Allow-Origin: *
< Cache-Control: public, max-age=300
< Last-Modified: Fri, 02 Oct 2026 15:41:29 GMT
< Server: cloudflare
< Vary: accept-encoding, accept
< Content-Encoding: br

[PackageManager] waiting for 97 tasks
   - "@types/history": "^4.7.11" - @types/history@4.7.11
[PackageManager] waiting for 96 tasks
< 200 OK
< Date: Sat, 03 Oct 2026 22:24:52 GMT
< Content-Type: application/vnd.npm.install-v1+json
< Transfer-Encoding: chunked
< Connection: keep-alive
< set-cookie: __cf_bm=YNc122iKi_fVzRWCg7bmWf6awaPaV7Qfqave82yyVmQ-1791066291.97878-1.0.1.1-UkyVQ5J0vZ4BapA35SQvmrkVLEMzYmEKOejO4U7lHoowjfmSKu1eOiC7zdha0JG05kBtOIuOjK0QjOyYw1CkbvCXqa2CWKP88SfFyji7FiY_meoX2GKNN3r1IkUy6GG4; HttpOnly; SameSite=None; Secure; Path=/; Domain=npmjs.org; Expires=Sat, 03 Oct 2026 22:54:52 GMT
< set-cookie: _cfuvid=qHNyLoaQafmXKNhtM3nOYaoD4yrUOpV6bseHnyxAV18-1791066291.97878-1.0.1.1-wCjiDkvJ2ctp9h.ODooqAajuDjvxcT40nD6KPu88Wj0; HttpOnly; SameSite=None; Secure; Path=/; Domain=npmjs.org
< CF-Ray: a44f5c04da619b00-TIA
< CF-Cache-Status: HIT
< ETag: W/"8371dc4701563659dc4c6b3c5cb6f471"
< Access-Control-Allow-Origin: *
< Cache-Control: public, max-age=300
< Last-Modified: Mon, 06 Mar 2023 08:43:24 GMT
< Server: cloudflare
< Vary: accept-encoding, accept
< Content-Encoding: br

    [453.87ms]
Downloaded @rollup/rollup-linux-arm64-musl versions
[PackageManager] waiting for 96 tasks
   - "@rollup/rollup-linux-s390x-gnu": "4.64.0" - @rollup/rollup-linux-s390x-gnu@4.64.0
[PackageManager] waiting for 95 tasks
    [412.06ms]
Downloaded @types/react-router versions
> HTTP/1.1 GET https://registry.npmjs.org/bare-path
> Accept: application/vnd.npm.install-v1+json; q=1.0, application/json; q=0.8, */*
> Connection: keep-alive
> User-Agent: Bun/1.3.9
> Host: registry.npmjs.org
> Accept-Encoding: gzip, deflate, br, zstd

> HTTP/1.1 GET https://registry.npmjs.org/color-string
> Accept: application/vnd.npm.install-v1+json; q=1.0, application/json; q=0.8, */*
> Connection: keep-alive
> User-Agent: Bun/1.3.9
> Host: registry.npmjs.org
> Accept-Encoding: gzip, deflate, br, zstd

> HTTP/1.1 GET https://registry.npmjs.org/decompress-response
> Accept: application/vnd.npm.install-v1+json; q=1.0, application/json; q=0.8, */*
> Connection: keep-alive
> User-Agent: Bun/1.3.9
> Host: registry.npmjs.org
> Accept-Encoding: gzip, deflate, br, zstd

> HTTP/1.1 GET https://registry.npmjs.org/once
> Accept: application/vnd.npm.install-v1+json; q=1.0, application/json; q=0.8, */*
> Connection: keep-alive
> User-Agent: Bun/1.3.9
> Host: registry.npmjs.org
> Accept-Encoding: gzip, deflate, br, zstd

> HTTP/1.1 GET https://registry.npmjs.org/simple-concat
> Accept: application/vnd.npm.install-v1+json; q=1.0, application/json; q=0.8, */*
> Connection: keep-alive
> User-Agent: Bun/1.3.9
> Host: registry.npmjs.org
> Accept-Encoding: gzip, deflate, br, zstd

> HTTP/1.1 GET https://registry.npmjs.org/rc
> Accept: application/vnd.npm.install-v1+json; q=1.0, application/json; q=0.8, */*
> Connection: keep-alive
> User-Agent: Bun/1.3.9
> Host: registry.npmjs.org
> Accept-Encoding: gzip, deflate, br, zstd

< 200 OK
< Date: Sat, 03 Oct 2026 22:24:52 GMT
< Content-Type: application/vnd.npm.install-v1+json
< Transfer-Encoding: chunked
< Connection: keep-alive
< set-cookie: __cf_bm=MjOp.akFlRnkv5RWphhjKKqj78VtnoaAImI2L5dwtMQ-1791066291.934706-1.0.1.1-Ola7XCBxbT9p_FlcYvefmmK8PcoGAqa6U8X7dAmhWYY_ItwPQ10Z.LZ2PcproygrVnSPp2WuPk6OJqSwhrX2KXR7P0.zdiNNvcjVUn._xihRtNypwZ99oYIB5RGDP9z3; HttpOnly; SameSite=None; Secure; Path=/; Domain=npmjs.org; Expires=Sat, 03 Oct 2026 22:54:52 GMT
< set-cookie: _cfuvid=l7uemFn1WI9zIsAR69G_E3puTzp4Ax904zdgHHPQD1o-1791066291.934706-1.0.1.1-_wC.ViNSid7kC5.E_cRTeeChVjqnbwPjgO.ByLVvV7I; HttpOnly; SameSite=None; Secure; Path=/; Domain=npmjs.org
< CF-Ray: a44f5c049cf95f50-TIA
< CF-Cache-Status: HIT
< ETag: W/"d8845fc5aa47b0b26588567aace9e385"
< Access-Control-Allow-Origin: *
< Cache-Control: public, max-age=300
< Last-Modified: Fri, 02 Oct 2026 15:41:03 GMT
< Server: cloudflare
< Vary: accept-encoding, accept
< Content-Encoding: br

< 200 OK
< Date: Sat, 03 Oct 2026 22:24:52 GMT
< Content-Type: application/vnd.npm.install-v1+json
< Transfer-Encoding: chunked
< Connection: keep-alive
< set-cookie: __cf_bm=m9kBRgO4rXI7b_uuJJg98CtIc6YXi3IDjcFjoSEvpNw-1791066292.170559-1.0.1.1-mJWteaKFqdb_qLeaEzZ7yaCPcmN6wpSlJNwSslp126SCuIasOlB7QHJoXrzJdYd_ENe8K6HM6rFt_CxnVZlgtkJPMrbj3Ln103XzkbRYyPb.6u9DKC7NnZD1rF3iAXpw; HttpOnly; SameSite=None; Secure; Path=/; Domain=npmjs.org; Expires=Sat, 03 Oct 2026 22:54:52 GMT
< set-cookie: _cfuvid=EgamvxYS8PJi.vmKu97u1VyY0INUFOs7241IxNZLwhc-1791066292.170559-1.0.1.1-J.6ARcgsC9gh.0sQMuTAbo54aLDZtIcIsUwTysxvVAE; HttpOnly; SameSite=None; Secure; Path=/; Domain=npmjs.org
< CF-Ray: a44f5c061c827c08-TIA
< CF-Cache-Status: HIT
< ETag: W/"e745672f2d9d552a9954ef0ec8963235"
< Access-Control-Allow-Origin: *
< Cache-Control: public, max-age=300
< Last-Modified: Fri, 09 Jun 2023 21:32:48 GMT
< Server: cloudflare
< Vary: accept-encoding, accept
< Content-Encoding: br

< 200 OK
< Date: Sat, 03 Oct 2026 22:24:52 GMT
< Content-Type: application/vnd.npm.install-v1+json
< Transfer-Encoding: chunked
< Connection: keep-alive
< set-cookie: __cf_bm=O2ySPii4Dsr2AjxGtMOfWYD3MFy2qUg0ZHo1W.8RkY4-1791066291.9347048-1.0.1.1-swDhyTCHAXJi2py.NGW5zV_z5IFQzHxFoam_D01arqDH4rRTcb1W92l1I_tFQxhGFqbSbrMQ1HOKToPipyE_vzkdrqG.y9Pqui.M5FIb5SE3znLS1ZblFGjzmUb0T7wY; HttpOnly; SameSite=None; Secure; Path=/; Domain=npmjs.org; Expires=Sat, 03 Oct 2026 22:54:52 GMT
< set-cookie: _cfuvid=QSCSjI9TWbSvqWO1_H3BIQksRUnTdIvLYhfQO2yvkww-1791066291.9347048-1.0.1.1-13.kWuOOZEdRbsd0x6MmFRmtTL031s8JpjZ76yk9rYI; HttpOnly; SameSite=None; Secure; Path=/; Domain=npmjs.org
< CF-Ray: a44f5c049cfa5f50-TIA
< CF-Cache-Status: HIT
< ETag: W/"c12c1427a78b20d2b8ec794ad3ef6ae1"
< Access-Control-Allow-Origin: *
< Cache-Control: public, max-age=300
< Last-Modified: Fri, 02 Oct 2026 15:41:07 GMT
< Server: cloudflare
< Vary: accept-encoding, accept
< Content-Encoding: br

[PackageManager] waiting for 95 tasks
    [216.36ms]
Downloaded graceful-fs versions
> HTTP/1.1 GET https://registry.npmjs.org/minimist
> Accept: application/vnd.npm.install-v1+json; q=1.0, application/json; q=0.8, */*
> Connection: keep-alive
> User-Agent: Bun/1.3.9
> Host: registry.npmjs.org
> Accept-Encoding: gzip, deflate, br, zstd

[PackageManager] waiting for 95 tasks
    [454.41ms]
Downloaded @rollup/rollup-linux-ppc64-musl versions
> HTTP/1.1 GET https://registry.npmjs.org/node-abi
> Accept: application/vnd.npm.install-v1+json; q=1.0, application/json; q=0.8, */*
> Connection: keep-alive
> User-Agent: Bun/1.3.9
> Host: registry.npmjs.org
> Accept-Encoding: gzip, deflate, br, zstd

[PackageManager] waiting for 95 tasks
   - "@rollup/rollup-linux-ppc64-musl": "4.64.0" - @rollup/rollup-linux-ppc64-musl@4.64.0
[PackageManager] waiting for 94 tasks
   - "@rollup/rollup-win32-ia32-msvc": "4.64.0" - @rollup/rollup-win32-ia32-msvc@4.64.0
   - "@rollup/rollup-linux-arm64-musl": "4.64.0" - @rollup/rollup-linux-arm64-musl@4.64.0
[PackageManager] waiting for 92 tasks
[PackageManager] waiting for 92 tasks
   - "graceful-fs": "^4.1.11" - graceful-fs@4.2.11
[PackageManager] waiting for 91 tasks
   - "@types/react-router": "*" - @types/react-router@5.1.20
[PackageManager] waiting for 90 tasks
    [458.63ms]
Downloaded @rollup/rollup-android-arm-eabi versions
< 200 OK
< Date: Sat, 03 Oct 2026 22:24:52 GMT
< Content-Type: application/vnd.npm.install-v1+json
< Transfer-Encoding: chunked
< Connection: keep-alive
< set-cookie: __cf_bm=jXC.a5yELJzYb9fIT9NH5ZTBbWS1Da7kXRsA84MjiDY-1791066292.1761293-1.0.1.1-7XoLUh5TXERa7TWRwYbDTRw5B5E1mzPiHMWDOvcuJsYik1vftgKvfOMHOBQPsvElSpjgrzfVfAfvtK2BNhhQDi.vi1ntjEri_kkvZ6HvbTYV34Kdtl9eg3xQjDaLUN6v; HttpOnly; SameSite=None; Secure; Path=/; Domain=npmjs.org; Expires=Sat, 03 Oct 2026 22:54:52 GMT
< set-cookie: _cfuvid=NxAZOvhbnsBGPa8VGcf0NOyXqaLYrxAZuxCmC6_LfQc-1791066292.1761293-1.0.1.1-v3klVDh57yPh19W9cgqnoBQm5qdpUN7GuyG.YxSzK5g; HttpOnly; SameSite=None; Secure; Path=/; Domain=npmjs.org
< CF-Ray: a44f5c061e775f50-TIA
< CF-Cache-Status: HIT
< ETag: W/"d445ccdd40618ba0000ee34ac3a567b0"
< Access-Control-Allow-Origin: *
< Cache-Control: public, max-age=300
< Last-Modified: Tue, 28 Jun 2022 07:10:46 GMT
< Server: cloudflare
< Vary: accept-encoding, accept
< Content-Encoding: br

[PackageManager] waiting for 90 tasks
    [212.52ms]
Downloaded util-deprecate versions
> HTTP/1.1 GET https://registry.npmjs.org/mkdirp-classic
> Accept: application/vnd.npm.install-v1+json; q=1.0, application/json; q=0.8, */*
> Connection: keep-alive
> User-Agent: Bun/1.3.9
> Host: registry.npmjs.org
> Accept-Encoding: gzip, deflate, br, zstd

[PackageManager] waiting for 90 tasks
> HTTP/1.1 GET https://registry.npmjs.org/expand-template
> Accept: application/vnd.npm.install-v1+json; q=1.0, application/json; q=0.8, */*
> Connection: keep-alive
> User-Agent: Bun/1.3.9
> Host: registry.npmjs.org
> Accept-Encoding: gzip, deflate, br, zstd

   - "util-deprecate": "~1.0.1" - util-deprecate@1.0.2
< 200 OK
< Date: Sat, 03 Oct 2026 22:24:52 GMT
< Content-Type: application/vnd.npm.install-v1+json
< Transfer-Encoding: chunked
< Connection: keep-alive
< set-cookie: __cf_bm=X1VOgE97Om6SD4Co5MH0f8_Ytu_WQ2LoxylusZ3P1LI-1791066292.1761005-1.0.1.1-pRgdyYDBOt61d6xCEIL1Ke7yuREF9FkkPSeYrrNxhZpRx7o9uG9R93q.._cUQ8H4TWPHylImIdkiXYg329Io4WBrvtfSAwvwq2d8ptQ8kFfdMzIH2itFSEZNmK0vXjIE; HttpOnly; SameSite=None; Secure; Path=/; Domain=npmjs.org; Expires=Sat, 03 Oct 2026 22:54:52 GMT
< set-cookie: _cfuvid=SfhIujpqXgy0KuDa.0rgPRZ_QdyulypL4h7HhytZaQw-1791066292.1761005-1.0.1.1-2gN0MlmHEtfGr9.wQGVdYIjBLvIxKbBerdHtqocTB_4; HttpOnly; SameSite=None; Secure; Path=/; Domain=npmjs.org
< CF-Ray: a44f5c061f98bd99-TIA
< CF-Cache-Status: HIT
< ETag: W/"23a71ebfa667dc5ff8088f619fa1d1b0"
< Access-Control-Allow-Origin: *
< Cache-Control: public, max-age=300
< Last-Modified: Wed, 12 Jul 2023 19:07:22 GMT
< Server: cloudflare
< Vary: accept-encoding, accept
< Content-Encoding: br

[PackageManager] waiting for 89 tasks
    [213.99ms]
Downloaded isarray versions
< 200 OK
< Date: Sat, 03 Oct 2026 22:24:52 GMT
< Content-Type: application/vnd.npm.install-v1+json
< Transfer-Encoding: chunked
< Connection: keep-alive
< set-cookie: __cf_bm=JZYNFvUYmgYcS66w5dXPTewSslhuJsTNRK6LpcVX0aQ-1791066292.1761901-1.0.1.1-lmp9xZ3ZlCvBFmylaF7FGk6WF_iukAK.fXAuS5EidnnSb4S9xrzGWlAuR0FcR6sMGd_10_uQ.VHxHUnrh7_DhxcSsspiAzLo2SO1gPmVWcbZr8ol2xF_TEBaz.Z.VN9r; HttpOnly; SameSite=None; Secure; Path=/; Domain=npmjs.org; Expires=Sat, 03 Oct 2026 22:54:52 GMT
< set-cookie: _cfuvid=.0gAjabnl.tNgqKYRszj2LiRleSw2QuX4bm3ia4Bd5w-1791066292.1761901-1.0.1.1-mcR_AVIlG5d79iV_i84n77PU087IedItZXOvefKUcvc; HttpOnly; SameSite=None; Secure; Path=/; Domain=npmjs.org
< CF-Ray: a44f5c061b8a9b00-TIA
< CF-Cache-Status: HIT
< ETag: W/"5e1bcb2c1cb14b7bdd9656484aaac41a"
< Access-Control-Allow-Origin: *
< Cache-Control: public, max-age=300
< Last-Modified: Tue, 14 Jun 2022 01:14:45 GMT
< Server: cloudflare
< Vary: accept-encoding, accept
< Content-Encoding: br

[PackageManager] waiting for 89 tasks
    [213.29ms]
Downloaded core-util-is versions
< 200 OK
< Date: Sat, 03 Oct 2026 22:24:52 GMT
< Content-Type: application/vnd.npm.install-v1+json
< Transfer-Encoding: chunked
< Connection: keep-alive
< set-cookie: __cf_bm=MG_PnQPSU27pheSGAWgH_BlUPFUse__g14mojJBglXQ-1791066291.9401286-1.0.1.1-RmSNhmvCOZUifJF1WE10QvMkmahOx5gLq4RL7VuOQ5p5MZmcGHlhEddhtJau09YkRYdGpUEdZPC1J7PLtw5lPubcUF02jA25FR4_kzszXqJL9fAuZUccG.GE1z0rto2C; HttpOnly; SameSite=None; Secure; Path=/; Domain=npmjs.org; Expires=Sat, 03 Oct 2026 22:54:52 GMT
< set-cookie: _cfuvid=qHUOg.EEl67DjvWfXKVHjrAvUOH6y0HHzQxV7_I3e6Y-1791066291.9401286-1.0.1.1-l3R5AGSBGfWDusEtDCkQObVUVeihx29RcqJLDuzxbns; HttpOnly; SameSite=None; Secure; Path=/; Domain=npmjs.org
< CF-Ray: a44f5c049acf793f-TIA
< CF-Cache-Status: HIT
< ETag: W/"ac598af9b0a93d530aca09881b0ff204"
< Access-Control-Allow-Origin: *
< Cache-Control: public, max-age=300
< Last-Modified: Fri, 02 Oct 2026 15:40:03 GMT
< Server: cloudflare
< Vary: accept-encoding, accept
< Content-Encoding: br

[PackageManager] waiting for 89 tasks
< 200 OK
< Date: Sat, 03 Oct 2026 22:24:52 GMT
< Content-Type: application/vnd.npm.install-v1+json
< Transfer-Encoding: chunked
< Connection: keep-alive
< set-cookie: __cf_bm=4IhT.G1V.7Gcx_TdcojxKx2vFsi4mt5FYZ0copN3PJM-1791066292.1816695-1.0.1.1-ARkeuPbi3LDQ9Fv6DfQLgj_oiKntY88my3U6vN66EHO9chaH6n7l9ma5iWV7T5ig_YHXqg.SGJJmZJ1GEsiCMT0xlIKLM1VTs4XfLoae3tmwLjMH8Tgr_yx53S_tysk7; HttpOnly; SameSite=None; Secure; Path=/; Domain=npmjs.org; Expires=Sat, 03 Oct 2026 22:54:52 GMT
< set-cookie: _cfuvid=S_9Pmjc0GptxaQzn7SgTfM9Z.l533n8q7JkF8D1Ypu4-1791066292.1816695-1.0.1.1-yYq73EMiG4T.aj9zeFKBeRnq21dViirSjMsLwz3XLPw; HttpOnly; SameSite=None; Secure; Path=/; Domain=npmjs.org
< CF-Ray: a44f5c062f9dbd99-TIA
< CF-Cache-Status: HIT
< ETag: W/"bf8034162ce5d4ef57a89c0ccdd6380b"
< Access-Control-Allow-Origin: *
< Cache-Control: public, max-age=300
< Last-Modified: Fri, 24 Jun 2022 17:01:00 GMT
< Server: cloudflare
< Vary: accept-encoding, accept
< Content-Encoding: br

   - "isarray": "~1.0.0" - isarray@1.0.0
   - "core-util-is": "~1.0.0" - core-util-is@1.0.3
[PackageManager] waiting for 87 tasks
    [207.49ms]
Downloaded process-nextick-args versions
> HTTP/1.1 GET https://registry.npmjs.org/napi-build-utils
> Accept: application/vnd.npm.install-v1+json; q=1.0, application/json; q=0.8, */*
> Connection: keep-alive
> User-Agent: Bun/1.3.9
> Host: registry.npmjs.org
> Accept-Encoding: gzip, deflate, br, zstd

> HTTP/1.1 GET https://registry.npmjs.org/github-from-package
> Accept: application/vnd.npm.install-v1+json; q=1.0, application/json; q=0.8, */*
> Connection: keep-alive
> User-Agent: Bun/1.3.9
> Host: registry.npmjs.org
> Accept-Encoding: gzip, deflate, br, zstd

> HTTP/1.1 GET https://registry.npmjs.org/@jridgewell%2ftrace-mapping
> Accept: application/vnd.npm.install-v1+json; q=1.0, application/json; q=0.8, */*
> Connection: keep-alive
> User-Agent: Bun/1.3.9
> Host: registry.npmjs.org
> Accept-Encoding: gzip, deflate, br, zstd

[PackageManager] waiting for 87 tasks
   - "process-nextick-args": "~2.0.0" - process-nextick-args@2.0.1
[PackageManager] waiting for 86 tasks
< 200 OK
< Date: Sat, 03 Oct 2026 22:24:52 GMT
< Content-Type: application/vnd.npm.install-v1+json
< Transfer-Encoding: chunked
< Connection: keep-alive
< set-cookie: __cf_bm=0mk1BAH6tMa3R3y_c9T4IPGjSK9dbLpbuHYcMaizi54-1791066291.951454-1.0.1.1-J44vEj5Ls7VUs1Ge6OFnf.7vyMpFdJ.SB6iaXK6CZZugB.vepYMDVQ1ZHeMGH.SaHXHUlgbTh5lr3KuSJuzLWWTKOLvN_FiOYziwKe1fHKT0xhIxF0g1FGChK8ytFKpU; HttpOnly; SameSite=None; Secure; Path=/; Domain=npmjs.org; Expires=Sat, 03 Oct 2026 22:54:52 GMT
< set-cookie: _cfuvid=TMNr1u..fkIdrorvVaTEXXqadI0AqaQmIKxiceTtOtg-1791066291.951454-1.0.1.1-.tOe4NKsN7u83PJz1XWh9jk_Vqt3ZRMUxpELl2Ixv6E; HttpOnly; SameSite=None; Secure; Path=/; Domain=npmjs.org
< CF-Ray: a44f5c04bd1c5f50-TIA
< CF-Cache-Status: HIT
< ETag: W/"05da2bfa263db17e2b99d60b4a1e7834"
< Access-Control-Allow-Origin: *
< Cache-Control: public, max-age=300
< Last-Modified: Fri, 02 Oct 2026 15:40:21 GMT
< Server: cloudflare
< Vary: accept-encoding, accept
< Content-Encoding: br

    [448.40ms]
Downloaded @rollup/rollup-win32-arm64-msvc versions
< 200 OK
< Date: Sat, 03 Oct 2026 22:24:52 GMT
< Content-Type: application/vnd.npm.install-v1+json
< Transfer-Encoding: chunked
< Connection: keep-alive
< set-cookie: __cf_bm=g9mzOvpqPUoQ4aqp8PLS2oJKbPdtxOOhnKbuyHrbulU-1791066292.181728-1.0.1.1-o.sAoX2SV3aXr3qUHOLi4mViQ8U.cZ9iKLydJlj8XgosXv7ZRdRpyluo1S6g.kpif_N80YClUqc.Ip952Iy2P5C2e3n0t1Rer4pRwUYrGhXSK5Bh0kusokVsBEGrsfbf; HttpOnly; SameSite=None; Secure; Path=/; Domain=npmjs.org; Expires=Sat, 03 Oct 2026 22:54:52 GMT
< set-cookie: _cfuvid=aJqB0PYZUEiBYmYkPwgz.E9LzU_JSEMOx2MY.c9vZjM-1791066292.181728-1.0.1.1-65GNc0VH.wm7D43YzBCwfxCxXX7hmhsUIF8lQ._EVbU; HttpOnly; SameSite=None; Secure; Path=/; Domain=npmjs.org
< CF-Ray: a44f5c062d87f474-TIA
< CF-Cache-Status: HIT
< ETag: W/"406850dd2259f5de3e1c4391d7fbf741"
< Access-Control-Allow-Origin: *
< Cache-Control: public, max-age=300
< Last-Modified: Tue, 28 Jun 2022 05:05:42 GMT
< Server: cloudflare
< Vary: accept-encoding, accept
< Content-Encoding: br

[PackageManager] waiting for 86 tasks
   - "@rollup/rollup-android-arm-eabi": "4.64.0" - @rollup/rollup-android-arm-eabi@4.64.0
[PackageManager] waiting for 85 tasks
    [207.83ms]
Downloaded unix-crypt-td-js versions
> HTTP/1.1 GET https://registry.npmjs.org/entities
> Accept: application/vnd.npm.install-v1+json; q=1.0, application/json; q=0.8, */*
> Connection: keep-alive
> User-Agent: Bun/1.3.9
> Host: registry.npmjs.org
> Accept-Encoding: gzip, deflate, br, zstd

> HTTP/1.1 GET https://registry.npmjs.org/eventemitter3
> Accept: application/vnd.npm.install-v1+json; q=1.0, application/json; q=0.8, */*
> Connection: keep-alive
> User-Agent: Bun/1.3.9
> Host: registry.npmjs.org
> Accept-Encoding: gzip, deflate, br, zstd

[PackageManager] waiting for 85 tasks
   - "unix-crypt-td-js": "^1.1.4" - unix-crypt-td-js@1.1.4
[PackageManager] waiting for 84 tasks
   - "@rollup/rollup-win32-arm64-msvc": "4.64.0" - @rollup/rollup-win32-arm64-msvc@4.64.0
[PackageManager] waiting for 83 tasks
> HTTP/1.1 GET https://registry.npmjs.org/xml-lexer
> Accept: application/vnd.npm.install-v1+json; q=1.0, application/json; q=0.8, */*
> Connection: keep-alive
> User-Agent: Bun/1.3.9
> Host: registry.npmjs.org
> Accept-Encoding: gzip, deflate, br, zstd

    [442.58ms]
Downloaded @rollup/rollup-linux-loong64-gnu versions
[PackageManager] waiting for 83 tasks
   - "@rollup/rollup-linux-loong64-gnu": "4.64.0" - @rollup/rollup-linux-loong64-gnu@4.64.0
< 200 OK
< Date: Sat, 03 Oct 2026 22:24:52 GMT
< Content-Type: application/vnd.npm.install-v1+json
< Transfer-Encoding: chunked
< Connection: keep-alive
< set-cookie: __cf_bm=OVAdO_B9ceax5eKKfktMhdWcp3WG_00HHdKe6NwlG8s-1791066292.1983833-1.0.1.1-GCByCJpYagOtUoMKnFo71n4ZGBBJ8_RqMNhWWzcxCuMCKWs6fCBVAaXiZRuYykqi6nzHSB_7QpUI2eUjqYgYkYBp6oTxkXejV4SfsO7xbt7P_Dr.qIKAgcoV2.sBCyFS; HttpOnly; SameSite=None; Secure; Path=/; Domain=npmjs.org; Expires=Sat, 03 Oct 2026 22:54:52 GMT
< set-cookie: _cfuvid=WrLPVM6UwIepnHjYysXRoXDTEQ4EEJy0FE7JksMjxek-1791066292.1983833-1.0.1.1-gaWH0RW5b_aeJ9NuBnTXaOMcYy9fxkEcZw2b2IcBAeg; HttpOnly; SameSite=None; Secure; Path=/; Domain=npmjs.org
< CF-Ray: a44f5c063ba59b00-TIA
< CF-Cache-Status: HIT
< ETag: W/"695f014705ff9b2a6368ea37015fc34c"
< Access-Control-Allow-Origin: *
< Cache-Control: public, max-age=300
< Last-Modified: Sun, 26 Jun 2022 11:11:08 GMT
< Server: cloudflare
< Vary: accept-encoding, accept
< Content-Encoding: br

[PackageManager] waiting for 82 tasks
    [200.12ms]
Downloaded remove-trailing-separator versions
< 200 OK
< Date: Sat, 03 Oct 2026 22:24:52 GMT
< Content-Type: application/vnd.npm.install-v1+json
< Transfer-Encoding: chunked
< Connection: keep-alive
< set-cookie: __cf_bm=Q0BiagJposiVa1GsV4HizlyxNErFyybp24VU3C_kdzk-1791066291.9681935-1.0.1.1-GEfJ8d1NSxEjv.9GJObavs38XdiWTIpwn3MRcUJIEiSuF_K2fGdOM7ECYSeleCNVIdrGJVFiZXU18ly7RK_EO.z6XjZyeRrExBPZHlA9DnFSEGRlfTFCI9VgLFzkV4aK; HttpOnly; SameSite=None; Secure; Path=/; Domain=npmjs.org; Expires=Sat, 03 Oct 2026 22:54:52 GMT
< set-cookie: _cfuvid=BpTQ9MvvTeJYGaHmMT_Wdmehn_EhKkrDDzzXs3W1AKk-1791066291.9681935-1.0.1.1-2WKvpIxI3wni6QuFTVHrXK2MdeAMogxLM7aHKctIvnI; HttpOnly; SameSite=None; Secure; Path=/; Domain=npmjs.org
< CF-Ray: a44f5c04cc6bf474-TIA
< CF-Cache-Status: HIT
< ETag: W/"8994c6b283f2275db80637dc859e31ca"
< Access-Control-Allow-Origin: *
< Cache-Control: public, max-age=300
< Last-Modified: Fri, 02 Oct 2026 15:40:30 GMT
< Server: cloudflare
< Vary: accept-encoding, accept
< Content-Encoding: br

> HTTP/1.1 GET https://registry.npmjs.org/define-property
> Accept: application/vnd.npm.install-v1+json; q=1.0, application/json; q=0.8, */*
> Connection: keep-alive
> User-Agent: Bun/1.3.9
> Host: registry.npmjs.org
> Accept-Encoding: gzip, deflate, br, zstd

[PackageManager] waiting for 82 tasks
   - "remove-trailing-separator": "^1.0.1" - remove-trailing-separator@1.1.0
[PackageManager] waiting for 81 tasks
> HTTP/1.1 GET https://registry.npmjs.org/regex-not
> Accept: application/vnd.npm.install-v1+json; q=1.0, application/json; q=0.8, */*
> Connection: keep-alive
> User-Agent: Bun/1.3.9
> Host: registry.npmjs.org
> Accept-Encoding: gzip, deflate, br, zstd

    [438.05ms]
Downloaded @rollup/rollup-linux-riscv64-gnu versions
< 200 OK
< Date: Sat, 03 Oct 2026 22:24:52 GMT
< Content-Type: application/vnd.npm.install-v1+json
< Transfer-Encoding: chunked
< Connection: keep-alive
< set-cookie: __cf_bm=PUtKT59kirsluPPY3dCOtCzf6VpgwOgxrc9vo1Vrgww-1791066291.973661-1.0.1.1-JJts00XNDTNTW4MXqMMxmgg_rLQfp27gjqUVlysqUxMw3rhMEa0Q2lybfD.swFezGK5iwM4p1lr1WfdiU1pTRKm9C9MVTgeLmS_6Dru6ZvU76T2I99wFuXC5KvewyBig; HttpOnly; SameSite=None; Secure; Path=/; Domain=npmjs.org; Expires=Sat, 03 Oct 2026 22:54:52 GMT
< set-cookie: _cfuvid=kvTKgOQowp0_cnB1lB8ygXCLlXAkIqEu8B0kLcWWXvA-1791066291.973661-1.0.1.1-kt1OdajM0nYcif8HkO0lAY6fmrg87jui1i3OvsPL2JQ; HttpOnly; SameSite=None; Secure; Path=/; Domain=npmjs.org
< CF-Ray: a44f5c04de42bd99-TIA
< CF-Cache-Status: HIT
< ETag: W/"237f00ad34e1017b219b313506f32732"
< Access-Control-Allow-Origin: *
< Cache-Control: public, max-age=300
< Last-Modified: Fri, 02 Oct 2026 15:43:40 GMT
< Server: cloudflare
< Vary: accept-encoding, accept
< Content-Encoding: br

< 200 OK
< Date: Sat, 03 Oct 2026 22:24:52 GMT
< Content-Type: application/vnd.npm.install-v1+json
< Transfer-Encoding: chunked
< Connection: keep-alive
< set-cookie: __cf_bm=LFlXzZz4FlQYLh4S.Vmnkwx0asihkEtHejVFIMyI04g-1791066291.9740772-1.0.1.1-OFL_NUREsq5Nk9PDGhoK1dF9wLD_fBpEoM8spbkTbwnu7ZgWgAfKQNlYVFj5m6mXTg4zr_zDlvqme80YD532.aNEcHdFpjSBIW3nGVR8fbgs4TftPIjnlgLf_zShaYz6; HttpOnly; SameSite=None; Secure; Path=/; Domain=npmjs.org; Expires=Sat, 03 Oct 2026 22:54:52 GMT
< set-cookie: _cfuvid=h3BdlVKFZMR7NRPVHy0cHhEykroc4c5bZKattWPQEeI-1791066291.9740772-1.0.1.1-95D2BSI7bLmNcuzt_cHv9mQ7x1_DR420FKRJyKUxufw; HttpOnly; SameSite=None; Secure; Path=/; Domain=npmjs.org
< CF-Ray: a44f5c04dc75f474-TIA
< CF-Cache-Status: HIT
< ETag: W/"36bd46bceeac851d78703101675f91e4"
< Access-Control-Allow-Origin: *
< Cache-Control: public, max-age=300
< Last-Modified: Fri, 02 Oct 2026 15:44:14 GMT
< Server: cloudflare
< Vary: accept-encoding, accept
< Content-Encoding: br

> HTTP/1.1 GET https://registry.npmjs.org/safe-regex
> Accept: application/vnd.npm.install-v1+json; q=1.0, application/json; q=0.8, */*
> Connection: keep-alive
> User-Agent: Bun/1.3.9
> Host: registry.npmjs.org
> Accept-Encoding: gzip, deflate, br, zstd

[PackageManager] waiting for 81 tasks
    [431.12ms]
Downloaded @rollup/rollup-linux-riscv64-musl versions
[PackageManager] waiting for 81 tasks
   - "@rollup/rollup-linux-riscv64-musl": "4.64.0" - @rollup/rollup-linux-riscv64-musl@4.64.0
[PackageManager] waiting for 80 tasks
   - "@rollup/rollup-linux-riscv64-gnu": "4.64.0" - @rollup/rollup-linux-riscv64-gnu@4.64.0
< 200 OK
< Date: Sat, 03 Oct 2026 22:24:52 GMT
< Content-Type: application/vnd.npm.install-v1+json
< Transfer-Encoding: chunked
< Connection: keep-alive
< set-cookie: __cf_bm=gyayWwgPUNdx3pcfPEi4s9exNT0pFOoBYl1oKbRyWx4-1791066291.9735072-1.0.1.1-jfhYGMJ0V0qYj9hc4pv03mywWvTf5OkXOILPH7.QaSV8BT5EXZrHX0MJuEqFXffS1jaOq9AcKtR12KwbOXt9Hmu9S7l.JtDJyPUszc2T7z_NGUgwoBYJqXAHXksZkzdM; HttpOnly; SameSite=None; Secure; Path=/; Domain=npmjs.org; Expires=Sat, 03 Oct 2026 22:54:52 GMT
< set-cookie: _cfuvid=W2HLU2A1Gv2qDB4g59cN0SEJWps1KWE6NtlGT5xndCc-1791066291.9735072-1.0.1.1-eXKPJrHnmNk4aLtVaVeFaXGy9cmgaIbD8sZW3VFgp2A; HttpOnly; SameSite=None; Secure; Path=/; Domain=npmjs.org
< CF-Ray: a44f5c04da579b00-TIA
< CF-Cache-Status: HIT
< ETag: W/"ed3841f45ac2f8f12105aac294d2a83e"
< Access-Control-Allow-Origin: *
< Cache-Control: public, max-age=300
< Last-Modified: Fri, 02 Oct 2026 15:40:53 GMT
< Server: cloudflare
< Vary: accept-encoding, accept
< Content-Encoding: br

[PackageManager] waiting for 79 tasks
> HTTP/1.1 GET https://registry.npmjs.org/is-number
> Accept: application/vnd.npm.install-v1+json; q=1.0, application/json; q=0.8, */*
> Connection: keep-alive
> User-Agent: Bun/1.3.9
> Host: registry.npmjs.org
> Accept-Encoding: gzip, deflate, br, zstd

    [434.76ms]
Downloaded @rollup/rollup-linux-arm-gnueabihf versions
< 200 OK
< Date: Sat, 03 Oct 2026 22:24:52 GMT
< Content-Type: application/vnd.npm.install-v1+json
< Transfer-Encoding: chunked
< Connection: keep-alive
< set-cookie: __cf_bm=uRnLvAIVM8iSHGVE9wXaIOYoGLcjnmvSTSe.SC5sKes-1791066291.9736147-1.0.1.1-GtpYixkzvXg1kt2dLZx71PO8fEYhwKgPEJjIJTbTMzIqUlxjP0.2uu1oTOWACV0RDJnRWu4mC_BGnZ7HIlirdIHzjx5Um4E6jqnEyOliIiNetpDS_88jAd5rPY38ho61; HttpOnly; SameSite=None; Secure; Path=/; Domain=npmjs.org; Expires=Sat, 03 Oct 2026 22:54:52 GMT
< set-cookie: _cfuvid=hMHZfYCnjdc.mGp6_NDR.Jb5OCIkRtakhny1.KNOs4Q-1791066291.9736147-1.0.1.1-v9rNwyARrSTBoF4QvAnJLXBaxzjgISJ6o1LW3fkkA94; HttpOnly; SameSite=None; Secure; Path=/; Domain=npmjs.org
< CF-Ray: a44f5c04db757c08-TIA
< CF-Cache-Status: HIT
< ETag: W/"ed26531e8fefa40a779ccf4f44d3a31a"
< Access-Control-Allow-Origin: *
< Cache-Control: public, max-age=300
< Last-Modified: Fri, 02 Oct 2026 15:44:00 GMT
< Server: cloudflare
< Vary: accept-encoding, accept
< Content-Encoding: br

< 200 OK
< Date: Sat, 03 Oct 2026 22:24:52 GMT
< Content-Type: application/vnd.npm.install-v1+json
< Transfer-Encoding: chunked
< Connection: keep-alive
< set-cookie: __cf_bm=OY1HSO3tcTAy4c9uPQE0Kc_L_ANKShD91WA1LV9ceNE-1791066291.9680374-1.0.1.1-pIH3A8mM1L93FVWt52SzQdcb5THrnnMqS118VF1vfMn.B.JrNlnwncK3Or4HprXPHog1OUJefd.zxQNbtvlU9lpETluazDC5enbCNc3hYSknz11bNWTyO.nlx2QBzHin; HttpOnly; SameSite=None; Secure; Path=/; Domain=npmjs.org; Expires=Sat, 03 Oct 2026 22:54:52 GMT
< set-cookie: _cfuvid=AgPWh3ZFEIq_55O12qqrX1nUzCysPcm9JXmx3OQjfgk-1791066291.9680374-1.0.1.1-Rsxkemrmvk3dydialkRkiUf4QSIWnbf3RY78g5KUXWo; HttpOnly; SameSite=None; Secure; Path=/; Domain=npmjs.org
< CF-Ray: a44f5c04ca479b00-TIA
< CF-Cache-Status: HIT
< ETag: W/"362be78d16d4c3a019686480f814ce5c"
< Access-Control-Allow-Origin: *
< Cache-Control: public, max-age=300
< Last-Modified: Fri, 02 Oct 2026 15:43:03 GMT
< Server: cloudflare
< Vary: accept-encoding, accept
< Content-Encoding: br

> HTTP/1.1 GET https://registry.npmjs.org/repeat-string
> Accept: application/vnd.npm.install-v1+json; q=1.0, application/json; q=0.8, */*
> Connection: keep-alive
> User-Agent: Bun/1.3.9
> Host: registry.npmjs.org
> Accept-Encoding: gzip, deflate, br, zstd

[PackageManager] waiting for 79 tasks
    [438.29ms]
Downloaded @rollup/rollup-openharmony-arm64 versions
[PackageManager] waiting for 79 tasks
   - "@rollup/rollup-openharmony-arm64": "4.64.0" - @rollup/rollup-openharmony-arm64@4.64.0
[PackageManager] waiting for 78 tasks
   - "@rollup/rollup-linux-arm-gnueabihf": "4.64.0" - @rollup/rollup-linux-arm-gnueabihf@4.64.0
[PackageManager] waiting for 77 tasks
    [438.97ms]
Downloaded @rollup/rollup-linux-arm-musleabihf versions
    [440.02ms]
Downloaded @rollup/rollup-linux-loong64-musl versions
> HTTP/1.1 GET https://registry.npmjs.org/to-regex-range
> Accept: application/vnd.npm.install-v1+json; q=1.0, application/json; q=0.8, */*
> Connection: keep-alive
> User-Agent: Bun/1.3.9
> Host: registry.npmjs.org
> Accept-Encoding: gzip, deflate, br, zstd

[PackageManager] waiting for 77 tasks
> HTTP/1.1 GET https://registry.npmjs.org/base
> Accept: application/vnd.npm.install-v1+json; q=1.0, application/json; q=0.8, */*
> Connection: keep-alive
> User-Agent: Bun/1.3.9
> Host: registry.npmjs.org
> Accept-Encoding: gzip, deflate, br, zstd

[PackageManager] waiting for 77 tasks
   - "@rollup/rollup-linux-loong64-musl": "4.64.0" - @rollup/rollup-linux-loong64-musl@4.64.0
[PackageManager] waiting for 76 tasks
   - "@rollup/rollup-linux-arm-musleabihf": "4.64.0" - @rollup/rollup-linux-arm-musleabihf@4.64.0
< 200 OK
< Date: Sat, 03 Oct 2026 22:24:52 GMT
< Content-Type: application/vnd.npm.install-v1+json
< Transfer-Encoding: chunked
< Connection: keep-alive
< set-cookie: __cf_bm=WQCkQSsQI7rDWM3BHqQ2Rp_NyRS2GJ5dHkI1SbAxFBA-1791066292.2150004-1.0.1.1-qnH6WHIGFXq4FwreAXzT.QHyNVtJXKDMXVDjBLyw7MeTcJ_EEB0W7Mvr62WBRHeJuVJmpFVxTKCY87S0wt.TFwWwhVXCGmDURS5sVcty_LS7atyEyd6F7lgcf2eMLFY6; HttpOnly; SameSite=None; Secure; Path=/; Domain=npmjs.org; Expires=Sat, 03 Oct 2026 22:54:52 GMT
< set-cookie: _cfuvid=DI4crSKwhyzRYiDfe1ZAWaqHU417Uk2dzEbQaIPNiI0-1791066292.2150004-1.0.1.1-gDgYMWv3cn259wCduo8nfCLCzHGQ7RkdwfuaIbr1p1c; HttpOnly; SameSite=None; Secure; Path=/; Domain=npmjs.org
< CF-Ray: a44f5c065cdb7c08-TIA
< CF-Cache-Status: HIT
< ETag: W/"7bf25325d71a5528510e58189640e437"
< Access-Control-Allow-Origin: *
< Cache-Control: public, max-age=300
< Last-Modified: Mon, 10 Jul 2023 23:17:18 GMT
< Server: cloudflare
< Vary: accept-encoding, accept
< Content-Encoding: br

[PackageManager] waiting for 75 tasks
> HTTP/1.1 GET https://registry.npmjs.org/map-cache
> Accept: application/vnd.npm.install-v1+json; q=1.0, application/json; q=0.8, */*
> Connection: keep-alive
> User-Agent: Bun/1.3.9
> Host: registry.npmjs.org
> Accept-Encoding: gzip, deflate, br, zstd

    [201.32ms]
Downloaded bindings versions
[PackageManager] waiting for 75 tasks
   - "bindings": "^1.5.0" - bindings@1.5.0
Enqueue package manifest for download: file-uri-to-path
< 200 OK
< Date: Sat, 03 Oct 2026 22:24:52 GMT
< Content-Type: application/vnd.npm.install-v1+json
< Transfer-Encoding: chunked
< Connection: keep-alive
< set-cookie: __cf_bm=0Hwch9CcWpB..GPPRu_gthKxOIvIjmugaR3bvuHu5lo-1791066292.2149203-1.0.1.1-BKuCkJTCFt31KlPWMwgDjwA3WdQyYSUFmDCkn8b6TiBh4F8JBmS8eoNn0pMrFlmL19rWYOQcbXSgpzJ2uC3mT1W9yBDDiwAwJ2tAZ8U8cmaiD8Vd14FSz6x8hx3L78yy; HttpOnly; SameSite=None; Secure; Path=/; Domain=npmjs.org; Expires=Sat, 03 Oct 2026 22:54:52 GMT
< set-cookie: _cfuvid=ZyQHYEaeFK5RPVjFCZz2UygKYeuTBl3xw78_1fdKmIg-1791066292.2149203-1.0.1.1-LT836OEHa4VY1zBHB5C.U3E9zWuZ6q3qKi2BAGUfJOo; HttpOnly; SameSite=None; Secure; Path=/; Domain=npmjs.org
< CF-Ray: a44f5c065bbb9b00-TIA
< CF-Cache-Status: HIT
< ETag: W/"10a46be80647fac0cac4b999698e39fa"
< Access-Control-Allow-Origin: *
< Cache-Control: public, max-age=300
< Last-Modified: Mon, 14 Sep 2026 09:58:32 GMT
< Server: cloudflare
< Vary: accept-encoding, accept
< Content-Encoding: br

[PackageManager] waiting for 75 tasks
    [203.84ms]
Downloaded nan versions
> HTTP/1.1 GET https://registry.npmjs.org/source-map-resolve
> Accept: application/vnd.npm.install-v1+json; q=1.0, application/json; q=0.8, */*
> Connection: keep-alive
> User-Agent: Bun/1.3.9
> Host: registry.npmjs.org
> Accept-Encoding: gzip, deflate, br, zstd

[PackageManager] waiting for 75 tasks
   - "nan": "^2.12.1" - nan@2.29.0
< 200 OK
< Date: Sat, 03 Oct 2026 22:24:52 GMT
< Content-Type: application/vnd.npm.install-v1+json
< Transfer-Encoding: chunked
< Connection: keep-alive
< set-cookie: __cf_bm=f1fQS1QTOgWeNIKoCAwfOBeq2jIG4lKdeTWzXbf53ls-1791066291.9864535-1.0.1.1-d44q.Y4h0QdSJFwKg0U1oJcQlsbZFoZkenYjbBgHCrp6Z89sIukUoK80LcR5mYD.jiI.ON3SWz5e1c6KFK_kFnY26O5gr59hmCOhUQruJOu2vMR99ovdB5bwjn8.iD1l; HttpOnly; SameSite=None; Secure; Path=/; Domain=npmjs.org; Expires=Sat, 03 Oct 2026 22:54:52 GMT
< set-cookie: _cfuvid=HuKyEMZrMAX9Tdn5fgdeqEBwmAEJqlpcteFTDjSe81g-1791066291.9864535-1.0.1.1-v68W9xCd1PWQuysWkOArlwQIe6BaBigFC89aSbLOV_s; HttpOnly; SameSite=None; Secure; Path=/; Domain=npmjs.org
< CF-Ray: a44f5c04ed5d5f50-TIA
< CF-Cache-Status: HIT
< ETag: W/"ecbeceb5eaff0e161f414d2110db62d8"
< Access-Control-Allow-Origin: *
< Cache-Control: public, max-age=300
< Last-Modified: Wed, 06 Apr 2022 18:23:56 GMT
< Server: cloudflare
< Vary: accept-encoding, accept
< Content-Encoding: br

[PackageManager] waiting for 74 tasks
    [438.93ms]
Downloaded @react-hook/passive-layout-effect versions
> HTTP/1.1 GET https://registry.npmjs.org/use
> Accept: application/vnd.npm.install-v1+json; q=1.0, application/json; q=0.8, */*
> Connection: keep-alive
> User-Agent: Bun/1.3.9
> Host: registry.npmjs.org
> Accept-Encoding: gzip, deflate, br, zstd

< 200 OK
< Date: Sat, 03 Oct 2026 22:24:52 GMT
< Content-Type: application/vnd.npm.install-v1+json
< Transfer-Encoding: chunked
< Connection: keep-alive
< set-cookie: __cf_bm=DG_jo0WmkMiWUL_m3UzX8CMPiojJN_OEmvX9W8jAJHU-1791066291.986441-1.0.1.1-gKq7bdG4SGMTOSLNIIxJDioNrjj1RMHSSNWISdj93hLr6IvW1QL6WiF1qP76UjiaLdTqA_HBU88N892wye6lsa5epkBO_J3PaxF0O.8JWE1JMn93kYeiog5ZbGy0_czA; HttpOnly; SameSite=None; Secure; Path=/; Domain=npmjs.org; Expires=Sat, 03 Oct 2026 22:54:52 GMT
< set-cookie: _cfuvid=RiSDP4OuLydM4Yy5jtDmOFwxhFkjiI3xjomHrZqo3so-1791066291.986441-1.0.1.1-x4us8dnTHNh5TCq67Yj15imG74K1uG1eGa8TlhAIfPk; HttpOnly; SameSite=None; Secure; Path=/; Domain=npmjs.org
< CF-Ray: a44f5c04ed5c5f50-TIA
< CF-Cache-Status: HIT
< ETag: W/"d431e3c372e13bd77170394e72eb7dca"
< Access-Control-Allow-Origin: *
< Cache-Control: public, max-age=300
< Last-Modified: Wed, 06 Apr 2022 18:23:55 GMT
< Server: cloudflare
< Vary: accept-encoding, accept
< Content-Encoding: br

[PackageManager] waiting for 74 tasks
< 200 OK
< Date: Sat, 03 Oct 2026 22:24:52 GMT
< Content-Type: application/vnd.npm.install-v1+json
< Transfer-Encoding: chunked
< Connection: keep-alive
< set-cookie: __cf_bm=R0XOyzsrQeYVCXbASMeeJoLmQjCAY3OUH1Xev2o2FzA-1791066292.226694-1.0.1.1-ScgD9XJkdsYx7RzV.QwNs.iJclpyrUF.FgqzAWJFI9Ghgd1NHfKVxt3.BDPFKJRZQBi8pNadtf9H1fVnjGdw64D1pD.pCoUc.zvawRN4vJ25rMjvyiszqETX._p996sx; HttpOnly; SameSite=None; Secure; Path=/; Domain=npmjs.org; Expires=Sat, 03 Oct 2026 22:54:52 GMT
< set-cookie: _cfuvid=T.87YVk6FmswZhXMqg.EorXylUxHFF9jUVKKZnzGfI8-1791066292.226694-1.0.1.1-zwhL.Cgf7Gi2kXKyysfNODsInOFejNfdljXjbiR0Z5k; HttpOnly; SameSite=None; Secure; Path=/; Domain=npmjs.org
< CF-Ray: a44f5c066e26f474-TIA
< CF-Cache-Status: HIT
< ETag: W/"d3a161987bc680bbc6f14271bbd102d3"
< Access-Control-Allow-Origin: *
< Cache-Control: public, max-age=300
< Last-Modified: Tue, 08 Apr 2025 14:12:29 GMT
< Server: cloudflare
< Vary: accept-encoding, accept
< Content-Encoding: br

   - "@react-hook/passive-layout-effect": "^1.2.0" - @react-hook/passive-layout-effect@1.2.1
[PackageManager] waiting for 73 tasks
    [439.93ms]
Downloaded @react-hook/latest versions
[PackageManager] waiting for 73 tasks
    [198.11ms]
Downloaded http-parser-js versions
> HTTP/1.1 GET https://registry.npmjs.org/snapdragon-util
> Accept: application/vnd.npm.install-v1+json; q=1.0, application/json; q=0.8, */*
> Connection: keep-alive
> User-Agent: Bun/1.3.9
> Host: registry.npmjs.org
> Accept-Encoding: gzip, deflate, br, zstd

> HTTP/1.1 GET https://registry.npmjs.org/is-extendable
> Accept: application/vnd.npm.install-v1+json; q=1.0, application/json; q=0.8, */*
> Connection: keep-alive
> User-Agent: Bun/1.3.9
> Host: registry.npmjs.org
> Accept-Encoding: gzip, deflate, br, zstd

[PackageManager] waiting for 73 tasks
   - "@react-hook/latest": "^1.0.2" - @react-hook/latest@1.0.3
[PackageManager] waiting for 72 tasks
   - "http-parser-js": ">=0.5.1" - http-parser-js@0.5.10
< 200 OK
< Date: Sat, 03 Oct 2026 22:24:52 GMT
< Content-Type: application/vnd.npm.install-v1+json
< Transfer-Encoding: chunked
< Connection: keep-alive
< set-cookie: __cf_bm=0rKoZZTNH3zMiyRr0mbKbENQDFi9dfLLzORwZRFJmjE-1791066292.2426903-1.0.1.1-Gxjmgavfly6.iL91KeECZgZp9bd5GfcM5r5wkdlxnAhRxvUnCP5QJbJDa0_r4GucuFMddU2On8lvjV_SKTKU3cha4O_5wfALcADHWXfsn0Vnn9_5sjVZuDcd7ytwVX34; HttpOnly; SameSite=None; Secure; Path=/; Domain=npmjs.org; Expires=Sat, 03 Oct 2026 22:54:52 GMT
< set-cookie: _cfuvid=INcuBSZwjZpXQhzV369iGaD.36qQ4VY5se3y8pnlTK0-1791066292.2426903-1.0.1.1-.303tWKb0j_xrffECXgbmzvaIEigHgRTAxpMf5Aymc4; HttpOnly; SameSite=None; Secure; Path=/; Domain=npmjs.org
< CF-Ray: a44f5c068d067c08-TIA
< CF-Cache-Status: HIT
< ETag: W/"7e45136c7e5fa9d115de4513f10ada57"
< Access-Control-Allow-Origin: *
< Cache-Control: public, max-age=300
< Last-Modified: Wed, 29 Jun 2022 00:28:20 GMT
< Server: cloudflare
< Vary: accept-encoding, accept
< Content-Encoding: br

[PackageManager] waiting for 71 tasks
    [202.24ms]
Downloaded websocket-extensions versions
> HTTP/1.1 GET https://registry.npmjs.org/assign-symbols
> Accept: application/vnd.npm.install-v1+json; q=1.0, application/json; q=0.8, */*
> Connection: keep-alive
> User-Agent: Bun/1.3.9
> Host: registry.npmjs.org
> Accept-Encoding: gzip, deflate, br, zstd

[PackageManager] waiting for 71 tasks
   - "websocket-extensions": ">=0.1.1" - websocket-extensions@0.1.4
< 200 OK
< Date: Sat, 03 Oct 2026 22:24:52 GMT
< Content-Type: application/vnd.npm.install-v1+json
< Transfer-Encoding: chunked
< Connection: keep-alive
< set-cookie: __cf_bm=q7MJWIFiX9pKv7pd_BXXceknSdRLalPFS9J5wORHMiQ-1791066292.2485201-1.0.1.1-olLXQGjB2_tsYub9MLwxciAIquF2pgzhmiy2RmRPC4Smk2wScglxxORW0D5lxfXqJXTC3opQswAXr0W_ElbVvY0aC3e0LeZ1WEvfcYnPrVh5k2LqjHMUn5giNPRrQ6nR; HttpOnly; SameSite=None; Secure; Path=/; Domain=npmjs.org; Expires=Sat, 03 Oct 2026 22:54:52 GMT
< set-cookie: _cfuvid=cBJCEQi1eIydac2kkwbhcwJIpF1BgJIEQfVKPIIN5WM-1791066292.2485201-1.0.1.1-kYNFluDQXxfjaW2Axo_FRH1O13QbgFxdwgnWRQ7DFJ4; HttpOnly; SameSite=None; Secure; Path=/; Domain=npmjs.org
< CF-Ray: a44f5c068c92793f-TIA
< CF-Cache-Status: HIT
< ETag: W/"e756d243943c458e68f9ceb028b85afd"
< Access-Control-Allow-Origin: *
< Cache-Control: public, max-age=300
< Last-Modified: Fri, 14 Nov 2025 18:29:13 GMT
< Server: cloudflare
< Vary: accept-encoding, accept
< Content-Encoding: br

[PackageManager] waiting for 70 tasks
    [205.82ms]
Downloaded color-convert versions
< 200 OK
< Date: Sat, 03 Oct 2026 22:24:52 GMT
< Content-Type: application/vnd.npm.install-v1+json
< Transfer-Encoding: chunked
< Connection: keep-alive
< set-cookie: __cf_bm=8m3SBWelw48_qxolGGvPUKwq7wMQovYvDRseu5utYXA-1791066292.2541285-1.0.1.1-jcsksJmW7LWhBzrRpBrG28c0DFPTxEO4GEMRxig2w21UUwC7Fr847GVrfhcM4NCr68LBgC6fq19KJxEWPYUv2IUzeyn5wy6imUj7nXFhahJrH7A7CthcjnBc6K5l3AjF; HttpOnly; SameSite=None; Secure; Path=/; Domain=npmjs.org; Expires=Sat, 03 Oct 2026 22:54:52 GMT
< set-cookie: _cfuvid=G7IZ2d_mdWd_oEzXslqbTY3oRIlxb_7GC4DKqGzizbY-1791066292.2541285-1.0.1.1-BsLbUPhS7mJqdi7XQ6.WxL_YI1tnPxuuulSKvGyOKE8; HttpOnly; SameSite=None; Secure; Path=/; Domain=npmjs.org
< CF-Ray: a44f5c069f015f50-TIA
< CF-Cache-Status: HIT
< ETag: W/"ad2d335a5f683e75f93512fc75e77be0"
< Access-Control-Allow-Origin: *
< Cache-Control: public, max-age=300
< Last-Modified: Mon, 21 Sep 2026 04:09:33 GMT
< Server: cloudflare
< Vary: accept-encoding, accept
< Content-Encoding: br

> HTTP/1.1 GET https://registry.npmjs.org/extglob
> Accept: application/vnd.npm.install-v1+json; q=1.0, application/json; q=0.8, */*
> Connection: keep-alive
> User-Agent: Bun/1.3.9
> Host: registry.npmjs.org
> Accept-Encoding: gzip, deflate, br, zstd

[PackageManager] waiting for 70 tasks
   - "color-convert": "~0.5.0" - color-convert@0.5.3
   - "color-convert": "^2.0.1" - color-convert@2.0.1
Enqueue package manifest for download: color-name
[PackageManager] waiting for 70 tasks
    [202.35ms]
Downloaded wrap-ansi versions
> HTTP/1.1 GET https://registry.npmjs.org/arr-diff
> Accept: application/vnd.npm.install-v1+json; q=1.0, application/json; q=0.8, */*
> Connection: keep-alive
> User-Agent: Bun/1.3.9
> Host: registry.npmjs.org
> Accept-Encoding: gzip, deflate, br, zstd

< 200 OK
< Date: Sat, 03 Oct 2026 22:24:52 GMT
< Content-Type: application/vnd.npm.install-v1+json
< Transfer-Encoding: chunked
< Connection: keep-alive
< set-cookie: __cf_bm=sSBIirb2jCmy5fYdyScT_GxhtQ5Sk_03e53aWaEcwq8-1791066292.254139-1.0.1.1-tMl_D8fPyYTH8S4c18jyW2WaWHayyT8UBB7h.fFX7CksjxTrj6rvHMUzbqZLt0PWfgIYQ3yFuStJ5y2HSgv1AslZM2x24CP0.r0BouFC4nSmGnHPBU.9ilC9ytnSQpMp; HttpOnly; SameSite=None; Secure; Path=/; Domain=npmjs.org; Expires=Sat, 03 Oct 2026 22:54:52 GMT
< set-cookie: _cfuvid=l9hdI8yp.tJyQYxw.vyyty7bKsgJ_zqDQbE.ybLrFnA-1791066292.254139-1.0.1.1-jK12LxF0jUN2V4W.iZmSboChnk3hVtTPxrrbIx.MlQg; HttpOnly; SameSite=None; Secure; Path=/; Domain=npmjs.org
< CF-Ray: a44f5c069d1d7c08-TIA
< CF-Cache-Status: HIT
< ETag: W/"1ee1f940c1b406b9051f2faf51544bf0"
< Access-Control-Allow-Origin: *
< Cache-Control: public, max-age=300
< Last-Modified: Mon, 20 Apr 2026 15:28:29 GMT
< Server: cloudflare
< Vary: accept-encoding, accept
< Content-Encoding: br

[PackageManager] waiting for 70 tasks
< 200 OK
< Date: Sat, 03 Oct 2026 22:24:52 GMT
< Content-Type: application/vnd.npm.install-v1+json
< Transfer-Encoding: chunked
< Connection: keep-alive
< set-cookie: __cf_bm=uRS6F6E94pIkTQFDdXX8V2d8wgVJI0HB5YsbGAZuSGo-1791066292.254196-1.0.1.1-PVPm0FL0Ff3cVVlc9N3jZr5n97hn1PKsTXIX0t9Y5KlEBfrjKC3gsaAuFp86tbKM8_3v9_55sUDMq4GguE4NxtwJGGBmNzSGZZmSMlPHpj1MdfU8BgchrL273WgjZ7gk; HttpOnly; SameSite=None; Secure; Path=/; Domain=npmjs.org; Expires=Sat, 03 Oct 2026 22:54:52 GMT
< set-cookie: _cfuvid=RxNbi90KBi38BFoB2jtwNYN7FksESx8wiOYLDfLMRk0-1791066292.254196-1.0.1.1-8axKfssTsvUsc9XPCfwTzw.lS03YO7fSpPXe4rtZj8k; HttpOnly; SameSite=None; Secure; Path=/; Domain=npmjs.org
< CF-Ray: a44f5c069ff6a5b3-TIA
< CF-Cache-Status: HIT
< ETag: W/"0571bc8356c9bfe20945ca51a76ed438"
< Access-Control-Allow-Origin: *
< Cache-Control: public, max-age=300
< Last-Modified: Thu, 26 Feb 2026 13:51:12 GMT
< Server: cloudflare
< Vary: accept-encoding, accept
< Content-Encoding: br

    [199.57ms]
Downloaded jsonfile versions
> HTTP/1.1 GET https://registry.npmjs.org/nanomatch
> Accept: application/vnd.npm.install-v1+json; q=1.0, application/json; q=0.8, */*
> Connection: keep-alive
> User-Agent: Bun/1.3.9
> Host: registry.npmjs.org
> Accept-Encoding: gzip, deflate, br, zstd

[PackageManager] waiting for 70 tasks
   - "wrap-ansi": "^5.1.0" - wrap-ansi@5.1.0
   - "wrap-ansi": "^7.0.0" - wrap-ansi@7.0.0
   - "jsonfile": "^4.0.0" - jsonfile@4.0.0
   - "ansi-styles": "^3.2.0" - ansi-styles@3.2.1
   - "color-convert": "^1.9.0" - color-convert@1.9.3
[PackageManager] waiting for 68 tasks
> HTTP/1.1 GET https://registry.npmjs.org/object.pick
> Accept: application/vnd.npm.install-v1+json; q=1.0, application/json; q=0.8, */*
> Connection: keep-alive
> User-Agent: Bun/1.3.9
> Host: registry.npmjs.org
> Accept-Encoding: gzip, deflate, br, zstd

    [206.32ms]
Downloaded strip-ansi versions
< 200 OK
< Date: Sat, 03 Oct 2026 22:24:52 GMT
< Content-Type: application/vnd.npm.install-v1+json
< Transfer-Encoding: chunked
< Connection: keep-alive
< set-cookie: __cf_bm=Q5keT86EW6r7T.m6kjQv1W0Xsb9P1VZeMf9tHbTtFwA-1791066292.2596507-1.0.1.1-BHAvX1DmxF175kO.5jwNG6XSUVlBE3Y0LOvmFzJ2usJWxW1.Rohokukd4zye5NAgq7DygIC_EGhGJE86YjJgtNjTSsgmDrD1v4VRZz1rj2Th5e3gSA1_Lr.5IY6SuLF_; HttpOnly; SameSite=None; Secure; Path=/; Domain=npmjs.org; Expires=Sat, 03 Oct 2026 22:54:52 GMT
< set-cookie: _cfuvid=uV8Nu8y7tIb_VhRirniAdQN1LheWD7t40phWo8hlRtI-1791066292.2596507-1.0.1.1-2DW19cuL2q0Cf_eYdfXMD4HA2MdK7PpFMBSsk01z.io; HttpOnly; SameSite=None; Secure; Path=/; Domain=npmjs.org
< CF-Ray: a44f5c069d2a7c08-TIA
< CF-Cache-Status: HIT
< ETag: W/"ea1d9feaf09c5d94a3bb293ca773ae71"
< Access-Control-Allow-Origin: *
< Cache-Control: public, max-age=300
< Last-Modified: Mon, 15 Sep 2025 23:17:40 GMT
< Server: cloudflare
< Vary: accept-encoding, accept
< Content-Encoding: br

< 200 OK
< Date: Sat, 03 Oct 2026 22:24:52 GMT
< Content-Type: application/vnd.npm.install-v1+json
< Transfer-Encoding: chunked
< Connection: keep-alive
< set-cookie: __cf_bm=7FUJJAHudpMpGoOYoA6g1PVwOjKgDE_ydCFZnyBLJNM-1791066292.2543573-1.0.1.1-xQh.X2IzWfvzD7GImDucNJze_46_Ykp67h4V5Biou_V_B52qg9XMA2SbxvJGj6_.4nC8mh4.349Mzm7TPQFsrJu4yvHSe6gqG83kR6QXVh0lnnGiX7RPvmTe6bjDB.IR; HttpOnly; SameSite=None; Secure; Path=/; Domain=npmjs.org; Expires=Sat, 03 Oct 2026 22:54:52 GMT
< set-cookie: _cfuvid=LhZTcM8Gjhrmj663SLOcR3eikiyjRFni8aRYi1JhqKU-1791066292.2543573-1.0.1.1-N60eF3TymEhLnkYSyu3_zpyKUJQISQnlGHUgNFZ8fyw; HttpOnly; SameSite=None; Secure; Path=/; Domain=npmjs.org
< CF-Ray: a44f5c069c9a793f-TIA
< CF-Cache-Status: HIT
< ETag: W/"01af85a8cf276970a6551fd597228d8e"
< Access-Control-Allow-Origin: *
< Cache-Control: public, max-age=300
< Last-Modified: Wed, 01 Nov 2023 17:12:48 GMT
< Server: cloudflare
< Vary: accept-encoding, accept
< Content-Encoding: br

> HTTP/1.1 GET https://registry.npmjs.org/fragment-cache
> Accept: application/vnd.npm.install-v1+json; q=1.0, application/json; q=0.8, */*
> Connection: keep-alive
> User-Agent: Bun/1.3.9
> Host: registry.npmjs.org
> Accept-Encoding: gzip, deflate, br, zstd

[PackageManager] waiting for 68 tasks
    [199.03ms]
Downloaded locate-path versions
    [203.83ms]
Downloaded universalify versions
> HTTP/1.1 GET https://registry.npmjs.org/file-uri-to-path
> Accept: application/vnd.npm.install-v1+json; q=1.0, application/json; q=0.8, */*
> Connection: keep-alive
> User-Agent: Bun/1.3.9
> Host: registry.npmjs.org
> Accept-Encoding: gzip, deflate, br, zstd

[PackageManager] waiting for 68 tasks
   - "strip-ansi": "^5.2.0" - strip-ansi@5.2.0
   - "strip-ansi": "^6.0.1" - strip-ansi@6.0.1
Enqueue package manifest for download: ansi-regex
[PackageManager] waiting for 68 tasks
   - "universalify": "^0.1.0" - universalify@0.1.2
   - "locate-path": "^3.0.0" - locate-path@3.0.0
Enqueue package manifest for download: p-locate
Enqueue package manifest for download: path-exists
[PackageManager] waiting for 68 tasks
< 200 OK
< Date: Sat, 03 Oct 2026 22:24:52 GMT
< Content-Type: application/vnd.npm.install-v1+json
< Transfer-Encoding: chunked
< Connection: keep-alive
< set-cookie: __cf_bm=8EDJgFSHjk27wE4V28ge3.liJD1rRSXdp9q4LB2dL3U-1791066292.2595289-1.0.1.1-8U9cxkyLSlNO4CFaVg.sIiZcEUkJuOKTmhpLGvGoD8XDh2_qPTsT_ya.jEzULwSZfEXDIbxu1QlNtwjIso8hUxQg2oNiRfx88_uuWpDN51rCcqfR6nfgMdUHenJFEz2Y; HttpOnly; SameSite=None; Secure; Path=/; Domain=npmjs.org; Expires=Sat, 03 Oct 2026 22:54:52 GMT
< set-cookie: _cfuvid=dPdi.CVrPVBgWUAC.DtfJp4SkIS6.DbroL4PrEmP52w-1791066292.2595289-1.0.1.1-QcjZXhYlsGbUb3K8NyBScdtS5oTdCma41LVd3TlNJQI; HttpOnly; SameSite=None; Secure; Path=/; Domain=npmjs.org
< CF-Ray: a44f5c069e50f474-TIA
< CF-Cache-Status: HIT
< ETag: W/"97f70f0142c35dcd247b6a9001016bc7"
< Access-Control-Allow-Origin: *
< Cache-Control: public, max-age=300
< Last-Modified: Tue, 15 Sep 2026 17:11:45 GMT
< Server: cloudflare
< Vary: accept-encoding, accept
< Content-Encoding: br

< 200 OK
< Date: Sat, 03 Oct 2026 22:24:52 GMT
< Content-Type: application/vnd.npm.install-v1+json
< Transfer-Encoding: chunked
< Connection: keep-alive
< set-cookie: __cf_bm=CAy0noKGvzlC90FXlNUhFbR4RAC6E0ToLBgc5sOR2cE-1791066292.265203-1.0.1.1-o7Qrz_JGElu1sj89rN8HsEGOsciMzyQ0uzqmkyUJt318yNx.Cp89vF5G8h1IfcFzmYS_06DSMiqnuhc9YIj2C9NmB7MBTu.2UI8U6LzmAlYXeOTCEEyu9GSE4vZWpXBv; HttpOnly; SameSite=None; Secure; Path=/; Domain=npmjs.org; Expires=Sat, 03 Oct 2026 22:54:52 GMT
< set-cookie: _cfuvid=farPuzgv.cayp4GUmZrQ.t2KeSoFTJ0Bcxybw2y9rXo-1791066292.265203-1.0.1.1-fW8tJ2h0b6WT5xkDVzlAaKOmfEbNbVe4eNAmKLOAJ5s; HttpOnly; SameSite=None; Secure; Path=/; Domain=npmjs.org
< CF-Ray: a44f5c06a806bd99-TIA
< CF-Cache-Status: HIT
< ETag: W/"fb56ab8f4571544f27eae826bc9426ae"
< Access-Control-Allow-Origin: *
< Cache-Control: public, max-age=300
< Last-Modified: Sun, 31 Aug 2025 07:37:06 GMT
< Server: cloudflare
< Vary: accept-encoding, accept
< Content-Encoding: br

[PackageManager] waiting for 68 tasks
    [200.85ms]
Downloaded is-fullwidth-code-point versions
< 200 OK
< Date: Sat, 03 Oct 2026 22:24:52 GMT
< Content-Type: application/vnd.npm.install-v1+json
< Transfer-Encoding: chunked
< Connection: keep-alive
< set-cookie: __cf_bm=72szN42.EK2KOvUxs9YWd9KKcfDjRadX2o3GrazJGW0-1791066292.264953-1.0.1.1-a7VhqGxB3heOqs3v5r3v3F6OObPtoJOMlgRlPZrJNxI.QK1lXEw9ypng2Iy4KClvDOe2zu8ncTnzddnA4WGoAagJQXuwL97FVy2pZYKwBapjM8NRxWCjXZdSKgj.qR3B; HttpOnly; SameSite=None; Secure; Path=/; Domain=npmjs.org; Expires=Sat, 03 Oct 2026 22:54:52 GMT
< set-cookie: _cfuvid=hXh3vYtuw0hKLPSRJ.KhvBqGDFWBQuJXQ53nseUsf8I-1791066292.264953-1.0.1.1-DKqbV_6WVFuSm9XdmsmmYTKy4gsvufFrH2WT0J6QJx8; HttpOnly; SameSite=None; Secure; Path=/; Domain=npmjs.org
< CF-Ray: a44f5c06ad367c08-TIA
< CF-Cache-Status: HIT
< ETag: W/"9872ba46ee749db3afa9a1c78b67509a"
< Access-Control-Allow-Origin: *
< Cache-Control: public, max-age=300
< Last-Modified: Tue, 19 Aug 2025 14:50:36 GMT
< Server: cloudflare
< Vary: accept-encoding, accept
< Content-Encoding: br

> HTTP/1.1 GET https://registry.npmjs.org/color-name
> Accept: application/vnd.npm.install-v1+json; q=1.0, application/json; q=0.8, */*
> Connection: keep-alive
> User-Agent: Bun/1.3.9
> Host: registry.npmjs.org
> Accept-Encoding: gzip, deflate, br, zstd

[PackageManager] waiting for 68 tasks
   - "is-fullwidth-code-point": "^2.0.0" - is-fullwidth-code-point@2.0.0
   - "is-fullwidth-code-point": "^3.0.0" - is-fullwidth-code-point@3.0.0
[PackageManager] waiting for 67 tasks
    [205.51ms]
Downloaded emoji-regex versions
> HTTP/1.1 GET https://registry.npmjs.org/ansi-regex
> Accept: application/vnd.npm.install-v1+json; q=1.0, application/json; q=0.8, */*
> Connection: keep-alive
> User-Agent: Bun/1.3.9
> Host: registry.npmjs.org
> Accept-Encoding: gzip, deflate, br, zstd

[PackageManager] waiting for 67 tasks
   - "emoji-regex": "^7.0.1" - emoji-regex@7.0.3
   - "emoji-regex": "^8.0.0" - emoji-regex@8.0.0
> HTTP/1.1 GET https://registry.npmjs.org/p-locate
> Accept: application/vnd.npm.install-v1+json; q=1.0, application/json; q=0.8, */*
> Connection: keep-alive
> User-Agent: Bun/1.3.9
> Host: registry.npmjs.org
> Accept-Encoding: gzip, deflate, br, zstd

[PackageManager] waiting for 66 tasks
< 200 OK
< Date: Sat, 03 Oct 2026 22:24:52 GMT
< Content-Type: application/vnd.npm.install-v1+json
< Transfer-Encoding: chunked
< Connection: keep-alive
< set-cookie: __cf_bm=URjKTxsdA1w23OCCtg1efiH9lc9_yFCLnFtLvDlm3UY-1791066292.264915-1.0.1.1-5SDGzMi7CSWnLKBPzRI2sfKPUMfmbzHgAp7ML9GFcg8RDLua3voquBKx2UBJZ9lwlU2cKIt3yfX_0Xa5V1mmVonO_DePQU7FYm_SRCKG6ycu0x_s2ZdLH4njIYK3rXqo; HttpOnly; SameSite=None; Secure; Path=/; Domain=npmjs.org; Expires=Sat, 03 Oct 2026 22:54:52 GMT
< set-cookie: _cfuvid=.x.l3C2B8E3C7H34GbXxjc7fEESKoiC1iubwfOeA8I4-1791066292.264915-1.0.1.1-eQdDPYFs7cbu.bwx6teAUhnp9I95xz_PkbOds5.SLys; HttpOnly; SameSite=None; Secure; Path=/; Domain=npmjs.org
< CF-Ray: a44f5c06af2151a4-TIA
< CF-Cache-Status: HIT
< ETag: W/"7f00de51c45584d16fa8a6e852b3c49c"
< Access-Control-Allow-Origin: *
< Cache-Control: public, max-age=300
< Last-Modified: Mon, 10 Nov 2025 20:38:45 GMT
< Server: cloudflare
< Vary: accept-encoding, accept
< Content-Encoding: br

    [204.39ms]
Downloaded decamelize versions
< 200 OK
< Date: Sat, 03 Oct 2026 22:24:52 GMT
< Content-Type: application/vnd.npm.install-v1+json
< Transfer-Encoding: chunked
< Connection: keep-alive
< set-cookie: __cf_bm=O1LaBRmeqdwUt5SDA30Zk0b9xXeyoLyEdNbreM1dqE8-1791066292.2703247-1.0.1.1-ZvAVCsLbGxLy2PzhATegpdYcl_29bTVRKieeYSDQafZMEFSCx7vlbSPjnT4v9XqnAu1Nzqmr5k.OoLiVaPclTItQMtAlAtV9xiGbXsxnwTqTpUlEVov5drugzw0EFW2h; HttpOnly; SameSite=None; Secure; Path=/; Domain=npmjs.org; Expires=Sat, 03 Oct 2026 22:54:52 GMT
< set-cookie: _cfuvid=vYdTT9iRBrVqAOT_j7leWhzBrbKqKAaLmGcAZ2nXOl0-1791066292.2703247-1.0.1.1-nPlzlynKEENuAZTrdfTdI4VVYTlLaQ_OMTzZJqLAHzs; HttpOnly; SameSite=None; Secure; Path=/; Domain=npmjs.org
< CF-Ray: a44f5c06a80fbd99-TIA
< CF-Cache-Status: HIT
< ETag: W/"836091fc5689b61a33c991cb387a361a"
< Access-Control-Allow-Origin: *
< Cache-Control: public, max-age=300
< Last-Modified: Sun, 26 Jun 2022 11:12:37 GMT
< Server: cloudflare
< Vary: accept-encoding, accept
< Content-Encoding: br

[PackageManager] waiting for 66 tasks
< 200 OK
< Date: Sat, 03 Oct 2026 22:24:52 GMT
< Content-Type: application/vnd.npm.install-v1+json
< Transfer-Encoding: chunked
< Connection: keep-alive
< set-cookie: __cf_bm=5FRu8Uk9D01yiGsmzXdDpepdJDiA4zU5g2FhzhyA5eM-1791066292.2703364-1.0.1.1-cZYLQ01nLRlmggATpTvEIqZwniskdNKXyWOuG9rTBHVxirzTGBF7Jg2ePJa3ViYUT1X9a6MY2ZUXpuP_UPaujv2J1zvHCf4l2Xl37xrkZ9exSV5lTZTD4p1TiQc2Lfzy; HttpOnly; SameSite=None; Secure; Path=/; Domain=npmjs.org; Expires=Sat, 03 Oct 2026 22:54:52 GMT
< set-cookie: _cfuvid=34ABNAsxMNxLCqAP7PMNEpOpmSdilDa05bGyHn8cv_8-1791066292.2703364-1.0.1.1-8SHAMJ8hJ1p24eH.Dvmc9ff5.UG2ezpQig.OoLoJr1c; HttpOnly; SameSite=None; Secure; Path=/; Domain=npmjs.org
< CF-Ray: a44f5c06ac009b00-TIA
< CF-Cache-Status: HIT
< ETag: W/"db70f2db60338c79ca8bfe32c1b02384"
< Access-Control-Allow-Origin: *
< Cache-Control: public, max-age=300
< Last-Modified: Mon, 13 Jun 2022 03:07:20 GMT
< Server: cloudflare
< Vary: accept-encoding, accept
< Content-Encoding: br

    [200.43ms]
Downloaded rename-keys versions
< 200 OK
< Date: Sat, 03 Oct 2026 22:24:52 GMT
< Content-Type: application/vnd.npm.install-v1+json
< Transfer-Encoding: chunked
< Connection: keep-alive
< set-cookie: __cf_bm=8SzBOdSsCy34aamBAlIa1XGXxX_.AmxGudjC4d.cgzw-1791066292.2705345-1.0.1.1-.rY1gfSw_f_vctvH6fSVzY7isAWejSVIH4PoxPMuI0m.GFQrzojBTjQw5yBBiTNyv6Ut_AatawpHuHienkcSopxWZfHBYU3Qbo2fgHX8371NGsNfCyRecctRFPYQY6QH; HttpOnly; SameSite=None; Secure; Path=/; Domain=npmjs.org; Expires=Sat, 03 Oct 2026 22:54:52 GMT
< set-cookie: _cfuvid=PcMA7RLH9qNbFJ8FuMP9rLmqzD7QD5LIkC8ZnxIwQlA-1791066292.2705345-1.0.1.1-ZBpoBtvBiA.VE.GZaEmEqXzREKa21US0gmZ.ADwIFNM; HttpOnly; SameSite=None; Secure; Path=/; Domain=npmjs.org
< CF-Ray: a44f5c06af2c51a4-TIA
< CF-Cache-Status: HIT
< ETag: W/"7cd05dc0a448fbac4d8d234fded152ba"
< Access-Control-Allow-Origin: *
< Cache-Control: public, max-age=300
< Last-Modified: Tue, 07 Nov 2023 07:17:12 GMT
< Server: cloudflare
< Vary: accept-encoding, accept
< Content-Encoding: br

[PackageManager] waiting for 66 tasks
    [198.39ms]
Downloaded any-promise versions
   - "decamelize": "^1.2.0" - decamelize@1.2.0
[PackageManager] waiting for 65 tasks
    [198.10ms]
Downloaded thenify-all versions
[PackageManager] waiting for 65 tasks
   - "rename-keys": "^1.1.2" - rename-keys@1.2.0
[PackageManager] waiting for 64 tasks
> HTTP/1.1 GET https://registry.npmjs.org/path-exists
> Accept: application/vnd.npm.install-v1+json; q=1.0, application/json; q=0.8, */*
> Connection: keep-alive
> User-Agent: Bun/1.3.9
> Host: registry.npmjs.org
> Accept-Encoding: gzip, deflate, br, zstd

[PackageManager] waiting for 64 tasks
   - "thenify-all": "^1.0.0" - thenify-all@1.6.0
   - "any-promise": "^1.0.0" - any-promise@1.3.0
Enqueue package manifest for download: thenify
[PackageManager] waiting for 63 tasks
> HTTP/1.1 GET https://registry.npmjs.org/thenify
> Accept: application/vnd.npm.install-v1+json; q=1.0, application/json; q=0.8, */*
> Connection: keep-alive
> User-Agent: Bun/1.3.9
> Host: registry.npmjs.org
> Accept-Encoding: gzip, deflate, br, zstd

[PackageManager] waiting for 63 tasks
    [208.82ms]
Downloaded camelcase versions
< 200 OK
< Date: Sat, 03 Oct 2026 22:24:52 GMT
< Content-Type: application/vnd.npm.install-v1+json
< Transfer-Encoding: chunked
< Connection: keep-alive
< set-cookie: __cf_bm=eWLcZEW8Z_1MA_70FQCOdaq_VPimrYRVgnlAkn81si0-1791066292.2707016-1.0.1.1-XsWoEviWA8LU3DhOF2Ixdim6JuZd9arIX_GVUfjj5ERHb1s.t78yBobjSOHxhbb8aTXNvdYaUkil.btoMxCy0rukOYTIJRKnkerw3cxmcTKmAsfpxfeM29we.LKRdYFc; HttpOnly; SameSite=None; Secure; Path=/; Domain=npmjs.org; Expires=Sat, 03 Oct 2026 22:54:52 GMT
< set-cookie: _cfuvid=v7PN7nWm90d5wP53cKDmyYamxzaeQI7wsGGk89Mt0Kc-1791066292.2707016-1.0.1.1-BQ3uWAHdN5ZNBUViallWHENgZ0TaQyDEEcFEXIVE_g4; HttpOnly; SameSite=None; Secure; Path=/; Domain=npmjs.org
< CF-Ray: a44f5c06ae60f474-TIA
< CF-Cache-Status: HIT
< ETag: W/"971a5324d5df91004502f9e666722ce5"
< Access-Control-Allow-Origin: *
< Cache-Control: public, max-age=300
< Last-Modified: Fri, 18 Sep 2026 23:46:34 GMT
< Server: cloudflare
< Vary: accept-encoding, accept
< Content-Encoding: br

[PackageManager] waiting for 63 tasks
   - "camelcase": "^5.0.0" - camelcase@5.3.1
< 200 OK
< Date: Sat, 03 Oct 2026 22:24:52 GMT
< Content-Type: application/vnd.npm.install-v1+json
< Transfer-Encoding: chunked
< Connection: keep-alive
< set-cookie: __cf_bm=nGWaWsQ406OY.eo3EjgbZCCCHz3MXVTVkgUir.tCbDU-1791066292.2703521-1.0.1.1-6taS4zpZzeDz_lwV.6WCGTNXGoxqp_i8OElr3XpMQ6swqd8Dt5uWAcaGnhnI_oQV6CAqRdX3rKb8lt7C47ybLgZgV6wE3e_Jjb_bjlPOQOkE_M9SwTkqcygDpFU1.8fv; HttpOnly; SameSite=None; Secure; Path=/; Domain=npmjs.org; Expires=Sat, 03 Oct 2026 22:54:52 GMT
< set-cookie: _cfuvid=dukQlC9zTLBVrqdiCtzRbiZXG8sRhl51BN4aBhEII9A-1791066292.2703521-1.0.1.1-2OWHtQ5iGbukCuz64b4NY1dwNumBgO8HMhdkd.fcLyw; HttpOnly; SameSite=None; Secure; Path=/; Domain=npmjs.org
< CF-Ray: a44f5c06a80ea5b3-TIA
< CF-Cache-Status: HIT
< ETag: W/"69ae75c7bda0b018b75e4898a6beeb39"
< Access-Control-Allow-Origin: *
< Cache-Control: public, max-age=300
< Last-Modified: Wed, 12 Jul 2023 19:12:23 GMT
< Server: cloudflare
< Vary: accept-encoding, accept
< Content-Encoding: br

[PackageManager] waiting for 62 tasks
    [210.78ms]
Downloaded kind-of versions
[PackageManager] waiting for 62 tasks
   - "kind-of": "^3.0.2" - kind-of@3.2.2
   - "kind-of": "^6.0.2" - kind-of@6.0.3
Enqueue package manifest for download: is-buffer
> HTTP/1.1 GET https://registry.npmjs.org/is-buffer
> Accept: application/vnd.npm.install-v1+json; q=1.0, application/json; q=0.8, */*
> Connection: keep-alive
> User-Agent: Bun/1.3.9
> Host: registry.npmjs.org
> Accept-Encoding: gzip, deflate, br, zstd

[PackageManager] waiting for 62 tasks
< 200 OK
< Date: Sat, 03 Oct 2026 22:24:52 GMT
< Content-Type: application/vnd.npm.install-v1+json
< Transfer-Encoding: chunked
< Connection: keep-alive
< set-cookie: __cf_bm=sHds2ViLCSZBd4I9vJPMMr.WIKh0.Od4JdnHR.iHBCY-1791066292.2819846-1.0.1.1-RdqzO4RZd9yQmG3C_ApCuedd7bYH9tRoXuDrp.ejE.ATu3LOHirRoZKdzFIS1JLJCOH0xYUu7bEqTiXPdQEe0.nfibclD0ygiHMN.xyzV.o4ltRcHYsq5t7UR68Zleh1; HttpOnly; SameSite=None; Secure; Path=/; Domain=npmjs.org; Expires=Sat, 03 Oct 2026 22:54:52 GMT
< set-cookie: _cfuvid=BFZifBlx1PeihahsTZg7sKpEfzrfw53VFy26dFdK_Yw-1791066292.2819846-1.0.1.1-K0BMFP2NfyxSrTxiA6S3h8JQWpiTmFpeVDk9ej_W6g8; HttpOnly; SameSite=None; Secure; Path=/; Domain=npmjs.org
< CF-Ray: a44f5c06cd517c08-TIA
< CF-Cache-Status: HIT
< ETag: W/"b66490ed1fb29045fa23eb789db93011"
< Access-Control-Allow-Origin: *
< Cache-Control: public, max-age=300
< Last-Modified: Fri, 17 Jun 2022 21:29:42 GMT
< Server: cloudflare
< Vary: accept-encoding, accept
< Content-Encoding: br

    [213.87ms]
Downloaded lru-cache versions
[PackageManager] waiting for 62 tasks
    [339.77ms]
Downloaded event-target-shim versions
< 200 OK
< Date: Sat, 03 Oct 2026 22:24:52 GMT
< Content-Type: application/vnd.npm.install-v1+json
< Transfer-Encoding: chunked
< Connection: keep-alive
< set-cookie: __cf_bm=oETnzYVVR_7Of8zv9Si53RHLm9Qz1czm9Wju_.vBwGo-1791066292.3881633-1.0.1.1-Mnk1a7cO7kwrwy5__rxNbDIf0wLCb0VD3nHI9z.6QTgFdlzAdqIomXealhGWNRW3bwKBGJX1H3ZJhnVsdiWT8CwtNLWCLa58yNV3sMxp0D8.s_J6E5G3O_bun8YQFVEk; HttpOnly; SameSite=None; Secure; Path=/; Domain=npmjs.org; Expires=Sat, 03 Oct 2026 22:54:52 GMT
< set-cookie: _cfuvid=pO3DiOjy618W2NZQX0J2VSjPfIEg04dMZ3or_7AyzEs-1791066292.3881633-1.0.1.1-DjzraRHrkN8QJQ1FSNzWaDTktywVjewacldGkAylytg; HttpOnly; SameSite=None; Secure; Path=/; Domain=npmjs.org
< CF-Ray: a44f5c0768bea5b3-TIA
< CF-Cache-Status: HIT
< ETag: W/"758d85adeb5be0de1ebd36906c8c8a61"
< Access-Control-Allow-Origin: *
< Cache-Control: public, max-age=300
< Last-Modified: Sat, 17 Jun 2023 00:09:28 GMT
< Server: cloudflare
< Vary: accept-encoding, accept
< Content-Encoding: br

[PackageManager] waiting for 62 tasks
    [230.78ms]
Downloaded path-key versions
< 200 OK
< Date: Sat, 03 Oct 2026 22:24:52 GMT
< Content-Type: application/vnd.npm.install-v1+json
< Transfer-Encoding: chunked
< Connection: keep-alive
< set-cookie: __cf_bm=olVfY1.S91OWC_yGTOFlK_9UVFkgEV3xEbipi5Lf6nc-1791066292.3884847-1.0.1.1-4fRISihWYbrj32mm_kwqzmPUg5shQhAIMQSdNBSIrXxhiJR_ON7Tr2irIVp8KgaqQKz86Ew_gutkGNpk6u2_jC4n_iCVpAE8NVVgPj6TCZ6XqdLT2HDbOwWxHdwWAyjB; HttpOnly; SameSite=None; Secure; Path=/; Domain=npmjs.org; Expires=Sat, 03 Oct 2026 22:54:52 GMT
< set-cookie: _cfuvid=2KrgSmJSjMry.vc3Zegid3p.lkdXqjZ3kWYgp0LikRo-1791066292.3884847-1.0.1.1-_B76y.yFaQgVPlmPahdv0moLfqvllg70m1coUKqqx4k; HttpOnly; SameSite=None; Secure; Path=/; Domain=npmjs.org
< CF-Ray: a44f5c076cb79b00-TIA
< CF-Cache-Status: HIT
< ETag: W/"cc45ab8be3932a6111c366432b315f10"
< Access-Control-Allow-Origin: *
< Cache-Control: public, max-age=300
< Last-Modified: Fri, 02 Oct 2026 16:33:14 GMT
< Server: cloudflare
< Vary: accept-encoding, accept
< Content-Encoding: br

[PackageManager] waiting for 62 tasks
   - "path-key": "^3.1.0" - path-key@3.1.1
[PackageManager] waiting for 61 tasks
< 200 OK
< Date: Sat, 03 Oct 2026 22:24:52 GMT
< Content-Type: application/vnd.npm.install-v1+json
< Transfer-Encoding: chunked
< Connection: keep-alive
< set-cookie: __cf_bm=dkpMKg3LRF6w2SYj.nhvMksIn0wKR7d1yF5BVNqsdWU-1791066292.388223-1.0.1.1-YvrC_n.f5734Qf7n2mG5ZME41.YEvGHPC8YMAmy3_WP.GVMnhSOqGY5G8ZQDzEnm47K7H7DeOmTQhHYKt_6EzGv6bHthj.9soCwnD.UrTdlIffhoeP8Y4RQJvo3XEb2p; HttpOnly; SameSite=None; Secure; Path=/; Domain=npmjs.org; Expires=Sat, 03 Oct 2026 22:54:52 GMT
< set-cookie: _cfuvid=leltkuVN6RYGVYlGPqMRFK3RbkSU3EiR2x0NK9xqsa0-1791066292.388223-1.0.1.1-fYEx8oCptCNLuQ2KaG0xXKIUxIMIaLjiW1.6jO.rA88; HttpOnly; SameSite=None; Secure; Path=/; Domain=npmjs.org
< CF-Ray: a44f5c076895bd99-TIA
< CF-Cache-Status: HIT
< ETag: W/"8edde153bcea69aaec25f148ea82f810"
< Access-Control-Allow-Origin: *
< Cache-Control: public, max-age=300
< Last-Modified: Sun, 26 Jun 2022 19:33:46 GMT
< Server: cloudflare
< Vary: accept-encoding, accept
< Content-Encoding: br

    [230.81ms]
Downloaded tar-stream versions
   - "event-target-shim": "^5.0.0" - event-target-shim@5.0.1
< 200 OK
< Date: Sat, 03 Oct 2026 22:24:52 GMT
< Content-Type: application/vnd.npm.install-v1+json
< Transfer-Encoding: chunked
< Connection: keep-alive
< set-cookie: __cf_bm=xpG6N.cueRYwuLMCZbFD.af4km1QOeAsdi9b8WCkEG8-1791066292.388607-1.0.1.1-8WHuKZJxPCOzyAM1Jk2RDF5s0OwfG2wgIDdaTU_nfe4U4z9wK7NELNNCyGr2KwDbdj5_heF_GPCF5IlX..yErvT.ZOkyFgKMPyYaJ.wArzUzj9yEA5ztRzgpYBZZ0d3J; HttpOnly; SameSite=None; Secure; Path=/; Domain=npmjs.org; Expires=Sat, 03 Oct 2026 22:54:52 GMT
< set-cookie: _cfuvid=J12ktV7L5K5MhEE3JaE4n2.Dn3fWprmsMJpM0a27H6E-1791066292.388607-1.0.1.1-ENngIN0e58EtrEnEgoCkpXonN2xsag7Oxpx5Ja.lj4k; HttpOnly; SameSite=None; Secure; Path=/; Domain=npmjs.org
< CF-Ray: a44f5c076d2a793f-TIA
< CF-Cache-Status: HIT
< ETag: W/"4ec07cae7799269850f82fbc0d155e41"
< Access-Control-Allow-Origin: *
< Cache-Control: public, max-age=300
< Last-Modified: Tue, 01 Sep 2026 07:14:44 GMT
< Server: cloudflare
< Vary: accept-encoding, accept
< Content-Encoding: br

[PackageManager] waiting for 60 tasks
    [229.48ms]
Downloaded simple-concat versions
< 200 OK
< Date: Sat, 03 Oct 2026 22:24:52 GMT
< Content-Type: application/vnd.npm.install-v1+json
< Transfer-Encoding: chunked
< Connection: keep-alive
< set-cookie: __cf_bm=RYwANLgZF4MIHPj2m6J85QetwyC8AZZRnwKygKaLubU-1791066292.388294-1.0.1.1-TiJeEVxFddLkTBkfmS9TdSJf6iAE9RU8cQngqrzapVGJWS2DSRugXyHLcAXa.8XWLwUDoFMqUirGrx11Ye9XccF1kKhWdqfA03HrpeFegkGMdR_jSyOalto2JabaW7xt; HttpOnly; SameSite=None; Secure; Path=/; Domain=npmjs.org; Expires=Sat, 03 Oct 2026 22:54:52 GMT
< set-cookie: _cfuvid=XVYO8WVzacXBFEq1IxuzP.Xaukv013VyO8caYMa4ilg-1791066292.388294-1.0.1.1-rm1AnZg5IKiQ_GjQ6liIR8J3Mk0s8gPoQ7TS0ooyMwk; HttpOnly; SameSite=None; Secure; Path=/; Domain=npmjs.org
< CF-Ray: a44f5c076de17c08-TIA
< CF-Cache-Status: HIT
< ETag: W/"877e64d85f29fee0eb0c9d839b7142fd"
< Access-Control-Allow-Origin: *
< Cache-Control: public, max-age=300
< Last-Modified: Mon, 12 May 2025 03:35:03 GMT
< Server: cloudflare
< Vary: accept-encoding, accept
< Content-Encoding: br

[PackageManager] waiting for 60 tasks
    [229.60ms]
Downloaded bare-path versions
< 200 OK
< Date: Sat, 03 Oct 2026 22:24:52 GMT
< Content-Type: application/vnd.npm.install-v1+json
< Transfer-Encoding: chunked
< Connection: keep-alive
< set-cookie: __cf_bm=9H070PkHhskUB7WcAg2b.Qql7qThWexrfyHJQwQLb5s-1791066292.3884072-1.0.1.1-B3mKKjTBaTlQNmI6yXKOla0AsOD1KcMcUmTCu8fJwm8m13EvKRsb8YfpH52J_phELUj_BFQOo7wb_IDVTwc4o85KuKnm83YD_Zit_x5OcCOUy1rrU1Lsn5G4LwaGxqlM; HttpOnly; SameSite=None; Secure; Path=/; Domain=npmjs.org; Expires=Sat, 03 Oct 2026 22:54:52 GMT
< set-cookie: _cfuvid=NwivyTUgQJUd9OzkhJNm1pNb9mSHcQB8yfX5YSEPwTc-1791066292.3884072-1.0.1.1-WifMs9tWTBoZ4TKE8CCvuZ7VeS4xBN3Mnqdk9XdTMFk; HttpOnly; SameSite=None; Secure; Path=/; Domain=npmjs.org
< CF-Ray: a44f5c076897bd99-TIA
< CF-Cache-Status: HIT
< ETag: W/"d6c9cb1d170b021edf50c8d4484684a1"
< Access-Control-Allow-Origin: *
< Cache-Control: public, max-age=300
< Last-Modified: Sun, 01 Mar 2026 13:17:53 GMT
< Server: cloudflare
< Vary: accept-encoding, accept
< Content-Encoding: br

[PackageManager] waiting for 60 tasks
    [232.91ms]
Downloaded universal-user-agent versions
    [229.64ms]
Downloaded once versions
< 200 OK
< Date: Sat, 03 Oct 2026 22:24:52 GMT
< Content-Type: application/vnd.npm.install-v1+json
< Transfer-Encoding: chunked
< Connection: keep-alive
< set-cookie: __cf_bm=h5PRFWmgKlIJhOfPPORoyxorsgfiYRI7Ck0RHPXtrxk-1791066292.3884397-1.0.1.1-bLnTGTr9LU8RooL4zUrtDp_CwMmyZv.nuFoPMVgt_VLSF3kQ6tBClJ67LaCIGOs1WPSIiOKvjjH0_ZQYMK102GK05KkbjKlX85ePfTVR0tkEmjcYQZ_ybrMV7y6L98ds; HttpOnly; SameSite=None; Secure; Path=/; Domain=npmjs.org; Expires=Sat, 03 Oct 2026 22:54:52 GMT
< set-cookie: _cfuvid=_Kt3yVE0bs0uOsid_jhd4Tc_DT9ohRVCDVtzHNz8vkE-1791066292.3884397-1.0.1.1-c5Dwnmr82QrmsUc.N_X9OuK5JX_GLKSAd3szXdZ3YV0; HttpOnly; SameSite=None; Secure; Path=/; Domain=npmjs.org
< CF-Ray: a44f5c076ee9f474-TIA
< CF-Cache-Status: HIT
< ETag: W/"6ea379bce1777c593030ca919847c6fe"
< Access-Control-Allow-Origin: *
< Cache-Control: public, max-age=300
< Last-Modified: Sat, 22 Jul 2023 20:56:10 GMT
< Server: cloudflare
< Vary: accept-encoding, accept
< Content-Encoding: br

   - "simple-concat": "^1.0.0" - simple-concat@1.0.1
[PackageManager] waiting for 59 tasks
[PackageManager] waiting for 59 tasks
    [239.16ms]
Downloaded base64-js versions
   - "bare-path": "^3.0.0" - bare-path@3.1.2
< 200 OK
< Date: Sat, 03 Oct 2026 22:24:52 GMT
< Content-Type: application/vnd.npm.install-v1+json
< Transfer-Encoding: chunked
< Connection: keep-alive
< set-cookie: __cf_bm=E.jHICmgGspCwpQjkI5Xa.3m5Bklyg30hIjPPYQh_ak-1791066292.388307-1.0.1.1-9kQGtzXDHKUrcB41YtyyxlZqrapBRqz27GTJ8S0AHHxu13rJd55jjOkIjWWEOsH.oB3b8qQLcDqDptNWFitB68VrPqM.aeWFfl_DCOuLI0T2MqXJh.URwzbmDbmJYWJp; HttpOnly; SameSite=None; Secure; Path=/; Domain=npmjs.org; Expires=Sat, 03 Oct 2026 22:54:52 GMT
< set-cookie: _cfuvid=o7HcVpDfkVWHfN1S.R4PCYCyH7EGlhXEuHGzqvy6Am4-1791066292.388307-1.0.1.1-wYXL3NZW27CFpAtbjfCepxUIyp1z3MJAkbgvvZlNW_U; HttpOnly; SameSite=None; Secure; Path=/; Domain=npmjs.org
< CF-Ray: a44f5c076de57c08-TIA
< CF-Cache-Status: HIT
< ETag: W/"580ec3f441feca374f874c0d63e35022"
< Access-Control-Allow-Origin: *
< Cache-Control: public, max-age=300
< Last-Modified: Fri, 06 Mar 2026 07:15:55 GMT
< Server: cloudflare
< Vary: accept-encoding, accept
< Content-Encoding: br

[PackageManager] waiting for 58 tasks
< 200 OK
< Date: Sat, 03 Oct 2026 22:24:52 GMT
< Content-Type: application/vnd.npm.install-v1+json
< Transfer-Encoding: chunked
< Connection: keep-alive
< set-cookie: __cf_bm=vb_k5HKuTd2vaSw2Q9dvgUfnmsSu05uhdLad4O7lVck-1791066292.3886185-1.0.1.1-zx986GiJZzUglBZH43jr_65BlGsmfftlnIwKuZA1cT5gggAl3ZQ34c8NSaBVRyHulFuE8YGqsJP2vDYQp7rkyFbAx.fHvepbQyeEK_VAgffv5jaduoDnxvXOD884PnzG; HttpOnly; SameSite=None; Secure; Path=/; Domain=npmjs.org; Expires=Sat, 03 Oct 2026 22:54:52 GMT
< set-cookie: _cfuvid=4Zplo2sFJWfdMqt35Fl.oN_6DGhT3Qe58P8g2ssAf44-1791066292.3886185-1.0.1.1-ZRqLNB9ERFSAAeQLae64nntNJegCQWdKpLz8s9bjV4c; HttpOnly; SameSite=None; Secure; Path=/; Domain=npmjs.org
< CF-Ray: a44f5c076d29793f-TIA
< CF-Cache-Status: HIT
< ETag: W/"cd1d4e6a87feac668e782e281cd8060b"
< Access-Control-Allow-Origin: *
< Cache-Control: public, max-age=300
< Last-Modified: Thu, 22 Jun 2023 16:33:57 GMT
< Server: cloudflare
< Vary: accept-encoding, accept
< Content-Encoding: br

[PackageManager] waiting for 58 tasks
    [229.70ms]
Downloaded minimist versions
    [231.51ms]
Downloaded shebang-command versions
< 200 OK
< Date: Sat, 03 Oct 2026 22:24:52 GMT
< Content-Type: application/vnd.npm.install-v1+json
< Transfer-Encoding: chunked
< Connection: keep-alive
< set-cookie: __cf_bm=ZC_tHfuoy5z.tT9sOsiJJ_BOxAbIE8YchBZJ09DPqXs-1791066292.3882732-1.0.1.1-i._Rn4P.bTNeBPx8jL2LSoMV6VpgN7bq4_OIqlqwRFqFDvXSG6ouNY1eqkATuv0snqMO1SoiS2xlS5Z.REhh2cicNdvnjxL1mb9J9hXktaVI_.QN0ImhNDP_qxYDsciA; HttpOnly; SameSite=None; Secure; Path=/; Domain=npmjs.org; Expires=Sat, 03 Oct 2026 22:54:52 GMT
< set-cookie: _cfuvid=5JBYDw4zEZ7.nsGfKbdgJKGDkvF03ywM2JFc6_ewUyM-1791066292.3882732-1.0.1.1-BBrM6dc9uZh_k_bnR8vvAFrS6khrNWylckvYMkAVw74; HttpOnly; SameSite=None; Secure; Path=/; Domain=npmjs.org
< CF-Ray: a44f5c076cb59b00-TIA
< CF-Cache-Status: HIT
< ETag: W/"60ef13e186392866a9e14cf57cd6ab22"
< Access-Control-Allow-Origin: *
< Cache-Control: public, max-age=300
< Last-Modified: Sat, 22 Jul 2023 20:56:48 GMT
< Server: cloudflare
< Vary: accept-encoding, accept
< Content-Encoding: br

   - "base64-js": "^1.3.1" - base64-js@1.5.1
   - "universal-user-agent": "^6.0.0" - universal-user-agent@6.0.1
   - "once": "^1.3.1" - once@1.4.0
Enqueue package manifest for download: wrappy
[PackageManager] waiting for 56 tasks
   - "lru-cache": "^7.5.1" - lru-cache@7.18.3
[PackageManager] waiting for 55 tasks
   - "tar-stream": "^3.1.5" - tar-stream@3.2.2
   - "tar-stream": "^2.1.4" - tar-stream@2.2.0
Enqueue package manifest for download: b4a
Enqueue package manifest for download: streamx
Enqueue package manifest for download: fast-fifo
Enqueue package manifest for download: bl
Enqueue package manifest for download: fs-constants
Enqueue package manifest for download: end-of-stream
   - "readable-stream": "^3.1.1" - readable-stream@3.6.2
[PackageManager] waiting for 60 tasks
    [234.89ms]
Downloaded ieee754 versions
< 200 OK
< Date: Sat, 03 Oct 2026 22:24:52 GMT
< Content-Type: application/vnd.npm.install-v1+json
< Transfer-Encoding: chunked
< Connection: keep-alive
< set-cookie: __cf_bm=Di3_BI5Q.JaPRSBFMZOuU8xDbnOBhp05BlPBcDsfgLg-1791066292.3885434-1.0.1.1-_04AvRLBUykO3fgIkQjLjeflKGXW1FFX0LtDB5XXa11fkzEQpd4qUaQbinrLrXRyByfvwkOXNJlvvWBZKSahnBiIVytVLM1G85JAZyDjcH3obR7d.ha4K1NN4zxuHgzI; HttpOnly; SameSite=None; Secure; Path=/; Domain=npmjs.org; Expires=Sat, 03 Oct 2026 22:54:52 GMT
< set-cookie: _cfuvid=8p42d_.Xbwfe2st3F48ZZdCtp.FKykM7xOT6P5qjiGo-1791066292.3885434-1.0.1.1-kVx77n2h5l9DH95fdqB4.YbYVXSFKWJfkfDudAPvqgs; HttpOnly; SameSite=None; Secure; Path=/; Domain=npmjs.org
< CF-Ray: a44f5c076896bd99-TIA
< CF-Cache-Status: HIT
< ETag: W/"1adf5d6ae099b6882175b66dc9351f37"
< Access-Control-Allow-Origin: *
< Cache-Control: public, max-age=300
< Last-Modified: Sat, 28 Feb 2026 13:31:07 GMT
< Server: cloudflare
< Vary: accept-encoding, accept
< Content-Encoding: br

   - "shebang-command": "^2.0.0" - shebang-command@2.0.0
   - "minimist": "^1.2.3" - minimist@1.2.8
Enqueue package manifest for download: shebang-regex
[PackageManager] waiting for 59 tasks
[PackageManager] waiting for 59 tasks
    [231.86ms]
Downloaded pump versions
   - "ieee754": "^1.2.1" - ieee754@1.2.1
< 200 OK
< Date: Sat, 03 Oct 2026 22:24:52 GMT
< Content-Type: application/vnd.npm.install-v1+json
< Transfer-Encoding: chunked
< Connection: keep-alive
< set-cookie: __cf_bm=ovFiOcw9EmPKtaGcWhj5ijaaNgnxwsH68hhLx_0.vmc-1791066292.3883634-1.0.1.1-q0Ci1u7t8IPRlzF04YNcGZP1JOcFXu2tfkCly.tKkb0NaAbB2jAMtGpWCxzmmFNv0tngCFVG0RHkIpCoK3Ns9cfzdhA4HbbjyV0jPCREG9ObNeQbMRYodz61umHnRZz1; HttpOnly; SameSite=None; Secure; Path=/; Domain=npmjs.org; Expires=Sat, 03 Oct 2026 22:54:52 GMT
< set-cookie: _cfuvid=6A185h8.yD1EAHyWFDLs2c1ymsLOkuBi7vs9Gf_lTi4-1791066292.3883634-1.0.1.1-r60xOTyA9YIaW4n5F1G5grO1kB8REPV6nfz9ujuNiRM; HttpOnly; SameSite=None; Secure; Path=/; Domain=npmjs.org
< CF-Ray: a44f5c076fa951a4-TIA
< CF-Cache-Status: HIT
< ETag: W/"04329dd576b6763490c7326cf52eb694"
< Access-Control-Allow-Origin: *
< Cache-Control: public, max-age=300
< Last-Modified: Sat, 15 Nov 2025 16:35:06 GMT
< Server: cloudflare
< Vary: accept-encoding, accept
< Content-Encoding: br

[PackageManager] waiting for 58 tasks
[PackageManager] waiting for 58 tasks
    [230.56ms]
Downloaded color-string versions
< 200 OK
< Date: Sat, 03 Oct 2026 22:24:52 GMT
< Content-Type: application/vnd.npm.install-v1+json
< Transfer-Encoding: chunked
< Connection: keep-alive
< set-cookie: __cf_bm=obRoSUYfbboucvQU1moosBH0QemsjXVh16MXX_KcG0w-1791066292.3884242-1.0.1.1-0aA0zq24HXPXpfxDoEV5jCMTayHh5bw7ZwUVLsKlm6NqLoY2h4NKlK.saOoOc_6ZqLLp.L.IaV8J8CQkXyc0clZ_0j_QRivi2xm_HCHqed1Cx.u16ECnV.95xKYft5dE; HttpOnly; SameSite=None; Secure; Path=/; Domain=npmjs.org; Expires=Sat, 03 Oct 2026 22:54:52 GMT
< set-cookie: _cfuvid=4ttaJ57Ged9Xpe75jPd1Xe1PiwASIbg2cXuAU9f4wdI-1791066292.3884242-1.0.1.1-LwzOUA2EwrLxpyon6kMLatiVywVT3FC2pdkb4HnCpyA; HttpOnly; SameSite=None; Secure; Path=/; Domain=npmjs.org
< CF-Ray: a44f5c076fa851a4-TIA
< CF-Cache-Status: HIT
< ETag: W/"6eb5e39a8bb7c13b119822791403e5c5"
< Access-Control-Allow-Origin: *
< Cache-Control: public, max-age=300
< Last-Modified: Mon, 12 May 2025 22:37:35 GMT
< Server: cloudflare
< Vary: accept-encoding, accept
< Content-Encoding: br

[PackageManager] waiting for 58 tasks
   - "pump": "^3.0.0" - pump@3.0.4
[PackageManager] waiting for 57 tasks
    [233.98ms]
Downloaded before-after-hook versions
< 200 OK
< Date: Sat, 03 Oct 2026 22:24:52 GMT
< Content-Type: application/vnd.npm.install-v1+json
< Transfer-Encoding: chunked
< Connection: keep-alive
< set-cookie: __cf_bm=tOFFdGyGDJSrE4IavF5BLK.SeP_.BVcdVhdhxNrdfBc-1791066292.3881855-1.0.1.1-yTYIxm2fiJxT2n3A6CMtgoIaBdRPPdjqL.pDcmlUteyhDGrDOcVqMmpbEIUX9Q4zUhvG7mipVgKI5gk8XPd3jgEZm99yG1IOEVtssA8CUpqqGOEtNc_fqHOUdtP5c_Ld; HttpOnly; SameSite=None; Secure; Path=/; Domain=npmjs.org; Expires=Sat, 03 Oct 2026 22:54:52 GMT
< set-cookie: _cfuvid=T5kbYP5_jDnHZ6hNP45IYZWHcmS_JfF4J8Kc3UGkdXc-1791066292.3881855-1.0.1.1-Nw2UyAlQ0UpXjayxC_2rC294Lr1aFA7c6lP5BJpWTus; HttpOnly; SameSite=None; Secure; Path=/; Domain=npmjs.org
< CF-Ray: a44f5c076de37c08-TIA
< CF-Cache-Status: HIT
< ETag: W/"9c9a9f5ea0997c31ac79c9befe63ed60"
< Access-Control-Allow-Origin: *
< Cache-Control: public, max-age=300
< Last-Modified: Fri, 25 Sep 2026 19:24:22 GMT
< Server: cloudflare
< Vary: accept-encoding, accept
< Content-Encoding: br

[PackageManager] waiting for 57 tasks
   - "color-string": "^1.9.0" - color-string@1.9.1
Enqueue package manifest for download: simple-swizzle
[PackageManager] waiting for 57 tasks
   - "before-after-hook": "^2.2.0" - before-after-hook@2.2.3
[PackageManager] waiting for 56 tasks
    [232.36ms]
Downloaded bare-fs versions
< 200 OK
< Date: Sat, 03 Oct 2026 22:24:52 GMT
< Content-Type: application/vnd.npm.install-v1+json
< Transfer-Encoding: chunked
< Connection: keep-alive
< set-cookie: __cf_bm=SzXY2rN22.E8fcG1setUaR9pm_7NZEI_PNiH6n.HLd8-1791066292.3911722-1.0.1.1-aXcKN.vp7vWygOjSsHCeaDaFTjDx54a6DfReZtWynHLDV7P81GUz6g6l2wm6nWOCFWqKCMeFU_Hps.YyhdjSlaXPfBgwohemjUAttcSWEQyGJ30GmEYyaHUJPxKIeb1u; HttpOnly; SameSite=None; Secure; Path=/; Domain=npmjs.org; Expires=Sat, 03 Oct 2026 22:54:52 GMT
< set-cookie: _cfuvid=Onjy4piDACdlUxMpkMUQpxmAIfMriOZOYnNWvOOr0.k-1791066292.3911722-1.0.1.1-9RxKyqN1fz5AZ.n7f9g73agfsA6goyvi0xkOIxWV.E0; HttpOnly; SameSite=None; Secure; Path=/; Domain=npmjs.org
< CF-Ray: a44f5c07789dbd99-TIA
< CF-Cache-Status: HIT
< ETag: W/"c1e38b54f548816f698fe9cb3bc2f86b"
< Access-Control-Allow-Origin: *
< Cache-Control: public, max-age=300
< Last-Modified: Fri, 17 Jan 2025 03:07:02 GMT
< Server: cloudflare
< Vary: accept-encoding, accept
< Content-Encoding: br

< 200 OK
< Date: Sat, 03 Oct 2026 22:24:52 GMT
< Content-Type: application/vnd.npm.install-v1+json
< Transfer-Encoding: chunked
< Connection: keep-alive
< set-cookie: __cf_bm=j.dOalS.94BFWAf0XQSqRPbDz6HJwOIwNONhz44Jj.g-1791066292.3883796-1.0.1.1-DG4SQiPN0uTtAPQngitCMDV4F3rJXMrt4GME7n0RBfl5IaNl2jptQv0jnbOgHZLSBTasKPcEMOuN9GhvS80N0rUIQ8IEiMvp4CgWFdCLsRdmzfSS22_gyYyyxCxlNkWu; HttpOnly; SameSite=None; Secure; Path=/; Domain=npmjs.org; Expires=Sat, 03 Oct 2026 22:54:52 GMT
< set-cookie: _cfuvid=uqYIzUg14zY559rwzGPxC05O8En3JdgOBbFdCKBLwIk-1791066292.3883796-1.0.1.1-zWrhNdTIAq9PWWBgm8fQ9mP7mldFLSw1MjRdro04HuE; HttpOnly; SameSite=None; Secure; Path=/; Domain=npmjs.org
< CF-Ray: a44f5c076cb99b00-TIA
< CF-Cache-Status: HIT
< ETag: W/"398e25f78cc2d90464a25be4e956c4aa"
< Access-Control-Allow-Origin: *
< Cache-Control: public, max-age=300
< Last-Modified: Wed, 09 Sep 2026 20:11:32 GMT
< Server: cloudflare
< Vary: accept-encoding, accept
< Content-Encoding: br

[PackageManager] waiting for 56 tasks
    [228.41ms]
Downloaded napi-build-utils versions
[PackageManager] waiting for 56 tasks
   - "napi-build-utils": "^2.0.0" - napi-build-utils@2.0.0
[PackageManager] waiting for 55 tasks
    [232.65ms]
Downloaded which versions
< 200 OK
< Date: Sat, 03 Oct 2026 22:24:52 GMT
< Content-Type: application/vnd.npm.install-v1+json
< Transfer-Encoding: chunked
< Connection: keep-alive
< set-cookie: __cf_bm=KnAWYDX7rxYCcYYGG8g2xI50Y5whD0zJQWhR4GdH5N8-1791066292.38829-1.0.1.1-aaWXbLTXDtQWitDF0KOK4CrxgvUqAAPRCCLiUTcHWiuyarj_xRMd6nv2DyQA1Wkp2BUPUGUO7blSPicNZQzzbP38rvJIyOtG0mfLoNgd3bsVxNn1NUKmnNurgqwerF4F; HttpOnly; SameSite=None; Secure; Path=/; Domain=npmjs.org; Expires=Sat, 03 Oct 2026 22:54:52 GMT
< set-cookie: _cfuvid=kYFDRwmLsB1rN927UkZ.MozkFP6owobRQYcn6Y1k__0-1791066292.38829-1.0.1.1-sxWWwyiwEixA2Met1db_UhIklHNmVEgWrEseOfaXxyo; HttpOnly; SameSite=None; Secure; Path=/; Domain=npmjs.org
< CF-Ray: a44f5c076cb89b00-TIA
< CF-Cache-Status: HIT
< ETag: W/"11f1f3abb112c965d1bdc9266a1170a8"
< Access-Control-Allow-Origin: *
< Cache-Control: public, max-age=300
< Last-Modified: Fri, 21 Feb 2025 12:54:45 GMT
< Server: cloudflare
< Vary: accept-encoding, accept
< Content-Encoding: br

[PackageManager] waiting for 55 tasks
    [231.15ms]
Downloaded rc versions
< 200 OK
< Date: Sat, 03 Oct 2026 22:24:52 GMT
< Content-Type: application/vnd.npm.install-v1+json
< Transfer-Encoding: chunked
< Connection: keep-alive
< set-cookie: __cf_bm=uYYMxTlpmljZxgtSyisPPE.uFf8wAHd0nHP9hk3vMyc-1791066292.3911505-1.0.1.1-8gwxKDEky.AYWskAFgheo6xKUSUGWBcO0O1dDhua1EBlFyCld8_QlOPY.pZffOjE0gFuVlUa8x7IznQx9DEyHoiZc9TrItasa8frHmFS3touKJJd0EU6Z02vRaiYiZX7; HttpOnly; SameSite=None; Secure; Path=/; Domain=npmjs.org; Expires=Sat, 03 Oct 2026 22:54:52 GMT
< set-cookie: _cfuvid=zLSIibJUHvowDgy8oQKLgOQ9xAOhCnhqvKB1BmORBuA-1791066292.3911505-1.0.1.1-yoJAO3aRKZ9VO3khzSbY5TFYiL.c91rc9Nqj1zgakdE; HttpOnly; SameSite=None; Secure; Path=/; Domain=npmjs.org
< CF-Ray: a44f5c077fda5f50-TIA
< CF-Cache-Status: HIT
< ETag: W/"41e826ade4a0c2a85af7f84a0a74aa09"
< Access-Control-Allow-Origin: *
< Cache-Control: public, max-age=300
< Last-Modified: Mon, 09 May 2022 12:18:52 GMT
< Server: cloudflare
< Vary: accept-encoding, accept
< Content-Encoding: br

< 200 OK
< Date: Sat, 03 Oct 2026 22:24:52 GMT
< Content-Type: application/vnd.npm.install-v1+json
< Transfer-Encoding: chunked
< Connection: keep-alive
< set-cookie: __cf_bm=uCt0PYezqjo8D6l94_Q8LQm1Li64KtmEmKEDW5vIItI-1791066292.3912823-1.0.1.1-CDUp3frk.GfKPRpULpp38tDSlzD43hD6aR9RoMnZbh.e9mGn6AchfAGoL9PP8YTopp_6aGvRp1_R2b1cM2Qk7rzy_aMfkmit05vlxDywlik8OotA7RFvwZaKZlMACB3p; HttpOnly; SameSite=None; Secure; Path=/; Domain=npmjs.org; Expires=Sat, 03 Oct 2026 22:54:52 GMT
< set-cookie: _cfuvid=6hRScBxjrJqI4fhPc6ceWbZZcXQGWKn.aHcCermoJaE-1791066292.3912823-1.0.1.1-Z59HixFqblQ_1rK.GiakREDb_GEPXaDwv5L_6gEpCSQ; HttpOnly; SameSite=None; Secure; Path=/; Domain=npmjs.org
< CF-Ray: a44f5c077eecf474-TIA
< CF-Cache-Status: HIT
< ETag: W/"abc96ad5c741aa65d807b06df08f3074"
< Access-Control-Allow-Origin: *
< Cache-Control: public, max-age=300
< Last-Modified: Mon, 19 Jan 2026 15:08:57 GMT
< Server: cloudflare
< Vary: accept-encoding, accept
< Content-Encoding: br

[PackageManager] waiting for 55 tasks
    [229.04ms]
Downloaded mkdirp-classic versions
   - "which": "^2.0.1" - which@2.0.2
Enqueue package manifest for download: isexe
[PackageManager] waiting for 55 tasks
   - "mkdirp-classic": "^0.5.3" - mkdirp-classic@0.5.3
[PackageManager] waiting for 54 tasks
    [228.02ms]
Downloaded eventemitter3 versions
< 200 OK
< Date: Sat, 03 Oct 2026 22:24:52 GMT
< Content-Type: application/vnd.npm.install-v1+json
< Transfer-Encoding: chunked
< Connection: keep-alive
< set-cookie: __cf_bm=HvewrE09VjsEWp2rB9fp_kGr0kWHoSxqWM9CmBOJPus-1791066292.3882296-1.0.1.1-.aBSnWCee2WrKKjB4japFY0rsjL0kZvYzXPH_hxl2azJrclnt1BQPJTFuERenlEz74wjX.AEfa94mEuU42ySAfFjovX7rLC6N.hFHxWEDlfrqh.1qBvgA2Cf27Xw6BfE; HttpOnly; SameSite=None; Secure; Path=/; Domain=npmjs.org; Expires=Sat, 03 Oct 2026 22:54:52 GMT
< set-cookie: _cfuvid=e2Nf7E99vfbpG4beh2Ik.5kC6jy1tP3axjZzFCXIgs4-1791066292.3882296-1.0.1.1-a49EWMtky58dcSmOiH2o1e84mvzkrB17fJR20hHXAkg; HttpOnly; SameSite=None; Secure; Path=/; Domain=npmjs.org
< CF-Ray: a44f5c076fd55f50-TIA
< CF-Cache-Status: HIT
< ETag: W/"2d6f7feadeaaa5de93d4ceb66fbb8601"
< Access-Control-Allow-Origin: *
< Cache-Control: public, max-age=300
< Last-Modified: Fri, 28 Aug 2026 19:13:26 GMT
< Server: cloudflare
< Vary: accept-encoding, accept
< Content-Encoding: br

[PackageManager] waiting for 54 tasks
   - "bare-fs": "^4.0.1" - bare-fs@4.8.2
Enqueue package manifest for download: bare-url
Enqueue package manifest for download: bare-events
Enqueue package manifest for download: bare-stream
[PackageManager] waiting for 56 tasks
   - "rc": "^1.2.7" - rc@1.2.8
Enqueue package manifest for download: ini
Enqueue package manifest for download: deep-extend
Enqueue package manifest for download: strip-json-comments
[PackageManager] waiting for 58 tasks
   - "eventemitter3": "^2.0.0" - eventemitter3@2.0.3
[PackageManager] waiting for 57 tasks
    [231.50ms]
Downloaded node-abi versions
< 200 OK
< Date: Sat, 03 Oct 2026 22:24:52 GMT
< Content-Type: application/vnd.npm.install-v1+json
< Transfer-Encoding: chunked
< Connection: keep-alive
< set-cookie: __cf_bm=ku8gAFauNsQXHQMPfZZzfGpencFtTk2ODHu_sjgyAy8-1791066292.3883982-1.0.1.1-VkMRDJudIkw.1JealpAXiMKIkGP.ZcLJG1C2rO3kkbCfNdLad3P5aKvwI7s6f3hB53hkzqBqm5W1EkFUCuCpOf5IdbEzrQHXROAz0EUN58Xz05NfG34iXJxlUVjyNsxH; HttpOnly; SameSite=None; Secure; Path=/; Domain=npmjs.org; Expires=Sat, 03 Oct 2026 22:54:52 GMT
< set-cookie: _cfuvid=Bz9asTy5oYzoPGait6yu460l6JmcX44F9EAcGx6Vd8o-1791066292.3883982-1.0.1.1-NhNa9VtPrNKeNiv_iOWflmEsAjvTYA_.1vBwRiEcgZo; HttpOnly; SameSite=None; Secure; Path=/; Domain=npmjs.org
< CF-Ray: a44f5c076de67c08-TIA
< CF-Cache-Status: HIT
< ETag: W/"91f094e16ac98b4812ef61af092c1c16"
< Access-Control-Allow-Origin: *
< Cache-Control: public, max-age=300
< Last-Modified: Mon, 13 Oct 2025 18:04:06 GMT
< Server: cloudflare
< Vary: accept-encoding, accept
< Content-Encoding: br

[PackageManager] waiting for 57 tasks
    [231.84ms]
Downloaded decompress-response versions
< 200 OK
< Date: Sat, 03 Oct 2026 22:24:52 GMT
< Content-Type: application/vnd.npm.install-v1+json
< Transfer-Encoding: chunked
< Connection: keep-alive
< set-cookie: __cf_bm=3dnEYeZy66sGV83cFWUT7TnmzilJ_n2MqNQSZfKQsjw-1791066292.3912275-1.0.1.1-nbtn_06BZAcROrYeDJdvXyVCUgK3D3fFLPBevXAJycDXyus62NjNxDFK1qNaOvHQga8en6aNuDE9Qlej98wYtRpzpq_NF8bE3VXAfZiQqaiRE1BCGYUve.rrbb8Z3ZE8; HttpOnly; SameSite=None; Secure; Path=/; Domain=npmjs.org; Expires=Sat, 03 Oct 2026 22:54:52 GMT
< set-cookie: _cfuvid=oQIcUe0GcPVKMHWExYdV_BuirwH9VrIGhmxHC0rpLEA-1791066292.3912275-1.0.1.1-Ld7zQnZD5xpmDH4qJpYB_kEfvvCYskbLSZqBNNjbSEA; HttpOnly; SameSite=None; Secure; Path=/; Domain=npmjs.org
< CF-Ray: a44f5c077d2f793f-TIA
< CF-Cache-Status: HIT
< ETag: W/"33af69cc559ed0b2379af49c30effb9b"
< Access-Control-Allow-Origin: *
< Cache-Control: public, max-age=300
< Last-Modified: Mon, 07 Sep 2026 22:42:06 GMT
< Server: cloudflare
< Vary: accept-encoding, accept
< Content-Encoding: br

[PackageManager] waiting for 57 tasks
    [228.69ms]
Downloaded entities versions
< 200 OK
< Date: Sat, 03 Oct 2026 22:24:52 GMT
< Content-Type: application/vnd.npm.install-v1+json
< Transfer-Encoding: chunked
< Connection: keep-alive
< set-cookie: __cf_bm=JubteM0tXLI0mEWyFJCAdHOfykM3FzFX0rC4j4pixXE-1791066292.391294-1.0.1.1-3upIqH7ILjHXYh_tRhiT1g8vwU1IojS40cdhoj6AkhKJlGJyPMyvBsgLCtKkQELgDm1D06E1bESfXwJfefUo_.gmIxIZHmkdc431Xp1W4Vot97smkDKI0AFgqGV8MoYE; HttpOnly; SameSite=None; Secure; Path=/; Domain=npmjs.org; Expires=Sat, 03 Oct 2026 22:54:52 GMT
< set-cookie: _cfuvid=oQig9MiygBgT61vnbSKBScNUrfSxiLMHhrGnb1.oYcQ-1791066292.391294-1.0.1.1-3H8nJkxxQSyFgr_ScUGDxFF8N.eDm3a061w_HKewuQs; HttpOnly; SameSite=None; Secure; Path=/; Domain=npmjs.org
< CF-Ray: a44f5c077cbe9b00-TIA
< CF-Cache-Status: HIT
< ETag: W/"bfca1e927694e8af45f83a0c36cf9c71"
< Access-Control-Allow-Origin: *
< Cache-Control: public, max-age=300
< Last-Modified: Fri, 11 Nov 2022 06:35:23 GMT
< Server: cloudflare
< Vary: accept-encoding, accept
< Content-Encoding: br

   - "decompress-response": "^6.0.0" - decompress-response@6.0.0
Enqueue package manifest for download: mimic-response
[PackageManager] waiting for 57 tasks
[PackageManager] waiting for 57 tasks
    [229.28ms]
Downloaded github-from-package versions
< 200 OK
< Date: Sat, 03 Oct 2026 22:24:52 GMT
< Content-Type: application/vnd.npm.install-v1+json
< Transfer-Encoding: chunked
< Connection: keep-alive
< set-cookie: __cf_bm=5.jDOe.oo8douOoCULDim.W3d7RAHR0_mox_BrjPAgM-1791066292.3927457-1.0.1.1-IPfHDcERJVUYwZZRShPHJRFIG4YB3qFhLRW3aONTOsN0pO0xZzaOnFsUdQjmxSwDDnd87SNWkv1zQ36Wnp_LhUkGEUmI6kfB866xjNNg58llTMXx_JP1CY.DAWOioz_y; HttpOnly; SameSite=None; Secure; Path=/; Domain=npmjs.org; Expires=Sat, 03 Oct 2026 22:54:52 GMT
< set-cookie: _cfuvid=2bkXUY.S.wmK.7vMir6FBttXhx3vQNeXlPlljwgBPq0-1791066292.3927457-1.0.1.1-JuWmsQdL2RcZhDVaRkKZ3aZvKcQmCeYG9Isy639Dwn8; HttpOnly; SameSite=None; Secure; Path=/; Domain=npmjs.org
< CF-Ray: a44f5c077fdd5f50-TIA
< CF-Cache-Status: HIT
< ETag: W/"bc9e75bfa6df108a0b24a796c7bf772a"
< Access-Control-Allow-Origin: *
< Cache-Control: public, max-age=300
< Last-Modified: Wed, 29 Jun 2022 05:36:09 GMT
< Server: cloudflare
< Vary: accept-encoding, accept
< Content-Encoding: br

[PackageManager] waiting for 57 tasks
< 200 OK
< Date: Sat, 03 Oct 2026 22:24:52 GMT
< Content-Type: application/vnd.npm.install-v1+json
< Transfer-Encoding: chunked
< Connection: keep-alive
< set-cookie: __cf_bm=2YYF9Vcghvm46B0VmKcVa27UNw7Uph0HV0OuTltZRLk-1791066292.3909929-1.0.1.1-AWu6pFrya.N7.WUQu2XC_DrLU5mBIRtOPxVgjqeG13mIgKKFeXUQFN31QtjPhnhwWH.eOJEGFxgvOv7GjChCA6ESouIhCgKYIEqg5YAxPEDoLB4SBatBZqnWRVkswErd; HttpOnly; SameSite=None; Secure; Path=/; Domain=npmjs.org; Expires=Sat, 03 Oct 2026 22:54:52 GMT
< set-cookie: _cfuvid=p71urLOTIc5n6lMCS3NZVGEO9SzZ444pjAnJj43WVuQ-1791066292.3909929-1.0.1.1-A61_MUrSiAloj2xebdYkhNb.6.4UC8HeBjJTO_XVapY; HttpOnly; SameSite=None; Secure; Path=/; Domain=npmjs.org
< CF-Ray: a44f5c077fd95f50-TIA
< CF-Cache-Status: HIT
< ETag: W/"65ce71502682063b2265083d9c50e282"
< Access-Control-Allow-Origin: *
< Cache-Control: public, max-age=300
< Last-Modified: Fri, 17 Jun 2022 21:59:54 GMT
< Server: cloudflare
< Vary: accept-encoding, accept
< Content-Encoding: br

    [226.26ms]
Downloaded xml-lexer versions
< 200 OK
< Date: Sat, 03 Oct 2026 22:24:52 GMT
< Content-Type: application/vnd.npm.install-v1+json
< Transfer-Encoding: chunked
< Connection: keep-alive
< set-cookie: __cf_bm=hC_ooajKbjDAG9v42kg.FIQqPZVPoUY4X0BtRdPIFMs-1791066292.395989-1.0.1.1-ss4KdgWpEaa2mfAvdp_WhVD_mlQ6Fp046xJZV5bVfTaDsP0N4M7Kp7xZkkhEvEPLGw8nOKKns7ZOSqovjZOFkpoIsJsZoHhtyaPbQR91z0IheQSq1mfdDpnt3vq1KBy0; HttpOnly; SameSite=None; Secure; Path=/; Domain=npmjs.org; Expires=Sat, 03 Oct 2026 22:54:52 GMT
< set-cookie: _cfuvid=U0cxOove4tOHyMl99wJlV6ezEQz1ILgUxVzaVO5bJSI-1791066292.395989-1.0.1.1-H.pQV77GM3cmAivFPVke6xGpjeX3KKpWfEqlui8sf.U; HttpOnly; SameSite=None; Secure; Path=/; Domain=npmjs.org
< CF-Ray: a44f5c077cc79b00-TIA
< CF-Cache-Status: HIT
< ETag: W/"63257746dc0de9460c4b4e17c8b2aa02"
< Access-Control-Allow-Origin: *
< Cache-Control: public, max-age=300
< Last-Modified: Tue, 14 Jun 2022 23:28:18 GMT
< Server: cloudflare
< Vary: accept-encoding, accept
< Content-Encoding: br

   - "github-from-package": "0.0.0" - github-from-package@0.0.0
[PackageManager] waiting for 56 tasks
    [229.82ms]
Downloaded expand-template versions
    [223.74ms]
Downloaded define-property versions
< 200 OK
< Date: Sat, 03 Oct 2026 22:24:52 GMT
< Content-Type: application/vnd.npm.install-v1+json
< Transfer-Encoding: chunked
< Connection: keep-alive
< set-cookie: __cf_bm=3hwqspQhPvWQwtru8p8N.kepA88rgnR2z2kZoESHCLE-1791066292.4026124-1.0.1.1-gvIsV_JHkyWS_VTH0KSGi8TbvfQaDPhhJbmff3YkoVSKxN2rTiiat5KvEMGIO8IH1HYyuhKWC4A9.7s9_DgzkW4bNzhqS45y2DIXmpXK82bcG9Zh6Zin0C2sQpmb8Pvn; HttpOnly; SameSite=None; Secure; Path=/; Domain=npmjs.org; Expires=Sat, 03 Oct 2026 22:54:52 GMT
< set-cookie: _cfuvid=K0APGul4KK8qRaEyZ2tDh7wxEDxF0.OeXZjXlTmbyqg-1791066292.4026124-1.0.1.1-AKpVXj0zux6m8NgI8DH1OACQepHLwvKK3.Y16DuYLnE; HttpOnly; SameSite=None; Secure; Path=/; Domain=npmjs.org
< CF-Ray: a44f5c078efaf474-TIA
< CF-Cache-Status: HIT
< ETag: W/"c7654ab1cdb396151856bbb01c4152f2"
< Access-Control-Allow-Origin: *
< Cache-Control: public, max-age=300
< Last-Modified: Sat, 11 Jan 2025 17:02:19 GMT
< Server: cloudflare
< Vary: accept-encoding, accept
< Content-Encoding: br

   - "entities": "^4.2.0" - entities@4.5.0
[PackageManager] waiting for 55 tasks
< 200 OK
< Date: Sat, 03 Oct 2026 22:24:52 GMT
< Content-Type: application/vnd.npm.install-v1+json
< Transfer-Encoding: chunked
< Connection: keep-alive
< set-cookie: __cf_bm=U62LxO2Tvtmobf.L9vUg2jwwvvWQmRLvCNOGcsStY0Q-1791066292.4026504-1.0.1.1-O_tZIYD76Ml.cJFNfD.HOj0cVLU5Zu55bPD_Nb_2miGxXuNDmCaBr7kyrG18akKuoUFp7hBUf433d8l0kXgus3bUjGZw6qqpICgfTYVEn_8ktxy.t8F1WlQy_qVZyBjI; HttpOnly; SameSite=None; Secure; Path=/; Domain=npmjs.org; Expires=Sat, 03 Oct 2026 22:54:52 GMT
< set-cookie: _cfuvid=0cZd5XPo.Br5hXDHbWJOgP2wDIEgKJNrwI7rw68n1Vo-1791066292.4026504-1.0.1.1-pGEpayN53MuZ6Tnu3fcYttt5SmSg2k_Xl3IhiKzGaYA; HttpOnly; SameSite=None; Secure; Path=/; Domain=npmjs.org
< CF-Ray: a44f5c078ef9f474-TIA
< CF-Cache-Status: HIT
< ETag: W/"59923ed26b07a860db2f27c123e8a5f0"
< Access-Control-Allow-Origin: *
< Cache-Control: public, max-age=300
< Last-Modified: Sun, 26 Jun 2022 10:43:09 GMT
< Server: cloudflare
< Vary: accept-encoding, accept
< Content-Encoding: br

< 200 OK
< Date: Sat, 03 Oct 2026 22:24:52 GMT
< Content-Type: application/vnd.npm.install-v1+json
< Transfer-Encoding: chunked
< Connection: keep-alive
< set-cookie: __cf_bm=Z7qg1622hLl1SpDCoRMoW2XynYS34EaQqoCrwvw.kfM-1791066292.4100542-1.0.1.1-_Hxkllt2Bp.wPtAjpR6rl5.su2fm617xEk.QlAVytXQJb7o0V2kEJph.ym3aSkh_Kn2xPy2JvM8SFNXsWySk8y55NKJZoV3Uq4V_95GzqmIQ_5AJH6LUILgMMxXRpDtO; HttpOnly; SameSite=None; Secure; Path=/; Domain=npmjs.org; Expires=Sat, 03 Oct 2026 22:54:52 GMT
< set-cookie: _cfuvid=DI4qeOVMbQW2CROXyZe61lvqGUL0jiVfFHmeU4hwGoA-1791066292.4100542-1.0.1.1-nZEBFRe15QN.m9A0BXb6E_VXBHqJPlAUe3I7LaW5p0Q; HttpOnly; SameSite=None; Secure; Path=/; Domain=npmjs.org
< CF-Ray: a44f5c0788babd99-TIA
< CF-Cache-Status: HIT
< ETag: W/"47deffbfb71a701056c86b6f4e7acfd8"
< Access-Control-Allow-Origin: *
< Cache-Control: public, max-age=300
< Last-Modified: Fri, 26 May 2023 16:12:34 GMT
< Server: cloudflare
< Vary: accept-encoding, accept
< Content-Encoding: br

< 200 OK
< Date: Sat, 03 Oct 2026 22:24:52 GMT
< Content-Type: application/vnd.npm.install-v1+json
< Transfer-Encoding: chunked
< Connection: keep-alive
< set-cookie: __cf_bm=EPSvuld_5zHpuZe_6StwybPmXuDZ6GD_zQCFD7WqmtU-1791066292.4152343-1.0.1.1-XgTx9QI0io168djjyUFbqCN8rxu.xT8vcDXTM_VxuTWI6wexWIsjySy9t6DaeoGlAihM9RRPO0ZX6W8QZLXensFN7ANzxb_S6tH4aU2mJS9WxNvcMB4eSDbBfDKqT9O_; HttpOnly; SameSite=None; Secure; Path=/; Domain=npmjs.org; Expires=Sat, 03 Oct 2026 22:54:52 GMT
< set-cookie: _cfuvid=PMjczvcgYk86sSlhtMfP7dHFFAdQqZlW1x1LkKaIVpI-1791066292.4152343-1.0.1.1-x78HLWpFLHWn3p1g4iNqdex7MUFwYbdvhZ32ZGygKZU; HttpOnly; SameSite=None; Secure; Path=/; Domain=npmjs.org
< CF-Ray: a44f5c079cec9b00-TIA
< CF-Cache-Status: HIT
< ETag: W/"7495ca796ee086bd2df5ac03ac79bce7"
< Access-Control-Allow-Origin: *
< Cache-Control: public, max-age=300
< Last-Modified: Mon, 27 Jun 2022 07:24:38 GMT
< Server: cloudflare
< Vary: accept-encoding, accept
< Content-Encoding: br

[PackageManager] waiting for 55 tasks
    [216.88ms]
Downloaded safe-regex versions
    [217.10ms]
Downloaded regex-not versions
    [212.86ms]
Downloaded is-number versions
   - "xml-lexer": "^0.2.2" - xml-lexer@0.2.2
[PackageManager] waiting for 54 tasks
   - "expand-template": "^2.0.3" - expand-template@2.0.3
   - "define-property": "^2.0.2" - define-property@2.0.2
   - "define-property": "^0.2.5" - define-property@0.2.5
   - "define-property": "^1.0.0" - define-property@1.0.0
Enqueue package manifest for download: is-descriptor
[PackageManager] waiting for 53 tasks
    [208.41ms]
Downloaded to-regex-range versions
< 200 OK
< Date: Sat, 03 Oct 2026 22:24:52 GMT
< Content-Type: application/vnd.npm.install-v1+json
< Transfer-Encoding: chunked
< Connection: keep-alive
< set-cookie: __cf_bm=hbkIH7VhMsNB1Ebqvw_HKV6Pn3SGfQU5xn8Y..WawvU-1791066292.415179-1.0.1.1-H4UFFocmOr6S19wAGqtb0VXKEoWSY89je5L_d1kMWM7ygYs7SCIflgWAphrZ25sLbwMADPSkYjrhHaiujUeTBfUhXP.fRxk1bkAWpppFaZBhqopp7MDKw46nlobELLcN; HttpOnly; SameSite=None; Secure; Path=/; Domain=npmjs.org; Expires=Sat, 03 Oct 2026 22:54:52 GMT
< set-cookie: _cfuvid=HOYnrK8Pb2P_GIC7eNmw0JJ5HNa4AJ1fZXtX4NadfeA-1791066292.415179-1.0.1.1-v47A3DGh1behUzbED6XS.ZZ5zsYwZ5bpMpCVwjDyk8U; HttpOnly; SameSite=None; Secure; Path=/; Domain=npmjs.org
< CF-Ray: a44f5c079e0d7c08-TIA
< CF-Cache-Status: HIT
< ETag: W/"7e65197800328688f66f8a5a506b6304"
< Access-Control-Allow-Origin: *
< Cache-Control: public, max-age=300
< Last-Modified: Wed, 12 Apr 2023 03:59:58 GMT
< Server: cloudflare
< Vary: accept-encoding, accept
< Content-Encoding: br

[PackageManager] waiting for 53 tasks
< 200 OK
< Date: Sat, 03 Oct 2026 22:24:52 GMT
< Content-Type: application/vnd.npm.install-v1+json
< Transfer-Encoding: chunked
< Connection: keep-alive
< set-cookie: __cf_bm=TaIMfOnHL0cegd511NdB4SlLNV6mGI2OaJCxTxA_Vh0-1791066292.415142-1.0.1.1-VZn07gfnTOHcDxWgL9x3cxyXVzicscQcyD.XRt8czdWVS3koTz2tu9wWdgtOvM8fJgtQIJR3oZfPs3fjhXgOsrqTn3Kne8aLpmzl3cIzsUO4zpfYEba8dPbtRir0HA0b; HttpOnly; SameSite=None; Secure; Path=/; Domain=npmjs.org; Expires=Sat, 03 Oct 2026 22:54:52 GMT
< set-cookie: _cfuvid=iFcJjRow4hbkyJBy19PsyhkXkKMeoQ7bTiktOFPcBYo-1791066292.415142-1.0.1.1-bEsP2rzc4nVtp.ptjnpFzmKvxqcjo3NhhfKLBtdhNew; HttpOnly; SameSite=None; Secure; Path=/; Domain=npmjs.org
< CF-Ray: a44f5c079e0e7c08-TIA
< CF-Cache-Status: HIT
< ETag: W/"6ca903948e0542d5de71858541d1f476"
< Access-Control-Allow-Origin: *
< Cache-Control: public, max-age=300
< Last-Modified: Sun, 19 Jun 2022 15:51:01 GMT
< Server: cloudflare
< Vary: accept-encoding, accept
< Content-Encoding: br

    [208.43ms]
Downloaded base versions
   - "regex-not": "^1.0.2" - regex-not@1.0.2
   - "is-number": "^3.0.0" - is-number@3.0.0
   - "safe-regex": "^1.1.0" - safe-regex@1.1.0
   - "to-regex-range": "^2.1.0" - to-regex-range@2.1.1
   - "to-regex-range": "^5.0.1" - to-regex-range@5.0.1
Enqueue package manifest for download: ret
   - "is-number": "^7.0.0" - is-number@7.0.0
[PackageManager] waiting for 50 tasks
    [207.13ms]
Downloaded map-cache versions
   - "node-abi": "^3.3.0" - node-abi@3.96.0
[PackageManager] waiting for 49 tasks
   - "map-cache": "^0.2.2" - map-cache@0.2.2
< 200 OK
< Date: Sat, 03 Oct 2026 22:24:52 GMT
< Content-Type: application/vnd.npm.install-v1+json
< Transfer-Encoding: chunked
< Connection: keep-alive
< set-cookie: __cf_bm=Q9iGMGuMEGdjsvH_zWpGk6_2_Vvl9m6Y1PEVaKX33EA-1791066292.4100032-1.0.1.1-ZJzIK3KaM9tkbohhw.YabrlCcjSvq0i7yeJaUgDCdFQPO_gch0WGGR0UHKdfjA4Jdy6kIcbcn4CpJlyZ8D3zVnnZvhTco2QT3B.yUY_12.YYnDvQ9T3CY38vKDziUw7M; HttpOnly; SameSite=None; Secure; Path=/; Domain=npmjs.org; Expires=Sat, 03 Oct 2026 22:54:52 GMT
< set-cookie: _cfuvid=MkABDD4I5xFYhEOUhnpu9b.NnfRtKfoDditH8qBBqho-1791066292.4100032-1.0.1.1-tKWazf88mOacaTF.3VliwGPABFSBYc5CHHkODobj..U; HttpOnly; SameSite=None; Secure; Path=/; Domain=npmjs.org
< CF-Ray: a44f5c078ce49b00-TIA
< CF-Cache-Status: HIT
< ETag: W/"03734e3027b8ea3d9fd8e1a3f3d07717"
< Access-Control-Allow-Origin: *
< Cache-Control: public, max-age=300
< Last-Modified: Sun, 26 Jun 2022 11:18:42 GMT
< Server: cloudflare
< Vary: accept-encoding, accept
< Content-Encoding: br

[PackageManager] waiting for 48 tasks
    [213.07ms]
Downloaded repeat-string versions
> HTTP/1.1 GET https://registry.npmjs.org/wrappy
> Accept: application/vnd.npm.install-v1+json; q=1.0, application/json; q=0.8, */*
> Connection: keep-alive
> User-Agent: Bun/1.3.9
> Host: registry.npmjs.org
> Accept-Encoding: gzip, deflate, br, zstd

> HTTP/1.1 GET https://registry.npmjs.org/b4a
> Accept: application/vnd.npm.install-v1+json; q=1.0, application/json; q=0.8, */*
> Connection: keep-alive
> User-Agent: Bun/1.3.9
> Host: registry.npmjs.org
> Accept-Encoding: gzip, deflate, br, zstd

> HTTP/1.1 GET https://registry.npmjs.org/streamx
> Accept: application/vnd.npm.install-v1+json; q=1.0, application/json; q=0.8, */*
> Connection: keep-alive
> User-Agent: Bun/1.3.9
> Host: registry.npmjs.org
> Accept-Encoding: gzip, deflate, br, zstd

> HTTP/1.1 GET https://registry.npmjs.org/fast-fifo
> Accept: application/vnd.npm.install-v1+json; q=1.0, application/json; q=0.8, */*
> Connection: keep-alive
> User-Agent: Bun/1.3.9
> Host: registry.npmjs.org
> Accept-Encoding: gzip, deflate, br, zstd

> HTTP/1.1 GET https://registry.npmjs.org/bl
> Accept: application/vnd.npm.install-v1+json; q=1.0, application/json; q=0.8, */*
> Connection: keep-alive
> User-Agent: Bun/1.3.9
> Host: registry.npmjs.org
> Accept-Encoding: gzip, deflate, br, zstd

> HTTP/1.1 GET https://registry.npmjs.org/fs-constants
> Accept: application/vnd.npm.install-v1+json; q=1.0, application/json; q=0.8, */*
> Connection: keep-alive
> User-Agent: Bun/1.3.9
> Host: registry.npmjs.org
> Accept-Encoding: gzip, deflate, br, zstd

[PackageManager] waiting for 48 tasks
> HTTP/1.1 GET https://registry.npmjs.org/end-of-stream
> Accept: application/vnd.npm.install-v1+json; q=1.0, application/json; q=0.8, */*
> Connection: keep-alive
> User-Agent: Bun/1.3.9
> Host: registry.npmjs.org
> Accept-Encoding: gzip, deflate, br, zstd

> HTTP/1.1 GET https://registry.npmjs.org/shebang-regex
> Accept: application/vnd.npm.install-v1+json; q=1.0, application/json; q=0.8, */*
> Connection: keep-alive
> User-Agent: Bun/1.3.9
> Host: registry.npmjs.org
> Accept-Encoding: gzip, deflate, br, zstd

   - "repeat-string": "^1.6.1" - repeat-string@1.6.1
   - "base": "^0.11.1" - base@0.11.2
Enqueue package manifest for download: cache-base
Enqueue package manifest for download: class-utils
Enqueue package manifest for download: component-emitter
Enqueue package manifest for download: mixin-deep
Enqueue package manifest for download: pascalcase
> HTTP/1.1 GET https://registry.npmjs.org/simple-swizzle
> Accept: application/vnd.npm.install-v1+json; q=1.0, application/json; q=0.8, */*
> Connection: keep-alive
> User-Agent: Bun/1.3.9
> Host: registry.npmjs.org
> Accept-Encoding: gzip, deflate, br, zstd

> HTTP/1.1 GET https://registry.npmjs.org/isexe
> Accept: application/vnd.npm.install-v1+json; q=1.0, application/json; q=0.8, */*
> Connection: keep-alive
> User-Agent: Bun/1.3.9
> Host: registry.npmjs.org
> Accept-Encoding: gzip, deflate, br, zstd

> HTTP/1.1 GET https://registry.npmjs.org/bare-url
> Accept: application/vnd.npm.install-v1+json; q=1.0, application/json; q=0.8, */*
> Connection: keep-alive
> User-Agent: Bun/1.3.9
> Host: registry.npmjs.org
> Accept-Encoding: gzip, deflate, br, zstd

> HTTP/1.1 GET https://registry.npmjs.org/bare-events
> Accept: application/vnd.npm.install-v1+json; q=1.0, application/json; q=0.8, */*
> Connection: keep-alive
> User-Agent: Bun/1.3.9
> Host: registry.npmjs.org
> Accept-Encoding: gzip, deflate, br, zstd

> HTTP/1.1 GET https://registry.npmjs.org/bare-stream
> Accept: application/vnd.npm.install-v1+json; q=1.0, application/json; q=0.8, */*
> Connection: keep-alive
> User-Agent: Bun/1.3.9
> Host: registry.npmjs.org
> Accept-Encoding: gzip, deflate, br, zstd

> HTTP/1.1 GET https://registry.npmjs.org/ini
> Accept: application/vnd.npm.install-v1+json; q=1.0, application/json; q=0.8, */*
> Connection: keep-alive
> User-Agent: Bun/1.3.9
> Host: registry.npmjs.org
> Accept-Encoding: gzip, deflate, br, zstd

> HTTP/1.1 GET https://registry.npmjs.org/deep-extend
> Accept: application/vnd.npm.install-v1+json; q=1.0, application/json; q=0.8, */*
> Connection: keep-alive
> User-Agent: Bun/1.3.9
> Host: registry.npmjs.org
> Accept-Encoding: gzip, deflate, br, zstd

> HTTP/1.1 GET https://registry.npmjs.org/strip-json-comments
> Accept: application/vnd.npm.install-v1+json; q=1.0, application/json; q=0.8, */*
> Connection: keep-alive
> User-Agent: Bun/1.3.9
> Host: registry.npmjs.org
> Accept-Encoding: gzip, deflate, br, zstd

> HTTP/1.1 GET https://registry.npmjs.org/mimic-response
> Accept: application/vnd.npm.install-v1+json; q=1.0, application/json; q=0.8, */*
> Connection: keep-alive
> User-Agent: Bun/1.3.9
> Host: registry.npmjs.org
> Accept-Encoding: gzip, deflate, br, zstd

> HTTP/1.1 GET https://registry.npmjs.org/is-descriptor
> Accept: application/vnd.npm.install-v1+json; q=1.0, application/json; q=0.8, */*
> Connection: keep-alive
> User-Agent: Bun/1.3.9
> Host: registry.npmjs.org
> Accept-Encoding: gzip, deflate, br, zstd

> HTTP/1.1 GET https://registry.npmjs.org/ret
> Accept: application/vnd.npm.install-v1+json; q=1.0, application/json; q=0.8, */*
> Connection: keep-alive
> User-Agent: Bun/1.3.9
> Host: registry.npmjs.org
> Accept-Encoding: gzip, deflate, br, zstd

> HTTP/1.1 GET https://registry.npmjs.org/cache-base
> Accept: application/vnd.npm.install-v1+json; q=1.0, application/json; q=0.8, */*
> Connection: keep-alive
> User-Agent: Bun/1.3.9
> Host: registry.npmjs.org
> Accept-Encoding: gzip, deflate, br, zstd

> HTTP/1.1 GET https://registry.npmjs.org/class-utils
> Accept: application/vnd.npm.install-v1+json; q=1.0, application/json; q=0.8, */*
> Connection: keep-alive
> User-Agent: Bun/1.3.9
> Host: registry.npmjs.org
> Accept-Encoding: gzip, deflate, br, zstd

> HTTP/1.1 GET https://registry.npmjs.org/component-emitter
> Accept: application/vnd.npm.install-v1+json; q=1.0, application/json; q=0.8, */*
> Connection: keep-alive
> User-Agent: Bun/1.3.9
> Host: registry.npmjs.org
> Accept-Encoding: gzip, deflate, br, zstd

> HTTP/1.1 GET https://registry.npmjs.org/mixin-deep
> Accept: application/vnd.npm.install-v1+json; q=1.0, application/json; q=0.8, */*
> Connection: keep-alive
> User-Agent: Bun/1.3.9
> Host: registry.npmjs.org
> Accept-Encoding: gzip, deflate, br, zstd

> HTTP/1.1 GET https://registry.npmjs.org/pascalcase
> Accept: application/vnd.npm.install-v1+json; q=1.0, application/json; q=0.8, */*
> Connection: keep-alive
> User-Agent: Bun/1.3.9
> Host: registry.npmjs.org
> Accept-Encoding: gzip, deflate, br, zstd

< 200 OK
< Date: Sat, 03 Oct 2026 22:24:52 GMT
< Content-Type: application/vnd.npm.install-v1+json
< Transfer-Encoding: chunked
< Connection: keep-alive
< set-cookie: __cf_bm=BA9EOc5Frb6t_QhxLfHwxoQrsQtyh5MgHJFWiD9KFq0-1791066292.4153771-1.0.1.1-V77em_WxdanCirjb0EhDHWcCmZjc2zMJ4JzAhlEmJkZzbt5sgF3tCzQd29vhvfQ3woSGKjHCIzBu9v3VLJ8r19V4Ml9lAmILasiJ9ZyqU2I0k1qXu4W0ZobG4Wu4_3zA; HttpOnly; SameSite=None; Secure; Path=/; Domain=npmjs.org; Expires=Sat, 03 Oct 2026 22:54:52 GMT
< set-cookie: _cfuvid=UNHOGf9lRTDEZdD7YTHq3onpONP6XmqeLPwMexvjTFI-1791066292.4153771-1.0.1.1-F0w3egtwjr4vJIaRI3S1zcm3CCjUnSgcFo5YKv7YyEE; HttpOnly; SameSite=None; Secure; Path=/; Domain=npmjs.org
< CF-Ray: a44f5c079ced9b00-TIA
< CF-Cache-Status: HIT
< ETag: W/"890b9fa83f9946ee9f7d6b573c7a339d"
< Access-Control-Allow-Origin: *
< Cache-Control: public, max-age=300
< Last-Modified: Sun, 26 Jun 2022 22:22:54 GMT
< Server: cloudflare
< Vary: accept-encoding, accept
< Content-Encoding: br

[PackageManager] waiting for 51 tasks
    [205.10ms]
Downloaded source-map-resolve versions
[PackageManager] waiting for 51 tasks
   - "source-map-resolve": "^0.5.0" - source-map-resolve@0.5.3
Enqueue package manifest for download: atob
   - "decode-uri-component": "^0.2.0" - decode-uri-component@0.2.2
Enqueue package manifest for download: resolve-url
Enqueue package manifest for download: source-map-url
Enqueue package manifest for download: urix
> HTTP/1.1 GET https://registry.npmjs.org/atob
> Accept: application/vnd.npm.install-v1+json; q=1.0, application/json; q=0.8, */*
> Connection: keep-alive
> User-Agent: Bun/1.3.9
> Host: registry.npmjs.org
> Accept-Encoding: gzip, deflate, br, zstd

> HTTP/1.1 GET https://registry.npmjs.org/resolve-url
> Accept: application/vnd.npm.install-v1+json; q=1.0, application/json; q=0.8, */*
> Connection: keep-alive
> User-Agent: Bun/1.3.9
> Host: registry.npmjs.org
> Accept-Encoding: gzip, deflate, br, zstd

> HTTP/1.1 GET https://registry.npmjs.org/source-map-url
> Accept: application/vnd.npm.install-v1+json; q=1.0, application/json; q=0.8, */*
> Connection: keep-alive
> User-Agent: Bun/1.3.9
> Host: registry.npmjs.org
> Accept-Encoding: gzip, deflate, br, zstd

> HTTP/1.1 GET https://registry.npmjs.org/urix
> Accept: application/vnd.npm.install-v1+json; q=1.0, application/json; q=0.8, */*
> Connection: keep-alive
> User-Agent: Bun/1.3.9
> Host: registry.npmjs.org
> Accept-Encoding: gzip, deflate, br, zstd

< 200 OK
< Date: Sat, 03 Oct 2026 22:24:52 GMT
< Content-Type: application/vnd.npm.install-v1+json
< Transfer-Encoding: chunked
< Connection: keep-alive
< set-cookie: __cf_bm=HgovDws3YuAdO8dvgW6yCAlrMDgOxjKmmCSQlqmr7Lo-1791066292.4253924-1.0.1.1-ip3pkHrSgDPuyVCHm0.8gwuVBWM3WRYenScPEZNgH5fsHRBpfqYJOkdqo8jGcy88250s.MjYsKld804Q6_.SjS9pgFZIV6gTCtZc9oa.Lk6E..BUckDmZSpSQtUldfYU; HttpOnly; SameSite=None; Secure; Path=/; Domain=npmjs.org; Expires=Sat, 03 Oct 2026 22:54:52 GMT
< set-cookie: _cfuvid=gbRArV1pvNiA9qlqkRFiuPilVXOrcnClM7umnezcfy0-1791066292.4253924-1.0.1.1-eiww1r38w3CzRAhp_TRkYaqNmBqIXB2A66o_NO1tk7A; HttpOnly; SameSite=None; Secure; Path=/; Domain=npmjs.org
< CF-Ray: a44f5c07a8115f50-TIA
< CF-Cache-Status: HIT
< ETag: W/"3c93379f6f19ab86177f7bff7477dfca"
< Access-Control-Allow-Origin: *
< Cache-Control: public, max-age=300
< Last-Modified: Sun, 26 Jun 2022 21:39:00 GMT
< Server: cloudflare
< Vary: accept-encoding, accept
< Content-Encoding: br

[PackageManager] waiting for 54 tasks
    [199.23ms]
Downloaded snapdragon-util versions
[PackageManager] waiting for 54 tasks
   - "snapdragon-util": "^3.0.1" - snapdragon-util@3.0.1
< 200 OK
< Date: Sat, 03 Oct 2026 22:24:52 GMT
< Content-Type: application/vnd.npm.install-v1+json
< Transfer-Encoding: chunked
< Connection: keep-alive
< set-cookie: __cf_bm=XND7XgLw95H7ILHW5P72XCnMiimk1PVwHYMAw7tyTZU-1791066292.4253633-1.0.1.1-6gMHYVrwR0BbjuD68W49b8evQ_BFEKmyjIOyDqPEGdL9ZEtiqtAbmoUFAnz4JAlMCiqnV.cj41.ShAnCg6VATlsl6lsn.cxpRiWYEvzdORZjX_IXHx1RDJaXhH1zZPZO; HttpOnly; SameSite=None; Secure; Path=/; Domain=npmjs.org; Expires=Sat, 03 Oct 2026 22:54:52 GMT
< set-cookie: _cfuvid=iILb5Ec0KU9TBBxc3NYVxXvU_L26epEEEqoMfjSnchc-1791066292.4253633-1.0.1.1-lr6wnQ9fWY98Q1a2q8XJm.ycREWrrRxNlQn1GWfxowM; HttpOnly; SameSite=None; Secure; Path=/; Domain=npmjs.org
< CF-Ray: a44f5c07a8125f50-TIA
< CF-Cache-Status: HIT
< ETag: W/"febe803021d632ed4c679e9ff64b2e52"
< Access-Control-Allow-Origin: *
< Cache-Control: public, max-age=300
< Last-Modified: Tue, 28 Jun 2022 06:39:00 GMT
< Server: cloudflare
< Vary: accept-encoding, accept
< Content-Encoding: br

[PackageManager] waiting for 53 tasks
    [206.04ms]
Downloaded use versions
[PackageManager] waiting for 53 tasks
   - "use": "^3.1.0" - use@3.1.1
< 200 OK
< Date: Sat, 03 Oct 2026 22:24:52 GMT
< Content-Type: application/vnd.npm.install-v1+json
< Transfer-Encoding: chunked
< Connection: keep-alive
< set-cookie: __cf_bm=m4JbS5qo9sbR0Ht71JHYOcW0fvYC9tRMe41q7ldg0EQ-1791066292.446296-1.0.1.1-eU5t19AuvOozk9dmXRZHTwpyUcfYuTh7fTOydbBqvZR__jpNfnN5IALqpQSY1hYMKJMCWBiB2XhImhuw9ahTmFnu2wb1biOfd9NQkvaHrTTsKxxDk.4_9hm3.yxzcMnq; HttpOnly; SameSite=None; Secure; Path=/; Domain=npmjs.org; Expires=Sat, 03 Oct 2026 22:54:52 GMT
< set-cookie: _cfuvid=snEeENi8vrQu3J2FlqeNfqp4jaHbpsatdnhJ6FOAhyI-1791066292.446296-1.0.1.1-ZYpEh3d5Hnrvc0i847i8xtaNHz5k7QXWeUQdJX8omSw; HttpOnly; SameSite=None; Secure; Path=/; Domain=npmjs.org
< CF-Ray: a44f5c07ce327c08-TIA
< CF-Cache-Status: HIT
< ETag: W/"101b79b030300b5bce309cf1313e1153"
< Access-Control-Allow-Origin: *
< Cache-Control: public, max-age=300
< Last-Modified: Wed, 12 Jul 2023 19:12:38 GMT
< Server: cloudflare
< Vary: accept-encoding, accept
< Content-Encoding: br

[PackageManager] waiting for 52 tasks
    [207.20ms]
Downloaded assign-symbols versions
[PackageManager] waiting for 52 tasks
   - "assign-symbols": "^1.0.0" - assign-symbols@1.0.0
< 200 OK
< Date: Sat, 03 Oct 2026 22:24:52 GMT
< Content-Type: application/vnd.npm.install-v1+json
< Transfer-Encoding: chunked
< Connection: keep-alive
< set-cookie: __cf_bm=z.dUO3IwylbCkgJvwEUtRWyvnQ32fcSu4MGg76SpVNI-1791066292.4515672-1.0.1.1-iLnlWMglcLUZAgMezk7OpJsx9zfEFgmYpHzHMHStgQl_z20ql10VLyEoFgrSlK1N1NHmsZkX0hqQDWznpgEmniKkTp3jMXI9XQKycjPiPDXdx2eFlc5DdYy7N32AvIr8; HttpOnly; SameSite=None; Secure; Path=/; Domain=npmjs.org; Expires=Sat, 03 Oct 2026 22:54:52 GMT
< set-cookie: _cfuvid=PC.3Cxd3jEc2ZtU4jeji5ZtXt1ubVQ73_BOCzEpOFKY-1791066292.4515672-1.0.1.1-czyWWIyazqviuJsTY97gss2QeNV.dlRnre8v01KCrUQ; HttpOnly; SameSite=None; Secure; Path=/; Domain=npmjs.org
< CF-Ray: a44f5c07dd72793f-TIA
< CF-Cache-Status: HIT
< ETag: W/"9f29d78a6950dee022f6cbe59108da98"
< Access-Control-Allow-Origin: *
< Cache-Control: public, max-age=300
< Last-Modified: Fri, 17 Jun 2022 22:56:45 GMT
< Server: cloudflare
< Vary: accept-encoding, accept
< Content-Encoding: br

[PackageManager] waiting for 51 tasks
< 200 OK
< Date: Sat, 03 Oct 2026 22:24:52 GMT
< Content-Type: application/vnd.npm.install-v1+json
< Transfer-Encoding: chunked
< Connection: keep-alive
< set-cookie: __cf_bm=z8WTPpViEgpDkYwdKVqVwWvGi3QQcwbLlWN.UJf_dJQ-1791066292.4570272-1.0.1.1-OmoapKUGOmU30AUz7D8MUrjGI2B8jOndidDKuu6MXVykAEu43ulHxxwmbvPOYS3x9HawJWZDjOjkmpo6jY3gGNvHWP84XAvmOmkfZqSv892cUUpMRmfTd0iJ8SsJwLXC; HttpOnly; SameSite=None; Secure; Path=/; Domain=npmjs.org; Expires=Sat, 03 Oct 2026 22:54:52 GMT
< set-cookie: _cfuvid=PSx_YR9MFaSn7WjcGAl4Lk5uXWklwPk2S_hDwZ41iH0-1791066292.4570272-1.0.1.1-PzZbkEwEDfxHRpygtJniSQoYHUmEagUwcgQGxn5EBmo; HttpOnly; SameSite=None; Secure; Path=/; Domain=npmjs.org
< CF-Ray: a44f5c07d8645f50-TIA
< CF-Cache-Status: HIT
< ETag: W/"3c1e461bcb20604b45aa2b08af568b1a"
< Access-Control-Allow-Origin: *
< Cache-Control: public, max-age=300
< Last-Modified: Wed, 27 May 2026 19:59:16 GMT
< Server: cloudflare
< Vary: accept-encoding, accept
< Content-Encoding: br

    [201.33ms]
Downloaded extglob versions
[PackageManager] waiting for 51 tasks
    [200.67ms]
Downloaded arr-diff versions
[PackageManager] waiting for 51 tasks
   - "arr-diff": "^4.0.0" - arr-diff@4.0.0
[PackageManager] waiting for 50 tasks
   - "extglob": "^2.0.4" - extglob@2.0.4
Enqueue package manifest for download: expand-brackets
> HTTP/1.1 GET https://registry.npmjs.org/expand-brackets
> Accept: application/vnd.npm.install-v1+json; q=1.0, application/json; q=0.8, */*
> Connection: keep-alive
> User-Agent: Bun/1.3.9
> Host: registry.npmjs.org
> Accept-Encoding: gzip, deflate, br, zstd

< 200 OK
< Date: Sat, 03 Oct 2026 22:24:52 GMT
< Content-Type: application/vnd.npm.install-v1+json
< Transfer-Encoding: chunked
< Connection: keep-alive
< set-cookie: __cf_bm=mT8GGmllMYXwvT6jeCpKw7Aaq6.xZN.O4HPDJnXR7sU-1791066292.456884-1.0.1.1-U8.5DaXwUUzzE4GslpR4C8rgX4HbNbWnaMvOYqevCSfqGK.UpFKJQeAjB6xUYjZZzaw4NZUCJbtucfR5NS_QzlR6NeY8DXpvRDlCoNcUz.SuTn4vb7BfIvh9UtPSPxaH; HttpOnly; SameSite=None; Secure; Path=/; Domain=npmjs.org; Expires=Sat, 03 Oct 2026 22:54:52 GMT
< set-cookie: _cfuvid=p5mc3BYC9DfqxNWW9e.nJKyfXt8OjiwPUjBcxwtGy5Y-1791066292.456884-1.0.1.1-1c3wdEqtqc3Tz.CahaFS9EfiaSer5k0l_y84yiurVCI; HttpOnly; SameSite=None; Secure; Path=/; Domain=npmjs.org
< CF-Ray: a44f5c07de437c08-TIA
< CF-Cache-Status: HIT
< ETag: W/"c6298a9a9560bace6834379227fd902a"
< Access-Control-Allow-Origin: *
< Cache-Control: public, max-age=300
< Last-Modified: Sat, 24 Jun 2023 02:18:02 GMT
< Server: cloudflare
< Vary: accept-encoding, accept
< Content-Encoding: br

[PackageManager] waiting for 50 tasks
    [206.17ms]
Downloaded nanomatch versions
< 200 OK
< Date: Sat, 03 Oct 2026 22:24:52 GMT
< Content-Type: application/vnd.npm.install-v1+json
< Transfer-Encoding: chunked
< Connection: keep-alive
< set-cookie: __cf_bm=ZEspryGgqPinUk9bSU7uFj7AQAuLheg3qFSAepGCaZQ-1791066291.8734727-1.0.1.1-Ma_j3BbgM00gtZG.vra8HeaqFO.rWfbACVF0lECYEGHHesfQneUpDFNhRIR58v1IMFUqlZ3fcIISRQVPutySWCTOE9JXHKG8nvKdqd2pS7M0y_C9tnuKfPl5Q0A3TqQe; HttpOnly; SameSite=None; Secure; Path=/; Domain=npmjs.org; Expires=Sat, 03 Oct 2026 22:54:52 GMT
< set-cookie: _cfuvid=6nOzXeivmWW.nvrxW7_4Grl6IQLwcV2GhDKIaLipBg8-1791066291.8734727-1.0.1.1-IIAvLSZbUupdP6J4ZO7NRK1ITGY34o0yY.78I31UnYw; HttpOnly; SameSite=None; Secure; Path=/; Domain=npmjs.org
< CF-Ray: a44f5c04397b9b00-TIA
< CF-Cache-Status: HIT
< ETag: W/"4a896a6dce5069af89ac606bd0ebcb56"
< Access-Control-Allow-Origin: *
< Cache-Control: public, max-age=300
< Last-Modified: Fri, 02 Oct 2026 15:42:58 GMT
< Server: cloudflare
< Vary: accept-encoding, accept
< Content-Encoding: br

[PackageManager] waiting for 50 tasks
   - "nanomatch": "^1.2.9" - nanomatch@1.2.13
Enqueue package manifest for download: is-windows
> HTTP/1.1 GET https://registry.npmjs.org/is-windows
> Accept: application/vnd.npm.install-v1+json; q=1.0, application/json; q=0.8, */*
> Connection: keep-alive
> User-Agent: Bun/1.3.9
> Host: registry.npmjs.org
> Accept-Encoding: gzip, deflate, br, zstd

[PackageManager] waiting for 50 tasks
    [787.50ms]
Downloaded @rollup/rollup-openbsd-x64 versions
[PackageManager] waiting for 50 tasks
   - "@rollup/rollup-openbsd-x64": "4.64.0" - @rollup/rollup-openbsd-x64@4.64.0
< 200 OK
< Date: Sat, 03 Oct 2026 22:24:52 GMT
< Content-Type: application/vnd.npm.install-v1+json
< Transfer-Encoding: chunked
< Connection: keep-alive
< set-cookie: __cf_bm=3hbGU1IgETXdD87BlpBXfOy80PGcuRK2BVqqOoPdyuA-1791066292.4622457-1.0.1.1-slNsCZBWeNbj6P40BpJ3lJrJKKKVl4apUOOLXoDGvCSYroXmyo_cPRclGCOXiPIw4rmCeecCp9lO1UpLA7Ld4bkACVHYV2cETbDJ7QCbcSWsm1ofq7hNI47_oHK40VtV; HttpOnly; SameSite=None; Secure; Path=/; Domain=npmjs.org; Expires=Sat, 03 Oct 2026 22:54:52 GMT
< set-cookie: _cfuvid=hZULfsrNE31s_0fH290GOE813fsukk4Univ8V3GmAMU-1791066292.4622457-1.0.1.1-RipsBcYVjlQvC1oG8GF27RA2ZtdhlvQ9Ii6uMJwR_Ag; HttpOnly; SameSite=None; Secure; Path=/; Domain=npmjs.org
< CF-Ray: a44f5c07ee4c7c08-TIA
< CF-Cache-Status: HIT
< ETag: W/"baeeca9556c92442a202fcaeceae474d"
< Access-Control-Allow-Origin: *
< Cache-Control: public, max-age=300
< Last-Modified: Sat, 18 Jun 2022 03:25:56 GMT
< Server: cloudflare
< Vary: accept-encoding, accept
< Content-Encoding: br

< 200 OK
< Date: Sat, 03 Oct 2026 22:24:52 GMT
< Content-Type: application/vnd.npm.install-v1+json
< Transfer-Encoding: chunked
< Connection: keep-alive
< set-cookie: __cf_bm=vuZDqA.WHEaoVyDehT0K.MKtgtNfV7oVVI5lZwqreBo-1791066292.4623938-1.0.1.1-YvABp7qpvbIsg9s5tY.IOGKo35AG3Z3hDMG9thPOX5gep7owhqCgbipHWe3Q0kIOcCKLZhQi2lL9pacVXCIWP3Yy_IpfkLwXGyTj1Kyz07ErhtFgYP4j6Sw8GWsgtPYa; HttpOnly; SameSite=None; Secure; Path=/; Domain=npmjs.org; Expires=Sat, 03 Oct 2026 22:54:52 GMT
< set-cookie: _cfuvid=_TMVKZkl8IXtoh7x7gAOCZ17gaUSABwBmMm2Z1AOapk-1791066292.4623938-1.0.1.1-dSKTZEdE0xOIvIvMBtwfX_jysP7UOk6oPSSAnZxeYQc; HttpOnly; SameSite=None; Secure; Path=/; Domain=npmjs.org
< CF-Ray: a44f5c07ed89793f-TIA
< CF-Cache-Status: HIT
< ETag: W/"6de6c90de34b2c02ea1586e720da2473"
< Access-Control-Allow-Origin: *
< Cache-Control: public, max-age=300
< Last-Modified: Mon, 10 Jul 2023 23:17:23 GMT
< Server: cloudflare
< Vary: accept-encoding, accept
< Content-Encoding: br

[PackageManager] waiting for 49 tasks
    [205.68ms]
Downloaded file-uri-to-path versions
[PackageManager] waiting for 49 tasks
   - "file-uri-to-path": "1.0.0" - file-uri-to-path@1.0.0
[PackageManager] waiting for 48 tasks
    [208.64ms]
Downloaded fragment-cache versions
< 200 OK
< Date: Sat, 03 Oct 2026 22:24:52 GMT
< Content-Type: application/vnd.npm.install-v1+json
< Transfer-Encoding: chunked
< Connection: keep-alive
< set-cookie: __cf_bm=ePm51PLh.cH5SBy1KZL04Fp2WwPn3mUWLm_oT8AnOeU-1791066292.466473-1.0.1.1-fCcb68a87de5PZLn.OmPuW22zQ5hfRsXD7Tgp0rNW5ip2liToNWSF83kpNIQFn.ipLbYxjLV1yWV9M5XZYZv0n10JqFwnIYDK0yJ60Xkpth8tzPZo_ezEISo5lLuvd1S; HttpOnly; SameSite=None; Secure; Path=/; Domain=npmjs.org; Expires=Sat, 03 Oct 2026 22:54:52 GMT
< set-cookie: _cfuvid=7g_3hLyDvpVB1UKkjS30cCjwn1e3h.Pi85oPHJsx_jM-1791066292.466473-1.0.1.1-U1L9kCEF_kvU4HJjZBQi7oLn67nch1qu3p5_kV96Ki0; HttpOnly; SameSite=None; Secure; Path=/; Domain=npmjs.org
< CF-Ray: a44f5c07e92ba5b3-TIA
< CF-Cache-Status: HIT
< ETag: W/"1054f2290a1a81638be3f1bd774330e6"
< Access-Control-Allow-Origin: *
< Cache-Control: public, max-age=300
< Last-Modified: Wed, 22 Jun 2022 17:13:42 GMT
< Server: cloudflare
< Vary: accept-encoding, accept
< Content-Encoding: br

[PackageManager] waiting for 48 tasks
    [209.01ms]
Downloaded object.pick versions
< 200 OK
< Date: Sat, 03 Oct 2026 22:24:52 GMT
< Content-Type: application/vnd.npm.install-v1+json
< Transfer-Encoding: chunked
< Connection: keep-alive
< set-cookie: __cf_bm=PJl02az1CsFJ8K7kTIrn_PvxbraBLqHyaPCMka2L.LI-1791066292.4677377-1.0.1.1-ujXItXTuEh62vxYwDy6PB.A2AcsoVJaFxFZxX4ko1xlWH.XoZY.aK7_Qk42CmNANv4mbtpxvFYXqDghWqiz5dFD0_smGch6MBBhHFgieQzxagCIsdbudVEwR5dJJLZPs; HttpOnly; SameSite=None; Secure; Path=/; Domain=npmjs.org; Expires=Sat, 03 Oct 2026 22:54:52 GMT
< set-cookie: _cfuvid=DUj0iIZLSwUPgGov4myPkDqUnphvy94vermye_k9jo8-1791066292.4677377-1.0.1.1-4K7exGvOSDBFnRw_H5._kFSBXF79cM8RjiemmcOw0ZE; HttpOnly; SameSite=None; Secure; Path=/; Domain=npmjs.org
< CF-Ray: a44f5c07e91abd99-TIA
< CF-Cache-Status: HIT
< ETag: W/"74a66d560744469b9b8d1d46ecbb8dfc"
< Access-Control-Allow-Origin: *
< Cache-Control: public, max-age=300
< Last-Modified: Tue, 22 Oct 2024 17:26:45 GMT
< Server: cloudflare
< Vary: accept-encoding, accept
< Content-Encoding: br

[PackageManager] waiting for 48 tasks
    [198.49ms]
Downloaded path-exists versions
< 200 OK
< Date: Sat, 03 Oct 2026 22:24:52 GMT
< Content-Type: application/vnd.npm.install-v1+json
< Transfer-Encoding: chunked
< Connection: keep-alive
< set-cookie: __cf_bm=J28PMozkkPkyrolfuI4IydUkR39VXZbPucMMuZtOnRQ-1791066292.467683-1.0.1.1-9jdqT3WIvcEmtV8wp_3YdRwyIbyMvtylcVLY6kd2pK4aOJSiA.w9Ks1sUHXNskgXtp1aCiiYV4gFL4bDMUJqmeMCd9TilKkJx_bG6nlvh7Elz9FN_R168mrrYOt5PJ3d; HttpOnly; SameSite=None; Secure; Path=/; Domain=npmjs.org; Expires=Sat, 03 Oct 2026 22:54:52 GMT
< set-cookie: _cfuvid=N3pgzWp3ywRqEmJQ2PrR6wNo9nLEbltvCqssbs1XwvY-1791066292.467683-1.0.1.1-l2wTjncYpyJOkTvf.1tWff_OxX7xhV7g871_nmsoyE8; HttpOnly; SameSite=None; Secure; Path=/; Domain=npmjs.org
< CF-Ray: a44f5c07ee567c08-TIA
< CF-Cache-Status: HIT
< ETag: W/"4cc757f54a505390a1501b9d765f2db5"
< Access-Control-Allow-Origin: *
< Cache-Control: public, max-age=300
< Last-Modified: Tue, 03 Feb 2026 07:57:51 GMT
< Server: cloudflare
< Vary: accept-encoding, accept
< Content-Encoding: br

   - "fragment-cache": "^0.2.1" - fragment-cache@0.2.1
< 200 OK
< Date: Sat, 03 Oct 2026 22:24:52 GMT
< Content-Type: application/vnd.npm.install-v1+json
< Transfer-Encoding: chunked
< Connection: keep-alive
< set-cookie: __cf_bm=qXh3Ga8UvXgEQ1imZXtGtOQtsZM2z2MKOiqRXLRC6Sw-1791066292.4676025-1.0.1.1-4_a2BJYD0Ztws7BKWSTWkUeIsr460gx_oKEPsMNiOnKLWlcrqbdC6vmjMVqc5mji0O_SjdxBvgMkKf2FTgdxeLnJeJZruW9iYnU00eIVuuY_zSck2kOLSPq1R0rTMDfz; HttpOnly; SameSite=None; Secure; Path=/; Domain=npmjs.org; Expires=Sat, 03 Oct 2026 22:54:52 GMT
< set-cookie: _cfuvid=DnEs7k7UXIb1suC2Ol53bh_MiBfzTdFcijTDpRsQ_gk-1791066292.4676025-1.0.1.1-rHtd2js9sOl04oC4tvAKcy4nRXWh8YFDQOMX.GQsvqM; HttpOnly; SameSite=None; Secure; Path=/; Domain=npmjs.org
< CF-Ray: a44f5c07ed309b00-TIA
< CF-Cache-Status: HIT
< ETag: W/"27f95dc40d8ef73edac7567fe39ce7dc"
< Access-Control-Allow-Origin: *
< Cache-Control: public, max-age=300
< Last-Modified: Mon, 27 Jun 2022 06:03:50 GMT
< Server: cloudflare
< Vary: accept-encoding, accept
< Content-Encoding: br

[PackageManager] waiting for 47 tasks
    [198.80ms]
Downloaded p-locate versions
   - "object.pick": "^1.3.0" - object.pick@1.3.0
[PackageManager] waiting for 46 tasks
    [198.46ms]
Downloaded thenify versions
< 200 OK
< Date: Sat, 03 Oct 2026 22:24:52 GMT
< Content-Type: application/vnd.npm.install-v1+json
< Transfer-Encoding: chunked
< Connection: keep-alive
< set-cookie: __cf_bm=XvbNEMQ4kiCwO7HEXlVRj6k4Y0iXKq.bBUEwdotaBn0-1791066292.4676125-1.0.1.1-dbUBc3z3dycKmOKNih6e4xGexy_G1obG2AScLR2AtNPCTGVDwAIXmCFBVb8IYqhIUoFqcPOhRBYDvJL0.xeey2TDV8ZDjYF_B3HGhL3.wKRebcke4.CBZn3PYfvqFP2v; HttpOnly; SameSite=None; Secure; Path=/; Domain=npmjs.org; Expires=Sat, 03 Oct 2026 22:54:52 GMT
< set-cookie: _cfuvid=zOphe4gbp4Hxh193tDtn4u6GG68jtFUDdliijGs6kyw-1791066292.4676125-1.0.1.1-57vydFXDHnffpl252FQ6TKPnYPPh5TzZ5IGbK7GEbU8; HttpOnly; SameSite=None; Secure; Path=/; Domain=npmjs.org
< CF-Ray: a44f5c07ef44f474-TIA
< CF-Cache-Status: HIT
< ETag: W/"469fad81cdfdaa354065ab95e5cd71ac"
< Access-Control-Allow-Origin: *
< Cache-Control: public, max-age=300
< Last-Modified: Sun, 27 Sep 2026 03:34:46 GMT
< Server: cloudflare
< Vary: accept-encoding, accept
< Content-Encoding: br

[PackageManager] waiting for 46 tasks
   - "path-exists": "^3.0.0" - path-exists@3.0.0
[PackageManager] waiting for 45 tasks
    [202.40ms]
Downloaded ansi-regex versions
[PackageManager] waiting for 45 tasks
   - "p-locate": "^3.0.0" - p-locate@3.0.0
   - "thenify": ">= 3.1.0 < 4" - thenify@3.3.1
Enqueue package manifest for download: p-limit
> HTTP/1.1 GET https://registry.npmjs.org/p-limit
> Accept: application/vnd.npm.install-v1+json; q=1.0, application/json; q=0.8, */*
> Connection: keep-alive
> User-Agent: Bun/1.3.9
> Host: registry.npmjs.org
> Accept-Encoding: gzip, deflate, br, zstd

[PackageManager] waiting for 44 tasks
   - "ansi-regex": "^4.1.0" - ansi-regex@4.1.1
   - "ansi-regex": "^5.0.1" - ansi-regex@5.0.1
< 200 OK
< Date: Sat, 03 Oct 2026 22:24:52 GMT
< Content-Type: application/vnd.npm.install-v1+json
< Transfer-Encoding: chunked
< Connection: keep-alive
< set-cookie: __cf_bm=yypJpZ0epl5PNgAhQuwc76vQASMWVHz4n.IUhgM0bp0-1791066292.4674702-1.0.1.1-Tt90UcwdGEc1WDBcFTfB_TqCa8ut47CNIu6QMe2_lqXNQ3.jV1HjOGwCsvYcvTXrAKA8OCQ5EtnbypCz6LlOfpnXc8P.JjGCDXi8LmCfV4fVYS0jQ_DkIKSpjYm.7XZ6; HttpOnly; SameSite=None; Secure; Path=/; Domain=npmjs.org; Expires=Sat, 03 Oct 2026 22:54:52 GMT
< set-cookie: _cfuvid=RxmGx0PmcdDvUzD.jxvz.EKFgBKy.3CWqQeB9aOrvGc-1791066292.4674702-1.0.1.1-eTn_jQCbOevLn9UqtFK7uI3DzOzQ0bBw5W0Y.npP8.o; HttpOnly; SameSite=None; Secure; Path=/; Domain=npmjs.org
< CF-Ray: a44f5c07e919bd99-TIA
< CF-Cache-Status: HIT
< ETag: W/"b4d044fe69d4547a7e4265845bd9656f"
< Access-Control-Allow-Origin: *
< Cache-Control: public, max-age=300
< Last-Modified: Wed, 22 Jul 2026 15:38:36 GMT
< Server: cloudflare
< Vary: accept-encoding, accept
< Content-Encoding: br

[PackageManager] waiting for 43 tasks
    [211.26ms]
Downloaded color-name versions
[PackageManager] waiting for 43 tasks
   - "color-name": "~1.1.4" - color-name@1.1.4
   - "color-name": "1.1.3" - color-name@1.1.3
< 200 OK
< Date: Sat, 03 Oct 2026 22:24:52 GMT
< Content-Type: application/vnd.npm.install-v1+json
< Transfer-Encoding: chunked
< Connection: keep-alive
< set-cookie: __cf_bm=dVGfv3o4FPEpMIqVQ1wWiAgYcypMb76JxnpOJ37XMBk-1791066292.4774053-1.0.1.1-LEGwTEHxp.zp49rb734jP.Jnm9GijDGe_FZSvMXSnb7WMkYLUWGC6BKDvWVcY5mZgnqCpznbLhzOGwmvVPjI3IXVW92dDIIzWN3V6y6C56FBsYgZ1Cm_A.jiGOWN_Ijr; HttpOnly; SameSite=None; Secure; Path=/; Domain=npmjs.org; Expires=Sat, 03 Oct 2026 22:54:52 GMT
< set-cookie: _cfuvid=7Y2GKhEh10Ig9sUEby4CyrYlx_T282teYIGwGfQwJUQ-1791066292.4774053-1.0.1.1-YhGX6wt9jgbeP1uT.mto9zFKJktrXyiMxKKNT94rK0I; HttpOnly; SameSite=None; Secure; Path=/; Domain=npmjs.org
< CF-Ray: a44f5c07f84351a4-TIA
< CF-Cache-Status: HIT
< ETag: W/"01b0f5b00e3e21f9f2949d1c51ee617b"
< Access-Control-Allow-Origin: *
< Cache-Control: public, max-age=300
< Last-Modified: Sun, 19 Jun 2022 02:37:47 GMT
< Server: cloudflare
< Vary: accept-encoding, accept
< Content-Encoding: br

[PackageManager] waiting for 42 tasks
    [204.84ms]
Downloaded is-buffer versions
[PackageManager] waiting for 42 tasks
   - "is-buffer": "^1.1.5" - is-buffer@1.1.6
< 200 OK
< Date: Sat, 03 Oct 2026 22:24:52 GMT
< Content-Type: application/vnd.npm.install-v1+json
< Transfer-Encoding: chunked
< Connection: keep-alive
< set-cookie: __cf_bm=g82oLfs2Wq22tSS0o8QyWh86Ure9.tvLaqWHoN4xrj4-1791066292.2648413-1.0.1.1-TfxdoHa4g8VSFicZxaxkA7M1_Mn71fvJAj4Oc_5B0ItvI2Y0gX7lhsPqS7QR6ePW9XllE4Ro2mV_3mYhGdG6wv2HuIB6AlqhiWOFE8UnI1MOXG3xrIqRWpHEX6CEf141; HttpOnly; SameSite=None; Secure; Path=/; Domain=npmjs.org; Expires=Sat, 03 Oct 2026 22:54:52 GMT
< set-cookie: _cfuvid=OUZdBaN0i._ZUMq4kRQu1N_Xe1tljWrYHbZWyF8lkOM-1791066292.2648413-1.0.1.1-8Yq.eNwppgNrbyylSmFul8_opxWKj_L_AxJZtwzzb2k; HttpOnly; SameSite=None; Secure; Path=/; Domain=npmjs.org
< CF-Ray: a44f5c06af0e5f50-TIA
< CF-Cache-Status: HIT
< ETag: W/"431970b05df57f3f136c6ca98da6211a"
< Access-Control-Allow-Origin: *
< Cache-Control: public, max-age=300
< Last-Modified: Fri, 28 Aug 2026 01:14:48 GMT
< Server: cloudflare
< Vary: accept-encoding, accept
< Content-Encoding: br

[PackageManager] waiting for 41 tasks
    [439.10ms]
Downloaded @jridgewell/sourcemap-codec versions
[PackageManager] waiting for 41 tasks
   - "@jridgewell/sourcemap-codec": "^1.5.5" - @jridgewell/sourcemap-codec@1.6.0
< 200 OK
< Date: Sat, 03 Oct 2026 22:24:52 GMT
< Content-Type: application/vnd.npm.install-v1+json
< Transfer-Encoding: chunked
< Connection: keep-alive
< set-cookie: __cf_bm=8uPs9tWn4jIPeo6e9tH3tOBPGo7GxZrYz4yq6lNqgCE-1791066292.2095182-1.0.1.1-RdnoXluRrLh3Tg0UBy7bdEgYJFY3Ah93L5Me9nnHMiT6OEBtWdr6vL6JgDFCgAkQR4_Ckasd5cm4i.XX31rut_e8RWW4EdgCMMbIm6lBWPsNjVdVDn6HQsD5dDuk8R8z; HttpOnly; SameSite=None; Secure; Path=/; Domain=npmjs.org; Expires=Sat, 03 Oct 2026 22:54:52 GMT
< set-cookie: _cfuvid=iJr1I.aq2JG7WZo7hDqrm_c7O3fiF9gO4msTBK45w94-1791066292.2095182-1.0.1.1-xq6IbUMolO8oQLYvxkSrdmprmoWTFEU6nlqJmLciALc; HttpOnly; SameSite=None; Secure; Path=/; Domain=npmjs.org
< CF-Ray: a44f5c064c4d793f-TIA
< CF-Cache-Status: REVALIDATED
< ETag: W/"f1b4d0df3d5768f26af18fc9da30ef40"
< Access-Control-Allow-Origin: *
< Cache-Control: public, max-age=300
< Last-Modified: Sat, 03 Oct 2026 21:06:21 GMT
< Server: cloudflare
< Vary: accept-encoding, accept
< Content-Encoding: br

[PackageManager] waiting for 40 tasks
    [559.64ms]
Downloaded @tscircuit/core versions
[PackageManager] waiting for 40 tasks
   - "@tscircuit/core": "0.0.1736" - @tscircuit/core@0.0.1736
   - "@tscircuit/core": "0.0.1974" - @tscircuit/core@0.0.1974
   - "calculate-packing": "^0.0.86" - calculate-packing@0.0.86
   - "calculate-cell-boundaries": "^0.0.19" - calculate-cell-boundaries@0.0.19
   - "calculate-packing": "^0.0.89" - calculate-packing@0.0.89
   - "calculate-cell-boundaries": "^0.0.21" - calculate-cell-boundaries@0.0.21
< 200 OK
< Date: Sat, 03 Oct 2026 22:24:52 GMT
< Content-Type: application/vnd.npm.install-v1+json
< Transfer-Encoding: chunked
< Connection: keep-alive
< set-cookie: __cf_bm=Eww_8NfLT05z14KZu2K_mIpQGus4xcyOpGVCLf51y_4-1791066292.391336-1.0.1.1-pze1mhFJyyltSLFBmXw3oSFMRugtjp.b4Sc_YqiZrBYzD5KBHlQO_NfgBTQHL.q3a8JhgryXpzGD3jy9Jw31utxmyQbwXkzDP2byCq_u6KiA5yFF.J2onTCmNE0IkYbP; HttpOnly; SameSite=None; Secure; Path=/; Domain=npmjs.org; Expires=Sat, 03 Oct 2026 22:54:52 GMT
< set-cookie: _cfuvid=mCV7IaCpjgMCR1XOLLCS_jepBV7zLJXnszHoz5723TQ-1791066292.391336-1.0.1.1-SBW1Li8o1Y6br0D2mUa9CAx5ac._CMQuVF02EqvuLfg; HttpOnly; SameSite=None; Secure; Path=/; Domain=npmjs.org
< CF-Ray: a44f5c07789ebd99-TIA
< CF-Cache-Status: HIT
< ETag: W/"77a08e1dd1d4138d84cb0bb071af6d05"
< Access-Control-Allow-Origin: *
< Cache-Control: public, max-age=300
< Last-Modified: Wed, 10 Sep 2025 20:12:51 GMT
< Server: cloudflare
< Vary: accept-encoding, accept
< Content-Encoding: br

< 200 OK
< Date: Sat, 03 Oct 2026 22:24:52 GMT
< Content-Type: application/vnd.npm.install-v1+json
< Transfer-Encoding: chunked
< Connection: keep-alive
< set-cookie: __cf_bm=oC8Z8bZ.J72p3e91qeMuNV72H71WTp8S1zNzPqGS3JA-1791066292.3884814-1.0.1.1-TpvS13VIP6ZBqBnicEUXfneYwqXeJw6wVyoMNif.pWrKo4QWm6bENEW8akClMadfGxA0yPDwpGfAnUw_wFOHdklPyBN5IKzkf9W.3uSk4JgLLJvyUUixG4eHMd5Ep5Lu; HttpOnly; SameSite=None; Secure; Path=/; Domain=npmjs.org; Expires=Sat, 03 Oct 2026 22:54:52 GMT
< set-cookie: _cfuvid=YyznjrnklBB8reApZRnU10AJGuSuQmuNq0j8eJsvANw-1791066292.3884814-1.0.1.1-SkGMrZW.jJifObiUtefjn0djhjQ31LrKANbe5k8cOfs; HttpOnly; SameSite=None; Secure; Path=/; Domain=npmjs.org
< CF-Ray: a44f5c076de27c08-TIA
< CF-Cache-Status: HIT
< ETag: W/"f613585bb277a7a16484bac26bc0a42c"
< Access-Control-Allow-Origin: *
< Cache-Control: public, max-age=300
< Last-Modified: Sat, 29 Aug 2026 15:48:57 GMT
< Server: cloudflare
< Vary: accept-encoding, accept
< Content-Encoding: br

< 200 OK
< Date: Sat, 03 Oct 2026 22:24:52 GMT
< Content-Type: application/vnd.npm.install-v1+json
< Transfer-Encoding: chunked
< Connection: keep-alive
< set-cookie: __cf_bm=dlvmqmbqA0zOMNapZ9yS2Y9NBSLW4Avx8TWhzNTHYCk-1791066292.6234868-1.0.1.1-_ju2F1avoXMbPwVgsHEkNvncQzRXZsc0GD8i7ME91ZdnK0NQoDYXDXe9WP6Mc3dTiGVMYdHAI.PNRobi2PHbI24kPzzSVt88bf.oUNVrvI8tqxq8PtB_FBfamR7HpIWH; HttpOnly; SameSite=None; Secure; Path=/; Domain=npmjs.org; Expires=Sat, 03 Oct 2026 22:54:52 GMT
< set-cookie: _cfuvid=JFAVpDK1c42R1PeuUQYuIDTKO8We_dEqY80xF8wfud4-1791066292.6234868-1.0.1.1-lHSDgWzv1PfZxJ_cD6g_jpAdhfbKgZLpP3seJmeSPc8; HttpOnly; SameSite=None; Secure; Path=/; Domain=npmjs.org
< CF-Ray: a44f5c08ef307c08-TIA
< CF-Cache-Status: HIT
< ETag: W/"ba6bad8f7c98389c068f5cc35374f218"
< Access-Control-Allow-Origin: *
< Cache-Control: public, max-age=300
< Last-Modified: Mon, 11 May 2026 15:00:20 GMT
< Server: cloudflare
< Vary: accept-encoding, accept
< Content-Encoding: br

< 200 OK
< Date: Sat, 03 Oct 2026 22:24:52 GMT
< Content-Type: application/vnd.npm.install-v1+json
< Transfer-Encoding: chunked
< Connection: keep-alive
< set-cookie: __cf_bm=SWdkycOwZP3YKCENzOnMqFh_W408lsHHPaVO017CRXc-1791066292.388285-1.0.1.1-HP.BgUL1gk.0aP5g1s4X.7kpPC4KkbMMiEgYBty0NHkcVcD2MJsTB1sZz2otlIZ1J2yuWmhfeCgysO1aAaI0mObLw4bkSPSp4mG4ges.raI1dnosu5eiNzZs2kaWRhsE; HttpOnly; SameSite=None; Secure; Path=/; Domain=npmjs.org; Expires=Sat, 03 Oct 2026 22:54:52 GMT
< set-cookie: _cfuvid=LUgIkXVKIgs3Q92ZBamRt2sjbtH64uvnPia1UaGtoeA-1791066292.388285-1.0.1.1-tWrVKslFU6MZFYCNwupSJA9yTWAHiBhGaPdJSpQlMlk; HttpOnly; SameSite=None; Secure; Path=/; Domain=npmjs.org
< CF-Ray: a44f5c076de47c08-TIA
< CF-Cache-Status: HIT
< ETag: W/"7a34e3c09861756085c3542585b70bab"
< Access-Control-Allow-Origin: *
< Cache-Control: public, max-age=300
< Last-Modified: Sun, 30 Aug 2026 15:09:37 GMT
< Server: cloudflare
< Vary: accept-encoding, accept
< Content-Encoding: br

[PackageManager] waiting for 39 tasks
    [276.48ms]
Downloaded is-descriptor versions
< 200 OK
< Date: Sat, 03 Oct 2026 22:24:52 GMT
< Content-Type: application/vnd.npm.install-v1+json
< Transfer-Encoding: chunked
< Connection: keep-alive
< set-cookie: __cf_bm=uErEx9UVxGd6gu8qbPM6LN52GVv.99_gW4BDdaTk3.o-1791066292.6233933-1.0.1.1-re.lvKUheeRk.09ULsTblwb1VNaN4D92MYWEHCUCWt.r9ahkvJad_FUPN9G7Mq1jwHLhyW4dNCIdhDxtphTvvPJUdLj9bBo5EXlQ6g_4EUD_.te7_wMCkdc_L1GzCsZ2; HttpOnly; SameSite=None; Secure; Path=/; Domain=npmjs.org; Expires=Sat, 03 Oct 2026 22:54:52 GMT
< set-cookie: _cfuvid=mw8X47.b7Q9EeEDDm3uT2nG_mF6tZ_bPfMHlSUf5wc4-1791066292.6233933-1.0.1.1-TvOySyiw6Pb0IFX.DL_E9rOq1LQ6S6WdeFwFjNhNK9E; HttpOnly; SameSite=None; Secure; Path=/; Domain=npmjs.org
< CF-Ray: a44f5c08ef2c7c08-TIA
< CF-Cache-Status: HIT
< ETag: W/"f38dab1300fd821a6b0448448ae5d299"
< Access-Control-Allow-Origin: *
< Cache-Control: public, max-age=300
< Last-Modified: Sat, 13 Sep 2025 16:19:22 GMT
< Server: cloudflare
< Vary: accept-encoding, accept
< Content-Encoding: br

[PackageManager] waiting for 39 tasks
< 200 OK
< Date: Sat, 03 Oct 2026 22:24:52 GMT
< Content-Type: application/vnd.npm.install-v1+json
< Transfer-Encoding: chunked
< Connection: keep-alive
< set-cookie: __cf_bm=2N66zwItfEK91FEy532uT0S7hUoE.328Xd4tpYuzk9Y-1791066292.6234033-1.0.1.1-s5th7KnQ8luyG2epJlJYLwYcJPQ7p_wFLndAnZfnlWBU7.I.zPuLjfEiIygE7tuCfYkehuYZFRbf19YgNV5NOGFNLwTVCZpzEixG62vBQVivR_bjlVOyMjKLiTGs6Hld; HttpOnly; SameSite=None; Secure; Path=/; Domain=npmjs.org; Expires=Sat, 03 Oct 2026 22:54:52 GMT
< set-cookie: _cfuvid=6G.f0Fvip50c7dNvF0z.D.XmqPg1hqYwWYkt.twhjPo-1791066292.6234033-1.0.1.1-n.8Jt.bRYnDnosYHFxisOhNg7ivCL6Oz.ARKLeb9Iuc; HttpOnly; SameSite=None; Secure; Path=/; Domain=npmjs.org
< CF-Ray: a44f5c08e9cdbd99-TIA
< CF-Cache-Status: HIT
< ETag: W/"5a68bd84947adc71ca19c13c474d8805"
< Access-Control-Allow-Origin: *
< Cache-Control: public, max-age=300
< Last-Modified: Mon, 16 Jun 2025 13:29:02 GMT
< Server: cloudflare
< Vary: accept-encoding, accept
< Content-Encoding: br

    [512.69ms]
Downloaded @octokit/request-error versions
    [276.75ms]
Downloaded simple-swizzle versions
[PackageManager] waiting for 39 tasks
    [276.82ms]
Downloaded end-of-stream versions
   - "is-descriptor": "^1.0.2" - is-descriptor@1.0.4
   - "is-descriptor": "^0.1.0" - is-descriptor@0.1.8
Enqueue package manifest for download: is-data-descriptor
Enqueue package manifest for download: is-accessor-descriptor
[PackageManager] waiting for 40 tasks
   - "simple-swizzle": "^0.2.2" - simple-swizzle@0.2.4
Enqueue package manifest for download: is-arrayish
> HTTP/1.1 GET https://registry.npmjs.org/is-data-descriptor
> Accept: application/vnd.npm.install-v1+json; q=1.0, application/json; q=0.8, */*
> Connection: keep-alive
> User-Agent: Bun/1.3.9
> Host: registry.npmjs.org
> Accept-Encoding: gzip, deflate, br, zstd

[PackageManager] waiting for 40 tasks
   - "end-of-stream": "^1.4.1" - end-of-stream@1.4.5
[PackageManager] waiting for 39 tasks
   - "@octokit/request-error": "^5.1.1" - @octokit/request-error@5.1.1
Enqueue package manifest for download: deprecation
> HTTP/1.1 GET https://registry.npmjs.org/is-accessor-descriptor
> Accept: application/vnd.npm.install-v1+json; q=1.0, application/json; q=0.8, */*
> Connection: keep-alive
> User-Agent: Bun/1.3.9
> Host: registry.npmjs.org
> Accept-Encoding: gzip, deflate, br, zstd

> HTTP/1.1 GET https://registry.npmjs.org/is-arrayish
> Accept: application/vnd.npm.install-v1+json; q=1.0, application/json; q=0.8, */*
> Connection: keep-alive
> User-Agent: Bun/1.3.9
> Host: registry.npmjs.org
> Accept-Encoding: gzip, deflate, br, zstd

> HTTP/1.1 GET https://registry.npmjs.org/deprecation
> Accept: application/vnd.npm.install-v1+json; q=1.0, application/json; q=0.8, */*
> Connection: keep-alive
> User-Agent: Bun/1.3.9
> Host: registry.npmjs.org
> Accept-Encoding: gzip, deflate, br, zstd

< 200 OK
< Date: Sat, 03 Oct 2026 22:24:52 GMT
< Content-Type: application/vnd.npm.install-v1+json
< Transfer-Encoding: chunked
< Connection: keep-alive
< set-cookie: __cf_bm=TOBPYL1pecdYS4Jx8uvq6MQ3LAUi2kZ2HJaIZPtBknE-1791066292.623501-1.0.1.1-FPg6BqGSOe9yZR.XD1iReD3XTVLQuqSg3WfxCpsW4GQszA2uCHWKIdJcrp6HqCIH7GCc7EDvDDr3_a4CTatrn1M4f8E66Ayj2w.DORYMRH.vtsLlT9VQXeWztYiCNbiF; HttpOnly; SameSite=None; Secure; Path=/; Domain=npmjs.org; Expires=Sat, 03 Oct 2026 22:54:52 GMT
< set-cookie: _cfuvid=Wbe.Df4Fzvyporqf9IW4bC8Di10XYQxWEf1E25H_eAE-1791066292.623501-1.0.1.1-aK.IeTIctXhkdk1wJUovgeuFW7ua.2zTT866QTa3ewE; HttpOnly; SameSite=None; Secure; Path=/; Domain=npmjs.org
< CF-Ray: a44f5c08ee209b00-TIA
< CF-Cache-Status: HIT
< ETag: W/"27d721ab9ab94b1e29e4f8ade5937b81"
< Access-Control-Allow-Origin: *
< Cache-Control: public, max-age=300
< Last-Modified: Tue, 04 Apr 2023 01:38:26 GMT
< Server: cloudflare
< Vary: accept-encoding, accept
< Content-Encoding: br

[PackageManager] waiting for 39 tasks
    [279.76ms]
Downloaded atob versions
< 200 OK
< Date: Sat, 03 Oct 2026 22:24:52 GMT
< Content-Type: application/vnd.npm.install-v1+json
< Transfer-Encoding: chunked
< Connection: keep-alive
< set-cookie: __cf_bm=r8tvqqVaSmG9bhsM5lxpgTw1ChLtSCQE.1..uuym7P8-1791066292.6235065-1.0.1.1-n5f49jvfKWGewUEV2Nv1fN.I9oCp0pA9CoSZSppJ5_crkA2W4dLw3.jM7T2fkY4_owkM3On5EmibnEHKIHUliKSajz2pFBccybv7p80pKKlDtUVby1Te4j9uudHv8xVg; HttpOnly; SameSite=None; Secure; Path=/; Domain=npmjs.org; Expires=Sat, 03 Oct 2026 22:54:52 GMT
< set-cookie: _cfuvid=IjiGSRkdh8u.q23gnCco.ECoMdOKk2CaQ02bxHWBVnI-1791066292.6235065-1.0.1.1-ttcyhnjfGdszopLZK4ZN.kqpZT4j0nbQMXwxfGWxdRI; HttpOnly; SameSite=None; Secure; Path=/; Domain=npmjs.org
< CF-Ray: a44f5c08e9515f50-TIA
< CF-Cache-Status: HIT
< ETag: W/"03ded591a72ca855ea27aa1d5e3d65c2"
< Access-Control-Allow-Origin: *
< Cache-Control: public, max-age=300
< Last-Modified: Fri, 17 Nov 2023 20:46:52 GMT
< Server: cloudflare
< Vary: accept-encoding, accept
< Content-Encoding: br

[PackageManager] waiting for 39 tasks
    [510.17ms]
Downloaded @jridgewell/trace-mapping versions
    [280.09ms]
Downloaded component-emitter versions
[PackageManager] waiting for 39 tasks
   - "component-emitter": "^1.2.1" - component-emitter@1.3.1
[PackageManager] waiting for 38 tasks
    [514.85ms]
Downloaded @octokit/openapi-types versions
< 200 OK
< Date: Sat, 03 Oct 2026 22:24:52 GMT
< Content-Type: application/vnd.npm.install-v1+json
< Transfer-Encoding: chunked
< Connection: keep-alive
< set-cookie: __cf_bm=qdDD58z4W_T75Q0Ko_kSF33rtPIAInjPkuGDclYcQmo-1791066292.6235-1.0.1.1-2GJ151JSCDrw79AJWKAVS56PUwirRxXFkNCQNSM4bgNHqGIlnQcG7I7botkfXNvImFAOlud3NBorDYF5B_HmstVx_LdmlyvbEpMe8Q4qVdcziqN8SWWCBeVvBCkUwGaV; HttpOnly; SameSite=None; Secure; Path=/; Domain=npmjs.org; Expires=Sat, 03 Oct 2026 22:54:52 GMT
< set-cookie: _cfuvid=ubrO0EzvMuSJ98zWRbAiGXooismdwVBQtn7.MRgUeig-1791066292.6235-1.0.1.1-1Ss_xC9R2xcFkSeG8O4Rh4.tD3InPMkqrgP1MPOSwf0; HttpOnly; SameSite=None; Secure; Path=/; Domain=npmjs.org
< CF-Ray: a44f5c08e9cfbd99-TIA
< CF-Cache-Status: HIT
< ETag: W/"851a6e2f65631d8ce7560269dccb0b75"
< Access-Control-Allow-Origin: *
< Cache-Control: public, max-age=300
< Last-Modified: Thu, 16 Mar 2023 19:06:00 GMT
< Server: cloudflare
< Vary: accept-encoding, accept
< Content-Encoding: br

[PackageManager] waiting for 38 tasks
    [280.71ms]
Downloaded ret versions
< 200 OK
< Date: Sat, 03 Oct 2026 22:24:52 GMT
< Content-Type: application/vnd.npm.install-v1+json
< Transfer-Encoding: chunked
< Connection: keep-alive
< set-cookie: __cf_bm=DNXLkAxzarRgxK0vpx8uDwu88aeWE0a_pffS7F.vfg8-1791066292.6233883-1.0.1.1-uOOy3ofoLLhpWat8fq8L.xb04s3tfusI9t_xePeBCpzaPjON3wvvGqD4OJVZdcVrPU1eCaH3PKCF12ksOd6dHUCVSYLDZ0n9Ce2Jj_Vj5U9aR4JtNIEI2YqRKguFgls4; HttpOnly; SameSite=None; Secure; Path=/; Domain=npmjs.org; Expires=Sat, 03 Oct 2026 22:54:52 GMT
< set-cookie: _cfuvid=pMLd4vj_PkK5shUx0CBKTEYalR0pT7OoGgSMqv0u60c-1791066292.6233883-1.0.1.1-PVPcBSvOQPZJz0laW9h3EvQ.WqtWOK2ukHI8FVQIIDg; HttpOnly; SameSite=None; Secure; Path=/; Domain=npmjs.org
< CF-Ray: a44f5c08ee29793f-TIA
< CF-Cache-Status: HIT
< ETag: W/"b6b7c38e6be2aa65dfb2551709c45a5f"
< Access-Control-Allow-Origin: *
< Cache-Control: public, max-age=300
< Last-Modified: Fri, 16 Jun 2023 22:41:01 GMT
< Server: cloudflare
< Vary: accept-encoding, accept
< Content-Encoding: br

[PackageManager] waiting for 38 tasks
    [280.91ms]
Downloaded shebang-regex versions
< 200 OK
< Date: Sat, 03 Oct 2026 22:24:52 GMT
< Content-Type: application/vnd.npm.install-v1+json
< Transfer-Encoding: chunked
< Connection: keep-alive
< set-cookie: __cf_bm=t1hJ2df7RLbc8M3zFY8vsfTYjhQOvFQ7U49gtKBsQts-1791066292.6234443-1.0.1.1-oxUiyHDfcJHKyKFPYtWGmWuFap9VOngcGMT7ZdlV048AmeO1Tbjrk_MqbcVuJ92XwtLe4FlCWoSJvowrnEcZO7xLBjIsLjnYZgJwFJO29lrohBOHwECSuf0.vCAwz498; HttpOnly; SameSite=None; Secure; Path=/; Domain=npmjs.org; Expires=Sat, 03 Oct 2026 22:54:52 GMT
< set-cookie: _cfuvid=ffqgO8baAd0vrcGqxfoSTgB66wp8ZpG9Nk22defWgRY-1791066292.6234443-1.0.1.1-05He55vUrKYYoSI6YjPeXD.QiAaoBhB1UILt0X0iSao; HttpOnly; SameSite=None; Secure; Path=/; Domain=npmjs.org
< CF-Ray: a44f5c08e80df474-TIA
< CF-Cache-Status: HIT
< ETag: W/"853a4a1bc471b96323b1caa0c537a4cd"
< Access-Control-Allow-Origin: *
< Cache-Control: public, max-age=300
< Last-Modified: Wed, 02 Sep 2026 10:34:55 GMT
< Server: cloudflare
< Vary: accept-encoding, accept
< Content-Encoding: br

   - "atob": "^2.1.2" - atob@2.1.2
[PackageManager] waiting for 37 tasks
   - "ret": "~0.1.10" - ret@0.1.15
[PackageManager] waiting for 36 tasks
    [281.07ms]
Downloaded bare-url versions
< 200 OK
< Date: Sat, 03 Oct 2026 22:24:52 GMT
< Content-Type: application/vnd.npm.install-v1+json
< Transfer-Encoding: chunked
< Connection: keep-alive
< set-cookie: __cf_bm=zw8aofArL6UfY8MOCy_SCUhIoGjRuHB9HpkxAH1skHY-1791066292.6234593-1.0.1.1-DCh0FsV4SgXoy3Ddu1XmT6bMNTo_Ws7Kp5iubVYucxicrwnyLgvQvi_NObYY3AIlJ2nYhq_lE7ibQ535yIfsyQ423Jw6Ef7rDX6YF6J9IEwf6QyIdxX2PE_su7u8Zovm; HttpOnly; SameSite=None; Secure; Path=/; Domain=npmjs.org; Expires=Sat, 03 Oct 2026 22:54:52 GMT
< set-cookie: _cfuvid=oiJs9CCLBmIkLNmIeta4qO03o8dN2KVMQN8Ycj5hv70-1791066292.6234593-1.0.1.1-KQ.V5JkgeRTNXgHsXFquJo9DANa.FO9C5nlqcFRGPYI; HttpOnly; SameSite=None; Secure; Path=/; Domain=npmjs.org
< CF-Ray: a44f5c08e8e451a4-TIA
< CF-Cache-Status: HIT
< ETag: W/"50892cdfd63258e0b3742b04934da3d8"
< Access-Control-Allow-Origin: *
< Cache-Control: public, max-age=300
< Last-Modified: Sun, 19 Jun 2022 19:59:37 GMT
< Server: cloudflare
< Vary: accept-encoding, accept
< Content-Encoding: br

   - "shebang-regex": "^3.0.0" - shebang-regex@3.0.0
   - "@jridgewell/trace-mapping": "^0.3.24" - @jridgewell/trace-mapping@0.3.31
Enqueue package manifest for download: @jridgewell/resolve-uri
< 200 OK
< Date: Sat, 03 Oct 2026 22:24:52 GMT
< Content-Type: application/vnd.npm.install-v1+json
< Transfer-Encoding: chunked
< Connection: keep-alive
< set-cookie: __cf_bm=iiE.TyGycAGPQy3nxB33zE6OqxbXZCiuWucNSqdwh8M-1791066292.6237383-1.0.1.1-r5xHnVCncQSoYiFLmHC0SIhnImYfBSrBqKfeNEfhIerrXnbCzzylq7.rgno4FIb0MYd_7YA0esOriqOxEOWGoZuyPfx754ocY6Dq_gg6gRZw.2vJ70MQdQIi9yTzl0Yt; HttpOnly; SameSite=None; Secure; Path=/; Domain=npmjs.org; Expires=Sat, 03 Oct 2026 22:54:52 GMT
< set-cookie: _cfuvid=t4r1kSkncXHIVlQKJVHGhSsp.p2pC6LsdpJWQIEauxc-1791066292.6237383-1.0.1.1-PHGQHBMo7LiSrupIWALa0VMYAIgLACHkP1nY3dZNRAY; HttpOnly; SameSite=None; Secure; Path=/; Domain=npmjs.org
< CF-Ray: a44f5c08e80ef474-TIA
< CF-Cache-Status: HIT
< ETag: W/"2a730998cfa8a14ff26b11248f28b0ee"
< Access-Control-Allow-Origin: *
< Cache-Control: public, max-age=300
< Last-Modified: Sun, 19 Jun 2022 22:59:29 GMT
< Server: cloudflare
< Vary: accept-encoding, accept
< Content-Encoding: br

< 200 OK
< Date: Sat, 03 Oct 2026 22:24:52 GMT
< Content-Type: application/vnd.npm.install-v1+json
< Transfer-Encoding: chunked
< Connection: keep-alive
< set-cookie: __cf_bm=cn.4j46.8pThyUgP7bOW4erU3VZpwPRfIePCWRhUJuM-1791066292.6237447-1.0.1.1-V7W6PgL9hfZJT7RJMMyFG68odm4cHMoYJ7pPQfkl4uWW9ZqE3BvRkkCWym4vgyKUJ0Rg1XVgdbtadxzMxHl_kssBKFid7rTGgfOyRtwIoUn5tfJ8I_PIDV2GYtQw_y0E; HttpOnly; SameSite=None; Secure; Path=/; Domain=npmjs.org; Expires=Sat, 03 Oct 2026 22:54:52 GMT
< set-cookie: _cfuvid=VHGMIvoNJhblqHYMYv5XuQvP70KiSydQa9gD9mlEMUM-1791066292.6237447-1.0.1.1-APY1rd7xmJSkfMrB2XsBeKE9kFsp9yTMrg3BaEv_dDA; HttpOnly; SameSite=None; Secure; Path=/; Domain=npmjs.org
< CF-Ray: a44f5c08e9525f50-TIA
< CF-Cache-Status: HIT
< ETag: W/"cfc63d17eb26294ead7a87c59b01602d"
< Access-Control-Allow-Origin: *
< Cache-Control: public, max-age=300
< Last-Modified: Thu, 23 Jun 2022 11:59:03 GMT
< Server: cloudflare
< Vary: accept-encoding, accept
< Content-Encoding: br

[PackageManager] waiting for 35 tasks
< 200 OK
< Date: Sat, 03 Oct 2026 22:24:52 GMT
< Content-Type: application/vnd.npm.install-v1+json
< Transfer-Encoding: chunked
< Connection: keep-alive
< set-cookie: __cf_bm=RRCMTIdgADNGEtIQA2KaRyPO5iugpVLiou4VOkihgz8-1791066292.62359-1.0.1.1-gvzivQ9bmG0Uo0L5ZvATXBJwT8Qs2z5EEShhoTXazLGC4rCpiBkEtyLoDqWdyGZCFSzLxmAY3TRNFoess8gbGdKkjHV7rpWjNrx0JaRzYh0B7Q2Yxjk_pA0MUvcAUVCN; HttpOnly; SameSite=None; Secure; Path=/; Domain=npmjs.org; Expires=Sat, 03 Oct 2026 22:54:52 GMT
< set-cookie: _cfuvid=7Sec1zt6ZXooEOjq9X_ND4VpOrhk.GopbdqdytVpb.g-1791066292.62359-1.0.1.1-4LHQfGisDhviJiEi4Fw0yEivEtR3aUIuqW1vYif.nRs; HttpOnly; SameSite=None; Secure; Path=/; Domain=npmjs.org
< CF-Ray: a44f5c08e9cebd99-TIA
< CF-Cache-Status: HIT
< ETag: W/"7943cdaef3da2051f4d5f7d17132befe"
< Access-Control-Allow-Origin: *
< Cache-Control: public, max-age=300
< Last-Modified: Mon, 09 Feb 2026 16:28:04 GMT
< Server: cloudflare
< Vary: accept-encoding, accept
< Content-Encoding: br

    [281.08ms]
Downloaded mimic-response versions
    [281.08ms]
Downloaded mixin-deep versions
    [281.11ms]
Downloaded pascalcase versions
   - "bare-url": "^2.2.2" - bare-url@2.5.4
[PackageManager] waiting for 34 tasks
< 200 OK
< Date: Sat, 03 Oct 2026 22:24:52 GMT
< Content-Type: application/vnd.npm.install-v1+json
< Transfer-Encoding: chunked
< Connection: keep-alive
< set-cookie: __cf_bm=ZYz.bReQPIjM0vgrplkwds_YPSuW6UDOMwdSJqmVLJY-1791066292.6234257-1.0.1.1-IcOG64ZhuzWaJDNhBgPT1GaKbcQY9DPmmTlcrpArrP1t6pkBrTn4HfKHKkH18azfrtI5IslDDEmQB.By8unp7qEY957_rSdaxaLHKb_n16r4rriv0wrFl.imyxlwqtF8; HttpOnly; SameSite=None; Secure; Path=/; Domain=npmjs.org; Expires=Sat, 03 Oct 2026 22:54:52 GMT
< set-cookie: _cfuvid=96k4oDsCEGZNlG3p_oxmCoDSMBgPDm7PnfrHg0iarY8-1791066292.6234257-1.0.1.1-w0mA._KeAPPKt2ALGUrwirtgCVKznb0Dd9V3XntVFsk; HttpOnly; SameSite=None; Secure; Path=/; Domain=npmjs.org
< CF-Ray: a44f5c08e8e651a4-TIA
< CF-Cache-Status: HIT
< ETag: W/"77c90a27b9fe4c9c3f19ea0c2bedc5d9"
< Access-Control-Allow-Origin: *
< Cache-Control: public, max-age=300
< Last-Modified: Fri, 08 Aug 2025 14:14:06 GMT
< Server: cloudflare
< Vary: accept-encoding, accept
< Content-Encoding: br

    [281.33ms]
Downloaded isexe versions
[PackageManager] waiting for 34 tasks
   - "pascalcase": "^0.1.1" - pascalcase@0.1.1
[PackageManager] waiting for 33 tasks
   - "mimic-response": "^3.1.0" - mimic-response@3.1.0
[PackageManager] waiting for 32 tasks
    [281.41ms]
Downloaded strip-json-comments versions
< 200 OK
< Date: Sat, 03 Oct 2026 22:24:52 GMT
< Content-Type: application/vnd.npm.install-v1+json
< Transfer-Encoding: chunked
< Connection: keep-alive
< set-cookie: __cf_bm=Yj0IuGMrR.qHWEwsVEXYpRPzkHcDCWEPmdvwzQ22VEo-1791066292.6239002-1.0.1.1-2JXByGSvxH82fz.UYD4pFiwvswAppLObcFKEQkeD8QvDZKLoeFbFGeiAUzJ6OVJ1X3w2m497C_dplaYkoDhVbn7LyyeqH99Cw54cuS7VkAjWVJd4Umwbc9x2kikcncaZ; HttpOnly; SameSite=None; Secure; Path=/; Domain=npmjs.org; Expires=Sat, 03 Oct 2026 22:54:52 GMT
< set-cookie: _cfuvid=Dxiu2eKH5WHHkNcPbUoa9w54F5elQ1B2tCkwoxo2QW4-1791066292.6239002-1.0.1.1-B5CEuqf9Ec0sEsT49xy6iH.8JFRTp6f7UB0klFZjaSk; HttpOnly; SameSite=None; Secure; Path=/; Domain=npmjs.org
< CF-Ray: a44f5c08ee229b00-TIA
< CF-Cache-Status: HIT
< ETag: W/"fbd65b6146ef0ff10dac8bb51c28cbc4"
< Access-Control-Allow-Origin: *
< Cache-Control: public, max-age=300
< Last-Modified: Mon, 13 Jun 2022 05:23:07 GMT
< Server: cloudflare
< Vary: accept-encoding, accept
< Content-Encoding: br

   - "isexe": "^2.0.0" - isexe@2.0.0
[PackageManager] waiting for 31 tasks
    [281.47ms]
Downloaded cache-base versions
< 200 OK
< Date: Sat, 03 Oct 2026 22:24:52 GMT
< Content-Type: application/vnd.npm.install-v1+json
< Transfer-Encoding: chunked
< Connection: keep-alive
< set-cookie: __cf_bm=QUAa0Q8K91SiDe.gMKGRoD_X7lTbgmJETD7BPqRrNiQ-1791066292.6234002-1.0.1.1-OIq.YVskq9PHl8ktEf9SgVI3DI9mQBxxJma7Hg0wRjx6j449E6_T7BZ59pHrCTXDmPUvQWgIH5_k.6BigW7qVbTbsdTBETdmpVbi3AffsJxYbKVdJwy2rfgx.bKzs4jh; HttpOnly; SameSite=None; Secure; Path=/; Domain=npmjs.org; Expires=Sat, 03 Oct 2026 22:54:52 GMT
< set-cookie: _cfuvid=A6v9KgmDmuW4q0NNVUGauddjwdP1nNUM8B8h3ABvgV0-1791066292.6234002-1.0.1.1-oreR7sD9GAzxsT5cERb9B6MosCFs5qilBU_kviG0dag; HttpOnly; SameSite=None; Secure; Path=/; Domain=npmjs.org
< CF-Ray: a44f5c08ea11a5b3-TIA
< CF-Cache-Status: HIT
< ETag: W/"47f470f2b807c49c57ceea6b0dc9e36e"
< Access-Control-Allow-Origin: *
< Cache-Control: public, max-age=300
< Last-Modified: Sun, 13 Sep 2026 19:42:30 GMT
< Server: cloudflare
< Vary: accept-encoding, accept
< Content-Encoding: br

[PackageManager] waiting for 31 tasks
   - "mixin-deep": "^1.2.0" - mixin-deep@1.3.2
Enqueue package manifest for download: for-in
[PackageManager] waiting for 31 tasks
    [281.82ms]
Downloaded b4a versions
   - "strip-json-comments": "~2.0.1" - strip-json-comments@2.0.1
   - "@octokit/openapi-types": "^20.0.0" - @octokit/openapi-types@20.0.0
   - "@octokit/openapi-types": "^24.2.0" - @octokit/openapi-types@24.2.0
< 200 OK
< Date: Sat, 03 Oct 2026 22:24:52 GMT
< Content-Type: application/vnd.npm.install-v1+json
< Transfer-Encoding: chunked
< Connection: keep-alive
< set-cookie: __cf_bm=FlzBg5dU8wkjALLn0TL1MPDh3VDbwgwxng3CLyL.Se4-1791066292.6239047-1.0.1.1-e_OynzBNuvKWzREMhaSA.MBF_OI3xLImLQJzc6N31vP30xRp7mR9lcIoCyUpuz0hg8Hyn9W0cU_Cy_a8MEOXLyoZFE6LSaXK2D61zZzVfcM9_cUA9Nds7eI.ibhCPRKc; HttpOnly; SameSite=None; Secure; Path=/; Domain=npmjs.org; Expires=Sat, 03 Oct 2026 22:54:52 GMT
< set-cookie: _cfuvid=AHamvKEXUQcGA8oGU9cHA_fQl4Yoi6Etwm5ELddmTrQ-1791066292.6239047-1.0.1.1-BAjGaqCQJZlaBOJWxZKseJxcWoXofHOGVba.jb8x_w0; HttpOnly; SameSite=None; Secure; Path=/; Domain=npmjs.org
< CF-Ray: a44f5c08e80ff474-TIA
< CF-Cache-Status: HIT
< ETag: W/"11c485b5a7aca9b5e55d812824453695"
< Access-Control-Allow-Origin: *
< Cache-Control: public, max-age=300
< Last-Modified: Thu, 22 Jun 2023 16:34:10 GMT
< Server: cloudflare
< Vary: accept-encoding, accept
< Content-Encoding: br

[PackageManager] waiting for 29 tasks
   - "cache-base": "^1.0.1" - cache-base@1.0.1
Enqueue package manifest for download: collection-visit
Enqueue package manifest for download: get-value
Enqueue package manifest for download: has-value
Enqueue package manifest for download: set-value
Enqueue package manifest for download: to-object-path
Enqueue package manifest for download: union-value
Enqueue package manifest for download: unset-value
< 200 OK
< Date: Sat, 03 Oct 2026 22:24:52 GMT
< Content-Type: application/vnd.npm.install-v1+json
< Transfer-Encoding: chunked
< Connection: keep-alive
< set-cookie: __cf_bm=PokMtm3ylx8QhOVo5cJ2S3ULio6Vgme2KPeJfAagUco-1791066292.6234257-1.0.1.1-zZ.TTAdD_h3swfIG0cSxE4P6vOWaMEfrJZDZGK5rWhDtuF0O1xtpDd6hTvLJXsPTb200fGegkRRGg1jr3KJeWNVomOkCSPYGQrJqgVzMfqPx4_pe2OJDHJPNn.nqW7EN; HttpOnly; SameSite=None; Secure; Path=/; Domain=npmjs.org; Expires=Sat, 03 Oct 2026 22:54:52 GMT
< set-cookie: _cfuvid=awjYX4WKiAtrrElJ1LxKc5gSlNW5NpnffEuIEGMRSjc-1791066292.6234257-1.0.1.1-MEFmVPsKkP.uFZklT1nYrMcTag.LOofGzKO5DcpkHNM; HttpOnly; SameSite=None; Secure; Path=/; Domain=npmjs.org
< CF-Ray: a44f5c08ef2d7c08-TIA
< CF-Cache-Status: HIT
< ETag: W/"6b48c439961c30cb89608264c7f1905a"
< Access-Control-Allow-Origin: *
< Cache-Control: public, max-age=300
< Last-Modified: Wed, 26 Aug 2026 09:36:18 GMT
< Server: cloudflare
< Vary: accept-encoding, accept
< Content-Encoding: br

[PackageManager] waiting for 35 tasks
    [281.95ms]
Downloaded wrappy versions
   - "b4a": "^1.9.0" - b4a@1.9.0
[PackageManager] waiting for 34 tasks
[PackageManager] waiting for 34 tasks
    [281.88ms]
Downloaded bare-events versions
[PackageManager] waiting for 34 tasks
   - "wrappy": "1" - wrappy@1.0.2
< 200 OK
< Date: Sat, 03 Oct 2026 22:24:52 GMT
< Content-Type: application/vnd.npm.install-v1+json
< Transfer-Encoding: chunked
< Connection: keep-alive
< set-cookie: __cf_bm=2eq5qUxaAGubPBhtwyaFCKMuZItSqkWa2FpoZz8B5To-1791066292.6236126-1.0.1.1-Y4moK0lme0RNRx080zqa8LsNmpAI7twxmYmVoWPeNHVaY.AMz9pXrqZ15lK0ns57pIMGNt8Ej5AvDiY5QDle61ldoSz8tpXiErVt_KvENnTfWbiIL.YsQ7R_MtqRRKju; HttpOnly; SameSite=None; Secure; Path=/; Domain=npmjs.org; Expires=Sat, 03 Oct 2026 22:54:52 GMT
< set-cookie: _cfuvid=sQwikyBLtS9dc.gXo1c_AhLJmVk_D5QDgMeESziHB9M-1791066292.6236126-1.0.1.1-w07Rgz1dLvcyRJIF_A9YiWi9UwJHxxFZ8YVw8O5.Ri8; HttpOnly; SameSite=None; Secure; Path=/; Domain=npmjs.org
< CF-Ray: a44f5c08e9d0bd99-TIA
< CF-Cache-Status: HIT
< ETag: W/"905bd27877823e39333c4bccf5a399b6"
< Access-Control-Allow-Origin: *
< Cache-Control: public, max-age=300
< Last-Modified: Mon, 10 Jul 2023 23:19:24 GMT
< Server: cloudflare
< Vary: accept-encoding, accept
< Content-Encoding: br

[PackageManager] waiting for 33 tasks
   - "bare-events": "^2.5.4" - bare-events@2.9.2
[PackageManager] waiting for 32 tasks
    [281.97ms]
Downloaded deep-extend versions
< 200 OK
< Date: Sat, 03 Oct 2026 22:24:52 GMT
< Content-Type: application/vnd.npm.install-v1+json
< Transfer-Encoding: chunked
< Connection: keep-alive
< set-cookie: __cf_bm=OzvG7mRnqblwJcJD9y1n3pSd1fISfelNtJvXXVupP1A-1791066292.623409-1.0.1.1-AT2ac2VeoR9aBCwaZ898C.5.AJM1yoaF0UkzOL2f4t6nd5xutcji_9VdpwEF8li7sHNS5Pf1DQXA7UnTUnR8XOOItiB7hiym26X2lKzfDRB2GFJF6GHFx2_9TK4J1VGp; HttpOnly; SameSite=None; Secure; Path=/; Domain=npmjs.org; Expires=Sat, 03 Oct 2026 22:54:52 GMT
< set-cookie: _cfuvid=fM34Xuqj9YDtAOMUdFeBx2Y2pi_usnBxRV6nJ1RS_4g-1791066292.623409-1.0.1.1-wcnUEmiVkI9jOJ3ovfeKozxvgmWi5JsDajULq6N1Pxk; HttpOnly; SameSite=None; Secure; Path=/; Domain=npmjs.org
< CF-Ray: a44f5c08ea12a5b3-TIA
< CF-Cache-Status: HIT
< ETag: W/"8834631110c3eec7feaad61180bffb22"
< Access-Control-Allow-Origin: *
< Cache-Control: public, max-age=300
< Last-Modified: Thu, 30 Jul 2026 05:27:06 GMT
< Server: cloudflare
< Vary: accept-encoding, accept
< Content-Encoding: br

[PackageManager] waiting for 32 tasks
   - "deep-extend": "^0.6.0" - deep-extend@0.6.0
[PackageManager] waiting for 31 tasks
    [282.24ms]
Downloaded bl versions
< 200 OK
< Date: Sat, 03 Oct 2026 22:24:52 GMT
< Content-Type: application/vnd.npm.install-v1+json
< Transfer-Encoding: chunked
< Connection: keep-alive
< set-cookie: __cf_bm=YaI8A4gumMqoyPpSH2TDt3iMisMoaLwI1n8T1wQ7o3M-1791066292.6237047-1.0.1.1-BegJlHhnWIVtGjG2pmKn_3s3kFwaYwKGR20HtZwgRvujAca8PtxcebdvfUa5icckrpHk1AZcna1deUeu1mkfNwqc9h7Wat4g1fuZtSXzwONw0h04PKoHNqxZsQD57POP; HttpOnly; SameSite=None; Secure; Path=/; Domain=npmjs.org; Expires=Sat, 03 Oct 2026 22:54:52 GMT
< set-cookie: _cfuvid=pV5ISI2MMGm184fnPCf_otvSGmIhib.8VvYz1UKfCMI-1791066292.6237047-1.0.1.1-dyIEGJd_M8ZpbPFUEkOIeG7VPNFepgblTT4Yuu8XoTA; HttpOnly; SameSite=None; Secure; Path=/; Domain=npmjs.org
< CF-Ray: a44f5c08ee1f9b00-TIA
< CF-Cache-Status: HIT
< ETag: W/"8636d1151eee1078524dda5e041ac984"
< Access-Control-Allow-Origin: *
< Cache-Control: public, max-age=300
< Last-Modified: Mon, 13 Jun 2022 06:05:54 GMT
< Server: cloudflare
< Vary: accept-encoding, accept
< Content-Encoding: br

[PackageManager] waiting for 31 tasks
    [282.13ms]
Downloaded class-utils versions
< 200 OK
< Date: Sat, 03 Oct 2026 22:24:52 GMT
< Content-Type: application/vnd.npm.install-v1+json
< Transfer-Encoding: chunked
< Connection: keep-alive
< set-cookie: __cf_bm=_7YN.mfIiuP5mnuU2sB2RpCE_dPi_6ounN_2TBFPn9o-1791066292.6234362-1.0.1.1-ON90ACux2Yg7yeKRxHGLDXDPj4L_w0KdcuYQcmDr9w9pVqHerQcN8cFNZ5SCz3OsFz5eD1mnIKhQ1CdT41EBD_J6Rp7Y_rNEJG5D_qzw.23qRXpx36hhaVAUfvK0dj47; HttpOnly; SameSite=None; Secure; Path=/; Domain=npmjs.org; Expires=Sat, 03 Oct 2026 22:54:52 GMT
< set-cookie: _cfuvid=WtgeSCkyGHwpWiHQqHrR.W96wnY2vTbYdyqn7uCoc1g-1791066292.6234362-1.0.1.1-5tyEpgbnVHmpEwp4V8.zGi6TCqy.IZ0ZLLWLwh8IWYs; HttpOnly; SameSite=None; Secure; Path=/; Domain=npmjs.org
< CF-Ray: a44f5c08e8e551a4-TIA
< CF-Cache-Status: HIT
< ETag: W/"b6b049038c5c5afaa6c22747de602d7f"
< Access-Control-Allow-Origin: *
< Cache-Control: public, max-age=300
< Last-Modified: Tue, 25 Aug 2026 20:21:32 GMT
< Server: cloudflare
< Vary: accept-encoding, accept
< Content-Encoding: br

[PackageManager] waiting for 31 tasks
< 200 OK
< Date: Sat, 03 Oct 2026 22:24:52 GMT
< Content-Type: application/vnd.npm.install-v1+json
< Transfer-Encoding: chunked
< Connection: keep-alive
< set-cookie: __cf_bm=BmgqmfboKMS6evJMu304Per.9da.W42mcL_jlr_TqoQ-1791066292.6240504-1.0.1.1-WSd0ivYzKNeZumX_d0GIvw8hw.F78jyhwCED9QCOgecIh7sjVet7t7eWenWZJXZsY5VJYHYws.ZXXmpxzZx.wLL3Dp23ntQj0j9YSWafvGrI34lTRkwsW5pWn3gszeTY; HttpOnly; SameSite=None; Secure; Path=/; Domain=npmjs.org; Expires=Sat, 03 Oct 2026 22:54:52 GMT
< set-cookie: _cfuvid=KimlUTcWVzkkGJptX_BOQCEcMh_FKie6yrun_Bol5VU-1791066292.6240504-1.0.1.1-KF_IBcGGzUvdVO0Ynir6kXGyOQuIy2LcnIOB2VIpKAs; HttpOnly; SameSite=None; Secure; Path=/; Domain=npmjs.org
< CF-Ray: a44f5c08ef2e7c08-TIA
< CF-Cache-Status: HIT
< ETag: W/"bd23f2f80694e17fa71a7e503f2ebcdc"
< Access-Control-Allow-Origin: *
< Cache-Control: public, max-age=300
< Last-Modified: Mon, 21 Aug 2023 14:21:03 GMT
< Server: cloudflare
< Vary: accept-encoding, accept
< Content-Encoding: br

    [282.50ms]
Downloaded streamx versions
< 200 OK
< Date: Sat, 03 Oct 2026 22:24:52 GMT
< Content-Type: application/vnd.npm.install-v1+json
< Transfer-Encoding: chunked
< Connection: keep-alive
< set-cookie: __cf_bm=Uxob3lUcnUriQH2ImFvYClz7XMNDcilp4t5CFYpY_b8-1791066292.6237895-1.0.1.1-j4XQs4uuH0uPKWNc2QpDmoTb31ObM_oSwzfDH6rirdaRngpfXxAHACkvU0u15mQcOtg89ykM4RWa83wV3d8_cG3wz8nK16xINoYrAfHrq4uMrCmzY1.wHsvWIIzGFqgH; HttpOnly; SameSite=None; Secure; Path=/; Domain=npmjs.org; Expires=Sat, 03 Oct 2026 22:54:52 GMT
< set-cookie: _cfuvid=McnbGBccmnc8TWBpaZsvljwhOiYOibaAg1cXxMB7lHw-1791066292.6237895-1.0.1.1-HJiVk96ttQnC1eiqfV_vYC1DSUztCcE0pi3vgSfiPWI; HttpOnly; SameSite=None; Secure; Path=/; Domain=npmjs.org
< CF-Ray: a44f5c08ee2e793f-TIA
< CF-Cache-Status: HIT
< ETag: W/"634f8abb575623a06541fc95dac818f2"
< Access-Control-Allow-Origin: *
< Cache-Control: public, max-age=300
< Last-Modified: Sun, 26 Jun 2022 22:23:01 GMT
< Server: cloudflare
< Vary: accept-encoding, accept
< Content-Encoding: br

   - "class-utils": "^0.3.5" - class-utils@0.3.6
   - "bl": "^4.0.3" - bl@4.1.0
Enqueue package manifest for download: arr-union
Enqueue package manifest for download: static-extend
   - "buffer": "^5.5.0" - buffer@5.7.1
< 200 OK
< Date: Sat, 03 Oct 2026 22:24:52 GMT
< Content-Type: application/vnd.npm.install-v1+json
< Transfer-Encoding: chunked
< Connection: keep-alive
< set-cookie: __cf_bm=JZf_9RhyDRSuaN.KlrTQhGzjs6XqpNP4MNnISTHkPlU-1791066292.6234527-1.0.1.1-f1Hrul2lZ4426AkZXHWh0p4tddbfO.EMHC7LGaEtRqlt0bEYp2lokU69kEMIdQLk5uyzWJCSnLHh0ptJH3lLKD.pFsm8Kye4vYx1Mc4VbXJBy2IHc9Oulhv6KM9KRsRz; HttpOnly; SameSite=None; Secure; Path=/; Domain=npmjs.org; Expires=Sat, 03 Oct 2026 22:54:52 GMT
< set-cookie: _cfuvid=nRrLI.fyPCT6oCqK9srtZjzMcOfSUekW_oZqZB.hyag-1791066292.6234527-1.0.1.1-EX1_08QWZIBNsR06skocPBVJgWuEgEwpY35So_Qm.6g; HttpOnly; SameSite=None; Secure; Path=/; Domain=npmjs.org
< CF-Ray: a44f5c08ef2f7c08-TIA
< CF-Cache-Status: HIT
< ETag: W/"d1d2edda4d51bb2af9884854c449cd15"
< Access-Control-Allow-Origin: *
< Cache-Control: public, max-age=300
< Last-Modified: Sun, 26 Jun 2022 11:53:33 GMT
< Server: cloudflare
< Vary: accept-encoding, accept
< Content-Encoding: br

[PackageManager] waiting for 31 tasks
< 200 OK
< Date: Sat, 03 Oct 2026 22:24:52 GMT
< Content-Type: application/vnd.npm.install-v1+json
< Transfer-Encoding: chunked
< Connection: keep-alive
< set-cookie: __cf_bm=QJsu8303Ux7R2tmuYXmyKgA8Am6BfQMDtE8Gn7imm9E-1791066292.388605-1.0.1.1-FY3VK8QV5G0wDr2duMR7DkdyjMNRAGQbXI9GJ_kJMHkD6ALaUDbIlB0P139aSIx8Lfg3gV2OVlclHk7G55dmWsv_Cw2M5TBRZ1kzU9O44tELMyby.dqY8_RwK8bTe7BM; HttpOnly; SameSite=None; Secure; Path=/; Domain=npmjs.org; Expires=Sat, 03 Oct 2026 22:54:52 GMT
< set-cookie: _cfuvid=gF.1rTLAE_BHLqcCRvgZm66Y0P2eocApTYMEVxaROp0-1791066292.388605-1.0.1.1-2oO6MozYQ00Av2X0AKvxCVqyRHzSA52SiCdQcpiuvBY; HttpOnly; SameSite=None; Secure; Path=/; Domain=npmjs.org
< CF-Ray: a44f5c076d2b793f-TIA
< CF-Cache-Status: HIT
< ETag: W/"46a6205cd3aca1f921bcb6bca0ed04c7"
< Access-Control-Allow-Origin: *
< Cache-Control: public, max-age=300
< Last-Modified: Fri, 24 Jul 2026 15:24:02 GMT
< Server: cloudflare
< Vary: accept-encoding, accept
< Content-Encoding: br

    [282.54ms]
Downloaded fast-fifo versions
    [282.24ms]
Downloaded source-map-url versions
    [282.27ms]
Downloaded resolve-url versions
[PackageManager] waiting for 31 tasks
[PackageManager] waiting for 31 tasks
< 200 OK
< Date: Sat, 03 Oct 2026 22:24:52 GMT
< Content-Type: application/vnd.npm.install-v1+json
< Transfer-Encoding: chunked
< Connection: keep-alive
< set-cookie: __cf_bm=UkPvsj6DalK47Ly6A4iYGkComggEPr6uxMoGOHjvlmM-1791066292.3883162-1.0.1.1-Nd3KDPJnXWd60493yVhU4iDxYx2YSHXSsgohdJLHCml64Kg8PI_k6RXA3jkWUGr8G19aPdTFjXj0kAyBaF37Pj59qP4Iqaj2igq71JjzqwxPqXcmDIqEBLdZUjwYkvNv; HttpOnly; SameSite=None; Secure; Path=/; Domain=npmjs.org; Expires=Sat, 03 Oct 2026 22:54:52 GMT
< set-cookie: _cfuvid=fMqpU3dYMScWjBG6J0epSkH9rpJN02ccJ1SuqOQFqtM-1791066292.3883162-1.0.1.1-5irPgpOfAGe8aLNvf_uCqvWBvtnxxxH63W8Lvd74ylo; HttpOnly; SameSite=None; Secure; Path=/; Domain=npmjs.org
< CF-Ray: a44f5c076cb49b00-TIA
< CF-Cache-Status: HIT
< ETag: W/"a9fca70645d8b3d43f393e1dac304ca6"
< Access-Control-Allow-Origin: *
< Cache-Control: public, max-age=300
< Last-Modified: Sun, 30 Aug 2026 20:56:50 GMT
< Server: cloudflare
< Vary: accept-encoding, accept
< Content-Encoding: br

   - "resolve-url": "^0.2.1" - resolve-url@0.2.1
[PackageManager] waiting for 30 tasks
    [518.66ms]
Downloaded @octokit/auth-token versions
   - "source-map-url": "^0.4.0" - source-map-url@0.4.1
   - "fast-fifo": "^1.3.2" - fast-fifo@1.3.2
[PackageManager] waiting for 28 tasks
   - "streamx": "^2.28.1" - streamx@2.28.1
Enqueue package manifest for download: text-decoder
Enqueue package manifest for download: events-universal
< 200 OK
< Date: Sat, 03 Oct 2026 22:24:52 GMT
< Content-Type: application/vnd.npm.install-v1+json
< Transfer-Encoding: chunked
< Connection: keep-alive
< set-cookie: __cf_bm=KjrEDlOCwjJGLbfArj9TMVRxAyHHxIW873IugMvTpZ0-1791066292.6235588-1.0.1.1-Re1DDU39Z291uC2nOt3TeLbu1ci7PGhMxplkx33vDoaa_dKjtE.1PaZs9lVN5azvS7pQJOc19MORQLyX8I7q0UWdTnAZ_kb6WTPUgWVRgjX_vdNy3SJoOA3wvWj8.EZR; HttpOnly; SameSite=None; Secure; Path=/; Domain=npmjs.org; Expires=Sat, 03 Oct 2026 22:54:52 GMT
< set-cookie: _cfuvid=VPenwYUjH4u.CGu0nzM44Bi_HruaYF2VpA0pwbbhtjo-1791066292.6235588-1.0.1.1-61HToz.LcQ0Ltce7g3Gyxb.nMKh8KhEFV3SwwTL9lzk; HttpOnly; SameSite=None; Secure; Path=/; Domain=npmjs.org
< CF-Ray: a44f5c08ee1d9b00-TIA
< CF-Cache-Status: HIT
< ETag: W/"437b0efeb9c881617bbf6dc14270ac57"
< Access-Control-Allow-Origin: *
< Cache-Control: public, max-age=300
< Last-Modified: Mon, 02 May 2022 23:23:23 GMT
< Server: cloudflare
< Vary: accept-encoding, accept
< Content-Encoding: br

[PackageManager] waiting for 29 tasks
< 200 OK
< Date: Sat, 03 Oct 2026 22:24:52 GMT
< Content-Type: application/vnd.npm.install-v1+json
< Transfer-Encoding: chunked
< Connection: keep-alive
< set-cookie: __cf_bm=FzL60aWhBSFq7PT3TeyPBs9wOoNgVU6bQhxcjQCGD.o-1791066292.6235502-1.0.1.1-5TRpp9fhqQgTO4gsAXJ5u3GGnFtvlcXKSh2sgvOey8MjwOoRqwXLVddOkTPBDokp1T.sGTzjOhZu1GTDa0D86i0PMQ8nyjr3HFbNBAOksr5Wy1vT_.S77xqRT3Se33Na; HttpOnly; SameSite=None; Secure; Path=/; Domain=npmjs.org; Expires=Sat, 03 Oct 2026 22:54:52 GMT
< set-cookie: _cfuvid=y27xTYixoYr_puuKR74UYDKlCE.aieEkK3Cs1mR0t4E-1791066292.6235502-1.0.1.1-A.nzMR.nfhcs9NLNm55bJrIoyLzkKvcvO3GTiinEe18; HttpOnly; SameSite=None; Secure; Path=/; Domain=npmjs.org
< CF-Ray: a44f5c08ee1e9b00-TIA
< CF-Cache-Status: HIT
< ETag: W/"278eeb9d0b5c492f74eb38aa0431e707"
< Access-Control-Allow-Origin: *
< Cache-Control: public, max-age=300
< Last-Modified: Wed, 09 Sep 2026 20:10:55 GMT
< Server: cloudflare
< Vary: accept-encoding, accept
< Content-Encoding: br

    [519.00ms]
Downloaded @octokit/graphql versions
    [282.93ms]
Downloaded fs-constants versions
   - "@octokit/auth-token": "^4.0.0" - @octokit/auth-token@4.0.0
[PackageManager] waiting for 28 tasks
< 200 OK
< Date: Sat, 03 Oct 2026 22:24:52 GMT
< Content-Type: application/vnd.npm.install-v1+json
< Transfer-Encoding: chunked
< Connection: keep-alive
< set-cookie: __cf_bm=xRXzz5L_Km3SJdLO3LW0KftoVxSrYspDK_b9S7FBJY8-1791066292.6237524-1.0.1.1-KB97TpA5UMJcP91i0GoCPueC1NDMiWI9AOr1WlZGiGOikAmNuG7i9hk8kZ_vOunhRxxrS_D8f4l0i1nGAXTO0ekvASkQbFQYxeE92KUuvTdrHL7waWLw.7qCSdTnWmap; HttpOnly; SameSite=None; Secure; Path=/; Domain=npmjs.org; Expires=Sat, 03 Oct 2026 22:54:52 GMT
< set-cookie: _cfuvid=5Rd3m_MkiKD9IJOY5JStBwbbzhdNtIIhw85z..CIeMY-1791066292.6237524-1.0.1.1-29wH0IQV5qQ2Rmg7Vb_G3YSGAHLS4XzzjVFZbMy7pUQ; HttpOnly; SameSite=None; Secure; Path=/; Domain=npmjs.org
< CF-Ray: a44f5c08ee219b00-TIA
< CF-Cache-Status: HIT
< ETag: W/"7409efda4597a79ae4d3ffc9e6fe6229"
< Access-Control-Allow-Origin: *
< Cache-Control: public, max-age=300
< Last-Modified: Tue, 28 Jun 2022 06:10:38 GMT
< Server: cloudflare
< Vary: accept-encoding, accept
< Content-Encoding: br

[PackageManager] waiting for 28 tasks
    [282.93ms]
Downloaded ini versions
    [282.72ms]
Downloaded urix versions
< 200 OK
< Date: Sat, 03 Oct 2026 22:24:52 GMT
< Content-Type: application/vnd.npm.install-v1+json
< Transfer-Encoding: chunked
< Connection: keep-alive
< set-cookie: __cf_bm=SMKUF3PulP81qtZbxjykx40CUwlr0e8WxV6pzaQcvlY-1791066292.388365-1.0.1.1-9FdhaWiwvCOxVz0hmwvmEyylsp4olEo4g6N_ukq6I2sxSNefaDTay3UskL6IV867Gsw8UaKmQ.FFsGgMeGfBtGMskWbjZiHFM19RuqkGIEDwvDBNITCehWKAN40YyXwL; HttpOnly; SameSite=None; Secure; Path=/; Domain=npmjs.org; Expires=Sat, 03 Oct 2026 22:54:52 GMT
< set-cookie: _cfuvid=i_3VrSnopvPr.AQFIwFbt46t_tNYFpP0oo16FTi2YMI-1791066292.388365-1.0.1.1-uI_ePgwMUbyO30I1PoKAZGmrjtEujqabMpuKuVPwcdU; HttpOnly; SameSite=None; Secure; Path=/; Domain=npmjs.org
< CF-Ray: a44f5c076cb69b00-TIA
< CF-Cache-Status: HIT
< ETag: W/"f67038bbef5de639669933d571508a77"
< Access-Control-Allow-Origin: *
< Cache-Control: public, max-age=300
< Last-Modified: Sun, 30 Aug 2026 15:17:20 GMT
< Server: cloudflare
< Vary: accept-encoding, accept
< Content-Encoding: br

   - "fs-constants": "^1.0.0" - fs-constants@1.0.0
[PackageManager] waiting for 27 tasks
[PackageManager] waiting for 27 tasks
   - "urix": "^0.1.0" - urix@0.1.0
[PackageManager] waiting for 26 tasks
   - "ini": "~1.3.0" - ini@1.3.8
[PackageManager] waiting for 25 tasks
< 200 OK
< Date: Sat, 03 Oct 2026 22:24:52 GMT
< Content-Type: application/vnd.npm.install-v1+json
< Transfer-Encoding: chunked
< Connection: keep-alive
< set-cookie: __cf_bm=tGi.h4JI_Qegj8hppHiuAYUcfV3zTV7iPpxGIBMCiWY-1791066292.6235402-1.0.1.1-BVoeJY4XoDfA99Q6LiNdRVIQsEZVY3JAq8AXiP3LZp1Md77F2byGPTlBqKT3ebhAcVqzaL.yJLlIBXH2CB7lGneGnfzqnjDm.ypOuHpZA4EmEU1bFpB4nIcklEgZPZW7; HttpOnly; SameSite=None; Secure; Path=/; Domain=npmjs.org; Expires=Sat, 03 Oct 2026 22:54:52 GMT
< set-cookie: _cfuvid=NvYILFe4EGHG5nG6XfbPmGqP8gFLh0C5LrGPwttj9hg-1791066292.6235402-1.0.1.1-047KPUEXBT8QBO5nWSxOSPmKL2BoadTeHQOoNFEMwa8; HttpOnly; SameSite=None; Secure; Path=/; Domain=npmjs.org
< CF-Ray: a44f5c08ee2c793f-TIA
< CF-Cache-Status: HIT
< ETag: W/"546b54c5d00369b07be5100a7c0d6d6e"
< Access-Control-Allow-Origin: *
< Cache-Control: public, max-age=300
< Last-Modified: Wed, 26 Aug 2026 08:03:52 GMT
< Server: cloudflare
< Vary: accept-encoding, accept
< Content-Encoding: br

    [519.36ms]
Downloaded @octokit/request versions
[PackageManager] waiting for 25 tasks
    [283.32ms]
Downloaded bare-stream versions
> HTTP/1.1 GET https://registry.npmjs.org/@jridgewell%2fresolve-uri
> Accept: application/vnd.npm.install-v1+json; q=1.0, application/json; q=0.8, */*
> Connection: keep-alive
> User-Agent: Bun/1.3.9
> Host: registry.npmjs.org
> Accept-Encoding: gzip, deflate, br, zstd

> HTTP/1.1 GET https://registry.npmjs.org/for-in
> Accept: application/vnd.npm.install-v1+json; q=1.0, application/json; q=0.8, */*
> Connection: keep-alive
> User-Agent: Bun/1.3.9
> Host: registry.npmjs.org
> Accept-Encoding: gzip, deflate, br, zstd

> HTTP/1.1 GET https://registry.npmjs.org/collection-visit
> Accept: application/vnd.npm.install-v1+json; q=1.0, application/json; q=0.8, */*
> Connection: keep-alive
> User-Agent: Bun/1.3.9
> Host: registry.npmjs.org
> Accept-Encoding: gzip, deflate, br, zstd

> HTTP/1.1 GET https://registry.npmjs.org/get-value
> Accept: application/vnd.npm.install-v1+json; q=1.0, application/json; q=0.8, */*
> Connection: keep-alive
> User-Agent: Bun/1.3.9
> Host: registry.npmjs.org
> Accept-Encoding: gzip, deflate, br, zstd

> HTTP/1.1 GET https://registry.npmjs.org/has-value
> Accept: application/vnd.npm.install-v1+json; q=1.0, application/json; q=0.8, */*
> Connection: keep-alive
> User-Agent: Bun/1.3.9
> Host: registry.npmjs.org
> Accept-Encoding: gzip, deflate, br, zstd

> HTTP/1.1 GET https://registry.npmjs.org/set-value
> Accept: application/vnd.npm.install-v1+json; q=1.0, application/json; q=0.8, */*
> Connection: keep-alive
> User-Agent: Bun/1.3.9
> Host: registry.npmjs.org
> Accept-Encoding: gzip, deflate, br, zstd

[PackageManager] waiting for 25 tasks
> HTTP/1.1 GET https://registry.npmjs.org/to-object-path
> Accept: application/vnd.npm.install-v1+json; q=1.0, application/json; q=0.8, */*
> Connection: keep-alive
> User-Agent: Bun/1.3.9
> Host: registry.npmjs.org
> Accept-Encoding: gzip, deflate, br, zstd

   - "@octokit/graphql": "^7.1.0" - @octokit/graphql@7.1.1
> HTTP/1.1 GET https://registry.npmjs.org/union-value
> Accept: application/vnd.npm.install-v1+json; q=1.0, application/json; q=0.8, */*
> Connection: keep-alive
> User-Agent: Bun/1.3.9
> Host: registry.npmjs.org
> Accept-Encoding: gzip, deflate, br, zstd

> HTTP/1.1 GET https://registry.npmjs.org/unset-value
> Accept: application/vnd.npm.install-v1+json; q=1.0, application/json; q=0.8, */*
> Connection: keep-alive
> User-Agent: Bun/1.3.9
> Host: registry.npmjs.org
> Accept-Encoding: gzip, deflate, br, zstd

> HTTP/1.1 GET https://registry.npmjs.org/arr-union
> Accept: application/vnd.npm.install-v1+json; q=1.0, application/json; q=0.8, */*
> Connection: keep-alive
> User-Agent: Bun/1.3.9
> Host: registry.npmjs.org
> Accept-Encoding: gzip, deflate, br, zstd

> HTTP/1.1 GET https://registry.npmjs.org/static-extend
> Accept: application/vnd.npm.install-v1+json; q=1.0, application/json; q=0.8, */*
> Connection: keep-alive
> User-Agent: Bun/1.3.9
> Host: registry.npmjs.org
> Accept-Encoding: gzip, deflate, br, zstd

> HTTP/1.1 GET https://registry.npmjs.org/text-decoder
> Accept: application/vnd.npm.install-v1+json; q=1.0, application/json; q=0.8, */*
> Connection: keep-alive
> User-Agent: Bun/1.3.9
> Host: registry.npmjs.org
> Accept-Encoding: gzip, deflate, br, zstd

> HTTP/1.1 GET https://registry.npmjs.org/events-universal
> Accept: application/vnd.npm.install-v1+json; q=1.0, application/json; q=0.8, */*
> Connection: keep-alive
> User-Agent: Bun/1.3.9
> Host: registry.npmjs.org
> Accept-Encoding: gzip, deflate, br, zstd

< 200 OK
< Date: Sat, 03 Oct 2026 22:24:52 GMT
< Content-Type: application/vnd.npm.install-v1+json
< Transfer-Encoding: chunked
< Connection: keep-alive
< set-cookie: __cf_bm=uaddv6P_UkOLanMgPK0khlvSaJegJk2uSIcQMDhQIkI-1791066292.655977-1.0.1.1-XBcAZbEjsIKOeQR1aQOMlg6PzmzrXWmAZhcxZIpkJEHQsWETXjfz3Cnw2Yq.4ogHx70ZmHiAQk3a0R8casZZJH5JX2HSMhth9G2k0_OCy023UH3qvp_TgoN2_FqynRUt; HttpOnly; SameSite=None; Secure; Path=/; Domain=npmjs.org; Expires=Sat, 03 Oct 2026 22:54:52 GMT
< set-cookie: _cfuvid=90uY.extU5kUzrTD4G2eCxOoahHnqbsAPV4clhKIjVs-1791066292.655977-1.0.1.1-fOW7F0Bm.xoTBSScxdfsiYMrnjdG4z5wAOF0bpPWGEw; HttpOnly; SameSite=None; Secure; Path=/; Domain=npmjs.org
< CF-Ray: a44f5c0919835f50-TIA
< CF-Cache-Status: HIT
< ETag: W/"f4fd738b6a6c9ff34451c53c9f50ad9d"
< Access-Control-Allow-Origin: *
< Cache-Control: public, max-age=300
< Last-Modified: Fri, 17 Jun 2022 21:59:33 GMT
< Server: cloudflare
< Vary: accept-encoding, accept
< Content-Encoding: br

< 200 OK
< Date: Sat, 03 Oct 2026 22:24:52 GMT
< Content-Type: application/vnd.npm.install-v1+json
< Transfer-Encoding: chunked
< Connection: keep-alive
< set-cookie: __cf_bm=l9EMiKbNgwNDlNUTjJqOokys5QYL64jDlfPYpCX1q3M-1791066292.6614902-1.0.1.1-ZvXhJEOMdyZoMgyL.APAN8IQ.m1t73ESUmsMzbwaiijHVIxnkBo.ofVY6TgQ3NBwIxab31qlkYC8U8bK0iI2MpyRJblF_UAwr32fgL8MvJb_GeRk3qZ.lTQtUGcAd2TB; HttpOnly; SameSite=None; Secure; Path=/; Domain=npmjs.org; Expires=Sat, 03 Oct 2026 22:54:52 GMT
< set-cookie: _cfuvid=eqM_kVAazpoxAzFOMebuE2HpLhNrLcCyRxBa63rjFQo-1791066292.6614902-1.0.1.1-1qe4lOTVN8I0CRkDD8shjlQxBY_tJS49hDlhQ8f8Rnw; HttpOnly; SameSite=None; Secure; Path=/; Domain=npmjs.org
< CF-Ray: a44f5c092f707c08-TIA
< CF-Cache-Status: HIT
< ETag: W/"a1aae191b3013b6ca1daf64179905b68"
< Access-Control-Allow-Origin: *
< Cache-Control: public, max-age=300
< Last-Modified: Sun, 19 Jun 2022 02:53:54 GMT
< Server: cloudflare
< Vary: accept-encoding, accept
< Content-Encoding: br

[PackageManager] waiting for 24 tasks
    [249.28ms]
Downloaded expand-brackets versions
    [243.95ms]
Downloaded is-windows versions
< 200 OK
< Date: Sat, 03 Oct 2026 22:24:52 GMT
< Content-Type: application/vnd.npm.install-v1+json
< Transfer-Encoding: chunked
< Connection: keep-alive
< set-cookie: __cf_bm=ovzQMmLNBq5ChhzbyU1kRvXee.48rnB8.ddt6AJjLdY-1791066292.6673112-1.0.1.1-_F4ntSmi63CUKeRN8rb6_zJPrkyWI3jAiErxhekZhEEEBYwh9XweIwPFlf.TkegRdWroHAeV040aEZ32q8gNyA2lL3zzpKofpihjRSF_f7x2agv5QkjJyUt5AymJk2mf; HttpOnly; SameSite=None; Secure; Path=/; Domain=npmjs.org; Expires=Sat, 03 Oct 2026 22:54:52 GMT
< set-cookie: _cfuvid=zYows97XxC.DmIHK.Jqzk6Hto4FkqSE4jqE9qdVlq98-1791066292.6673112-1.0.1.1-ptzH2GiOA3iLU5tGhtLNJJdxlzz0XUQKK7itk55H3jA; HttpOnly; SameSite=None; Secure; Path=/; Domain=npmjs.org
< CF-Ray: a44f5c092e5b9b00-TIA
< CF-Cache-Status: HIT
< ETag: W/"d8b074e76de860c5132971f375cdc4a5"
< Access-Control-Allow-Origin: *
< Cache-Control: public, max-age=300
< Last-Modified: Fri, 18 Sep 2026 18:27:56 GMT
< Server: cloudflare
< Vary: accept-encoding, accept
< Content-Encoding: br

[PackageManager] waiting for 24 tasks
[PackageManager] waiting for 24 tasks
   - "bare-stream": "^2.6.4" - bare-stream@2.13.4
Enqueue package manifest for download: teex
[PackageManager] waiting for 24 tasks
   - "is-windows": "^1.0.2" - is-windows@1.0.2
[PackageManager] waiting for 23 tasks
    [237.14ms]
Downloaded p-limit versions
[PackageManager] waiting for 23 tasks
> HTTP/1.1 GET https://registry.npmjs.org/teex
> Accept: application/vnd.npm.install-v1+json; q=1.0, application/json; q=0.8, */*
> Connection: keep-alive
> User-Agent: Bun/1.3.9
> Host: registry.npmjs.org
> Accept-Encoding: gzip, deflate, br, zstd

   - "expand-brackets": "^2.1.4" - expand-brackets@2.1.4
Enqueue package manifest for download: posix-character-classes
> HTTP/1.1 GET https://registry.npmjs.org/posix-character-classes
> Accept: application/vnd.npm.install-v1+json; q=1.0, application/json; q=0.8, */*
> Connection: keep-alive
> User-Agent: Bun/1.3.9
> Host: registry.npmjs.org
> Accept-Encoding: gzip, deflate, br, zstd

[PackageManager] waiting for 23 tasks
   - "p-limit": "^2.0.0" - p-limit@2.3.0
Enqueue package manifest for download: p-try
> HTTP/1.1 GET https://registry.npmjs.org/p-try
> Accept: application/vnd.npm.install-v1+json; q=1.0, application/json; q=0.8, */*
> Connection: keep-alive
> User-Agent: Bun/1.3.9
> Host: registry.npmjs.org
> Accept-Encoding: gzip, deflate, br, zstd

[PackageManager] waiting for 23 tasks
   - "@octokit/request": "^8.4.1" - @octokit/request@8.4.1
Enqueue package manifest for download: @octokit/endpoint
> HTTP/1.1 GET https://registry.npmjs.org/@octokit%2fendpoint
> Accept: application/vnd.npm.install-v1+json; q=1.0, application/json; q=0.8, */*
> Connection: keep-alive
> User-Agent: Bun/1.3.9
> Host: registry.npmjs.org
> Accept-Encoding: gzip, deflate, br, zstd

< 200 OK
< Date: Sat, 03 Oct 2026 22:24:52 GMT
< Content-Type: application/vnd.npm.install-v1+json
< Transfer-Encoding: chunked
< Connection: keep-alive
< set-cookie: __cf_bm=.xkle6hM7nVQWwfWx0WUD1ACYNJ6XGrVXVY9xoKQNCQ-1791066292.3883936-1.0.1.1-orOsZt268x4yoPrCd9VUkcNn19cNjUAHMLqB7HKINqQPidyJH_DRBsFzIh5R8NNbzgda7dBmniM0vwCMB1vpDK35efaSd26LMSB4xqsENQ2j3aQEMTqzzZkuAK7Qe1nU; HttpOnly; SameSite=None; Secure; Path=/; Domain=npmjs.org; Expires=Sat, 03 Oct 2026 22:54:52 GMT
< set-cookie: _cfuvid=ioTYPFwJ9ynp4VHI2vg0N6iX9yUjoBg3U8c9U3A3iac-1791066292.3883936-1.0.1.1-rEiub6Q9muMnSSqYG0w5NL7PihZpvOJw8nxWO46AurU; HttpOnly; SameSite=None; Secure; Path=/; Domain=npmjs.org
< CF-Ray: a44f5c076cba9b00-TIA
< CF-Cache-Status: REVALIDATED
< ETag: W/"241d2c7f45ac56f2dcdf673d1ce62995"
< Access-Control-Allow-Origin: *
< Cache-Control: public, max-age=300
< Last-Modified: Tue, 29 Sep 2026 16:14:38 GMT
< Server: cloudflare
< Vary: accept-encoding, accept
< Content-Encoding: br

[PackageManager] waiting for 23 tasks
    [534.55ms]
Downloaded @tscircuit/schematic-trace-solver versions
[PackageManager] waiting for 23 tasks
   - "@tscircuit/schematic-trace-solver": "^0.0.208" - @tscircuit/schematic-trace-solver@0.0.208
< 200 OK
< Date: Sat, 03 Oct 2026 22:24:52 GMT
< Content-Type: application/vnd.npm.install-v1+json
< Transfer-Encoding: chunked
< Connection: keep-alive
< set-cookie: __cf_bm=EL.sZt9pw1TpN28or4wSmP7CeHsfEbYAS49Zv7K0Y9I-1791066292.4264836-1.0.1.1-48SO0ZeGGiTyIU8Y5ysq_v_YTwumVm.g7JagPvvWMPzLy7o4okrGMbhF.QXz_BnjhrPSp0DWCnXfCMZwlYlK3iVoPHwhZJz.iqW8TWoh_HsvfVFCjVzJvflo4N9k_fli; HttpOnly; SameSite=None; Secure; Path=/; Domain=npmjs.org; Expires=Sat, 03 Oct 2026 22:54:52 GMT
< set-cookie: _cfuvid=v7el2YFhn5hZqDXjt4NfctSlfWx39B4PKLPJUPF105g-1791066292.4264836-1.0.1.1-bISYClz47EI3CgAar3QrrNp3CGTChNX3J0ipdNKaYFo; HttpOnly; SameSite=None; Secure; Path=/; Domain=npmjs.org
< CF-Ray: a44f5c07af15f474-TIA
< CF-Cache-Status: HIT
< ETag: W/"53dac647433b5a2b096440f996cc01e5"
< Access-Control-Allow-Origin: *
< Cache-Control: public, max-age=300
< Last-Modified: Wed, 12 Jul 2023 19:15:35 GMT
< Server: cloudflare
< Vary: accept-encoding, accept
< Content-Encoding: br

[PackageManager] waiting for 22 tasks
    [566.39ms]
Downloaded is-extendable versions
[PackageManager] waiting for 22 tasks
   - "is-extendable": "^0.1.0" - is-extendable@0.1.1
   - "is-extendable": "^1.0.1" - is-extendable@1.0.1
Enqueue package manifest for download: is-plain-object
> HTTP/1.1 GET https://registry.npmjs.org/is-plain-object
> Accept: application/vnd.npm.install-v1+json; q=1.0, application/json; q=0.8, */*
> Connection: keep-alive
> User-Agent: Bun/1.3.9
> Host: registry.npmjs.org
> Accept-Encoding: gzip, deflate, br, zstd

< 200 OK
< Date: Sat, 03 Oct 2026 22:24:53 GMT
< Content-Type: application/vnd.npm.install-v1+json
< Transfer-Encoding: chunked
< Connection: keep-alive
< set-cookie: __cf_bm=YSAFt1wibMMGewEq6R2OITFznR1bgHq00_Z0NndJ2MQ-1791066292.900974-1.0.1.1-S0Up3pHXS4fnjbNPLqLqgYEj7G3Q_WB1iQUqYm3oGTyBsAe5Ko5Dp5_lB6dNC8rh21KySk09sdX4dE8Tuwj.9LVDg5jC1T0NRCHr7eKHvu8LicbflyaZhQ5uXwKE6ymw; HttpOnly; SameSite=None; Secure; Path=/; Domain=npmjs.org; Expires=Sat, 03 Oct 2026 22:54:53 GMT
< set-cookie: _cfuvid=BFeRIiFusEOzpQsxDUuYqWEESH.6N49oOfdmMruEejY-1791066292.900974-1.0.1.1-0LQPCaLY52qRTsNVIGI8jt9m4RJufQ8u2O9jPxNHweY; HttpOnly; SameSite=None; Secure; Path=/; Domain=npmjs.org
< CF-Ray: a44f5c0aafc4793f-TIA
< CF-Cache-Status: HIT
< ETag: W/"1afc61a3c0cf405b20b1b8b12c089631"
< Access-Control-Allow-Origin: *
< Cache-Control: public, max-age=300
< Last-Modified: Thu, 28 Apr 2022 10:24:31 GMT
< Server: cloudflare
< Vary: accept-encoding, accept
< Content-Encoding: br

[PackageManager] waiting for 22 tasks
    [203.30ms]
Downloaded deprecation versions
< 200 OK
< Date: Sat, 03 Oct 2026 22:24:53 GMT
< Content-Type: application/vnd.npm.install-v1+json
< Transfer-Encoding: chunked
< Connection: keep-alive
< set-cookie: __cf_bm=P7sMEAB3U7z9zxzueaO518UCe64Jjs6bK5eR9OirmWc-1791066292.9039345-1.0.1.1-CaD24KAfS.DyuOslRyjkk1tLBCJNJOs9O02aNt23HDYplPOlcMVY8xGoUJ3zPIFzX6OpBAdetc8CrdkIWXzZjsfrjk0Wg5LjsZ8JVQsxYhmTqpqtCEfES5JOoel7kO9Q; HttpOnly; SameSite=None; Secure; Path=/; Domain=npmjs.org; Expires=Sat, 03 Oct 2026 22:54:53 GMT
< set-cookie: _cfuvid=ILZVxqi6W66Qe0oVAJ2D.Bp.x0LZasCHATYZgziw9pc-1791066292.9039345-1.0.1.1-nT1hDrcoewkNNK2D0SZ4eXMiy5wcXyffbKyJWW8LzsE; HttpOnly; SameSite=None; Secure; Path=/; Domain=npmjs.org
< CF-Ray: a44f5c0aa9787c08-TIA
< CF-Cache-Status: HIT
< ETag: W/"87d4b98bc861061be5872dc6235a7d70"
< Access-Control-Allow-Origin: *
< Cache-Control: public, max-age=300
< Last-Modified: Mon, 13 Jun 2022 03:27:55 GMT
< Server: cloudflare
< Vary: accept-encoding, accept
< Content-Encoding: br

< 200 OK
< Date: Sat, 03 Oct 2026 22:24:53 GMT
< Content-Type: application/vnd.npm.install-v1+json
< Transfer-Encoding: chunked
< Connection: keep-alive
< set-cookie: __cf_bm=5Il6z1UZOI0bHa8oaIiehurquUJg8oh7tcjmvczIFsw-1791066292.903854-1.0.1.1-Cg06InrBoLzQPuEUK3eEGQhEafNOT96FkOunXqWQ7sK6C731BaqnacgwyJfEf0PQs7OztE.gRd7SYX24wPTAsxZ_mksfmUmGUfIKD_1UzbgD3mqongFl1wxUqLuLBrvy; HttpOnly; SameSite=None; Secure; Path=/; Domain=npmjs.org; Expires=Sat, 03 Oct 2026 22:54:53 GMT
< set-cookie: _cfuvid=VQAEu10YD8P5AhPy.KioyHNJKP49lfq_c6P8TNCL7n4-1791066292.903854-1.0.1.1-uUFR1WDKBKbnsd1HfICz2PFEjcKaeHANa7_w7s6bdDw; HttpOnly; SameSite=None; Secure; Path=/; Domain=npmjs.org
< CF-Ray: a44f5c0aaa3651a4-TIA
< CF-Cache-Status: HIT
< ETag: W/"758b84f7fd2d39eb6bcbcf06f3601c53"
< Access-Control-Allow-Origin: *
< Cache-Control: public, max-age=300
< Last-Modified: Tue, 31 Mar 2026 10:06:16 GMT
< Server: cloudflare
< Vary: accept-encoding, accept
< Content-Encoding: br

[PackageManager] waiting for 22 tasks
< 200 OK
< Date: Sat, 03 Oct 2026 22:24:53 GMT
< Content-Type: application/vnd.npm.install-v1+json
< Transfer-Encoding: chunked
< Connection: keep-alive
< set-cookie: __cf_bm=KZaluHPO_HDEWUpkTXmR6PFeueRzshvRC3W8SeQTZfg-1791066292.9040582-1.0.1.1-yfTWhhMia3ORTw9vJ7zxH6hInEMTgdDYH2SOh5_cxFNtA_EOU_kp_7XZci3i17WC9Zifr62edwXvjwb4hv5k8P76fw.fRdOvAoPlb0FhV7nenqTONlOXdKWmWyBVWBnd; HttpOnly; SameSite=None; Secure; Path=/; Domain=npmjs.org; Expires=Sat, 03 Oct 2026 22:54:53 GMT
< set-cookie: _cfuvid=HIBF1ebZQo9O0MSanTqi8SoHLvxix85DeRCeHwj8bKo-1791066292.9040582-1.0.1.1-n2cGJpsg1SLx9xfPAwk1Us9ekkJitJCROhr91_2Qah0; HttpOnly; SameSite=None; Secure; Path=/; Domain=npmjs.org
< CF-Ray: a44f5c0aac03a5b3-TIA
< CF-Cache-Status: HIT
< ETag: W/"b0300aff369e544af63c6124c75c1e68"
< Access-Control-Allow-Origin: *
< Cache-Control: public, max-age=300
< Last-Modified: Wed, 12 Jul 2023 19:15:42 GMT
< Server: cloudflare
< Vary: accept-encoding, accept
< Content-Encoding: br

    [196.95ms]
Downloaded arr-union versions
    [196.98ms]
Downloaded events-universal versions
< 200 OK
< Date: Sat, 03 Oct 2026 22:24:53 GMT
< Content-Type: application/vnd.npm.install-v1+json
< Transfer-Encoding: chunked
< Connection: keep-alive
< set-cookie: __cf_bm=nYGAyDYdJWNiRhXUoqBHCa6lOwzclxZiZgdcs97yHKc-1791066292.9037204-1.0.1.1-1qhOkGX_62iNJsIas9nJ1_Ym3YW3sCRiQHb.RrMYbKvU4Ddy2wGtOQhbfg0cyXOcwyTK1rzdrRlPrRSe0Wi6IvFKNa8u87cSTNHki142yR5KolFBwOa1jM_ag4PJPnTG; HttpOnly; SameSite=None; Secure; Path=/; Domain=npmjs.org; Expires=Sat, 03 Oct 2026 22:54:53 GMT
< set-cookie: _cfuvid=VrAv79gffaNt5InbDhJHcyHpFgeMlrVm2L8D_cuNLGU-1791066292.9037204-1.0.1.1-Gx224pbYUP0Ta573TXIkidwmRkMEpbNVl.5hhrdYikc; HttpOnly; SameSite=None; Secure; Path=/; Domain=npmjs.org
< CF-Ray: a44f5c0aa9777c08-TIA
< CF-Cache-Status: HIT
< ETag: W/"43b38103ec9779ed6d4935c78dc43c86"
< Access-Control-Allow-Origin: *
< Cache-Control: public, max-age=300
< Last-Modified: Mon, 27 Jun 2022 07:24:17 GMT
< Server: cloudflare
< Vary: accept-encoding, accept
< Content-Encoding: br

< 200 OK
< Date: Sat, 03 Oct 2026 22:24:53 GMT
< Content-Type: application/vnd.npm.install-v1+json
< Transfer-Encoding: chunked
< Connection: keep-alive
< set-cookie: __cf_bm=WgFHz6r9s0ovGM5aa_EnVtPxJ1ANSLFMmiTWOecjO4A-1791066292.900983-1.0.1.1-wa3gKjg6j690onImygeCUUPyRVlw_WPPH_K3lcqEcBi3zFQROyGpeb2pbXp1vxmknsGcR7waT2o3K0KVtPNjcceNsuAyY7EyEV0M6d4ln2REljFhLpZ71DsdZlaufLcD; HttpOnly; SameSite=None; Secure; Path=/; Domain=npmjs.org; Expires=Sat, 03 Oct 2026 22:54:53 GMT
< set-cookie: _cfuvid=hzJetgAkhtj0MA1FvQixPDnWI5HpCkUa8JVncxfnTWk-1791066292.900983-1.0.1.1-ODVn6SBc2HEqffrQSwKAxxGq6Kxh33u6BalD43uqW4w; HttpOnly; SameSite=None; Secure; Path=/; Domain=npmjs.org
< CF-Ray: a44f5c0aa9717c08-TIA
< CF-Cache-Status: HIT
< ETag: W/"e8d5e1087d512e8e39867501d54c7bae"
< Access-Control-Allow-Origin: *
< Cache-Control: public, max-age=300
< Last-Modified: Sat, 13 Sep 2025 16:44:24 GMT
< Server: cloudflare
< Vary: accept-encoding, accept
< Content-Encoding: br

   - "deprecation": "^2.0.0" - deprecation@2.3.1
[PackageManager] waiting for 21 tasks
< 200 OK
< Date: Sat, 03 Oct 2026 22:24:53 GMT
< Content-Type: application/vnd.npm.install-v1+json
< Transfer-Encoding: chunked
< Connection: keep-alive
< set-cookie: __cf_bm=6GWO7rjrJstBqDlb3SEFV3kJLYbdkWRyhGr8DrmST8w-1791066292.9039686-1.0.1.1-rnAmY7HOiGrSv85SYKW4NxyyxTyLuA5tWlsFSLHOJCbTYT0AuT2AhMJ_46BNdlZPbvi_sc.Qj.4xfoNe92fgYT8pwZ0LuDKcuBanGS_zNQ4eWBbCua6SxBqd2LswCuIk; HttpOnly; SameSite=None; Secure; Path=/; Domain=npmjs.org; Expires=Sat, 03 Oct 2026 22:54:53 GMT
< set-cookie: _cfuvid=sb_iWnJXVXumqKOTz_oiWhB8OKvcKF4qxZ5Cxh5W2l8-1791066292.9039686-1.0.1.1-ZSX2MrtX4THKHVeB7E6j5C4Oo.EtZ_xZlJ8BTKsh_dw; HttpOnly; SameSite=None; Secure; Path=/; Domain=npmjs.org
< CF-Ray: a44f5c0aa95cf474-TIA
< CF-Cache-Status: HIT
< ETag: W/"3c24d1e0eb3c42a79d9d6668257ccbd4"
< Access-Control-Allow-Origin: *
< Cache-Control: public, max-age=300
< Last-Modified: Tue, 31 Mar 2026 08:22:59 GMT
< Server: cloudflare
< Vary: accept-encoding, accept
< Content-Encoding: br

[PackageManager] waiting for 21 tasks
    [203.51ms]
Downloaded is-arrayish versions
   - "events-universal": "^1.0.0" - events-universal@1.0.1
[PackageManager] waiting for 20 tasks
[PackageManager] waiting for 20 tasks
   - "is-arrayish": "^0.3.1" - is-arrayish@0.3.4
[PackageManager] waiting for 19 tasks
   - "arr-union": "^3.1.0" - arr-union@3.1.0
[PackageManager] waiting for 18 tasks
< 200 OK
< Date: Sat, 03 Oct 2026 22:24:53 GMT
< Content-Type: application/vnd.npm.install-v1+json
< Transfer-Encoding: chunked
< Connection: keep-alive
< set-cookie: __cf_bm=FpMIZzeW2p_7o7ptsAfN9FAYmQp8DTvUeoow5.3u.eo-1791066292.90383-1.0.1.1-8jQ9Pi5FKqLZMDl0MomZ.Sm.FjQmjhFSm2dnnauWXd2EarWhDxlcu3CkTDoqJTzR7xKFW0plKv5cvH.RSdmC4IdUZw3hY0Wb0pL20AYNJfxNWYbGIpAFEMyP7HsOIocH; HttpOnly; SameSite=None; Secure; Path=/; Domain=npmjs.org; Expires=Sat, 03 Oct 2026 22:54:53 GMT
< set-cookie: _cfuvid=RUJZgJIL7LEa0NmMb4A7901PNZrQHyrtDl_c2nGtqMA-1791066292.90383-1.0.1.1-GgkpkP.MQ79lE5SEg5Z52r5AEnnuQrCZX1ADVwIFdwg; HttpOnly; SameSite=None; Secure; Path=/; Domain=npmjs.org
< CF-Ray: a44f5c0aab2b5f50-TIA
< CF-Cache-Status: HIT
< ETag: W/"eddb54ebe2e9d28aeac2e45ea248c170"
< Access-Control-Allow-Origin: *
< Cache-Control: public, max-age=300
< Last-Modified: Mon, 13 Jun 2022 06:30:31 GMT
< Server: cloudflare
< Vary: accept-encoding, accept
< Content-Encoding: br

    [198.66ms]
Downloaded union-value versions
    [198.68ms]
Downloaded to-object-path versions
[PackageManager] waiting for 18 tasks
    [198.79ms]
Downloaded collection-visit versions
[PackageManager] waiting for 18 tasks
< 200 OK
< Date: Sat, 03 Oct 2026 22:24:53 GMT
< Content-Type: application/vnd.npm.install-v1+json
< Transfer-Encoding: chunked
< Connection: keep-alive
< set-cookie: __cf_bm=oI7TGR3Tv7xrluBwoFm_tkYrMux060mtBwwAP_V7woA-1791066292.9010224-1.0.1.1-NhYLJA9iCxdKia9kU7CVXhj.46pmKbfzmF9AbHp68mIhtmL6GAUdHBMpJDZuyh1BvzwGqP2qxh81sYG2_pvZnV_pFRvBtLk71w4qJozfo5_ZX9i8vtbQ_oQcLXO6r2C1; HttpOnly; SameSite=None; Secure; Path=/; Domain=npmjs.org; Expires=Sat, 03 Oct 2026 22:54:53 GMT
< set-cookie: _cfuvid=fV5.THaxpgGH1sx3ALgyb4IMOATH0oqjZ7E4mt057fs-1791066292.9010224-1.0.1.1-f624Yt5dIJT7uejSeBAp5oPJ192JxmaOo_BsA4zFfPU; HttpOnly; SameSite=None; Secure; Path=/; Domain=npmjs.org
< CF-Ray: a44f5c0aab5bbd99-TIA
< CF-Cache-Status: HIT
< ETag: W/"b7254c2ef7840eee9e6c66145d7e7b35"
< Access-Control-Allow-Origin: *
< Cache-Control: public, max-age=300
< Last-Modified: Mon, 15 Jan 2024 18:59:28 GMT
< Server: cloudflare
< Vary: accept-encoding, accept
< Content-Encoding: br

[PackageManager] waiting for 18 tasks
< 200 OK
< Date: Sat, 03 Oct 2026 22:24:53 GMT
< Content-Type: application/vnd.npm.install-v1+json
< Transfer-Encoding: chunked
< Connection: keep-alive
< set-cookie: __cf_bm=XcgbCl.d841wAbP57VcT6RpQTVQSczGr3OlBFU39.S0-1791066292.9039197-1.0.1.1-T7rn1MOL8TMOoUMRB.RaMGsZddukC_iOy4JewHSEpIop.7Xr4iN4ZoztRprEATo4K3xu_Q6tAOtsJxTbKu0hmAxqMrj_R3IMY1qDMf8muzvWfni1qYIE2gC1paubfPk_; HttpOnly; SameSite=None; Secure; Path=/; Domain=npmjs.org; Expires=Sat, 03 Oct 2026 22:54:53 GMT
< set-cookie: _cfuvid=fUl2yCgMCvlwjY1SGnzoYVJF8AWR670YB3b.I6kLMbk-1791066292.9039197-1.0.1.1-RfMg17bHMKSovD0K9QyaF1rZIK34q7sZEU_0VDd.npQ; HttpOnly; SameSite=None; Secure; Path=/; Domain=npmjs.org
< CF-Ray: a44f5c0aafc8793f-TIA
< CF-Cache-Status: HIT
< ETag: W/"21b621361ecc151f5b8debc842c90f20"
< Access-Control-Allow-Origin: *
< Cache-Control: public, max-age=300
< Last-Modified: Wed, 12 Jul 2023 19:15:46 GMT
< Server: cloudflare
< Vary: accept-encoding, accept
< Content-Encoding: br

    [205.34ms]
Downloaded is-data-descriptor versions
< 200 OK
< Date: Sat, 03 Oct 2026 22:24:53 GMT
< Content-Type: application/vnd.npm.install-v1+json
< Transfer-Encoding: chunked
< Connection: keep-alive
< set-cookie: __cf_bm=mCtFviMCo.Mwlgod0zcgHhZj59PFkV9ZDU9501IPW90-1791066292.903765-1.0.1.1-BdUFWQGcWaZqb1NR.HFqwYM_CEe03frbyHHOOtO1zQ0AgwjqSEbRLSCg1qI35LpfmE5Yqy_AIM.aTAcYzaNOIT6jJEwJCa4fmGVxuQmdA7GWCDS0XmnNzBxN4okhmre0; HttpOnly; SameSite=None; Secure; Path=/; Domain=npmjs.org; Expires=Sat, 03 Oct 2026 22:54:53 GMT
< set-cookie: _cfuvid=1eO6pMJ.1ibx7Yh06bRS39p3FIh4NeceB5bIaLXA0SE-1791066292.903765-1.0.1.1-MG3w6Cl4rPtcMUB3bvnsRcZMP2QQ5KaoYF70fHGDcVM; HttpOnly; SameSite=None; Secure; Path=/; Domain=npmjs.org
< CF-Ray: a44f5c0aaff09b00-TIA
< CF-Cache-Status: HIT
< ETag: W/"1281acf37a12122def5ac8b21feca680"
< Access-Control-Allow-Origin: *
< Cache-Control: public, max-age=300
< Last-Modified: Mon, 27 Jun 2022 00:02:58 GMT
< Server: cloudflare
< Vary: accept-encoding, accept
< Content-Encoding: br

   - "to-object-path": "^0.3.0" - to-object-path@0.3.0
   - "collection-visit": "^1.0.0" - collection-visit@1.0.0
Enqueue package manifest for download: map-visit
Enqueue package manifest for download: object-visit
[PackageManager] waiting for 18 tasks
    [198.88ms]
Downloaded set-value versions
   - "union-value": "^1.0.0" - union-value@1.0.1
[PackageManager] waiting for 17 tasks
    [198.88ms]
Downloaded text-decoder versions
< 200 OK
< Date: Sat, 03 Oct 2026 22:24:53 GMT
< Content-Type: application/vnd.npm.install-v1+json
< Transfer-Encoding: chunked
< Connection: keep-alive
< set-cookie: __cf_bm=lCb1xrVYMUlZYJak4KEz9VpLWuIGKIMZ_VzzUj1tTiM-1791066292.9010158-1.0.1.1-6LORlp3TTohafIVdUCYHJ0cM3UtylDD4GATSzJVh3QnVbHY3EL89wQFaK.s0G6tKHTRKS1_x4dq6rGt6kNavnP6RJw4ldizj67zwU_iT4HDsBe5QxfXdL.ZVo0a.gNlo; HttpOnly; SameSite=None; Secure; Path=/; Domain=npmjs.org; Expires=Sat, 03 Oct 2026 22:54:53 GMT
< set-cookie: _cfuvid=FGUypR8swU.MGIPW6irHABEQmBRJrp5OhcqxN4aQT5Q-1791066292.9010158-1.0.1.1-x9jsyT85m9xQAuVs6Qr4tGWLoIcC1u6LrjkD26YnmXA; HttpOnly; SameSite=None; Secure; Path=/; Domain=npmjs.org
< CF-Ray: a44f5c0aab225f50-TIA
< CF-Cache-Status: HIT
< ETag: W/"bfa1d6f44030f787c5f59c8c4eaa7be8"
< Access-Control-Allow-Origin: *
< Cache-Control: public, max-age=300
< Last-Modified: Sun, 12 Jul 2026 23:31:07 GMT
< Server: cloudflare
< Vary: accept-encoding, accept
< Content-Encoding: br

[PackageManager] waiting for 17 tasks
    [205.42ms]
Downloaded is-accessor-descriptor versions
> HTTP/1.1 GET https://registry.npmjs.org/map-visit
> Accept: application/vnd.npm.install-v1+json; q=1.0, application/json; q=0.8, */*
> Connection: keep-alive
> User-Agent: Bun/1.3.9
> Host: registry.npmjs.org
> Accept-Encoding: gzip, deflate, br, zstd

> HTTP/1.1 GET https://registry.npmjs.org/object-visit
> Accept: application/vnd.npm.install-v1+json; q=1.0, application/json; q=0.8, */*
> Connection: keep-alive
> User-Agent: Bun/1.3.9
> Host: registry.npmjs.org
> Accept-Encoding: gzip, deflate, br, zstd

   - "text-decoder": "^1.1.0" - text-decoder@1.2.7
[PackageManager] waiting for 16 tasks
   - "is-data-descriptor": "^1.0.1" - is-data-descriptor@1.0.1
Enqueue package manifest for download: hasown
[PackageManager] waiting for 16 tasks
> HTTP/1.1 GET https://registry.npmjs.org/hasown
> Accept: application/vnd.npm.install-v1+json; q=1.0, application/json; q=0.8, */*
> Connection: keep-alive
> User-Agent: Bun/1.3.9
> Host: registry.npmjs.org
> Accept-Encoding: gzip, deflate, br, zstd

[PackageManager] waiting for 16 tasks
   - "is-accessor-descriptor": "^1.0.2" - is-accessor-descriptor@1.0.2
[PackageManager] waiting for 15 tasks
   - "set-value": "^2.0.0" - set-value@2.0.1
< 200 OK
< Date: Sat, 03 Oct 2026 22:24:53 GMT
< Content-Type: application/vnd.npm.install-v1+json
< Transfer-Encoding: chunked
< Connection: keep-alive
< set-cookie: __cf_bm=ggz3z.cYJF6OjLZmz.mud0.51UTfIM9BqCPKQXHtKeI-1791066292.9041066-1.0.1.1-NABzq3sdcsG9kNGlBJKx9NVeuL3kylrwHFOLhukVppBS2LF8X45q0MheCKC9b9UnmEQOCoFjZFpYI91Pv7WZr1SyLt5KXrootgJPfXVKpRmPRnWSX5GepIn1azuyCoUt; HttpOnly; SameSite=None; Secure; Path=/; Domain=npmjs.org; Expires=Sat, 03 Oct 2026 22:54:53 GMT
< set-cookie: _cfuvid=8s4oMg4HI_.bDavR6q6nGZWwPclgSMbQyc6e_tTugo8-1791066292.9041066-1.0.1.1-vvixZUblBa1vmx9tBIvqEk.FQ4iysee9ylIn5ywfg1E; HttpOnly; SameSite=None; Secure; Path=/; Domain=npmjs.org
< CF-Ray: a44f5c0aab5fbd99-TIA
< CF-Cache-Status: HIT
< ETag: W/"92b3f31d51a6cc7f733589f18aa77a1f"
< Access-Control-Allow-Origin: *
< Cache-Control: public, max-age=300
< Last-Modified: Wed, 12 Jul 2023 19:12:42 GMT
< Server: cloudflare
< Vary: accept-encoding, accept
< Content-Encoding: br

[PackageManager] waiting for 14 tasks
    [202.03ms]
Downloaded for-in versions
< 200 OK
< Date: Sat, 03 Oct 2026 22:24:53 GMT
< Content-Type: application/vnd.npm.install-v1+json
< Transfer-Encoding: chunked
< Connection: keep-alive
< set-cookie: __cf_bm=7KiX7ZEzmVIy5fU6F_dMVBAaSFu3bol5TdmoySt8uHI-1791066292.9040525-1.0.1.1-y9Zp2EILKq.Yf.XfyvdKTvzTqsQJI6B5iXkCtoGTGQRzd0.GGhTGs.vZKwygWvM2gof1w0StiC1sebfXnMIL_MVH3APJgciv7c3H94LyV2W6mBD9xKq7vXf6bU2_0Qzl; HttpOnly; SameSite=None; Secure; Path=/; Domain=npmjs.org; Expires=Sat, 03 Oct 2026 22:54:53 GMT
< set-cookie: _cfuvid=wxejCDhBBRdZG2b2t1exdUPxaNrfTdwrj1U_pADH4yQ-1791066292.9040525-1.0.1.1-d0iR.j2uT4zfzy_KdyJu0.wW7Y03ab.0fi0LoZgCnl8; HttpOnly; SameSite=None; Secure; Path=/; Domain=npmjs.org
< CF-Ray: a44f5c0aab60bd99-TIA
< CF-Cache-Status: HIT
< ETag: W/"5443b7db97518c8423738d422615e114"
< Access-Control-Allow-Origin: *
< Cache-Control: public, max-age=300
< Last-Modified: Tue, 28 Jun 2022 05:18:37 GMT
< Server: cloudflare
< Vary: accept-encoding, accept
< Content-Encoding: br

[PackageManager] waiting for 14 tasks
    [201.99ms]
Downloaded unset-value versions
< 200 OK
< Date: Sat, 03 Oct 2026 22:24:53 GMT
< Content-Type: application/vnd.npm.install-v1+json
< Transfer-Encoding: chunked
< Connection: keep-alive
< set-cookie: __cf_bm=IOn9ieu82xEYlm_or.GR9.tcl7v7NSuPAI3ebUzmGe8-1791066292.9037938-1.0.1.1-PhY.PYchWPd789id6BnLiCBzGq.LRyqT8HwHSOodDhwcO6_ZiVs3Hax6DpwcugQGFKa4lPE2AMmIRzvPOnxgzVGBuv_vqoRtWiTDObEiXv3fpxFZNDDe2..pP6r7kCpe; HttpOnly; SameSite=None; Secure; Path=/; Domain=npmjs.org; Expires=Sat, 03 Oct 2026 22:54:53 GMT
< set-cookie: _cfuvid=r4a86sFg4ElLOMR9DFCavCgaDbkl9myjbxnNlq0B7N4-1791066292.9037938-1.0.1.1-62IKwm9FbUNmEiYd1dhdnBKRZ__BYXm5ClAUHJ13EGk; HttpOnly; SameSite=None; Secure; Path=/; Domain=npmjs.org
< CF-Ray: a44f5c0aab2a5f50-TIA
< CF-Cache-Status: HIT
< ETag: W/"80a01d644d795d155c92514d94985f65"
< Access-Control-Allow-Origin: *
< Cache-Control: public, max-age=300
< Last-Modified: Mon, 12 Sep 2022 08:39:27 GMT
< Server: cloudflare
< Vary: accept-encoding, accept
< Content-Encoding: br

[PackageManager] waiting for 14 tasks
    [201.98ms]
Downloaded static-extend versions
    [201.75ms]
Downloaded teex versions
   - "for-in": "^1.0.2" - for-in@1.0.2
   - "unset-value": "^1.0.0" - unset-value@1.0.0
[PackageManager] waiting for 12 tasks
[PackageManager] waiting for 12 tasks
   - "static-extend": "^0.1.1" - static-extend@0.1.2
   - "teex": "^1.0.1" - teex@1.0.1
Enqueue package manifest for download: object-copy
[PackageManager] waiting for 11 tasks
> HTTP/1.1 GET https://registry.npmjs.org/object-copy
> Accept: application/vnd.npm.install-v1+json; q=1.0, application/json; q=0.8, */*
> Connection: keep-alive
> User-Agent: Bun/1.3.9
> Host: registry.npmjs.org
> Accept-Encoding: gzip, deflate, br, zstd

< 200 OK
< Date: Sat, 03 Oct 2026 22:24:53 GMT
< Content-Type: application/vnd.npm.install-v1+json
< Transfer-Encoding: chunked
< Connection: keep-alive
< set-cookie: __cf_bm=.TIrCag4pvya1WeUeiuiV_jxBw8HnzI4iFohB.Voils-1791066292.9040866-1.0.1.1-d6OnTTe3QOhTaXpTvnL0ufHWI86sFH74vT7D0HoTvB8erc6IFWPL_Thjt9YQ1N2iY2wRqB7RuWKYEigZB7a0DkipAnTeNKWh8yZ7_fznA97h.WwMMxAh7Eq_wEn6ogI0; HttpOnly; SameSite=None; Secure; Path=/; Domain=npmjs.org; Expires=Sat, 03 Oct 2026 22:54:53 GMT
< set-cookie: _cfuvid=eWj6YGPC5XsUtcslwoABZTMSJqPfqfZqhxKQiZaQhxk-1791066292.9040866-1.0.1.1-kFPQqTa8EL1Cu_bhpaftwR5LH2YL1oXnvEwKv.Z2P2M; HttpOnly; SameSite=None; Secure; Path=/; Domain=npmjs.org
< CF-Ray: a44f5c0aab295f50-TIA
< CF-Cache-Status: HIT
< ETag: W/"695bf25611fbf7c129d3478dc73f9cab"
< Access-Control-Allow-Origin: *
< Cache-Control: public, max-age=300
< Last-Modified: Sat, 18 Jun 2022 19:26:34 GMT
< Server: cloudflare
< Vary: accept-encoding, accept
< Content-Encoding: br

[PackageManager] waiting for 11 tasks
    [203.64ms]
Downloaded has-value versions
< 200 OK
< Date: Sat, 03 Oct 2026 22:24:53 GMT
< Content-Type: application/vnd.npm.install-v1+json
< Transfer-Encoding: chunked
< Connection: keep-alive
< set-cookie: __cf_bm=XYuUwy0v2fnIV6x.gSYJvrn0TfWOcQPTnh8tpacKE_I-1791066292.9060047-1.0.1.1-ScZFWCf0kLrd.vrx7VFcVbpbsfomX2GIjyB8xXW0bLgoWPt4vZHqs2x_IZv8G1S1fXi7umKeB8vDcLYbaBiVsDWuYvEpEDusfLL5JaYrgU42S76oRCnbNEEyWXF5.igD; HttpOnly; SameSite=None; Secure; Path=/; Domain=npmjs.org; Expires=Sat, 03 Oct 2026 22:54:53 GMT
< set-cookie: _cfuvid=cGOFo39PzWMKXcOvh6Tu12W5dR9HptkgkYBKg4pugf4-1791066292.9060047-1.0.1.1-uDx40aaXPpvyPmQMrh2AmGThIzI5KR3woXjF5fJS7TU; HttpOnly; SameSite=None; Secure; Path=/; Domain=npmjs.org
< CF-Ray: a44f5c0aa97e7c08-TIA
< CF-Cache-Status: HIT
< ETag: W/"48b99220b423cf454171817afaf2294a"
< Access-Control-Allow-Origin: *
< Cache-Control: public, max-age=300
< Last-Modified: Fri, 24 Jun 2022 09:07:11 GMT
< Server: cloudflare
< Vary: accept-encoding, accept
< Content-Encoding: br

[PackageManager] waiting for 11 tasks
< 200 OK
< Date: Sat, 03 Oct 2026 22:24:53 GMT
< Content-Type: application/vnd.npm.install-v1+json
< Transfer-Encoding: chunked
< Connection: keep-alive
< set-cookie: __cf_bm=i9tgY_tkvFsqj0qZy3.bQya.vf6IordGkwLbT_tWO1c-1791066292.9043415-1.0.1.1-6nv6i8Y.5XzP8.QIGb6chM2a.8M7m496DVEJoptLG_QJmjnAsT8CWvf43niLU1VC5ymQiEWuP8pybZN4T1SESgrGj6G8pizlP0jKUxTnq9kpfoXF5UDjRI00sHtqSZw2; HttpOnly; SameSite=None; Secure; Path=/; Domain=npmjs.org; Expires=Sat, 03 Oct 2026 22:54:53 GMT
< set-cookie: _cfuvid=DcJK8JyOiaSgkAi3Bds.G43ucndZo1g_KBHpZqSZlTk-1791066292.9043415-1.0.1.1-NNAwknqLyJlXPHguz6HCc3ekeBl1.vMUdae2X5Pzf0c; HttpOnly; SameSite=None; Secure; Path=/; Domain=npmjs.org
< CF-Ray: a44f5c0aa97a7c08-TIA
< CF-Cache-Status: HIT
< ETag: W/"2103609e12fd46d4e52a9e7c59dc6cfe"
< Access-Control-Allow-Origin: *
< Cache-Control: public, max-age=300
< Last-Modified: Sun, 14 Jun 2026 11:32:07 GMT
< Server: cloudflare
< Vary: accept-encoding, accept
< Content-Encoding: br

    [200.62ms]
Downloaded posix-character-classes versions
   - "has-value": "^1.0.0" - has-value@1.0.0
   - "has-value": "^0.3.1" - has-value@0.3.1
Enqueue package manifest for download: has-values
   - "isobject": "^2.0.0" - isobject@2.1.0
[PackageManager] waiting for 11 tasks
    [203.78ms]
Downloaded get-value versions
[PackageManager] waiting for 11 tasks
> HTTP/1.1 GET https://registry.npmjs.org/has-values
> Accept: application/vnd.npm.install-v1+json; q=1.0, application/json; q=0.8, */*
> Connection: keep-alive
> User-Agent: Bun/1.3.9
> Host: registry.npmjs.org
> Accept-Encoding: gzip, deflate, br, zstd

   - "posix-character-classes": "^0.1.0" - posix-character-classes@0.1.1
[PackageManager] waiting for 10 tasks
   - "get-value": "^2.0.6" - get-value@2.0.6
< 200 OK
< Date: Sat, 03 Oct 2026 22:24:53 GMT
< Content-Type: application/vnd.npm.install-v1+json
< Transfer-Encoding: chunked
< Connection: keep-alive
< set-cookie: __cf_bm=xxjyhjMIeZ4t99PrK1SYoqmAX.5MDtpE5M7lRfxc_ZQ-1791066292.9104998-1.0.1.1-Nm60Lka4EQhBU1bW1i2jcAtatH23nFkj2zOPP_FpTPh0K.eAIqE6tJm8hsSGRZ1ehUAQtLVbcnKWMROIat8CAXnLFJwFqpbdKx_n0nvukakj5OtS_8E3t08YViNV9MVO; HttpOnly; SameSite=None; Secure; Path=/; Domain=npmjs.org; Expires=Sat, 03 Oct 2026 22:54:53 GMT
< set-cookie: _cfuvid=tgTlIcoTkcKqigg_B9mKiS0nxP5l0DVSI5Ft0d1swI0-1791066292.9104998-1.0.1.1-gb8pGjRoGUAUX2gYkFJCKaUIP0GfcjWYavmhFeXDvGg; HttpOnly; SameSite=None; Secure; Path=/; Domain=npmjs.org
< CF-Ray: a44f5c0abffe9b00-TIA
< CF-Cache-Status: HIT
< ETag: W/"f125ccaef3b82e0e8046891343f8840a"
< Access-Control-Allow-Origin: *
< Cache-Control: public, max-age=300
< Last-Modified: Thu, 23 Jun 2022 05:53:31 GMT
< Server: cloudflare
< Vary: accept-encoding, accept
< Content-Encoding: br

[PackageManager] waiting for 9 tasks
    [203.72ms]
Downloaded p-try versions
[PackageManager] waiting for 9 tasks
   - "p-try": "^2.0.0" - p-try@2.2.0
< 200 OK
< Date: Sat, 03 Oct 2026 22:24:53 GMT
< Content-Type: application/vnd.npm.install-v1+json
< Transfer-Encoding: chunked
< Connection: keep-alive
< set-cookie: __cf_bm=khQQwmSwMqDd26BTDzZHjttjHO7T8mRmfLRiWLRrPqA-1791066292.989477-1.0.1.1-8QoDiIm6Ja48C2lkRPd6U1FODO9uYUBL.y.IR6unz02UUXp2hA9sENVZIpYdXIwwAgYSyArGT4g5.59tHyU05_ngTr3or7NS3B6P6dFyr7FBchT_CyajXxbP.1Huwrss; HttpOnly; SameSite=None; Secure; Path=/; Domain=npmjs.org; Expires=Sat, 03 Oct 2026 22:54:53 GMT
< set-cookie: _cfuvid=5Aroe4mNHffSIInUXxnzglEE0ACmbEDVz33RYt.QsTU-1791066292.989477-1.0.1.1-c7H6hoDwFuhlMvPYlU1HBCbdaTeudj5ujekd8vPpEEs; HttpOnly; SameSite=None; Secure; Path=/; Domain=npmjs.org
< CF-Ray: a44f5c0b28899b00-TIA
< CF-Cache-Status: HIT
< ETag: W/"8ed8d36c1132b23991664f8c7e80494c"
< Access-Control-Allow-Origin: *
< Cache-Control: public, max-age=300
< Last-Modified: Fri, 21 Aug 2026 10:21:20 GMT
< Server: cloudflare
< Vary: accept-encoding, accept
< Content-Encoding: br

[PackageManager] waiting for 8 tasks
    [201.98ms]
Downloaded is-plain-object versions
[PackageManager] waiting for 8 tasks
   - "is-plain-object": "^2.0.4" - is-plain-object@2.0.4
< 200 OK
< Date: Sat, 03 Oct 2026 22:24:53 GMT
< Content-Type: application/vnd.npm.install-v1+json
< Transfer-Encoding: chunked
< Connection: keep-alive
< set-cookie: __cf_bm=6Ar67jUCP54NgbHg26302qccX5PqTxXcXKuhhRxItHk-1791066293.1021206-1.0.1.1-OSnbOhF7zFdURvO9QMbMiZA_Ok5Dfu9h1cEp85Vj18cMRHnIqzOZU4D.BghATieMvV089e_pvU3YIxMbIIkZrEBU_4SRgY7U0XTTIiyduHDJ_ZGesFfhkf999WR3Jfc7; HttpOnly; SameSite=None; Secure; Path=/; Domain=npmjs.org; Expires=Sat, 03 Oct 2026 22:54:53 GMT
< set-cookie: _cfuvid=i1UG5sJ9CycWi7UiAgYX3RK.XASUMB4x3DCog6Y2_5Y-1791066293.1021206-1.0.1.1-llBTagXN_bzbz1.aVvEGDZwq3ZKdOmdr2GMNqwgx1CI; HttpOnly; SameSite=None; Secure; Path=/; Domain=npmjs.org
< CF-Ray: a44f5c0be893793f-TIA
< CF-Cache-Status: HIT
< ETag: W/"b428e54a3089c986ab8da605cbad6882"
< Access-Control-Allow-Origin: *
< Cache-Control: public, max-age=300
< Last-Modified: Sun, 19 Jun 2022 15:53:21 GMT
< Server: cloudflare
< Vary: accept-encoding, accept
< Content-Encoding: br

[PackageManager] waiting for 7 tasks
< 200 OK
< Date: Sat, 03 Oct 2026 22:24:53 GMT
< Content-Type: application/vnd.npm.install-v1+json
< Transfer-Encoding: chunked
< Connection: keep-alive
< set-cookie: __cf_bm=dqmPpF5D0XVxPTPtg70gEtpLCtpREGRUiiME7rO62.g-1791066293.1020513-1.0.1.1-Lc0ezzXI0PYiLolOUxMhAI6BX.k90Tqg57mBcGYAS_zBgdekTgzgWv20pZL3u2MB0W.HLu1382T4bVjM3Ko.OZEi3KATeuS1hqYQ5a5w0g39PAz4WLMpoSv1eAL65fCN; HttpOnly; SameSite=None; Secure; Path=/; Domain=npmjs.org; Expires=Sat, 03 Oct 2026 22:54:53 GMT
< set-cookie: _cfuvid=qLXRxT.tn1QydAN8U4nysHFhVQa1ZqhH439PE3U.DAE-1791066293.1020513-1.0.1.1-2GYCDy4YrW5lxIoq0DB2bX9MsHWvfvfBMPRQ3mV8PYA; HttpOnly; SameSite=None; Secure; Path=/; Domain=npmjs.org
< CF-Ray: a44f5c0bea68f474-TIA
< CF-Cache-Status: HIT
< ETag: W/"ffab1d79f59ce80ccf9e16b06a25b0d9"
< Access-Control-Allow-Origin: *
< Cache-Control: public, max-age=300
< Last-Modified: Wed, 22 Jun 2022 17:10:53 GMT
< Server: cloudflare
< Vary: accept-encoding, accept
< Content-Encoding: br

    [196.75ms]
Downloaded map-visit versions
[PackageManager] waiting for 7 tasks
    [196.75ms]
Downloaded object-visit versions
[PackageManager] waiting for 7 tasks
   - "object-visit": "^1.0.0" - object-visit@1.0.1
[PackageManager] waiting for 6 tasks
   - "map-visit": "^1.0.0" - map-visit@1.0.0
< 200 OK
< Date: Sat, 03 Oct 2026 22:24:53 GMT
< Content-Type: application/vnd.npm.install-v1+json
< Transfer-Encoding: chunked
< Connection: keep-alive
< set-cookie: __cf_bm=8xApkOPvrwQpdTxcgX.6hEigIHCwAbM2z9YCf2mwjlk-1791066293.1020036-1.0.1.1-lkO6h4NB.h7vWLJs_cCJ8Wy3M0Lf5tkCLML1i1FsKzfatqrOrUjcXR.t5wEBal9dk2enUWaVdJiNIlwphkMtb034lGuU_0s2JZfowrcN2UreSpw8xQrESzXR.lJC6aA5; HttpOnly; SameSite=None; Secure; Path=/; Domain=npmjs.org; Expires=Sat, 03 Oct 2026 22:54:53 GMT
< set-cookie: _cfuvid=0NfOxsj7gmFWaMysvwTFYHllZB2zcP1Cq6ObBwDYLIg-1791066293.1020036-1.0.1.1-WaVDw7I8y7evT3Z5ExAn6L97nJHn5qPcXLlZ1CwgeJ0; HttpOnly; SameSite=None; Secure; Path=/; Domain=npmjs.org
< CF-Ray: a44f5c0beb847c08-TIA
< CF-Cache-Status: HIT
< ETag: W/"f9d9c5414c27289ab7cf6641ca23a881"
< Access-Control-Allow-Origin: *
< Cache-Control: public, max-age=300
< Last-Modified: Thu, 28 May 2026 18:11:41 GMT
< Server: cloudflare
< Vary: accept-encoding, accept
< Content-Encoding: br

< 200 OK
< Date: Sat, 03 Oct 2026 22:24:53 GMT
< Content-Type: application/vnd.npm.install-v1+json
< Transfer-Encoding: chunked
< Connection: keep-alive
< set-cookie: __cf_bm=tYbLDybGliW7OkQSPX_Dn7jGUbxIh33gKPaYwsmtrQM-1791066293.1078334-1.0.1.1-.cDl_Ti5P5j2rPj2sIDDMYbxhPloPnld0n8GaKSV0QOtjvnPZm7Ddm8kVzTFUh.8Wflzuw8oOA9.IyOuOIkhePeU8QhhQ8aBYX6EF5yWEkAvuP17IBKTfzYiLVuYSr9S; HttpOnly; SameSite=None; Secure; Path=/; Domain=npmjs.org; Expires=Sat, 03 Oct 2026 22:54:53 GMT
< set-cookie: _cfuvid=bttNH6BXuYWxL_URBOdoRocwwEW3KnwY_C6GcvDPBvQ-1791066293.1078334-1.0.1.1-pF4z.1ZEKZ.wAoZG3OH.VEOECbKh5VN5d3LrxfbtOyk; HttpOnly; SameSite=None; Secure; Path=/; Domain=npmjs.org
< CF-Ray: a44f5c0bec58bd99-TIA
< CF-Cache-Status: HIT
< ETag: W/"e6b736f844d0581d8501bfcfa47cc49f"
< Access-Control-Allow-Origin: *
< Cache-Control: public, max-age=300
< Last-Modified: Wed, 22 Jun 2022 16:26:34 GMT
< Server: cloudflare
< Vary: accept-encoding, accept
< Content-Encoding: br

[PackageManager] waiting for 5 tasks
    [202.94ms]
Downloaded hasown versions
[PackageManager] waiting for 5 tasks
    [199.93ms]
Downloaded object-copy versions
[PackageManager] waiting for 5 tasks
   - "object-copy": "^0.1.0" - object-copy@0.1.0
Enqueue package manifest for download: copy-descriptor
> HTTP/1.1 GET https://registry.npmjs.org/copy-descriptor
> Accept: application/vnd.npm.install-v1+json; q=1.0, application/json; q=0.8, */*
> Connection: keep-alive
> User-Agent: Bun/1.3.9
> Host: registry.npmjs.org
> Accept-Encoding: gzip, deflate, br, zstd

[PackageManager] waiting for 5 tasks
   - "hasown": "^2.0.0" - hasown@2.0.4
Enqueue package manifest for download: function-bind
> HTTP/1.1 GET https://registry.npmjs.org/function-bind
> Accept: application/vnd.npm.install-v1+json; q=1.0, application/json; q=0.8, */*
> Connection: keep-alive
> User-Agent: Bun/1.3.9
> Host: registry.npmjs.org
> Accept-Encoding: gzip, deflate, br, zstd

< 200 OK
< Date: Sat, 03 Oct 2026 22:24:53 GMT
< Content-Type: application/vnd.npm.install-v1+json
< Transfer-Encoding: chunked
< Connection: keep-alive
< set-cookie: __cf_bm=8cqOsChBtOW.c4qbvUxHV8OteHGy4eiPc5k8h_vGgxo-1791066293.1077166-1.0.1.1-ImWVew_e10zBBtvbAl6B48Ub8LssQmNGjkHC_nvS0Kdm3iIXUu8qZFsDXviP3V7WsBWmz75qn5k2K7gSzsG0OjdfsaiVBCplMjWEkPrIPgZ7HAo7npcz0gLvRQzsLsoi; HttpOnly; SameSite=None; Secure; Path=/; Domain=npmjs.org; Expires=Sat, 03 Oct 2026 22:54:53 GMT
< set-cookie: _cfuvid=pgwcx3yjx30Lpg9p4H0kvq5pDAtGR8GOUNBWPnssHDs-1791066293.1077166-1.0.1.1-llUcB21pAua0hSwz.I7ooEwKNKRT7gmpnNDJ5wq29_U; HttpOnly; SameSite=None; Secure; Path=/; Domain=npmjs.org
< CF-Ray: a44f5c0beca75f50-TIA
< CF-Cache-Status: HIT
< ETag: W/"577327a07873d0641f41d30f48075f26"
< Access-Control-Allow-Origin: *
< Cache-Control: public, max-age=300
< Last-Modified: Sat, 18 Jun 2022 19:26:35 GMT
< Server: cloudflare
< Vary: accept-encoding, accept
< Content-Encoding: br

[PackageManager] waiting for 5 tasks
    [201.85ms]
Downloaded has-values versions
[PackageManager] waiting for 5 tasks
   - "has-values": "^1.0.0" - has-values@1.0.0
   - "has-values": "^0.1.4" - has-values@0.1.4
   - "kind-of": "^4.0.0" - kind-of@4.0.0
< 200 OK
< Date: Sat, 03 Oct 2026 22:24:53 GMT
< Content-Type: application/vnd.npm.install-v1+json
< Transfer-Encoding: chunked
< Connection: keep-alive
< set-cookie: __cf_bm=mp4IgFozKJ3.hCvl3GMVjXxYOkMHlLi4qCYH9H0kUwo-1791066292.9042237-1.0.1.1-o9O1lDpQW7hIU1D6aNXMmTAXrGHhwqBExAYubRDSGHM9lmR_WWmimqjJoNnLKbAl6SfcXoGvhscx00kYDKN8LrVRJmD26y56r2p2KhJJLjEsRMR5oKMJtr_NkVoyVt36; HttpOnly; SameSite=None; Secure; Path=/; Domain=npmjs.org; Expires=Sat, 03 Oct 2026 22:54:53 GMT
< set-cookie: _cfuvid=xEl7EynbLIVRpI8OcY6AL1xW3qU_Nh0ZhxxHu2pkdVA-1791066292.9042237-1.0.1.1-ppx2ntVq6g7vKjY__v9b1F_tlEqY4tgdpKwgEDAdSqI; HttpOnly; SameSite=None; Secure; Path=/; Domain=npmjs.org
< CF-Ray: a44f5c0aaff19b00-TIA
< CF-Cache-Status: HIT
< ETag: W/"a4f8edb6071acd5c7d48138807a13aad"
< Access-Control-Allow-Origin: *
< Cache-Control: public, max-age=300
< Last-Modified: Wed, 14 Feb 2024 19:32:39 GMT
< Server: cloudflare
< Vary: accept-encoding, accept
< Content-Encoding: br

[PackageManager] waiting for 4 tasks
    [516.60ms]
Downloaded @jridgewell/resolve-uri versions
< 200 OK
< Date: Sat, 03 Oct 2026 22:24:53 GMT
< Content-Type: application/vnd.npm.install-v1+json
< Transfer-Encoding: chunked
< Connection: keep-alive
< set-cookie: __cf_bm=970QG8K5Xayu6_K9oYzJ3nIG6YmUjjqajNIzUQlmzMs-1791066292.9104884-1.0.1.1-T1Q.cBjRnDcPhM4I_ZwvHwrtJ3Bn4_Q1NDuHwQ16P7BZozbEoRVyUcNNaJPOEzXEEAPcwVQROcNBfNUm_wZOF0zt84fDh2g93YKFB5Z1JNPw4nHkAMn3U8Jr77nJXd3L; HttpOnly; SameSite=None; Secure; Path=/; Domain=npmjs.org; Expires=Sat, 03 Oct 2026 22:54:53 GMT
< set-cookie: _cfuvid=MRPQIa4sHAk9QasyvAXZNszMB.ziM6iZ1cXh0SOpiGQ-1791066292.9104884-1.0.1.1-pd45g2lCHLvvra7GLc59_6oy7vhHwVRtoK.F435blGg; HttpOnly; SameSite=None; Secure; Path=/; Domain=npmjs.org
< CF-Ray: a44f5c0aab2f5f50-TIA
< CF-Cache-Status: HIT
< ETag: W/"26036407a867d5269efb3331ad7fffc9"
< Access-Control-Allow-Origin: *
< Cache-Control: public, max-age=300
< Last-Modified: Sat, 29 Aug 2026 18:33:49 GMT
< Server: cloudflare
< Vary: accept-encoding, accept
< Content-Encoding: br

[PackageManager] waiting for 4 tasks
   - "@jridgewell/resolve-uri": "^3.1.0" - @jridgewell/resolve-uri@3.1.2
[PackageManager] waiting for 3 tasks
    [533.12ms]
Downloaded @octokit/endpoint versions
[PackageManager] waiting for 3 tasks
   - "@octokit/endpoint": "^9.0.6" - @octokit/endpoint@9.0.6
< 200 OK
< Date: Sat, 03 Oct 2026 22:24:53 GMT
< Content-Type: application/vnd.npm.install-v1+json
< Transfer-Encoding: chunked
< Connection: keep-alive
< set-cookie: __cf_bm=cQInwQLjMTsofMCfdPFKtbCawAiXrTCucXX.nXbVUSY-1791066293.3060603-1.0.1.1-IeQrHuiRarotJ9RHVGywSXW4pF2lsnf5.oE5zzQ85WtJG32dQWSAV3pJcAilGXU8pqwCxfssp2WvW6_4hBdcu9b8oe.a8zqEht.EXYlGO0xLa8.as22ujpome0n4gxpE; HttpOnly; SameSite=None; Secure; Path=/; Domain=npmjs.org; Expires=Sat, 03 Oct 2026 22:54:53 GMT
< set-cookie: _cfuvid=44o0XeaXjEx2pDb025aBuy3.5T_LH_.VNXILjlCQU7I-1791066293.3060603-1.0.1.1-91eLzigTOH74omLl6m2iH3fLWCOiVB1AFYoYEccC3B4; HttpOnly; SameSite=None; Secure; Path=/; Domain=npmjs.org
< CF-Ray: a44f5c0d2d5dbd99-TIA
< CF-Cache-Status: HIT
< ETag: W/"29b73f3637c547cece194329c409d23f"
< Access-Control-Allow-Origin: *
< Cache-Control: public, max-age=300
< Last-Modified: Thu, 12 Oct 2023 19:08:21 GMT
< Server: cloudflare
< Vary: accept-encoding, accept
< Content-Encoding: br

[PackageManager] waiting for 2 tasks
    [199.63ms]
Downloaded function-bind versions
[PackageManager] waiting for 2 tasks
   - "function-bind": "^1.1.2" - function-bind@1.1.2
< 200 OK
< Date: Sat, 03 Oct 2026 22:24:53 GMT
< Content-Type: application/vnd.npm.install-v1+json
< Transfer-Encoding: chunked
< Connection: keep-alive
< set-cookie: __cf_bm=CxwLULPaojAKdDVOrXdHm9O83wubsrTmwfcpZFKVpVY-1791066293.3059592-1.0.1.1-rj3gG5iJbRV3BaFaovpvg26bOtie3hC1cpwAay96kG857Bpo.Pp0VgzFrrhOk4q7sNKLhwoyvdBruzTDKjd4wRuGY._ToB3EwO2Has1_hEmQVJl4Mo6s0T.LepCnGEQS; HttpOnly; SameSite=None; Secure; Path=/; Domain=npmjs.org; Expires=Sat, 03 Oct 2026 22:54:53 GMT
< set-cookie: _cfuvid=c8JLKdEeAclJ14D8KiT2kvWAYcKTY3MZSRQjZfXska0-1791066293.3059592-1.0.1.1-ydAM8.Ex3OREBQS3t7ZfCq5qInvtQLdLSvVSM1cVKms; HttpOnly; SameSite=None; Secure; Path=/; Domain=npmjs.org
< CF-Ray: a44f5c0d2ad09b00-TIA
< CF-Cache-Status: HIT
< ETag: W/"7d4ed8679b60c4556a83d8f92a04fb98"
< Access-Control-Allow-Origin: *
< Cache-Control: public, max-age=300
< Last-Modified: Mon, 13 Jun 2022 23:15:48 GMT
< Server: cloudflare
< Vary: accept-encoding, accept
< Content-Encoding: br

[PackageManager] waiting for 1 tasks
    [210.37ms]
Downloaded copy-descriptor versions
[PackageManager] waiting for 1 tasks
   - "copy-descriptor": "^0.1.0" - copy-descriptor@0.1.1
Enqueue package manifest for download: typescript
Enqueue package manifest for download: @tscircuit/schematic-corpus
Enqueue package manifest for download: tscircuit
Enqueue package manifest for download: three
> HTTP/1.1 GET https://registry.npmjs.org/typescript
> Accept: application/vnd.npm.install-v1+json; q=1.0, application/json; q=0.8, */*
> Connection: keep-alive
> User-Agent: Bun/1.3.9
> Host: registry.npmjs.org
> Accept-Encoding: gzip, deflate, br, zstd

> HTTP/1.1 GET https://registry.npmjs.org/@tscircuit%2fschematic-corpus
> Accept: application/vnd.npm.install-v1+json; q=1.0, application/json; q=0.8, */*
> Connection: keep-alive
> User-Agent: Bun/1.3.9
> Host: registry.npmjs.org
> Accept-Encoding: gzip, deflate, br, zstd

> HTTP/1.1 GET https://registry.npmjs.org/tscircuit
> Accept: application/vnd.npm.install-v1+json; q=1.0, application/json; q=0.8, */*
> Connection: keep-alive
> User-Agent: Bun/1.3.9
> Host: registry.npmjs.org
> Accept-Encoding: gzip, deflate, br, zstd

> HTTP/1.1 GET https://registry.npmjs.org/three
> Accept: application/vnd.npm.install-v1+json; q=1.0, application/json; q=0.8, */*
> Connection: keep-alive
> User-Agent: Bun/1.3.9
> Host: registry.npmjs.org
> Accept-Encoding: gzip, deflate, br, zstd

< 200 OK
< Date: Sat, 03 Oct 2026 22:24:53 GMT
< Content-Type: application/vnd.npm.install-v1+json
< Transfer-Encoding: chunked
< Connection: keep-alive
< set-cookie: __cf_bm=sjqZNqN5kswmTEH9Gir9izlGq16CCC_m2vF2x9tjbeg-1791066293.5213554-1.0.1.1-mRP6p1_FF8Bj8g.hJ5kqrVsG5y5XlGSVBCMnJz91nuvk.yOcDWelOt1Xq9LyyHI3BTGfvuAxyxJa1hZvD.xCY4q9NgIELENYPVfdJkhn74KpjQvQwUT_O0LWWy7AE_ST; HttpOnly; SameSite=None; Secure; Path=/; Domain=npmjs.org; Expires=Sat, 03 Oct 2026 22:54:53 GMT
< set-cookie: _cfuvid=uXvzGPgcdQ_RDYBh5Uza2lZS628ai5xdSYR7AwOdyaM-1791066293.5213554-1.0.1.1-ZYnTchBjx31jSphds49MOX.xKHZTOPGXh_6AmyZAP7g; HttpOnly; SameSite=None; Secure; Path=/; Domain=npmjs.org
< CF-Ray: a44f5c0e8dbf51a4-TIA
< CF-Cache-Status: HIT
< ETag: W/"23be9f1eef3c3cec11ab20d17de174e9"
< Access-Control-Allow-Origin: *
< Cache-Control: public, max-age=300
< Last-Modified: Thu, 24 Sep 2026 14:42:23 GMT
< Server: cloudflare
< Vary: accept-encoding, accept
< Content-Encoding: br

[PackageManager] waiting for 4 tasks
    [236.86ms]
Downloaded three versions
[PackageManager] waiting for 4 tasks
   - "three": "^0.179.1" - three@0.179.1
< 200 OK
< Date: Sat, 03 Oct 2026 22:24:53 GMT
< Content-Type: application/vnd.npm.install-v1+json
< Transfer-Encoding: chunked
< Connection: keep-alive
< set-cookie: __cf_bm=l5iizvFBUnPgWPylIKoajofM_oNtluw3LTdjHYP63V0-1791066293.5213776-1.0.1.1-sve76qAp0cBjwP.H_.RikgCy3q0AgAyFShTmLf1k9.IL_L2Jk4v2SZUMuOHoRGUiD_VKxAhQXQsn8cBcYFkU2WSlVZEYIPkku5igPYYNXGZa1rncxW4HZ_h4Bcyk9ZZK; HttpOnly; SameSite=None; Secure; Path=/; Domain=npmjs.org; Expires=Sat, 03 Oct 2026 22:54:53 GMT
< set-cookie: _cfuvid=.TLQAFh3pxHmrbAVcNrbqGMLeM52Eo4AjxeuIufEYJs-1791066293.5213776-1.0.1.1-p29uTYS0H6GS7.JMy1g0kjAivx3ZUcDWH0YaCCTW9eo; HttpOnly; SameSite=None; Secure; Path=/; Domain=npmjs.org
< CF-Ray: a44f5c0e8ee95f50-TIA
< CF-Cache-Status: HIT
< ETag: W/"26638d321a45659f8de42b6dab9e3107"
< Access-Control-Allow-Origin: *
< Cache-Control: public, max-age=300
< Last-Modified: Sat, 03 Oct 2026 08:22:05 GMT
< Server: cloudflare
< Vary: accept-encoding, accept
< Content-Encoding: br

< 200 OK
< Date: Sat, 03 Oct 2026 22:24:53 GMT
< Content-Type: application/vnd.npm.install-v1+json
< Transfer-Encoding: chunked
< Connection: keep-alive
< set-cookie: __cf_bm=avaGNmAJwFwY4BYh.OJoTBrlI2TLoemXkBq_zkv7Wh8-1791066293.5212445-1.0.1.1-bKgEvUdbYyrJIANmmr.jDpfU.vQZp7.SbXfoEt5YhsAzXZRWVZoVGC077fm4S3dSjdkw.2_G.9NB4m.4HiHPy6jsniSTTWIj9katAF94na4NLppijAyEFit_syyWJvn7; HttpOnly; SameSite=None; Secure; Path=/; Domain=npmjs.org; Expires=Sat, 03 Oct 2026 22:54:53 GMT
< set-cookie: _cfuvid=XlR28Bv55.GrNxKw44oaqZFaU.APsKxxTZVSgta1w.U-1791066293.5212445-1.0.1.1-E3q_xH.diN6teHfYlRz3tlHlCALvU0Rc.NZtUmHS4LY; HttpOnly; SameSite=None; Secure; Path=/; Domain=npmjs.org
< CF-Ray: a44f5c0e8c3e9b00-TIA
< CF-Cache-Status: REVALIDATED
< ETag: W/"a3efb369fed936cd12d86c6874c3bfd4"
< Access-Control-Allow-Origin: *
< Cache-Control: public, max-age=300
< Last-Modified: Fri, 02 Oct 2026 23:05:32 GMT
< Server: cloudflare
< Vary: accept-encoding, accept
< Content-Encoding: br

[PackageManager] waiting for 3 tasks
    [337.54ms]
Downloaded typescript versions
[PackageManager] waiting for 3 tasks
   - "typescript": "^5.0.0" - typescript@5.9.3
[PackageManager] waiting for 2 tasks
    [487.83ms]
Downloaded tscircuit versions
< 200 OK
< Date: Sat, 03 Oct 2026 22:24:54 GMT
< Content-Type: application/vnd.npm.install-v1+json
< Transfer-Encoding: chunked
< Connection: keep-alive
< set-cookie: __cf_bm=OB3ziYSrzcRREmWtjvv3kGE7YZevKsbxZPRPinV_xRQ-1791066293.5211818-1.0.1.1-1I54dGYbUUyuRT6LCXzqi8AnUC_ZdpWY7kV7lJMyD.ptcWQZFSgZowUSwNlGQ_8XwgRdePbY_Q6r.2mDTkVl47fxv4NX3JP5jX_S9jS9BpLfwAIDNt6NWcwwaPPc1ZwO; HttpOnly; SameSite=None; Secure; Path=/; Domain=npmjs.org; Expires=Sat, 03 Oct 2026 22:54:54 GMT
< set-cookie: _cfuvid=80HNEabOPYhi0NWiEcnc3fPsnzcbQqROBxU6KoQp_0Y-1791066293.5211818-1.0.1.1-eGvAKkTHa9sPrMLL2.C8rcxKxYRLDA_bJD0tOlfORl4; HttpOnly; SameSite=None; Secure; Path=/; Domain=npmjs.org
< CF-Ray: a44f5c0e8c3f9b00-TIA
< CF-Cache-Status: REVALIDATED
< ETag: W/"3895d2b94c628ffc08b299bd50d8a1db"
< Access-Control-Allow-Origin: *
< Cache-Control: public, max-age=300
< Last-Modified: Sat, 02 Aug 2025 15:20:41 GMT
< Server: cloudflare
< Vary: accept-encoding, accept
< Content-Encoding: br

[PackageManager] waiting for 2 tasks
    [540.16ms]
Downloaded @tscircuit/schematic-corpus versions
[PackageManager] waiting for 2 tasks
   - "@tscircuit/schematic-corpus": "*" - @tscircuit/schematic-corpus@0.0.114
[PackageManager] waiting for 1 tasks
   - "tscircuit": "*" - tscircuit@0.0.2742
Enqueue package manifest for download: comlink
   - "poppygl": "0.0.29" - poppygl@0.0.29
Enqueue package manifest for download: s-expression
Enqueue package manifest for download: @tscircuit/cli
   - "@tscircuit/core": "^0.0.2056" - @tscircuit/core@0.0.2056
Enqueue package manifest for download: @tscircuit/eval
   - "@tscircuit/checks": "^0.0.233" - @tscircuit/checks@0.0.233
Enqueue package manifest for download: rollup-plugin-dts
Enqueue package manifest for download: @rollup/plugin-json
Enqueue package manifest for download: @tscircuit/runframe
Enqueue package manifest for download: @rollup/plugin-commonjs
Enqueue package manifest for download: circuit-json-to-pnp-csv
Enqueue package manifest for download: @tscircuit/simple-3d-svg
Enqueue package manifest for download: @rollup/plugin-typescript
Enqueue package manifest for download: circuit-json-to-simple-3d
Enqueue package manifest for download: kicad-component-converter
Enqueue package manifest for download: @rollup/plugin-node-resolve
   - "@tscircuit/copper-pour-solver": "^0.0.62" - @tscircuit/copper-pour-solver@0.0.62
   - "@tscircuit/capacity-autorouter": "^0.0.953" - @tscircuit/capacity-autorouter@0.0.953
Enqueue package manifest for download: @tscircuit/internal-dynamic-import
> HTTP/1.1 GET https://registry.npmjs.org/comlink
> Accept: application/vnd.npm.install-v1+json; q=1.0, application/json; q=0.8, */*
> Connection: keep-alive
> User-Agent: Bun/1.3.9
> Host: registry.npmjs.org
> Accept-Encoding: gzip, deflate, br, zstd

> HTTP/1.1 GET https://registry.npmjs.org/s-expression
> Accept: application/vnd.npm.install-v1+json; q=1.0, application/json; q=0.8, */*
> Connection: keep-alive
> User-Agent: Bun/1.3.9
> Host: registry.npmjs.org
> Accept-Encoding: gzip, deflate, br, zstd

> HTTP/1.1 GET https://registry.npmjs.org/@tscircuit%2fcli
> Accept: application/vnd.npm.install-v1+json; q=1.0, application/json; q=0.8, */*
> Connection: keep-alive
> User-Agent: Bun/1.3.9
> Host: registry.npmjs.org
> Accept-Encoding: gzip, deflate, br, zstd

> HTTP/1.1 GET https://registry.npmjs.org/@tscircuit%2feval
> Accept: application/vnd.npm.install-v1+json; q=1.0, application/json; q=0.8, */*
> Connection: keep-alive
> User-Agent: Bun/1.3.9
> Host: registry.npmjs.org
> Accept-Encoding: gzip, deflate, br, zstd

> HTTP/1.1 GET https://registry.npmjs.org/rollup-plugin-dts
> Accept: application/vnd.npm.install-v1+json; q=1.0, application/json; q=0.8, */*
> Connection: keep-alive
> User-Agent: Bun/1.3.9
> Host: registry.npmjs.org
> Accept-Encoding: gzip, deflate, br, zstd

> HTTP/1.1 GET https://registry.npmjs.org/@rollup%2fplugin-json
> Accept: application/vnd.npm.install-v1+json; q=1.0, application/json; q=0.8, */*
> Connection: keep-alive
> User-Agent: Bun/1.3.9
> Host: registry.npmjs.org
> Accept-Encoding: gzip, deflate, br, zstd

> HTTP/1.1 GET https://registry.npmjs.org/@tscircuit%2frunframe
> Accept: application/vnd.npm.install-v1+json; q=1.0, application/json; q=0.8, */*
> Connection: keep-alive
> User-Agent: Bun/1.3.9
> Host: registry.npmjs.org
> Accept-Encoding: gzip, deflate, br, zstd

> HTTP/1.1 GET https://registry.npmjs.org/@rollup%2fplugin-commonjs
> Accept: application/vnd.npm.install-v1+json; q=1.0, application/json; q=0.8, */*
> Connection: keep-alive
> User-Agent: Bun/1.3.9
> Host: registry.npmjs.org
> Accept-Encoding: gzip, deflate, br, zstd

> HTTP/1.1 GET https://registry.npmjs.org/circuit-json-to-pnp-csv
> Accept: application/vnd.npm.install-v1+json; q=1.0, application/json; q=0.8, */*
> Connection: keep-alive
> User-Agent: Bun/1.3.9
> Host: registry.npmjs.org
> Accept-Encoding: gzip, deflate, br, zstd

> HTTP/1.1 GET https://registry.npmjs.org/@tscircuit%2fsimple-3d-svg
> Accept: application/vnd.npm.install-v1+json; q=1.0, application/json; q=0.8, */*
> Connection: keep-alive
> User-Agent: Bun/1.3.9
> Host: registry.npmjs.org
> Accept-Encoding: gzip, deflate, br, zstd

> HTTP/1.1 GET https://registry.npmjs.org/@rollup%2fplugin-typescript
> Accept: application/vnd.npm.install-v1+json; q=1.0, application/json; q=0.8, */*
> Connection: keep-alive
> User-Agent: Bun/1.3.9
> Host: registry.npmjs.org
> Accept-Encoding: gzip, deflate, br, zstd

> HTTP/1.1 GET https://registry.npmjs.org/circuit-json-to-simple-3d
> Accept: application/vnd.npm.install-v1+json; q=1.0, application/json; q=0.8, */*
> Connection: keep-alive
> User-Agent: Bun/1.3.9
> Host: registry.npmjs.org
> Accept-Encoding: gzip, deflate, br, zstd

> HTTP/1.1 GET https://registry.npmjs.org/kicad-component-converter
> Accept: application/vnd.npm.install-v1+json; q=1.0, application/json; q=0.8, */*
> Connection: keep-alive
> User-Agent: Bun/1.3.9
> Host: registry.npmjs.org
> Accept-Encoding: gzip, deflate, br, zstd

> HTTP/1.1 GET https://registry.npmjs.org/@rollup%2fplugin-node-resolve
> Accept: application/vnd.npm.install-v1+json; q=1.0, application/json; q=0.8, */*
> Connection: keep-alive
> User-Agent: Bun/1.3.9
> Host: registry.npmjs.org
> Accept-Encoding: gzip, deflate, br, zstd

> HTTP/1.1 GET https://registry.npmjs.org/@tscircuit%2finternal-dynamic-import
> Accept: application/vnd.npm.install-v1+json; q=1.0, application/json; q=0.8, */*
> Connection: keep-alive
> User-Agent: Bun/1.3.9
> Host: registry.npmjs.org
> Accept-Encoding: gzip, deflate, br, zstd

> HTTP/1.1 GET https://jscdn.tscircuit.com/@tscircuit/schematic-trace-solver/0.0.223.tgz
> Connection: keep-alive
> User-Agent: Bun/1.3.9
> Accept: */*
> Host: jscdn.tscircuit.com
> Accept-Encoding: gzip, deflate, br, zstd

< 200 OK
< Date: Sat, 03 Oct 2026 22:24:54 GMT
< Content-Type: application/vnd.npm.install-v1+json
< Transfer-Encoding: chunked
< Connection: keep-alive
< set-cookie: __cf_bm=ARAakwdvljKooZ8wZeuGYlEDUORlb32RUywy6EYTZFc-1791066294.078582-1.0.1.1-U5FQeoT8U32Hbk_LEkf__gKorYn8wEqMfj6nDN2TaRCSvxCygR2.8gANdOyypAc05t94lyjwKjhzZ0Q5PwfKvNy5xx030VSccwyVtUMHz0pSH7NzBu.pAVSaAilQaJSc; HttpOnly; SameSite=None; Secure; Path=/; Domain=npmjs.org; Expires=Sat, 03 Oct 2026 22:54:54 GMT
< set-cookie: _cfuvid=E_xF.mdOCPLT2rsQBntK1mLtW85y67gbXd6iASl3ZM4-1791066294.078582-1.0.1.1-oJg7ouSM3kysu.wTi0gwoiM6NSgTnEj3dltO0uHOM3Q; HttpOnly; SameSite=None; Secure; Path=/; Domain=npmjs.org
< CF-Ray: a44f5c11f87851a4-TIA
< CF-Cache-Status: HIT
< ETag: W/"396b0a8e344737dc422d96d15732630c"
< Access-Control-Allow-Origin: *
< Cache-Control: public, max-age=300
< Last-Modified: Thu, 07 Nov 2024 12:34:05 GMT
< Server: cloudflare
< Vary: accept-encoding, accept
< Content-Encoding: br

[PackageManager] waiting for 16 tasks
< 200 OK
< Date: Sat, 03 Oct 2026 22:24:54 GMT
< Content-Type: application/vnd.npm.install-v1+json
< Transfer-Encoding: chunked
< Connection: keep-alive
< set-cookie: __cf_bm=jnamMod75phsPv0pgIbBLWazt9GnwkvAwMImXAyAMRE-1791066294.078572-1.0.1.1-1Pqp0bUyNPkOgIV7.BRC5LhX.zOXCOkoKMwU0FGwf2h7jJ4e0BCSAgYg1ovlyGAX.PTWcW8mQe2RwBXln_iStiPmjdL4YFG02tPgTeS4Xp0cmqf9EfMB6gsmu8m1cYDU; HttpOnly; SameSite=None; Secure; Path=/; Domain=npmjs.org; Expires=Sat, 03 Oct 2026 22:54:54 GMT
< set-cookie: _cfuvid=IoIBbCawD040fGujxg8MtbFucoxoJlepB2SwrC8zO64-1791066294.078572-1.0.1.1-s_xyTiPvkqW6mP_DyBjQs.DZF6sJHF9kHygytLbJt3U; HttpOnly; SameSite=None; Secure; Path=/; Domain=npmjs.org
< CF-Ray: a44f5c11fa577c08-TIA
< CF-Cache-Status: HIT
< ETag: W/"3282add860fa82af7f376295f5e0ef4b"
< Access-Control-Allow-Origin: *
< Cache-Control: public, max-age=300
< Last-Modified: Tue, 04 Aug 2026 10:59:52 GMT
< Server: cloudflare
< Vary: accept-encoding, accept
< Content-Encoding: br

    [201.01ms]
Downloaded comlink versions
[PackageManager] waiting for 16 tasks
   - "comlink": "^4.4.2" - comlink@4.4.2
[PackageManager] waiting for 15 tasks
    [208.53ms]
Downloaded rollup-plugin-dts versions
[PackageManager] waiting for 15 tasks
   - "rollup-plugin-dts": "^6.2.3" - rollup-plugin-dts@6.5.1
Enqueue package manifest for download: convert-source-map
Enqueue package manifest for download: @jridgewell/remapping
Enqueue package manifest for download: @babel/code-frame
> HTTP/1.1 GET https://registry.npmjs.org/convert-source-map
> Accept: application/vnd.npm.install-v1+json; q=1.0, application/json; q=0.8, */*
> Connection: keep-alive
> User-Agent: Bun/1.3.9
> Host: registry.npmjs.org
> Accept-Encoding: gzip, deflate, br, zstd

> HTTP/1.1 GET https://registry.npmjs.org/@jridgewell%2fremapping
> Accept: application/vnd.npm.install-v1+json; q=1.0, application/json; q=0.8, */*
> Connection: keep-alive
> User-Agent: Bun/1.3.9
> Host: registry.npmjs.org
> Accept-Encoding: gzip, deflate, br, zstd

> HTTP/1.1 GET https://registry.npmjs.org/@babel%2fcode-frame
> Accept: application/vnd.npm.install-v1+json; q=1.0, application/json; q=0.8, */*
> Connection: keep-alive
> User-Agent: Bun/1.3.9
> Host: registry.npmjs.org
> Accept-Encoding: gzip, deflate, br, zstd

< 200 OK
< Date: Sat, 03 Oct 2026 22:24:54 GMT
< Content-Type: application/octet-stream
< Content-Length: 177133
< Connection: keep-alive
< Report-To: {"group":"cf-nel","max_age":604800,"endpoints":[{"url":"https://a.nel.cloudflare.com/report/v4?s=DbzAA%2BsWq5U3HgmEZVks4Hduc1ujOjTKY3Bz5xP%2FVtsScD1D5TUE20HECCbz0co7%2BN4qv7hd3141RXGX918KXLWPdgZXw6oB7%2FZcuNuJqTrhGgx7N%2F2xcj4o3QkJ8%2F2ji2Or0Ts%3D"}]}
< Nel: {"report_to":"cf-nel","success_fraction":0.0,"max_age":604800}
< Server: cloudflare
< CF-RAY: a44f5c120b9fa5b3-TIA

[PackageManager] waiting for 17 tasks
    [227.69ms] Downloaded @tscircuit/schematic-trace-solver tarball
 LICENSE
 dist/index.js
 package.json
 README.md
 dist/index.d.ts
[@tscircuit/schematic-trace-solver] Extract .39fbad4ffabdf7a7-0000000C.schematic-trace-solver (decompressed 177.13 KB tgz file in 1.072ms)
[@tscircuit/schematic-trace-solver] Extracted to .39fbad4ffabdf7a7-0000000C.schematic-trace-solver (3.04ms)
[PackageManager] waiting for 17 tasks
< 200 OK
< Date: Sat, 03 Oct 2026 22:24:54 GMT
< Content-Type: application/vnd.npm.install-v1+json
< Transfer-Encoding: chunked
< Connection: keep-alive
< set-cookie: __cf_bm=2mjUAAcV2OYHqhD07bAD3.ZtCHaB9duTIdzNlBEp4sc-1791066294.0786114-1.0.1.1-QPYaK6vzFzxUA32_5L8SrFaEk60xwgMtn4iUFC8tDAWW3W.qFriAAqSGd6xenwfCuk60N9DvWHfhwkqjf6V2TKr_rMJWrRB6L_B3_yMRm.aTpk7MKCWLGAX.AoqPZGJ0; HttpOnly; SameSite=None; Secure; Path=/; Domain=npmjs.org; Expires=Sat, 03 Oct 2026 22:54:54 GMT
< set-cookie: _cfuvid=SpvG6bbVn_3EP9Y8kEIpEKOJvciq7Rpitl8jSPDKDhM-1791066294.0786114-1.0.1.1-1C8fWRdaAHtgY2mxtKCKjEzsbkV4iv64iqbWcOZy4PY; HttpOnly; SameSite=None; Secure; Path=/; Domain=npmjs.org
< CF-Ray: a44f5c11fc2a5f50-TIA
< CF-Cache-Status: REVALIDATED
< ETag: W/"d718c2c04467997023d792ca158c9ca5"
< Access-Control-Allow-Origin: *
< Cache-Control: public, max-age=300
< Last-Modified: Sun, 26 Jun 2022 15:08:31 GMT
< Server: cloudflare
< Vary: accept-encoding, accept
< Content-Encoding: br

[PackageManager] waiting for 16 tasks
< 200 OK
< Date: Sat, 03 Oct 2026 22:24:54 GMT
< Content-Type: application/vnd.npm.install-v1+json
< Transfer-Encoding: chunked
< Connection: keep-alive
< set-cookie: __cf_bm=5_FyXe7jjRlpfIqQfzGyNAj3C_NKOyLidRNCR33ivJI-1791066294.0840347-1.0.1.1-JGvJDLDxnxODUy9pPz_xEPfZ5K5OZnva.74NnHPer9f4Hf426Vn_jiqjxFVetekGBTdRlzxpOnYZaKeK_uoZ7NMyPNJep3q10koHTIGxZHQVhaPteNL38yL45G0cxtB0; HttpOnly; SameSite=None; Secure; Path=/; Domain=npmjs.org; Expires=Sat, 03 Oct 2026 22:54:54 GMT
< set-cookie: _cfuvid=WFiJc7z5HWy2vgF7V0yFaQ1PRxkuYPcZioWoHv70yaw-1791066294.0840347-1.0.1.1-nRDdn.cepEM67wpb_Kf.x3dzvIBTQpAtuLnDxXAAzik; HttpOnly; SameSite=None; Secure; Path=/; Domain=npmjs.org
< CF-Ray: a44f5c120c3d5f50-TIA
< CF-Cache-Status: REVALIDATED
< ETag: W/"c62d7c77014f76a5b93a97252f86170a"
< Access-Control-Allow-Origin: *
< Cache-Control: public, max-age=300
< Last-Modified: Wed, 03 Jun 2026 22:30:13 GMT
< Server: cloudflare
< Vary: accept-encoding, accept
< Content-Encoding: br

    [246.39ms]
Downloaded s-expression versions
[PackageManager] waiting for 16 tasks
    [246.46ms]
Downloaded kicad-component-converter versions
[PackageManager] waiting for 16 tasks
   - "s-expression": "^3.1.1" - s-expression@3.1.1
[PackageManager] waiting for 15 tasks
   - "kicad-component-converter": "^0.1.40" - kicad-component-converter@0.1.41
< 200 OK
< Date: Sat, 03 Oct 2026 22:24:54 GMT
< Content-Type: application/vnd.npm.install-v1+json
< Transfer-Encoding: chunked
< Connection: keep-alive
< set-cookie: __cf_bm=XOYUTI.FdWJ0M1zLBKyhp5VKZDIFWH_zHGsqmPjX3uQ-1791066294.084217-1.0.1.1-IHpF2Fx.HQL_3E0FC7olr4GuOoeYp6bSb3m8RMoIdiT4O9UID7U7QzrpD0DaJF0AB8oczCGoQSHIj2zZVV5XkR3GHgPUKXabpYbfTWAkIRqlgczMHVxUdvtAeByrZZ9W; HttpOnly; SameSite=None; Secure; Path=/; Domain=npmjs.org; Expires=Sat, 03 Oct 2026 22:54:54 GMT
< set-cookie: _cfuvid=ECYniDBCO0K9YVGsSaX44N3yO_UUMTuXfu0q0Ukepyg-1791066294.084217-1.0.1.1-FDfLG7Dp0wjbd0QfYoSrO_4shShhRxGxNRCOIbEKS8s; HttpOnly; SameSite=None; Secure; Path=/; Domain=npmjs.org
< CF-Ray: a44f5c120c3b5f50-TIA
< CF-Cache-Status: REVALIDATED
< ETag: W/"9b903de329b7a8b986350251ea9d097e"
< Access-Control-Allow-Origin: *
< Cache-Control: public, max-age=300
< Last-Modified: Wed, 19 Aug 2026 23:06:32 GMT
< Server: cloudflare
< Vary: accept-encoding, accept
< Content-Encoding: br

[PackageManager] waiting for 14 tasks
    [256.34ms]
Downloaded circuit-json-to-simple-3d versions
[PackageManager] waiting for 14 tasks
   - "circuit-json-to-simple-3d": "^0.0.9" - circuit-json-to-simple-3d@0.0.9
< 200 OK
< Date: Sat, 03 Oct 2026 22:24:54 GMT
< Content-Type: application/vnd.npm.install-v1+json
< Transfer-Encoding: chunked
< Connection: keep-alive
< set-cookie: __cf_bm=pMSqZ843YQhDg6GgQIOLyvob0B5Og2AXmQdaj.QUPAI-1791066294.0840876-1.0.1.1-bABhoIY7VSZrBZ_AmYFlTPxaXWDXj8iWR5_uud_yqPwe0dInWoDkGRX.Jup8QLihb9hjHWsh3SR5ubrORDed5HQBMJKCeHQ2CAdUgODIDkR0XtggqeJcVyA1.SmaLnei; HttpOnly; SameSite=None; Secure; Path=/; Domain=npmjs.org; Expires=Sat, 03 Oct 2026 22:54:54 GMT
< set-cookie: _cfuvid=QOZCpp.WUw2jdK102gbaBVwYA_OF2Hvl_rrH0rNNtdQ-1791066294.0840876-1.0.1.1-44Hk5LddGBRhyiiAJyiNF3BEUU0t8GDEx_9VLmfI1zg; HttpOnly; SameSite=None; Secure; Path=/; Domain=npmjs.org
< CF-Ray: a44f5c12093bbd99-TIA
< CF-Cache-Status: REVALIDATED
< ETag: W/"02dbb9f65ae52b72325854da32ff6a80"
< Access-Control-Allow-Origin: *
< Cache-Control: public, max-age=300
< Last-Modified: Wed, 30 Sep 2026 10:30:44 GMT
< Server: cloudflare
< Vary: accept-encoding, accept
< Content-Encoding: br

[PackageManager] waiting for 13 tasks
    [260.38ms]
Downloaded circuit-json-to-pnp-csv versions
[PackageManager] waiting for 13 tasks
   - "circuit-json-to-pnp-csv": "^0.0.16" - circuit-json-to-pnp-csv@0.0.16
Enqueue package manifest for download: papaparse
> HTTP/1.1 GET https://registry.npmjs.org/papaparse
> Accept: application/vnd.npm.install-v1+json; q=1.0, application/json; q=0.8, */*
> Connection: keep-alive
> User-Agent: Bun/1.3.9
> Host: registry.npmjs.org
> Accept-Encoding: gzip, deflate, br, zstd

< 200 OK
< Date: Sat, 03 Oct 2026 22:24:54 GMT
< Content-Type: application/vnd.npm.install-v1+json
< Transfer-Encoding: chunked
< Connection: keep-alive
< set-cookie: __cf_bm=hdIiNXS62TR0HIkwQxyw9xlyr015xjKMG49kB0100nQ-1791066294.2937078-1.0.1.1-jpxvRQqTegkkHSwKjqDJlQZLcwmS13lwfrFSz4bndJPMOFF7Atbplccv9U2cXmfakuRvOxVld8pLVpQFMh8mh34CJXCm.SE72hPikezY_ASuXoZHicpvDxEPr0S.FHOM; HttpOnly; SameSite=None; Secure; Path=/; Domain=npmjs.org; Expires=Sat, 03 Oct 2026 22:54:54 GMT
< set-cookie: _cfuvid=.RLTtPyNUGT9UTOcxETWPaouDBee0Wj0VjbYdDyYSxo-1791066294.2937078-1.0.1.1-YcEtLts7aPGCqfaZE4n8QG5pX1..YiWGOxvpqcbgVik; HttpOnly; SameSite=None; Secure; Path=/; Domain=npmjs.org
< CF-Ray: a44f5c13598951a4-TIA
< CF-Cache-Status: HIT
< ETag: W/"4ad31709701dcb179c1f83d45572b852"
< Access-Control-Allow-Origin: *
< Cache-Control: public, max-age=300
< Last-Modified: Sun, 09 Jul 2023 22:05:42 GMT
< Server: cloudflare
< Vary: accept-encoding, accept
< Content-Encoding: br

[PackageManager] waiting for 13 tasks
    [210.12ms]
Downloaded convert-source-map versions
[PackageManager] waiting for 13 tasks
   - "convert-source-map": "^2.0.0" - convert-source-map@2.0.0
< 200 OK
< Date: Sat, 03 Oct 2026 22:24:54 GMT
< Content-Type: application/vnd.npm.install-v1+json
< Transfer-Encoding: chunked
< Connection: keep-alive
< set-cookie: __cf_bm=rOEL7cOhF46SFQLuo7_jtbfstW4Wu1rUGnrJ34Y7OPQ-1791066294.0842347-1.0.1.1-YpWgjQQBgrlQO51LLXc3KpiqNhay5pvvQJjweULrWipgFnOysMRw4qXR5SEJ_y3er7_sfB1P28SI59b4FR0F8I_5rdB.8Imw0Non3JPWRf29j_eeHu10.1sAEP90l2Dh; HttpOnly; SameSite=None; Secure; Path=/; Domain=npmjs.org; Expires=Sat, 03 Oct 2026 22:54:54 GMT
< set-cookie: _cfuvid=L39VKLAOhBnwwT.EQRV7kkt7yov6ToMMNDuwfJjaEAM-1791066294.0842347-1.0.1.1-80pH.ENGpqxiSslKBCfEgOWgGHFKd7WAoAkXkirS_48; HttpOnly; SameSite=None; Secure; Path=/; Domain=npmjs.org
< CF-Ray: a44f5c120c3c5f50-TIA
< CF-Cache-Status: HIT
< ETag: W/"dfb9a47ad9137415b6bfb12aed7fa7ee"
< Access-Control-Allow-Origin: *
< Cache-Control: public, max-age=300
< Last-Modified: Fri, 29 May 2026 13:49:14 GMT
< Server: cloudflare
< Vary: accept-encoding, accept
< Content-Encoding: br

< 200 OK
< Date: Sat, 03 Oct 2026 22:24:54 GMT
< Content-Type: application/vnd.npm.install-v1+json
< Transfer-Encoding: chunked
< Connection: keep-alive
< set-cookie: __cf_bm=vdCMfouuMjQYa7_u1o2i__gwk8nxxKe0.r85EVKYZMQ-1791066294.0840688-1.0.1.1-_QrqnPsbiXydomRpd_VEEJTJe1128K6.zstagKPT1XY1ChaPcyHewU5sF95WJtgoyvA6KXRY9vEw4MClkOcUTEyG.tj25nETsYuLy7hRk_SZpbYxGfOziXpvo4CntGx_; HttpOnly; SameSite=None; Secure; Path=/; Domain=npmjs.org; Expires=Sat, 03 Oct 2026 22:54:54 GMT
< set-cookie: _cfuvid=OTwlpP0C_n25mTy_sby2Pv8W9orHBum8XGYdgUTfbgs-1791066294.0840688-1.0.1.1-AzF.uD09_Ac_WLSXLidWXb6AdsABzV9XzkvffBWtZHc; HttpOnly; SameSite=None; Secure; Path=/; Domain=npmjs.org
< CF-Ray: a44f5c120ba0a5b3-TIA
< CF-Cache-Status: HIT
< ETag: W/"99b69eb4be2f132838171cdc4cf42d24"
< Access-Control-Allow-Origin: *
< Cache-Control: public, max-age=300
< Last-Modified: Tue, 12 Dec 2023 15:33:39 GMT
< Server: cloudflare
< Vary: accept-encoding, accept
< Content-Encoding: br

< 200 OK
< Date: Sat, 03 Oct 2026 22:24:54 GMT
< Content-Type: application/vnd.npm.install-v1+json
< Transfer-Encoding: chunked
< Connection: keep-alive
< set-cookie: __cf_bm=pZ1VwnkSyMIC95EpyKP1qqjsHPTxxvvaBGZp8mckC.g-1791066294.0840251-1.0.1.1-eFrZw5fXG3Qke52Sth4riYDtpWLal2eAKSpSZfsgf74KG54.5t_CHBOpm_HHn6tZ401NjOkGv3gUuhUjurM5GLLusQP5Xdthp_UfDkYlcwbq1ZQ9kHF1X3B_N8FKJ8P.; HttpOnly; SameSite=None; Secure; Path=/; Domain=npmjs.org; Expires=Sat, 03 Oct 2026 22:54:54 GMT
< set-cookie: _cfuvid=r5y4b6WumauLBcp52ntN4Pduqipwlm1PNiV6LHoQsO0-1791066294.0840251-1.0.1.1-XcjDKE2V8CBFc4w0SZR6BiXGIMTxvlhsDgoeVH_r_vg; HttpOnly; SameSite=None; Secure; Path=/; Domain=npmjs.org
< CF-Ray: a44f5c120a667c08-TIA
< CF-Cache-Status: HIT
< ETag: W/"5c4a653f10221422a6ba1db624ee6ce9"
< Access-Control-Allow-Origin: *
< Cache-Control: public, max-age=300
< Last-Modified: Mon, 13 Oct 2025 00:33:12 GMT
< Server: cloudflare
< Vary: accept-encoding, accept
< Content-Encoding: br

[PackageManager] waiting for 12 tasks
    [438.85ms]
Downloaded @rollup/plugin-json versions
[PackageManager] waiting for 12 tasks
   - "@rollup/plugin-json": "^6.1.0" - @rollup/plugin-json@6.1.0
Enqueue package manifest for download: @rollup/pluginutils
> HTTP/1.1 GET https://registry.npmjs.org/@rollup%2fpluginutils
> Accept: application/vnd.npm.install-v1+json; q=1.0, application/json; q=0.8, */*
> Connection: keep-alive
> User-Agent: Bun/1.3.9
> Host: registry.npmjs.org
> Accept-Encoding: gzip, deflate, br, zstd

[PackageManager] waiting for 12 tasks
    [441.30ms]
Downloaded @rollup/plugin-commonjs versions
[PackageManager] waiting for 12 tasks
< 200 OK
< Date: Sat, 03 Oct 2026 22:24:54 GMT
< Content-Type: application/vnd.npm.install-v1+json
< Transfer-Encoding: chunked
< Connection: keep-alive
< set-cookie: __cf_bm=3kint6FamRIGVTT4bX4q3UN4KIxi.nQbcGlUqNXr8N4-1791066294.0841644-1.0.1.1-EI9r7i0Ok3CSeX2RADINo_8zN9MEvNinWf4j_GfJDE1YdXjV.0sLM7qjSTVRmP8sOq9vKUaR9z7ZVYjr_qddYNaNeUvPytiYoup2vlUPqkQBPS4g9xzTT7pAb5Q76OGU; HttpOnly; SameSite=None; Secure; Path=/; Domain=npmjs.org; Expires=Sat, 03 Oct 2026 22:54:54 GMT
< set-cookie: _cfuvid=_TD50p1Q4hT8hW82tKAmnAEsk2eWR_qmL5EuSGtP130-1791066294.0841644-1.0.1.1-ZZMUNUWKLTbh_kP1o5lm1PnNJvfXsotUkor0vV4t_Bc; HttpOnly; SameSite=None; Secure; Path=/; Domain=npmjs.org
< CF-Ray: a44f5c120834f474-TIA
< CF-Cache-Status: HIT
< ETag: W/"e0ec0bbb20675be8effc01d168c969e7"
< Access-Control-Allow-Origin: *
< Cache-Control: public, max-age=300
< Last-Modified: Thu, 23 Oct 2025 13:30:07 GMT
< Server: cloudflare
< Vary: accept-encoding, accept
< Content-Encoding: br

    [441.44ms]
Downloaded @rollup/plugin-node-resolve versions
< 200 OK
< Date: Sat, 03 Oct 2026 22:24:54 GMT
< Content-Type: application/vnd.npm.install-v1+json
< Transfer-Encoding: chunked
< Connection: keep-alive
< set-cookie: __cf_bm=HJl8RloORRmeinLuQKV1moS6sqenT2O277gCoUe4b18-1791066294.084517-1.0.1.1-TdhiJF9Es5jqYEx2mtmf.Z6EA8bWh3RHNVLKSP7TuZETJJd.ii2CVCvv0Ke_.xrCZ1D6fFxxjG1uLrMJeSIoPorQBMTakeR8s0co1dcfWfSF9vHf4i5cCpzRFoHQlNSH; HttpOnly; SameSite=None; Secure; Path=/; Domain=npmjs.org; Expires=Sat, 03 Oct 2026 22:54:54 GMT
< set-cookie: _cfuvid=mYO3Sw64uAGI5D7rPjTJXFesanVHtTB8aCS8oRT5YPM-1791066294.084517-1.0.1.1-2ow_yT7Lf00RLjWCUbfTRU9I.cu2ALfP3eKjdYNwZ7c; HttpOnly; SameSite=None; Secure; Path=/; Domain=npmjs.org
< CF-Ray: a44f5c120cdf793f-TIA
< CF-Cache-Status: HIT
< ETag: W/"b98a9d2e95f1b193ba55ca07ce9f2717"
< Access-Control-Allow-Origin: *
< Cache-Control: public, max-age=300
< Last-Modified: Wed, 13 Aug 2025 01:03:27 GMT
< Server: cloudflare
< Vary: accept-encoding, accept
< Content-Encoding: br

[PackageManager] waiting for 12 tasks
    [442.38ms]
Downloaded @tscircuit/simple-3d-svg versions
[PackageManager] waiting for 12 tasks
   - "@tscircuit/simple-3d-svg": "^0.0.41" - @tscircuit/simple-3d-svg@0.0.41
Enqueue package manifest for download: fast-xml-parser
> HTTP/1.1 GET https://registry.npmjs.org/fast-xml-parser
> Accept: application/vnd.npm.install-v1+json; q=1.0, application/json; q=0.8, */*
> Connection: keep-alive
> User-Agent: Bun/1.3.9
> Host: registry.npmjs.org
> Accept-Encoding: gzip, deflate, br, zstd

[PackageManager] waiting for 12 tasks
   - "@rollup/plugin-commonjs": "^29.0.0" - @rollup/plugin-commonjs@29.0.3
Enqueue package manifest for download: commondir
Enqueue package manifest for download: estree-walker
Enqueue package manifest for download: is-reference
> HTTP/1.1 GET https://registry.npmjs.org/commondir
> Accept: application/vnd.npm.install-v1+json; q=1.0, application/json; q=0.8, */*
> Connection: keep-alive
> User-Agent: Bun/1.3.9
> Host: registry.npmjs.org
> Accept-Encoding: gzip, deflate, br, zstd

> HTTP/1.1 GET https://registry.npmjs.org/estree-walker
> Accept: application/vnd.npm.install-v1+json; q=1.0, application/json; q=0.8, */*
> Connection: keep-alive
> User-Agent: Bun/1.3.9
> Host: registry.npmjs.org
> Accept-Encoding: gzip, deflate, br, zstd

> HTTP/1.1 GET https://registry.npmjs.org/is-reference
> Accept: application/vnd.npm.install-v1+json; q=1.0, application/json; q=0.8, */*
> Connection: keep-alive
> User-Agent: Bun/1.3.9
> Host: registry.npmjs.org
> Accept-Encoding: gzip, deflate, br, zstd

[PackageManager] waiting for 14 tasks
   - "@rollup/plugin-node-resolve": "^16.0.3" - @rollup/plugin-node-resolve@16.0.3
Enqueue package manifest for download: @types/resolve
Enqueue package manifest for download: deepmerge
Enqueue package manifest for download: is-module
Enqueue package manifest for download: resolve
> HTTP/1.1 GET https://registry.npmjs.org/@types%2fresolve
> Accept: application/vnd.npm.install-v1+json; q=1.0, application/json; q=0.8, */*
> Connection: keep-alive
> User-Agent: Bun/1.3.9
> Host: registry.npmjs.org
> Accept-Encoding: gzip, deflate, br, zstd

> HTTP/1.1 GET https://registry.npmjs.org/deepmerge
> Accept: application/vnd.npm.install-v1+json; q=1.0, application/json; q=0.8, */*
> Connection: keep-alive
> User-Agent: Bun/1.3.9
> Host: registry.npmjs.org
> Accept-Encoding: gzip, deflate, br, zstd

> HTTP/1.1 GET https://registry.npmjs.org/is-module
> Accept: application/vnd.npm.install-v1+json; q=1.0, application/json; q=0.8, */*
> Connection: keep-alive
> User-Agent: Bun/1.3.9
> Host: registry.npmjs.org
> Accept-Encoding: gzip, deflate, br, zstd

> HTTP/1.1 GET https://registry.npmjs.org/resolve
> Accept: application/vnd.npm.install-v1+json; q=1.0, application/json; q=0.8, */*
> Connection: keep-alive
> User-Agent: Bun/1.3.9
> Host: registry.npmjs.org
> Accept-Encoding: gzip, deflate, br, zstd

[PackageManager] waiting for 17 tasks
    [448.82ms]
Downloaded @rollup/plugin-typescript versions
[PackageManager] waiting for 17 tasks
   - "@rollup/plugin-typescript": "^12.3.0" - @rollup/plugin-typescript@12.3.0
< 200 OK
< Date: Sat, 03 Oct 2026 22:24:54 GMT
< Content-Type: application/vnd.npm.install-v1+json
< Transfer-Encoding: chunked
< Connection: keep-alive
< set-cookie: __cf_bm=Hna_Fx5etVEi.TPp3m8qSS6TFoJc5E0MQyzPoVM0XBw-1791066294.3403704-1.0.1.1-8X35wsmCbpaYo6Bx5fF44v8beaVTyQ6dUgCn7J_HqqTDVYrHpu_zxiJuABqmhvG42GJtHX.9.XX.FB5ST6kETVO3Vtp4zY3ZfFfIJkZ9jtOA0QpRe8FsHhDCzGWmq0Pg; HttpOnly; SameSite=None; Secure; Path=/; Domain=npmjs.org; Expires=Sat, 03 Oct 2026 22:54:54 GMT
< set-cookie: _cfuvid=AMM7p_XD3jbKr85dQ8GgCCBnwG2PgO1N_VTIaTX1Auc-1791066294.3403704-1.0.1.1-AIH15T_y0Tnf2p6AQOqz8XYMwevwl3ICPvlD3lrJ7VA; HttpOnly; SameSite=None; Secure; Path=/; Domain=npmjs.org
< CF-Ray: a44f5c139ef55f50-TIA
< CF-Cache-Status: HIT
< ETag: W/"90750df08b50ed7a0070b3a47d4e7d00"
< Access-Control-Allow-Origin: *
< Cache-Control: public, max-age=300
< Last-Modified: Mon, 24 Aug 2026 14:28:24 GMT
< Server: cloudflare
< Vary: accept-encoding, accept
< Content-Encoding: br

[PackageManager] waiting for 16 tasks
    [207.47ms]
Downloaded papaparse versions
[PackageManager] waiting for 16 tasks
   - "papaparse": "^5.4.1" - papaparse@5.7.0
< 200 OK
< Date: Sat, 03 Oct 2026 22:24:54 GMT
< Content-Type: application/vnd.npm.install-v1+json
< Transfer-Encoding: chunked
< Connection: keep-alive
< set-cookie: __cf_bm=xV2moa9KOlMtkrOeoqnRDWSLO.HNmr_PfSgPQnlarfU-1791066294.0841131-1.0.1.1-3HyeEewRNLgLXU7nPxnONZY.uids3AEgSKZhbiIQ6nDCoD56PkRHKoVjhCTavpt2ofzA9VtNxlDVbXwMIWeI67hV2C8brxPOv76ND5gprH0Aq99sL7xGD95fr7OFoh5d; HttpOnly; SameSite=None; Secure; Path=/; Domain=npmjs.org; Expires=Sat, 03 Oct 2026 22:54:54 GMT
< set-cookie: _cfuvid=LQ4qPefLrDPGCNi1_x.OfLjZUvbQCYr3pMwGXEvfsms-1791066294.0841131-1.0.1.1-4yaRrPC6Mue6bMoydlJEZQHabfyIsP9AmePtDDlO8JU; HttpOnly; SameSite=None; Secure; Path=/; Domain=npmjs.org
< CF-Ray: a44f5c120cde793f-TIA
< CF-Cache-Status: REVALIDATED
< ETag: W/"8b4c29b06f30a4297a9a7f4db4e92627"
< Access-Control-Allow-Origin: *
< Cache-Control: public, max-age=300
< Last-Modified: Thu, 20 Aug 2026 00:55:11 GMT
< Server: cloudflare
< Vary: accept-encoding, accept
< Content-Encoding: br

[PackageManager] waiting for 15 tasks
    [535.82ms]
Downloaded @tscircuit/internal-dynamic-import versions
[PackageManager] waiting for 15 tasks
   - "@tscircuit/internal-dynamic-import": "^0.0.11" - @tscircuit/internal-dynamic-import@0.0.11
< 200 OK
< Date: Sat, 03 Oct 2026 22:24:54 GMT
< Content-Type: application/vnd.npm.install-v1+json
< Transfer-Encoding: chunked
< Connection: keep-alive
< set-cookie: __cf_bm=DEmFggjOY4Ks8i5c4HcfRqxCWHyg.wYcdUmjqlClfvc-1791066294.0784507-1.0.1.1-ZdVRB3.sDta.8G8DsXOJEm929Bz0vUrar9ton7ivgFUPUvXTmY.BjcuHUuMh2GSgCv70huD30LFazsjxS5PbJ_OhEtsXkwJc9uVKXa.ocJGgY9DtXvi3kU.WpNMgAaN6; HttpOnly; SameSite=None; Secure; Path=/; Domain=npmjs.org; Expires=Sat, 03 Oct 2026 22:54:54 GMT
< set-cookie: _cfuvid=gZxe85zEg3OJWYB1bl5XV4IqLWDNkvATeDgUZEaWEIU-1791066294.0784507-1.0.1.1-F8KfzwYSHQvtZexJEML_cbOwEecXthW5upAWSSMYXCs; HttpOnly; SameSite=None; Secure; Path=/; Domain=npmjs.org
< CF-Ray: a44f5c11ff869b00-TIA
< CF-Cache-Status: REVALIDATED
< ETag: W/"812c1481e04db16ee3f94170c9eb4b08"
< Access-Control-Allow-Origin: *
< Cache-Control: public, max-age=300
< Last-Modified: Sat, 03 Oct 2026 21:49:03 GMT
< Server: cloudflare
< Vary: accept-encoding, accept
< Content-Encoding: br

< 200 OK
< Date: Sat, 03 Oct 2026 22:24:54 GMT
< Content-Type: application/vnd.npm.install-v1+json
< Transfer-Encoding: chunked
< Connection: keep-alive
< set-cookie: __cf_bm=TUYESLqRGPRb_68fpbbLeOh2Vw8CZV_5IlKUh4TNWHM-1791066294.078489-1.0.1.1-BQNvF.ySGca.KHOvFjWs30ZvUn0JEaU5SrL56NPHpOnocLLqM20lcQL_pxIIUUGcAxTJOwpciSOkdL4HzJGxiT1sQGe5UOUGUnvkH1K8aI1BIaAwyqKdEwT1AUQsefRB; HttpOnly; SameSite=None; Secure; Path=/; Domain=npmjs.org; Expires=Sat, 03 Oct 2026 22:54:54 GMT
< set-cookie: _cfuvid=NN23VpPmFWT00vghW7aQw326PbixcG0xwBYu3lV_dtM-1791066294.078489-1.0.1.1-kjT8KymO59mrmWZPMMOarp01IE8LDzmGj14IeXBuvwI; HttpOnly; SameSite=None; Secure; Path=/; Domain=npmjs.org
< CF-Ray: a44f5c11ff879b00-TIA
< CF-Cache-Status: REVALIDATED
< ETag: W/"2ebbce2880291cb0b3e4cc9bcefc5a5b"
< Access-Control-Allow-Origin: *
< Cache-Control: public, max-age=300
< Last-Modified: Sat, 03 Oct 2026 02:30:11 GMT
< Server: cloudflare
< Vary: accept-encoding, accept
< Content-Encoding: br

[PackageManager] waiting for 14 tasks
    [563.51ms]
Downloaded @tscircuit/eval versions
[PackageManager] waiting for 14 tasks
    [579.27ms]
Downloaded @tscircuit/cli versions
< 200 OK
< Date: Sat, 03 Oct 2026 22:24:54 GMT
< Content-Type: application/vnd.npm.install-v1+json
< Transfer-Encoding: chunked
< Connection: keep-alive
< set-cookie: __cf_bm=Y903n9WUeO5qYlCCuyySAt3fuA9FXShPYtsImKzlLzo-1791066294.0839865-1.0.1.1-zik3YFdolWad6miM5FsCBaBI3JJFDQcOK6HJkXlLMSpLmfo5JuU4dILvlne0wpPwu9ng5Br_QS6cVVjIz6B8ueCjFBMkLyhI825ZpMUUXN1oFDdIflL6a6r7ynAgWz9G; HttpOnly; SameSite=None; Secure; Path=/; Domain=npmjs.org; Expires=Sat, 03 Oct 2026 22:54:54 GMT
< set-cookie: _cfuvid=UjacT6OgHiPukWmzWhDh_3J_kNnrByawSyaCpmMQNJg-1791066294.0839865-1.0.1.1-P9_jFMGr_l3QTLG2KvR6Ookn4bolClwPM28POsd546U; HttpOnly; SameSite=None; Secure; Path=/; Domain=npmjs.org
< CF-Ray: a44f5c120a657c08-TIA
< CF-Cache-Status: REVALIDATED
< ETag: W/"c73ad7943c23e16e9782cefd3d167c71"
< Access-Control-Allow-Origin: *
< Cache-Control: public, max-age=300
< Last-Modified: Sat, 03 Oct 2026 21:01:29 GMT
< Server: cloudflare
< Vary: accept-encoding, accept
< Content-Encoding: br

[PackageManager] waiting for 14 tasks
   - "@tscircuit/eval": "^0.0.1522" - @tscircuit/eval@0.0.1522
< 200 OK
< Date: Sat, 03 Oct 2026 22:24:54 GMT
< Content-Type: application/vnd.npm.install-v1+json
< Transfer-Encoding: chunked
< Connection: keep-alive
< set-cookie: __cf_bm=3w6KK8tTS._SR2ntpP4hGe_o4YvWm3oSWKFbJInDaI8-1791066294.2938917-1.0.1.1-Xb3arzQZpeht2J1qnXOmCnUxUJeJnGI0iKueWKn1S4pnYUuW20F0pXWG1MuumXWbo2ifnq0arIkogMRxSMQaoT54xpYtKsb.ACZvk7b4WV2X_UP_krjIcrx.5eLyEWpC; HttpOnly; SameSite=None; Secure; Path=/; Domain=npmjs.org; Expires=Sat, 03 Oct 2026 22:54:54 GMT
< set-cookie: _cfuvid=hKkHB3mKqoQzG_xJwIQFmXMGM0aIDLBHuJrq5mb.pUU-1791066294.2938917-1.0.1.1-nGLUwY9enjPtlWj_DlX3NeBp7WVDH.6wTrYPlSHg_bM; HttpOnly; SameSite=None; Secure; Path=/; Domain=npmjs.org
< CF-Ray: a44f5c135bb07c08-TIA
< CF-Cache-Status: HIT
< ETag: W/"17baac4a5a693bbf2194f0e0cc234178"
< Access-Control-Allow-Origin: *
< Cache-Control: public, max-age=300
< Last-Modified: Fri, 18 Sep 2026 13:47:37 GMT
< Server: cloudflare
< Vary: accept-encoding, accept
< Content-Encoding: br

[PackageManager] waiting for 13 tasks
    [394.97ms]
Downloaded @babel/code-frame versions
[PackageManager] waiting for 13 tasks
   - "@babel/code-frame": "^8.0.0" - @babel/code-frame@8.0.6
   - "js-tokens": "^10.0.0" - js-tokens@10.0.0
Enqueue package manifest for download: @babel/helper-validator-identifier
> HTTP/1.1 GET https://registry.npmjs.org/@babel%2fhelper-validator-identifier
> Accept: application/vnd.npm.install-v1+json; q=1.0, application/json; q=0.8, */*
> Connection: keep-alive
> User-Agent: Bun/1.3.9
> Host: registry.npmjs.org
> Accept-Encoding: gzip, deflate, br, zstd

[PackageManager] waiting for 13 tasks
    [615.98ms]
Downloaded @tscircuit/runframe versions
[PackageManager] waiting for 13 tasks
   - "@tscircuit/cli": "^0.1.2235" - @tscircuit/cli@0.1.2237
< 200 OK
< Date: Sat, 03 Oct 2026 22:24:54 GMT
< Content-Type: application/vnd.npm.install-v1+json
< Transfer-Encoding: chunked
< Connection: keep-alive
< set-cookie: __cf_bm=YW2kT5pXIXaz23lYFjcDzxURfcDzeYREwvrgbZsgihE-1791066294.5261853-1.0.1.1-XfwNOYfLh6OR9dE7gB9gs0Tecvoh4ml0AgFffbc12JtFpgaaZEx.ePlrrztnbweNI3xgauDTzOPLGS170T1F6wNJBTOSDqc0nGfaNmtVP6w5S_k3hxr_S.AM2bqfAKwg; HttpOnly; SameSite=None; Secure; Path=/; Domain=npmjs.org; Expires=Sat, 03 Oct 2026 22:54:54 GMT
< set-cookie: _cfuvid=2OSOz_X10FvxDFjMozQzwgvM5wi3KN9QtKH8dwG6ydQ-1791066294.5261853-1.0.1.1-8YsFLzvd8RflAPrTDJzn7f2o6EoPOfjW7s5iKL67PTI; HttpOnly; SameSite=None; Secure; Path=/; Domain=npmjs.org
< CF-Ray: a44f5c14cd417c08-TIA
< CF-Cache-Status: HIT
< ETag: W/"2ba407ef3c81b7e138c1231a2133a293"
< Access-Control-Allow-Origin: *
< Cache-Control: public, max-age=300
< Last-Modified: Thu, 16 Mar 2023 22:58:57 GMT
< Server: cloudflare
< Vary: accept-encoding, accept
< Content-Encoding: br

< 200 OK
< Date: Sat, 03 Oct 2026 22:24:54 GMT
< Content-Type: application/vnd.npm.install-v1+json
< Transfer-Encoding: chunked
< Connection: keep-alive
< set-cookie: __cf_bm=3IyyL5KovGTxtQNTkjLIN5ZJjxS5o3t5e0PU6KD0mas-1791066294.526453-1.0.1.1-H0V7unb_JgmokQ0O1bCHaao9j6GQ5iwHLKjd4dxkoAVvtk.23yOwAa_xFx8FF6_ayiduv4RlHaCJqx0s_pATtV0wAID3o0MXat0.kChCAyQHw7zRhlxSVcXyB2psCnat; HttpOnly; SameSite=None; Secure; Path=/; Domain=npmjs.org; Expires=Sat, 03 Oct 2026 22:54:54 GMT
< set-cookie: _cfuvid=N95ztTGkHwd0x0.3P0viorBdpGf2.JMzBgX0pFRIow8-1791066294.526453-1.0.1.1-9pWtIO2OIVduZiHfLPQkQZfwRj9o_PRBuwEWi6KwlUI; HttpOnly; SameSite=None; Secure; Path=/; Domain=npmjs.org
< CF-Ray: a44f5c14cb39bd99-TIA
< CF-Cache-Status: HIT
< ETag: W/"ed0c3d6a055f20e1a0767d964224bba9"
< Access-Control-Allow-Origin: *
< Cache-Control: public, max-age=300
< Last-Modified: Tue, 12 Nov 2024 14:51:45 GMT
< Server: cloudflare
< Vary: accept-encoding, accept
< Content-Encoding: br

[PackageManager] waiting for 12 tasks
< 200 OK
< Date: Sat, 03 Oct 2026 22:24:54 GMT
< Content-Type: application/vnd.npm.install-v1+json
< Transfer-Encoding: chunked
< Connection: keep-alive
< set-cookie: __cf_bm=580yPtr27wSdvVHDXyPFH67WXO1LrYOfF6Gw7FvtZQQ-1791066294.5261848-1.0.1.1-MnazVog_J3f0tBxjEM.nRJP92Ae.j53YUVOqavCVrf1ozK7dWGPpRqxS0GtLe2LWLzTICZAJrvmwftlxBm_DvvURM5TKO3m6fnmghBhQVpxooQINinVuMshFAlcdCWFS; HttpOnly; SameSite=None; Secure; Path=/; Domain=npmjs.org; Expires=Sat, 03 Oct 2026 22:54:54 GMT
< set-cookie: _cfuvid=Ayf0TMt9fGeFG7nVBRk3tpflnSsRt_dvkkD5weTMvU8-1791066294.5261848-1.0.1.1-ZoqhmH2J2B_zOL9gY8RqVfifJlKmSIW1xO.VEgulIEM; HttpOnly; SameSite=None; Secure; Path=/; Domain=npmjs.org
< CF-Ray: a44f5c14c8375f50-TIA
< CF-Cache-Status: HIT
< ETag: W/"775586db6485685196e23cc5323bc25a"
< Access-Control-Allow-Origin: *
< Cache-Control: public, max-age=300
< Last-Modified: Sun, 09 Jul 2023 22:05:08 GMT
< Server: cloudflare
< Vary: accept-encoding, accept
< Content-Encoding: br

    [199.00ms]
Downloaded deepmerge versions
[PackageManager] waiting for 12 tasks
    [200.51ms]
Downloaded estree-walker versions
[PackageManager] waiting for 12 tasks
   - "deepmerge": "^4.2.2" - deepmerge@4.3.1
   - "estree-walker": "^2.0.2" - estree-walker@2.0.2
[PackageManager] waiting for 10 tasks
[PackageManager] waiting for 10 tasks
< 200 OK
< Date: Sat, 03 Oct 2026 22:24:54 GMT
< Content-Type: application/vnd.npm.install-v1+json
< Transfer-Encoding: chunked
< Connection: keep-alive
< set-cookie: __cf_bm=Qa0opt.dCoJKxmf3yZHLOX2PhyXtvzcOL2tz.zjh7No-1791066294.5262098-1.0.1.1-gcjWNAEeRgwrsm53dd_KCxvsGbjOCmdoLSzoa4zkGGFLpqo_fC0mtrIbfE0P5oA9.GZU70o26p8oeOEfk4zFIC8LJDGigl8tjlVslw6Fxi9CDPdW21wFyD93s6BzBmWQ; HttpOnly; SameSite=None; Secure; Path=/; Domain=npmjs.org; Expires=Sat, 03 Oct 2026 22:54:54 GMT
< set-cookie: _cfuvid=bKhQmrhqSBPnHufwxPpo9frHQMSuhF1rcxcTXLgOORc-1791066294.5262098-1.0.1.1-9ADAWQ2XV9sp.c8STadimDNdtqLvEakyG3xijnRLwWE; HttpOnly; SameSite=None; Secure; Path=/; Domain=npmjs.org
< CF-Ray: a44f5c14c8365f50-TIA
< CF-Cache-Status: HIT
< ETag: W/"97aa940f88d16f3d7d7a532ee3c441f2"
< Access-Control-Allow-Origin: *
< Cache-Control: public, max-age=300
< Last-Modified: Fri, 11 Nov 2022 06:34:05 GMT
< Server: cloudflare
< Vary: accept-encoding, accept
< Content-Encoding: br

    [201.38ms]
Downloaded is-reference versions
[PackageManager] waiting for 10 tasks
    [201.65ms]
Downloaded commondir versions
< 200 OK
< Date: Sat, 03 Oct 2026 22:24:54 GMT
< Content-Type: application/vnd.npm.install-v1+json
< Transfer-Encoding: chunked
< Connection: keep-alive
< set-cookie: __cf_bm=ZzTxUP9SXjNrqZEpZ7OAOXfwc6Eeetk.XAL24Md6Gn8-1791066294.5289733-1.0.1.1-vfDCZouhCnvPa4aVjCcsZp1h5Ota4eDhH4lSBirYYeaZ9hNPz3LPjN6JzVHBP2oo5.d4ClN6RSvq0fvfVGdEbeiiJ8Xh89jXMBLt0x7bmdbeF.1GdIa7zVW9lwmt1sZc; HttpOnly; SameSite=None; Secure; Path=/; Domain=npmjs.org; Expires=Sat, 03 Oct 2026 22:54:54 GMT
< set-cookie: _cfuvid=ZTMYMD6CTFXBXZ1onNprB8VmW1F7oHAMRC0J.i1CoTs-1791066294.5289733-1.0.1.1-eTOTLszSorBFuNkcxGXp2ZiffmRn.CuW1Xx7sOM.dPg; HttpOnly; SameSite=None; Secure; Path=/; Domain=npmjs.org
< CF-Ray: a44f5c14cee4793f-TIA
< CF-Cache-Status: HIT
< ETag: W/"b7edf07386e0e07479ff25831e610a61"
< Access-Control-Allow-Origin: *
< Cache-Control: public, max-age=300
< Last-Modified: Sun, 19 Jun 2022 02:45:38 GMT
< Server: cloudflare
< Vary: accept-encoding, accept
< Content-Encoding: br

[PackageManager] waiting for 10 tasks
    [200.28ms]
Downloaded is-module versions
[PackageManager] waiting for 10 tasks
< 200 OK
< Date: Sat, 03 Oct 2026 22:24:54 GMT
< Content-Type: application/vnd.npm.install-v1+json
< Transfer-Encoding: chunked
< Connection: keep-alive
< set-cookie: __cf_bm=1jxHxqfM5dqqocyiEXsRwXTXAb3pLS2ncYaLDAu9k0w-1791066294.526411-1.0.1.1-zP0Oeb1rfkEs4aZRl5dMFI3eFlHVwy9e7.DA2P0IyhtFNyX56hdzs6Eg3XjcvWQQETmRKU9_f1eP6wR7e.2ELmN8YoRC7.De1.oJrY41Ad2DcT1dm1x_.1gJSSbaSnzG; HttpOnly; SameSite=None; Secure; Path=/; Domain=npmjs.org; Expires=Sat, 03 Oct 2026 22:54:54 GMT
< set-cookie: _cfuvid=EJ8tvATqDN5JjXSO_sN_lgkdCHqX_dbuXl5B.nqgkL0-1791066294.526411-1.0.1.1-inXJsX5yPn5.vhPp1jfDPSWjzbdCsJQRKzImcsULp84; HttpOnly; SameSite=None; Secure; Path=/; Domain=npmjs.org
< CF-Ray: a44f5c14cd427c08-TIA
< CF-Cache-Status: HIT
< ETag: W/"c2806c0740a0089f938b0bb82adc70c0"
< Access-Control-Allow-Origin: *
< Cache-Control: public, max-age=300
< Last-Modified: Fri, 15 May 2026 20:12:09 GMT
< Server: cloudflare
< Vary: accept-encoding, accept
< Content-Encoding: br

   - "commondir": "^1.0.1" - commondir@1.0.1
[PackageManager] waiting for 9 tasks
   - "is-module": "^1.0.0" - is-module@1.0.0
[PackageManager] waiting for 8 tasks
   - "is-reference": "1.2.1" - is-reference@1.2.1
< 200 OK
< Date: Sat, 03 Oct 2026 22:24:54 GMT
< Content-Type: application/vnd.npm.install-v1+json
< Transfer-Encoding: chunked
< Connection: keep-alive
< set-cookie: __cf_bm=x17e7l4WKdaJboKlm_I1Fdex3sUZk5GACNjQsQ7yj3s-1791066294.5263696-1.0.1.1-pOTvQ2Kv.t3Yjsgn.6mdbT3tmUVsgg9Bdrgj10Ume6uW0LeI3kbFGP01j72BZy98LQaH256vx7lBAn0e7DzhqrbpQpdSvK9GuEgSiJ6EZ8_P.v0bHOEp7ZvfNiy5SB6F; HttpOnly; SameSite=None; Secure; Path=/; Domain=npmjs.org; Expires=Sat, 03 Oct 2026 22:54:54 GMT
< set-cookie: _cfuvid=JvnxJlTLSYJF5xtGfYF56UsoKuyUKdy1BmI0Bp8VZgw-1791066294.5263696-1.0.1.1-ZDuNIvn.5RDQkLd2W6NLW1szK1aDGm1h3IvJTMllx7g; HttpOnly; SameSite=None; Secure; Path=/; Domain=npmjs.org
< CF-Ray: a44f5c14c8385f50-TIA
< CF-Cache-Status: HIT
< ETag: W/"8e67857d8609b0fb21dbb9f96abc94de"
< Access-Control-Allow-Origin: *
< Cache-Control: public, max-age=300
< Last-Modified: Tue, 29 Sep 2026 04:45:34 GMT
< Server: cloudflare
< Vary: accept-encoding, accept
< Content-Encoding: br

[PackageManager] waiting for 7 tasks
    [202.53ms]
Downloaded resolve versions
[PackageManager] waiting for 7 tasks
   - "resolve": "^1.22.1" - resolve@1.22.12
Enqueue package manifest for download: es-errors
Enqueue package manifest for download: path-parse
Enqueue package manifest for download: is-core-module
Enqueue package manifest for download: supports-preserve-symlinks-flag
> HTTP/1.1 GET https://registry.npmjs.org/es-errors
> Accept: application/vnd.npm.install-v1+json; q=1.0, application/json; q=0.8, */*
> Connection: keep-alive
> User-Agent: Bun/1.3.9
> Host: registry.npmjs.org
> Accept-Encoding: gzip, deflate, br, zstd

> HTTP/1.1 GET https://registry.npmjs.org/path-parse
> Accept: application/vnd.npm.install-v1+json; q=1.0, application/json; q=0.8, */*
> Connection: keep-alive
> User-Agent: Bun/1.3.9
> Host: registry.npmjs.org
> Accept-Encoding: gzip, deflate, br, zstd

> HTTP/1.1 GET https://registry.npmjs.org/is-core-module
> Accept: application/vnd.npm.install-v1+json; q=1.0, application/json; q=0.8, */*
> Connection: keep-alive
> User-Agent: Bun/1.3.9
> Host: registry.npmjs.org
> Accept-Encoding: gzip, deflate, br, zstd

> HTTP/1.1 GET https://registry.npmjs.org/supports-preserve-symlinks-flag
> Accept: application/vnd.npm.install-v1+json; q=1.0, application/json; q=0.8, */*
> Connection: keep-alive
> User-Agent: Bun/1.3.9
> Host: registry.npmjs.org
> Accept-Encoding: gzip, deflate, br, zstd

< 200 OK
< Date: Sat, 03 Oct 2026 22:24:54 GMT
< Content-Type: application/vnd.npm.install-v1+json
< Transfer-Encoding: chunked
< Connection: keep-alive
< set-cookie: __cf_bm=jq2jFTjX_henBwNQhYYmFQ4paSrUSbSv69LC9OP6m98-1791066294.2935896-1.0.1.1-3WaECGjqiOaW_kwMuk.bVGhxK2sC4QLkUtO7VBwI33iGiIrdo9IIOq4nmCj6MaUTzBdZi.52a6fRtVG9XKYJP44GBf_mHZ0SvwfxSIKYIsaIFVS0Nu4_wBv1zIyP3hW6; HttpOnly; SameSite=None; Secure; Path=/; Domain=npmjs.org; Expires=Sat, 03 Oct 2026 22:54:54 GMT
< set-cookie: _cfuvid=dTIbwcJ19LAY2zsv2YQ82w20YTb3Xzp5qJ0FzNZgOGU-1791066294.2935896-1.0.1.1-VC7x7ZHEvMZG57Jg9zHb4TthuQZgCfPOC.mItselt2A; HttpOnly; SameSite=None; Secure; Path=/; Domain=npmjs.org
< CF-Ray: a44f5c135bae7c08-TIA
< CF-Cache-Status: HIT
< ETag: W/"ee3c904ac269250eb1a364cdfc13ed93"
< Access-Control-Allow-Origin: *
< Cache-Control: public, max-age=300
< Last-Modified: Tue, 12 Aug 2025 06:43:36 GMT
< Server: cloudflare
< Vary: accept-encoding, accept
< Content-Encoding: br

[PackageManager] waiting for 10 tasks
    [442.74ms]
Downloaded @jridgewell/remapping versions
[PackageManager] waiting for 10 tasks
   - "@jridgewell/remapping": "^2.3.5" - @jridgewell/remapping@2.3.5
[PackageManager] waiting for 9 tasks
    [220.35ms]
Downloaded fast-xml-parser versions
[PackageManager] waiting for 9 tasks
   - "@tscircuit/runframe": "^0.0.2887" - @tscircuit/runframe@0.0.2887
   - "@tscircuit/core": "^0.0.1911" - @tscircuit/core@0.0.1911
   - "@tscircuit/eval": "0.0.1521" - @tscircuit/eval@0.0.1521
[PackageManager] waiting for 8 tasks
   - "fast-xml-parser": "^5.2.5" - fast-xml-parser@5.11.2
Enqueue package manifest for download: strnum
Enqueue package manifest for download: is-unsafe
Enqueue package manifest for download: xml-naming
Enqueue package manifest for download: fast-xml-builder
Enqueue package manifest for download: @nodable/entities
Enqueue package manifest for download: path-expression-matcher
> HTTP/1.1 GET https://registry.npmjs.org/strnum
> Accept: application/vnd.npm.install-v1+json; q=1.0, application/json; q=0.8, */*
> Connection: keep-alive
> User-Agent: Bun/1.3.9
> Host: registry.npmjs.org
> Accept-Encoding: gzip, deflate, br, zstd

> HTTP/1.1 GET https://registry.npmjs.org/is-unsafe
> Accept: application/vnd.npm.install-v1+json; q=1.0, application/json; q=0.8, */*
> Connection: keep-alive
> User-Agent: Bun/1.3.9
> Host: registry.npmjs.org
> Accept-Encoding: gzip, deflate, br, zstd

> HTTP/1.1 GET https://registry.npmjs.org/xml-naming
> Accept: application/vnd.npm.install-v1+json; q=1.0, application/json; q=0.8, */*
> Connection: keep-alive
> User-Agent: Bun/1.3.9
> Host: registry.npmjs.org
> Accept-Encoding: gzip, deflate, br, zstd

> HTTP/1.1 GET https://registry.npmjs.org/fast-xml-builder
> Accept: application/vnd.npm.install-v1+json; q=1.0, application/json; q=0.8, */*
> Connection: keep-alive
> User-Agent: Bun/1.3.9
> Host: registry.npmjs.org
> Accept-Encoding: gzip, deflate, br, zstd

> HTTP/1.1 GET https://registry.npmjs.org/@nodable%2fentities
> Accept: application/vnd.npm.install-v1+json; q=1.0, application/json; q=0.8, */*
> Connection: keep-alive
> User-Agent: Bun/1.3.9
> Host: registry.npmjs.org
> Accept-Encoding: gzip, deflate, br, zstd

> HTTP/1.1 GET https://registry.npmjs.org/path-expression-matcher
> Accept: application/vnd.npm.install-v1+json; q=1.0, application/json; q=0.8, */*
> Connection: keep-alive
> User-Agent: Bun/1.3.9
> Host: registry.npmjs.org
> Accept-Encoding: gzip, deflate, br, zstd

< 200 OK
< Date: Sat, 03 Oct 2026 22:24:54 GMT
< Content-Type: application/vnd.npm.install-v1+json
< Transfer-Encoding: chunked
< Connection: keep-alive
< set-cookie: __cf_bm=2upuy1h4JrvSGFgBaDN4Pqsyfip14JtunxMdkttrdwM-1791066294.526291-1.0.1.1-i2RxpryI.nBHHFQVNQaNhjswu_mPbsXMkfs46cxPCod3S9CZWaOkmO2fxY9etXcev8kfkmrynL3pncLz5c_MLUehnXv9Hi_fwgLBBSwTSwbw3R.XRozKaPMZWPybwWtX; HttpOnly; SameSite=None; Secure; Path=/; Domain=npmjs.org; Expires=Sat, 03 Oct 2026 22:54:54 GMT
< set-cookie: _cfuvid=jSiOBkaX0GxPG.1Mnv1VmPYlYNIfUaSnIAtCL0I4ydY-1791066294.526291-1.0.1.1-M1XZsj4PVsyuguquX4789.iKjbDZTy1Q5dI94jaz5Ao; HttpOnly; SameSite=None; Secure; Path=/; Domain=npmjs.org
< CF-Ray: a44f5c14ce92a5b3-TIA
< CF-Cache-Status: HIT
< ETag: W/"5ce783b5de1399fd426b20fda2e85c96"
< Access-Control-Allow-Origin: *
< Cache-Control: public, max-age=300
< Last-Modified: Sun, 03 Aug 2025 07:42:09 GMT
< Server: cloudflare
< Vary: accept-encoding, accept
< Content-Encoding: br

[PackageManager] waiting for 13 tasks
    [468.29ms]
Downloaded @types/resolve versions
[PackageManager] waiting for 13 tasks
   - "@types/resolve": "1.20.2" - @types/resolve@1.20.2
< 200 OK
< Date: Sat, 03 Oct 2026 22:24:54 GMT
< Content-Type: application/vnd.npm.install-v1+json
< Transfer-Encoding: chunked
< Connection: keep-alive
< set-cookie: __cf_bm=R3eLgQtQW.hTsI2wTiy55fz8Sl.FO7TM0U2GoSv2hOE-1791066294.7298913-1.0.1.1-73kST2ozJM9_Ej1EoPGxcmzaXiMLoQBteMXK.WNtdlBvfigP1a7P.AHWl0NK.0qD1vmayzYkONLYOshBX714OWGtozG8A7P0fOmfNbkDv9y5uWvWG.az9gBxWU9AJVnL; HttpOnly; SameSite=None; Secure; Path=/; Domain=npmjs.org; Expires=Sat, 03 Oct 2026 22:54:54 GMT
< set-cookie: _cfuvid=qD.UKoLcNH7w6IayQ4A5MPMyPcwea_FEdntD1tGAiNc-1791066294.7298913-1.0.1.1-g6hEbfSSVbG53ovg1cVfHjtdhuR5_PSB6Tmsx795cH8; HttpOnly; SameSite=None; Secure; Path=/; Domain=npmjs.org
< CF-Ray: a44f5c160e907c08-TIA
< CF-Cache-Status: HIT
< ETag: W/"b9ad5d645678e00d1e4827959ddbd429"
< Access-Control-Allow-Origin: *
< Cache-Control: public, max-age=300
< Last-Modified: Mon, 05 Feb 2024 08:05:52 GMT
< Server: cloudflare
< Vary: accept-encoding, accept
< Content-Encoding: br

< 200 OK
< Date: Sat, 03 Oct 2026 22:24:54 GMT
< Content-Type: application/vnd.npm.install-v1+json
< Transfer-Encoding: chunked
< Connection: keep-alive
< set-cookie: __cf_bm=n9t13reFo0s1gLdX2FYkSq7073uKmXP.e8sUhVbmpUQ-1791066294.7301648-1.0.1.1-8LSSfkqQiibTxxGnkgeXwhO2Lblf8JZOwvDgtDwoGMJMafefT9uUgsCvxy3jaLMDz5bjkQHF4wbkQwy7NfBrDhaDPJMNxa2P89rJ7BAlqN6m_3iJxSVeMvSTRVmqUXhh; HttpOnly; SameSite=None; Secure; Path=/; Domain=npmjs.org; Expires=Sat, 03 Oct 2026 22:54:54 GMT
< set-cookie: _cfuvid=MOuV9kUQOQpXTzJFHLCYek3dUlPe12O_jQNCtaP4ngA-1791066294.7301648-1.0.1.1-JzZJNfYgo1aaJRg5Ou1usq5CRV6.rHFxPRczp12UpGM; HttpOnly; SameSite=None; Secure; Path=/; Domain=npmjs.org
< CF-Ray: a44f5c1609435f50-TIA
< CF-Cache-Status: HIT
< ETag: W/"1eee5cb48de05dfdcab9cc48dd392bd7"
< Access-Control-Allow-Origin: *
< Cache-Control: public, max-age=300
< Last-Modified: Thu, 23 Jun 2022 14:38:14 GMT
< Server: cloudflare
< Vary: accept-encoding, accept
< Content-Encoding: br

[PackageManager] waiting for 12 tasks
< 200 OK
< Date: Sat, 03 Oct 2026 22:24:54 GMT
< Content-Type: application/vnd.npm.install-v1+json
< Transfer-Encoding: chunked
< Connection: keep-alive
< set-cookie: __cf_bm=lI6vfCL6Oi5Sm2PrydLqnjLzSiijyBA_ayR.ICh.KpI-1791066294.7298515-1.0.1.1-yCBL9Z7dFGH224NV1HGGZasUhjctdPQJ5kvkWLckQFSC6PAsN1Oj.aogEuMM.TBCkycZMXlLtWoEtlnAfc2iP4QXJJp_wVC3eYysWlJElTYw4X58AOr2MNn8zYsRJM3R; HttpOnly; SameSite=None; Secure; Path=/; Domain=npmjs.org; Expires=Sat, 03 Oct 2026 22:54:54 GMT
< set-cookie: _cfuvid=bWHdu.Q5ZDGwvpeH2PlR.mGOOZvo61vRhohql8aa2.s-1791066294.7298515-1.0.1.1-hacY2oRDTiXyLYXrxwnDDV856Sf8qGAbiTzusHlKEZc; HttpOnly; SameSite=None; Secure; Path=/; Domain=npmjs.org
< CF-Ray: a44f5c160bc29b00-TIA
< CF-Cache-Status: HIT
< ETag: W/"f0c48805f74c670063bb468fd8df07fd"
< Access-Control-Allow-Origin: *
< Cache-Control: public, max-age=300
< Last-Modified: Thu, 19 May 2022 01:59:55 GMT
< Server: cloudflare
< Vary: accept-encoding, accept
< Content-Encoding: br

    [266.01ms]
Downloaded es-errors versions
    [265.93ms]
Downloaded path-parse versions
[PackageManager] waiting for 12 tasks
    [266.01ms]
Downloaded supports-preserve-symlinks-flag versions
[PackageManager] waiting for 12 tasks
   - "supports-preserve-symlinks-flag": "^1.0.0" - supports-preserve-symlinks-flag@1.0.0
< 200 OK
< Date: Sat, 03 Oct 2026 22:24:54 GMT
< Content-Type: application/vnd.npm.install-v1+json
< Transfer-Encoding: chunked
< Connection: keep-alive
< set-cookie: __cf_bm=ewf_.iV86q2BCmCKRI69a47nadroKEkr_sS1ds6Xjjk-1791066294.7298975-1.0.1.1-aV7xxHXwu0KXEqoR2nlPgqhSDnJNS43TAjv3EIfH4uLMEsInhATYd.8ia62s9lxIK6K725aW8jIOwPahzPQopceKPliF801bRce4hUinRoTBNPmpPg.niremYTIRxCx9; HttpOnly; SameSite=None; Secure; Path=/; Domain=npmjs.org; Expires=Sat, 03 Oct 2026 22:54:54 GMT
< set-cookie: _cfuvid=CtQgdijYMiZmM_tkodTbwPdUOqYeJ4tQ4yqcQlDD6Y0-1791066294.7298975-1.0.1.1-uo1gva7IiAafPqG47Pl_g80C6CS5SCwuhpwsPu8EvTQ; HttpOnly; SameSite=None; Secure; Path=/; Domain=npmjs.org
< CF-Ray: a44f5c160fc7793f-TIA
< CF-Cache-Status: HIT
< ETag: W/"57f7cf506cac66307874066f19fc301d"
< Access-Control-Allow-Origin: *
< Cache-Control: public, max-age=300
< Last-Modified: Thu, 17 Sep 2026 04:34:27 GMT
< Server: cloudflare
< Vary: accept-encoding, accept
< Content-Encoding: br

[PackageManager] waiting for 11 tasks
< 200 OK
< Date: Sat, 03 Oct 2026 22:24:54 GMT
< Content-Type: application/vnd.npm.install-v1+json
< Transfer-Encoding: chunked
< Connection: keep-alive
< set-cookie: __cf_bm=IfdznkR1B9zlqs7_O4R.oOkRiMAFW.hEoZX2ZCB651M-1791066294.7473896-1.0.1.1-ZPjU53YzndlTWywd20Wn91oHVkmK3GKZwtsM2A5GDZBWd4dae.4xGcF5x4La0uXQAMgz9w8td1J1rrFJDFSqyDkY4qVu37CW5wwb6cX_KQ2QQ24DGj6x5DONzl8y3tcT; HttpOnly; SameSite=None; Secure; Path=/; Domain=npmjs.org; Expires=Sat, 03 Oct 2026 22:54:54 GMT
< set-cookie: _cfuvid=CkM9XE9u48JdPUtrybVXPgC9uYinUNb6fwSbjypKJ7k-1791066294.7473896-1.0.1.1-om7JXvsgdHHBj7nzaFY.ZogybISYaxIsU_aybh6Eibo; HttpOnly; SameSite=None; Secure; Path=/; Domain=npmjs.org
< CF-Ray: a44f5c1629575f50-TIA
< CF-Cache-Status: HIT
< ETag: W/"44056b1955521f67afec9c053bad7e40"
< Access-Control-Allow-Origin: *
< Cache-Control: public, max-age=300
< Last-Modified: Wed, 08 Jul 2026 09:46:13 GMT
< Server: cloudflare
< Vary: accept-encoding, accept
< Content-Encoding: br

< 200 OK
< Date: Sat, 03 Oct 2026 22:24:54 GMT
< Content-Type: application/vnd.npm.install-v1+json
< Transfer-Encoding: chunked
< Connection: keep-alive
< set-cookie: __cf_bm=FhyWMp9JqTR9t4VfJPq1sto5D5E37pYavMT7klTNd8Y-1791066294.7475157-1.0.1.1-mw8jcKa1NrAjy6oULNK4bL7cqHQNquh4nA9gFOFodLfyo37xkaqGMifB6JQ4n6_jOIklU0qMHUPjb2p4APaXbh5nunSXx59i1_nXmhx.gfpc6pN.GW41JXvdIqjGpg7z; HttpOnly; SameSite=None; Secure; Path=/; Domain=npmjs.org; Expires=Sat, 03 Oct 2026 22:54:54 GMT
< set-cookie: _cfuvid=eZHULa.BmdvXu0Xp7IGYGatbMQTJVp9S0ZdyMuNfNYc-1791066294.7475157-1.0.1.1-L8vxYwG9yfYELE02QVG2sutQQBwac1Xwk3dtIVs3s4U; HttpOnly; SameSite=None; Secure; Path=/; Domain=npmjs.org
< CF-Ray: a44f5c1629565f50-TIA
< CF-Cache-Status: HIT
< ETag: W/"99d9dae226be6020ead4d17d6c8f0a65"
< Access-Control-Allow-Origin: *
< Cache-Control: public, max-age=300
< Last-Modified: Wed, 19 Aug 2026 12:35:22 GMT
< Server: cloudflare
< Vary: accept-encoding, accept
< Content-Encoding: br

   - "path-parse": "^1.0.7" - path-parse@1.0.7
< 200 OK
< Date: Sat, 03 Oct 2026 22:24:54 GMT
< Content-Type: application/vnd.npm.install-v1+json
< Transfer-Encoding: chunked
< Connection: keep-alive
< set-cookie: __cf_bm=4j8P7bIChp98IC8ahocnW0IUOA4Uz.FypMvQ8tv3I_g-1791066294.7477403-1.0.1.1-.iaS1VvNMTnn7HIEjF.dOwfnS0ECkthekyMrb169QSBIeSMJuNmN8Nb7_7QeUh0zaetjD0nzjZsu_Th12mWudYxDzZLW75QOuEI1VsBaQA5OCYnLz9v_uMQzNFPuVeY_; HttpOnly; SameSite=None; Secure; Path=/; Domain=npmjs.org; Expires=Sat, 03 Oct 2026 22:54:54 GMT
< set-cookie: _cfuvid=GnI7j4YzmL3PlYZBADIKdHajlV32Kpl7FEzWVqs178I-1791066294.7477403-1.0.1.1-nRck6FpPIStg5dqcoaCae6ySTwwP425Bduu0TOTtEs8; HttpOnly; SameSite=None; Secure; Path=/; Domain=npmjs.org
< CF-Ray: a44f5c162bd99b00-TIA
< CF-Cache-Status: HIT
< ETag: W/"5a9cebecfadee84784665a0e91182848"
< Access-Control-Allow-Origin: *
< Cache-Control: public, max-age=300
< Last-Modified: Thu, 02 Jul 2026 08:05:57 GMT
< Server: cloudflare
< Vary: accept-encoding, accept
< Content-Encoding: br

[PackageManager] waiting for 10 tasks
    [266.36ms]
Downloaded is-core-module versions
< 200 OK
< Date: Sat, 03 Oct 2026 22:24:54 GMT
< Content-Type: application/vnd.npm.install-v1+json
< Transfer-Encoding: chunked
< Connection: keep-alive
< set-cookie: __cf_bm=IcXOm1HqxMJAXcGMFLYAE_Kok_y.QET_.Z_IUBeDLe0-1791066294.7474756-1.0.1.1-oBVnk9W2l614HJyXTTVaSm3qfXXvJUgw4o6dUlejok2iJCeJFWHs6dJofFJYsoFw_0TKUoCPFBz3.GCbC2JcOjU534Srd9fYzaW8lZM_RPIosYTO42HPevYJNTtpZYQS; HttpOnly; SameSite=None; Secure; Path=/; Domain=npmjs.org; Expires=Sat, 03 Oct 2026 22:54:54 GMT
< set-cookie: _cfuvid=sj3BvtS4oYMPKXW4qz_oKEbVnUViFlOIWGFw2Mz2opw-1791066294.7474756-1.0.1.1-AhGOAFjv3wjrLc65XKPKBMjqi1cVV4zPPhQF6RQMEcw; HttpOnly; SameSite=None; Secure; Path=/; Domain=npmjs.org
< CF-Ray: a44f5c162eac7c08-TIA
< CF-Cache-Status: HIT
< ETag: W/"2ab8ad4f960250663c48f3d8136d1f6f"
< Access-Control-Allow-Origin: *
< Cache-Control: public, max-age=300
< Last-Modified: Fri, 14 Aug 2026 11:49:44 GMT
< Server: cloudflare
< Vary: accept-encoding, accept
< Content-Encoding: br

    [249.88ms]
Downloaded path-expression-matcher versions
    [249.97ms]
Downloaded is-unsafe versions
    [250.03ms]
Downloaded xml-naming versions
   - "es-errors": "^1.3.0" - es-errors@1.3.0
< 200 OK
< Date: Sat, 03 Oct 2026 22:24:54 GMT
< Content-Type: application/vnd.npm.install-v1+json
< Transfer-Encoding: chunked
< Connection: keep-alive
< set-cookie: __cf_bm=OwS2ZNXIDUL4L2FFp5J_5knW61gtSE_cMsrWbDILAgA-1791066294.747774-1.0.1.1-Sl3GWzB9rlfUo_.CgQnR7M0HYY_Q9iD4swa8iIDtCwi6omSmMNzOwQ4RdAxZs1LsJP0yHJQmMVVM959QblhWaPPRQ0jDySvgfVlI0Ze0hpde9_5EfafIfgCZae1oJENP; HttpOnly; SameSite=None; Secure; Path=/; Domain=npmjs.org; Expires=Sat, 03 Oct 2026 22:54:54 GMT
< set-cookie: _cfuvid=olc5OolJhmzluzzGKjek1cpDUOQt6cgAdxb9G6TgyGg-1791066294.747774-1.0.1.1-HZjCUGdo6x57VGLvZbZz5wxtJeUG7XZaDtFbqAk5_LY; HttpOnly; SameSite=None; Secure; Path=/; Domain=npmjs.org
< CF-Ray: a44f5c162eae7c08-TIA
< CF-Cache-Status: HIT
< ETag: W/"cdc1e3a37a4f3471b9dc245d285477d7"
< Access-Control-Allow-Origin: *
< Cache-Control: public, max-age=300
< Last-Modified: Fri, 14 Aug 2026 07:02:40 GMT
< Server: cloudflare
< Vary: accept-encoding, accept
< Content-Encoding: br

[PackageManager] waiting for 9 tasks
    [250.19ms]
Downloaded strnum versions
< 200 OK
< Date: Sat, 03 Oct 2026 22:24:54 GMT
< Content-Type: application/vnd.npm.install-v1+json
< Transfer-Encoding: chunked
< Connection: keep-alive
< set-cookie: __cf_bm=APrXl5N5mY2JrIv5S1k1_TNsFEsjs5o8tr7pLQmN5W0-1791066294.5205722-1.0.1.1-UdP9Y_jYZLY6cPlvGOZdKq4ykTkMEZBqSaZUXM4w5NODX.lfggN3s5fBZvtaQnIcyjFy_UtG7wSLtblOJqR_6aKK_wnF.IBjbUbt5OJsgEcihVvrXEFY2eGFchypuq77; HttpOnly; SameSite=None; Secure; Path=/; Domain=npmjs.org; Expires=Sat, 03 Oct 2026 22:54:54 GMT
< set-cookie: _cfuvid=a7ypMgRP1gKYH9Qt9BtfRrBrOM_frNbZj.5rZiMN9FQ-1791066294.5205722-1.0.1.1-5FwXMZd5eoNFVSISipbNCGw6UbEyAUl15hFS3CZT1R8; HttpOnly; SameSite=None; Secure; Path=/; Domain=npmjs.org
< CF-Ray: a44f5c14bac851a4-TIA
< CF-Cache-Status: HIT
< ETag: W/"5e417d3d978cc0059d8e39dd0c17b035"
< Access-Control-Allow-Origin: *
< Cache-Control: public, max-age=300
< Last-Modified: Fri, 29 May 2026 13:28:14 GMT
< Server: cloudflare
< Vary: accept-encoding, accept
< Content-Encoding: br

[PackageManager] waiting for 9 tasks
    [250.14ms]
Downloaded fast-xml-builder versions
   - "xml-naming": "^0.3.0" - xml-naming@0.3.0
[PackageManager] waiting for 8 tasks
    [476.80ms]
Downloaded @rollup/pluginutils versions
   - "is-unsafe": "^2.0.0" - is-unsafe@2.0.2
[PackageManager] waiting for 7 tasks
[PackageManager] waiting for 7 tasks
   - "strnum": "^2.4.2" - strnum@2.4.2
Enqueue package manifest for download: anynum
> HTTP/1.1 GET https://registry.npmjs.org/anynum
> Accept: application/vnd.npm.install-v1+json; q=1.0, application/json; q=0.8, */*
> Connection: keep-alive
> User-Agent: Bun/1.3.9
> Host: registry.npmjs.org
> Accept-Encoding: gzip, deflate, br, zstd

[PackageManager] waiting for 7 tasks
   - "is-core-module": "^2.16.1" - is-core-module@2.17.0
   - "fast-xml-builder": "^1.2.0" - fast-xml-builder@1.3.1
[PackageManager] waiting for 5 tasks
[PackageManager] waiting for 5 tasks
   - "@rollup/pluginutils": "^5.1.0" - @rollup/pluginutils@5.4.0
[PackageManager] waiting for 4 tasks
   - "path-expression-matcher": "^1.6.2" - path-expression-matcher@1.6.2
< 200 OK
< Date: Sat, 03 Oct 2026 22:24:55 GMT
< Content-Type: application/vnd.npm.install-v1+json
< Transfer-Encoding: chunked
< Connection: keep-alive
< set-cookie: __cf_bm=zbA5CPKZ7TTq0AZ7wtL6tYR6aeh_ci4DPPAMGZjNkk4-1791066294.689739-1.0.1.1-Ev66Ub6S3lws0DoiDLSa5Ff8s3zEpAkPl1Hkh.dAEImkriFTR87GJObYIB6QcwRFy2L2QlQsd8.NCQXlUNBEMJ3Lm6O0efDgi3gaBOeqacp3A_QQ906PfUjj79bAE0LC; HttpOnly; SameSite=None; Secure; Path=/; Domain=npmjs.org; Expires=Sat, 03 Oct 2026 22:54:55 GMT
< set-cookie: _cfuvid=Y1vobdD7DisbStSxlke2ZfCt6K_27P51THpHX2zmBWU-1791066294.689739-1.0.1.1-78IAU6vihhV5ysi4sneQXp5kSVYPbQ9rZxKATq5X_cg; HttpOnly; SameSite=None; Secure; Path=/; Domain=npmjs.org
< CF-Ray: a44f5c15cac3f474-TIA
< CF-Cache-Status: HIT
< ETag: W/"2900c4a821dfac9d24602f27f9a42877"
< Access-Control-Allow-Origin: *
< Cache-Control: public, max-age=300
< Last-Modified: Fri, 18 Sep 2026 13:50:40 GMT
< Server: cloudflare
< Vary: accept-encoding, accept
< Content-Encoding: br

[PackageManager] waiting for 3 tasks
    [392.73ms]
Downloaded @babel/helper-validator-identifier versions
[PackageManager] waiting for 3 tasks
   - "@babel/helper-validator-identifier": "^8.0.6" - @babel/helper-validator-identifier@8.0.6
< 200 OK
< Date: Sat, 03 Oct 2026 22:24:55 GMT
< Content-Type: application/vnd.npm.install-v1+json
< Transfer-Encoding: chunked
< Connection: keep-alive
< set-cookie: __cf_bm=4skk.14.tzvPA0gq29ikmJtSaw5lAm2SGsKDOh1Pwxo-1791066294.7474213-1.0.1.1-pdMVxTLToCdOa84X0IFWa7Pmap0XUOVz2PGQ94yFEsABHyfRErpwohw9GIBAqqvdVbmhbtUA5ML.Br2Gc3RIwuePushaDfS3G3Pyjk2KjiQM4GDEs8uCf9YrRCXgTLiv; HttpOnly; SameSite=None; Secure; Path=/; Domain=npmjs.org; Expires=Sat, 03 Oct 2026 22:54:55 GMT
< set-cookie: _cfuvid=BoMdrvQjPDFCS60PUTGc_IpQly1LyqSeJ8uLQzKfG5Y-1791066294.7474213-1.0.1.1-JP6EBO3uduA4QMzbpCC0k0Jp_GABRgIHA_Geb_Li0Dw; HttpOnly; SameSite=None; Secure; Path=/; Domain=npmjs.org
< CF-Ray: a44f5c162ead7c08-TIA
< CF-Cache-Status: HIT
< ETag: W/"c01fc26513f8f961006f55cdd5305457"
< Access-Control-Allow-Origin: *
< Cache-Control: public, max-age=300
< Last-Modified: Tue, 29 Sep 2026 04:15:44 GMT
< Server: cloudflare
< Vary: accept-encoding, accept
< Content-Encoding: br

[PackageManager] waiting for 2 tasks
    [433.97ms]
Downloaded @nodable/entities versions
[PackageManager] waiting for 2 tasks
   - "@nodable/entities": "^3.0.1" - @nodable/entities@3.1.0
< 200 OK
< Date: Sat, 03 Oct 2026 22:24:55 GMT
< Content-Type: application/vnd.npm.install-v1+json
< Transfer-Encoding: chunked
< Connection: keep-alive
< set-cookie: __cf_bm=jQLqkDDBjzqeNTdj1342w_4sAh3B7Eswr3zmROU.AF0-1791066294.9979014-1.0.1.1-vt5TBFq8XrdScSwQAvHdcAMyDDZgYlO2jZ0EsHULDFwclUibsm_JIRXZT2ci4bn.Efpk.aHZE7erP8zNCsNaPelsl02UnQzlw9xKc_jXPQY3zHLIq7dwx_l9812BJLYm; HttpOnly; SameSite=None; Secure; Path=/; Domain=npmjs.org; Expires=Sat, 03 Oct 2026 22:54:55 GMT
< set-cookie: _cfuvid=pFutAcSGleuiSlBNp.2QAoiEPA9f5i82vAHxt4KEohM-1791066294.9979014-1.0.1.1-Ro_F8No9SaUFlqgMQ.bjeF0k0LGwBvH.M9WlPbfus5I; HttpOnly; SameSite=None; Secure; Path=/; Domain=npmjs.org
< CF-Ray: a44f5c17b969a5b3-TIA
< CF-Cache-Status: HIT
< ETag: W/"ce78403d7797cc2286cbffeee6da68af"
< Access-Control-Allow-Origin: *
< Cache-Control: public, max-age=300
< Last-Modified: Thu, 18 Jun 2026 10:00:16 GMT
< Server: cloudflare
< Vary: accept-encoding, accept
< Content-Encoding: br

[PackageManager] waiting for 1 tasks
    [203.85ms]
Downloaded anynum versions
[PackageManager] waiting for 1 tasks
   - "anynum": "^1.0.1" - anynum@1.0.1
Resolved, downloaded and extracted [1182]
warn: incorrect peer dependency "react-dom@19.3.0"

warn: incorrect peer dependency "react@19.3.0"

warn: incorrect peer dependency "@tscircuit/alphabet@0.0.25"
Clean lockfile: 689 packages - 689 packages in 2ms
error: @tscircuit/pcb-trace-linter@github:tscircuit/pcb-trace-linter#4c035f9d40ffb03ba547a08975b5e64b20371123 failed to resolve
