bun install v1.3.9 (cf6cdbbb)
Enqueue package manifest for download: @biomejs/biome
Enqueue package manifest for download: @resvg/resvg-js
   - "@tscircuit/alphabet": "0.0.25" - @tscircuit/alphabet@0.0.25
Enqueue package manifest for download: @tscircuit/capacity-autorouter
Enqueue package manifest for download: @tscircuit/checks
Enqueue package manifest for download: @tscircuit/circuit-json-util
Enqueue package manifest for download: @tscircuit/common
Enqueue package manifest for download: @tscircuit/copper-pour-solver
   - "@tscircuit/create-fdm-enclosure": "0.0.4" - @tscircuit/create-fdm-enclosure@0.0.4
   - "@tscircuit/fanout-solver": "0.0.78" - @tscircuit/fanout-solver@0.0.78
Enqueue package manifest for download: @tscircuit/footprinter
Enqueue package manifest for download: @tscircuit/image-utils
Enqueue package manifest for download: @tscircuit/infer-cable-insertion-point
Enqueue package manifest for download: @tscircuit/infgrid-ijump-astar
Enqueue package manifest for download: @tscircuit/krt-wasm
Enqueue package manifest for download: @tscircuit/log-soup
Enqueue package manifest for download: @tscircuit/matchpack
Enqueue package manifest for download: @tscircuit/math-utils
Enqueue package manifest for download: @tscircuit/miniflex
Enqueue package manifest for download: @tscircuit/modelprinter
Enqueue package manifest for download: @tscircuit/ngspice-spice-engine
Enqueue package manifest for download: @tscircuit/props
Enqueue package manifest for download: @tscircuit/schematic-match-adapt
Enqueue package manifest for download: @tscircuit/solver-utils
Enqueue package manifest for download: @tscircuit/soup-util
Enqueue package manifest for download: @types/bun
Enqueue package manifest for download: @types/debug
Enqueue package manifest for download: @types/react
Enqueue package manifest for download: @types/react-dom
Enqueue package manifest for download: @types/react-reconciler
Enqueue package manifest for download: bpc-graph
   - "bun-match-svg": "0.0.12" - bun-match-svg@0.0.12
Enqueue package manifest for download: calculate-elbow
Enqueue package manifest for download: chokidar-cli
Enqueue package manifest for download: circuit-json
Enqueue package manifest for download: circuit-json-to-bpc
Enqueue package manifest for download: circuit-json-to-connectivity-map
Enqueue package manifest for download: circuit-json-to-gltf
Enqueue package manifest for download: circuit-json-to-spice
Enqueue package manifest for download: circuit-to-svg
Enqueue package manifest for download: concurrently
Enqueue package manifest for download: connectivity-map
Enqueue package manifest for download: debug
Enqueue package manifest for download: flatbush
Enqueue package manifest for download: graphics-debug
Enqueue package manifest for download: howfat
Enqueue package manifest for download: kicad-to-circuit-json
Enqueue package manifest for download: kicadts
Enqueue package manifest for download: live-server
Enqueue package manifest for download: minicssgrid
Enqueue package manifest for download: pkg-pr-new
   - "poppygl": "0.0.30" - poppygl@0.0.30
Enqueue package manifest for download: react
Enqueue package manifest for download: react-dom
Enqueue package manifest for download: schematic-symbols
Enqueue package manifest for download: spicets
Enqueue package manifest for download: spicey
Enqueue package manifest for download: stack-svgs
Enqueue package manifest for download: ts-expect
Enqueue package manifest for download: tsup
Enqueue package manifest for download: @flatten-js/core
Enqueue package manifest for download: @lume/kiwi
Enqueue package manifest for download: calculate-cell-boundaries
Enqueue package manifest for download: calculate-packing
   - "css-select": "5.1.0" - css-select@5.1.0
Enqueue package manifest for download: format-si-unit
Enqueue package manifest for download: nanoid
Enqueue package manifest for download: performance-now
Enqueue package manifest for download: react-reconciler
Enqueue package manifest for download: svg-path-commander
Enqueue package manifest for download: transformation-matrix
Enqueue package manifest for download: zod
Enqueue package manifest for download: jscad-planner
Enqueue package manifest for download: looks-same
Enqueue package manifest for download: fast-png
Enqueue package manifest for download: gl-matrix
Enqueue package manifest for download: pureimage
Enqueue package manifest for download: readable-stream
Enqueue package manifest for download: boolbase
Enqueue package manifest for download: css-what
Enqueue package manifest for download: domutils
Enqueue package manifest for download: nth-check
Enqueue package manifest for download: domhandler
Resolving dependencies
> HTTP/1.1 GET https://registry.npmjs.org/@biomejs%2fbiome
> If-None-Match: W/"6b1c649a75ad41cbe89503a78f3fd1dc"
> Accept: application/vnd.npm.install-v1+json; q=1.0, application/json; q=0.8, */*
> Connection: keep-alive
> User-Agent: Bun/1.3.9
> Host: registry.npmjs.org
> Accept-Encoding: gzip, deflate, br, zstd

> HTTP/1.1 GET https://registry.npmjs.org/@resvg%2fresvg-js
> If-None-Match: W/"9ed7a4bbde3e62346570eec2c74e00aa"
> Accept: application/vnd.npm.install-v1+json; q=1.0, application/json; q=0.8, */*
> Connection: keep-alive
> User-Agent: Bun/1.3.9
> Host: registry.npmjs.org
> Accept-Encoding: gzip, deflate, br, zstd

> HTTP/1.1 GET https://registry.npmjs.org/@tscircuit%2fcapacity-autorouter
> If-None-Match: W/"5d45b4f154102524f81d78aa1bdfa043"
> Accept: application/vnd.npm.install-v1+json; q=1.0, application/json; q=0.8, */*
> Connection: keep-alive
> User-Agent: Bun/1.3.9
> Host: registry.npmjs.org
> Accept-Encoding: gzip, deflate, br, zstd

> HTTP/1.1 GET https://registry.npmjs.org/nanoid
> If-None-Match: W/"2f95cbb5888ee3ddcf6a7fee3c68575b"
> Accept: application/vnd.npm.install-v1+json; q=1.0, application/json; q=0.8, */*
> Connection: keep-alive
> User-Agent: Bun/1.3.9
> Host: registry.npmjs.org
> Accept-Encoding: gzip, deflate, br, zstd

> HTTP/1.1 GET https://registry.npmjs.org/performance-now
> If-None-Match: W/"7bece62420e67de9137cac472e906cde"
> Accept: application/vnd.npm.install-v1+json; q=1.0, application/json; q=0.8, */*
> Connection: keep-alive
> User-Agent: Bun/1.3.9
> Host: registry.npmjs.org
> Accept-Encoding: gzip, deflate, br, zstd

> HTTP/1.1 GET https://registry.npmjs.org/react-reconciler
> If-None-Match: W/"be59e9771dcbf53d6df43948b53c2714"
> Accept: application/vnd.npm.install-v1+json; q=1.0, application/json; q=0.8, */*
> Connection: keep-alive
> User-Agent: Bun/1.3.9
> Host: registry.npmjs.org
> Accept-Encoding: gzip, deflate, br, zstd

> HTTP/1.1 GET https://registry.npmjs.org/@lume%2fkiwi
> If-None-Match: W/"5908c8a389ce59922af03870fb4e5e12"
> Accept: application/vnd.npm.install-v1+json; q=1.0, application/json; q=0.8, */*
> Connection: keep-alive
> User-Agent: Bun/1.3.9
> Host: registry.npmjs.org
> Accept-Encoding: gzip, deflate, br, zstd

> HTTP/1.1 GET https://registry.npmjs.org/calculate-cell-boundaries
> If-None-Match: W/"844a5801aeabb7dd7fcf6a9d6e1556b8"
> Accept: application/vnd.npm.install-v1+json; q=1.0, application/json; q=0.8, */*
> Connection: keep-alive
> User-Agent: Bun/1.3.9
> Host: registry.npmjs.org
> Accept-Encoding: gzip, deflate, br, zstd

> HTTP/1.1 GET https://registry.npmjs.org/svg-path-commander
> If-None-Match: W/"f3d0257f0eb483f51823f2c0387f034c"
> Accept: application/vnd.npm.install-v1+json; q=1.0, application/json; q=0.8, */*
> Connection: keep-alive
> User-Agent: Bun/1.3.9
> Host: registry.npmjs.org
> Accept-Encoding: gzip, deflate, br, zstd

> HTTP/1.1 GET https://registry.npmjs.org/calculate-packing
> If-None-Match: W/"a8da0fe440a0b5b0cdcbc36461b7f0b6"
> Accept: application/vnd.npm.install-v1+json; q=1.0, application/json; q=0.8, */*
> Connection: keep-alive
> User-Agent: Bun/1.3.9
> Host: registry.npmjs.org
> Accept-Encoding: gzip, deflate, br, zstd

> HTTP/1.1 GET https://registry.npmjs.org/live-server
> If-None-Match: W/"a61c3d4a1aff396767b4049fe54eeb3d"
> Accept: application/vnd.npm.install-v1+json; q=1.0, application/json; q=0.8, */*
> Connection: keep-alive
> User-Agent: Bun/1.3.9
> Host: registry.npmjs.org
> Accept-Encoding: gzip, deflate, br, zstd

> HTTP/1.1 GET https://registry.npmjs.org/spicets
> If-None-Match: W/"8d39348f524820eb50958b6bd36ab8eb"
> Accept: application/vnd.npm.install-v1+json; q=1.0, application/json; q=0.8, */*
> Connection: keep-alive
> User-Agent: Bun/1.3.9
> Host: registry.npmjs.org
> Accept-Encoding: gzip, deflate, br, zstd

> HTTP/1.1 GET https://registry.npmjs.org/react-dom
> If-None-Match: W/"959306bd4979e9115c40759067797b70"
> Accept: application/vnd.npm.install-v1+json; q=1.0, application/json; q=0.8, */*
> Connection: keep-alive
> User-Agent: Bun/1.3.9
> Host: registry.npmjs.org
> Accept-Encoding: gzip, deflate, br, zstd

> HTTP/1.1 GET https://registry.npmjs.org/react
> If-None-Match: W/"e9bc4a5d83e9f2bb2f8ad7ea5865e712"
> Accept: application/vnd.npm.install-v1+json; q=1.0, application/json; q=0.8, */*
> Connection: keep-alive
> User-Agent: Bun/1.3.9
> Host: registry.npmjs.org
> Accept-Encoding: gzip, deflate, br, zstd

> HTTP/1.1 GET https://registry.npmjs.org/format-si-unit
> If-None-Match: W/"567b57564487dd156c775b02671c76ee"
> Accept: application/vnd.npm.install-v1+json; q=1.0, application/json; q=0.8, */*
> Connection: keep-alive
> User-Agent: Bun/1.3.9
> Host: registry.npmjs.org
> Accept-Encoding: gzip, deflate, br, zstd

> HTTP/1.1 GET https://registry.npmjs.org/stack-svgs
> If-None-Match: W/"ec0d12c0c2f7620377d83cb694e9cc55"
> Accept: application/vnd.npm.install-v1+json; q=1.0, application/json; q=0.8, */*
> Connection: keep-alive
> User-Agent: Bun/1.3.9
> Host: registry.npmjs.org
> Accept-Encoding: gzip, deflate, br, zstd

> HTTP/1.1 GET https://registry.npmjs.org/graphics-debug
> If-None-Match: W/"28fdc3df7dfc58981fbf354c7b12e7e6"
> Accept: application/vnd.npm.install-v1+json; q=1.0, application/json; q=0.8, */*
> Connection: keep-alive
> User-Agent: Bun/1.3.9
> Host: registry.npmjs.org
> Accept-Encoding: gzip, deflate, br, zstd

> HTTP/1.1 GET https://registry.npmjs.org/minicssgrid
> If-None-Match: W/"073ade7e60c2dc7a1972c7be30f6ba02"
> Accept: application/vnd.npm.install-v1+json; q=1.0, application/json; q=0.8, */*
> Connection: keep-alive
> User-Agent: Bun/1.3.9
> Host: registry.npmjs.org
> Accept-Encoding: gzip, deflate, br, zstd

> HTTP/1.1 GET https://registry.npmjs.org/debug
> If-None-Match: W/"7461196c1dbad89c07383a0d91846887"
> Accept: application/vnd.npm.install-v1+json; q=1.0, application/json; q=0.8, */*
> Connection: keep-alive
> User-Agent: Bun/1.3.9
> Host: registry.npmjs.org
> Accept-Encoding: gzip, deflate, br, zstd

> HTTP/1.1 GET https://registry.npmjs.org/bpc-graph
> If-None-Match: W/"e8a0ceafe867b4a292322a78eafdd969"
> Accept: application/vnd.npm.install-v1+json; q=1.0, application/json; q=0.8, */*
> Connection: keep-alive
> User-Agent: Bun/1.3.9
> Host: registry.npmjs.org
> Accept-Encoding: gzip, deflate, br, zstd

> HTTP/1.1 GET https://registry.npmjs.org/circuit-json-to-gltf
> If-None-Match: W/"019180abc1c479305a44a1eb6be20014"
> Accept: application/vnd.npm.install-v1+json; q=1.0, application/json; q=0.8, */*
> Connection: keep-alive
> User-Agent: Bun/1.3.9
> Host: registry.npmjs.org
> Accept-Encoding: gzip, deflate, br, zstd

> HTTP/1.1 GET https://registry.npmjs.org/circuit-json
> If-None-Match: W/"870f6862eba73b241b1983bbd610cf5d"
> Accept: application/vnd.npm.install-v1+json; q=1.0, application/json; q=0.8, */*
> Connection: keep-alive
> User-Agent: Bun/1.3.9
> Host: registry.npmjs.org
> Accept-Encoding: gzip, deflate, br, zstd

> HTTP/1.1 GET https://registry.npmjs.org/concurrently
> If-None-Match: W/"2d6391edfe66091726940ebff2781aaa"
> Accept: application/vnd.npm.install-v1+json; q=1.0, application/json; q=0.8, */*
> Connection: keep-alive
> User-Agent: Bun/1.3.9
> Host: registry.npmjs.org
> Accept-Encoding: gzip, deflate, br, zstd

> HTTP/1.1 GET https://registry.npmjs.org/@tscircuit%2fmodelprinter
> If-None-Match: W/"8e2e07be541ed09390c7cb1b69c8504c"
> Accept: application/vnd.npm.install-v1+json; q=1.0, application/json; q=0.8, */*
> Connection: keep-alive
> User-Agent: Bun/1.3.9
> Host: registry.npmjs.org
> Accept-Encoding: gzip, deflate, br, zstd

> HTTP/1.1 GET https://registry.npmjs.org/@tscircuit%2fprops
> If-None-Match: W/"7f0bc6f4706d3d191dfefc27ff469cdb"
> Accept: application/vnd.npm.install-v1+json; q=1.0, application/json; q=0.8, */*
> Connection: keep-alive
> User-Agent: Bun/1.3.9
> Host: registry.npmjs.org
> Accept-Encoding: gzip, deflate, br, zstd

> HTTP/1.1 GET https://registry.npmjs.org/@tscircuit%2finfgrid-ijump-astar
> If-None-Match: W/"9adde36acf5a9852638694142b050f91"
> Accept: application/vnd.npm.install-v1+json; q=1.0, application/json; q=0.8, */*
> Connection: keep-alive
> User-Agent: Bun/1.3.9
> Host: registry.npmjs.org
> Accept-Encoding: gzip, deflate, br, zstd

> HTTP/1.1 GET https://registry.npmjs.org/@tscircuit%2fminiflex
> If-None-Match: W/"21d233873517b7904bcd3897c149aecf"
> Accept: application/vnd.npm.install-v1+json; q=1.0, application/json; q=0.8, */*
> Connection: keep-alive
> User-Agent: Bun/1.3.9
> Host: registry.npmjs.org
> Accept-Encoding: gzip, deflate, br, zstd

> HTTP/1.1 GET https://registry.npmjs.org/flatbush
> If-None-Match: W/"42d2f60e0490f346a3b0a85e346e31fa"
> Accept: application/vnd.npm.install-v1+json; q=1.0, application/json; q=0.8, */*
> Connection: keep-alive
> User-Agent: Bun/1.3.9
> Host: registry.npmjs.org
> Accept-Encoding: gzip, deflate, br, zstd

> HTTP/1.1 GET https://registry.npmjs.org/@types%2freact-reconciler
> If-None-Match: W/"71ced443bfe2fbbad7037a7b9c296eda"
> Accept: application/vnd.npm.install-v1+json; q=1.0, application/json; q=0.8, */*
> Connection: keep-alive
> User-Agent: Bun/1.3.9
> Host: registry.npmjs.org
> Accept-Encoding: gzip, deflate, br, zstd

> HTTP/1.1 GET https://registry.npmjs.org/@types%2fbun
> If-None-Match: W/"56bdc5d18422d0aa9103dd3cafd0e221"
> Accept: application/vnd.npm.install-v1+json; q=1.0, application/json; q=0.8, */*
> Connection: keep-alive
> User-Agent: Bun/1.3.9
> Host: registry.npmjs.org
> Accept-Encoding: gzip, deflate, br, zstd

> HTTP/1.1 GET https://registry.npmjs.org/howfat
> If-None-Match: W/"14cb81608a61aa7fb8d46b1ac3ebf662"
> Accept: application/vnd.npm.install-v1+json; q=1.0, application/json; q=0.8, */*
> Connection: keep-alive
> User-Agent: Bun/1.3.9
> Host: registry.npmjs.org
> Accept-Encoding: gzip, deflate, br, zstd

> HTTP/1.1 GET https://registry.npmjs.org/chokidar-cli
> If-None-Match: W/"02591d2ef054f69da485e88cce811b01"
> Accept: application/vnd.npm.install-v1+json; q=1.0, application/json; q=0.8, */*
> Connection: keep-alive
> User-Agent: Bun/1.3.9
> Host: registry.npmjs.org
> Accept-Encoding: gzip, deflate, br, zstd

> HTTP/1.1 GET https://registry.npmjs.org/connectivity-map
> If-None-Match: W/"9ee046454a32fcfc9b061fcdc68e5b4b"
> Accept: application/vnd.npm.install-v1+json; q=1.0, application/json; q=0.8, */*
> Connection: keep-alive
> User-Agent: Bun/1.3.9
> Host: registry.npmjs.org
> Accept-Encoding: gzip, deflate, br, zstd

> HTTP/1.1 GET https://registry.npmjs.org/@types%2freact-dom
> If-None-Match: W/"8225c7ef82b09cda73109f6fc1432e94"
> Accept: application/vnd.npm.install-v1+json; q=1.0, application/json; q=0.8, */*
> Connection: keep-alive
> User-Agent: Bun/1.3.9
> Host: registry.npmjs.org
> Accept-Encoding: gzip, deflate, br, zstd

> HTTP/1.1 GET https://registry.npmjs.org/tsup
> If-None-Match: W/"a85ab0a4fea250d4b4a06ad2164c5608"
> Accept: application/vnd.npm.install-v1+json; q=1.0, application/json; q=0.8, */*
> Connection: keep-alive
> User-Agent: Bun/1.3.9
> Host: registry.npmjs.org
> Accept-Encoding: gzip, deflate, br, zstd

> HTTP/1.1 GET https://registry.npmjs.org/kicadts
> If-None-Match: W/"71260ed6f8d332dc2c7ffb2ff1e4c411"
> Accept: application/vnd.npm.install-v1+json; q=1.0, application/json; q=0.8, */*
> Connection: keep-alive
> User-Agent: Bun/1.3.9
> Host: registry.npmjs.org
> Accept-Encoding: gzip, deflate, br, zstd

> HTTP/1.1 GET https://registry.npmjs.org/circuit-to-svg
> If-None-Match: W/"24685e3a610646fe1571900562909b21"
> Accept: application/vnd.npm.install-v1+json; q=1.0, application/json; q=0.8, */*
> Connection: keep-alive
> User-Agent: Bun/1.3.9
> Host: registry.npmjs.org
> Accept-Encoding: gzip, deflate, br, zstd

> HTTP/1.1 GET https://registry.npmjs.org/circuit-json-to-connectivity-map
> If-None-Match: W/"bcf53a2d7e458aea9a277e87cf0351c4"
> Accept: application/vnd.npm.install-v1+json; q=1.0, application/json; q=0.8, */*
> Connection: keep-alive
> User-Agent: Bun/1.3.9
> Host: registry.npmjs.org
> Accept-Encoding: gzip, deflate, br, zstd

> HTTP/1.1 GET https://registry.npmjs.org/kicad-to-circuit-json
> If-None-Match: W/"c6dbe5bc67e527d2df47a6719b871900"
> Accept: application/vnd.npm.install-v1+json; q=1.0, application/json; q=0.8, */*
> Connection: keep-alive
> User-Agent: Bun/1.3.9
> Host: registry.npmjs.org
> Accept-Encoding: gzip, deflate, br, zstd

> HTTP/1.1 GET https://registry.npmjs.org/@flatten-js%2fcore
> If-None-Match: W/"89fa4724227b0c0537659633956b900a"
> Accept: application/vnd.npm.install-v1+json; q=1.0, application/json; q=0.8, */*
> Connection: keep-alive
> User-Agent: Bun/1.3.9
> Host: registry.npmjs.org
> Accept-Encoding: gzip, deflate, br, zstd

> HTTP/1.1 GET https://registry.npmjs.org/spicey
> If-None-Match: W/"bbcac1e1dd013108df338d72f5b73435"
> Accept: application/vnd.npm.install-v1+json; q=1.0, application/json; q=0.8, */*
> Connection: keep-alive
> User-Agent: Bun/1.3.9
> Host: registry.npmjs.org
> Accept-Encoding: gzip, deflate, br, zstd

> HTTP/1.1 GET https://registry.npmjs.org/calculate-elbow
> If-None-Match: W/"09d5e3c3354cd1b3c66d1056b9cb436b"
> Accept: application/vnd.npm.install-v1+json; q=1.0, application/json; q=0.8, */*
> Connection: keep-alive
> User-Agent: Bun/1.3.9
> Host: registry.npmjs.org
> Accept-Encoding: gzip, deflate, br, zstd

> HTTP/1.1 GET https://registry.npmjs.org/pkg-pr-new
> If-None-Match: W/"ac605930312e7420fd75f7a527415a37"
> Accept: application/vnd.npm.install-v1+json; q=1.0, application/json; q=0.8, */*
> Connection: keep-alive
> User-Agent: Bun/1.3.9
> Host: registry.npmjs.org
> Accept-Encoding: gzip, deflate, br, zstd

> HTTP/1.1 GET https://registry.npmjs.org/schematic-symbols
> If-None-Match: W/"6ac61ca8f350050a5b491a7a7a3f9ec3"
> Accept: application/vnd.npm.install-v1+json; q=1.0, application/json; q=0.8, */*
> Connection: keep-alive
> User-Agent: Bun/1.3.9
> Host: registry.npmjs.org
> Accept-Encoding: gzip, deflate, br, zstd

> HTTP/1.1 GET https://registry.npmjs.org/ts-expect
> If-None-Match: W/"64986151bfd9c35da617d526f63bdc6d"
> Accept: application/vnd.npm.install-v1+json; q=1.0, application/json; q=0.8, */*
> Connection: keep-alive
> User-Agent: Bun/1.3.9
> Host: registry.npmjs.org
> Accept-Encoding: gzip, deflate, br, zstd

> HTTP/1.1 GET https://registry.npmjs.org/@tscircuit%2flog-soup
> If-None-Match: W/"e226e5a7348a49093a09ac6879d15da4"
> Accept: application/vnd.npm.install-v1+json; q=1.0, application/json; q=0.8, */*
> Connection: keep-alive
> User-Agent: Bun/1.3.9
> Host: registry.npmjs.org
> Accept-Encoding: gzip, deflate, br, zstd

> HTTP/1.1 GET https://registry.npmjs.org/@tscircuit%2fsolver-utils
> If-None-Match: W/"042fc4e9c55e0285d3e7b502eaa51738"
> Accept: application/vnd.npm.install-v1+json; q=1.0, application/json; q=0.8, */*
> Connection: keep-alive
> User-Agent: Bun/1.3.9
> Host: registry.npmjs.org
> Accept-Encoding: gzip, deflate, br, zstd

> HTTP/1.1 GET https://registry.npmjs.org/@tscircuit%2fmatchpack
> If-None-Match: W/"03e6e8f748f7e9cef9d940909629f9ab"
> Accept: application/vnd.npm.install-v1+json; q=1.0, application/json; q=0.8, */*
> Connection: keep-alive
> User-Agent: Bun/1.3.9
> Host: registry.npmjs.org
> Accept-Encoding: gzip, deflate, br, zstd

> HTTP/1.1 GET https://registry.npmjs.org/@tscircuit%2fmath-utils
> If-None-Match: W/"9043fe8f1144a92845cbddcc4a1e1e6e"
> Accept: application/vnd.npm.install-v1+json; q=1.0, application/json; q=0.8, */*
> Connection: keep-alive
> User-Agent: Bun/1.3.9
> Host: registry.npmjs.org
> Accept-Encoding: gzip, deflate, br, zstd

> HTTP/1.1 GET https://registry.npmjs.org/@tscircuit%2finfer-cable-insertion-point
> If-None-Match: W/"956b6d2dd63b0ad56733251644062a12"
> Accept: application/vnd.npm.install-v1+json; q=1.0, application/json; q=0.8, */*
> Connection: keep-alive
> User-Agent: Bun/1.3.9
> Host: registry.npmjs.org
> Accept-Encoding: gzip, deflate, br, zstd

> HTTP/1.1 GET https://registry.npmjs.org/@tscircuit%2fngspice-spice-engine
> If-None-Match: W/"287ce774f85f0657fd47f7debca55046"
> Accept: application/vnd.npm.install-v1+json; q=1.0, application/json; q=0.8, */*
> Connection: keep-alive
> User-Agent: Bun/1.3.9
> Host: registry.npmjs.org
> Accept-Encoding: gzip, deflate, br, zstd

> HTTP/1.1 GET https://registry.npmjs.org/@tscircuit%2fcommon
> If-None-Match: W/"05db6b4009c0e5e2be3fe2c31a6bcb4c"
> Accept: application/vnd.npm.install-v1+json; q=1.0, application/json; q=0.8, */*
> Connection: keep-alive
> User-Agent: Bun/1.3.9
> Host: registry.npmjs.org
> Accept-Encoding: gzip, deflate, br, zstd

> HTTP/1.1 GET https://registry.npmjs.org/@tscircuit%2fkrt-wasm
> If-None-Match: W/"699d91b432fbe348a85bf8f2d8107e8b"
> Accept: application/vnd.npm.install-v1+json; q=1.0, application/json; q=0.8, */*
> Connection: keep-alive
> User-Agent: Bun/1.3.9
> Host: registry.npmjs.org
> Accept-Encoding: gzip, deflate, br, zstd

> HTTP/1.1 GET https://registry.npmjs.org/@tscircuit%2ffootprinter
> If-None-Match: W/"31a6485ade3c645d5b50a4418cd86bbb"
> Accept: application/vnd.npm.install-v1+json; q=1.0, application/json; q=0.8, */*
> Connection: keep-alive
> User-Agent: Bun/1.3.9
> Host: registry.npmjs.org
> Accept-Encoding: gzip, deflate, br, zstd

> HTTP/1.1 GET https://registry.npmjs.org/@tscircuit%2fchecks
> If-None-Match: W/"39182850339950512c85618dbeca92b2"
> Accept: application/vnd.npm.install-v1+json; q=1.0, application/json; q=0.8, */*
> Connection: keep-alive
> User-Agent: Bun/1.3.9
> Host: registry.npmjs.org
> Accept-Encoding: gzip, deflate, br, zstd

> HTTP/1.1 GET https://registry.npmjs.org/@tscircuit%2fimage-utils
> If-None-Match: W/"808f8ede489fa0953a3c773788c33fcf"
> Accept: application/vnd.npm.install-v1+json; q=1.0, application/json; q=0.8, */*
> Connection: keep-alive
> User-Agent: Bun/1.3.9
> Host: registry.npmjs.org
> Accept-Encoding: gzip, deflate, br, zstd

> HTTP/1.1 GET https://registry.npmjs.org/@tscircuit%2fcircuit-json-util
> If-None-Match: W/"e07990909e3189950bc302e868b3e938"
> Accept: application/vnd.npm.install-v1+json; q=1.0, application/json; q=0.8, */*
> Connection: keep-alive
> User-Agent: Bun/1.3.9
> Host: registry.npmjs.org
> Accept-Encoding: gzip, deflate, br, zstd

> HTTP/1.1 GET https://registry.npmjs.org/@tscircuit%2fcopper-pour-solver
> If-None-Match: W/"cfdb7e8984cb6d231cd4f86c1c83fe09"
> Accept: application/vnd.npm.install-v1+json; q=1.0, application/json; q=0.8, */*
> Connection: keep-alive
> User-Agent: Bun/1.3.9
> Host: registry.npmjs.org
> Accept-Encoding: gzip, deflate, br, zstd

> HTTP/1.1 GET https://registry.npmjs.org/@tscircuit%2fschematic-match-adapt
> If-None-Match: W/"467b0d1958ce8e3843012e449bfcee6e"
> Accept: application/vnd.npm.install-v1+json; q=1.0, application/json; q=0.8, */*
> Connection: keep-alive
> User-Agent: Bun/1.3.9
> Host: registry.npmjs.org
> Accept-Encoding: gzip, deflate, br, zstd

> HTTP/1.1 GET https://registry.npmjs.org/@types%2fdebug
> If-None-Match: W/"6b4f4366a07913d600954892b422bead"
> Accept: application/vnd.npm.install-v1+json; q=1.0, application/json; q=0.8, */*
> Connection: keep-alive
> User-Agent: Bun/1.3.9
> Host: registry.npmjs.org
> Accept-Encoding: gzip, deflate, br, zstd

> HTTP/1.1 GET https://registry.npmjs.org/circuit-json-to-spice
> If-None-Match: W/"0a3e1f54dba864c50d4d63f31fd7427e"
> Accept: application/vnd.npm.install-v1+json; q=1.0, application/json; q=0.8, */*
> Connection: keep-alive
> User-Agent: Bun/1.3.9
> Host: registry.npmjs.org
> Accept-Encoding: gzip, deflate, br, zstd

< 304 Not Modified
< Date: Sat, 03 Oct 2026 22:27:45 GMT
< Connection: keep-alive
< set-cookie: __cf_bm=oBA7lP30rEzNa.qTphL7CjMgocXOJprdllpfTdBdf84-1791066465.7145357-1.0.1.1-Juv6uDCfXJt5pPAWQgScsmrWYZfugo6WlhCBeSBhU0BDY8GBpkcIuiwq3TnFhEgmasekR4k7IOlYfHUPan3jPLW89AshtnIWoPlXXQqYX1Fj9VUs1k6cWjGqUL6LpjXd; HttpOnly; SameSite=None; Secure; Path=/; Domain=npmjs.org; Expires=Sat, 03 Oct 2026 22:57:45 GMT
< set-cookie: _cfuvid=sVsiinefgOPIfzhqs1nHNLLWxK.vgdqqJ0yuec953fI-1791066465.7145357-1.0.1.1-LUo4OngnDRmX3CxRwWIhogUyMQST_Iwzn8QzVOOGTzw; HttpOnly; SameSite=None; Secure; Path=/; Domain=npmjs.org
< CF-Ray: a44f6042bac5f474-TIA
< CF-Cache-Status: HIT
< Access-Control-Allow-Origin: *
< Age: 212
< Cache-Control: public, max-age=300
< ETag: "2f95cbb5888ee3ddcf6a7fee3c68575b"
< Last-Modified: Thu, 10 Sep 2026 18:00:50 GMT
< Server: cloudflare

[PackageManager] waiting for 87 tasks
> HTTP/1.1 GET https://registry.npmjs.org/transformation-matrix
> If-None-Match: W/"6364297900cb1316d6047d3150d026db"
> Accept: application/vnd.npm.install-v1+json; q=1.0, application/json; q=0.8, */*
> Connection: keep-alive
> User-Agent: Bun/1.3.9
> Host: registry.npmjs.org
> Accept-Encoding: gzip, deflate, br, zstd

    [164.12ms]
Downloaded nanoid versions
   - "nanoid": "^5.0.7" - nanoid@5.1.16
> HTTP/1.1 GET https://registry.npmjs.org/@tscircuit%2fsoup-util
> If-None-Match: W/"83613d4075d07c786daab56be66fcdd6"
> Accept: application/vnd.npm.install-v1+json; q=1.0, application/json; q=0.8, */*
> Connection: keep-alive
> User-Agent: Bun/1.3.9
> Host: registry.npmjs.org
> Accept-Encoding: gzip, deflate, br, zstd

< 304 Not Modified
< Date: Sat, 03 Oct 2026 22:27:45 GMT
< Connection: keep-alive
< set-cookie: __cf_bm=kS2H_aD7oHXrQvbP8P3DBRnjW3QUbnFlwp2ZnfFaXvA-1791066465.7145603-1.0.1.1-Ob_QyRZEsBEGAqSN94wIWUDoGFaLc_QUk3RHT8XIbQCl_79PtVi1IEAEtQTrEIlQ8.XmIpFipMDFxKNWyzQAS9kMpKaDVqueKRLUmbO9oOiCNtlADOHml9vXYCxKQkSG; HttpOnly; SameSite=None; Secure; Path=/; Domain=npmjs.org; Expires=Sat, 03 Oct 2026 22:57:45 GMT
< set-cookie: _cfuvid=e8juSZFGtKB.yIP64VZEKhPLrGiyvvezxwmwYkpMbXE-1791066465.7145603-1.0.1.1-Fz4VKeW7K7LAvtD_0xSM7d2bkQ5cFXJ2jQToDK864DM; HttpOnly; SameSite=None; Secure; Path=/; Domain=npmjs.org
< CF-Ray: a44f6042bacb5f50-TIA
< CF-Cache-Status: HIT
< Access-Control-Allow-Origin: *
< Age: 263
< Cache-Control: public, max-age=300
< ETag: "7bece62420e67de9137cac472e906cde"
< Last-Modified: Thu, 23 Jun 2022 18:23:29 GMT
< Server: cloudflare

[PackageManager] waiting for 86 tasks
    [169.24ms]
Downloaded performance-now versions
> HTTP/1.1 GET https://registry.npmjs.org/@types%2freact
> If-None-Match: W/"4981200f5ab1776f4f3ac102339ac378"
> Accept: application/vnd.npm.install-v1+json; q=1.0, application/json; q=0.8, */*
> Connection: keep-alive
> User-Agent: Bun/1.3.9
> Host: registry.npmjs.org
> Accept-Encoding: gzip, deflate, br, zstd

> HTTP/1.1 GET https://registry.npmjs.org/zod
> If-None-Match: W/"0f54638b1a2efd30f5fbcf9f01f047ea"
> Accept: application/vnd.npm.install-v1+json; q=1.0, application/json; q=0.8, */*
> Connection: keep-alive
> User-Agent: Bun/1.3.9
> Host: registry.npmjs.org
> Accept-Encoding: gzip, deflate, br, zstd

   - "performance-now": "^2.1.0" - performance-now@2.1.0
< 304 Not Modified
< Date: Sat, 03 Oct 2026 22:27:45 GMT
< Connection: keep-alive
< set-cookie: __cf_bm=4UF2SbiuKlnZicQWNYmzK.Pw6zIVehvF9_rDE._fuvw-1791066465.7181969-1.0.1.1-cBE0P224Vg9XMPgh.wz7wF_AMKzUYylzO29xBof7sxFllZYl7JzStYKGo5AMQBb6JNPxAOKykuSRsCMBXPdoplJablR9ivyEnSMdaupicHIHpEuy4pOm1pKYxc.T0tWK; HttpOnly; SameSite=None; Secure; Path=/; Domain=npmjs.org; Expires=Sat, 03 Oct 2026 22:57:45 GMT
< set-cookie: _cfuvid=vMpb8KW9.vc7qYP40yZvb.XVeMl0aBGIb0evVWQ297U-1791066465.7181969-1.0.1.1-MuHJv9qmi1VpBnKV9v8bSFt5wTsATstefJvE4NB4GkI; HttpOnly; SameSite=None; Secure; Path=/; Domain=npmjs.org
< CF-Ray: a44f6042bad47c08-TIA
< CF-Cache-Status: HIT
< Access-Control-Allow-Origin: *
< Age: 175
< Cache-Control: public, max-age=300
< ETag: "a8da0fe440a0b5b0cdcbc36461b7f0b6"
< Last-Modified: Wed, 23 Sep 2026 18:59:26 GMT
< Server: cloudflare

[PackageManager] waiting for 85 tasks
    [169.28ms]
Downloaded calculate-packing versions
< 304 Not Modified
< Date: Sat, 03 Oct 2026 22:27:45 GMT
< Connection: keep-alive
< set-cookie: __cf_bm=.CIzx1WHVirhV0W6dd_slJxulcZtwx4pY75clNCnhTE-1791066465.718159-1.0.1.1-sCOeoMYVaEGJFAD3_nqB_rptWBkkRVMhVwS8.LOXAShZ1a.k_x0KKGiapK5n9i_momHfuODLip_ns.ukt8nq541ZZuTZDPD5ZqY5AAlZ0xDaTbhLUvn8NFEJkqSLqzNC; HttpOnly; SameSite=None; Secure; Path=/; Domain=npmjs.org; Expires=Sat, 03 Oct 2026 22:57:45 GMT
< set-cookie: _cfuvid=y7NbARc7rDSYOdRrVLygrKQW20NdtzBXZYQ1gnue.zs-1791066465.718159-1.0.1.1-dGgIzWtTnqLjx1iwdSCSnvsTDedOY3aB3XLms90Jzms; HttpOnly; SameSite=None; Secure; Path=/; Domain=npmjs.org
< CF-Ray: a44f6042b9cb793f-TIA
< CF-Cache-Status: HIT
< Access-Control-Allow-Origin: *
< Age: 175
< Cache-Control: public, max-age=300
< ETag: "844a5801aeabb7dd7fcf6a9d6e1556b8"
< Last-Modified: Fri, 02 Oct 2026 11:17:44 GMT
< Server: cloudflare

   - "calculate-packing": "^0.0.90" - calculate-packing@0.0.90
> HTTP/1.1 GET https://registry.npmjs.org/circuit-json-to-bpc
> If-None-Match: W/"d56402000e45f185349bd7abf283469e"
> Accept: application/vnd.npm.install-v1+json; q=1.0, application/json; q=0.8, */*
> Connection: keep-alive
> User-Agent: Bun/1.3.9
> Host: registry.npmjs.org
> Accept-Encoding: gzip, deflate, br, zstd

[PackageManager] waiting for 84 tasks
    [169.31ms]
Downloaded calculate-cell-boundaries versions
> HTTP/1.1 GET https://registry.npmjs.org/jscad-planner
> If-None-Match: W/"73d020f825c66422c79f6f603b3084f1"
> Accept: application/vnd.npm.install-v1+json; q=1.0, application/json; q=0.8, */*
> Connection: keep-alive
> User-Agent: Bun/1.3.9
> Host: registry.npmjs.org
> Accept-Encoding: gzip, deflate, br, zstd

> HTTP/1.1 GET https://registry.npmjs.org/looks-same
> If-None-Match: W/"94a0154fa71260c71c360854c3235581"
> Accept: application/vnd.npm.install-v1+json; q=1.0, application/json; q=0.8, */*
> Connection: keep-alive
> User-Agent: Bun/1.3.9
> Host: registry.npmjs.org
> Accept-Encoding: gzip, deflate, br, zstd

   - "calculate-cell-boundaries": "^0.0.25" - calculate-cell-boundaries@0.0.25
Enqueue package manifest for download: lucide-react
< 304 Not Modified
< Date: Sat, 03 Oct 2026 22:27:45 GMT
< Connection: keep-alive
< set-cookie: __cf_bm=Kj0mluMvJaOE1kLIl7cBIUfagW3B_BKjM5WZIeIMl7c-1791066465.7222092-1.0.1.1-JvxgRxMOgfk.zeF0NsyEptQ_1_kES5NmpwpOsKFoxkuEVXAk2W3ESElWVkAJEcdTzHcMn_CD7xW6zqx8W2aJR2RcvvhMolcOcS.LjuPHW7pBePRd2ICWK8d_UKVhG4Sm; HttpOnly; SameSite=None; Secure; Path=/; Domain=npmjs.org; Expires=Sat, 03 Oct 2026 22:57:45 GMT
< set-cookie: _cfuvid=5DZYkgMuyihKvqwCNXNk28K7LZy.EXxqAMQbwESgnZE-1791066465.7222092-1.0.1.1-g8iId2Nu_s5BDZ.5fHIqQ66Jd7YoOyYRGt.FKiQsJBw; HttpOnly; SameSite=None; Secure; Path=/; Domain=npmjs.org
< CF-Ray: a44f6042cad97c08-TIA
< CF-Cache-Status: HIT
< Access-Control-Allow-Origin: *
< Age: 175
< Cache-Control: public, max-age=300
< ETag: "ec0d12c0c2f7620377d83cb694e9cc55"
< Last-Modified: Wed, 19 Nov 2025 23:18:01 GMT
< Server: cloudflare

> HTTP/1.1 GET https://registry.npmjs.org/fast-png
> If-None-Match: W/"0604e81c7f07b46632ddeddea560aff5"
> Accept: application/vnd.npm.install-v1+json; q=1.0, application/json; q=0.8, */*
> Connection: keep-alive
> User-Agent: Bun/1.3.9
> Host: registry.npmjs.org
> Accept-Encoding: gzip, deflate, br, zstd

[PackageManager] waiting for 84 tasks
< 304 Not Modified
< Date: Sat, 03 Oct 2026 22:27:45 GMT
< Connection: keep-alive
< set-cookie: __cf_bm=9q7dKLuR0163AJQaw5B3x2h2lgLa8E9mhyH9zs7jejI-1791066465.7263875-1.0.1.1-MH0JIs7.MQesLB2TizIC3m.oFGmXf6qwXjs6665pSxwl1gi5K9OHefz2_S_CoyileKMOfLYyRxfVZ.uACygSddX.FZSZa6jq3e2OlPTs0fC8NtLmgyeivA3IU.x1Qo19; HttpOnly; SameSite=None; Secure; Path=/; Domain=npmjs.org; Expires=Sat, 03 Oct 2026 22:57:45 GMT
< set-cookie: _cfuvid=ZBg813jXc19vnzS68jec97U_xrWn2svIxDdzZR5PY2Y-1791066465.7263875-1.0.1.1-Zdqx.X1FbMIhz0iN0mBkSPR.fQxch1.j6CeFqtC9aHI; HttpOnly; SameSite=None; Secure; Path=/; Domain=npmjs.org
< CF-Ray: a44f6042ca3851a4-TIA
< CF-Cache-Status: HIT
< Access-Control-Allow-Origin: *
< Age: 175
< Cache-Control: public, max-age=300
< ETag: "870f6862eba73b241b1983bbd610cf5d"
< Last-Modified: Sat, 03 Oct 2026 10:22:40 GMT
< Server: cloudflare

    [176.85ms]
Downloaded stack-svgs versions
< 304 Not Modified
< Date: Sat, 03 Oct 2026 22:27:45 GMT
< Connection: keep-alive
< set-cookie: __cf_bm=m45_PzEQFgb9n9mvQdX8ktvbmVTu9KzzgalddmNa9Vs-1791066465.7262187-1.0.1.1-c0ZSAc776hoCcKejn7dhiY3iIi4bPkVckByiNaJ_Hn3iiB7dWLE3VkmvbYJPx3uLFIUR_sHy3abhFVc32snJrNWds7AnJX6pjlEXtIWvFpzZs4qIn3A9u11Vf8lTuV5d; HttpOnly; SameSite=None; Secure; Path=/; Domain=npmjs.org; Expires=Sat, 03 Oct 2026 22:57:45 GMT
< set-cookie: _cfuvid=khlSAKvOek6FZ273UAboTy9dupfboQq4Yz0UVAVnYlY-1791066465.7262187-1.0.1.1-F0OPi_NTPIg98SrWq25d.020h4vgaYa08AuW7HMq4vM; HttpOnly; SameSite=None; Secure; Path=/; Domain=npmjs.org
< CF-Ray: a44f6042cadf5f50-TIA
< CF-Cache-Status: HIT
< Access-Control-Allow-Origin: *
< Age: 294
< Cache-Control: public, max-age=300
< ETag: "09d5e3c3354cd1b3c66d1056b9cb436b"
< Last-Modified: Wed, 19 Aug 2026 23:05:58 GMT
< Server: cloudflare

< 304 Not Modified
< Date: Sat, 03 Oct 2026 22:27:45 GMT
< Connection: keep-alive
< set-cookie: __cf_bm=kbx8FqrvYhP08twMrnni4zCZ.vwWtngLBPGNRad49lY-1791066465.7222564-1.0.1.1-Ebp4MzLLUUqt8lwz882KY7MyepkPwl.W4zUDcwUN.RPMvIJhJQ4.Clhswx4IpvzJM5No9JY4omuFVZo3YyFBr1pWLxp95QftLC_L7oyN_DNwnDBAx7urS_CzDTfg2PJX; HttpOnly; SameSite=None; Secure; Path=/; Domain=npmjs.org; Expires=Sat, 03 Oct 2026 22:57:45 GMT
< set-cookie: _cfuvid=1Cd_8sJOG6gaZ5BblTSsKxGiPWBmWd0sdpfNs8pP01Y-1791066465.7222564-1.0.1.1-dp7NmOHzdIpv9ugWkSkLQlaeNmnuiaC5.w1OZzvSJww; HttpOnly; SameSite=None; Secure; Path=/; Domain=npmjs.org
< CF-Ray: a44f6042cada7c08-TIA
< CF-Cache-Status: HIT
< Access-Control-Allow-Origin: *
< Age: 175
< Cache-Control: public, max-age=300
< ETag: "073ade7e60c2dc7a1972c7be30f6ba02"
< Last-Modified: Fri, 29 Aug 2025 19:58:31 GMT
< Server: cloudflare

   - "stack-svgs": "^0.0.1" - stack-svgs@0.0.1
< 304 Not Modified
< Date: Sat, 03 Oct 2026 22:27:45 GMT
< Connection: keep-alive
< set-cookie: __cf_bm=qptWKo91DzGhgFvbTcJ4yvQMo45HX45pKE2rpiloKrY-1791066465.722174-1.0.1.1-R9gGHFIzQfc9qe7A87CexT2ozNPu_5gaPZevbro7Fi9mZORO5cvIXYNjG6oHBNjN8YYcu46GS4s3q0ejNl9kXYbuo7QkufcOEFeEsxGI0xhJpzAf0z3YrlOIcW2gFVba; HttpOnly; SameSite=None; Secure; Path=/; Domain=npmjs.org; Expires=Sat, 03 Oct 2026 22:57:45 GMT
< set-cookie: _cfuvid=r2R8gzjBzQpJAc2QwyMJk.rQuAYNi30YAUSKbwcig.E-1791066465.722174-1.0.1.1-mhI1TYH2KOB3yVLrGjfadlLbsUxnQ_QU7b5ALBkJObI; HttpOnly; SameSite=None; Secure; Path=/; Domain=npmjs.org
< CF-Ray: a44f6042cad87c08-TIA
< CF-Cache-Status: HIT
< Access-Control-Allow-Origin: *
< Age: 175
< Cache-Control: public, max-age=300
< ETag: "8d39348f524820eb50958b6bd36ab8eb"
< Last-Modified: Thu, 20 Aug 2026 00:56:01 GMT
< Server: cloudflare

[PackageManager] waiting for 83 tasks
< 304 Not Modified
< Date: Sat, 03 Oct 2026 22:27:45 GMT
< Connection: keep-alive
< set-cookie: __cf_bm=zA8qQAz9zpteMHdBR69gJX7CNaAqFoxp75KKZL.6gWQ-1791066465.7222033-1.0.1.1-LYOMPwBZZmtz.s6jcbCXI.FRvbUUMi3cdV75H01.ePOZJx32rFxOwdizRtrY.fbtMJVxKO3eKQ5sWyjtxbOrikxe.2r2yBNZmOxGvfoM.38bHsumO1PChO4smtc53cp8; HttpOnly; SameSite=None; Secure; Path=/; Domain=npmjs.org; Expires=Sat, 03 Oct 2026 22:57:45 GMT
< set-cookie: _cfuvid=IBxPLG3FSPehIGqDYemc.1_pbaOhClCuzuJIMtA2ZOY-1791066465.7222033-1.0.1.1-Dte7sDY_HtwRj1PuaRmJ7vlSwFnF2SHxuRw51queKJ0; HttpOnly; SameSite=None; Secure; Path=/; Domain=npmjs.org
< CF-Ray: a44f6042ca2e51a4-TIA
< CF-Cache-Status: HIT
< Access-Control-Allow-Origin: *
< Age: 175
< Cache-Control: public, max-age=300
< ETag: "567b57564487dd156c775b02671c76ee"
< Last-Modified: Wed, 19 Aug 2026 21:37:20 GMT
< Server: cloudflare

    [176.94ms]
Downloaded circuit-json versions
> HTTP/1.1 GET https://registry.npmjs.org/gl-matrix
> If-None-Match: W/"6a3171e70a3da893846a34eed700355f"
> Accept: application/vnd.npm.install-v1+json; q=1.0, application/json; q=0.8, */*
> Connection: keep-alive
> User-Agent: Bun/1.3.9
> Host: registry.npmjs.org
> Accept-Encoding: gzip, deflate, br, zstd

   - "circuit-json": "^0.0.511" - circuit-json@0.0.511
    [176.99ms]
Downloaded calculate-elbow versions
> HTTP/1.1 GET https://registry.npmjs.org/pureimage
> If-None-Match: W/"927df957ab1baad252e9c9988a6a6d47"
> Accept: application/vnd.npm.install-v1+json; q=1.0, application/json; q=0.8, */*
> Connection: keep-alive
> User-Agent: Bun/1.3.9
> Host: registry.npmjs.org
> Accept-Encoding: gzip, deflate, br, zstd

   - "calculate-elbow": "^0.0.12" - calculate-elbow@0.0.12
    [177.00ms]
Downloaded minicssgrid versions
> HTTP/1.1 GET https://registry.npmjs.org/readable-stream
> If-None-Match: W/"c111074fa30ad98d02e16a577ddb4f52"
> Accept: application/vnd.npm.install-v1+json; q=1.0, application/json; q=0.8, */*
> Connection: keep-alive
> User-Agent: Bun/1.3.9
> Host: registry.npmjs.org
> Accept-Encoding: gzip, deflate, br, zstd

   - "minicssgrid": "^0.0.9" - minicssgrid@0.0.9
    [177.02ms]
Downloaded spicets versions
> HTTP/1.1 GET https://registry.npmjs.org/boolbase
> If-None-Match: W/"dfb0bbfae4385dd9c1d8ba14552956ff"
> Accept: application/vnd.npm.install-v1+json; q=1.0, application/json; q=0.8, */*
> Connection: keep-alive
> User-Agent: Bun/1.3.9
> Host: registry.npmjs.org
> Accept-Encoding: gzip, deflate, br, zstd

   - "spicets": "^0.0.4" - spicets@0.0.4
[PackageManager] waiting for 79 tasks
    [177.05ms]
Downloaded format-si-unit versions
> HTTP/1.1 GET https://registry.npmjs.org/css-what
> If-None-Match: W/"f66e7f7a2b0476bb6455178caba48b62"
> Accept: application/vnd.npm.install-v1+json; q=1.0, application/json; q=0.8, */*
> Connection: keep-alive
> User-Agent: Bun/1.3.9
> Host: registry.npmjs.org
> Accept-Encoding: gzip, deflate, br, zstd

   - "format-si-unit": "^0.0.12" - format-si-unit@0.0.12
< 304 Not Modified
< Date: Sat, 03 Oct 2026 22:27:45 GMT
< Connection: keep-alive
< set-cookie: __cf_bm=Db7gQCxZDeIH.LlrRyiGslXp2PhtwLwLSGDcT6EldEI-1791066465.7261956-1.0.1.1-c1gC8xeO90tVQ_EqrqF9oRYedAJxj1u708kijqQraos6T1vVWVB6AanW4VYRvd9IjePy71FxNvb.ZzP1f.RddO1gj0wHbpLWHI6B6cnEgHpjRZ2zO_ox4L._uIJw7fbg; HttpOnly; SameSite=None; Secure; Path=/; Domain=npmjs.org; Expires=Sat, 03 Oct 2026 22:57:45 GMT
< set-cookie: _cfuvid=ON6XGzzo1OmZKEXhtuvpUEsAxOp4yOr5yxaNHXqHZRk-1791066465.7261956-1.0.1.1-2H0EFDl5RiP314A6s7sdhb4Me4fCnfMShvqHZFj5FSo; HttpOnly; SameSite=None; Secure; Path=/; Domain=npmjs.org
< CF-Ray: a44f6042cae47c08-TIA
< CF-Cache-Status: HIT
< Access-Control-Allow-Origin: *
< Age: 175
< Cache-Control: public, max-age=300
< ETag: "bcf53a2d7e458aea9a277e87cf0351c4"
< Last-Modified: Thu, 01 Oct 2026 03:10:58 GMT
< Server: cloudflare

[PackageManager] waiting for 78 tasks
    [180.82ms]
Downloaded circuit-json-to-connectivity-map versions
> HTTP/1.1 GET https://registry.npmjs.org/domutils
> If-None-Match: W/"97db3d1ceac053b33b70c302b6312f8f"
> Accept: application/vnd.npm.install-v1+json; q=1.0, application/json; q=0.8, */*
> Connection: keep-alive
> User-Agent: Bun/1.3.9
> Host: registry.npmjs.org
> Accept-Encoding: gzip, deflate, br, zstd

< 304 Not Modified
< Date: Sat, 03 Oct 2026 22:27:45 GMT
< Connection: keep-alive
< set-cookie: __cf_bm=oEn1SFlMpB1BgMIIE2271_jPugdViA.s4144viUZf1M-1791066465.7261767-1.0.1.1-TpI_R6x_gP.S8qc1WPUUqr5UGwFGVm.jjq_AwWFUWgJl71kEtSVdw8ug1UNHUGyC58Q1FL92PR2cuihfdRXSpQvUjDzbqmGw1WhlmCLV8Z7bnUpnFZuDLp47Q25rWFRX; HttpOnly; SameSite=None; Secure; Path=/; Domain=npmjs.org; Expires=Sat, 03 Oct 2026 22:57:45 GMT
< set-cookie: _cfuvid=guUnMsBUPkI7Dy2Httn0vV8vKLqGnFGvhjHbJR8VSHM-1791066465.7261767-1.0.1.1-8J1tuA.n6wIe8rSs0_KASyiDiXhl9ep5VEGU76fBDpQ; HttpOnly; SameSite=None; Secure; Path=/; Domain=npmjs.org
< CF-Ray: a44f6042cade5f50-TIA
< CF-Cache-Status: HIT
< Access-Control-Allow-Origin: *
< Age: 289
< Cache-Control: public, max-age=300
< ETag: "2d6391edfe66091726940ebff2781aaa"
< Last-Modified: Sat, 15 Aug 2026 03:33:22 GMT
< Server: cloudflare

< 304 Not Modified
< Date: Sat, 03 Oct 2026 22:27:45 GMT
< Connection: keep-alive
< set-cookie: __cf_bm=9yIT9ewJLrlh7Q7EviwS56GxkSMcPnsjIH3lrl9RLsg-1791066465.7263849-1.0.1.1-j6KPdRfEXSCt5xffyhCvtNMsNq5cMeQ6JuDDa0ThbpFW8oQdfGHiAjAfwN9AhQ8uke976uvIxQ0qPsgpk3tTQX2wNQFSw0cTLrPm.0S_Jta6Z6qMAy4d9caQYcICAPS_; HttpOnly; SameSite=None; Secure; Path=/; Domain=npmjs.org; Expires=Sat, 03 Oct 2026 22:57:45 GMT
< set-cookie: _cfuvid=XZANisbHXUE6izQdZ_xfchH.ZmL7TDOIQl5LvpkD7cs-1791066465.7263849-1.0.1.1-4.ZFVewR62hpZrQ8FyeCP6f1V3k_VvTUvY3Qi5YHWz4; HttpOnly; SameSite=None; Secure; Path=/; Domain=npmjs.org
< CF-Ray: a44f6042cae67c08-TIA
< CF-Cache-Status: HIT
< Access-Control-Allow-Origin: *
< Age: 175
< Cache-Control: public, max-age=300
< ETag: "24685e3a610646fe1571900562909b21"
< Last-Modified: Sat, 03 Oct 2026 17:04:58 GMT
< Server: cloudflare

   - "circuit-json-to-connectivity-map": "^0.0.33" - circuit-json-to-connectivity-map@0.0.33
> HTTP/1.1 GET https://registry.npmjs.org/nth-check
> If-None-Match: W/"e293723d0957b528bac31f9f1b66451d"
> Accept: application/vnd.npm.install-v1+json; q=1.0, application/json; q=0.8, */*
> Connection: keep-alive
> User-Agent: Bun/1.3.9
> Host: registry.npmjs.org
> Accept-Encoding: gzip, deflate, br, zstd

[PackageManager] waiting for 77 tasks
    [180.84ms]
Downloaded concurrently versions
> HTTP/1.1 GET https://registry.npmjs.org/domhandler
> If-None-Match: W/"25b2747c7b1764f9221d4d7690394b61"
> Accept: application/vnd.npm.install-v1+json; q=1.0, application/json; q=0.8, */*
> Connection: keep-alive
> User-Agent: Bun/1.3.9
> Host: registry.npmjs.org
> Accept-Encoding: gzip, deflate, br, zstd

< 304 Not Modified
< Date: Sat, 03 Oct 2026 22:27:45 GMT
< Connection: keep-alive
< set-cookie: __cf_bm=.YZ7h.AmTJyawjwisGedpGz7Yu7iHq8x.6iViL3szPw-1791066465.726361-1.0.1.1-WpeUP_NbVRorEO08nfAAwGX83Yb.AcjsXMO0uJViffvIZ69gNxZSgohD8bNS1rqN.V3aOqreF8MaWs1NB2_DkM5CH1GRXsiYRBUGmmxVMovxk7dT0xMUJlFP7FcdPpZg; HttpOnly; SameSite=None; Secure; Path=/; Domain=npmjs.org; Expires=Sat, 03 Oct 2026 22:57:45 GMT
< set-cookie: _cfuvid=cNJRg_hqcZOD56feVq5vIl9WuEH27U3QAQbx1UAHVG0-1791066465.726361-1.0.1.1-m1A5ehQV2F91pchn9.TwSqLw5NwiopcWKKcyaTTXt2A; HttpOnly; SameSite=None; Secure; Path=/; Domain=npmjs.org
< CF-Ray: a44f6042cae05f50-TIA
< CF-Cache-Status: HIT
< Access-Control-Allow-Origin: *
< Age: 175
< Cache-Control: public, max-age=300
< ETag: "6ac61ca8f350050a5b491a7a7a3f9ec3"
< Last-Modified: Tue, 29 Sep 2026 18:22:42 GMT
< Server: cloudflare

   - "concurrently": "^9.1.2" - concurrently@9.2.4
    [180.85ms]
Downloaded circuit-to-svg versions
< 304 Not Modified
< Date: Sat, 03 Oct 2026 22:27:45 GMT
< Connection: keep-alive
< set-cookie: __cf_bm=HLgl7rhH_emMuafcmL.Yf_58fHrng8XwNqPK5Fe44eY-1791066465.7270398-1.0.1.1-cbWoF_MMt01n6VOI5NTcNc.U7jrkualXvQHW_mmWY.1IXW7WKUNiBil_fHjZzqraiCvBVk2xEXaINlK.x3mY8xTBCuiFkz1iGdnf6CRxWISmYuHfhwxtoyeYkq86LrDl; HttpOnly; SameSite=None; Secure; Path=/; Domain=npmjs.org; Expires=Sat, 03 Oct 2026 22:57:45 GMT
< set-cookie: _cfuvid=D_pAwJxQv61P1glnexOEdY9vpYlfqOscOmI9VfqJ_Bk-1791066465.7270398-1.0.1.1-ZdKJDzI1XI.SHl22DO2L2_zE7WOkvqv_4yS4vT6KLh8; HttpOnly; SameSite=None; Secure; Path=/; Domain=npmjs.org
< CF-Ray: a44f6042cae87c08-TIA
< CF-Cache-Status: HIT
< Access-Control-Allow-Origin: *
< Age: 232
< Cache-Control: public, max-age=300
< ETag: "ac605930312e7420fd75f7a527415a37"
< Last-Modified: Fri, 14 Aug 2026 14:44:12 GMT
< Server: cloudflare

< 304 Not Modified
< Date: Sat, 03 Oct 2026 22:27:45 GMT
< Connection: keep-alive
< set-cookie: __cf_bm=A3OPZ7iAjszsj7bXsHAJO0yUVhII4JaGLKchL6Af4Yc-1791066465.7263908-1.0.1.1-AseJ7PZFoWb__vLWjVLMIQxqYO1A26_FLRXCR6CYjuTcm.Buc6gUglHxEZSAdiTPAL_IQBSyMaFsALE_sXQgVk4wcEWAsnMFBtRgTkkxEDQXiviEbiqPbm8a1HfXghrZ; HttpOnly; SameSite=None; Secure; Path=/; Domain=npmjs.org; Expires=Sat, 03 Oct 2026 22:57:45 GMT
< set-cookie: _cfuvid=uevCMrb3Ya8j80l6kkxKVeW2wrk_JC9aG8w3edazXs0-1791066465.7263908-1.0.1.1-6a3nlJ_h81gSqhxpeSSOoTCEQjxpnv6GoOBsHld73i8; HttpOnly; SameSite=None; Secure; Path=/; Domain=npmjs.org
< CF-Ray: a44f6042cd829b00-TIA
< CF-Cache-Status: HIT
< Access-Control-Allow-Origin: *
< Age: 198
< Cache-Control: public, max-age=300
< ETag: "42d2f60e0490f346a3b0a85e346e31fa"
< Last-Modified: Tue, 09 Jun 2026 20:59:11 GMT
< Server: cloudflare

< 304 Not Modified
< Date: Sat, 03 Oct 2026 22:27:45 GMT
< Connection: keep-alive
< set-cookie: __cf_bm=sL2VCrrvwbwxfkeokSJA5K13N3WFVix_4_SU20VrSno-1791066465.7266185-1.0.1.1-Ohqdvv9yj1kB4qTH8cE9HOW.bT23C92Cr9ViNRIp0gz2IQibQQk5pqliMrJJkKDOBzznmlxdhu54H4L7HKE6IjB_xC54EVHN956.Tq.8CRILTDWpXAdQsBv9GL5CZBW9; HttpOnly; SameSite=None; Secure; Path=/; Domain=npmjs.org; Expires=Sat, 03 Oct 2026 22:57:45 GMT
< set-cookie: _cfuvid=Utn79vmJqlnDMuacfongeQlwa7FWNnVr1y8Hn8e_hrw-1791066465.7266185-1.0.1.1-b1HYIvc6LByrmKHgpM2p5U9vhW5YH5L8iFdG.OxVXsM; HttpOnly; SameSite=None; Secure; Path=/; Domain=npmjs.org
< CF-Ray: a44f6042ca3a51a4-TIA
< CF-Cache-Status: HIT
< Access-Control-Allow-Origin: *
< Age: 294
< Cache-Control: public, max-age=300
< ETag: "9ee046454a32fcfc9b061fcdc68e5b4b"
< Last-Modified: Wed, 30 Sep 2026 22:09:19 GMT
< Server: cloudflare

< 304 Not Modified
< Date: Sat, 03 Oct 2026 22:27:45 GMT
< Connection: keep-alive
< set-cookie: __cf_bm=VLq9tRi.H_xPY4QWizQAghqj4iMSId.X9P1erLdHq9I-1791066465.726254-1.0.1.1-TsfDakE0pPODikbQ1rKt9o78X2QwVHxD7Y8ztsmKWEfWeFwrHrsLDF52oflQp4I_FV1OXLV2qP._Tu0vd77Z7eY38DslWM1bCQPu6RsuZGqUM5yeSR78JBYxPyCub6gA; HttpOnly; SameSite=None; Secure; Path=/; Domain=npmjs.org; Expires=Sat, 03 Oct 2026 22:57:45 GMT
< set-cookie: _cfuvid=xKyGh2pYp8hTSWdMPlOV42pbQrR5.SiPwyh12LfOb0s-1791066465.726254-1.0.1.1-AizSeyWCiHmfW7.ojnbGNVfvV2ICRRfvEy7hpOpkgIg; HttpOnly; SameSite=None; Secure; Path=/; Domain=npmjs.org
< CF-Ray: a44f6042cad5f474-TIA
< CF-Cache-Status: HIT
< Access-Control-Allow-Origin: *
< Age: 175
< Cache-Control: public, max-age=300
< ETag: "c6dbe5bc67e527d2df47a6719b871900"
< Last-Modified: Fri, 02 Oct 2026 09:38:42 GMT
< Server: cloudflare

< 304 Not Modified
< Date: Sat, 03 Oct 2026 22:27:45 GMT
< Connection: keep-alive
< set-cookie: __cf_bm=EUvHFlvUUrNbKuDOkVgDneYdkI2Wr7e3MdVZnnIMoDY-1791066465.7290204-1.0.1.1-0mH1hrZCXopo5Pkr_2ZZNe6jhPd1pLCYqy4u3xxDVsV7OjCjyDwggpwXzKrdCKYIQqJgWAISncsHJ9Yq5plBUg8ineusBAiqFZ7Kfl6xDvin_8qsVmAy79AwqjOzNFOZ; HttpOnly; SameSite=None; Secure; Path=/; Domain=npmjs.org; Expires=Sat, 03 Oct 2026 22:57:45 GMT
< set-cookie: _cfuvid=qlffUvJtgB_cS_ULcj_Df3R9QmMyMUZLTX49iegOm.8-1791066465.7290204-1.0.1.1-RFJsFqBh1o.FPTIg9cgSMad8fpNHHiEMMKNs6zaQbGM; HttpOnly; SameSite=None; Secure; Path=/; Domain=npmjs.org
< CF-Ray: a44f6042cefba5b3-TIA
< CF-Cache-Status: HIT
< Access-Control-Allow-Origin: *
< Age: 175
< Cache-Control: public, max-age=300
< ETag: "71260ed6f8d332dc2c7ffb2ff1e4c411"
< Last-Modified: Wed, 09 Sep 2026 17:22:30 GMT
< Server: cloudflare

< 304 Not Modified
< Date: Sat, 03 Oct 2026 22:27:45 GMT
< Connection: keep-alive
< set-cookie: __cf_bm=TPujnBRdH.lmTRfyRUZqHTtxwbjgZMFO3ffeXsKBzJM-1791066465.726354-1.0.1.1-SAKhuH6QH7cihC4ZrKsmT5VJuOQvHv5FhrO79i..1i8iWxJ8Ptii7PklEOqzX2.9g365CBQS2mifCa1pKpUXEfOtoZKcP2diy_VpsD9kRSo_71CapvYVU0abeaQRqikK; HttpOnly; SameSite=None; Secure; Path=/; Domain=npmjs.org; Expires=Sat, 03 Oct 2026 22:57:45 GMT
< set-cookie: _cfuvid=wPl8qSqknWzFen87FM4tSWZNFfw9.Zrx8XlaKKiX_AE-1791066465.726354-1.0.1.1-wh.6d8lY6QX2YwqafQnY_xFjB4U3Dir4U11_QGxIuIg; HttpOnly; SameSite=None; Secure; Path=/; Domain=npmjs.org
< CF-Ray: a44f6042cad7f474-TIA
< CF-Cache-Status: HIT
< Access-Control-Allow-Origin: *
< Age: 175
< Cache-Control: public, max-age=300
< ETag: "14cb81608a61aa7fb8d46b1ac3ebf662"
< Last-Modified: Mon, 30 Oct 2023 14:22:33 GMT
< Server: cloudflare

< 304 Not Modified
< Date: Sat, 03 Oct 2026 22:27:45 GMT
< Connection: keep-alive
< set-cookie: __cf_bm=DWCM5.Tf.m3ncKMqCWSZV_ahGdqvMQmPP7ViS36Fay8-1791066465.726379-1.0.1.1-kY3PklKsP4wHhZ_4wTRz1iyn.BftdMCL.rBLVqtWfcWXNC3biDy_Nvd3vAZZzUHKCRHglq5MiP.yU_RwFn0RWGpvbYhgiWST5hT.GjhrOKrpTfpEPI5W4m1639GnvCoF; HttpOnly; SameSite=None; Secure; Path=/; Domain=npmjs.org; Expires=Sat, 03 Oct 2026 22:57:45 GMT
< set-cookie: _cfuvid=Q1SEIaXbKM2u_0AWzpD.ecnf6cmp2rF94CDd2aSGR94-1791066465.726379-1.0.1.1-F2QXb2MrrUBlxUtA5VYSNWBf6KudENVvxe43pz8crKI; HttpOnly; SameSite=None; Secure; Path=/; Domain=npmjs.org
< CF-Ray: a44f6042cd819b00-TIA
< CF-Cache-Status: HIT
< Access-Control-Allow-Origin: *
< Age: 175
< Cache-Control: public, max-age=300
< ETag: "019180abc1c479305a44a1eb6be20014"
< Last-Modified: Fri, 02 Oct 2026 18:44:17 GMT
< Server: cloudflare

< 304 Not Modified
< Date: Sat, 03 Oct 2026 22:27:45 GMT
< Connection: keep-alive
< set-cookie: __cf_bm=sLwuAtTVWOnTE7aYJWjBhIvKLOY9bE7LwBWQ6dsQHB8-1791066465.730975-1.0.1.1-9U3PkNwf9sJp552HXs.5SEbPrIiXoQfEJuuMxOeFG.vS8dkt1syNpmNWIUJ4k1jY2xqj5R6nu16R50ycCEJiqtM3M.plGPw.TV3tjX39s_VF6olkyAl8w.u1s8mluxPT; HttpOnly; SameSite=None; Secure; Path=/; Domain=npmjs.org; Expires=Sat, 03 Oct 2026 22:57:45 GMT
< set-cookie: _cfuvid=9AOXB7kqLitp5l_a.IOmdBaKlrJFLLxdZnr2G2DC1NQ-1791066465.730975-1.0.1.1-.vfhRmRxiGvAM_Dzcpf9QXvsdkWXP4noEW5Ixl6E1X4; HttpOnly; SameSite=None; Secure; Path=/; Domain=npmjs.org
< CF-Ray: a44f6042c9a9bd99-TIA
< CF-Cache-Status: HIT
< Access-Control-Allow-Origin: *
< Age: 175
< Cache-Control: public, max-age=300
< ETag: "0a3e1f54dba864c50d4d63f31fd7427e"
< Last-Modified: Wed, 19 Aug 2026 23:06:36 GMT
< Server: cloudflare

< 304 Not Modified
< Date: Sat, 03 Oct 2026 22:27:45 GMT
< Connection: keep-alive
< set-cookie: __cf_bm=X_JsYw0YGKZ2a04EJ8GZjulUegGIPt8yd6XIp2tyOno-1791066465.7262607-1.0.1.1-yV444CR_7uakDEPMZq5rPUHWCBVAWRq0DLJFny3ah4TEKzOKWHnDBspWiqn1vTZSmDDjF6fWyOlGeTJtJmNKd7_O5f82EIpTjrRGjSxI0qKLq1XEeb.zngrOlKqbsQ06; HttpOnly; SameSite=None; Secure; Path=/; Domain=npmjs.org; Expires=Sat, 03 Oct 2026 22:57:45 GMT
< set-cookie: _cfuvid=A7pW_3Dlp9yC7i6BCO0pgjyHyWIDIG8gWTkEpwkNjkM-1791066465.7262607-1.0.1.1-tvi_6UAhZzqn5hbp5iIKisPXuOR9a8BqLeYwqKT03k8; HttpOnly; SameSite=None; Secure; Path=/; Domain=npmjs.org
< CF-Ray: a44f6042cad9f474-TIA
< CF-Cache-Status: HIT
< Access-Control-Allow-Origin: *
< Age: 175
< Cache-Control: public, max-age=300
< ETag: "bbcac1e1dd013108df338d72f5b73435"
< Last-Modified: Sun, 16 Nov 2025 13:28:43 GMT
< Server: cloudflare

< 304 Not Modified
< Date: Sat, 03 Oct 2026 22:27:45 GMT
< Connection: keep-alive
< set-cookie: __cf_bm=P4NRV57.W6hTzD4eU6.sbjRwmf0OsQD3LERW1eloVis-1791066465.7289946-1.0.1.1-7xIcflxVmV9SHAtCb9PB6H7adYmCsasTWvPJ1VlBRzFKjlZGCQ8slyOLKEqrZazVg6p8RaaRSIJSixfmnhuuT6pU9cyAFpbfRQpJynFf8jmf8z14ogR69d9x9Qa3h11k; HttpOnly; SameSite=None; Secure; Path=/; Domain=npmjs.org; Expires=Sat, 03 Oct 2026 22:57:45 GMT
< set-cookie: _cfuvid=bTpGPS5vicyMWeaCy8UJuKv7GFgltcn8WXfMa482v5I-1791066465.7289946-1.0.1.1-hQHfV4ibUPBLoX1ZYOdBlkc4L.Fy3l87hyQZ4v6PxnI; HttpOnly; SameSite=None; Secure; Path=/; Domain=npmjs.org
< CF-Ray: a44f6042ceffa5b3-TIA
< CF-Cache-Status: HIT
< Access-Control-Allow-Origin: *
< Age: 175
< Cache-Control: public, max-age=300
< ETag: "e8a0ceafe867b4a292322a78eafdd969"
< Last-Modified: Wed, 19 Aug 2026 23:07:19 GMT
< Server: cloudflare

< 304 Not Modified
< Date: Sat, 03 Oct 2026 22:27:45 GMT
< Connection: keep-alive
< set-cookie: __cf_bm=AiISmvsSTZQJ45NcLX3h3E0xHaxu00bXdP1eBKAG8.0-1791066465.730216-1.0.1.1-YKLyP21MdmbwfI8jGTW6fWFLktOUoZTQ7fKd5NQOVGTa1a0JFT0XUm..1LNbxQp1N_hC9E4O4r8PyS8qVw9WbglH4s3jKsWQh2ARekFhyMKBXMvYfvnRPngNGStopzo2; HttpOnly; SameSite=None; Secure; Path=/; Domain=npmjs.org; Expires=Sat, 03 Oct 2026 22:57:45 GMT
< set-cookie: _cfuvid=YhX6SOS2UywxpY1g5uNuk2hEOaCCEg_By8NbGUbleoo-1791066465.730216-1.0.1.1-1ivTl8EVDsuHF5Bd9fxYHlMg9kAaG20B2wtYKhr68MQ; HttpOnly; SameSite=None; Secure; Path=/; Domain=npmjs.org
< CF-Ray: a44f6042cae1f474-TIA
< CF-Cache-Status: HIT
< Access-Control-Allow-Origin: *
< Age: 263
< Cache-Control: public, max-age=300
< ETag: "6364297900cb1316d6047d3150d026db"
< Last-Modified: Mon, 18 Aug 2025 15:03:28 GMT
< Server: cloudflare

> HTTP/1.1 GET https://registry.npmjs.org/lucide-react
> If-None-Match: W/"03ea33cd59b1fe98a492b29d197c5736"
> Accept: application/vnd.npm.install-v1+json; q=1.0, application/json; q=0.8, */*
> Connection: keep-alive
> User-Agent: Bun/1.3.9
> Host: registry.npmjs.org
> Accept-Encoding: gzip, deflate, br, zstd

< 304 Not Modified
< Date: Sat, 03 Oct 2026 22:27:45 GMT
< Connection: keep-alive
< set-cookie: __cf_bm=NAbfMYHHZjuDay5CfeJ_0EX4PP4UKiPDMZeuZ95guhc-1791066465.7267957-1.0.1.1-V9C1lynJyM2igZYn4EUBUdKjHK889i9FwAjSfuvSu_eJycHo3yXzE72thHijqf2jvoCTEGDUiFw9fkXkBxy6F3w9_otBVvgjsaIWUIQoFc_mqMz1sMXA9r_Kh_rLxQbE; HttpOnly; SameSite=None; Secure; Path=/; Domain=npmjs.org; Expires=Sat, 03 Oct 2026 22:57:45 GMT
< set-cookie: _cfuvid=QaEYnZbQaQgUqyRsyKJpHYTSqOAu6pZz.3ATd4n5CuQ-1791066465.7267957-1.0.1.1-0Rvx_XBln2LTpcXYIBpeQDmtLwjU8.rnwTHHpF7PVAU; HttpOnly; SameSite=None; Secure; Path=/; Domain=npmjs.org
< CF-Ray: a44f6042cad3f474-TIA
< CF-Cache-Status: HIT
< Access-Control-Allow-Origin: *
< Age: 294
< Cache-Control: public, max-age=300
< ETag: "7461196c1dbad89c07383a0d91846887"
< Last-Modified: Sat, 13 Sep 2025 17:25:21 GMT
< Server: cloudflare

   - "circuit-to-svg": "^0.0.438" - circuit-to-svg@0.0.438
   - "rxjs": "7.8.2" - rxjs@7.8.2
   - "chalk": "4.1.2" - chalk@4.1.2
   - "yargs": "17.7.2" - yargs@17.7.2
   - "tree-kill": "1.2.2" - tree-kill@1.2.2
   - "shell-quote": "1.9.0" - shell-quote@1.9.0
   - "supports-color": "8.1.1" - supports-color@8.1.1
Enqueue package manifest for download: svgson
Enqueue package manifest for download: bun-types
Enqueue package manifest for download: @types/node
Enqueue package manifest for download: tslib
Enqueue package manifest for download: ansi-styles
Enqueue package manifest for download: supports-color
Enqueue package manifest for download: y18n
Enqueue package manifest for download: cliui
Enqueue package manifest for download: escalade
Enqueue package manifest for download: string-width
Enqueue package manifest for download: yargs-parser
Enqueue package manifest for download: get-caller-file
Enqueue package manifest for download: require-directory
Enqueue package manifest for download: has-flag
[PackageManager] waiting for 89 tasks
    [180.93ms]
Downloaded schematic-symbols versions
   - "schematic-symbols": "^0.0.248" - schematic-symbols@0.0.248
    [180.94ms]
Downloaded pkg-pr-new versions
   - "pkg-pr-new": "^0.0.37" - pkg-pr-new@0.0.37
    [180.95ms]
Downloaded flatbush versions
   - "flatbush": "^4.5.0" - flatbush@4.6.2
    [181.01ms]
Downloaded connectivity-map versions
> HTTP/1.1 GET https://registry.npmjs.org/svgson
> If-None-Match: W/"606deb818da6ebc0e64478550456fd85"
> Accept: application/vnd.npm.install-v1+json; q=1.0, application/json; q=0.8, */*
> Connection: keep-alive
> User-Agent: Bun/1.3.9
> Host: registry.npmjs.org
> Accept-Encoding: gzip, deflate, br, zstd

   - "connectivity-map": "^1.0.1" - connectivity-map@1.0.1
    [181.02ms]
Downloaded kicad-to-circuit-json versions
> HTTP/1.1 GET https://registry.npmjs.org/bun-types
> If-None-Match: W/"0c8e7686f158aafcbabadef44a94c1b3"
> Accept: application/vnd.npm.install-v1+json; q=1.0, application/json; q=0.8, */*
> Connection: keep-alive
> User-Agent: Bun/1.3.9
> Host: registry.npmjs.org
> Accept-Encoding: gzip, deflate, br, zstd

   - "kicad-to-circuit-json": "^0.0.142" - kicad-to-circuit-json@0.0.142
    [181.03ms]
Downloaded kicadts versions
   - "kicadts": "^0.0.53" - kicadts@0.0.53
    [181.03ms]
Downloaded howfat versions
   - "howfat": "^0.3.8" - howfat@0.3.8
    [181.04ms]
Downloaded circuit-json-to-gltf versions
   - "circuit-json-to-gltf": "^0.0.141" - circuit-json-to-gltf@0.0.141
    [181.06ms]
Downloaded circuit-json-to-spice versions
   - "circuit-json-to-spice": "^0.0.45" - circuit-json-to-spice@0.0.45
    [181.05ms]
Downloaded spicey versions
   - "spicey": "^0.0.14" - spicey@0.0.14
    [181.07ms]
Downloaded bpc-graph versions
   - "bpc-graph": "^0.0.57" - bpc-graph@0.0.57
    [16.94ms]
Downloaded transformation-matrix versions
   - "transformation-matrix": "^2.16.1" - transformation-matrix@2.16.1
    [181.14ms]
Downloaded debug versions
   - "debug": "^4.3.6" - debug@4.4.3
Enqueue package manifest for download: ignore
Enqueue package manifest for download: pkg-types
Enqueue package manifest for download: tinyglobby
Enqueue package manifest for download: isbinaryfile
Enqueue package manifest for download: query-registry
Enqueue package manifest for download: @octokit/action
Enqueue package manifest for download: @jsdevtools/ez-spawn
Enqueue package manifest for download: flatqueue
Enqueue package manifest for download: axios
Enqueue package manifest for download: npm-package-arg
Enqueue package manifest for download: package-options
Enqueue package manifest for download: semver
Enqueue package manifest for download: tar
Enqueue package manifest for download: earcut
Enqueue package manifest for download: jscad-to-gltf
Enqueue package manifest for download: occt-import-js
Enqueue package manifest for download: @jscad/modeling
Enqueue package manifest for download: jscad-electronics
Enqueue package manifest for download: @tscircuit/alphabet
   - "circuit-json-to-connectivity-map": "^0.0.22" - circuit-json-to-connectivity-map@0.0.22
Enqueue package manifest for download: ms
< 304 Not Modified
< Date: Sat, 03 Oct 2026 22:27:45 GMT
< Connection: keep-alive
< set-cookie: __cf_bm=K0QDTs_9uYaxIAtWsalA33qEUy7U7iMuYaVPx3tn4rU-1791066465.7378373-1.0.1.1-ENP2zUSVSbMJhdFMkLbLrLrpW6dVxUALJNRxZOXj5_8UTkx1gXEWs8_3irL2Laa7UriIICwDWiaEMAAarwK1r3hg66IyzuC7kqsRsIkYtn_.oHTe3B5H5lcknAFIiq1E; HttpOnly; SameSite=None; Secure; Path=/; Domain=npmjs.org; Expires=Sat, 03 Oct 2026 22:57:45 GMT
< set-cookie: _cfuvid=QubSXKf_Xzn7_zrxSJZmD1tuerjdyVR_.xiISKSzXRg-1791066465.7378373-1.0.1.1-mxV6g3E59XncZzGgPMn.m50A9EY2xfSToGcKx74RDxY; HttpOnly; SameSite=None; Secure; Path=/; Domain=npmjs.org
< CF-Ray: a44f6042daee5f50-TIA
< CF-Cache-Status: HIT
< Access-Control-Allow-Origin: *
< Age: 286
< Cache-Control: public, max-age=300
< ETag: "0f54638b1a2efd30f5fbcf9f01f047ea"
< Last-Modified: Fri, 02 Oct 2026 16:52:46 GMT
< Server: cloudflare

[PackageManager] waiting for 96 tasks
    [25.11ms]
Downloaded zod versions
   - "zod": "^3.25.67" - zod@3.25.76
> HTTP/1.1 GET https://registry.npmjs.org/@types%2fnode
> If-None-Match: W/"71063cb9b1acb29c45f6e64aa00fe238"
> Accept: application/vnd.npm.install-v1+json; q=1.0, application/json; q=0.8, */*
> Connection: keep-alive
> User-Agent: Bun/1.3.9
> Host: registry.npmjs.org
> Accept-Encoding: gzip, deflate, br, zstd

< 304 Not Modified
< Date: Sat, 03 Oct 2026 22:27:45 GMT
< Connection: keep-alive
< set-cookie: __cf_bm=okticiMuQbB8emd1o3Jj6.rrT7QjPtyadnGH1rtQ5T8-1791066465.7378209-1.0.1.1-650iDt_zNyogotEbtNhCpttx8DkofJGtx8TNuJtlMgKjC9pk600Zqld8yokhM3DQYF41ATwT9V1LBUsmyj2Cd1jg8kn4Aw47yY2_pW_j4L7P0fpk0W18nmUQT9IbMIhu; HttpOnly; SameSite=None; Secure; Path=/; Domain=npmjs.org; Expires=Sat, 03 Oct 2026 22:57:45 GMT
< set-cookie: _cfuvid=BU9CbQKD4Vo2Lv3CThmMDBHoOeEU0975x7zBCV9kz84-1791066465.7378209-1.0.1.1-GO5Tl_Cw9GSDsUbMcEgXePo1LEmtC7kiL2uFgP2mqk8; HttpOnly; SameSite=None; Secure; Path=/; Domain=npmjs.org
< CF-Ray: a44f6042daf67c08-TIA
< CF-Cache-Status: HIT
< Access-Control-Allow-Origin: *
< Age: 174
< Cache-Control: public, max-age=300
< ETag: "73d020f825c66422c79f6f603b3084f1"
< Last-Modified: Fri, 06 Feb 2026 21:28:06 GMT
< Server: cloudflare

[PackageManager] waiting for 95 tasks
    [25.08ms]
Downloaded jscad-planner versions
< 304 Not Modified
< Date: Sat, 03 Oct 2026 22:27:45 GMT
< Connection: keep-alive
< set-cookie: __cf_bm=fc0B0m2AEB0okebFysAEazCswKa__CUfjol1aa920cM-1791066465.7378047-1.0.1.1-292I9j08IT8Eyy6M4hXl3j_HTrz_cQsVgGnaliW5X3KthsAAh.p0Nln0HMb.l38F5MP5Ki7Lj3TVUFlXg2cvE8qTEdiEHDtusmsJuTsIR9U0ZVO7pNRgt07NXFz1NGqE; HttpOnly; SameSite=None; Secure; Path=/; Domain=npmjs.org; Expires=Sat, 03 Oct 2026 22:57:45 GMT
< set-cookie: _cfuvid=Il2KTvWx8zfxYX7_XUj0RhunlIi_ptYbA20eicTqqko-1791066465.7378047-1.0.1.1-FV8lev02HxhpZRJV_eIbj8QiFUoxsw5b1fU44gbhsnc; HttpOnly; SameSite=None; Secure; Path=/; Domain=npmjs.org
< CF-Ray: a44f6042daef5f50-TIA
< CF-Cache-Status: HIT
< Access-Control-Allow-Origin: *
< Age: 175
< Cache-Control: public, max-age=300
< ETag: "d56402000e45f185349bd7abf283469e"
< Last-Modified: Thu, 20 Aug 2026 02:03:41 GMT
< Server: cloudflare

   - "jscad-planner": "^0.0.14" - jscad-planner@0.0.14
[PackageManager] waiting for 94 tasks
    [194.46ms]
Downloaded circuit-json-to-bpc versions
   - "circuit-json-to-bpc": "^0.0.13" - circuit-json-to-bpc@0.0.13
> HTTP/1.1 GET https://registry.npmjs.org/tslib
> If-None-Match: W/"3226b9764dd46d8abe56e611b644633b"
> Accept: application/vnd.npm.install-v1+json; q=1.0, application/json; q=0.8, */*
> Connection: keep-alive
> User-Agent: Bun/1.3.9
> Host: registry.npmjs.org
> Accept-Encoding: gzip, deflate, br, zstd

> HTTP/1.1 GET https://registry.npmjs.org/ansi-styles
> If-None-Match: W/"ffd3a46d9bd306a0142e735c284f65fd"
> Accept: application/vnd.npm.install-v1+json; q=1.0, application/json; q=0.8, */*
> Connection: keep-alive
> User-Agent: Bun/1.3.9
> Host: registry.npmjs.org
> Accept-Encoding: gzip, deflate, br, zstd

< 304 Not Modified
< Date: Sat, 03 Oct 2026 22:27:45 GMT
< Connection: keep-alive
< set-cookie: __cf_bm=roXfebFSF1uTUvB3QhW_.HmL7LrVHZqX3nUWxcK2eEA-1791066465.7452545-1.0.1.1-.z7hWMH.Si_yGfULB6DyiQzu5PEJee06L1KpdO.R9EUgESUxZu1hCmASLueIGeK7lZMco3Lm5HhDF4VsNNKkxaJqaKJcRgY61Q5h9sejqC.BpNjaY288UEYE.pGwNTDe; HttpOnly; SameSite=None; Secure; Path=/; Domain=npmjs.org; Expires=Sat, 03 Oct 2026 22:57:45 GMT
< set-cookie: _cfuvid=lniVB_s9mWDzsUJSv5zzSNrEM7xWvSzCyDTGRVwVxmU-1791066465.7452545-1.0.1.1-9ua6pU5_JHtbyI_dRaRARTESEZcepPjxAQhl8gI2oPA; HttpOnly; SameSite=None; Secure; Path=/; Domain=npmjs.org
< CF-Ray: a44f6042eafa5f50-TIA
< CF-Cache-Status: HIT
< Access-Control-Allow-Origin: *
< Age: 174
< Cache-Control: public, max-age=300
< ETag: "927df957ab1baad252e9c9988a6a6d47"
< Last-Modified: Mon, 13 Jul 2026 20:50:43 GMT
< Server: cloudflare

< 304 Not Modified
< Date: Sat, 03 Oct 2026 22:27:45 GMT
< Connection: keep-alive
< set-cookie: __cf_bm=8i83iQZVgS8KGJwYZfJehBONWZJhCxVd.TSJfoHqYSw-1791066465.7452958-1.0.1.1-G9x_mO5F0rL0NKB58dIZSRgUCso8o2NsGTy8F.IphTpRTAq6r8WxpZGHqKfkTuSToO.YqIkazws8j6OYUlKl19H3OySXrUEdMhCQEMGjunZHeK1U8dai0.MQqks6y6Ar; HttpOnly; SameSite=None; Secure; Path=/; Domain=npmjs.org; Expires=Sat, 03 Oct 2026 22:57:45 GMT
< set-cookie: _cfuvid=9pWWmMqXQ1DaKNwHfwqa2hvWKe3JSxj3T7y5k5fistE-1791066465.7452958-1.0.1.1-O6jtFjtgPI5iuqksSOcVrgLZMjDLjaPnzOjE7dpbEC0; HttpOnly; SameSite=None; Secure; Path=/; Domain=npmjs.org
< CF-Ray: a44f6042ea5951a4-TIA
< CF-Cache-Status: HIT
< Access-Control-Allow-Origin: *
< Age: 230
< Cache-Control: public, max-age=300
< ETag: "6a3171e70a3da893846a34eed700355f"
< Last-Modified: Fri, 08 Aug 2025 20:11:55 GMT
< Server: cloudflare

[PackageManager] waiting for 93 tasks
    [17.57ms]
Downloaded pureimage versions
< 304 Not Modified
< Date: Sat, 03 Oct 2026 22:27:45 GMT
< Connection: keep-alive
< set-cookie: __cf_bm=VDK4EwmknoSXT3J3FxysAA8GNxA1KLQPABYChVXVpnQ-1791066465.7453616-1.0.1.1-2AIVwJGjfwGOryJSows7aJOY.AmPFocCB7vZq811m646AXxgr2TseaKOYjG12T3zrMDbZS7k6o.3ThDnbeX20VoWCKTVy0Pz5UgOz_ZAdSBcV.Vh3FoYPbZarQOqeUiN; HttpOnly; SameSite=None; Secure; Path=/; Domain=npmjs.org; Expires=Sat, 03 Oct 2026 22:57:45 GMT
< set-cookie: _cfuvid=6Z8s38APCOTMBpGYB6skcTZaWPenu__qDDviFK9X44s-1791066465.7453616-1.0.1.1-2g4kpMBA2.X4B0m3d7KExGw7IKg9RYtFXhjn6kaQx7w; HttpOnly; SameSite=None; Secure; Path=/; Domain=npmjs.org
< CF-Ray: a44f6042eb057c08-TIA
< CF-Cache-Status: HIT
< Access-Control-Allow-Origin: *
< Age: 228
< Cache-Control: public, max-age=300
< ETag: "0604e81c7f07b46632ddeddea560aff5"
< Last-Modified: Thu, 18 Dec 2025 07:13:31 GMT
< Server: cloudflare

< 304 Not Modified
< Date: Sat, 03 Oct 2026 22:27:45 GMT
< Connection: keep-alive
< set-cookie: __cf_bm=kXODhqiXtu.s.iZjdNx1k_APZ2yeP_Xxjve6rEpFFak-1791066465.7453053-1.0.1.1-o2qgeSAykRCgwV1TG_0Pgs0QiC9LItKuQig.LOEW_ONTDE54A.fSLCN.KY_2OvjF7Nen60oGUSdKnl0rwClvzkey9zjUR.0YeGbudnnt2pXST9YcxA2hZkRwQ2dTLSPf; HttpOnly; SameSite=None; Secure; Path=/; Domain=npmjs.org; Expires=Sat, 03 Oct 2026 22:57:45 GMT
< set-cookie: _cfuvid=rFm2vjuxVphX5q2aMVsB.t2x63Cel8TTrVionbJiu9o-1791066465.7453053-1.0.1.1-Z.tclm3Mh3kS.tinFVU.30V.iKG3Kx4EMqgWbbLfU.0; HttpOnly; SameSite=None; Secure; Path=/; Domain=npmjs.org
< CF-Ray: a44f6042eb047c08-TIA
< CF-Cache-Status: HIT
< Access-Control-Allow-Origin: *
< Age: 252
< Cache-Control: public, max-age=300
< ETag: "c111074fa30ad98d02e16a577ddb4f52"
< Last-Modified: Tue, 07 Jan 2025 09:15:40 GMT
< Server: cloudflare

   - "pureimage": "^0.4.18" - pureimage@0.4.20
    [17.60ms]
Downloaded gl-matrix versions
> HTTP/1.1 GET https://registry.npmjs.org/supports-color
> If-None-Match: W/"ab608d3e5eb62f395e5e17b24e41f6f4"
> Accept: application/vnd.npm.install-v1+json; q=1.0, application/json; q=0.8, */*
> Connection: keep-alive
> User-Agent: Bun/1.3.9
> Host: registry.npmjs.org
> Accept-Encoding: gzip, deflate, br, zstd

> HTTP/1.1 GET https://registry.npmjs.org/y18n
> If-None-Match: W/"cad4df025c767d04785cfb98bfe35b51"
> Accept: application/vnd.npm.install-v1+json; q=1.0, application/json; q=0.8, */*
> Connection: keep-alive
> User-Agent: Bun/1.3.9
> Host: registry.npmjs.org
> Accept-Encoding: gzip, deflate, br, zstd

> HTTP/1.1 GET https://registry.npmjs.org/cliui
> If-None-Match: W/"4e8e5149412e4f1306b81326c5910fb6"
> Accept: application/vnd.npm.install-v1+json; q=1.0, application/json; q=0.8, */*
> Connection: keep-alive
> User-Agent: Bun/1.3.9
> Host: registry.npmjs.org
> Accept-Encoding: gzip, deflate, br, zstd

> HTTP/1.1 GET https://registry.npmjs.org/escalade
> If-None-Match: W/"d824ed468921f5f20426a9d46b2928ec"
> Accept: application/vnd.npm.install-v1+json; q=1.0, application/json; q=0.8, */*
> Connection: keep-alive
> User-Agent: Bun/1.3.9
> Host: registry.npmjs.org
> Accept-Encoding: gzip, deflate, br, zstd

< 304 Not Modified
< Date: Sat, 03 Oct 2026 22:27:45 GMT
< Connection: keep-alive
< set-cookie: __cf_bm=tApYp887n1yKYjDXDJ5KbwV8oHuQkW582luW3.GuMm0-1791066465.745242-1.0.1.1-1ey8e3PBKttRUj7BkdHBB23m3axryyOzFfmatPbxI.owlEs6YfrZylPeQhHZalrIzb1IiBnJSBr.rehS6Md32Il8yVZnzHrPx6uU4aY7pMiYZTUErNLR8lFckNVoY33F; HttpOnly; SameSite=None; Secure; Path=/; Domain=npmjs.org; Expires=Sat, 03 Oct 2026 22:57:45 GMT
< set-cookie: _cfuvid=d5yKQFDTWcR0O3pPS7yeZKtus.p1JneAQSUXCThbADA-1791066465.745242-1.0.1.1-s9NL.4j4cKhaLB2YTJh1o7tcgNa73o0TZ1Uvh6XuDSk; HttpOnly; SameSite=None; Secure; Path=/; Domain=npmjs.org
< CF-Ray: a44f6042eb037c08-TIA
< CF-Cache-Status: HIT
< Access-Control-Allow-Origin: *
< Age: 229
< Cache-Control: public, max-age=300
< ETag: "dfb0bbfae4385dd9c1d8ba14552956ff"
< Last-Modified: Tue, 17 Mar 2026 13:13:26 GMT
< Server: cloudflare

> HTTP/1.1 GET https://registry.npmjs.org/string-width
> If-None-Match: W/"bc6e0023e9d9717a6ed4db00a1cf3f96"
> Accept: application/vnd.npm.install-v1+json; q=1.0, application/json; q=0.8, */*
> Connection: keep-alive
> User-Agent: Bun/1.3.9
> Host: registry.npmjs.org
> Accept-Encoding: gzip, deflate, br, zstd

   - "gl-matrix": "^3.4.4" - gl-matrix@3.4.4
Enqueue package manifest for download: jpeg-js
Enqueue package manifest for download: opentype.js
Enqueue package manifest for download: pngjs
[PackageManager] waiting for 94 tasks
    [17.84ms]
Downloaded fast-png versions
   - "fast-png": "^8.0.0" - fast-png@8.0.0
    [17.66ms]
Downloaded readable-stream versions
   - "readable-stream": "^4.7.0" - readable-stream@4.7.0
    [18.82ms]
Downloaded boolbase versions
   - "boolbase": "^1.0.0" - boolbase@1.0.0
Enqueue package manifest for download: fflate
Enqueue package manifest for download: iobuffer
Enqueue package manifest for download: abort-controller
Enqueue package manifest for download: buffer
Enqueue package manifest for download: events
Enqueue package manifest for download: process
Enqueue package manifest for download: string_decoder
< 304 Not Modified
< Date: Sat, 03 Oct 2026 22:27:45 GMT
< Connection: keep-alive
< set-cookie: __cf_bm=SALl2X3MIg09xdYZ2P97VWbgcvBrLatIyX8.z2bRHYo-1791066465.749065-1.0.1.1-sjPU1kBE1LW7MGsCGn_UcGZ_oXQp73xFL_eW3tzOxH4Z1iO1o.yyVceclGLZ0k1PVUvunQ4sDjp9VUzj.HMnWTxj3OsHGvnZd1IVP8m2oH.GoWYPD3QbmchfFODNgJPW; HttpOnly; SameSite=None; Secure; Path=/; Domain=npmjs.org; Expires=Sat, 03 Oct 2026 22:57:45 GMT
< set-cookie: _cfuvid=Fs4i2Xhl8aj.Uvl0zg1TXYi7dhZeaeUWRbruLwNIS_U-1791066465.749065-1.0.1.1-JQaSCuNKs63rHD7u66BhhljJjKrmkvlFU4fewjt5NFU; HttpOnly; SameSite=None; Secure; Path=/; Domain=npmjs.org
< CF-Ray: a44f6042eaff5f50-TIA
< CF-Cache-Status: HIT
< Access-Control-Allow-Origin: *
< Age: 289
< Cache-Control: public, max-age=300
< ETag: "e293723d0957b528bac31f9f1b66451d"
< Last-Modified: Tue, 17 Mar 2026 23:12:59 GMT
< Server: cloudflare

[PackageManager] waiting for 98 tasks
    [22.00ms]
Downloaded nth-check versions
> HTTP/1.1 GET https://registry.npmjs.org/yargs-parser
> If-None-Match: W/"ca2cd15dc7bf331379908cca82adeeb8"
> Accept: application/vnd.npm.install-v1+json; q=1.0, application/json; q=0.8, */*
> Connection: keep-alive
> User-Agent: Bun/1.3.9
> Host: registry.npmjs.org
> Accept-Encoding: gzip, deflate, br, zstd

   - "nth-check": "^2.0.1" - nth-check@2.1.1
> HTTP/1.1 GET https://jscdn.tscircuit.com/@tscircuit/dogbone-solver/0.0.1.tgz
> Connection: keep-alive
> User-Agent: Bun/1.3.9
> Accept: */*
> Host: jscdn.tscircuit.com
> Accept-Encoding: gzip, deflate, br, zstd

> HTTP/1.1 GET https://jscdn.tscircuit.com/@tscircuit/schematic-trace-solver/0.0.224.tgz
> Connection: keep-alive
> User-Agent: Bun/1.3.9
> Accept: */*
> Host: jscdn.tscircuit.com
> Accept-Encoding: gzip, deflate, br, zstd

> HTTP/1.1 GET https://jscdn.tscircuit.com/@tscircuit/flex-utils/0.0.8.tgz
> Connection: keep-alive
> User-Agent: Bun/1.3.9
> Accept: */*
> Host: jscdn.tscircuit.com
> Accept-Encoding: gzip, deflate, br, zstd

> HTTP/1.1 GET https://jscdn.tscircuit.com/@tscircuit/bus-lanes-solver/0.0.9.tgz
> Connection: keep-alive
> User-Agent: Bun/1.3.9
> Accept: */*
> Host: jscdn.tscircuit.com
> Accept-Encoding: gzip, deflate, br, zstd

< 304 Not Modified
< Date: Sat, 03 Oct 2026 22:27:45 GMT
< Connection: keep-alive
< set-cookie: __cf_bm=kBuVvQ2aEqzCyUCQP5wJvv_1UWhogrOaQPVpmlFUahw-1791066465.7618034-1.0.1.1-vF09Msp1vxUxJqtO6Ka2wEijC9EV.pWOqv0TAWBQ.nKuHOj8_F.0q564Tw3rl7B3A5hoJRHyQgoeyaeqk9HuQnDVzUbAuxXiCS8hem4YEy5E.mU0JlxGqGAhQEQbTTqT; HttpOnly; SameSite=None; Secure; Path=/; Domain=npmjs.org; Expires=Sat, 03 Oct 2026 22:57:45 GMT
< set-cookie: _cfuvid=aXcDCyWuaM59AiCzGiviEtVz04o4y6ho84Sgt9__Um0-1791066465.7618034-1.0.1.1-XNRtHDFPSybZrcWcFiHPiQ8L1FGTUumebtoCDHXZiRM; HttpOnly; SameSite=None; Secure; Path=/; Domain=npmjs.org
< CF-Ray: a44f60430b1f7c08-TIA
< CF-Cache-Status: HIT
< Access-Control-Allow-Origin: *
< Age: 249
< Cache-Control: public, max-age=300
< ETag: "3226b9764dd46d8abe56e611b644633b"
< Last-Modified: Wed, 17 Jun 2026 05:44:48 GMT
< Server: cloudflare

[PackageManager] waiting for 97 tasks
    [19.38ms]
Downloaded tslib versions
> HTTP/1.1 GET https://registry.npmjs.org/get-caller-file
> If-None-Match: W/"5b591b83f5aa1c10fa5099c435b1e9e2"
> Accept: application/vnd.npm.install-v1+json; q=1.0, application/json; q=0.8, */*
> Connection: keep-alive
> User-Agent: Bun/1.3.9
> Host: registry.npmjs.org
> Accept-Encoding: gzip, deflate, br, zstd

< 304 Not Modified
< Date: Sat, 03 Oct 2026 22:27:45 GMT
< Connection: keep-alive
< set-cookie: __cf_bm=OI06gt2ISphXr5ZI.cTY2393zSIhhfesttq_VKoBLSo-1791066465.761716-1.0.1.1-s5bcgNPxxz7Rn0TiX9OyVguvsUeAYx4L8SvAK8cQQV.e_3X0PbZvrTlZA9LftZUPzQMuFEtjDYzWdrXPQVjSBdPwPibkrhg6G7ZVTR4ATkHQun1fxzedF4Clv9687RD5; HttpOnly; SameSite=None; Secure; Path=/; Domain=npmjs.org; Expires=Sat, 03 Oct 2026 22:57:45 GMT
< set-cookie: _cfuvid=tz4Wq8DsphuScQgUn9.f4dnnOzbic8atVVrvGFpC0E0-1791066465.761716-1.0.1.1-anLi98xLpGn1sJzvnVDL6VtMXsQUOonTVWqO0643GxU; HttpOnly; SameSite=None; Secure; Path=/; Domain=npmjs.org
< CF-Ray: a44f60430b1b5f50-TIA
< CF-Cache-Status: HIT
< Access-Control-Allow-Origin: *
< Age: 270
< Cache-Control: public, max-age=300
< ETag: "ffd3a46d9bd306a0142e735c284f65fd"
< Last-Modified: Sun, 26 Jul 2026 14:57:38 GMT
< Server: cloudflare

< 304 Not Modified
< Date: Sat, 03 Oct 2026 22:27:45 GMT
< Connection: keep-alive
< set-cookie: __cf_bm=svH5mhuS.tAmBZ7Zf7ayijU_MDgM.IWXvU4aCjeQX8s-1791066465.761824-1.0.1.1-muih9rV_QvMBv6hdICRy9fDdaR3RrVYAcbL_xrj2VJ0PU8ir7PQRMAmhZnbziOJUjkcl80Ulf4gvo5C.Y4ySkJIARl1xye6XeO6MurWkkBljhXfPU78X7X4.TjvyD306; HttpOnly; SameSite=None; Secure; Path=/; Domain=npmjs.org; Expires=Sat, 03 Oct 2026 22:57:45 GMT
< set-cookie: _cfuvid=tzWSV_hlblhBlBq7AOaubb_hshzV_jmpmiazPNGzn88-1791066465.761824-1.0.1.1-8mnOQ7Xbh.7JopACtyL9M7HbN2NbjSe5wzDZs1lKlpM; HttpOnly; SameSite=None; Secure; Path=/; Domain=npmjs.org
< CF-Ray: a44f60430de39b00-TIA
< CF-Cache-Status: HIT
< Access-Control-Allow-Origin: *
< Age: 270
< Cache-Control: public, max-age=300
< ETag: "4e8e5149412e4f1306b81326c5910fb6"
< Last-Modified: Mon, 17 Mar 2025 02:36:27 GMT
< Server: cloudflare

   - "tslib": "^2.1.0" - tslib@2.8.1
[PackageManager] waiting for 96 tasks
> HTTP/1.1 GET https://registry.npmjs.org/require-directory
> If-None-Match: W/"069e16c98ac8a33d73c6b21a1565b433"
> Accept: application/vnd.npm.install-v1+json; q=1.0, application/json; q=0.8, */*
> Connection: keep-alive
> User-Agent: Bun/1.3.9
> Host: registry.npmjs.org
> Accept-Encoding: gzip, deflate, br, zstd

    [19.40ms]
Downloaded ansi-styles versions
> HTTP/1.1 GET https://registry.npmjs.org/has-flag
> If-None-Match: W/"2864858066f889a1c669cb8f9848a8a9"
> Accept: application/vnd.npm.install-v1+json; q=1.0, application/json; q=0.8, */*
> Connection: keep-alive
> User-Agent: Bun/1.3.9
> Host: registry.npmjs.org
> Accept-Encoding: gzip, deflate, br, zstd

   - "ansi-styles": "^4.1.0" - ansi-styles@4.3.0
    [19.12ms]
Downloaded cliui versions
   - "cliui": "^8.0.1" - cliui@8.0.1
Enqueue package manifest for download: color-convert
Enqueue package manifest for download: wrap-ansi
Enqueue package manifest for download: strip-ansi
< 304 Not Modified
< Date: Sat, 03 Oct 2026 22:27:45 GMT
< Connection: keep-alive
< set-cookie: __cf_bm=K2F_uI4m1SYi75otWeekKywX1ixGN3M10epVAxZUmnc-1791066465.7704446-1.0.1.1-bufdmxKUn.MnINPaOuf3b7zfX8FUTFuYroQlo2GffGIhsquRQI_Ui6ojwg6GPExOWPDsxr4zwf.K9JbD5cdd4k8JBL1wQ3KgvTjSXrF6vcWEDgmA55vTcgDhVQPqfNJl; HttpOnly; SameSite=None; Secure; Path=/; Domain=npmjs.org; Expires=Sat, 03 Oct 2026 22:57:45 GMT
< set-cookie: _cfuvid=MbsLul35lRX_BlSq8ZMQd2BUexopsC2FvRzJh1QKJ3I-1791066465.7704446-1.0.1.1-513ZNxqMQZSGe9eohM2hJ.q7.xfxvQCKmasRolGMxSc; HttpOnly; SameSite=None; Secure; Path=/; Domain=npmjs.org
< CF-Ray: a44f60430b275f50-TIA
< CF-Cache-Status: HIT
< Access-Control-Allow-Origin: *
< Age: 230
< Cache-Control: public, max-age=300
< ETag: "ca2cd15dc7bf331379908cca82adeeb8"
< Last-Modified: Thu, 20 Aug 2026 21:27:57 GMT
< Server: cloudflare

[PackageManager] waiting for 97 tasks
    [17.61ms]
Downloaded yargs-parser versions
> HTTP/1.1 GET https://registry.npmjs.org/ignore
> If-None-Match: W/"e6ff8ca038b413a9fec7c62cd387d4f4"
> Accept: application/vnd.npm.install-v1+json; q=1.0, application/json; q=0.8, */*
> Connection: keep-alive
> User-Agent: Bun/1.3.9
> Host: registry.npmjs.org
> Accept-Encoding: gzip, deflate, br, zstd

   - "yargs-parser": "^21.1.1" - yargs-parser@21.1.1
< 304 Not Modified
< Date: Sat, 03 Oct 2026 22:27:45 GMT
< Connection: keep-alive
< set-cookie: __cf_bm=jSqWRLHLI99K0RfF3sBHbDhQt0pZDZoJhsUrh2QxLzc-1791066465.7791345-1.0.1.1-GJfY.b0eTr2AMWUDNUl0xubajihPzzgYXnvH_wMbrap_4UVI5Rn0ZOLMzxqyqtPo5oFaDqnk0smDJ8Adi9rN_PPMt6vOdaM7Cz09MoCz_WJ1PZZ31YaVpYLJFKZesHMZ; HttpOnly; SameSite=None; Secure; Path=/; Domain=npmjs.org; Expires=Sat, 03 Oct 2026 22:57:45 GMT
< set-cookie: _cfuvid=VrWuol_BOPNJE8wCDjWnJTSRydW0uASG2vx6lAzMUSg-1791066465.7791345-1.0.1.1-FwxHQQYg2tkVTon.vtIigeAIOUSjS9Kh09XBrzCF9zU; HttpOnly; SameSite=None; Secure; Path=/; Domain=npmjs.org
< CF-Ray: a44f60431b335f50-TIA
< CF-Cache-Status: HIT
< Access-Control-Allow-Origin: *
< Age: 186
< Cache-Control: public, max-age=300
< ETag: "069e16c98ac8a33d73c6b21a1565b433"
< Last-Modified: Sun, 26 Jun 2022 11:36:42 GMT
< Server: cloudflare

[PackageManager] waiting for 96 tasks
    [15.29ms]
Downloaded require-directory versions
   - "require-directory": "^2.1.1" - require-directory@2.1.1
> HTTP/1.1 GET https://registry.npmjs.org/pkg-types
> If-None-Match: W/"49ca12bac611845d471252913e90720c"
> Accept: application/vnd.npm.install-v1+json; q=1.0, application/json; q=0.8, */*
> Connection: keep-alive
> User-Agent: Bun/1.3.9
> Host: registry.npmjs.org
> Accept-Encoding: gzip, deflate, br, zstd

< 304 Not Modified
< Date: Sat, 03 Oct 2026 22:27:45 GMT
< Connection: keep-alive
< set-cookie: __cf_bm=e9JVRM8YpDS5_8gZl.d4kC6YvwUbquFu.szgo_vhBiE-1791066465.714549-1.0.1.1-jPx1JF6PJVPg4t3L8Q5vuI3s3AjTVCiQeoRK0MNMT4PV7E4TLDi_OHMbWu51zMfsQEVyoCKtf9zxUdcq6Tv006hdxVhHMeaDlEB11ggR1OrXNB5fZydEMdY_YwpTXpd_; HttpOnly; SameSite=None; Secure; Path=/; Domain=npmjs.org; Expires=Sat, 03 Oct 2026 22:57:45 GMT
< set-cookie: _cfuvid=Pi_T93oH6xfMqSCfKjRxjKIj6n3eFnO5n4toQEQ9OZw-1791066465.714549-1.0.1.1-IQihXcAhAzxwM.UNa56kSuvEqEspq9goEi7LnaiNOpo; HttpOnly; SameSite=None; Secure; Path=/; Domain=npmjs.org
< CF-Ray: a44f6042baca5f50-TIA
< CF-Cache-Status: HIT
< Access-Control-Allow-Origin: *
< Age: 179
< Cache-Control: public, max-age=300
< ETag: "5d45b4f154102524f81d78aa1bdfa043"
< Last-Modified: Sat, 03 Oct 2026 17:33:19 GMT
< Server: cloudflare

[PackageManager] waiting for 95 tasks
    [233.90ms]
Downloaded @tscircuit/capacity-autorouter versions
> HTTP/1.1 GET https://registry.npmjs.org/tinyglobby
> If-None-Match: W/"e15d9a74a9204af91d01564b2e74febd"
> Accept: application/vnd.npm.install-v1+json; q=1.0, application/json; q=0.8, */*
> Connection: keep-alive
> User-Agent: Bun/1.3.9
> Host: registry.npmjs.org
> Accept-Encoding: gzip, deflate, br, zstd

< 304 Not Modified
< Date: Sat, 03 Oct 2026 22:27:45 GMT
< Connection: keep-alive
< set-cookie: __cf_bm=jRGp0Ltm4Jj1FtOH.8JE7Ur3mfo2B3ThcoSV1KdC18c-1791066465.7792933-1.0.1.1-E_haiPvsUUkAJoQ1Og2UmBXOHo5_EaUIa0bt08L0BmDFZ5G0NjfZ0Z0f6K6vSiEjUKh6Hh5KQk1BkHl4bvtviL34tYvHjWDjap_2VQ6bAzb4enjVPGXSnRsxMREFgQkG; HttpOnly; SameSite=None; Secure; Path=/; Domain=npmjs.org; Expires=Sat, 03 Oct 2026 22:57:45 GMT
< set-cookie: _cfuvid=5.1fY5ibCYzS2Vxo8feyKexnBeX5l_SX8ENobDILgDc-1791066465.7792933-1.0.1.1-KiBQbZSKAXm2sMFsEX6DHvAfnT0Ny8MPVIdjpx1OVfs; HttpOnly; SameSite=None; Secure; Path=/; Domain=npmjs.org
< CF-Ray: a44f60431b397c08-TIA
< CF-Cache-Status: HIT
< Access-Control-Allow-Origin: *
< Age: 233
< Cache-Control: public, max-age=300
< ETag: "5b591b83f5aa1c10fa5099c435b1e9e2"
< Last-Modified: Sun, 10 Sep 2023 02:37:51 GMT
< Server: cloudflare

< 304 Not Modified
< Date: Sat, 03 Oct 2026 22:27:45 GMT
< Connection: keep-alive
< set-cookie: __cf_bm=9d33aATocz.c3k3afunQ2b0DS69UR8wtj3VnO5BvVB4-1791066465.7793822-1.0.1.1-HHtmDljvLW95Jii99v7.zg6KAvwNKms6KD5jrYd2RjRlLYkuV18QJxf6.wkINHT7k13IqZfrybYGcq5_YT46dTwcitn4_LlGqAnRxsiJ63lDYGrEXMsFXXxT7qaMWDi2; HttpOnly; SameSite=None; Secure; Path=/; Domain=npmjs.org; Expires=Sat, 03 Oct 2026 22:57:45 GMT
< set-cookie: _cfuvid=baAyAQAr4sFmNqmEQyihTf4Pm6KETPx88Opze.XsOdU-1791066465.7793822-1.0.1.1-OQJw5CWvVkdG.fdws6o_cQmPZmcvcedksVSQPhj3WO0; HttpOnly; SameSite=None; Secure; Path=/; Domain=npmjs.org
< CF-Ray: a44f60431e0e9b00-TIA
< CF-Cache-Status: HIT
< Access-Control-Allow-Origin: *
< Age: 179
< Cache-Control: public, max-age=300
< ETag: "2864858066f889a1c669cb8f9848a8a9"
< Last-Modified: Mon, 17 Apr 2023 23:19:33 GMT
< Server: cloudflare

> HTTP/1.1 GET https://registry.npmjs.org/isbinaryfile
> If-None-Match: W/"b9e7839a3e93c2f59a72ed0a9b0c8fb0"
> Accept: application/vnd.npm.install-v1+json; q=1.0, application/json; q=0.8, */*
> Connection: keep-alive
> User-Agent: Bun/1.3.9
> Host: registry.npmjs.org
> Accept-Encoding: gzip, deflate, br, zstd

> HTTP/1.1 GET https://registry.npmjs.org/query-registry
> If-None-Match: W/"f72d35e1fec6fc692930a34805173eee"
> Accept: application/vnd.npm.install-v1+json; q=1.0, application/json; q=0.8, */*
> Connection: keep-alive
> User-Agent: Bun/1.3.9
> Host: registry.npmjs.org
> Accept-Encoding: gzip, deflate, br, zstd

< 304 Not Modified
< Date: Sat, 03 Oct 2026 22:27:45 GMT
< Connection: keep-alive
< set-cookie: __cf_bm=3OlExxEWsPC0a5tNH_UUH9akA.awUQzVKBG2X.e0ZC0-1791066465.7307138-1.0.1.1-VJ4pF8BtJqkieq3S_V7y4HBIzV6qQLRILU65caNdyw1VHMZgZamZ8bl3E9X489azBdfUyzF6vbX1P8BXCAL2GsPqIW38jJXJjx2KmGcwwM8Ls8DhIy2kU4XIroOa7ElV; HttpOnly; SameSite=None; Secure; Path=/; Domain=npmjs.org; Expires=Sat, 03 Oct 2026 22:57:45 GMT
< set-cookie: _cfuvid=VcUK5MMq8Nar0WD.6wDRdFLLauh7V92ulRHamd23obk-1791066465.7307138-1.0.1.1-kA3b_0TwLGngkb0LYi63s6oAnVISLD_knHksM8yQobI; HttpOnly; SameSite=None; Secure; Path=/; Domain=npmjs.org
< CF-Ray: a44f6042cf08a5b3-TIA
< CF-Cache-Status: HIT
< Access-Control-Allow-Origin: *
< Age: 175
< Cache-Control: public, max-age=300
< ETag: "287ce774f85f0657fd47f7debca55046"
< Last-Modified: Thu, 20 Aug 2026 00:55:43 GMT
< Server: cloudflare

> HTTP/1.1 GET https://registry.npmjs.org/@octokit%2faction
> If-None-Match: W/"205c4aa1c0a988493c644fe864464620"
> Accept: application/vnd.npm.install-v1+json; q=1.0, application/json; q=0.8, */*
> Connection: keep-alive
> User-Agent: Bun/1.3.9
> Host: registry.npmjs.org
> Accept-Encoding: gzip, deflate, br, zstd

   - "@tscircuit/capacity-autorouter": "^0.0.954" - @tscircuit/capacity-autorouter@0.0.954
   - "@tscircuit/capacity-autorouter": "0.0.718" - @tscircuit/capacity-autorouter@0.0.718
Enqueue package manifest for download: object-hash
Enqueue package manifest for download: fast-json-stable-stringify
[PackageManager] waiting for 97 tasks
    [20.00ms]
Downloaded get-caller-file versions
   - "get-caller-file": "^2.0.5" - get-caller-file@2.0.5
    [19.96ms]
Downloaded has-flag versions
   - "has-flag": "^4.0.0" - has-flag@4.0.0
    [234.00ms]
Downloaded @tscircuit/ngspice-spice-engine versions
   - "@tscircuit/ngspice-spice-engine": "^0.0.20" - @tscircuit/ngspice-spice-engine@0.0.20
< 304 Not Modified
< Date: Sat, 03 Oct 2026 22:27:45 GMT
< Connection: keep-alive
< set-cookie: __cf_bm=qyAIuVWvPgMhu4obxcY0zOx0psznqgFOarJe6bR9OWU-1791066465.7262907-1.0.1.1-IAsGSvcAJpSfsF5ghuKNorYo9eMD65hMWtrrEnqZxZG3XBD17S2BHncQ_LetgpcISRkT14vHQUCUPpgM6v1KefbSeTanZ1Jmi9EgFRLUWruVIO2AYEoOxbqVPzMwl1UN; HttpOnly; SameSite=None; Secure; Path=/; Domain=npmjs.org; Expires=Sat, 03 Oct 2026 22:57:45 GMT
< set-cookie: _cfuvid=nZWqAF7zsfpi7CA73dy68QWGMP0KcOKNmktdqrcHrTs-1791066465.7262907-1.0.1.1-58LaTxwTASjEWUAEkVj9lc8U31Gd5GFC3KiNULjLbxI; HttpOnly; SameSite=None; Secure; Path=/; Domain=npmjs.org
< CF-Ray: a44f6042cae27c08-TIA
< CF-Cache-Status: HIT
< Access-Control-Allow-Origin: *
< Age: 175
< Cache-Control: public, max-age=300
< ETag: "8e2e07be541ed09390c7cb1b69c8504c"
< Last-Modified: Sat, 03 Oct 2026 19:27:33 GMT
< Server: cloudflare

[PackageManager] waiting for 94 tasks
< 304 Not Modified
< Date: Sat, 03 Oct 2026 22:27:45 GMT
< Connection: keep-alive
< set-cookie: __cf_bm=i4kg0jMikJHmA81VzdXenCpgZB49g6uhb0mBWEFZQ5M-1791066465.7264423-1.0.1.1-CjAoAxeAfMmZFX5mXet8ynGjUh3ovsa3HvkZ9dMB_rPFIiTNFCZK98Fu0l_FKh7eZOykmQ4hhwxueiaWNvTTeL8Ljd_7WkBzPYkrQKRfzDrIWwFllglYPfqcQ9ZawNNM; HttpOnly; SameSite=None; Secure; Path=/; Domain=npmjs.org; Expires=Sat, 03 Oct 2026 22:57:45 GMT
< set-cookie: _cfuvid=KPVXjINy.i6y4f2wTDtmsZwDO3a3qrKxRB4DHdEXeK0-1791066465.7264423-1.0.1.1-jYxBpvuth.X9QJlJwvVbTqpzj4E.UatHtGGy4vh7EmU; HttpOnly; SameSite=None; Secure; Path=/; Domain=npmjs.org
< CF-Ray: a44f6042cae57c08-TIA
< CF-Cache-Status: HIT
< Access-Control-Allow-Origin: *
< Age: 175
< Cache-Control: public, max-age=300
< ETag: "7f0bc6f4706d3d191dfefc27ff469cdb"
< Last-Modified: Sat, 03 Oct 2026 21:00:40 GMT
< Server: cloudflare

    [239.27ms]
Downloaded @tscircuit/modelprinter versions
> HTTP/1.1 GET https://registry.npmjs.org/@jsdevtools%2fez-spawn
> If-None-Match: W/"e4d1471e01635a4da847cf86355eeac8"
> Accept: application/vnd.npm.install-v1+json; q=1.0, application/json; q=0.8, */*
> Connection: keep-alive
> User-Agent: Bun/1.3.9
> Host: registry.npmjs.org
> Accept-Encoding: gzip, deflate, br, zstd

> HTTP/1.1 GET https://registry.npmjs.org/flatqueue
> If-None-Match: W/"8220d687eb71c2e299e57a68854cfdaf"
> Accept: application/vnd.npm.install-v1+json; q=1.0, application/json; q=0.8, */*
> Connection: keep-alive
> User-Agent: Bun/1.3.9
> Host: registry.npmjs.org
> Accept-Encoding: gzip, deflate, br, zstd

< 304 Not Modified
< Date: Sat, 03 Oct 2026 22:27:45 GMT
< Connection: keep-alive
< set-cookie: __cf_bm=NL4RK_zjkqd6FsLFmmZXtHqIjqZJMGmPG2jH2g.usBU-1791066465.7262642-1.0.1.1-J6W86PyVA8aaN1huuf29nnFTasDrPV_Tj7FQXpprCjAZR7lTiO14F7Ksc51b5du7DjpZyT7aZE2qLpQb7YwMVeL08_vS02qyj0pA6_3_bMOCE.yDvneao2K9PJ3w._6q; HttpOnly; SameSite=None; Secure; Path=/; Domain=npmjs.org; Expires=Sat, 03 Oct 2026 22:57:45 GMT
< set-cookie: _cfuvid=bbPkKXjg7LJrPH5VomdgFlejo0E.NTQkhkt17KY5DrQ-1791066465.7262642-1.0.1.1-11rb4EOR8w2qXDWptBI4RcRHiv8ASkPzJkUiOhY1Y1g; HttpOnly; SameSite=None; Secure; Path=/; Domain=npmjs.org
< CF-Ray: a44f6042cad4f474-TIA
< CF-Cache-Status: HIT
< Access-Control-Allow-Origin: *
< Age: 175
< Cache-Control: public, max-age=300
< ETag: "9adde36acf5a9852638694142b050f91"
< Last-Modified: Wed, 21 May 2025 15:48:42 GMT
< Server: cloudflare

< 304 Not Modified
< Date: Sat, 03 Oct 2026 22:27:45 GMT
< Connection: keep-alive
< set-cookie: __cf_bm=OfCADjZRBas7H93tRxK56JdymMEKR10r.QDO_SZOfF0-1791066465.7181814-1.0.1.1-adRHkNm8OEhmx4IPekSZc8cU._8kBXqGfz7YhR3T2K.6WfZE3D7o03Oz9riMnIVXaGTlePYhGriFrXrjYtxucLdeBR_YNz9.fr04lG2rBjzuzXT.6P4kSx.lDplA2Z9W; HttpOnly; SameSite=None; Secure; Path=/; Domain=npmjs.org; Expires=Sat, 03 Oct 2026 22:57:45 GMT
< set-cookie: _cfuvid=bhbjU_V6wnbKP.cAdUIdft7ndG9JJw26MurX83nmhCQ-1791066465.7181814-1.0.1.1-vZweGwgc189sbsT78qp543l4MlAJid_hYJ0N3.QQnMw; HttpOnly; SameSite=None; Secure; Path=/; Domain=npmjs.org
< CF-Ray: a44f6042ba2951a4-TIA
< CF-Cache-Status: HIT
< Access-Control-Allow-Origin: *
< Age: 241
< Cache-Control: public, max-age=300
< ETag: "5908c8a389ce59922af03870fb4e5e12"
< Last-Modified: Tue, 17 Sep 2024 18:44:51 GMT
< Server: cloudflare

< 304 Not Modified
< Date: Sat, 03 Oct 2026 22:27:45 GMT
< Connection: keep-alive
< set-cookie: __cf_bm=tI26U6Cue3pfVMzLGVVvP1DAgGLQO348kIKLk99qtb8-1791066465.7263634-1.0.1.1-TXwZuSE21MGnnGNVwxITl_D4SO9u5.082yCR9pZCcM5MU2BN2WUKueN9Gp3TT0Lx.yE.Gozf4sKbdKqkqxt.RJJZoLUXi5CRfcoMCdGPaLI6ERSYldBvKYrkVikGGwrp; HttpOnly; SameSite=None; Secure; Path=/; Domain=npmjs.org; Expires=Sat, 03 Oct 2026 22:57:45 GMT
< set-cookie: _cfuvid=egBa0HUdZyfSF0pbCmfNnbveeXHKuCeZeS8Lk76rpLY-1791066465.7263634-1.0.1.1-bFJmG9aXUiDRK42lPV.FJ90T3k3UsTpVRHWIGmYdYKM; HttpOnly; SameSite=None; Secure; Path=/; Domain=npmjs.org
< CF-Ray: a44f6042ca3751a4-TIA
< CF-Cache-Status: HIT
< Access-Control-Allow-Origin: *
< Age: 175
< Cache-Control: public, max-age=300
< ETag: "21d233873517b7904bcd3897c149aecf"
< Last-Modified: Thu, 31 Jul 2025 00:52:28 GMT
< Server: cloudflare

< 304 Not Modified
< Date: Sat, 03 Oct 2026 22:27:45 GMT
< Connection: keep-alive
< set-cookie: __cf_bm=Vr44IlsRFK.qUHSYm_IbHX7Wns.mknF.z7P1aKP84wM-1791066465.7883036-1.0.1.1-XWf4gkx6t46RYl9nEAyC.2jQorVw_5qNH2Z2UdlNveo_7unJrWQaFTTzEC6w4itTIro0O_dbH.RYkQsbhNNRXEbh8_O.ocdzjkAIg3qQatMKnWXoUVr.rjUp2S4WeS5h; HttpOnly; SameSite=None; Secure; Path=/; Domain=npmjs.org; Expires=Sat, 03 Oct 2026 22:57:45 GMT
< set-cookie: _cfuvid=_RAEgNiTR5xJWMf4tIoCoH4Q4oO6ijtd0bsfwcAjbsw-1791066465.7883036-1.0.1.1-n85n0GWzwIYyyCQirWFG7BiZrdi00pq..i32ZC7_T9o; HttpOnly; SameSite=None; Secure; Path=/; Domain=npmjs.org
< CF-Ray: a44f60432b3f5f50-TIA
< CF-Cache-Status: HIT
< Access-Control-Allow-Origin: *
< Age: 266
< Cache-Control: public, max-age=300
< ETag: "e6ff8ca038b413a9fec7c62cd387d4f4"
< Last-Modified: Fri, 02 Oct 2026 12:24:56 GMT
< Server: cloudflare

> HTTP/1.1 GET https://registry.npmjs.org/axios
> If-None-Match: W/"861e81a9dd75dc51573fd02a6c3f0130"
> Accept: application/vnd.npm.install-v1+json; q=1.0, application/json; q=0.8, */*
> Connection: keep-alive
> User-Agent: Bun/1.3.9
> Host: registry.npmjs.org
> Accept-Encoding: gzip, deflate, br, zstd

> HTTP/1.1 GET https://registry.npmjs.org/npm-package-arg
> If-None-Match: W/"e9f243f50ac09dcd93619b679d9d7b7d"
> Accept: application/vnd.npm.install-v1+json; q=1.0, application/json; q=0.8, */*
> Connection: keep-alive
> User-Agent: Bun/1.3.9
> Host: registry.npmjs.org
> Accept-Encoding: gzip, deflate, br, zstd

> HTTP/1.1 GET https://registry.npmjs.org/package-options
> If-None-Match: W/"6466c2eb9c4849cca0efa07fcb2d45fb"
> Accept: application/vnd.npm.install-v1+json; q=1.0, application/json; q=0.8, */*
> Connection: keep-alive
> User-Agent: Bun/1.3.9
> Host: registry.npmjs.org
> Accept-Encoding: gzip, deflate, br, zstd

> HTTP/1.1 GET https://registry.npmjs.org/semver
> If-None-Match: W/"42d41be2ad5a000d96e7426367c79a5d"
> Accept: application/vnd.npm.install-v1+json; q=1.0, application/json; q=0.8, */*
> Connection: keep-alive
> User-Agent: Bun/1.3.9
> Host: registry.npmjs.org
> Accept-Encoding: gzip, deflate, br, zstd

   - "@tscircuit/modelprinter": "^0.0.5" - @tscircuit/modelprinter@0.0.5
Enqueue package manifest for download: @tscircuit/mm
[PackageManager] waiting for 94 tasks
    [239.32ms]
Downloaded @tscircuit/props versions
   - "@tscircuit/props": "^0.0.682" - @tscircuit/props@0.0.682
    [239.36ms]
Downloaded @tscircuit/infgrid-ijump-astar versions
   - "@tscircuit/infgrid-ijump-astar": "^0.0.35" - @tscircuit/infgrid-ijump-astar@0.0.35
    [239.36ms]
Downloaded @lume/kiwi versions
   - "@lume/kiwi": "^0.4.3" - @lume/kiwi@0.4.4
    [239.38ms]
Downloaded @tscircuit/miniflex versions
   - "@tscircuit/miniflex": "^0.0.4" - @tscircuit/miniflex@0.0.4
    [18.91ms]
Downloaded ignore versions
   - "ignore": "^5.3.1" - ignore@5.3.2
< 304 Not Modified
< Date: Sat, 03 Oct 2026 22:27:45 GMT
< Connection: keep-alive
< set-cookie: __cf_bm=u10861gm6uFHTeTg2frgfEO36m0EnkM8qIwwcecfP6Q-1791066465.7304223-1.0.1.1-Y8QeyBJ0g6o4AZEzwHQKLxlqz05beXDoFP3e1kSLjE9iCDlxRFfrE.VDS9sEGHNv6HJ0v7fwHE8yTd93rH4iUuFLs0z3hu_3peotTt8nELIc3NccAqupdpaE2ld5ise9; HttpOnly; SameSite=None; Secure; Path=/; Domain=npmjs.org; Expires=Sat, 03 Oct 2026 22:57:45 GMT
< set-cookie: _cfuvid=lKbqA837I21Fr16PvsyrqR5CoTZHqjb5cLe4vrvovcQ-1791066465.7304223-1.0.1.1-w2a7R1cEB7uNsY8SroYWyYMzAtjxQUkzikanbpXZKvQ; HttpOnly; SameSite=None; Secure; Path=/; Domain=npmjs.org
< CF-Ray: a44f6042cd9b9b00-TIA
< CF-Cache-Status: HIT
< Access-Control-Allow-Origin: *
< Age: 294
< Cache-Control: public, max-age=300
< ETag: "9043fe8f1144a92845cbddcc4a1e1e6e"
< Last-Modified: Wed, 19 Aug 2026 21:37:27 GMT
< Server: cloudflare

[PackageManager] waiting for 89 tasks
    [240.70ms]
Downloaded @tscircuit/math-utils versions
> HTTP/1.1 GET https://registry.npmjs.org/tar
> If-None-Match: W/"71eba7a8052133bbabb2ea23a6647416"
> Accept: application/vnd.npm.install-v1+json; q=1.0, application/json; q=0.8, */*
> Connection: keep-alive
> User-Agent: Bun/1.3.9
> Host: registry.npmjs.org
> Accept-Encoding: gzip, deflate, br, zstd

< 304 Not Modified
< Date: Sat, 03 Oct 2026 22:27:45 GMT
< Connection: keep-alive
< set-cookie: __cf_bm=UIq_Pqzo0sUPAYRH8NeWMX8J4yZoJ8iMBf9wgE2ZCwQ-1791066465.7301974-1.0.1.1-t9gMPRzAdG08_qh7ZJK3XJv8_pNma2RgigJ3ZHLRvBUAIUZ5usQiEqohsqdafBOtYcTwfSiPAXOBnujalg1tyasT9WA9nQGXR8H1n4BfrMzs1AxM0w0iVyyimuN8e2CN; HttpOnly; SameSite=None; Secure; Path=/; Domain=npmjs.org; Expires=Sat, 03 Oct 2026 22:57:45 GMT
< set-cookie: _cfuvid=SEQCmEyqA3tpys26ayhGqIVZJbjjy5g01Wyd6FTczIQ-1791066465.7301974-1.0.1.1-yVCJpvW9sSP12pz5MVoGGch70tN8vaj4hvQfHuXrbYM; HttpOnly; SameSite=None; Secure; Path=/; Domain=npmjs.org
< CF-Ray: a44f6042cadff474-TIA
< CF-Cache-Status: HIT
< Access-Control-Allow-Origin: *
< Age: 175
< Cache-Control: public, max-age=300
< ETag: "808f8ede489fa0953a3c773788c33fcf"
< Last-Modified: Thu, 20 Aug 2026 00:55:20 GMT
< Server: cloudflare

< 304 Not Modified
< Date: Sat, 03 Oct 2026 22:27:45 GMT
< Connection: keep-alive
< set-cookie: __cf_bm=UJEDjoWjRizEv9PK.pJbltj7bM8aCPvJNUvgf.tiurI-1791066465.7303386-1.0.1.1-XaaL8P7JWK_tyTRiAK6odGmxr21hR_qtXCNcc0vgTmmFVsPG8452snnLGiOfwxXVasevJlglzuIi00.opUyaMvJb_j3jBl9.AvDnrvIY1Y4PDYSuNhcRD9RI2ObHy7bA; HttpOnly; SameSite=None; Secure; Path=/; Domain=npmjs.org; Expires=Sat, 03 Oct 2026 22:57:45 GMT
< set-cookie: _cfuvid=foHCn6P2n3Z4T1o4RUvJl1x.TzXR949xg9PmTAwZJvk-1791066465.7303386-1.0.1.1-aKJVXdmFmQpkTo0WXj74RyDi.oYnuvClSuhWsIpUaaw; HttpOnly; SameSite=None; Secure; Path=/; Domain=npmjs.org
< CF-Ray: a44f6042cd999b00-TIA
< CF-Cache-Status: HIT
< Access-Control-Allow-Origin: *
< Age: 175
< Cache-Control: public, max-age=300
< ETag: "e07990909e3189950bc302e868b3e938"
< Last-Modified: Sat, 03 Oct 2026 13:46:36 GMT
< Server: cloudflare

   - "@tscircuit/math-utils": "^0.0.36" - @tscircuit/math-utils@0.0.36
   - "@tscircuit/math-utils": "^0.0.9" - @tscircuit/math-utils@0.0.9
< 304 Not Modified
< Date: Sat, 03 Oct 2026 22:27:45 GMT
< Connection: keep-alive
< set-cookie: __cf_bm=jXTDuchccrTXptGEAJgOhuK.p1YvpP.llMxLjTZ_be0-1791066465.7346866-1.0.1.1-orAS2IxlqvdJluyp4g.rjsrLqCfHx6bVg9dP8nlIEVBZt1ptlUf6piNib9Hxfl5B5YDzlCMTuZUywDfNNJnltvZlqC0DgeOO9yNzzAU2dpW_QRZuakfhPaIkazBMOZwV; HttpOnly; SameSite=None; Secure; Path=/; Domain=npmjs.org; Expires=Sat, 03 Oct 2026 22:57:45 GMT
< set-cookie: _cfuvid=RBMa.qPd2z5Ccq9fnx0tctfDZhmntJUAWXV_Hd7kSVk-1791066465.7346866-1.0.1.1-KRfvSSUbmmWRvuF2961zLCOqdSta68Tb.2s0ih__3eA; HttpOnly; SameSite=None; Secure; Path=/; Domain=npmjs.org
< CF-Ray: a44f6042df11a5b3-TIA
< CF-Cache-Status: HIT
< Access-Control-Allow-Origin: *
< Age: 175
< Cache-Control: public, max-age=300
< ETag: "83613d4075d07c786daab56be66fcdd6"
< Last-Modified: Thu, 21 Nov 2024 18:26:22 GMT
< Server: cloudflare

[PackageManager] waiting for 88 tasks
< 304 Not Modified
< Date: Sat, 03 Oct 2026 22:27:45 GMT
< Connection: keep-alive
< set-cookie: __cf_bm=ZYqrxeEnPfXIc_B.9e69vfdYq1wyqMo5.JLBSx2A.3U-1791066465.7303312-1.0.1.1-fbb0sPLFuNrBb7pGktGKvVTq57z3_typLIocMbthtmlydW9rIIOk0dm5rou8aqf8K5jKD.8t1vN5EUV7_OQT8pfofm.4rU4EVyQbl_jssiWfRSF6f3gKNNtDPdtgqdQd; HttpOnly; SameSite=None; Secure; Path=/; Domain=npmjs.org; Expires=Sat, 03 Oct 2026 22:57:45 GMT
< set-cookie: _cfuvid=Z8vq6n3mWHm3CmSuZ_keVDjBxo_C7I.qGQxdOxiGsho-1791066465.7303312-1.0.1.1-R8yECVJbdVuoaTzLQpHGfp3vfYCWe9iRuDz9.O377As; HttpOnly; SameSite=None; Secure; Path=/; Domain=npmjs.org
< CF-Ray: a44f6042cae95f50-TIA
< CF-Cache-Status: HIT
< Access-Control-Allow-Origin: *
< Age: 175
< Cache-Control: public, max-age=300
< ETag: "03e6e8f748f7e9cef9d940909629f9ab"
< Last-Modified: Wed, 30 Sep 2026 16:12:38 GMT
< Server: cloudflare

    [240.73ms]
Downloaded @tscircuit/image-utils versions
> HTTP/1.1 GET https://registry.npmjs.org/earcut
> If-None-Match: W/"b78a1faab116bd092ea6f81bfb6d5a51"
> Accept: application/vnd.npm.install-v1+json; q=1.0, application/json; q=0.8, */*
> Connection: keep-alive
> User-Agent: Bun/1.3.9
> Host: registry.npmjs.org
> Accept-Encoding: gzip, deflate, br, zstd

> HTTP/1.1 GET https://registry.npmjs.org/jscad-to-gltf
> If-None-Match: W/"5a120f804fd47c106e9b7bf63e5643d7"
> Accept: application/vnd.npm.install-v1+json; q=1.0, application/json; q=0.8, */*
> Connection: keep-alive
> User-Agent: Bun/1.3.9
> Host: registry.npmjs.org
> Accept-Encoding: gzip, deflate, br, zstd

   - "@tscircuit/image-utils": "^0.0.8" - @tscircuit/image-utils@0.0.8
    [240.74ms]
Downloaded @tscircuit/circuit-json-util versions
> HTTP/1.1 GET https://registry.npmjs.org/occt-import-js
> If-None-Match: W/"b3f88795471ef50b7e18cab3de312260"
> Accept: application/vnd.npm.install-v1+json; q=1.0, application/json; q=0.8, */*
> Connection: keep-alive
> User-Agent: Bun/1.3.9
> Host: registry.npmjs.org
> Accept-Encoding: gzip, deflate, br, zstd

   - "@tscircuit/circuit-json-util": "^0.0.118" - @tscircuit/circuit-json-util@0.0.118
    [240.78ms]
Downloaded @tscircuit/soup-util versions
> HTTP/1.1 GET https://registry.npmjs.org/@jscad%2fmodeling
> If-None-Match: W/"32ca80db22b49d30e2d45ec9e090e379"
> Accept: application/vnd.npm.install-v1+json; q=1.0, application/json; q=0.8, */*
> Connection: keep-alive
> User-Agent: Bun/1.3.9
> Host: registry.npmjs.org
> Accept-Encoding: gzip, deflate, br, zstd

< 304 Not Modified
< Date: Sat, 03 Oct 2026 22:27:45 GMT
< Connection: keep-alive
< set-cookie: __cf_bm=v4Dn3zUIIE.y70vRjEhiq82k4TaaJKuMDXIMQjlCqA4-1791066465.7302914-1.0.1.1-rULlVZBNyTm31vdf1WD6EaqqKsv4S8CYRlEeC7BvcBZn_S1Ahw8GFw.cOC3bIlLWJo7BSGJPLl5sjJ1K.ybkSKi5aGb10Wx7dgtkY.cWqQE_X4N.3tYmfZodhJo.yqpC; HttpOnly; SameSite=None; Secure; Path=/; Domain=npmjs.org; Expires=Sat, 03 Oct 2026 22:57:45 GMT
< set-cookie: _cfuvid=VGaPsw_sO2RZR8Zs9c3Ct0CFzNA0SC4_1VMVVf80NZ4-1791066465.7302914-1.0.1.1-RSs8HKgmYzldgFaM0xijmLSiBLg.afo_I2niJQZQjXY; HttpOnly; SameSite=None; Secure; Path=/; Domain=npmjs.org
< CF-Ray: a44f6042cadef474-TIA
< CF-Cache-Status: HIT
< Access-Control-Allow-Origin: *
< Age: 175
< Cache-Control: public, max-age=300
< ETag: "956b6d2dd63b0ad56733251644062a12"
< Last-Modified: Thu, 20 Aug 2026 00:55:09 GMT
< Server: cloudflare

> HTTP/1.1 GET https://registry.npmjs.org/jscad-electronics
> If-None-Match: W/"2f2c4a7671853aeecfd169a5f63960f5"
> Accept: application/vnd.npm.install-v1+json; q=1.0, application/json; q=0.8, */*
> Connection: keep-alive
> User-Agent: Bun/1.3.9
> Host: registry.npmjs.org
> Accept-Encoding: gzip, deflate, br, zstd

   - "@tscircuit/soup-util": "^0.0.41" - @tscircuit/soup-util@0.0.41
Enqueue package manifest for download: color-diff
Enqueue package manifest for download: parsel-js
[PackageManager] waiting for 87 tasks
    [240.81ms]
Downloaded @tscircuit/matchpack versions
   - "@tscircuit/matchpack": "^0.0.97" - @tscircuit/matchpack@0.0.97
    [240.90ms]
Downloaded @tscircuit/infer-cable-insertion-point versions
   - "@tscircuit/infer-cable-insertion-point": "^0.0.4" - @tscircuit/infer-cable-insertion-point@0.0.4
< 304 Not Modified
< Date: Sat, 03 Oct 2026 22:27:45 GMT
< Connection: keep-alive
< set-cookie: __cf_bm=yJ.Pc5utUNbLxvUhPpgrNPlpiW0Inm0MXJd9c6yyNSY-1791066465.730604-1.0.1.1-qwiBITNL12n8Cb21CB9012Y.NsMak7B1o3wzmoG9I01vrKtEKolM4BD9O4Vf3UxtQCVUdnwdEsdzsVxeWN8kn0DUn1KOjU.IKV2cU0PfM2RxxpTwwKMT9ANHGThp_7aT; HttpOnly; SameSite=None; Secure; Path=/; Domain=npmjs.org; Expires=Sat, 03 Oct 2026 22:57:45 GMT
< set-cookie: _cfuvid=PdC6j4dvBbU58VQGAjnwICHX8MTFrCFVexNHa_pLy0E-1791066465.730604-1.0.1.1-FI..ue8Um72N0vF9k8crDLfpg1kFb2kIhn9v7pjDijI; HttpOnly; SameSite=None; Secure; Path=/; Domain=npmjs.org
< CF-Ray: a44f6042cf06a5b3-TIA
< CF-Cache-Status: HIT
< Access-Control-Allow-Origin: *
< Age: 175
< Cache-Control: public, max-age=300
< ETag: "042fc4e9c55e0285d3e7b502eaa51738"
< Last-Modified: Wed, 19 Aug 2026 22:00:25 GMT
< Server: cloudflare

< 304 Not Modified
< Date: Sat, 03 Oct 2026 22:27:45 GMT
< Connection: keep-alive
< set-cookie: __cf_bm=FS38xk_Z0TtNK8KrJnpYjAsPdfeDpHnLKw.5VX5oC38-1791066465.7303467-1.0.1.1-tQ1zSEejlYSN5ochrLF3630I_Z_8njAnANdG9oPnvXdgvw.o_Dr2a6iJMxPFWRjHvOnmxVjSGIrz.PK3fL.7vEinXv48rjkwphZTU2vgroBPSRi3zDwVeR6J64pk0b0C; HttpOnly; SameSite=None; Secure; Path=/; Domain=npmjs.org; Expires=Sat, 03 Oct 2026 22:57:45 GMT
< set-cookie: _cfuvid=Ic.7zEtYUu_IJQ7qkECNfhUTRko7YM3dxOn5Of3qbZw-1791066465.7303467-1.0.1.1-c2025UXPTVZlBgbocBCkszm1BMt5GC4pSBB4ppy2kp0; HttpOnly; SameSite=None; Secure; Path=/; Domain=npmjs.org
< CF-Ray: a44f6042cae85f50-TIA
< CF-Cache-Status: HIT
< Access-Control-Allow-Origin: *
< Age: 175
< Cache-Control: public, max-age=300
< ETag: "05db6b4009c0e5e2be3fe2c31a6bcb4c"
< Last-Modified: Wed, 26 Aug 2026 21:00:01 GMT
< Server: cloudflare

[PackageManager] waiting for 85 tasks
    [245.97ms]
Downloaded @tscircuit/solver-utils versions
> HTTP/1.1 GET https://registry.npmjs.org/@tscircuit%2falphabet
> If-None-Match: W/"5dd6d7ea9b2b155ac09a169d8d439a9e"
> Accept: application/vnd.npm.install-v1+json; q=1.0, application/json; q=0.8, */*
> Connection: keep-alive
> User-Agent: Bun/1.3.9
> Host: registry.npmjs.org
> Accept-Encoding: gzip, deflate, br, zstd

> HTTP/1.1 GET https://registry.npmjs.org/ms
> If-None-Match: W/"9a1e5161eccc0b29cda3f3743e1c9d9d"
> Accept: application/vnd.npm.install-v1+json; q=1.0, application/json; q=0.8, */*
> Connection: keep-alive
> User-Agent: Bun/1.3.9
> Host: registry.npmjs.org
> Accept-Encoding: gzip, deflate, br, zstd

< 304 Not Modified
< Date: Sat, 03 Oct 2026 22:27:45 GMT
< Connection: keep-alive
< set-cookie: __cf_bm=wmXuu7dwkTBZOULtesvCsz2VF6XjS6fIwMwOap59QXQ-1791066465.7307084-1.0.1.1-VPq8Dn51ef90lNUTgW5cltA3eyLecsBay_QYbEzOod.UzcWoFosFKIoc_5juh5iFnsCp0eZ_u1u1eNrQN9JpbWylIuho89HE__.tZmmbVO3eiJU9u9RBM9lEGJ9Ydbiw; HttpOnly; SameSite=None; Secure; Path=/; Domain=npmjs.org; Expires=Sat, 03 Oct 2026 22:57:45 GMT
< set-cookie: _cfuvid=oSaTB4IwpdR6Qqw3Q28uOz9HGLxctSuxICQStSX1sGo-1791066465.7307084-1.0.1.1-6o31x6V8KOuSQDGuI9dKLj4oNHd2dPCnEIXyLwLZCoc; HttpOnly; SameSite=None; Secure; Path=/; Domain=npmjs.org
< CF-Ray: a44f6042cf07a5b3-TIA
< CF-Cache-Status: HIT
< Access-Control-Allow-Origin: *
< Age: 175
< Cache-Control: public, max-age=300
< ETag: "699d91b432fbe348a85bf8f2d8107e8b"
< Last-Modified: Thu, 20 Aug 2026 00:57:21 GMT
< Server: cloudflare

   - "@tscircuit/solver-utils": "^0.0.16" - @tscircuit/solver-utils@0.0.16
   - "@tscircuit/solver-utils": "^0.0.19" - @tscircuit/solver-utils@0.0.19
    [245.99ms]
Downloaded @tscircuit/common versions
> HTTP/1.1 GET https://registry.npmjs.org/jpeg-js
> If-None-Match: W/"c80fd5ae23b9d87a28af976f529b9c23"
> Accept: application/vnd.npm.install-v1+json; q=1.0, application/json; q=0.8, */*
> Connection: keep-alive
> User-Agent: Bun/1.3.9
> Host: registry.npmjs.org
> Accept-Encoding: gzip, deflate, br, zstd

   - "@tscircuit/common": "^0.0.20" - @tscircuit/common@0.0.20
[PackageManager] waiting for 83 tasks
    [246.03ms]
Downloaded @tscircuit/krt-wasm versions
< 304 Not Modified
< Date: Sat, 03 Oct 2026 22:27:45 GMT
< Connection: keep-alive
< set-cookie: __cf_bm=42TlklEtJBCqcvIL8W3105JrKCvJ1eLFIZd7gJLrBhs-1791066465.7302918-1.0.1.1-N6WrAr78OpKsMh8ODUM4wKTH2CJdhDSw7IbIRakaBBrOxaw2maGPDeScYJ2uk54OScqqC45c.AcnuAaLMPDUZchzLhZss.3waDxaOhc24j6GloTpo8cu2QVszc5Lkz1C; HttpOnly; SameSite=None; Secure; Path=/; Domain=npmjs.org; Expires=Sat, 03 Oct 2026 22:57:45 GMT
< set-cookie: _cfuvid=IpxaVApADyZVr3lKVUIovHgwFEOnIb50qngAp28vLjs-1791066465.7302918-1.0.1.1-S2H1FbDING5G4Xujk1B7xTm6v1keFIuIFiT.GzTsw8s; HttpOnly; SameSite=None; Secure; Path=/; Domain=npmjs.org
< CF-Ray: a44f6042c9e4793f-TIA
< CF-Cache-Status: HIT
< Access-Control-Allow-Origin: *
< Age: 175
< Cache-Control: public, max-age=300
< ETag: "39182850339950512c85618dbeca92b2"
< Last-Modified: Sat, 03 Oct 2026 06:15:42 GMT
< Server: cloudflare

> HTTP/1.1 GET https://registry.npmjs.org/opentype.js
> If-None-Match: W/"c8b22c589543991fa0e17a7a33766f5d"
> Accept: application/vnd.npm.install-v1+json; q=1.0, application/json; q=0.8, */*
> Connection: keep-alive
> User-Agent: Bun/1.3.9
> Host: registry.npmjs.org
> Accept-Encoding: gzip, deflate, br, zstd

   - "@tscircuit/krt-wasm": "^0.1.1" - @tscircuit/krt-wasm@0.1.9
[PackageManager] waiting for 82 tasks
    [248.51ms]
Downloaded @tscircuit/checks versions
   - "@tscircuit/checks": "^0.0.236" - @tscircuit/checks@0.0.236
< 304 Not Modified
< Date: Sat, 03 Oct 2026 22:27:45 GMT
< Connection: keep-alive
< set-cookie: __cf_bm=wOyPONMtsfpKWoON2XkBAqBv89H.4i2QR.XwMwV7jyE-1791066465.7303061-1.0.1.1-6UmVfAW2xikfYejvzQM9isHSum85Xqmv_nyGe6_G04NWtcouo0.rXslRtOii4E4pTpua9zk3XXtdnI3UWEH8gFN49ysJXmDUSVv8qfEFjgZYNjb.qfETuUNu.wzRnKRk; HttpOnly; SameSite=None; Secure; Path=/; Domain=npmjs.org; Expires=Sat, 03 Oct 2026 22:57:45 GMT
< set-cookie: _cfuvid=DPpZXSO2YETN9cCVNn_VTLFtTlPC6Hjkbcv.9dlTEc8-1791066465.7303061-1.0.1.1-VqNblVGWcgMwIl_Ipn0fJqRfHT6esafQL.8ftCaSj6k; HttpOnly; SameSite=None; Secure; Path=/; Domain=npmjs.org
< CF-Ray: a44f6042cae0f474-TIA
< CF-Cache-Status: HIT
< Access-Control-Allow-Origin: *
< Age: 175
< Cache-Control: public, max-age=300
< ETag: "31a6485ade3c645d5b50a4418cd86bbb"
< Last-Modified: Fri, 02 Oct 2026 17:51:56 GMT
< Server: cloudflare

[PackageManager] waiting for 81 tasks
    [254.11ms]
Downloaded @tscircuit/footprinter versions
> HTTP/1.1 GET https://registry.npmjs.org/pngjs
> If-None-Match: W/"c6347a09d9bab75fb83484b852e99412"
> Accept: application/vnd.npm.install-v1+json; q=1.0, application/json; q=0.8, */*
> Connection: keep-alive
> User-Agent: Bun/1.3.9
> Host: registry.npmjs.org
> Accept-Encoding: gzip, deflate, br, zstd

< 304 Not Modified
< Date: Sat, 03 Oct 2026 22:27:45 GMT
< Connection: keep-alive
< set-cookie: __cf_bm=ghHbKIFzH.qg0SPlHLvxSJbEPcn8kgDhy1sb.milxEI-1791066465.7305017-1.0.1.1-vosGM5ZVXcIeoUEnPpdov.WVUWgdQe6Qu8lHeKHASdK8xkyH9kgg6g.fpCVmlTME0DfkxJ2qdAFbYOHGxmRtmE1i0wlDSzXSXIEyhO4NqlusZjQ2WmZ_30l66ocIe_K9; HttpOnly; SameSite=None; Secure; Path=/; Domain=npmjs.org; Expires=Sat, 03 Oct 2026 22:57:45 GMT
< set-cookie: _cfuvid=Y4N7DUKja5fuhOsQCpqdrbuUaHF.Dr9Uiozf45kkfm0-1791066465.7305017-1.0.1.1-yN4_ZE8jhfZPfgxVhbwythOgtoUuY1bV2R7fzNihXYI; HttpOnly; SameSite=None; Secure; Path=/; Domain=npmjs.org
< CF-Ray: a44f6042cd9a9b00-TIA
< CF-Cache-Status: HIT
< Access-Control-Allow-Origin: *
< Age: 175
< Cache-Control: public, max-age=300
< ETag: "467b0d1958ce8e3843012e449bfcee6e"
< Last-Modified: Sun, 15 Jun 2025 16:44:49 GMT
< Server: cloudflare

< 304 Not Modified
< Date: Sat, 03 Oct 2026 22:27:45 GMT
< Connection: keep-alive
< set-cookie: __cf_bm=zXhfgr4ygaT7KgYH05bicqy23cSoD1CIAvZlmyst9m8-1791066465.7302587-1.0.1.1-sO2Vo4PtvrXtGjqnILAR1czCjV0XfHb5pE2Ysd1jSXo3JPir9P6hSy1QRe3dHL9mPUOvMZjlZ.gT8F3bLJCy0V2RVQf05FoQMM7PDu_S..hFKHaHTiVvgtMe8RPp9n9K; HttpOnly; SameSite=None; Secure; Path=/; Domain=npmjs.org; Expires=Sat, 03 Oct 2026 22:57:45 GMT
< set-cookie: _cfuvid=nIEMjODp97j5ng._opdKKefBRcGWxEb_y3uuupxSy98-1791066465.7302587-1.0.1.1-yZRdL8C84LWMcLpI7xeCCyIOXaGCqWCQ5ggih0vCxjE; HttpOnly; SameSite=None; Secure; Path=/; Domain=npmjs.org
< CF-Ray: a44f6042c9a8bd99-TIA
< CF-Cache-Status: HIT
< Access-Control-Allow-Origin: *
< Age: 175
< Cache-Control: public, max-age=300
< ETag: "e226e5a7348a49093a09ac6879d15da4"
< Last-Modified: Sun, 23 Jun 2024 00:36:08 GMT
< Server: cloudflare

< 304 Not Modified
< Date: Sat, 03 Oct 2026 22:27:45 GMT
< Connection: keep-alive
< set-cookie: __cf_bm=wWRy_hq5k_QHEMU.rp2QFqIQxc19arpz1fZUvfkubxs-1791066465.7304244-1.0.1.1-mIs82bOn_NEmjtm6jo8Z3Kup_rQQD0WlHvoCwGaGqwG0m8F9hG5v3hVHJdygMC1Fx5owoMXuWMUc5JapQSgK5qer845PYlOrpwH0uxLIDB6Q6PzrBn0lG74NHIcdKlsP; HttpOnly; SameSite=None; Secure; Path=/; Domain=npmjs.org; Expires=Sat, 03 Oct 2026 22:57:45 GMT
< set-cookie: _cfuvid=3UnC3fbBeo98IfEIVZe8ZOyCbWj9WRjT7sf1hipVfzM-1791066465.7304244-1.0.1.1-jGwanbysD8F7gSsffVYu1bAsaBzbWp.30jH2h6lrIuQ; HttpOnly; SameSite=None; Secure; Path=/; Domain=npmjs.org
< CF-Ray: a44f6042cd989b00-TIA
< CF-Cache-Status: HIT
< Access-Control-Allow-Origin: *
< Age: 175
< Cache-Control: public, max-age=300
< ETag: "cfdb7e8984cb6d231cd4f86c1c83fe09"
< Last-Modified: Sat, 03 Oct 2026 01:55:32 GMT
< Server: cloudflare

> HTTP/1.1 GET https://registry.npmjs.org/fflate
> If-None-Match: W/"9fd8ba1ab075b89a8ffc34534b3ba0aa"
> Accept: application/vnd.npm.install-v1+json; q=1.0, application/json; q=0.8, */*
> Connection: keep-alive
> User-Agent: Bun/1.3.9
> Host: registry.npmjs.org
> Accept-Encoding: gzip, deflate, br, zstd

> HTTP/1.1 GET https://registry.npmjs.org/iobuffer
> If-None-Match: W/"4f93c5f13b7e690e67241a4da699d447"
> Accept: application/vnd.npm.install-v1+json; q=1.0, application/json; q=0.8, */*
> Connection: keep-alive
> User-Agent: Bun/1.3.9
> Host: registry.npmjs.org
> Accept-Encoding: gzip, deflate, br, zstd

> HTTP/1.1 GET https://registry.npmjs.org/abort-controller
> If-None-Match: W/"40eded0472dd74695187ac4bab710bb6"
> Accept: application/vnd.npm.install-v1+json; q=1.0, application/json; q=0.8, */*
> Connection: keep-alive
> User-Agent: Bun/1.3.9
> Host: registry.npmjs.org
> Accept-Encoding: gzip, deflate, br, zstd

   - "@tscircuit/footprinter": "^0.0.430" - @tscircuit/footprinter@0.0.430
[PackageManager] waiting for 80 tasks
    [254.14ms]
Downloaded @tscircuit/schematic-match-adapt versions
   - "@tscircuit/schematic-match-adapt": "^0.0.18" - @tscircuit/schematic-match-adapt@0.0.18
    [254.15ms]
Downloaded @tscircuit/log-soup versions
   - "@tscircuit/log-soup": "^1.0.2" - @tscircuit/log-soup@1.0.2
    [254.32ms]
Downloaded @tscircuit/copper-pour-solver versions
   - "@tscircuit/copper-pour-solver": "^0.0.67" - @tscircuit/copper-pour-solver@0.0.67
Enqueue package manifest for download: redaxios
Enqueue package manifest for download: @tscircuit/manifold-2d
< 304 Not Modified
< Date: Sat, 03 Oct 2026 22:27:45 GMT
< Connection: keep-alive
< set-cookie: __cf_bm=3TmCd9xuYrtSHm0SAnYnyFg4QpEo3jiPTeZENwdgM0o-1791066465.8072658-1.0.1.1-scLZFTg_lfmeN8d9J7Uj_b1RIllDIOfvdS71EeP2uDhSpm80VV9OLzFIPzKfnE0gEiU91ohS6ftO6YKXkCBOBvXKyYyme5MAfJPT4g5PMi0bmUZd5hqjkBZF_NsOnuVW; HttpOnly; SameSite=None; Secure; Path=/; Domain=npmjs.org; Expires=Sat, 03 Oct 2026 22:57:45 GMT
< set-cookie: _cfuvid=5ncZXbadO9vbhlw2p4s.Wo0c8Xtf_irV9JJs1cvbCOE-1791066465.8072658-1.0.1.1-FnMBlm4WL05pjDZRSV5Ez7.XCWb37NXoJ7yirkDRNV8; HttpOnly; SameSite=None; Secure; Path=/; Domain=npmjs.org
< CF-Ray: a44f60434b677c08-TIA
< CF-Cache-Status: HIT
< Access-Control-Allow-Origin: *
< Age: 286
< Cache-Control: public, max-age=300
< ETag: "8220d687eb71c2e299e57a68854cfdaf"
< Last-Modified: Fri, 05 Jun 2026 09:14:47 GMT
< Server: cloudflare

[PackageManager] waiting for 79 tasks
    [17.79ms]
Downloaded flatqueue versions
> HTTP/1.1 GET https://registry.npmjs.org/buffer
> If-None-Match: W/"2c908e13b4af67bc4c92a465de1b65fe"
> Accept: application/vnd.npm.install-v1+json; q=1.0, application/json; q=0.8, */*
> Connection: keep-alive
> User-Agent: Bun/1.3.9
> Host: registry.npmjs.org
> Accept-Encoding: gzip, deflate, br, zstd

   - "flatqueue": "^3.1.0" - flatqueue@3.1.0
< 304 Not Modified
< Date: Sat, 03 Oct 2026 22:27:45 GMT
< Connection: keep-alive
< set-cookie: __cf_bm=n78ffrqLouH1q9ZLIlmOCXhCKkVTgdIBzpRijqD6frU-1791066465.8072062-1.0.1.1-xQCV2Nc7V6dSqAvYjBgLNAOVbQak61eoOxUYj0zDBwYRbe8a2r8urlmIJvAiFLa83YK.hSQeYyG5z5Tj9kYdemYF9KRHUL_kjfJZB0udRDOIxzAgTUBmQt4tlWTYsTSG; HttpOnly; SameSite=None; Secure; Path=/; Domain=npmjs.org; Expires=Sat, 03 Oct 2026 22:57:45 GMT
< set-cookie: _cfuvid=fPmgzmekG5VK0Grbyta2Nn6Tu1HjEpdN_QNTkl3QkJE-1791066465.8072062-1.0.1.1-5lpqZc7ewzzzc4Z1RapSCObSWYQOsjqzbSc8K73b3rQ; HttpOnly; SameSite=None; Secure; Path=/; Domain=npmjs.org
< CF-Ray: a44f60434e389b00-TIA
< CF-Cache-Status: HIT
< Access-Control-Allow-Origin: *
< Age: 174
< Cache-Control: public, max-age=300
< ETag: "5a120f804fd47c106e9b7bf63e5643d7"
< Last-Modified: Thu, 20 Aug 2026 00:55:13 GMT
< Server: cloudflare

[PackageManager] waiting for 78 tasks
    [18.28ms]
Downloaded jscad-to-gltf versions
> HTTP/1.1 GET https://registry.npmjs.org/events
> If-None-Match: W/"ead6a1b6836a3761d6acf3f5e5111930"
> Accept: application/vnd.npm.install-v1+json; q=1.0, application/json; q=0.8, */*
> Connection: keep-alive
> User-Agent: Bun/1.3.9
> Host: registry.npmjs.org
> Accept-Encoding: gzip, deflate, br, zstd

< 304 Not Modified
< Date: Sat, 03 Oct 2026 22:27:45 GMT
< Connection: keep-alive
< set-cookie: __cf_bm=Z.J0OXOA8pJC1OmIj6xdzuFybmouuVFY6umIeJ.xke4-1791066465.807461-1.0.1.1-rIrHfts1QJGBv_GUlUlbRJJO4yHtDYchOsAdX4NKHQn4ccVE1_eTutCkLPpD4AqMC3aCA9dsjyXwWoRBnwUJbhLETyB0yaA5Xesla7FH56LULPLJuagRMm27elImUU.k; HttpOnly; SameSite=None; Secure; Path=/; Domain=npmjs.org; Expires=Sat, 03 Oct 2026 22:57:45 GMT
< set-cookie: _cfuvid=JyQgxKeB15gLBAFD4XkXpVBMQsKVaZD98X9HSsOnfgg-1791066465.807461-1.0.1.1-REZhVT.JcavtbNk5_8wftf5BH9A7Q9Xhh_3kDNuWFa4; HttpOnly; SameSite=None; Secure; Path=/; Domain=npmjs.org
< CF-Ray: a44f60434b68f474-TIA
< CF-Cache-Status: HIT
< Access-Control-Allow-Origin: *
< Age: 277
< Cache-Control: public, max-age=300
< ETag: "b78a1faab116bd092ea6f81bfb6d5a51"
< Last-Modified: Mon, 28 Sep 2026 09:38:24 GMT
< Server: cloudflare

   - "jscad-to-gltf": "^0.0.5" - jscad-to-gltf@0.0.5
   - "jscad-planner": "^0.0.13" - jscad-planner@0.0.13
[PackageManager] waiting for 77 tasks
    [18.33ms]
Downloaded earcut versions
< 304 Not Modified
< Date: Sat, 03 Oct 2026 22:27:45 GMT
< Connection: keep-alive
< set-cookie: __cf_bm=BW5YYfChI.rtPXBrgTcuZoDudLkoZsyX_XuTAuxfJng-1791066465.8073492-1.0.1.1-7XajOq9QK9GAzmFSccqVbmQz6gkYWk7QetswYiW58Jc20PNTzSySe8UURB1KW65y6qzV4oIuZbrc8hfudEEgVe46r6gZ4LCKyqoDaluKgr2YTKCpN4TANrLIuNloQ5YD; HttpOnly; SameSite=None; Secure; Path=/; Domain=npmjs.org; Expires=Sat, 03 Oct 2026 22:57:45 GMT
< set-cookie: _cfuvid=mZH4WBwceN7zAaG.l7H8xDCtTv6IQSaWKnCFjEf4yNk-1791066465.8073492-1.0.1.1-n1uDWVsq5QXajz5hg5q4Qu10_XFw2nEzDi934.bjziI; HttpOnly; SameSite=None; Secure; Path=/; Domain=npmjs.org
< CF-Ray: a44f60434b66f474-TIA
< CF-Cache-Status: HIT
< Access-Control-Allow-Origin: *
< Age: 174
< Cache-Control: public, max-age=300
< ETag: "2f2c4a7671853aeecfd169a5f63960f5"
< Last-Modified: Sat, 03 Oct 2026 22:12:38 GMT
< Server: cloudflare

   - "earcut": "^3.0.2" - earcut@3.2.4
[PackageManager] waiting for 76 tasks
    [18.26ms]
Downloaded jscad-electronics versions
> HTTP/1.1 GET https://registry.npmjs.org/process
> If-None-Match: W/"e55a59a6d6f40e4c52ca1fa3cb5f5d21"
> Accept: application/vnd.npm.install-v1+json; q=1.0, application/json; q=0.8, */*
> Connection: keep-alive
> User-Agent: Bun/1.3.9
> Host: registry.npmjs.org
> Accept-Encoding: gzip, deflate, br, zstd

> HTTP/1.1 GET https://registry.npmjs.org/string_decoder
> If-None-Match: W/"50ab8b4a43d6592e671a5bc6b1e9ee70"
> Accept: application/vnd.npm.install-v1+json; q=1.0, application/json; q=0.8, */*
> Connection: keep-alive
> User-Agent: Bun/1.3.9
> Host: registry.npmjs.org
> Accept-Encoding: gzip, deflate, br, zstd

< 304 Not Modified
< Date: Sat, 03 Oct 2026 22:27:45 GMT
< Connection: keep-alive
< set-cookie: __cf_bm=4L6dhNfbyrVFdpaa9lbfZEZ8vf94ENjlgxP2D7MvOog-1791066465.8072875-1.0.1.1-muBBSEoUeYNmCyuh1Gtavb1P5hKBOUOpZMtfuPfW3Ol0GU9AMzZw77ZTcEV9Yaj6AK4vZ1RlJTidSHokxhIWeJ5tdyxq409EU_KO09NxjiWlixVrMVTRgTRilODlVs9K; HttpOnly; SameSite=None; Secure; Path=/; Domain=npmjs.org; Expires=Sat, 03 Oct 2026 22:57:45 GMT
< set-cookie: _cfuvid=ln5vFqTsAAGnCVflMUc11s2tNbCU8v.WX_qYVLXF3bc-1791066465.8072875-1.0.1.1-4SpnFRzPdlnuTRgkGZYpd8gMpRLB4oqq7Pa.YoshpkY; HttpOnly; SameSite=None; Secure; Path=/; Domain=npmjs.org
< CF-Ray: a44f60434b1051a4-TIA
< CF-Cache-Status: HIT
< Access-Control-Allow-Origin: *
< Age: 288
< Cache-Control: public, max-age=300
< ETag: "e9f243f50ac09dcd93619b679d9d7b7d"
< Last-Modified: Wed, 09 Sep 2026 20:11:04 GMT
< Server: cloudflare

< 304 Not Modified
< Date: Sat, 03 Oct 2026 22:27:45 GMT
< Connection: keep-alive
< set-cookie: __cf_bm=zcDwip59E9abmK2Ej6JWvQYopPAca6KCsmP9zTKugmc-1791066465.807374-1.0.1.1-RJWQHowvI7aR4uOrr8socO6xsbJPjNhy3.JQF3jISTlJadZe_QXaEBY.IjZs2KrWDsV5ltE_kMFdwddlz9cuXFOhaueuYhT1tNOY3pJE8jBoU5OhGhV9hbl2WZn.gl.r; HttpOnly; SameSite=None; Secure; Path=/; Domain=npmjs.org; Expires=Sat, 03 Oct 2026 22:57:45 GMT
< set-cookie: _cfuvid=QSyGD7aULCE_GiCoch0IJRjP1FGtBWwLz6mrTWpbvak-1791066465.807374-1.0.1.1-5DayCwpJ0uMK2vYnvxt7w3InbA54gqKDESeehfosirk; HttpOnly; SameSite=None; Secure; Path=/; Domain=npmjs.org
< CF-Ray: a44f60434b1251a4-TIA
< CF-Cache-Status: HIT
< Access-Control-Allow-Origin: *
< Age: 174
< Cache-Control: public, max-age=300
< ETag: "6466c2eb9c4849cca0efa07fcb2d45fb"
< Last-Modified: Wed, 06 May 2026 07:35:43 GMT
< Server: cloudflare

> HTTP/1.1 GET https://registry.npmjs.org/color-convert
> If-None-Match: W/"e756d243943c458e68f9ceb028b85afd"
> Accept: application/vnd.npm.install-v1+json; q=1.0, application/json; q=0.8, */*
> Connection: keep-alive
> User-Agent: Bun/1.3.9
> Host: registry.npmjs.org
> Accept-Encoding: gzip, deflate, br, zstd

> HTTP/1.1 GET https://registry.npmjs.org/wrap-ansi
> If-None-Match: W/"ad2d335a5f683e75f93512fc75e77be0"
> Accept: application/vnd.npm.install-v1+json; q=1.0, application/json; q=0.8, */*
> Connection: keep-alive
> User-Agent: Bun/1.3.9
> Host: registry.npmjs.org
> Accept-Encoding: gzip, deflate, br, zstd

   - "jscad-electronics": "^0.0.178" - jscad-electronics@0.0.178
   - "@tscircuit/modelprinter": "^0.0.2" - @tscircuit/modelprinter@0.0.2
   - "zod": "^4.4.3" - zod@4.6.5
[PackageManager] waiting for 75 tasks
    [19.79ms]
Downloaded npm-package-arg versions
   - "npm-package-arg": "^10.0.0" - npm-package-arg@10.1.0
    [19.94ms]
Downloaded package-options versions
   - "package-options": "^0.1.4" - package-options@0.1.5
Enqueue package manifest for download: proc-log
Enqueue package manifest for download: hosted-git-info
Enqueue package manifest for download: validate-npm-package-name
< 304 Not Modified
< Date: Sat, 03 Oct 2026 22:27:45 GMT
< Connection: keep-alive
< set-cookie: __cf_bm=H0eHJcHMEONvXUJi_LUH5vNFcEovtn_5UXk_3k9otMA-1791066465.8122206-1.0.1.1-w64T4fRbKma.PfPOUEznii59NKGEqgZHQAgEtaLonwJJ.cXAIc.zQnt9GI7Wj3v6iqGy_Egvpz1PTmgzzmdKSt1EI5cAY6Yaf_l.ikJeeX3Ls1mXD2ZSXxYa2b7j_I2O; HttpOnly; SameSite=None; Secure; Path=/; Domain=npmjs.org; Expires=Sat, 03 Oct 2026 22:57:45 GMT
< set-cookie: _cfuvid=5e0hB6raKKT7gPhRnCk5am6J1LmXeSW2gu8nReg_L5o-1791066465.8122206-1.0.1.1-SHuNdN7v3iH0gQRg9IuL9sTgrqOiqaxZ9tLLOChO.KA; HttpOnly; SameSite=None; Secure; Path=/; Domain=npmjs.org
< CF-Ray: a44f60435f89a5b3-TIA
< CF-Cache-Status: HIT
< Access-Control-Allow-Origin: *
< Age: 265
< Cache-Control: public, max-age=300
< ETag: "c80fd5ae23b9d87a28af976f529b9c23"
< Last-Modified: Mon, 31 Oct 2022 20:31:55 GMT
< Server: cloudflare

< 304 Not Modified
< Date: Sat, 03 Oct 2026 22:27:45 GMT
< Connection: keep-alive
< set-cookie: __cf_bm=x00wQmfPG6pw0vdjlpEzX1SgX2gk9PLgEj1ytAop_t4-1791066465.812266-1.0.1.1-XXfWhgXKwv.JjWmmOord_96kBmJEK7L8kTALQqfeKKuFPX.JvFdFulTNz14xvsZWFshuBZ6QfGBB9H95CTqK_AXAQQYPi.xRAzQVdvN4j4aXku5Q3J4NiTkDRNlimpD4; HttpOnly; SameSite=None; Secure; Path=/; Domain=npmjs.org; Expires=Sat, 03 Oct 2026 22:57:45 GMT
< set-cookie: _cfuvid=kqWm.Kgu6J5FKSBbLt5RYWc7Q2lIj5Jnrg1eRtXzXAg-1791066465.812266-1.0.1.1-2_8YJdSw8e6kPjvkZngiBRx7_oX01DwW2s.IU3YGpSw; HttpOnly; SameSite=None; Secure; Path=/; Domain=npmjs.org
< CF-Ray: a44f60435b5b5f50-TIA
< CF-Cache-Status: HIT
< Access-Control-Allow-Origin: *
< Age: 258
< Cache-Control: public, max-age=300
< ETag: "9a1e5161eccc0b29cda3f3743e1c9d9d"
< Last-Modified: Mon, 08 Sep 2025 19:56:55 GMT
< Server: cloudflare

[PackageManager] waiting for 76 tasks
    [104.25ms]
Downloaded jpeg-js versions
> HTTP/1.1 GET https://registry.npmjs.org/strip-ansi
> If-None-Match: W/"0571bc8356c9bfe20945ca51a76ed438"
> Accept: application/vnd.npm.install-v1+json; q=1.0, application/json; q=0.8, */*
> Connection: keep-alive
> User-Agent: Bun/1.3.9
> Host: registry.npmjs.org
> Accept-Encoding: gzip, deflate, br, zstd

> HTTP/1.1 GET https://registry.npmjs.org/object-hash
> If-None-Match: W/"4df8658c88838a5bdc9e719422dbc0f1"
> Accept: application/vnd.npm.install-v1+json; q=1.0, application/json; q=0.8, */*
> Connection: keep-alive
> User-Agent: Bun/1.3.9
> Host: registry.npmjs.org
> Accept-Encoding: gzip, deflate, br, zstd

   - "jpeg-js": "^0.4.4" - jpeg-js@0.4.4
    [104.29ms]
Downloaded ms versions
< 304 Not Modified
< Date: Sat, 03 Oct 2026 22:27:45 GMT
< Connection: keep-alive
< set-cookie: __cf_bm=W4NQcIEs051MIySlnF2OVLQc0ha.ElQHCNyuhSJCI_E-1791066465.824408-1.0.1.1-lliEHHIL82q4aoAN2CyKuThbMTe8PeO611SyQMiSJ9GgvnR.YcHHLrTSrlbYpIiBZlPQfaBHtKDeVLiWELHa0Fevt0lMkNqVsjX7YBJRZot8M_MltAPLCtlYlbYa7LM2; HttpOnly; SameSite=None; Secure; Path=/; Domain=npmjs.org; Expires=Sat, 03 Oct 2026 22:57:45 GMT
< set-cookie: _cfuvid=XZahj4feKZm.d7LFSkRqppwj6.N3oJU371ob.yFbnok-1791066465.824408-1.0.1.1-RUPnSCKU_cXVzneZApAwkGgDocZafHN1FJs1r4qhbYM; HttpOnly; SameSite=None; Secure; Path=/; Domain=npmjs.org
< CF-Ray: a44f60436e609b00-TIA
< CF-Cache-Status: HIT
< Access-Control-Allow-Origin: *
< Age: 267
< Cache-Control: public, max-age=300
< ETag: "ead6a1b6836a3761d6acf3f5e5111930"
< Last-Modified: Wed, 12 Jul 2023 19:04:57 GMT
< Server: cloudflare

   - "ms": "^2.1.3" - ms@2.1.3
[PackageManager] waiting for 74 tasks
    [91.29ms]
Downloaded events versions
   - "events": "^3.3.0" - events@3.3.0
> HTTP/1.1 GET https://api.github.com/repos/tscircuit/implicit-copper-pour-solver/tarball/a5cbbda0cd65fd4707c5c1af25779837c25aba92
> Connection: keep-alive
> User-Agent: Bun/1.3.9
> Accept: */*
> Host: api.github.com
> Accept-Encoding: gzip, deflate, br, zstd

> HTTP/1.1 GET https://api.github.com/repos/tscircuit/ti/tarball/57e314be4b2b06bc546d4def7453e619604d1157
> Connection: keep-alive
> User-Agent: Bun/1.3.9
> Accept: */*
> Host: api.github.com
> Accept-Encoding: gzip, deflate, br, zstd

> HTTP/1.1 GET https://api.github.com/repos/tscircuit/winding-breakout-point-solver/tarball/202dbe9eb0088633b6fa094120dba6f2f41f8803
> Connection: keep-alive
> User-Agent: Bun/1.3.9
> Accept: */*
> Host: api.github.com
> Accept-Encoding: gzip, deflate, br, zstd

> HTTP/1.1 GET https://api.github.com/repos/tscircuit/bga-fanout-solver/tarball/247c835cb8d69b65e53891dcf869731079415b39
> Connection: keep-alive
> User-Agent: Bun/1.3.9
> Accept: */*
> Host: api.github.com
> Accept-Encoding: gzip, deflate, br, zstd

> HTTP/1.1 GET https://registry.npmjs.org/fast-json-stable-stringify
> If-None-Match: W/"3802f79c4846c0e60aa718823ad2666c"
> Accept: application/vnd.npm.install-v1+json; q=1.0, application/json; q=0.8, */*
> Connection: keep-alive
> User-Agent: Bun/1.3.9
> Host: registry.npmjs.org
> Accept-Encoding: gzip, deflate, br, zstd

< 304 Not Modified
< Date: Sat, 03 Oct 2026 22:27:45 GMT
< Connection: keep-alive
< set-cookie: __cf_bm=yOfxxJurFG.gdrVM0IvXikJHiH4F32vmSuT.2xmYMvE-1791066465.807137-1.0.1.1-z1w_8KlnoG5IYCBJk5gqdDPFyB0.Ndr.7Lk0DRnuaSi.LlR49IPS4xbHPuuUtr35Q29aO3ixscIMLh6Ebek4aXc_7ONHzrc3G_WYJNpRsRltRG3vSPISo80YwoVM.fzY; HttpOnly; SameSite=None; Secure; Path=/; Domain=npmjs.org; Expires=Sat, 03 Oct 2026 22:57:45 GMT
< set-cookie: _cfuvid=Mgi2FnAqnWbPOPicVL8ze8x2uHFxZGbj8xtgfKJFc08-1791066465.807137-1.0.1.1-BYBTRCN4MiXRhePYVJvniX9wAHehIjvVfxVCI83CO70; HttpOnly; SameSite=None; Secure; Path=/; Domain=npmjs.org
< CF-Ray: a44f60434b687c08-TIA
< CF-Cache-Status: HIT
< Access-Control-Allow-Origin: *
< Age: 174
< Cache-Control: public, max-age=300
< ETag: "e4d1471e01635a4da847cf86355eeac8"
< Last-Modified: Sat, 24 Jan 2026 16:03:02 GMT
< Server: cloudflare

[PackageManager] waiting for 73 tasks
< 304 Not Modified
< Date: Sat, 03 Oct 2026 22:27:45 GMT
< Connection: keep-alive
< set-cookie: __cf_bm=srXrLrwIxMYz.vlcJrheRU9WRlWoniGBUq9hCv3SIaA-1791066465.8074138-1.0.1.1-6YYBNnrQVVxW_LkBLcPPxfQj9DE_Z6XtiMaG7CkgT6zGPY40EASZ5TtnP.M_GBvJvYgaFOrUenwiUPvUc7VhiyOwXfpquBZ2VnFUIHUTxWGjXqExu99FIiBT3ietXxIv; HttpOnly; SameSite=None; Secure; Path=/; Domain=npmjs.org; Expires=Sat, 03 Oct 2026 22:57:45 GMT
< set-cookie: _cfuvid=kMwU8u7Le0110ClZXPXvTG8.qYPh2dgKTpQrP5vnThY-1791066465.8074138-1.0.1.1-D6wvEdA8CW9B1j0QCklZqnqYS3kG6Kxs4Ryob5M.kIo; HttpOnly; SameSite=None; Secure; Path=/; Domain=npmjs.org
< CF-Ray: a44f60434b545f50-TIA
< CF-Cache-Status: HIT
< Access-Control-Allow-Origin: *
< Age: 174
< Cache-Control: public, max-age=300
< ETag: "32ca80db22b49d30e2d45ec9e090e379"
< Last-Modified: Sun, 02 Aug 2026 00:40:08 GMT
< Server: cloudflare

    [113.49ms]
Downloaded @jsdevtools/ez-spawn versions
< 304 Not Modified
< Date: Sat, 03 Oct 2026 22:27:45 GMT
< Connection: keep-alive
< set-cookie: __cf_bm=gJSp4SwNUKMtTnBTsJssWZAjX5fcdQzVUSbmpvfEpvw-1791066465.8121653-1.0.1.1-SVcB3CKCPU.apivdF4HTafWouZx_velcv.1ktHy4Xko3d.Zx7WgeOA1.0hLKkzUaw_MYCklX4WzoiCb2CnF13uPHJHg3GI8AYdst1NQpKQfgcj8lxtXR9nmJqCKeXi3r; HttpOnly; SameSite=None; Secure; Path=/; Domain=npmjs.org; Expires=Sat, 03 Oct 2026 22:57:45 GMT
< set-cookie: _cfuvid=_Z06kZtCKKKkufoIb7oBgroWBOZeFw3dr5L5YxV_sGA-1791066465.8121653-1.0.1.1-hEmyKVc2lSNwFC4YzAzBKJmhxtjmJOnvs.jlTnFigy4; HttpOnly; SameSite=None; Secure; Path=/; Domain=npmjs.org
< CF-Ray: a44f60435f8aa5b3-TIA
< CF-Cache-Status: HIT
< Access-Control-Allow-Origin: *
< Age: 175
< Cache-Control: public, max-age=300
< ETag: "5dd6d7ea9b2b155ac09a169d8d439a9e"
< Last-Modified: Sat, 12 Sep 2026 20:59:35 GMT
< Server: cloudflare

> HTTP/1.1 GET https://registry.npmjs.org/@tscircuit%2fmm
> If-None-Match: W/"666fd6f634373dfdec21b78711771618"
> Accept: application/vnd.npm.install-v1+json; q=1.0, application/json; q=0.8, */*
> Connection: keep-alive
> User-Agent: Bun/1.3.9
> Host: registry.npmjs.org
> Accept-Encoding: gzip, deflate, br, zstd

> HTTP/1.1 GET https://registry.npmjs.org/color-diff
> If-None-Match: W/"9ecf14f3bfdb541b12c0f424aa1f8d93"
> Accept: application/vnd.npm.install-v1+json; q=1.0, application/json; q=0.8, */*
> Connection: keep-alive
> User-Agent: Bun/1.3.9
> Host: registry.npmjs.org
> Accept-Encoding: gzip, deflate, br, zstd

   - "@jsdevtools/ez-spawn": "^3.0.4" - @jsdevtools/ez-spawn@3.0.4
Enqueue package manifest for download: cross-spawn
Enqueue package manifest for download: string-argv
Enqueue package manifest for download: type-detect
Enqueue package manifest for download: call-me-maybe
[PackageManager] waiting for 76 tasks
    [112.00ms]
Downloaded @jscad/modeling versions
   - "@jscad/modeling": "^2.12.6" - @jscad/modeling@2.13.0
    [106.90ms]
Downloaded @tscircuit/alphabet versions
< 304 Not Modified
< Date: Sat, 03 Oct 2026 22:27:45 GMT
< Connection: keep-alive
< set-cookie: __cf_bm=5hrKzLgm4MXzmcQBfaIVuj35TFPZLogT0Pq13ja8K68-1791066465.7221353-1.0.1.1-CYssy46B5uPdXq2JplaMLdbk3X0aDI5A6xPMWxUTOv6ogF1dF4trtRwVedPgteDNsCHlACWC8gE0Y_meO1fJEQXMFcG1k6C36xmX9LU0zjdNhpnyKvMfM7otmVgAnbYQ; HttpOnly; SameSite=None; Secure; Path=/; Domain=npmjs.org; Expires=Sat, 03 Oct 2026 22:57:45 GMT
< set-cookie: _cfuvid=we2pm6MgSVO884urLS17YigVr7lwr4kXFXntkNlcfiQ-1791066465.7221353-1.0.1.1-6Kf7rqQsqKGQgye_PuFkEr.lKNWEoxNSiMwx9uIyLuQ; HttpOnly; SameSite=None; Secure; Path=/; Domain=npmjs.org
< CF-Ray: a44f6042ca2d51a4-TIA
< CF-Cache-Status: HIT
< Access-Control-Allow-Origin: *
< Cache-Control: public, max-age=300
< ETag: "a61c3d4a1aff396767b4049fe54eeb3d"
< Last-Modified: Thu, 15 Jan 2026 06:12:08 GMT
< Server: cloudflare

[PackageManager] waiting for 74 tasks
    [358.16ms]
Downloaded live-server versions
< 304 Not Modified
< Date: Sat, 03 Oct 2026 22:27:45 GMT
< Connection: keep-alive
< set-cookie: __cf_bm=ubhzTGyQBs75T3xDHaQSiPuztrr27hIFlYU66VyhE.I-1791066465.7181807-1.0.1.1-85bYAbVFs8ZaGMqKiN5ZoCscyMZmj5yClLaqh8F7JOym0youZOan4umA561AjkvlC7NbZk8b6LpJs69hnNTa.mkpT10Ra.icAa5BMA6zbSU_uTIm9XigiF26G_fwxdFT; HttpOnly; SameSite=None; Secure; Path=/; Domain=npmjs.org; Expires=Sat, 03 Oct 2026 22:57:45 GMT
< set-cookie: _cfuvid=DpWxux2zZPecLzNpDtpLtto5wcQpabt97SRoufT9F28-1791066465.7181807-1.0.1.1-tAM75wGdJzLxm_pUCiFEPAMsTfEFssSR_7.Me7s5Tsk; HttpOnly; SameSite=None; Secure; Path=/; Domain=npmjs.org
< CF-Ray: a44f6042bacaf474-TIA
< CF-Cache-Status: HIT
< Access-Control-Allow-Origin: *
< Cache-Control: public, max-age=300
< ETag: "be59e9771dcbf53d6df43948b53c2714"
< Last-Modified: Fri, 02 Oct 2026 17:47:29 GMT
< Server: cloudflare

> HTTP/1.1 GET https://registry.npmjs.org/parsel-js
> If-None-Match: W/"80cd728f337de6db64df8b26faa9c2ad"
> Accept: application/vnd.npm.install-v1+json; q=1.0, application/json; q=0.8, */*
> Connection: keep-alive
> User-Agent: Bun/1.3.9
> Host: registry.npmjs.org
> Accept-Encoding: gzip, deflate, br, zstd

> HTTP/1.1 GET https://registry.npmjs.org/redaxios
> If-None-Match: W/"caac32fbfd791a5b0edd9fd2cfc781ae"
> Accept: application/vnd.npm.install-v1+json; q=1.0, application/json; q=0.8, */*
> Connection: keep-alive
> User-Agent: Bun/1.3.9
> Host: registry.npmjs.org
> Accept-Encoding: gzip, deflate, br, zstd

< 304 Not Modified
< Date: Sat, 03 Oct 2026 22:27:45 GMT
< Connection: keep-alive
< set-cookie: __cf_bm=LRen75SH0kKk23R24Tml.zfiu58D6KLmn_Lf6AJ_Fu4-1791066465.7182243-1.0.1.1-P6vZt2LEC_4.sz0tgg3kIoMZNsJaeHuzwwxRV4.v7BLeItmZrcA1ybznwwRsD66cZxFt4nLI2Wg_S8ewRtp.Wuyq4EMsfuGLKKXanhefaRP0bIBpL_Ms04ZoEZgU4cIg; HttpOnly; SameSite=None; Secure; Path=/; Domain=npmjs.org; Expires=Sat, 03 Oct 2026 22:57:45 GMT
< set-cookie: _cfuvid=f9LEdNYct1geYBXnZEAed5lKI1vBETC3zsjcARWy4bI-1791066465.7182243-1.0.1.1-NEZdckAt8D4I1ShDX6MclyCW_pYYELnDlcJjVXuj7cs; HttpOnly; SameSite=None; Secure; Path=/; Domain=npmjs.org
< CF-Ray: a44f6042bad37c08-TIA
< CF-Cache-Status: HIT
< Access-Control-Allow-Origin: *
< Cache-Control: public, max-age=300
< ETag: "f3d0257f0eb483f51823f2c0387f034c"
< Last-Modified: Wed, 02 Sep 2026 07:25:06 GMT
< Server: cloudflare

< 304 Not Modified
< Date: Sat, 03 Oct 2026 22:27:45 GMT
< Connection: keep-alive
< set-cookie: __cf_bm=WoJNTiRo_L1Z5H.9AKL2ddShNQBK3LJnCK2aqXUEH0o-1791066465.7221668-1.0.1.1-OC1RHfn43W13T8_78oiVncLDLljRdW3hDHunPwRfiA.DwaaesUdqipoy2RMoCUoF.rPWMBeJrtfEu9grKhMacvK4HQrMjWWWzJe70Wy.ns9biFK36MaaW0t0avXM7MoE; HttpOnly; SameSite=None; Secure; Path=/; Domain=npmjs.org; Expires=Sat, 03 Oct 2026 22:57:45 GMT
< set-cookie: _cfuvid=c72BYdC0pF.PxtbT4SOmi7PkXF3dKOR8b3E11YYTUQo-1791066465.7221668-1.0.1.1-vsq5ertdJlrdMorQkwJMnrI74NAGt06Lph8U8b8_x_8; HttpOnly; SameSite=None; Secure; Path=/; Domain=npmjs.org
< CF-Ray: a44f6042ca2c51a4-TIA
< CF-Cache-Status: HIT
< Access-Control-Allow-Origin: *
< Cache-Control: public, max-age=300
< ETag: "e9bc4a5d83e9f2bb2f8ad7ea5865e712"
< Last-Modified: Fri, 02 Oct 2026 17:46:50 GMT
< Server: cloudflare

< 304 Not Modified
< Date: Sat, 03 Oct 2026 22:27:45 GMT
< Connection: keep-alive
< set-cookie: __cf_bm=eAfT8gpOwqXC0R5SrBybsO.GI_jSW7zB.8TTlGFRQb4-1791066465.726358-1.0.1.1-2y9XvKDQ8kBYN0m4IMhb41IYA16np8xS4nWrPiUlhPJi8yg_87G0BGG0uavtkPCcsvuJnaIQXsYQ1bxVAFO6QVywkETy4WmbflRA.hmRV_6_3LxF88OD5GDEyPWsdcPP; HttpOnly; SameSite=None; Secure; Path=/; Domain=npmjs.org; Expires=Sat, 03 Oct 2026 22:57:45 GMT
< set-cookie: _cfuvid=McByVxq_RiD7OqAdwrfEBj1MmPRavgw7ec6uYY0Hzd4-1791066465.726358-1.0.1.1-0hcxaohCq4e20jgXip_9hRTifvF0M04mPWAExEU6LPE; HttpOnly; SameSite=None; Secure; Path=/; Domain=npmjs.org
< CF-Ray: a44f6042cad8f474-TIA
< CF-Cache-Status: HIT
< Access-Control-Allow-Origin: *
< Cache-Control: public, max-age=300
< ETag: "64986151bfd9c35da617d526f63bdc6d"
< Last-Modified: Sun, 22 May 2022 07:09:07 GMT
< Server: cloudflare

> HTTP/1.1 GET https://registry.npmjs.org/@tscircuit%2fmanifold-2d
> If-None-Match: W/"f47e4b76d4fa94e5058b5b18796cc7cf"
> Accept: application/vnd.npm.install-v1+json; q=1.0, application/json; q=0.8, */*
> Connection: keep-alive
> User-Agent: Bun/1.3.9
> Host: registry.npmjs.org
> Accept-Encoding: gzip, deflate, br, zstd

> HTTP/1.1 GET https://registry.npmjs.org/proc-log
> If-None-Match: W/"342d59cfd70d2c145a225213daeb1bfb"
> Accept: application/vnd.npm.install-v1+json; q=1.0, application/json; q=0.8, */*
> Connection: keep-alive
> User-Agent: Bun/1.3.9
> Host: registry.npmjs.org
> Accept-Encoding: gzip, deflate, br, zstd

> HTTP/1.1 GET https://registry.npmjs.org/hosted-git-info
> If-None-Match: W/"18704b546ef82ca410a563aefffe8015"
> Accept: application/vnd.npm.install-v1+json; q=1.0, application/json; q=0.8, */*
> Connection: keep-alive
> User-Agent: Bun/1.3.9
> Host: registry.npmjs.org
> Accept-Encoding: gzip, deflate, br, zstd

< 304 Not Modified
< Date: Sat, 03 Oct 2026 22:27:45 GMT
< Connection: keep-alive
< set-cookie: __cf_bm=vItFaRXkyAHUYPKtNlBcNzBK43uOPfKRNLiWK9LKGjI-1791066465.726376-1.0.1.1-6EoJ70f2C1FsLARPOTXUeOB6cYG75O9gfdRe3OqWCoG_qB4uR_oPqdr9m6eOS7oFUrLQDsGNvjsqZzYr0lkG.kpDAnzzqGouRU8XmoyjSxg7pnsuS5l3soglk9r8sFHB; HttpOnly; SameSite=None; Secure; Path=/; Domain=npmjs.org; Expires=Sat, 03 Oct 2026 22:57:45 GMT
< set-cookie: _cfuvid=q67dc_X7Hbk941kuDs5dArS3IMoZlHy2pPa9SzxDSvA-1791066465.726376-1.0.1.1-5ujbwHpCynFOA02ZsOiKjPxcTEaZL5wxAyGMWqgyGB4; HttpOnly; SameSite=None; Secure; Path=/; Domain=npmjs.org
< CF-Ray: a44f6042ca3951a4-TIA
< CF-Cache-Status: HIT
< Access-Control-Allow-Origin: *
< Cache-Control: public, max-age=300
< ETag: "a85ab0a4fea250d4b4a06ad2164c5608"
< Last-Modified: Wed, 12 Nov 2025 21:21:44 GMT
< Server: cloudflare

> HTTP/1.1 GET https://registry.npmjs.org/validate-npm-package-name
> If-None-Match: W/"e33c8172f10fc82811c390dbb5734abf"
> Accept: application/vnd.npm.install-v1+json; q=1.0, application/json; q=0.8, */*
> Connection: keep-alive
> User-Agent: Bun/1.3.9
> Host: registry.npmjs.org
> Accept-Encoding: gzip, deflate, br, zstd

< 304 Not Modified
< Date: Sat, 03 Oct 2026 22:27:45 GMT
< Connection: keep-alive
< set-cookie: __cf_bm=y0Elf.gCCj890WTLArmb2RwGHFlyThCKXtqzHbcsqsA-1791066465.7264574-1.0.1.1-MFuEtlRFKv95lOmLfR_NMkDDB.0SbDIWELLYmKyeMK9E5zRM6e9h44jaEPRXYjIea_YUTetzUMZB.ik6E4wmjX1LHVnwF4jXt_6XaNvWYDorGNkUbyB2OR7uQS87iRJt; HttpOnly; SameSite=None; Secure; Path=/; Domain=npmjs.org; Expires=Sat, 03 Oct 2026 22:57:45 GMT
< set-cookie: _cfuvid=u3lPayFfRpD09ID_UYU6HqrP7w_UoadNBlBBBuaotvE-1791066465.7264574-1.0.1.1-t7uF9Js0rjgihBMhbPpm3OeZGdjc3NMdGvwWXUICvZY; HttpOnly; SameSite=None; Secure; Path=/; Domain=npmjs.org
< CF-Ray: a44f6042c9a1bd99-TIA
< CF-Cache-Status: HIT
< Access-Control-Allow-Origin: *
< Cache-Control: public, max-age=300
< ETag: "02591d2ef054f69da485e88cce811b01"
< Last-Modified: Wed, 27 May 2026 19:59:24 GMT
< Server: cloudflare

< 304 Not Modified
< Date: Sat, 03 Oct 2026 22:27:45 GMT
< Connection: keep-alive
< set-cookie: __cf_bm=vncCdHedDCCYZnSuPGmZV5JK6bOzP_e2A4gEt0ECwTY-1791066465.7222116-1.0.1.1-3mdyMQfet_agVoVwXSv6kGV4L37CemRSO0_5LBIN7TM_LD.hYZNnJmDawgkvdcvGRbpk4M.6uJxHTYXe5PwB5gFk30fXF9y7YOc1sJXG2Z228Jvsh_5OYcUEYfqFXKYX; HttpOnly; SameSite=None; Secure; Path=/; Domain=npmjs.org; Expires=Sat, 03 Oct 2026 22:57:45 GMT
< set-cookie: _cfuvid=Cd4.2g3K3zKngt3Ak0cispUXtmi0c_1m98SZMHadBE0-1791066465.7222116-1.0.1.1-_0YaQPpA6Wdq5MoIE8nh4CPjyhOX0gjOTkLdMY_i8hw; HttpOnly; SameSite=None; Secure; Path=/; Domain=npmjs.org
< CF-Ray: a44f6042cef5a5b3-TIA
< CF-Cache-Status: HIT
< Access-Control-Allow-Origin: *
< Cache-Control: public, max-age=300
< ETag: "959306bd4979e9115c40759067797b70"
< Last-Modified: Fri, 02 Oct 2026 17:48:36 GMT
< Server: cloudflare

   - "live-server": "^1.2.2" - live-server@1.2.2
Enqueue package manifest for download: opn
Enqueue package manifest for download: cors
Enqueue package manifest for download: send
   - "colors": "1.4.0" - colors@1.4.0
Enqueue package manifest for download: morgan
Enqueue package manifest for download: connect
Enqueue package manifest for download: chokidar
Enqueue package manifest for download: http-auth
Enqueue package manifest for download: serve-index
   - "event-stream": "3.3.4" - event-stream@3.3.4
Enqueue package manifest for download: object-assign
Enqueue package manifest for download: faye-websocket
Enqueue package manifest for download: proxy-middleware
Enqueue package manifest for download: through
Enqueue package manifest for download: duplexer
Enqueue package manifest for download: from
Enqueue package manifest for download: map-stream
   - "pause-stream": "0.0.11" - pause-stream@0.0.11
Enqueue package manifest for download: split
Enqueue package manifest for download: stream-combiner
[PackageManager] waiting for 90 tasks
    [358.20ms]
Downloaded react-reconciler versions
   - "react-reconciler": "^0.32.0" - react-reconciler@0.32.0
    [358.25ms]
Downloaded svg-path-commander versions
   - "svg-path-commander": "^2.1.11" - svg-path-commander@2.3.3
    [358.27ms]
Downloaded react versions
   - "react": "^19.1.0" - react@19.3.0
   - "react": "^18.3.1" - react@18.3.1
    [358.28ms]
Downloaded ts-expect versions
   - "ts-expect": "^1.3.0" - ts-expect@1.3.0
    [361.72ms]
Downloaded tsup versions
   - "tsup": "^8.2.4" - tsup@8.5.1
    [361.76ms]
Downloaded chokidar-cli versions
   - "chokidar-cli": "^3.0.0" - chokidar-cli@3.0.0
    [361.76ms]
Downloaded react-dom versions
> HTTP/1.1 GET https://api.github.com/repos/tscircuit/via-stitch-solver/tarball/64f2ac7781b795bdc0d74ba411988e60767fa653
> Connection: keep-alive
> User-Agent: Bun/1.3.9
> Accept: */*
> Host: api.github.com
> Accept-Encoding: gzip, deflate, br, zstd

> HTTP/1.1 GET https://registry.npmjs.org/cross-spawn
> If-None-Match: W/"77134160af228981ae1c1326b5b6e571"
> Accept: application/vnd.npm.install-v1+json; q=1.0, application/json; q=0.8, */*
> Connection: keep-alive
> User-Agent: Bun/1.3.9
> Host: registry.npmjs.org
> Accept-Encoding: gzip, deflate, br, zstd

> HTTP/1.1 GET https://registry.npmjs.org/string-argv
> If-None-Match: W/"374e71df047f574dfce028d63be19f60"
> Accept: application/vnd.npm.install-v1+json; q=1.0, application/json; q=0.8, */*
> Connection: keep-alive
> User-Agent: Bun/1.3.9
> Host: registry.npmjs.org
> Accept-Encoding: gzip, deflate, br, zstd

> HTTP/1.1 GET https://api.github.com/repos/tscircuit/jlcpcb-manufacturing-specs/tarball/23260504fceffff2d64bf11720f74e974d1d9321
> Connection: keep-alive
> User-Agent: Bun/1.3.9
> Accept: */*
> Host: api.github.com
> Accept-Encoding: gzip, deflate, br, zstd

   - "react-dom": "^19.1.0" - react-dom@19.3.0
   - "react-dom": "^18.3.1" - react-dom@18.3.1
Enqueue package manifest for download: scheduler
Enqueue package manifest for download: @thednp/dommatrix
Enqueue package manifest for download: loose-envify
Enqueue package manifest for download: bundle-require
Enqueue package manifest for download: cac
Enqueue package manifest for download: consola
Enqueue package manifest for download: esbuild
Enqueue package manifest for download: fix-dts-default-cjs-exports
Enqueue package manifest for download: joycon
Enqueue package manifest for download: picocolors
Enqueue package manifest for download: postcss-load-config
Enqueue package manifest for download: resolve-from
Enqueue package manifest for download: rollup
Enqueue package manifest for download: source-map
Enqueue package manifest for download: sucrase
Enqueue package manifest for download: tinyexec
Enqueue package manifest for download: tree-kill
Enqueue package manifest for download: yargs
Enqueue package manifest for download: lodash.debounce
Enqueue package manifest for download: lodash.throttle
< 304 Not Modified
< Date: Sat, 03 Oct 2026 22:27:45 GMT
< Connection: keep-alive
< set-cookie: __cf_bm=FAk8rwljIMTJ3IB8a32BT37_mcckxszgdzp0h1_jKzA-1791066465.7265992-1.0.1.1-Rsr1yUjtG5N77pkCvGbXkSqZrX2tbas3Lotn8r4wdytROA.uO5ba0i_Fd7UzecUTHQnCUbVidDJkxLKx0nOjSwE8V96rE.S4ND1DFNPrlYHC235ZSxxGhJOyxikeLONg; HttpOnly; SameSite=None; Secure; Path=/; Domain=npmjs.org; Expires=Sat, 03 Oct 2026 22:57:45 GMT
< set-cookie: _cfuvid=kUQUkeNWJ.Ed2bPdd2uz5H1WWaqW6cL2nzorJZBw5Os-1791066465.7265992-1.0.1.1-4RG2pYLiGPkF8j4qvoi1zA9Kutp7wGhGIlu_bp4WCB8; HttpOnly; SameSite=None; Secure; Path=/; Domain=npmjs.org
< CF-Ray: a44f6042cd839b00-TIA
< CF-Cache-Status: HIT
< Access-Control-Allow-Origin: *
< Cache-Control: public, max-age=300
< ETag: "56bdc5d18422d0aa9103dd3cafd0e221"
< Last-Modified: Tue, 08 Sep 2026 01:43:22 GMT
< Server: cloudflare

[PackageManager] waiting for 103 tasks
    [369.92ms]
Downloaded @types/bun versions
> HTTP/1.1 GET https://registry.npmjs.org/type-detect
> If-None-Match: W/"129e99253189d4991619b49211209318"
> Accept: application/vnd.npm.install-v1+json; q=1.0, application/json; q=0.8, */*
> Connection: keep-alive
> User-Agent: Bun/1.3.9
> Host: registry.npmjs.org
> Accept-Encoding: gzip, deflate, br, zstd

< 304 Not Modified
< Date: Sat, 03 Oct 2026 22:27:45 GMT
< Connection: keep-alive
< set-cookie: __cf_bm=5F.hGk338OvsivJCESbkkMNRlcMWoG5EGbNGQ5J14LU-1791066465.9170613-1.0.1.1-K.sbDJmLUWT2OLqUAIewNTQPhmX3VG8c3Vimc7c17uRNKZW_5T48eQywiZlN9rDOw8LY4KQkCZQ9YQH5HogdzY0bgu_VIl6ncI7rqQFUOPtu0bGAqBr4xUgo3hnqrjry; HttpOnly; SameSite=None; Secure; Path=/; Domain=npmjs.org; Expires=Sat, 03 Oct 2026 22:57:45 GMT
< set-cookie: _cfuvid=SejeKH3_ZjtxpaX01yQ9pv3xd.FbRngneBT5jLe3BJg-1791066465.9170613-1.0.1.1-AZqL6_4NMXp3JEVQpubbaK_PiIXLT4biPmXT60V32HE; HttpOnly; SameSite=None; Secure; Path=/; Domain=npmjs.org
< CF-Ray: a44f6043ff6d9b00-TIA
< CF-Cache-Status: HIT
< Access-Control-Allow-Origin: *
< Age: 263
< Cache-Control: public, max-age=300
< ETag: "3802f79c4846c0e60aa718823ad2666c"
< Last-Modified: Thu, 22 Jun 2023 16:31:55 GMT
< Server: cloudflare

   - "@types/bun": "^1.2.16" - @types/bun@1.4.2
[PackageManager] waiting for 102 tasks
    [17.32ms]
Downloaded fast-json-stable-stringify versions
< 304 Not Modified
< Date: Sat, 03 Oct 2026 22:27:45 GMT
< Connection: keep-alive
< set-cookie: __cf_bm=GIT8uYSzPiePn3hXfRS1dlKQn5CeuQik4TDJGzy.HWE-1791066465.9116838-1.0.1.1-zrO8ya8JzSvqeaOQ5.k1a2Sm_bB3ak2Yexb.GnCzB4jsT_pFOLZYjNgPjQGnl0RVcZSAsJ4C45BRkwrVizNZt.t39_UI.EJUARfWdx_gi8KlOIzvQ1kDpK_od3_Z.KT1; HttpOnly; SameSite=None; Secure; Path=/; Domain=npmjs.org; Expires=Sat, 03 Oct 2026 22:57:45 GMT
< set-cookie: _cfuvid=IAVyHKx9W5MqudbshByQUtOcke3sAa5Xpuc5arND_lc-1791066465.9116838-1.0.1.1-3CbR5.Aj8o9Nu5eL.6SGTtlaavWzbPMR2BBn3CWTUBE; HttpOnly; SameSite=None; Secure; Path=/; Domain=npmjs.org
< CF-Ray: a44f6043fb9751a4-TIA
< CF-Cache-Status: HIT
< Access-Control-Allow-Origin: *
< Age: 234
< Cache-Control: public, max-age=300
< ETag: "e756d243943c458e68f9ceb028b85afd"
< Last-Modified: Fri, 14 Nov 2025 18:29:13 GMT
< Server: cloudflare

< 304 Not Modified
< Date: Sat, 03 Oct 2026 22:27:45 GMT
< Connection: keep-alive
< set-cookie: __cf_bm=RrX1UjXBLAwprTQua0mOULic278XVf6e94IzU8k_tmw-1791066465.7262714-1.0.1.1-sglfUymLXm.gHbe0kVsdVjuFaZS0VRnWbXIUfLnQgGw.EoFiA0T2WG.UeU0ayfFJ0jYWxsAsCgAR.v6_VAVs9aN5.X.3LSeouPUXRay0nhgeN1BgBJSkGzUJ6.mvfeEH; HttpOnly; SameSite=None; Secure; Path=/; Domain=npmjs.org; Expires=Sat, 03 Oct 2026 22:57:45 GMT
< set-cookie: _cfuvid=dgCdFb3Ptfo.9DJdr3BAeH33TxKv6Qtn.XYOqSM51e4-1791066465.7262714-1.0.1.1-JlafuSLr.GGKjJNCAkU4DdaKnbBoWkUU_sstMpCvpsE; HttpOnly; SameSite=None; Secure; Path=/; Domain=npmjs.org
< CF-Ray: a44f6042cae37c08-TIA
< CF-Cache-Status: HIT
< Access-Control-Allow-Origin: *
< Age: 232
< Cache-Control: public, max-age=300
< ETag: "8225c7ef82b09cda73109f6fc1432e94"
< Last-Modified: Wed, 09 Sep 2026 18:07:53 GMT
< Server: cloudflare

   - "fast-json-stable-stringify": "^2.1.0" - fast-json-stable-stringify@2.1.0
[PackageManager] waiting for 101 tasks
    [110.76ms]
Downloaded color-convert versions
< 304 Not Modified
< Date: Sat, 03 Oct 2026 22:27:45 GMT
< Connection: keep-alive
< set-cookie: __cf_bm=RTn91xOsBdw.H72k6BZLxwjnMNh1sPD9OH78NoZnpRA-1791066465.726568-1.0.1.1-c6QjbyY_5JJ8qEK4Ge8vfCuFW_qzi7wClS5dRdliaXM4EmLybEUyyunpBedRCyEcLw1eDMh_Dy1QEMePeIa2lnSxWtQlYNTavKoI9.ifSFNv9v0mV848c_FmHCJp0yuC; HttpOnly; SameSite=None; Secure; Path=/; Domain=npmjs.org; Expires=Sat, 03 Oct 2026 22:57:45 GMT
< set-cookie: _cfuvid=WvjBcZqvA.4NyRYFHxVyHJxafLMWq0wDdXGps5w1DXI-1791066465.726568-1.0.1.1-Ea1_aWYq5gw3SomGmpf3igb3Gg_baZpnBg4oHvnjyAc; HttpOnly; SameSite=None; Secure; Path=/; Domain=npmjs.org
< CF-Ray: a44f6042cad6f474-TIA
< CF-Cache-Status: HIT
< Access-Control-Allow-Origin: *
< Cache-Control: public, max-age=300
< ETag: "71ced443bfe2fbbad7037a7b9c296eda"
< Last-Modified: Tue, 29 Sep 2026 05:38:55 GMT
< Server: cloudflare

< 304 Not Modified
< Date: Sat, 03 Oct 2026 22:27:45 GMT
< Connection: keep-alive
< set-cookie: __cf_bm=hC74e7RqnCLz8hlmDfy5tqQVWImTVzr2dRgQAwIR7N0-1791066465.916961-1.0.1.1-DrgS2fRTzsqIKFHixZ.HPtUhJfR2smC1GYelUyVmNggF5N5JrCxvBYQ5XVuZ8l6G162APJonHq8zy.uaYbNpXZT4YETzgZGz4EuUABUC4y0de_NRLpLrKU2vNO1Kk8aa; HttpOnly; SameSite=None; Secure; Path=/; Domain=npmjs.org; Expires=Sat, 03 Oct 2026 22:57:45 GMT
< set-cookie: _cfuvid=OUoxF6hexYXWZVDSMmpIMZ1FbWCT6wlr_exvbrBSmTE-1791066465.916961-1.0.1.1-e9t8f.DPEzHXdegDFxUrKvTbyyYG0Qk4hnV7.JJ_hS4; HttpOnly; SameSite=None; Secure; Path=/; Domain=npmjs.org
< CF-Ray: a44f6043fbe55f50-TIA
< CF-Cache-Status: HIT
< Access-Control-Allow-Origin: *
< Age: 174
< Cache-Control: public, max-age=300
< ETag: "9ecf14f3bfdb541b12c0f424aa1f8d93"
< Last-Modified: Wed, 31 May 2023 19:55:50 GMT
< Server: cloudflare

   - "color-convert": "^2.0.1" - color-convert@2.0.1
    [370.12ms]
Downloaded @types/react-dom versions
> HTTP/1.1 GET https://registry.npmjs.org/call-me-maybe
> If-None-Match: W/"4d61eae1c11feb0c0031ce518cbd9fb7"
> Accept: application/vnd.npm.install-v1+json; q=1.0, application/json; q=0.8, */*
> Connection: keep-alive
> User-Agent: Bun/1.3.9
> Host: registry.npmjs.org
> Accept-Encoding: gzip, deflate, br, zstd

> HTTP/1.1 GET https://registry.npmjs.org/opn
> If-None-Match: W/"995e939618e4ddc8c6406c6cca7a75d8"
> Accept: application/vnd.npm.install-v1+json; q=1.0, application/json; q=0.8, */*
> Connection: keep-alive
> User-Agent: Bun/1.3.9
> Host: registry.npmjs.org
> Accept-Encoding: gzip, deflate, br, zstd

> HTTP/1.1 GET https://registry.npmjs.org/cors
> If-None-Match: W/"45668cfe4ec0f0a66adc06c2c4518ca4"
> Accept: application/vnd.npm.install-v1+json; q=1.0, application/json; q=0.8, */*
> Connection: keep-alive
> User-Agent: Bun/1.3.9
> Host: registry.npmjs.org
> Accept-Encoding: gzip, deflate, br, zstd

> HTTP/1.1 GET https://registry.npmjs.org/send
> If-None-Match: W/"a6ac739d2081e3749c8bdbf79edc3313"
> Accept: application/vnd.npm.install-v1+json; q=1.0, application/json; q=0.8, */*
> Connection: keep-alive
> User-Agent: Bun/1.3.9
> Host: registry.npmjs.org
> Accept-Encoding: gzip, deflate, br, zstd

> HTTP/1.1 GET https://registry.npmjs.org/morgan
> If-None-Match: W/"8caf5722efcf505591cf78387f76adaa"
> Accept: application/vnd.npm.install-v1+json; q=1.0, application/json; q=0.8, */*
> Connection: keep-alive
> User-Agent: Bun/1.3.9
> Host: registry.npmjs.org
> Accept-Encoding: gzip, deflate, br, zstd

< 304 Not Modified
< Date: Sat, 03 Oct 2026 22:27:45 GMT
< Connection: keep-alive
< set-cookie: __cf_bm=6n76JI9uESjqUlttDAV43MqNTGoYkyfJOFvPcAFq5ko-1791066465.737789-1.0.1.1-7NzECo6nh89PGjji_lCnWQKS_YcH237.bcD8RZfyzYS9YLhf1R_3sLzRtga9Qd5VRMJxA197f5CqjKeABL6F9Mu.HGaHxnrZmC1wSOjc3wpCbhcU7oRJKcI_ZkbNylpl; HttpOnly; SameSite=None; Secure; Path=/; Domain=npmjs.org; Expires=Sat, 03 Oct 2026 22:57:45 GMT
< set-cookie: _cfuvid=JAPFRL97UdUOJNcYzdENdhZRC23sYvrnzYas9.iVlXA-1791066465.737789-1.0.1.1-oINT6rxpjL8cUnjkrThfW1Wd0ZQegjk9FXg.SA9jcik; HttpOnly; SameSite=None; Secure; Path=/; Domain=npmjs.org
< CF-Ray: a44f6042d9ed793f-TIA
< CF-Cache-Status: HIT
< Access-Control-Allow-Origin: *
< Cache-Control: public, max-age=300
< ETag: "94a0154fa71260c71c360854c3235581"
< Last-Modified: Mon, 18 Aug 2025 23:20:50 GMT
< Server: cloudflare

> HTTP/1.1 GET https://registry.npmjs.org/connect
> If-None-Match: W/"66a4b8432390633c7389b0efdad2b3b5"
> Accept: application/vnd.npm.install-v1+json; q=1.0, application/json; q=0.8, */*
> Connection: keep-alive
> User-Agent: Bun/1.3.9
> Host: registry.npmjs.org
> Accept-Encoding: gzip, deflate, br, zstd

   - "@types/react-dom": "^19.1.6" - @types/react-dom@19.3.0
Enqueue package manifest for download: color-name
[PackageManager] waiting for 100 tasks
    [370.13ms]
Downloaded @types/react-reconciler versions
   - "@types/react-reconciler": "^0.28.9" - @types/react-reconciler@0.28.9
    [17.17ms]
Downloaded color-diff versions
   - "color-diff": "^1.4.0" - color-diff@1.4.0
    [200.88ms]
Downloaded looks-same versions
   - "looks-same": "^9.0.1" - looks-same@9.0.1
   - "sharp": "0.32.6" - sharp@0.32.6
Enqueue package manifest for download: lodash
Enqueue package manifest for download: fs-extra
Enqueue package manifest for download: parse-color
   - "js-graph-algorithms": "1.0.18" - js-graph-algorithms@1.0.18
Enqueue package manifest for download: nested-error-stacks
Enqueue package manifest for download: color
Enqueue package manifest for download: tar-fs
Enqueue package manifest for download: simple-get
Enqueue package manifest for download: detect-libc
Enqueue package manifest for download: tunnel-agent
Enqueue package manifest for download: node-addon-api
Enqueue package manifest for download: prebuild-install
< 304 Not Modified
< Date: Sat, 03 Oct 2026 22:27:45 GMT
< Connection: keep-alive
< set-cookie: __cf_bm=.SrxRzDQzeXa1NOyJHDRSLTTah46c0keJ_eav_moD3o-1791066465.9280946-1.0.1.1-NFBmkrn41KxGt9eyvsLPD3.YHZeJqAifD2Ou9wXX1NOuvmpDr9t2q.p5.5f1lxAgJfcstppgJGvRxUpkajt0k1WHI1Oh6b.hZCWlfIXN101DbO2CBk3gLiFQqWs7P8kt; HttpOnly; SameSite=None; Secure; Path=/; Domain=npmjs.org; Expires=Sat, 03 Oct 2026 22:57:45 GMT
< set-cookie: _cfuvid=RQXQ0JiRT5B03rmv8o_oGEDVxuvLMkqDFa891IReA4Q-1791066465.9280946-1.0.1.1-j4hquqg.NGMu0F2uBTmwpH83KUsaohP7UFe1I7PxlzM; HttpOnly; SameSite=None; Secure; Path=/; Domain=npmjs.org
< CF-Ray: a44f60440bab51a4-TIA
< CF-Cache-Status: HIT
< Access-Control-Allow-Origin: *
< Age: 280
< Cache-Control: public, max-age=300
< ETag: "80cd728f337de6db64df8b26faa9c2ad"
< Last-Modified: Tue, 23 Jun 2026 02:02:49 GMT
< Server: cloudflare

[PackageManager] waiting for 108 tasks
    [22.70ms]
Downloaded parsel-js versions
> HTTP/1.1 GET https://registry.npmjs.org/chokidar
> If-None-Match: W/"1bfda0d44b7e8de1a1e3c78c5a75eb62"
> Accept: application/vnd.npm.install-v1+json; q=1.0, application/json; q=0.8, */*
> Connection: keep-alive
> User-Agent: Bun/1.3.9
> Host: registry.npmjs.org
> Accept-Encoding: gzip, deflate, br, zstd

< 304 Not Modified
< Date: Sat, 03 Oct 2026 22:27:45 GMT
< Connection: keep-alive
< set-cookie: __cf_bm=k2DHFcPYKVSql3kleOBiHrfFMTqIG0NGcix_GyderO0-1791066465.9280825-1.0.1.1-NOBDNDRoJJwUJQoUtrZua7P4YTHXl5w3504DenYwScr2NrAoTHolM.nAVzkaRdgQSEcMpRSNCqFg5dryyXbnUKCE7nVnYSIgtktfOVjMJVSm1nEW6BfdpcbTBh6q_lhZ; HttpOnly; SameSite=None; Secure; Path=/; Domain=npmjs.org; Expires=Sat, 03 Oct 2026 22:57:45 GMT
< set-cookie: _cfuvid=4srw_6tRsJPgQlL5nfyqncvJAcJAY4k.3YIfyidLrxs-1791066465.9280825-1.0.1.1-GHWRtxo_0loc5RPQeT27iYENY6HfJN__qlD0yemxBtk; HttpOnly; SameSite=None; Secure; Path=/; Domain=npmjs.org
< CF-Ray: a44f6044084ea5b3-TIA
< CF-Cache-Status: HIT
< Access-Control-Allow-Origin: *
< Age: 290
< Cache-Control: public, max-age=300
< ETag: "374e71df047f574dfce028d63be19f60"
< Last-Modified: Tue, 29 Sep 2026 01:32:52 GMT
< Server: cloudflare

   - "parsel-js": "^1.1.2" - parsel-js@1.2.3
[PackageManager] waiting for 107 tasks
    [18.66ms]
Downloaded string-argv versions
< 304 Not Modified
< Date: Sat, 03 Oct 2026 22:27:45 GMT
< Connection: keep-alive
< set-cookie: __cf_bm=xUf417VBTEQdZc9IOo9JhPgEGFgeuODtXE7fAqh50vQ-1791066465.7455087-1.0.1.1-9_uNeBUsi8psnYSMxpTJw4iOueKsYwSoBN.3DyoA3ru4phma.545w0kisThLsmpeYtXZE8fiTZGv_tovzhVmbaWbKzS3TG6rTZ5WPab3GTT2pX_ZjU9UjZj6SJutIeoY; HttpOnly; SameSite=None; Secure; Path=/; Domain=npmjs.org; Expires=Sat, 03 Oct 2026 22:57:45 GMT
< set-cookie: _cfuvid=fNE1Xm8m2vOSLVWrxWTA4Yj2Pja5h78QtfXGdhkKovk-1791066465.7455087-1.0.1.1-R043BTJ2AdOUQbu8NsPt7qsNbYi2xHPtyVtS3HyxKsE; HttpOnly; SameSite=None; Secure; Path=/; Domain=npmjs.org
< CF-Ray: a44f6042ea5851a4-TIA
< CF-Cache-Status: HIT
< Access-Control-Allow-Origin: *
< Cache-Control: public, max-age=300
< ETag: "f66e7f7a2b0476bb6455178caba48b62"
< Last-Modified: Tue, 17 Mar 2026 13:26:48 GMT
< Server: cloudflare

   - "string-argv": "^0.3.1" - string-argv@0.3.2
< 304 Not Modified
< Date: Sat, 03 Oct 2026 22:27:45 GMT
< Connection: keep-alive
< set-cookie: __cf_bm=b8DC3ZON_2IIxDVVG6SlvfOqSjbmkXgJ0dkOloKUTiU-1791066465.7378654-1.0.1.1-1lzXcHY_viniWxIZDG3pjpRYqNBr33I925nj5lIp9o7Suq2JOxoH02DSDCxpEgnQsGW3ZDgngZ.Ycp6HzZkdwM6L6YvTdULcKs12q4TzgU4w3aZU4BiC.VDOrcktg68C; HttpOnly; SameSite=None; Secure; Path=/; Domain=npmjs.org; Expires=Sat, 03 Oct 2026 22:57:45 GMT
< set-cookie: _cfuvid=0OxHCdR4eZGQWcXCnz.h7hvl1RYkEwHV6dbO1A6_Jbk-1791066465.7378654-1.0.1.1-.jhSlAVkOZX19XjtYZtPl4QIppJjs4TvM1ZxbngmRDg; HttpOnly; SameSite=None; Secure; Path=/; Domain=npmjs.org
< CF-Ray: a44f6042da4a51a4-TIA
< CF-Cache-Status: HIT
< Access-Control-Allow-Origin: *
< Cache-Control: public, max-age=300
< ETag: "4981200f5ab1776f4f3ac102339ac378"
< Last-Modified: Wed, 09 Sep 2026 18:08:52 GMT
< Server: cloudflare

[PackageManager] waiting for 106 tasks
> HTTP/1.1 GET https://registry.npmjs.org/http-auth
> If-None-Match: W/"5e60d1b86fdbafb2201982dd16cf0746"
> Accept: application/vnd.npm.install-v1+json; q=1.0, application/json; q=0.8, */*
> Connection: keep-alive
> User-Agent: Bun/1.3.9
> Host: registry.npmjs.org
> Accept-Encoding: gzip, deflate, br, zstd

    [203.90ms]
Downloaded css-what versions
   - "css-what": "^6.1.0" - css-what@6.2.2
    [381.03ms]
Downloaded @types/react versions
> HTTP/1.1 GET https://registry.npmjs.org/serve-index
> If-None-Match: W/"3fac0b720cb93d83551a4fd0de48b62c"
> Accept: application/vnd.npm.install-v1+json; q=1.0, application/json; q=0.8, */*
> Connection: keep-alive
> User-Agent: Bun/1.3.9
> Host: registry.npmjs.org
> Accept-Encoding: gzip, deflate, br, zstd

> HTTP/1.1 GET https://registry.npmjs.org/object-assign
> If-None-Match: W/"d276cb34a4d08a6feba846a5622eba35"
> Accept: application/vnd.npm.install-v1+json; q=1.0, application/json; q=0.8, */*
> Connection: keep-alive
> User-Agent: Bun/1.3.9
> Host: registry.npmjs.org
> Accept-Encoding: gzip, deflate, br, zstd

< 304 Not Modified
< Date: Sat, 03 Oct 2026 22:27:45 GMT
< Connection: keep-alive
< set-cookie: __cf_bm=n4OrtNqPnJ0rmamRF_AO9H.NClBBcZeKnGIUXXy5Qwo-1791066465.7490754-1.0.1.1-3kjVw12Ce8quzv3YssRqMLnBwnituf7qeSP6sYQIOLfkCbreV8FtH1LrTlM5YQC5L_YfP7oQdKjjrGI3RjiM3YyRI0sonuuihSDQ1kCYK8ANI6yhqKypYf9mkkS..aBu; HttpOnly; SameSite=None; Secure; Path=/; Domain=npmjs.org; Expires=Sat, 03 Oct 2026 22:57:45 GMT
< set-cookie: _cfuvid=uuF0RA_l.S_35hH4weKDpcm_JwKE2DGR1hKaDUtA9iQ-1791066465.7490754-1.0.1.1-Nlfd7GgHfi486WDL7J73px7IYKaLINYfJuk_fn5ynZg; HttpOnly; SameSite=None; Secure; Path=/; Domain=npmjs.org
< CF-Ray: a44f6042eb0e7c08-TIA
< CF-Cache-Status: HIT
< Access-Control-Allow-Origin: *
< Cache-Control: public, max-age=300
< ETag: "97db3d1ceac053b33b70c302b6312f8f"
< Last-Modified: Wed, 18 Mar 2026 16:43:42 GMT
< Server: cloudflare

< 304 Not Modified
< Date: Sat, 03 Oct 2026 22:27:45 GMT
< Connection: keep-alive
< set-cookie: __cf_bm=5NoGOnHjbVRG8HowfzExcjWecHmdYO1QwD5NM2lMxjs-1791066465.7491388-1.0.1.1-s8OIwU0Md11kqdqNvObJz50rjklxGWQSCjV3zxPQQa1k07VjNXpCIS8IjeNZjuy7GWtUyR4rdq0zTSBdjciRzqDpsMHpbSUHKwQN_sF4GvTSrOCkKWxE4Bgof7BqfQd7; HttpOnly; SameSite=None; Secure; Path=/; Domain=npmjs.org; Expires=Sat, 03 Oct 2026 22:57:45 GMT
< set-cookie: _cfuvid=mjm1cdKAAaBCgATIQGjGHVxeABCo1LHDN_v413nm5CU-1791066465.7491388-1.0.1.1-ncRtdlO.tTAdJ2_9hM6.YZR.wGy0m0OjG_loGmTze5Q; HttpOnly; SameSite=None; Secure; Path=/; Domain=npmjs.org
< CF-Ray: a44f6042eb005f50-TIA
< CF-Cache-Status: HIT
< Access-Control-Allow-Origin: *
< Cache-Control: public, max-age=300
< ETag: "03ea33cd59b1fe98a492b29d197c5736"
< Last-Modified: Sat, 03 Oct 2026 06:15:26 GMT
< Server: cloudflare

< 304 Not Modified
< Date: Sat, 03 Oct 2026 22:27:45 GMT
< Connection: keep-alive
< set-cookie: __cf_bm=46N6jquwHoFbsAnyNcrfIbS0DSAIe4Ifdr1Fn9F.1M4-1791066465.9281795-1.0.1.1-mRYsW5vuTPVwRcV9VG19gqpta06zWWWrDhbbQ4cZZ5L.D73LMr457EZhYqNpJWnFcLV6ySU.GkHgTw02ZE1C1IP8QjkZf58H9yQhz1..ZaAX8goUBp8ngVFmZ_5sJUoF; HttpOnly; SameSite=None; Secure; Path=/; Domain=npmjs.org; Expires=Sat, 03 Oct 2026 22:57:45 GMT
< set-cookie: _cfuvid=zgfvJush63HiOi4bUasUpGPrqHj7GYMKfiUDZwq5z88-1791066465.9281795-1.0.1.1-E6KK3Ce.VUsD4Oc5gffP.hYe7oZdDmQjVRUGzdWlmmk; HttpOnly; SameSite=None; Secure; Path=/; Domain=npmjs.org
< CF-Ray: a44f60440bac51a4-TIA
< CF-Cache-Status: HIT
< Access-Control-Allow-Origin: *
< Age: 190
< Cache-Control: public, max-age=300
< ETag: "342d59cfd70d2c145a225213daeb1bfb"
< Last-Modified: Wed, 09 Sep 2026 20:11:11 GMT
< Server: cloudflare

< 304 Not Modified
< Date: Sat, 03 Oct 2026 22:27:45 GMT
< Connection: keep-alive
< set-cookie: __cf_bm=zEmUHuaPuhxyUAyITvMxXouF29Eh.j98pTuiQ_4Pas4-1791066465.7492974-1.0.1.1-aJxnG.oRpx8dUNhgS.b9WdP5lG9ZHUjeUal0LD.JVbSK5W0QyMP148UMg7FixtFh6EDQNJbdxxna1rS7vbOfGeMCbGOejcVeHoI9jBFqHezbWjH4U6UMnkvhxCFjzmjZ; HttpOnly; SameSite=None; Secure; Path=/; Domain=npmjs.org; Expires=Sat, 03 Oct 2026 22:57:45 GMT
< set-cookie: _cfuvid=8l0Y8kB5rHoPdEtPtapk4Ccxzicqhsj8iZk5GGQzjvo-1791066465.7492974-1.0.1.1-9RvWCrZzlnbd5tof4MnGBddsFhQ0Er86Ux7kMvK_RAA; HttpOnly; SameSite=None; Secure; Path=/; Domain=npmjs.org
< CF-Ray: a44f6042eb0d7c08-TIA
< CF-Cache-Status: HIT
< Access-Control-Allow-Origin: *
< Cache-Control: public, max-age=300
< ETag: "25b2747c7b1764f9221d4d7690394b61"
< Last-Modified: Tue, 17 Mar 2026 16:24:52 GMT
< Server: cloudflare

> HTTP/1.1 GET https://registry.npmjs.org/faye-websocket
> If-None-Match: W/"14d60fbdcbef02c4f40215287981c6b8"
> Accept: application/vnd.npm.install-v1+json; q=1.0, application/json; q=0.8, */*
> Connection: keep-alive
> User-Agent: Bun/1.3.9
> Host: registry.npmjs.org
> Accept-Encoding: gzip, deflate, br, zstd

> HTTP/1.1 GET https://registry.npmjs.org/proxy-middleware
> If-None-Match: W/"f67da1e8021202fa49699e7041f1b712"
> Accept: application/vnd.npm.install-v1+json; q=1.0, application/json; q=0.8, */*
> Connection: keep-alive
> User-Agent: Bun/1.3.9
> Host: registry.npmjs.org
> Accept-Encoding: gzip, deflate, br, zstd

> HTTP/1.1 GET https://registry.npmjs.org/through
> If-None-Match: W/"da70cb2cd9c485674c6eb3a96727bf1c"
> Accept: application/vnd.npm.install-v1+json; q=1.0, application/json; q=0.8, */*
> Connection: keep-alive
> User-Agent: Bun/1.3.9
> Host: registry.npmjs.org
> Accept-Encoding: gzip, deflate, br, zstd

> HTTP/1.1 GET https://registry.npmjs.org/duplexer
> If-None-Match: W/"c85ef539a3fc9e9f5672bcaa2090a5eb"
> Accept: application/vnd.npm.install-v1+json; q=1.0, application/json; q=0.8, */*
> Connection: keep-alive
> User-Agent: Bun/1.3.9
> Host: registry.npmjs.org
> Accept-Encoding: gzip, deflate, br, zstd

   - "@types/react": "^19.1.8" - @types/react@19.3.0
Enqueue package manifest for download: csstype
[PackageManager] waiting for 105 tasks
    [200.46ms]
Downloaded domutils versions
   - "domutils": "^3.0.1" - domutils@3.2.2
    [200.15ms]
Downloaded lucide-react versions
   - "lucide-react": "^1.17.0" - lucide-react@1.51.0
    [22.99ms]
Downloaded proc-log versions
   - "proc-log": "^3.0.0" - proc-log@3.0.0
    [200.38ms]
Downloaded domhandler versions
   - "domhandler": "^5.0.2" - domhandler@5.0.3
Enqueue package manifest for download: dom-serializer
Enqueue package manifest for download: domelementtype
< 304 Not Modified
< Date: Sat, 03 Oct 2026 22:27:45 GMT
< Connection: keep-alive
< set-cookie: __cf_bm=D0tvv2CeRCFb899VxJw6qjIiniCSvmWzAgkFS9bZ9DA-1791066465.7533565-1.0.1.1-zxkV21e2vmzicAoikZ0wMrmwDIa06cQ8NxfofByNQsFLpMTFCD2DXj5kYFcx7NK7u7lfpEILzqih.vVKcs3POjGhrN2mBMNHgWzSVqxP_DRWby6kYaHhPD6pEogYpAQ9; HttpOnly; SameSite=None; Secure; Path=/; Domain=npmjs.org; Expires=Sat, 03 Oct 2026 22:57:45 GMT
< set-cookie: _cfuvid=AOBQ1v.NmizAbCtaC_GyL8O4HTZyirEL.PwtOKmhWnI-1791066465.7533565-1.0.1.1-P0onrL5m4Rckjd.sxlcJ2xWNnXoEElLA7l36azatxnE; HttpOnly; SameSite=None; Secure; Path=/; Domain=npmjs.org
< CF-Ray: a44f6042fb117c08-TIA
< CF-Cache-Status: HIT
< Access-Control-Allow-Origin: *
< Cache-Control: public, max-age=300
< ETag: "0c8e7686f158aafcbabadef44a94c1b3"
< Last-Modified: Sat, 03 Oct 2026 15:00:34 GMT
< Server: cloudflare

[PackageManager] waiting for 103 tasks
    [200.77ms]
Downloaded bun-types versions
> HTTP/1.1 GET https://registry.npmjs.org/from
> If-None-Match: W/"cd836032241e9e6798c3652464f375c2"
> Accept: application/vnd.npm.install-v1+json; q=1.0, application/json; q=0.8, */*
> Connection: keep-alive
> User-Agent: Bun/1.3.9
> Host: registry.npmjs.org
> Accept-Encoding: gzip, deflate, br, zstd

< 304 Not Modified
< Date: Sat, 03 Oct 2026 22:27:45 GMT
< Connection: keep-alive
< set-cookie: __cf_bm=OEGNFZI3_6i9WJqUpSsXvTSYR0KqGi2h_KvlY..C0fg-1791066465.7535825-1.0.1.1-zQA78OhKCwXZw._XX84IoPq52T3TsbrHANeFcuf8Cf2JBTSE50GYQHDLGgavX98IajZ20dNn5W2GdDr.trs48sBevzyujJv7Z6oyyci_DxO4hsOz956z23efJjvjxsx6; HttpOnly; SameSite=None; Secure; Path=/; Domain=npmjs.org; Expires=Sat, 03 Oct 2026 22:57:45 GMT
< set-cookie: _cfuvid=huxjmhJ_L88zjuQg7SlmYuynS5ZQ6FYVfa0DTQF1zEg-1791066465.7535825-1.0.1.1-mUnCMY.IReJYYajdnCh6xb5Jer6qTdweGtJCXSMp93c; HttpOnly; SameSite=None; Secure; Path=/; Domain=npmjs.org
< CF-Ray: a44f6042fb03f474-TIA
< CF-Cache-Status: HIT
< Access-Control-Allow-Origin: *
< Cache-Control: public, max-age=300
< ETag: "606deb818da6ebc0e64478550456fd85"
< Last-Modified: Mon, 17 Jul 2023 15:58:49 GMT
< Server: cloudflare

> HTTP/1.1 GET https://registry.npmjs.org/map-stream
> If-None-Match: W/"03181bf07e1266e5679077fb76a6dc61"
> Accept: application/vnd.npm.install-v1+json; q=1.0, application/json; q=0.8, */*
> Connection: keep-alive
> User-Agent: Bun/1.3.9
> Host: registry.npmjs.org
> Accept-Encoding: gzip, deflate, br, zstd

   - "bun-types": "^1.1.40" - bun-types@1.4.2
[PackageManager] waiting for 102 tasks
    [200.91ms]
Downloaded svgson versions
   - "svgson": "^5.3.1" - svgson@5.3.1
Enqueue package manifest for download: deep-rename-keys
   - "xml-reader": "2.4.3" - xml-reader@2.4.3
Enqueue package manifest for download: eventemitter3
Enqueue package manifest for download: xml-lexer
< 304 Not Modified
< Date: Sat, 03 Oct 2026 22:27:45 GMT
< Connection: keep-alive
< set-cookie: __cf_bm=9xKMJ3VTl.japIh5.EoofPRkVf4355ApIteFuxnu6Bc-1791066465.9391723-1.0.1.1-Ca1_zbybEcRsfjqk9.VzkjTvUyPuH4A4R58Ev.EbjIqaNwfQvgfJYpN3VtWZnMuwysOEMqu5ExCZUdhrWitqKxCdIf3RHZPTwKUcNGvQXsOSv6wp1CsB4mjwcLNEDFT1; HttpOnly; SameSite=None; Secure; Path=/; Domain=npmjs.org; Expires=Sat, 03 Oct 2026 22:57:45 GMT
< set-cookie: _cfuvid=Lckf7JvU.wzt058uy2b2i5RifDE5olhxzjXf4zs1Ah4-1791066465.9391723-1.0.1.1-UnUwYnvZs_01lXVE45hPm.0_8hwhY1PjXP9M_l8zFm4; HttpOnly; SameSite=None; Secure; Path=/; Domain=npmjs.org
< CF-Ray: a44f60441f8d9b00-TIA
< CF-Cache-Status: HIT
< Access-Control-Allow-Origin: *
< Age: 217
< Cache-Control: public, max-age=300
< ETag: "4d61eae1c11feb0c0031ce518cbd9fb7"
< Last-Modified: Tue, 01 Nov 2022 17:49:08 GMT
< Server: cloudflare

[PackageManager] waiting for 104 tasks
    [23.23ms]
Downloaded call-me-maybe versions
> HTTP/1.1 GET https://registry.npmjs.org/split
> If-None-Match: W/"4dc952dd3d16913e1a4be174b1545438"
> Accept: application/vnd.npm.install-v1+json; q=1.0, application/json; q=0.8, */*
> Connection: keep-alive
> User-Agent: Bun/1.3.9
> Host: registry.npmjs.org
> Accept-Encoding: gzip, deflate, br, zstd

   - "call-me-maybe": "^1.0.1" - call-me-maybe@1.0.2
< 304 Not Modified
< Date: Sat, 03 Oct 2026 22:27:45 GMT
< Connection: keep-alive
< set-cookie: __cf_bm=UAVZ_h0GfEMmqNbIp2Xb9vT.oHbvTPL3a86B.r_A48g-1791066465.9392579-1.0.1.1-RJTOR2K9UQNMyzUzvDP7Zx8eN9Pgls9_jQD8hTo.VeAA1n0t7D1MTgyJLr1CdzVuzRkgayAad8b8qsteNkZ5WSnnoi5CrNEUCaIG1ac9uAN5_n769I.EQ19sNbd59GUe; HttpOnly; SameSite=None; Secure; Path=/; Domain=npmjs.org; Expires=Sat, 03 Oct 2026 22:57:45 GMT
< set-cookie: _cfuvid=mCI2o9rTZkaYEU46YuTBe3eQkW6cAzbUQ2hoXBhgT4Y-1791066465.9392579-1.0.1.1-uvAXcX5sByDOgX1y0vQfLSvwJzJrkXAuP0KN5qXtv0Q; HttpOnly; SameSite=None; Secure; Path=/; Domain=npmjs.org
< CF-Ray: a44f60441c48f474-TIA
< CF-Cache-Status: HIT
< Access-Control-Allow-Origin: *
< Age: 178
< Cache-Control: public, max-age=300
< ETag: "a6ac739d2081e3749c8bdbf79edc3313"
< Last-Modified: Mon, 15 Dec 2025 19:36:13 GMT
< Server: cloudflare

[PackageManager] waiting for 103 tasks
    [23.24ms]
Downloaded send versions
< 304 Not Modified
< Date: Sat, 03 Oct 2026 22:27:45 GMT
< Connection: keep-alive
< set-cookie: __cf_bm=57P17YEXf_3mfXwBd7aRfC6nOp50sJDkF.3WUhguoCs-1791066465.9391906-1.0.1.1-oWGZHVDUxd6u4gbU0m.9avgxYIu2N2eeo6jxmn0KvymMiqNbe.KaA4xcuHfD9o835FxhbuMPDGi.nbh7lfl8GfGMyjKx9OuPvNoq3mxRH0t4H3GhRlnHytGSVxHj_CGQ; HttpOnly; SameSite=None; Secure; Path=/; Domain=npmjs.org; Expires=Sat, 03 Oct 2026 22:57:45 GMT
< set-cookie: _cfuvid=rvq4v8g1PMzqjykiqVlCLJHXnJlr2dFemSuciCOFTsg-1791066465.9391906-1.0.1.1-GvlzUV_vskJ6F9rLcHvKzPVm2kuhfIJosWP4dtvc6jw; HttpOnly; SameSite=None; Secure; Path=/; Domain=npmjs.org
< CF-Ray: a44f60441ad5793f-TIA
< CF-Cache-Status: HIT
< Access-Control-Allow-Origin: *
< Age: 282
< Cache-Control: public, max-age=300
< ETag: "66a4b8432390633c7389b0efdad2b3b5"
< Last-Modified: Tue, 07 Nov 2023 05:01:00 GMT
< Server: cloudflare

> HTTP/1.1 GET https://registry.npmjs.org/stream-combiner
> If-None-Match: W/"253ad4dc89b2c0c5f0360c5dc090309e"
> Accept: application/vnd.npm.install-v1+json; q=1.0, application/json; q=0.8, */*
> Connection: keep-alive
> User-Agent: Bun/1.3.9
> Host: registry.npmjs.org
> Accept-Encoding: gzip, deflate, br, zstd

> HTTP/1.1 GET https://registry.npmjs.org/scheduler
> If-None-Match: W/"6d29bfd1f11bbc2fe21e9606b86d6539"
> Accept: application/vnd.npm.install-v1+json; q=1.0, application/json; q=0.8, */*
> Connection: keep-alive
> User-Agent: Bun/1.3.9
> Host: registry.npmjs.org
> Accept-Encoding: gzip, deflate, br, zstd

   - "send": "latest" - send@1.2.1
Enqueue package manifest for download: encodeurl
Enqueue package manifest for download: escape-html
Enqueue package manifest for download: etag
Enqueue package manifest for download: fresh
Enqueue package manifest for download: http-errors
Enqueue package manifest for download: mime-types
Enqueue package manifest for download: on-finished
Enqueue package manifest for download: range-parser
Enqueue package manifest for download: statuses
[PackageManager] waiting for 111 tasks
    [23.22ms]
Downloaded connect versions
< 304 Not Modified
< Date: Sat, 03 Oct 2026 22:27:45 GMT
< Connection: keep-alive
< set-cookie: __cf_bm=6DHB7tmvEybeoZuuWvC9jZ3DzY5_ru8NPGZF4M42c8g-1791066465.7617269-1.0.1.1-pMCdXpNRSNp41mIKsH6deyIgFoQ_5oebXpvh9.KWelOnfGsBRPB8Fo3PMvHfijhHE5GE57pQQaKsvZLZhUkG9w1Ad_AJURuqsayDr7Y0rky0Ohe4I.XzqO4A7BECYzcy; HttpOnly; SameSite=None; Secure; Path=/; Domain=npmjs.org; Expires=Sat, 03 Oct 2026 22:57:45 GMT
< set-cookie: _cfuvid=oJEuH9uc33MXnGqMs2s3DZA7.fe_oC7FLBe1nVaATPw-1791066465.7617269-1.0.1.1-cL.2lXs_xYKRO8UsSnU8c4Rbl8uvhh0uyyMo3.Wkg20; HttpOnly; SameSite=None; Secure; Path=/; Domain=npmjs.org
< CF-Ray: a44f60430b1c5f50-TIA
< CF-Cache-Status: HIT
< Access-Control-Allow-Origin: *
< Cache-Control: public, max-age=300
< ETag: "ab608d3e5eb62f395e5e17b24e41f6f4"
< Last-Modified: Sun, 26 Jul 2026 15:13:38 GMT
< Server: cloudflare

> HTTP/1.1 GET https://registry.npmjs.org/@thednp%2fdommatrix
> If-None-Match: W/"6b20975a9e5182e21ab7481235a7fa3b"
> Accept: application/vnd.npm.install-v1+json; q=1.0, application/json; q=0.8, */*
> Connection: keep-alive
> User-Agent: Bun/1.3.9
> Host: registry.npmjs.org
> Accept-Encoding: gzip, deflate, br, zstd

< 304 Not Modified
< Date: Sat, 03 Oct 2026 22:27:45 GMT
< Connection: keep-alive
< set-cookie: __cf_bm=xjjB4XP.StEXYBebxjZljRJyG0F.gZ9wJcMmtGR.y5A-1791066465.7617984-1.0.1.1-9CWolWrw9E4OP7n0vpH.F55h7ZPZsjCzyaDMh7IqlmL6_ro5IrpUE21vjw.f_9I_.lPo26hKlirGRV4s2NqgRgFXsMkZyCVOh7laIDiZifvc.5rb15FILSfRiiY..H_m; HttpOnly; SameSite=None; Secure; Path=/; Domain=npmjs.org; Expires=Sat, 03 Oct 2026 22:57:45 GMT
< set-cookie: _cfuvid=FvgIOsP1rWsbRVsLP2oipRTayPKaClAYLNdkVH7uFZ8-1791066465.7617984-1.0.1.1-QTcHfuXTvYMHHbON3Luv_zgKA7VRuYbSXN23SjZ4zO0; HttpOnly; SameSite=None; Secure; Path=/; Domain=npmjs.org
< CF-Ray: a44f60430a7751a4-TIA
< CF-Cache-Status: HIT
< Access-Control-Allow-Origin: *
< Cache-Control: public, max-age=300
< ETag: "cad4df025c767d04785cfb98bfe35b51"
< Last-Modified: Thu, 20 Aug 2026 21:29:26 GMT
< Server: cloudflare

< 304 Not Modified
< Date: Sat, 03 Oct 2026 22:27:45 GMT
< Connection: keep-alive
< set-cookie: __cf_bm=hD2lJA2eJgqiqgZccv1xuVKwB9z2tuR8qpnh0qH1OcM-1791066465.7221909-1.0.1.1-XUD2HvIDndaiwjfqvVfODE1jk7Vr_XEFTb_5kaVltrDbnWHpmslkx.swA9s08QB20Va7VOaa_4kErEsxxV4TE9y5pciX9Eauizjd3jVVB3JHkqmlgDDZfQ9DX_9zr8r1; HttpOnly; SameSite=None; Secure; Path=/; Domain=npmjs.org; Expires=Sat, 03 Oct 2026 22:57:45 GMT
< set-cookie: _cfuvid=r4kE4d6i0A0L2HUgEVq1Ff7ytUFZiVvvLt9qAPVMyLU-1791066465.7221909-1.0.1.1-24SvnG7MizvJtxxWANfXPGcbAf4mcRRKdMlqDfMSL2w; HttpOnly; SameSite=None; Secure; Path=/; Domain=npmjs.org
< CF-Ray: a44f6042c9d0793f-TIA
< CF-Cache-Status: REVALIDATED
< Access-Control-Allow-Origin: *
< Cache-Control: public, max-age=300
< ETag: "28fdc3df7dfc58981fbf354c7b12e7e6"
< Last-Modified: Thu, 20 Aug 2026 00:55:07 GMT
< Server: cloudflare

< 304 Not Modified
< Date: Sat, 03 Oct 2026 22:27:45 GMT
< Connection: keep-alive
< set-cookie: __cf_bm=q3hUK__9wJ3sjQeXYe6.1B7xOBf1U63DyUYe_F.cXmQ-1791066465.762111-1.0.1.1-YwpByq8pjYCcXBxQAyybmPEWKDv9jwikGIeAG4Qzw37GgMjFYmg2ALhe5ag8YpwWgmZ9nd9uEKbFwen94HpKuAB4d7kRfYBSiVs3lRkCg3bkS2NFSX4dTOEoEjdj2vyc; HttpOnly; SameSite=None; Secure; Path=/; Domain=npmjs.org; Expires=Sat, 03 Oct 2026 22:57:45 GMT
< set-cookie: _cfuvid=EdzMrT4LX39W7gRZlrUz_zq6sw8mpaTyicx8ZUHa5iI-1791066465.762111-1.0.1.1-xKrIshE7kAXxd1.iH51Wxgd8o_dpUpsXTML61fxS7YU; HttpOnly; SameSite=None; Secure; Path=/; Domain=npmjs.org
< CF-Ray: a44f60430b217c08-TIA
< CF-Cache-Status: HIT
< Access-Control-Allow-Origin: *
< Cache-Control: public, max-age=300
< ETag: "bc6e0023e9d9717a6ed4db00a1cf3f96"
< Last-Modified: Thu, 24 Sep 2026 14:37:53 GMT
< Server: cloudflare

> HTTP/1.1 GET https://registry.npmjs.org/loose-envify
> If-None-Match: W/"68fea8055d55efb8257a12f2dcecfc79"
> Accept: application/vnd.npm.install-v1+json; q=1.0, application/json; q=0.8, */*
> Connection: keep-alive
> User-Agent: Bun/1.3.9
> Host: registry.npmjs.org
> Accept-Encoding: gzip, deflate, br, zstd

> HTTP/1.1 GET https://registry.npmjs.org/bundle-require
> If-None-Match: W/"fe6bcc952a30b87ad90f7c3d809d7129"
> Accept: application/vnd.npm.install-v1+json; q=1.0, application/json; q=0.8, */*
> Connection: keep-alive
> User-Agent: Bun/1.3.9
> Host: registry.npmjs.org
> Accept-Encoding: gzip, deflate, br, zstd

> HTTP/1.1 GET https://registry.npmjs.org/cac
> If-None-Match: W/"51a97942b69cd10fb8eccd53fe56fc6b"
> Accept: application/vnd.npm.install-v1+json; q=1.0, application/json; q=0.8, */*
> Connection: keep-alive
> User-Agent: Bun/1.3.9
> Host: registry.npmjs.org
> Accept-Encoding: gzip, deflate, br, zstd

   - "connect": "^3.6.6" - connect@3.7.0
   - "debug": "2.6.9" - debug@2.6.9
   - "finalhandler": "1.1.2" - finalhandler@1.1.2
Enqueue package manifest for download: parseurl
   - "utils-merge": "1.0.1" - utils-merge@1.0.1
   - "ms": "2.0.0" - ms@2.0.0
Enqueue package manifest for download: unpipe
[PackageManager] waiting for 112 tasks
    [203.96ms]
Downloaded supports-color versions
   - "supports-color": "^7.1.0" - supports-color@7.2.0
    [203.97ms]
Downloaded y18n versions
   - "y18n": "^5.0.5" - y18n@5.0.8
    [398.83ms]
Downloaded graphics-debug versions
   - "graphics-debug": "^0.0.95" - graphics-debug@0.0.95
   - "graphics-debug": "^0.0.96" - graphics-debug@0.0.96
   - "graphics-debug": "0.0.99" - graphics-debug@0.0.99
    [202.92ms]
Downloaded string-width versions
   - "string-width": "^4.2.3" - string-width@4.2.3
Enqueue package manifest for download: polished
Enqueue package manifest for download: react-supergrid
Enqueue package manifest for download: react-router-dom
   - "transformation-matrix": "^3.0.0" - transformation-matrix@3.1.0
Enqueue package manifest for download: @types/react-router-dom
Enqueue package manifest for download: use-mouse-matrix-transform
Enqueue package manifest for download: @react-hook/resize-observer
Enqueue package manifest for download: emoji-regex
Enqueue package manifest for download: is-fullwidth-code-point
< 304 Not Modified
< Date: Sat, 03 Oct 2026 22:27:45 GMT
< Connection: keep-alive
< set-cookie: __cf_bm=4VFs1SPdmt7bUQVO8LQGS4KU.4rF9AgT5wnM88edMAI-1791066465.9500735-1.0.1.1-pzeLz9mT8dtYTLL4iAHleDsPne_538wVm4ID91740GtGUUzJGzl1mFGCHkgDCsFJRViiJ8551oK4OigBCTP.OweSWScRLiwhiX3dAzk5XTn8pSeqem5A7j9MLY1iKgWn; HttpOnly; SameSite=None; Secure; Path=/; Domain=npmjs.org; Expires=Sat, 03 Oct 2026 22:57:45 GMT
< set-cookie: _cfuvid=jsPJ_bblnxp4eZJ3D6VJ_HG4OnU52Y7Y014csghbnNU-1791066465.9500735-1.0.1.1-ntSyQ0gai0WhgtzKVzefGdSkcngiuKhRTSi.TNrNrG8; HttpOnly; SameSite=None; Secure; Path=/; Domain=npmjs.org
< CF-Ray: a44f60442c117c08-TIA
< CF-Cache-Status: HIT
< Access-Control-Allow-Origin: *
< Age: 238
< Cache-Control: public, max-age=300
< ETag: "14d60fbdcbef02c4f40215287981c6b8"
< Last-Modified: Fri, 17 Jun 2022 23:46:14 GMT
< Server: cloudflare

[PackageManager] waiting for 116 tasks
> HTTP/1.1 GET https://registry.npmjs.org/consola
> If-None-Match: W/"bd3f0ddc99389220bda986b690924b61"
> Accept: application/vnd.npm.install-v1+json; q=1.0, application/json; q=0.8, */*
> Connection: keep-alive
> User-Agent: Bun/1.3.9
> Host: registry.npmjs.org
> Accept-Encoding: gzip, deflate, br, zstd

    [22.83ms]
Downloaded faye-websocket versions
< 304 Not Modified
< Date: Sat, 03 Oct 2026 22:27:45 GMT
< Connection: keep-alive
< set-cookie: __cf_bm=uxfp8dU4NctjZqxhpPMW.mnA9sqcHmTtYkJS1Z5Eq88-1791066465.9503338-1.0.1.1-i3iGFFgM1Nf7D65Qe76ccVb1T6oAAhbBtaVmeBCnF6Q5ZjGxMoNORjXmrjqzbVJfTkq4vtE0zSp8tAgYdFS_bIWNKWb.m0TonOyBQzmmZ.3SUymtCd.usPEfrK2_zXZ7; HttpOnly; SameSite=None; Secure; Path=/; Domain=npmjs.org; Expires=Sat, 03 Oct 2026 22:57:45 GMT
< set-cookie: _cfuvid=uSopgLBGtyPkGX5Pg5oz6NYA.i5O0ARlnJ9GdrfBv2M-1791066465.9503338-1.0.1.1-u6NojPDk7YoUikHGMsSqzEx_2845XYTJH8gOZqPkPyo; HttpOnly; SameSite=None; Secure; Path=/; Domain=npmjs.org
< CF-Ray: a44f60442c155f50-TIA
< CF-Cache-Status: HIT
< Access-Control-Allow-Origin: *
< Age: 202
< Cache-Control: public, max-age=300
< ETag: "f67da1e8021202fa49699e7041f1b712"
< Last-Modified: Fri, 24 Jun 2022 22:00:40 GMT
< Server: cloudflare

< 304 Not Modified
< Date: Sat, 03 Oct 2026 22:27:45 GMT
< Connection: keep-alive
< set-cookie: __cf_bm=URoN_pdN9XKd7GpKUUYwCKHbAB5gsuliBKMgusM1WaA-1791066465.7625175-1.0.1.1-02ZLY1rWHOHyiOL0eHiNoDGKjwrjudhu2hyYWF981y5VUVuZe2tRRV9085AIwU2gK1m8TaKcZES5KEIwLWeOqaSnlMBba8Ohzg5kOhutygp5r.Zy7.SZSvUQeU1yo2Hv; HttpOnly; SameSite=None; Secure; Path=/; Domain=npmjs.org; Expires=Sat, 03 Oct 2026 22:57:45 GMT
< set-cookie: _cfuvid=07XUGOt9P9ZFszbAeB9dwy.7mu3tTEfzV8tSnmRVhkE-1791066465.7625175-1.0.1.1-9VkHWzztWBLGq09_r31dVc1TXgicS6qkMDSqEEOFKNw; HttpOnly; SameSite=None; Secure; Path=/; Domain=npmjs.org
< CF-Ray: a44f60430a7651a4-TIA
< CF-Cache-Status: HIT
< Access-Control-Allow-Origin: *
< Cache-Control: public, max-age=300
< ETag: "d824ed468921f5f20426a9d46b2928ec"
< Last-Modified: Thu, 29 Aug 2024 22:59:38 GMT
< Server: cloudflare

< 304 Not Modified
< Date: Sat, 03 Oct 2026 22:27:45 GMT
< Connection: keep-alive
< set-cookie: __cf_bm=LqX9oIBir1bI2XQWltXhzTqcg0NNyJ3Rd8g7QIWvXwI-1791066465.9502113-1.0.1.1-irWdsfd6ghR2VVVGZg3v6Ouzsap.lCRplV5XwiGDvSjGcQIx_LC4PR03nyNgVcsxVWhJ2kyo0UCbvXvuE4j_X5qtw7DPkZyBH3PpI9l3RlTxLm_gT0tAzClVCejHdc9T; HttpOnly; SameSite=None; Secure; Path=/; Domain=npmjs.org; Expires=Sat, 03 Oct 2026 22:57:45 GMT
< set-cookie: _cfuvid=pgnAqCj71blGm6WrIouKlyhhqFE0jyhOR25kfa5HlHo-1791066465.9502113-1.0.1.1-hzE_bHd6msEQ7WUgP_.pVJyMqYjnBePsKdZ6OELbBXY; HttpOnly; SameSite=None; Secure; Path=/; Domain=npmjs.org
< CF-Ray: a44f60442bcb51a4-TIA
< CF-Cache-Status: HIT
< Access-Control-Allow-Origin: *
< Age: 286
< Cache-Control: public, max-age=300
< ETag: "3fac0b720cb93d83551a4fd0de48b62c"
< Last-Modified: Thu, 22 Jan 2026 14:54:05 GMT
< Server: cloudflare

> HTTP/1.1 GET https://registry.npmjs.org/esbuild
> If-None-Match: W/"e10724ee3621723e533591bcc436decd"
> Accept: application/vnd.npm.install-v1+json; q=1.0, application/json; q=0.8, */*
> Connection: keep-alive
> User-Agent: Bun/1.3.9
> Host: registry.npmjs.org
> Accept-Encoding: gzip, deflate, br, zstd

> HTTP/1.1 GET https://registry.npmjs.org/fix-dts-default-cjs-exports
> If-None-Match: W/"d7b50de059b85ae901f21875836de052"
> Accept: application/vnd.npm.install-v1+json; q=1.0, application/json; q=0.8, */*
> Connection: keep-alive
> User-Agent: Bun/1.3.9
> Host: registry.npmjs.org
> Accept-Encoding: gzip, deflate, br, zstd

> HTTP/1.1 GET https://registry.npmjs.org/joycon
> If-None-Match: W/"d3dc14ad613972db651d269b234d8420"
> Accept: application/vnd.npm.install-v1+json; q=1.0, application/json; q=0.8, */*
> Connection: keep-alive
> User-Agent: Bun/1.3.9
> Host: registry.npmjs.org
> Accept-Encoding: gzip, deflate, br, zstd

   - "faye-websocket": "0.11.x" - faye-websocket@0.11.4
Enqueue package manifest for download: websocket-driver
[PackageManager] waiting for 116 tasks
    [22.91ms]
Downloaded proxy-middleware versions
   - "proxy-middleware": "latest" - proxy-middleware@0.15.0
    [209.36ms]
Downloaded escalade versions
   - "escalade": "^3.1.1" - escalade@3.2.0
    [23.18ms]
Downloaded serve-index versions
   - "serve-index": "^1.9.1" - serve-index@1.9.2
Enqueue package manifest for download: accepts
   - "batch": "0.6.1" - batch@0.6.1
< 304 Not Modified
< Date: Sat, 03 Oct 2026 22:27:45 GMT
< Connection: keep-alive
< set-cookie: __cf_bm=6bp2B2.I3N_Y.GzH5E3mcJ.jyn8NnjcpOKshs3EUtYM-1791066465.9607108-1.0.1.1-z9oGPk8Adxtd49kzLwkJVEh5qsrAZ1ysfJG8rEd4Rb.GcGkk.QndW7o_dabrCLBqi8usFS7mdsaCEmAx6p9N27gkN09ZfRMUcKrSzQZvJl6JgrjwPzzfTofIhRuyKTVD; HttpOnly; SameSite=None; Secure; Path=/; Domain=npmjs.org; Expires=Sat, 03 Oct 2026 22:57:45 GMT
< set-cookie: _cfuvid=GKKOJwRznSNX3C9E7Joex3ppdaCmcZVabyEOLDB9Iew-1791066465.9607108-1.0.1.1-u3oVqVDKpDCUKr_seioHCxKTggx8tdlM6bJVMvp2YVg; HttpOnly; SameSite=None; Secure; Path=/; Domain=npmjs.org
< CF-Ray: a44f60444af5793f-TIA
< CF-Cache-Status: HIT
< Access-Control-Allow-Origin: *
< Age: 225
< Cache-Control: public, max-age=300
< ETag: "6d29bfd1f11bbc2fe21e9606b86d6539"
< Last-Modified: Fri, 02 Oct 2026 17:47:18 GMT
< Server: cloudflare

[PackageManager] waiting for 114 tasks
    [18.47ms]
Downloaded scheduler versions
> HTTP/1.1 GET https://registry.npmjs.org/picocolors
> If-None-Match: W/"99e1b847a4f63bbfde36a989f4361c51"
> Accept: application/vnd.npm.install-v1+json; q=1.0, application/json; q=0.8, */*
> Connection: keep-alive
> User-Agent: Bun/1.3.9
> Host: registry.npmjs.org
> Accept-Encoding: gzip, deflate, br, zstd

< 304 Not Modified
< Date: Sat, 03 Oct 2026 22:27:45 GMT
< Connection: keep-alive
< set-cookie: __cf_bm=QIhdeogYVz77nz3SfgJGkH8GWkoqNLV62HDOPj7rgFI-1791066465.9560266-1.0.1.1-NRlps6KJnpR1c0YOvGojH4b3o979f86T3VRJ_BUIZ0wP811K3YiiE3HKrXJOuEBfu3if3HGrIOtmCerhJPwDDvzAtcoEZz7e3Lx_pkXBLmXBzG2gmwRRaMQtu0fVPyPq; HttpOnly; SameSite=None; Secure; Path=/; Domain=npmjs.org; Expires=Sat, 03 Oct 2026 22:57:45 GMT
< set-cookie: _cfuvid=SvPyHoauAnmidQwUBV0pCXoTMSuVqYz4HRHYDp8XPdM-1791066465.9560266-1.0.1.1-BZp_hfb.QLJRQy0n1CIYz3kLSO6hHxF8TFirzSoIubA; HttpOnly; SameSite=None; Secure; Path=/; Domain=npmjs.org
< CF-Ray: a44f60443c5ef474-TIA
< CF-Cache-Status: HIT
< Access-Control-Allow-Origin: *
< Age: 183
< Cache-Control: public, max-age=300
< ETag: "03181bf07e1266e5679077fb76a6dc61"
< Last-Modified: Sun, 19 Jun 2022 15:52:47 GMT
< Server: cloudflare

   - "scheduler": "^0.26.0" - scheduler@0.26.0
   - "scheduler": "^0.28.0" - scheduler@0.28.0
   - "scheduler": "^0.23.2" - scheduler@0.23.2
[PackageManager] waiting for 113 tasks
> HTTP/1.1 GET https://registry.npmjs.org/postcss-load-config
> If-None-Match: W/"258be179a6c42dbe329fdf30157e955f"
> Accept: application/vnd.npm.install-v1+json; q=1.0, application/json; q=0.8, */*
> Connection: keep-alive
> User-Agent: Bun/1.3.9
> Host: registry.npmjs.org
> Accept-Encoding: gzip, deflate, br, zstd

    [24.90ms]
Downloaded map-stream versions
   - "map-stream": "~0.1.0" - map-stream@0.1.0
< 304 Not Modified
< Date: Sat, 03 Oct 2026 22:27:45 GMT
< Connection: keep-alive
< set-cookie: __cf_bm=1niK6FfjYvKSIuQ1lPY1L4mTFlBHt2UfurgUI1FF2pw-1791066465.966115-1.0.1.1-3pPHenbN4h5J1VoX8k43n3qZsIL3xy40xflXhQTbZsjvLaIG9oHogBn1ok6W82y9o..qLR.qh0H7yZT8uuxpc9AW5juUw2HoXIeJXwFSYL5p.jZBK5zcw_jlidk_WIKU; HttpOnly; SameSite=None; Secure; Path=/; Domain=npmjs.org; Expires=Sat, 03 Oct 2026 22:57:45 GMT
< set-cookie: _cfuvid=7oQIZlegUAbGPs0n_UmzubSbXXa3eM3wvRqb2ZsCabE-1791066465.966115-1.0.1.1-jB_EYfqeP9O43PzHPUh2O.s9uCNgGNCatN18KMm1s10; HttpOnly; SameSite=None; Secure; Path=/; Domain=npmjs.org
< CF-Ray: a44f60444afd793f-TIA
< CF-Cache-Status: HIT
< Access-Control-Allow-Origin: *
< Age: 297
< Cache-Control: public, max-age=300
< ETag: "fe6bcc952a30b87ad90f7c3d809d7129"
< Last-Modified: Sun, 22 Dec 2024 15:13:16 GMT
< Server: cloudflare

> HTTP/1.1 GET https://registry.npmjs.org/resolve-from
> If-None-Match: W/"c2bc8ab205e703ee00434431c5ade60d"
> Accept: application/vnd.npm.install-v1+json; q=1.0, application/json; q=0.8, */*
> Connection: keep-alive
> User-Agent: Bun/1.3.9
> Host: registry.npmjs.org
> Accept-Encoding: gzip, deflate, br, zstd

< 304 Not Modified
< Date: Sat, 03 Oct 2026 22:27:45 GMT
< Connection: keep-alive
< set-cookie: __cf_bm=nxoq1O.lUlGAin5onzOK7LgejZji6nmAGe0OKO15Jdw-1791066465.96616-1.0.1.1-R4C.SH2McLAv7CyCkyYWUD4.hRJsScNclb5IvZJg1WRjPEd5EgATwYrZc.Ge4.rJfaUz0qHlRqX8_Irv5ObRwoVZU0me48dvGfNra4mvinLstD9D29ACc85eATlUTWXE; HttpOnly; SameSite=None; Secure; Path=/; Domain=npmjs.org; Expires=Sat, 03 Oct 2026 22:57:45 GMT
< set-cookie: _cfuvid=0GbCmzkZmafYGBS2dLmBIm5Sx9YbWFFKdZNpQyG4hZM-1791066465.96616-1.0.1.1-mkiGS_E7H4rKk8hT4ywpUJUJaSFuD29RtxYpjauNl0E; HttpOnly; SameSite=None; Secure; Path=/; Domain=npmjs.org
< CF-Ray: a44f60444c237c08-TIA
< CF-Cache-Status: HIT
< Access-Control-Allow-Origin: *
< Age: 215
< Cache-Control: public, max-age=300
< ETag: "51a97942b69cd10fb8eccd53fe56fc6b"
< Last-Modified: Fri, 27 Feb 2026 14:52:31 GMT
< Server: cloudflare

> HTTP/1.1 GET https://registry.npmjs.org/rollup
> If-None-Match: W/"6bb38a35f9e9ff2be83d149b84f438e8"
> Accept: application/vnd.npm.install-v1+json; q=1.0, application/json; q=0.8, */*
> Connection: keep-alive
> User-Agent: Bun/1.3.9
> Host: registry.npmjs.org
> Accept-Encoding: gzip, deflate, br, zstd

[PackageManager] waiting for 112 tasks
    [20.04ms]
Downloaded bundle-require versions
   - "bundle-require": "^5.1.0" - bundle-require@5.1.0
    [20.09ms]
Downloaded cac versions
   - "cac": "^6.7.14" - cac@6.7.14
Enqueue package manifest for download: load-tsconfig
[PackageManager] waiting for 111 tasks
< 304 Not Modified
< Date: Sat, 03 Oct 2026 22:27:45 GMT
< Connection: keep-alive
< set-cookie: __cf_bm=qbyAk3qaFjzhjpqd6.Fp6Nn5_8ldeKpvkk7c2LlPtgI-1791066465.9712286-1.0.1.1-R1etONoZFjOcT9PnDweHGugWC_SRu88oY1ZDNWEEyDwMHOUOw0tE6TV3xF9IOruvq2FUTqWvu_s.5qQz3txtuZPtsVb1bqadlcMOKm63rJbMecI7ArbJk3WrlrJ3tKBe; HttpOnly; SameSite=None; Secure; Path=/; Domain=npmjs.org; Expires=Sat, 03 Oct 2026 22:57:45 GMT
< set-cookie: _cfuvid=q7DWR2AN5xWo85sQZHOYMfBEX9_U70bBt88ts9E3CrM-1791066465.9712286-1.0.1.1-AGX4Oqv_I2vpmbGHJO2dRDTx1jOTWERuAAS3zmk3DVs; HttpOnly; SameSite=None; Secure; Path=/; Domain=npmjs.org
< CF-Ray: a44f60445c2d7c08-TIA
< CF-Cache-Status: HIT
< Access-Control-Allow-Origin: *
< Age: 294
< Cache-Control: public, max-age=300
< ETag: "bd3f0ddc99389220bda986b690924b61"
< Last-Modified: Tue, 18 Mar 2025 10:17:45 GMT
< Server: cloudflare

[PackageManager] waiting for 111 tasks
    [19.92ms]
Downloaded consola versions
> HTTP/1.1 GET https://registry.npmjs.org/source-map
> If-None-Match: W/"7b006a1176df715a5b59eedf8f318253"
> Accept: application/vnd.npm.install-v1+json; q=1.0, application/json; q=0.8, */*
> Connection: keep-alive
> User-Agent: Bun/1.3.9
> Host: registry.npmjs.org
> Accept-Encoding: gzip, deflate, br, zstd

   - "consola": "^3.4.0" - consola@3.4.2
< 304 Not Modified
< Date: Sat, 03 Oct 2026 22:27:45 GMT
< Connection: keep-alive
< set-cookie: __cf_bm=qejRisyrz7_U2GpvZ_43V4KEXxcaA9XCET__gRwFreU-1791066465.9713836-1.0.1.1-Behw6cZTg34AwJt565E.NNmuMSguvYK2Q7ymwePgyqJJpz9gD6VdC5YSwEFqQkyWyTiLU3mw1PLsbJdc9RLe1bIShyzXo67QFuyQW2o6FDLAmSjYEcMrRJHWb.LWaUPS; HttpOnly; SameSite=None; Secure; Path=/; Domain=npmjs.org; Expires=Sat, 03 Oct 2026 22:57:45 GMT
< set-cookie: _cfuvid=y8iFc0Ryv2h0TMH3DcYNsqTQ96nIe1Rj6Tg4HJ2C5y0-1791066465.9713836-1.0.1.1-s11xrAX3bKndGUk6hgkZZ16nhHRzkvR4tgDRkYPwS74; HttpOnly; SameSite=None; Secure; Path=/; Domain=npmjs.org
< CF-Ray: a44f60445c355f50-TIA
< CF-Cache-Status: HIT
< Access-Control-Allow-Origin: *
< Age: 226
< Cache-Control: public, max-age=300
< ETag: "e10724ee3621723e533591bcc436decd"
< Last-Modified: Sat, 08 Aug 2026 20:00:57 GMT
< Server: cloudflare

[PackageManager] waiting for 110 tasks
    [19.83ms]
Downloaded esbuild versions
< 304 Not Modified
< Date: Sat, 03 Oct 2026 22:27:45 GMT
< Connection: keep-alive
< set-cookie: __cf_bm=e7wQeJOiGyDsaeEJyS3HQwnlIXlQBKcgIdppdrFxTvI-1791066465.971278-1.0.1.1-IU_sE5R5w2Huluhxsymnx0oU0ciIob2AfsYhYFSkXBC1vagyXehIPZhVuFgvZOzqnpfW0xkl.XYmaJ5sxSb17U2OB27zYwapmOymtO7GJnU8W6jXZRglcBQ.y2zlxHpW; HttpOnly; SameSite=None; Secure; Path=/; Domain=npmjs.org; Expires=Sat, 03 Oct 2026 22:57:45 GMT
< set-cookie: _cfuvid=AUhmi70i3TLDIyxFAQxT6CB3t_EEB6SHFSoXWBwwoA0-1791066465.971278-1.0.1.1-QpzDb3BNU7Aol1_XLlXNr1FiYqcdT.lIu9_Je6MDXcw; HttpOnly; SameSite=None; Secure; Path=/; Domain=npmjs.org
< CF-Ray: a44f60445be951a4-TIA
< CF-Cache-Status: HIT
< Access-Control-Allow-Origin: *
< Age: 244
< Cache-Control: public, max-age=300
< ETag: "d3dc14ad613972db651d269b234d8420"
< Last-Modified: Sun, 19 Jun 2022 04:50:44 GMT
< Server: cloudflare

> HTTP/1.1 GET https://registry.npmjs.org/sucrase
> If-None-Match: W/"a0988476cecd1d8b4aef7e9f15452316"
> Accept: application/vnd.npm.install-v1+json; q=1.0, application/json; q=0.8, */*
> Connection: keep-alive
> User-Agent: Bun/1.3.9
> Host: registry.npmjs.org
> Accept-Encoding: gzip, deflate, br, zstd

> HTTP/1.1 GET https://registry.npmjs.org/tinyexec
> If-None-Match: W/"ddbd842ecc0608bc0afd108f17499def"
> Accept: application/vnd.npm.install-v1+json; q=1.0, application/json; q=0.8, */*
> Connection: keep-alive
> User-Agent: Bun/1.3.9
> Host: registry.npmjs.org
> Accept-Encoding: gzip, deflate, br, zstd

< 304 Not Modified
< Date: Sat, 03 Oct 2026 22:27:45 GMT
< Connection: keep-alive
< set-cookie: __cf_bm=m5PPcgpO1rDaX3Wb1F9sdOi5ZE4GIijvwl2XkepCs_w-1791066465.971648-1.0.1.1-EToENGmaboW80d9_I804ZXOM.gVic1MvhgVcH9WIOmguKZ3niFu.8Qot3EIxEK5NKoBhM.s0E_TzgggMpco_NKTxjZINTykmaVQeYWtXG_fCZ38QW2bLu2nSnTkYJ62r; HttpOnly; SameSite=None; Secure; Path=/; Domain=npmjs.org; Expires=Sat, 03 Oct 2026 22:57:45 GMT
< set-cookie: _cfuvid=qloOJYaAiLLZGDtxiQ3gT5bQZ85DCk2PnqZMZjrCvHI-1791066465.971648-1.0.1.1-w6gvicDwnXOq9mBEoF.kKUTb05aDMviLqFBUHgpiXM4; HttpOnly; SameSite=None; Secure; Path=/; Domain=npmjs.org
< CF-Ray: a44f60445be851a4-TIA
< CF-Cache-Status: HIT
< Access-Control-Allow-Origin: *
< Age: 205
< Cache-Control: public, max-age=300
< ETag: "d7b50de059b85ae901f21875836de052"
< Last-Modified: Tue, 18 Mar 2025 10:04:13 GMT
< Server: cloudflare

> HTTP/1.1 GET https://registry.npmjs.org/tree-kill
> If-None-Match: W/"0a92c5320cfb6b75b6af8436e52ffe56"
> Accept: application/vnd.npm.install-v1+json; q=1.0, application/json; q=0.8, */*
> Connection: keep-alive
> User-Agent: Bun/1.3.9
> Host: registry.npmjs.org
> Accept-Encoding: gzip, deflate, br, zstd

< 304 Not Modified
< Date: Sat, 03 Oct 2026 22:27:45 GMT
< Connection: keep-alive
< set-cookie: __cf_bm=GD1xsXXe1V9pmRE9OCbP2sGYYHU3rMF04tjV1VYyM6E-1791066465.7974162-1.0.1.1-pIhwrd3HroQDPUM5fGU8CxgWoC7mhTowc_9dlJIk46NRlJrjd6mIUbu2ec8bghAbIS.836DLZ5iTjou9FRXV8CIf5ObLT_9HlwwDh3n4i5vIvwowzdBXITrx8WnzAge2; HttpOnly; SameSite=None; Secure; Path=/; Domain=npmjs.org; Expires=Sat, 03 Oct 2026 22:57:45 GMT
< set-cookie: _cfuvid=nuWZwXR..V0bf5Heh9nx4CjprFlIXSTeG5JjSYexQsE-1791066465.7974162-1.0.1.1-VgwBCCVVQeYtuQAXx1FsEamr2smysCbJs6BHz5bVGaI; HttpOnly; SameSite=None; Secure; Path=/; Domain=npmjs.org
< CF-Ray: a44f60433b465f50-TIA
< CF-Cache-Status: HIT
< Access-Control-Allow-Origin: *
< Cache-Control: public, max-age=300
< ETag: "49ca12bac611845d471252913e90720c"
< Last-Modified: Mon, 07 Sep 2026 12:58:30 GMT
< Server: cloudflare

> HTTP/1.1 GET https://registry.npmjs.org/yargs
> If-None-Match: W/"51b39d8dc70325f763e0ce004042294a"
> Accept: application/vnd.npm.install-v1+json; q=1.0, application/json; q=0.8, */*
> Connection: keep-alive
> User-Agent: Bun/1.3.9
> Host: registry.npmjs.org
> Accept-Encoding: gzip, deflate, br, zstd

< 200 OK
< Date: Sat, 03 Oct 2026 22:27:45 GMT
< Content-Type: application/octet-stream
< Content-Length: 293251
< Connection: keep-alive
< Report-To: {"group":"cf-nel","max_age":604800,"endpoints":[{"url":"https://a.nel.cloudflare.com/report/v4?s=hNXh%2BZqy3Xj6s8eL4364U3lCUpCmiJsLq%2FTQqtJBVQnhQlzf00JKUPQeUoAaEssZMeNOACnytbkN2sHG5%2FEQfOPEcHuV%2FeInlc5w%2FjCDSjQ4HMS%2Bs79G%2F5D6MOwm1%2BwjZia8Uag%3D"}]}
< Nel: {"report_to":"cf-nel","success_fraction":0.0,"max_age":604800}
< Server: cloudflare
< CF-RAY: a44f60431b2af474-TIA

< 304 Not Modified
< Date: Sat, 03 Oct 2026 22:27:45 GMT
< Connection: keep-alive
< set-cookie: __cf_bm=vLglJ18AnT5nVd_.mNqLwb6YTj6QumsQyb_OLBAEiD8-1791066465.9172814-1.0.1.1-85MhuQ0fDQ1NQbPdO_vh.zmZJ9CrY06x2P_VpBN.yXu2jIHckBKzjebNtueJIiCIsFkyOv6PyT2bU3eMWr6K7DrqKu6WDLwmeTAfuXKVQoGaLdolqml6OwbIrwyCFZ7D; HttpOnly; SameSite=None; Secure; Path=/; Domain=npmjs.org; Expires=Sat, 03 Oct 2026 22:57:45 GMT
< set-cookie: _cfuvid=Q2gbbnj5p4CluiGI40tcSMyAlgD7Y0mQBgPRpmzTNo4-1791066465.9172814-1.0.1.1-tvxECD3Qdx8qsIAGMkq4UHj1MbexUIYZ1wLGb_E4ZB0; HttpOnly; SameSite=None; Secure; Path=/; Domain=npmjs.org
< CF-Ray: a44f6043fbe87c08-TIA
< CF-Cache-Status: HIT
< Access-Control-Allow-Origin: *
< Age: 174
< Cache-Control: public, max-age=300
< ETag: "666fd6f634373dfdec21b78711771618"
< Last-Modified: Sun, 05 Apr 2026 06:55:51 GMT
< Server: cloudflare

< 304 Not Modified
< Date: Sat, 03 Oct 2026 22:27:45 GMT
< Connection: keep-alive
< set-cookie: __cf_bm=oxe.zxnokjwx507RqrKrpWjwe1bcnUERBjjGK99ztfU-1791066465.9823647-1.0.1.1-ZxRF3LKkSLlvfgOXwEI_7zEEXzi9.R533AKyvdSDjPDFbyt02u4OC1DHacWbi5d857DedN8jG4fOPV7zL8.QoGv5w.9eG4DUkJVRfcHdW8u4MginYHZ2VuC.Hxch3Dm9; HttpOnly; SameSite=None; Secure; Path=/; Domain=npmjs.org; Expires=Sat, 03 Oct 2026 22:57:45 GMT
< set-cookie: _cfuvid=LYNcTvWveVpbyaLOj_9cJvJWCo8o8TkKvzdz4OAoKNw-1791066465.9823647-1.0.1.1-GLFTY3GcPQ2injmERVULBzI.8pokl87xMdhjDvFan3k; HttpOnly; SameSite=None; Secure; Path=/; Domain=npmjs.org
< CF-Ray: a44f60446c7ff474-TIA
< CF-Cache-Status: HIT
< Access-Control-Allow-Origin: *
< Age: 194
< Cache-Control: public, max-age=300
< ETag: "258be179a6c42dbe329fdf30157e955f"
< Last-Modified: Sun, 02 Jun 2024 19:02:05 GMT
< Server: cloudflare

> HTTP/1.1 GET https://registry.npmjs.org/lodash.debounce
> If-None-Match: W/"d71721fb826e17e28adbc5ba9a5d11ef"
> Accept: application/vnd.npm.install-v1+json; q=1.0, application/json; q=0.8, */*
> Connection: keep-alive
> User-Agent: Bun/1.3.9
> Host: registry.npmjs.org
> Accept-Encoding: gzip, deflate, br, zstd

> HTTP/1.1 GET https://registry.npmjs.org/lodash.throttle
> If-None-Match: W/"59dd7f1cb8f3ea4a91c0011cf97c19bc"
> Accept: application/vnd.npm.install-v1+json; q=1.0, application/json; q=0.8, */*
> Connection: keep-alive
> User-Agent: Bun/1.3.9
> Host: registry.npmjs.org
> Accept-Encoding: gzip, deflate, br, zstd

< 304 Not Modified
< Date: Sat, 03 Oct 2026 22:27:45 GMT
< Connection: keep-alive
< set-cookie: __cf_bm=cdsHbDq7OX3yUoKNN6zgiCZA5DritKRYGx1wCzDxFKM-1791066465.9280694-1.0.1.1-aP3DSOilATWA6BJhVtdtcskYyPid68lPgsYzZ..jWWWWnhPuw.Vi8ew6N4nU8q_HCIkDBr4G121EliWy9gWjS4w7wLphZCprnlxaucuozqEM7KhkqS9v7EVAWSRumaqP; HttpOnly; SameSite=None; Secure; Path=/; Domain=npmjs.org; Expires=Sat, 03 Oct 2026 22:57:45 GMT
< set-cookie: _cfuvid=YXDUZHLKZXc21OxUdf.Xl.QzfttepUFh9B6oiaiekQo-1791066465.9280694-1.0.1.1-HcUDGO_0IfiFdI7VDsw78G1MOTMIXNyKl.8RAamq9Ro; HttpOnly; SameSite=None; Secure; Path=/; Domain=npmjs.org
< CF-Ray: a44f60440bf57c08-TIA
< CF-Cache-Status: HIT
< Access-Control-Allow-Origin: *
< Age: 174
< Cache-Control: public, max-age=300
< ETag: "f47e4b76d4fa94e5058b5b18796cc7cf"
< Last-Modified: Mon, 24 Aug 2026 11:14:20 GMT
< Server: cloudflare

> HTTP/1.1 GET https://registry.npmjs.org/color-name
> If-None-Match: W/"b4d044fe69d4547a7e4265845bd9656f"
> Accept: application/vnd.npm.install-v1+json; q=1.0, application/json; q=0.8, */*
> Connection: keep-alive
> User-Agent: Bun/1.3.9
> Host: registry.npmjs.org
> Accept-Encoding: gzip, deflate, br, zstd

   - "esbuild": "^0.27.0" - esbuild@0.27.7
   - "@esbuild/aix-ppc64": "0.27.7" - @esbuild/aix-ppc64@0.27.7
   - "@esbuild/linux-arm": "0.27.7" - @esbuild/linux-arm@0.27.7
   - "@esbuild/linux-x64": "0.27.7" - @esbuild/linux-x64@0.27.7
   - "@esbuild/sunos-x64": "0.27.7" - @esbuild/sunos-x64@0.27.7
   - "@esbuild/win32-x64": "0.27.7" - @esbuild/win32-x64@0.27.7
   - "@esbuild/darwin-x64": "0.27.7" - @esbuild/darwin-x64@0.27.7
   - "@esbuild/linux-ia32": "0.27.7" - @esbuild/linux-ia32@0.27.7
   - "@esbuild/netbsd-x64": "0.27.7" - @esbuild/netbsd-x64@0.27.7
   - "@esbuild/win32-ia32": "0.27.7" - @esbuild/win32-ia32@0.27.7
   - "@esbuild/android-arm": "0.27.7" - @esbuild/android-arm@0.27.7
   - "@esbuild/android-x64": "0.27.7" - @esbuild/android-x64@0.27.7
   - "@esbuild/freebsd-x64": "0.27.7" - @esbuild/freebsd-x64@0.27.7
   - "@esbuild/linux-arm64": "0.27.7" - @esbuild/linux-arm64@0.27.7
   - "@esbuild/linux-ppc64": "0.27.7" - @esbuild/linux-ppc64@0.27.7
   - "@esbuild/linux-s390x": "0.27.7" - @esbuild/linux-s390x@0.27.7
   - "@esbuild/openbsd-x64": "0.27.7" - @esbuild/openbsd-x64@0.27.7
   - "@esbuild/win32-arm64": "0.27.7" - @esbuild/win32-arm64@0.27.7
   - "@esbuild/darwin-arm64": "0.27.7" - @esbuild/darwin-arm64@0.27.7
   - "@esbuild/netbsd-arm64": "0.27.7" - @esbuild/netbsd-arm64@0.27.7
   - "@esbuild/android-arm64": "0.27.7" - @esbuild/android-arm64@0.27.7
   - "@esbuild/freebsd-arm64": "0.27.7" - @esbuild/freebsd-arm64@0.27.7
   - "@esbuild/linux-loong64": "0.27.7" - @esbuild/linux-loong64@0.27.7
   - "@esbuild/linux-riscv64": "0.27.7" - @esbuild/linux-riscv64@0.27.7
   - "@esbuild/openbsd-arm64": "0.27.7" - @esbuild/openbsd-arm64@0.27.7
   - "@esbuild/linux-mips64el": "0.27.7" - @esbuild/linux-mips64el@0.27.7
   - "@esbuild/openharmony-arm64": "0.27.7" - @esbuild/openharmony-arm64@0.27.7
[PackageManager] waiting for 109 tasks
    [19.82ms]
Downloaded joycon versions
   - "joycon": "^3.1.1" - joycon@3.1.1
    [19.88ms]
Downloaded fix-dts-default-cjs-exports versions
   - "fix-dts-default-cjs-exports": "^1.0.0" - fix-dts-default-cjs-exports@1.0.1
    [202.15ms]
Downloaded pkg-types versions
   - "pkg-types": "^1.1.1" - pkg-types@1.3.1
    [78.53ms]
Downloaded @tscircuit/mm versions
   - "@tscircuit/mm": "^0.0.9" - @tscircuit/mm@0.0.9
   - "@tscircuit/mm": "^0.0.8" - @tscircuit/mm@0.0.8
    [19.56ms]
Downloaded postcss-load-config versions
   - "postcss-load-config": "^6.0.1" - postcss-load-config@6.0.1
    [73.32ms]
Downloaded @tscircuit/manifold-2d versions
   - "@tscircuit/manifold-2d": "^0.0.6" - @tscircuit/manifold-2d@0.0.6
Enqueue package manifest for download: magic-string
Enqueue package manifest for download: mlly
Enqueue package manifest for download: pathe
Enqueue package manifest for download: confbox
Enqueue package manifest for download: lilconfig
< 304 Not Modified
< Date: Sat, 03 Oct 2026 22:27:45 GMT
< Connection: keep-alive
< set-cookie: __cf_bm=gd5HqhGdSvmZ9J5tq281um8xONcRyMrGgAFF5_cnDSU-1791066465.8023508-1.0.1.1-5hJRBnO967PLF8sx8tgyQMxxkEWdDSdqjTOhhnjqfW4hFUmNbeP1n_Lk44Dq1xXlbz5GqbWzinUOZx9pKVp30yC5FGpKDG9p6lo21QU3Pylf1TL9rQ34IJ5SDJhslZd9; HttpOnly; SameSite=None; Secure; Path=/; Domain=npmjs.org; Expires=Sat, 03 Oct 2026 22:57:45 GMT
< set-cookie: _cfuvid=NCQfXzrXkGeDZcOtM036GENiE1brxUBXZBFncss57Wk-1791066465.8023508-1.0.1.1-_vBnUyfGw8ioqCW3sYkCw43KnEoyn1CLCmxT9iBIzAk; HttpOnly; SameSite=None; Secure; Path=/; Domain=npmjs.org
< CF-Ray: a44f60434b4e5f50-TIA
< CF-Cache-Status: HIT
< Access-Control-Allow-Origin: *
< Cache-Control: public, max-age=300
< ETag: "e15d9a74a9204af91d01564b2e74febd"
< Last-Modified: Sat, 30 May 2026 19:57:23 GMT
< Server: cloudflare

> HTTP/1.1 GET https://registry.npmjs.org/lodash
> If-None-Match: W/"3d81e15f1a1e9c96c340092c6042b5c2"
> Accept: application/vnd.npm.install-v1+json; q=1.0, application/json; q=0.8, */*
> Connection: keep-alive
> User-Agent: Bun/1.3.9
> Host: registry.npmjs.org
> Accept-Encoding: gzip, deflate, br, zstd

< 304 Not Modified
< Date: Sat, 03 Oct 2026 22:27:45 GMT
< Connection: keep-alive
< set-cookie: __cf_bm=i1d0twF6v8HrnHiLiMCSrB4FI3BpJv5tjiT53fLaaPs-1791066465.8024263-1.0.1.1-ZuT9HqJpn1tsuGezJ.11USOTQifv2Lsa0y1Fs0b8U0fpVW.XZo5LK8jPfzZdHtC8oAWyLQlRWiPfAS3i6f9FmLVCH7fYI8apYAQnebCucNFsAzmkW7nTsSIMLmwngWrU; HttpOnly; SameSite=None; Secure; Path=/; Domain=npmjs.org; Expires=Sat, 03 Oct 2026 22:57:45 GMT
< set-cookie: _cfuvid=10v17zICkIIV1XagGk5Wj9vkAx504drnDloJQOqXGT8-1791066465.8024263-1.0.1.1-c4j1C2e8iCmCes2aIbT.DV1ChJoWrpXrg0wsFCH47C8; HttpOnly; SameSite=None; Secure; Path=/; Domain=npmjs.org
< CF-Ray: a44f60434b637c08-TIA
< CF-Cache-Status: HIT
< Access-Control-Allow-Origin: *
< Cache-Control: public, max-age=300
< ETag: "b9e7839a3e93c2f59a72ed0a9b0c8fb0"
< Last-Modified: Fri, 05 Dec 2025 21:10:23 GMT
< Server: cloudflare

> HTTP/1.1 GET https://registry.npmjs.org/fs-extra
> If-None-Match: W/"1782e3ede941e7b61b68a8f6485fc5d3"
> Accept: application/vnd.npm.install-v1+json; q=1.0, application/json; q=0.8, */*
> Connection: keep-alive
> User-Agent: Bun/1.3.9
> Host: registry.npmjs.org
> Accept-Encoding: gzip, deflate, br, zstd

[PackageManager] waiting for 108 tasks
    [201.32ms]
Downloaded tinyglobby versions
   - "tinyglobby": "^0.2.9" - tinyglobby@0.2.17
    [201.28ms]
Downloaded isbinaryfile versions
   - "isbinaryfile": "^5.0.2" - isbinaryfile@5.0.7
Enqueue package manifest for download: fdir
Enqueue package manifest for download: picomatch
< 304 Not Modified
< Date: Sat, 03 Oct 2026 22:27:45 GMT
< Connection: keep-alive
< set-cookie: __cf_bm=cimk_.fsvcK8HCbO.dA3cpRurt8CsPb.lUnnv44sJH0-1791066465.986954-1.0.1.1-NKyK_BHcif0BaRQ79UmuaMw91qMqZxXp.fJEX4OS.hiOf8WKBH9FfZcJUCTxENUue6svjZlgSq8O7F1t29TdY35nelMEvJl3prx9nMWE4j9W.BZzCjJekgjKQAILPctA; HttpOnly; SameSite=None; Secure; Path=/; Domain=npmjs.org; Expires=Sat, 03 Oct 2026 22:57:45 GMT
< set-cookie: _cfuvid=oy07pnDwU7MeWGfGx249ph35ePB4k1vdWtSzKaIEKv0-1791066465.986954-1.0.1.1-d6Af8PkYZr5OaW0stzwbryOt9eap1.yUXOmBtd0kP5M; HttpOnly; SameSite=None; Secure; Path=/; Domain=npmjs.org
< CF-Ray: a44f60446c447c08-TIA
< CF-Cache-Status: HIT
< Access-Control-Allow-Origin: *
< Age: 271
< Cache-Control: public, max-age=300
< ETag: "6bb38a35f9e9ff2be83d149b84f438e8"
< Last-Modified: Fri, 02 Oct 2026 15:45:14 GMT
< Server: cloudflare

[PackageManager] waiting for 108 tasks
    [17.15ms]
Downloaded rollup versions
> HTTP/1.1 GET https://registry.npmjs.org/parse-color
> If-None-Match: W/"14ea3f957b2700a2ecd1811ddad48cbc"
> Accept: application/vnd.npm.install-v1+json; q=1.0, application/json; q=0.8, */*
> Connection: keep-alive
> User-Agent: Bun/1.3.9
> Host: registry.npmjs.org
> Accept-Encoding: gzip, deflate, br, zstd

< 304 Not Modified
< Date: Sat, 03 Oct 2026 22:27:45 GMT
< Connection: keep-alive
< set-cookie: __cf_bm=hx6MXYcJi_pELJnqlK9rel9JFnBQD4UQub2tno_abtw-1791066465.8071935-1.0.1.1-9dLeUms89cdLGlmB1V4.TbfiDdoGjBLddPqycWLqUZegtmGMVNL5_5PZKEKItPMB4Bgf_.3hGuTPADycxD.Pkl6mLBK7EipDbOk5ViTWbDlDq_lGr7oFFcwd1K6quppJ; HttpOnly; SameSite=None; Secure; Path=/; Domain=npmjs.org; Expires=Sat, 03 Oct 2026 22:57:45 GMT
< set-cookie: _cfuvid=.k4LZwCQjNng_jlmBwc5omng0U3ar.ZllvQ0kknHyrE-1791066465.8071935-1.0.1.1-L5A_L.bVoGXk1zDOVBej4PIOFzXQ3u80XB4Fgfb3eow; HttpOnly; SameSite=None; Secure; Path=/; Domain=npmjs.org
< CF-Ray: a44f60434b535f50-TIA
< CF-Cache-Status: HIT
< Access-Control-Allow-Origin: *
< Cache-Control: public, max-age=300
< ETag: "42d41be2ad5a000d96e7426367c79a5d"
< Last-Modified: Wed, 09 Sep 2026 20:11:29 GMT
< Server: cloudflare

> HTTP/1.1 GET https://registry.npmjs.org/nested-error-stacks
> If-None-Match: W/"8fd44797eeb7a58d130437728652da66"
> Accept: application/vnd.npm.install-v1+json; q=1.0, application/json; q=0.8, */*
> Connection: keep-alive
> User-Agent: Bun/1.3.9
> Host: registry.npmjs.org
> Accept-Encoding: gzip, deflate, br, zstd

< 304 Not Modified
< Date: Sat, 03 Oct 2026 22:27:45 GMT
< Connection: keep-alive
< set-cookie: __cf_bm=UdnMDo7j.AL.ZaQtzcKvxpRKmUDFSOoJDBN_lxu8wA0-1791066465.8072295-1.0.1.1-7SIse0fkEW0oxmaWxNC.Gly3adzQIuXN_eXqy5asqtm.w1DyROh3kfYzOAGSapSC_Tsxi1lF4oPdkfMG8DMSrte2y93M2yPOHK5yLpX.BkNns8MSrAyQnkxN8eNmRehC; HttpOnly; SameSite=None; Secure; Path=/; Domain=npmjs.org; Expires=Sat, 03 Oct 2026 22:57:45 GMT
< set-cookie: _cfuvid=jIqhTN9BK3u8vSbEkXZPsdMMlz5jyfHXjI7nJHuIqOQ-1791066465.8072295-1.0.1.1-Rnxup7Jl7VaVt7KWaIZjvwEh0jPunSuUpR7RKK2.b6Q; HttpOnly; SameSite=None; Secure; Path=/; Domain=npmjs.org
< CF-Ray: a44f60434e379b00-TIA
< CF-Cache-Status: HIT
< Access-Control-Allow-Origin: *
< Cache-Control: public, max-age=300
< ETag: "71eba7a8052133bbabb2ea23a6647416"
< Last-Modified: Fri, 24 Jul 2026 15:48:53 GMT
< Server: cloudflare

> HTTP/1.1 GET https://registry.npmjs.org/color
> If-None-Match: W/"1e8f136e8f7e9891c1d1a37327fc6733"
> Accept: application/vnd.npm.install-v1+json; q=1.0, application/json; q=0.8, */*
> Connection: keep-alive
> User-Agent: Bun/1.3.9
> Host: registry.npmjs.org
> Accept-Encoding: gzip, deflate, br, zstd

< 304 Not Modified
< Date: Sat, 03 Oct 2026 22:27:45 GMT
< Connection: keep-alive
< set-cookie: __cf_bm=Zwv55R3jKUivvkF_t6SkVR2k9fCqPC_B4.H.Sa5PftA-1791066465.807152-1.0.1.1-Hj_Arekye1vVpBFAme7IIEYeZAEsauzBHdIbG9fa79g5peFWvNmptNo6QCaIhM8c0IShV_WI9A1BIwAhcWK0iruqeAExW1n_zK4iT5NQUBibyIUBMY4C9sPxt_ScQFar; HttpOnly; SameSite=None; Secure; Path=/; Domain=npmjs.org; Expires=Sat, 03 Oct 2026 22:57:45 GMT
< set-cookie: _cfuvid=SRSeTEpeB8R33tQflwUUP5hxtz5H0AnPXBqLBcnWrC0-1791066465.807152-1.0.1.1-e0DDffRW.PRLY0XCdeJ8vpALMHPV68bwW9QyIyfUS7U; HttpOnly; SameSite=None; Secure; Path=/; Domain=npmjs.org
< CF-Ray: a44f60434b65f474-TIA
< CF-Cache-Status: HIT
< Access-Control-Allow-Origin: *
< Cache-Control: public, max-age=300
< ETag: "861e81a9dd75dc51573fd02a6c3f0130"
< Last-Modified: Fri, 18 Sep 2026 13:53:58 GMT
< Server: cloudflare

< 200 OK
< Date: Sat, 03 Oct 2026 22:27:45 GMT
< Content-Type: application/octet-stream
< Content-Length: 12105
< Connection: keep-alive
< Report-To: {"group":"cf-nel","max_age":604800,"endpoints":[{"url":"https://a.nel.cloudflare.com/report/v4?s=jmhJ9SAj2g4y9vh3aEiarZQBpgHVJcz7brTHf1N9syoHA1rExQyXQulZrZEm%2F7GkLMNuj7WlVXSXPEp0Z26tdiuhE1LZaAmvzeetd7IXCD8eiZ4MpXuTx1zV%2BMkUHQx7LzUHUKY%3D"}]}
< Nel: {"report_to":"cf-nel","success_fraction":0.0,"max_age":604800}
< Server: cloudflare
< CF-RAY: a44f60431b317c08-TIA

> HTTP/1.1 GET https://registry.npmjs.org/tar-fs
> If-None-Match: W/"c59f6c1172bae795cf03e1fee25ca0b4"
> Accept: application/vnd.npm.install-v1+json; q=1.0, application/json; q=0.8, */*
> Connection: keep-alive
> User-Agent: Bun/1.3.9
> Host: registry.npmjs.org
> Accept-Encoding: gzip, deflate, br, zstd

< 304 Not Modified
< Date: Sat, 03 Oct 2026 22:27:45 GMT
< Connection: keep-alive
< set-cookie: __cf_bm=KKECPKfYO.ntn0l1sXahosHHZ3exLocBlvLt9rCMYKo-1791066465.8075442-1.0.1.1-X_I0cGVE4uT9qisndS5GUOXElOOCYq4aHy6XRpjtJp0qjBdNMxgZjv4nY5T17WOAULe83Y6YZULML5kBrz5.TXUTikrtWHS.fWWYiycvZaDH1pmIy6EvIuyccqVv7Cwz; HttpOnly; SameSite=None; Secure; Path=/; Domain=npmjs.org; Expires=Sat, 03 Oct 2026 22:57:45 GMT
< set-cookie: _cfuvid=Nlz.E9kFBl3Xbg5CqroBXl7e1ytj7VRjjHQmOTfhP8o-1791066465.8075442-1.0.1.1-MASHhn4oDR6LBXPDBmdyJAM18lVsJ1fpvT5sjnQkA7Y; HttpOnly; SameSite=None; Secure; Path=/; Domain=npmjs.org
< CF-Ray: a44f60434f80a5b3-TIA
< CF-Cache-Status: HIT
< Access-Control-Allow-Origin: *
< Cache-Control: public, max-age=300
< ETag: "b3f88795471ef50b7e18cab3de312260"
< Last-Modified: Tue, 03 Dec 2024 07:01:12 GMT
< Server: cloudflare

> HTTP/1.1 GET https://registry.npmjs.org/simple-get
> If-None-Match: W/"2072469157c6506807957c00cd45c2f9"
> Accept: application/vnd.npm.install-v1+json; q=1.0, application/json; q=0.8, */*
> Connection: keep-alive
> User-Agent: Bun/1.3.9
> Host: registry.npmjs.org
> Accept-Encoding: gzip, deflate, br, zstd

> HTTP/1.1 GET https://registry.npmjs.org/detect-libc
> If-None-Match: W/"032b5959898d4d5feb260fe6a1f02d79"
> Accept: application/vnd.npm.install-v1+json; q=1.0, application/json; q=0.8, */*
> Connection: keep-alive
> User-Agent: Bun/1.3.9
> Host: registry.npmjs.org
> Accept-Encoding: gzip, deflate, br, zstd

< 200 OK
< Date: Sat, 03 Oct 2026 22:27:45 GMT
< Content-Type: application/octet-stream
< Content-Length: 9797
< Connection: keep-alive
< Report-To: {"group":"cf-nel","max_age":604800,"endpoints":[{"url":"https://a.nel.cloudflare.com/report/v4?s=4Cd3moP%2Bx7Ob6rcB2LmOhKhYzLrI5JLUYWjgLNP%2BqCItpmHxva%2BeC%2Bce%2FqBWaE1VtsPS4Wy289eKpHOsCIte0MCBB8NoBGLjnBwe%2FCnSya70SCa%2FUwC93LLZAhWWZQSjgxP6T4I%3D"}]}
< Nel: {"report_to":"cf-nel","success_fraction":0.0,"max_age":604800}
< Server: cloudflare
< CF-RAY: a44f60431f4ea5b3-TIA

> HTTP/1.1 GET https://registry.npmjs.org/tunnel-agent
> If-None-Match: W/"e8c0a41c4404cb98540bdca781f77b8f"
> Accept: application/vnd.npm.install-v1+json; q=1.0, application/json; q=0.8, */*
> Connection: keep-alive
> User-Agent: Bun/1.3.9
> Host: registry.npmjs.org
> Accept-Encoding: gzip, deflate, br, zstd

< 200 OK
< Date: Sat, 03 Oct 2026 22:27:46 GMT
< Content-Type: application/octet-stream
< Content-Length: 177316
< Connection: keep-alive
< Report-To: {"group":"cf-nel","max_age":604800,"endpoints":[{"url":"https://a.nel.cloudflare.com/report/v4?s=coQ4oKSKO0CZbo47A9TxaaSRSls0%2FeLtavejPCi3q%2FfG4pgU%2F8ZQlF4uP1ghh3SCvkOSLDXKw24D3yLFHzvMo92%2FUB6qufcgYHKZvu2tkbArDi2I5J%2FIHx%2FQmzc%2BFoo4x9oA3N8%3D"}]}
< Nel: {"report_to":"cf-nel","success_fraction":0.0,"max_age":604800}
< Server: cloudflare
< CF-RAY: a44f60431e069b00-TIA

< 304 Not Modified
< Date: Sat, 03 Oct 2026 22:27:46 GMT
< Connection: keep-alive
< set-cookie: __cf_bm=yavMjcB73XJewuseb6d3ETKk75pMEUTmy9vh1KK5AkQ-1791066465.997195-1.0.1.1-NL7ijFkEdeojUIUzBe5MeUWg1jHXlFKyuH.bkEidfpAu8OjOZ2S.s_ErpVea7JuaZ21KW24xiorgI0G6wZYrkA59XZTogQgqNB6U2i5uKIrNiWs1xzaXp2KYHDezKxsE; HttpOnly; SameSite=None; Secure; Path=/; Domain=npmjs.org; Expires=Sat, 03 Oct 2026 22:57:46 GMT
< set-cookie: _cfuvid=DoMyOp9vgsQ0AQ.9zQVagr2PUbmsP5llrrcqXT1Co0I-1791066465.997195-1.0.1.1-E7FAKUBFJaZwUDhZIY4IwJYOrPHtqXZTtcNV5kp43Hs; HttpOnly; SameSite=None; Secure; Path=/; Domain=npmjs.org
< CF-Ray: a44f60447c695f50-TIA
< CF-Cache-Status: HIT
< Access-Control-Allow-Origin: *
< Age: 190
< Cache-Control: public, max-age=300
< ETag: "51b39d8dc70325f763e0ce004042294a"
< Last-Modified: Sun, 20 Sep 2026 22:34:13 GMT
< Server: cloudflare

> HTTP/1.1 GET https://registry.npmjs.org/node-addon-api
> If-None-Match: W/"760499837cf589d9255c538b5e3c6bc4"
> Accept: application/vnd.npm.install-v1+json; q=1.0, application/json; q=0.8, */*
> Connection: keep-alive
> User-Agent: Bun/1.3.9
> Host: registry.npmjs.org
> Accept-Encoding: gzip, deflate, br, zstd

   - "rollup": "^4.34.8" - rollup@4.64.0
   - "@types/estree": "1.0.9" - @types/estree@1.0.9
Enqueue package manifest for download: fsevents
   - "@rollup/rollup-darwin-x64": "4.64.0" - @rollup/rollup-darwin-x64@4.64.0
   - "@rollup/rollup-freebsd-x64": "4.64.0" - @rollup/rollup-freebsd-x64@4.64.0
   - "@rollup/rollup-openbsd-x64": "4.64.0" - @rollup/rollup-openbsd-x64@4.64.0
   - "@napi-rs/lzma-linux-x64-gnu": "1.5.1" - @napi-rs/lzma-linux-x64-gnu@1.5.1
   - "@rollup/rollup-darwin-arm64": "4.64.0" - @rollup/rollup-darwin-arm64@4.64.0
   - "@rollup/rollup-android-arm64": "4.64.0" - @rollup/rollup-android-arm64@4.64.0
   - "@rollup/rollup-freebsd-arm64": "4.64.0" - @rollup/rollup-freebsd-arm64@4.64.0
   - "@rollup/rollup-linux-x64-gnu": "4.64.0" - @rollup/rollup-linux-x64-gnu@4.64.0
   - "@rollup/rollup-win32-x64-gnu": "4.64.0" - @rollup/rollup-win32-x64-gnu@4.64.0
   - "@rollup/rollup-linux-x64-musl": "4.64.0" - @rollup/rollup-linux-x64-musl@4.64.0
   - "@rollup/rollup-win32-x64-msvc": "4.64.0" - @rollup/rollup-win32-x64-msvc@4.64.0
   - "@rollup/rollup-linux-arm64-gnu": "4.64.0" - @rollup/rollup-linux-arm64-gnu@4.64.0
   - "@rollup/rollup-linux-ppc64-gnu": "4.64.0" - @rollup/rollup-linux-ppc64-gnu@4.64.0
   - "@rollup/rollup-linux-s390x-gnu": "4.64.0" - @rollup/rollup-linux-s390x-gnu@4.64.0
   - "@rollup/rollup-win32-ia32-msvc": "4.64.0" - @rollup/rollup-win32-ia32-msvc@4.64.0
   - "@rollup/rollup-android-arm-eabi": "4.64.0" - @rollup/rollup-android-arm-eabi@4.64.0
   - "@rollup/rollup-linux-arm64-musl": "4.64.0" - @rollup/rollup-linux-arm64-musl@4.64.0
   - "@rollup/rollup-linux-ppc64-musl": "4.64.0" - @rollup/rollup-linux-ppc64-musl@4.64.0
   - "@rollup/rollup-win32-arm64-msvc": "4.64.0" - @rollup/rollup-win32-arm64-msvc@4.64.0
   - "@rollup/rollup-linux-loong64-gnu": "4.64.0" - @rollup/rollup-linux-loong64-gnu@4.64.0
   - "@rollup/rollup-linux-riscv64-gnu": "4.64.0" - @rollup/rollup-linux-riscv64-gnu@4.64.0
   - "@rollup/rollup-openharmony-arm64": "4.64.0" - @rollup/rollup-openharmony-arm64@4.64.0
   - "@rollup/rollup-linux-loong64-musl": "4.64.0" - @rollup/rollup-linux-loong64-musl@4.64.0
   - "@rollup/rollup-linux-riscv64-musl": "4.64.0" - @rollup/rollup-linux-riscv64-musl@4.64.0
   - "@rollup/rollup-linux-arm-gnueabihf": "4.64.0" - @rollup/rollup-linux-arm-gnueabihf@4.64.0
   - "@rollup/rollup-linux-arm-musleabihf": "4.64.0" - @rollup/rollup-linux-arm-musleabihf@4.64.0
[PackageManager] waiting for 108 tasks
    [200.31ms]
Downloaded semver versions
   - "semver": "^7.3.8" - semver@7.8.5
    [199.06ms]
Downloaded tar versions
   - "tar": "^6.1.12" - tar@6.2.1
    [200.43ms]
Downloaded axios versions
   - "axios": "^0.26.1" - axios@0.26.1
    [199.05ms]
Downloaded occt-import-js versions
   - "occt-import-js": "^0.0.23" - occt-import-js@0.0.23
    [262.19ms] Downloaded @tscircuit/flex-utils tarball
    [262.27ms] Downloaded @tscircuit/dogbone-solver tarball
    [14.61ms]
Downloaded yargs versions
> HTTP/1.1 GET https://api.github.com/repos/tscircuit/pcb-trace-linter/tarball/4c035f9d40ffb03ba547a08975b5e64b20371123
> Connection: keep-alive
> User-Agent: Bun/1.3.9
> Accept: */*
> Host: api.github.com
> Accept-Encoding: gzip, deflate, br, zstd

   - "yargs": "^13.3.0" - yargs@13.3.2
Enqueue package manifest for download: chownr
Enqueue package manifest for download: mkdirp
Enqueue package manifest for download: yallist
Enqueue package manifest for download: minipass
Enqueue package manifest for download: minizlib
Enqueue package manifest for download: fs-minipass
Enqueue package manifest for download: follow-redirects
   - "y18n": "^4.0.0" - y18n@4.0.3
   - "cliui": "^5.0.0" - cliui@5.0.0
Enqueue package manifest for download: find-up
Enqueue package manifest for download: set-blocking
   - "string-width": "^3.0.0" - string-width@3.1.0
Enqueue package manifest for download: which-module
   - "yargs-parser": "^13.1.2" - yargs-parser@13.1.2
Enqueue package manifest for download: require-main-filename
Enqueue package manifest for download: camelcase
Enqueue package manifest for download: decamelize
 dist/index.js
 package.json
 README.md
 dist/index.d.ts
[@tscircuit/flex-utils] Extract .5cfb2ff7ffaedfde-00000002.flex-utils (decompressed 12.11 KB tgz file in 90.75us)
[@tscircuit/flex-utils] Extracted to .5cfb2ff7ffaedfde-00000002.flex-utils (485.583us)
[PackageManager] waiting for 116 tasks
 LICENSE
 package.json
 README.md
 lib/dogbone-autorouter.ts
 lib/dogbone-fanout-solver.ts
 lib/generic-local-autorouter.ts
 lib/get-via-board-layers.ts
 lib/index.ts
 lib/obstacle.ts
 lib/types.ts
[@tscircuit/dogbone-solver] Extract .5cfb2ff7ffaedfde-00000001.dogbone-solver (decompressed 9.80 KB tgz file in 90.75us)
[@tscircuit/dogbone-solver] Extracted to .5cfb2ff7ffaedfde-00000001.dogbone-solver (863.375us)
[PackageManager] waiting for 115 tasks
   - "@tscircuit/capacity-autorouter": "0.0.941" - @tscircuit/capacity-autorouter@0.0.941
   - "@tscircuit/fanout-solver": "0.0.79" - @tscircuit/fanout-solver@0.0.79
   - "circuit-json": "0.0.507" - circuit-json@0.0.507
< 304 Not Modified
< Date: Sat, 03 Oct 2026 22:27:46 GMT
< Connection: keep-alive
< set-cookie: __cf_bm=Ms0W8Z4yQRZDq3kSSpo7hoUTar36IpIOCtVdvCWJhnU-1791066465.8204522-1.0.1.1-VcjvD34Y8oeItPbk6EnOq9oDPIL5GP1j9QMds9wx.Ia9S5HWmE.ozHRp3pCGesCAwbztFiSbwtjA99WFbjBO_i7lKcVIi1Fx2ZDBvGti.BmhCgJk4rJNYid8tGt6Dzrv; HttpOnly; SameSite=None; Secure; Path=/; Domain=npmjs.org; Expires=Sat, 03 Oct 2026 22:57:46 GMT
< set-cookie: _cfuvid=4EHQ8Z7FdGO1RtGrp.i2wGs4io4swtUOzAwYJgK9MG8-1791066465.8204522-1.0.1.1-zgN4ll28t_gokGQsbZhL3DIYDFNdXMgYbH2QsqHPXsc; HttpOnly; SameSite=None; Secure; Path=/; Domain=npmjs.org
< CF-Ray: a44f60435a22bd99-TIA
< CF-Cache-Status: HIT
< Access-Control-Allow-Origin: *
< Cache-Control: public, max-age=300
< ETag: "4f93c5f13b7e690e67241a4da699d447"
< Last-Modified: Wed, 13 Aug 2025 15:21:52 GMT
< Server: cloudflare

[PackageManager] waiting for 114 tasks
    [197.30ms]
Downloaded iobuffer versions
   - "iobuffer": "^6.0.1" - iobuffer@6.0.1
> HTTP/1.1 GET https://registry.npmjs.org/prebuild-install
> If-None-Match: W/"ac4cc6a12585698d798f490260b124a6"
> Accept: application/vnd.npm.install-v1+json; q=1.0, application/json; q=0.8, */*
> Connection: keep-alive
> User-Agent: Bun/1.3.9
> Host: registry.npmjs.org
> Accept-Encoding: gzip, deflate, br, zstd

< 304 Not Modified
< Date: Sat, 03 Oct 2026 22:27:46 GMT
< Connection: keep-alive
< set-cookie: __cf_bm=KWKl0pDJ_Mtupx2fB46c7.5k8MYIdEIQJW4ndW0cGOg-1791066466.002651-1.0.1.1-cFeMqyes9Uc8sdbp_Kh1f0tmDx3zKib6SogQzjpfar2jSaDiKAeh6O3kGvnI6sGp_yi3XlfcC9jDMEVY9H075vRbk13zawrB4zJJo7n4FdWOeACDyiICYyhmgVHRt7GV; HttpOnly; SameSite=None; Secure; Path=/; Domain=npmjs.org; Expires=Sat, 03 Oct 2026 22:57:46 GMT
< set-cookie: _cfuvid=N3yFborqmoLdDZDEYL_FAwL947gbLOXGzjuDmvtLBgs-1791066466.002651-1.0.1.1-ZNdN.EmBcDOvRRLlLozbEuc4KfLPiQRfc_FW1DTMNqE; HttpOnly; SameSite=None; Secure; Path=/; Domain=npmjs.org
< CF-Ray: a44f60448c6c5f50-TIA
< CF-Cache-Status: HIT
< Access-Control-Allow-Origin: *
< Age: 244
< Cache-Control: public, max-age=300
< ETag: "3d81e15f1a1e9c96c340092c6042b5c2"
< Last-Modified: Sat, 03 Oct 2026 00:58:10 GMT
< Server: cloudflare

[PackageManager] waiting for 113 tasks
    [16.44ms]
Downloaded lodash versions
< 304 Not Modified
< Date: Sat, 03 Oct 2026 22:27:46 GMT
< Connection: keep-alive
< set-cookie: __cf_bm=OX3OQzq91yHlDvIF1YETAn4VovQD.pK7bRg8Q4WKWGk-1791066465.8204854-1.0.1.1-8pvT4MuuJY8iPL6_md5Rix6setz73ExBr1FxTJneBLgw.yfeS_a.cDTpzE6Fh8pFGvVWI6JrxFyXpARHTsdnz_ACwhSjppENE8sOhKqyYw550uWPsqvwDcOUlSbfyNnf; HttpOnly; SameSite=None; Secure; Path=/; Domain=npmjs.org; Expires=Sat, 03 Oct 2026 22:57:46 GMT
< set-cookie: _cfuvid=0AUXThVcWLZsj28OWcvzHffmPuzXPYgPV4QxvubGdmk-1791066465.8204854-1.0.1.1-nn6Q12nFUvXad97gC2O.yy6EhBf2duQoz2Iy4Eavh10; HttpOnly; SameSite=None; Secure; Path=/; Domain=npmjs.org
< CF-Ray: a44f60435e599b00-TIA
< CF-Cache-Status: HIT
< Access-Control-Allow-Origin: *
< Cache-Control: public, max-age=300
< ETag: "40eded0472dd74695187ac4bab710bb6"
< Last-Modified: Wed, 12 Jul 2023 19:05:51 GMT
< Server: cloudflare

   - "lodash": "^4.17.3" - lodash@4.18.1
[PackageManager] waiting for 112 tasks
    [197.34ms]
Downloaded abort-controller versions
> HTTP/1.1 GET https://registry.npmjs.org/csstype
> If-None-Match: W/"5ce476baa56596f62a964df39ca17627"
> Accept: application/vnd.npm.install-v1+json; q=1.0, application/json; q=0.8, */*
> Connection: keep-alive
> User-Agent: Bun/1.3.9
> Host: registry.npmjs.org
> Accept-Encoding: gzip, deflate, br, zstd

> HTTP/1.1 GET https://registry.npmjs.org/dom-serializer
> If-None-Match: W/"bff54d64946823107d2b6edf039e6894"
> Accept: application/vnd.npm.install-v1+json; q=1.0, application/json; q=0.8, */*
> Connection: keep-alive
> User-Agent: Bun/1.3.9
> Host: registry.npmjs.org
> Accept-Encoding: gzip, deflate, br, zstd

< 304 Not Modified
< Date: Sat, 03 Oct 2026 22:27:46 GMT
< Connection: keep-alive
< set-cookie: __cf_bm=pdl8sTowr.IznuKTdi2ly.ufL9Q1v.gPY5KMyUhOqD8-1791066465.8166513-1.0.1.1-aj5R.mEVCTY12xFWiUd1tQOaZkQYqFmZ90ZNSoOds_j7HIDZO6SH5CQfrLQB3ibG8SvluKpe6aiNDOekdK4VIoGkoxiBpqQcF437Pcq8R5P.naEZ3I3l9vQxty1RSEvS; HttpOnly; SameSite=None; Secure; Path=/; Domain=npmjs.org; Expires=Sat, 03 Oct 2026 22:57:46 GMT
< set-cookie: _cfuvid=oaqgAhXhfmnJQjnqRiMeO29Lwsi3tV04S4fccS4KkDU-1791066465.8166513-1.0.1.1-ghyKhUX8Qnz0N5oWWQsFwdRiKikCWdvvvgIc89GMl8E; HttpOnly; SameSite=None; Secure; Path=/; Domain=npmjs.org
< CF-Ray: a44f60435a4d793f-TIA
< CF-Cache-Status: HIT
< Access-Control-Allow-Origin: *
< Cache-Control: public, max-age=300
< ETag: "c8b22c589543991fa0e17a7a33766f5d"
< Last-Modified: Wed, 06 May 2026 16:50:23 GMT
< Server: cloudflare

> HTTP/1.1 GET https://registry.npmjs.org/domelementtype
> If-None-Match: W/"66126d0f52f64e93312de18918efc95b"
> Accept: application/vnd.npm.install-v1+json; q=1.0, application/json; q=0.8, */*
> Connection: keep-alive
> User-Agent: Bun/1.3.9
> Host: registry.npmjs.org
> Accept-Encoding: gzip, deflate, br, zstd

   - "abort-controller": "^3.0.0" - abort-controller@3.0.0
Enqueue package manifest for download: event-target-shim
[PackageManager] waiting for 112 tasks
    [203.20ms]
Downloaded opentype.js versions
   - "opentype.js": "^0.4.3" - opentype.js@0.4.11
< 304 Not Modified
< Date: Sat, 03 Oct 2026 22:27:46 GMT
< Connection: keep-alive
< set-cookie: __cf_bm=IBmIp6KDJL_vTUf5ZVm4YSKuczIcvmX0U4IuOvsDo3s-1791066465.8206532-1.0.1.1-Th90mURhU_NC3LcUyXcslMfQVxp.AAbpxqSw5MvMwaTL41bv.dXkJVG8j6WIB_Ucol3udyuy2A9dbvXOuA1XMp_KbW8ZbI.7uD0KB435wIyyH4TEWiIIWQcNP7Xd09Py; HttpOnly; SameSite=None; Secure; Path=/; Domain=npmjs.org; Expires=Sat, 03 Oct 2026 22:57:46 GMT
< set-cookie: _cfuvid=vDVbT7OxBD3cnTQW.zFvAYM_aqJTyRksm1X4ukpKrAs-1791066465.8206532-1.0.1.1-qTFybAoQN5zh5yJNm0DNT1pNxnHdSJqy_My57s0igJE; HttpOnly; SameSite=None; Secure; Path=/; Domain=npmjs.org
< CF-Ray: a44f60435b7df474-TIA
< CF-Cache-Status: HIT
< Access-Control-Allow-Origin: *
< Cache-Control: public, max-age=300
< ETag: "c6347a09d9bab75fb83484b852e99412"
< Last-Modified: Mon, 20 Feb 2023 06:59:23 GMT
< Server: cloudflare

[PackageManager] waiting for 111 tasks
    [200.90ms]
Downloaded pngjs versions
> HTTP/1.1 GET https://registry.npmjs.org/deep-rename-keys
> If-None-Match: W/"9469c9cff2e1b6562101d94af40758fa"
> Accept: application/vnd.npm.install-v1+json; q=1.0, application/json; q=0.8, */*
> Connection: keep-alive
> User-Agent: Bun/1.3.9
> Host: registry.npmjs.org
> Accept-Encoding: gzip, deflate, br, zstd

   - "pngjs": "^7.0.0" - pngjs@7.0.0
< 304 Not Modified
< Date: Sat, 03 Oct 2026 22:27:46 GMT
< Connection: keep-alive
< set-cookie: __cf_bm=64.Lrl0Ch8fjMJJ9kMvUtypUe9fpedSykYPbWhNTc84-1791066465.8204844-1.0.1.1-VFI.zv5yruCM6L0RIT3bpfniBEfwCqtBZMdDZTzc196_aJZbR7TuCsyp9vZ9WdfZsWUDG4XmOVPUTJL9JkHODWAxonJ1jzFouAZ803xRb0O_b8cUDBfNCJP8i9swWP_i; HttpOnly; SameSite=None; Secure; Path=/; Domain=npmjs.org; Expires=Sat, 03 Oct 2026 22:57:46 GMT
< set-cookie: _cfuvid=BnNjC3ctU1gxORN1DC97TkTGhBbRRT6fB71nrQ2BNlQ-1791066465.8204844-1.0.1.1-FiZ6GixSReekkFyUwMMAQR4DV8pKxiIpkenBDudSqao; HttpOnly; SameSite=None; Secure; Path=/; Domain=npmjs.org
< CF-Ray: a44f60435e5a9b00-TIA
< CF-Cache-Status: HIT
< Access-Control-Allow-Origin: *
< Cache-Control: public, max-age=300
< ETag: "9fd8ba1ab075b89a8ffc34534b3ba0aa"
< Last-Modified: Mon, 20 Jul 2026 16:21:00 GMT
< Server: cloudflare

[PackageManager] waiting for 110 tasks
    [200.79ms]
Downloaded fflate versions
< 304 Not Modified
< Date: Sat, 03 Oct 2026 22:27:46 GMT
< Connection: keep-alive
< set-cookie: __cf_bm=GTS5uRGhPDwXiEjdyYT7xkIpjU70KsU9rQQLl.qK2OI-1791066466.0027993-1.0.1.1-wSa7NHnwrGH4w0ZwoyHchglqE7_p55AoZbwpYLtC0IfR8v7dloiJpBee8yDMGtqQ.LgfxOLlae86TlnQ1AFBZQtC0BRYH6jiARJsWA2lT01qNlmbQhA84ZFAovJ8u0M1; HttpOnly; SameSite=None; Secure; Path=/; Domain=npmjs.org; Expires=Sat, 03 Oct 2026 22:57:46 GMT
< set-cookie: _cfuvid=NBNVrtgp9HXWVzssYU2QVGadQzA3UH51AzJOXq6nfZQ-1791066466.0027993-1.0.1.1-_t.R3JxiX9JfYXUgE_BSRaHXD6oKxlfKpXuHV6fikcI; HttpOnly; SameSite=None; Secure; Path=/; Domain=npmjs.org
< CF-Ray: a44f60448c5b7c08-TIA
< CF-Cache-Status: HIT
< Access-Control-Allow-Origin: *
< Age: 175
< Cache-Control: public, max-age=300
< ETag: "1782e3ede941e7b61b68a8f6485fc5d3"
< Last-Modified: Tue, 22 Sep 2026 16:20:10 GMT
< Server: cloudflare

   - "fflate": "^0.8.2" - fflate@0.8.3
[PackageManager] waiting for 109 tasks
    [19.88ms]
Downloaded fs-extra versions
< 304 Not Modified
< Date: Sat, 03 Oct 2026 22:27:46 GMT
< Connection: keep-alive
< set-cookie: __cf_bm=35pM5My9ig1HePUgK5KH.LeGFftTBzlcInf.r6Q_F3c-1791066466.003138-1.0.1.1-rwTaEOdSwwT7qoRtF6Pb37gIb7v0zehuZo5NWnhqQTtWHK_YAj5fqUNJQz8iKH86Mde35NgdIKgQQ4BemEXxa830NGb47BnqLPKMrkJoEgoZc3w0WJ2uUnaJTixqhFqd; HttpOnly; SameSite=None; Secure; Path=/; Domain=npmjs.org; Expires=Sat, 03 Oct 2026 22:57:46 GMT
< set-cookie: _cfuvid=Id4DBRw7XDTvtHXMaBbG9Y3jSPLUvvmp4S9O8S3D_qM-1791066466.003138-1.0.1.1-2KDBWeYXdZ34Le0YappTt_.Ai0A9GywtQNKyOaa6rW8; HttpOnly; SameSite=None; Secure; Path=/; Domain=npmjs.org
< CF-Ray: a44f60448c5c7c08-TIA
< CF-Cache-Status: HIT
< Access-Control-Allow-Origin: *
< Age: 175
< Cache-Control: public, max-age=300
< ETag: "14ea3f957b2700a2ecd1811ddad48cbc"
< Last-Modified: Tue, 08 Nov 2022 10:40:10 GMT
< Server: cloudflare

< 304 Not Modified
< Date: Sat, 03 Oct 2026 22:27:46 GMT
< Connection: keep-alive
< set-cookie: __cf_bm=u9rJaEvGaMgtuEiDQuGQqTXIpPYZUOPsgiNECEn5Gqk-1791066465.8242612-1.0.1.1-ykLzG5nKFD8WgJtwwaI4_A79xOi.rWrnAZz4aMbEzY.et40Sbk23bTQz9WkM5GfifI2o74LXcCn0npIbIOTXDtecnG7lR55AMa3TvbjW8IGK4OoyRkpMftFAMua_TNzV; HttpOnly; SameSite=None; Secure; Path=/; Domain=npmjs.org; Expires=Sat, 03 Oct 2026 22:57:46 GMT
< set-cookie: _cfuvid=YEWqSUu.KuW5WBYm5K_vvI5BUYRsw2mle70v_hJsFZA-1791066465.8242612-1.0.1.1-7qK9LUmIwe205y8ofGIs3v_9Arbd1vS.yvTJshzIdWE; HttpOnly; SameSite=None; Secure; Path=/; Domain=npmjs.org
< CF-Ray: a44f60436b7b7c08-TIA
< CF-Cache-Status: HIT
< Access-Control-Allow-Origin: *
< Cache-Control: public, max-age=300
< ETag: "2c908e13b4af67bc4c92a465de1b65fe"
< Last-Modified: Sat, 22 Jul 2023 20:56:42 GMT
< Server: cloudflare

> HTTP/1.1 GET https://registry.npmjs.org/eventemitter3
> If-None-Match: W/"abc96ad5c741aa65d807b06df08f3074"
> Accept: application/vnd.npm.install-v1+json; q=1.0, application/json; q=0.8, */*
> Connection: keep-alive
> User-Agent: Bun/1.3.9
> Host: registry.npmjs.org
> Accept-Encoding: gzip, deflate, br, zstd

> HTTP/1.1 GET https://registry.npmjs.org/xml-lexer
> If-None-Match: W/"bc9e75bfa6df108a0b24a796c7bf772a"
> Accept: application/vnd.npm.install-v1+json; q=1.0, application/json; q=0.8, */*
> Connection: keep-alive
> User-Agent: Bun/1.3.9
> Host: registry.npmjs.org
> Accept-Encoding: gzip, deflate, br, zstd

> HTTP/1.1 GET https://registry.npmjs.org/encodeurl
> If-None-Match: W/"82408ea6427c6e7cef8d46d5f4fa62c1"
> Accept: application/vnd.npm.install-v1+json; q=1.0, application/json; q=0.8, */*
> Connection: keep-alive
> User-Agent: Bun/1.3.9
> Host: registry.npmjs.org
> Accept-Encoding: gzip, deflate, br, zstd

> HTTP/1.1 GET https://registry.npmjs.org/escape-html
> If-None-Match: W/"5d16dc25d0110a0bc7b5d5020c1b8fae"
> Accept: application/vnd.npm.install-v1+json; q=1.0, application/json; q=0.8, */*
> Connection: keep-alive
> User-Agent: Bun/1.3.9
> Host: registry.npmjs.org
> Accept-Encoding: gzip, deflate, br, zstd

> HTTP/1.1 GET https://registry.npmjs.org/etag
> If-None-Match: W/"f46eed63d09dc7866b6a2c6769c21d22"
> Accept: application/vnd.npm.install-v1+json; q=1.0, application/json; q=0.8, */*
> Connection: keep-alive
> User-Agent: Bun/1.3.9
> Host: registry.npmjs.org
> Accept-Encoding: gzip, deflate, br, zstd

   - "fs-extra": "^8.1.0" - fs-extra@8.1.0
Enqueue package manifest for download: jsonfile
Enqueue package manifest for download: graceful-fs
Enqueue package manifest for download: universalify
[PackageManager] waiting for 111 tasks
    [19.07ms]
Downloaded parse-color versions
   - "parse-color": "^1.0.0" - parse-color@1.0.0
    [274.11ms] Downloaded @tscircuit/bus-lanes-solver tarball
    [198.14ms]
Downloaded buffer versions
   - "buffer": "^6.0.3" - buffer@6.0.3
   - "color-convert": "~0.5.0" - color-convert@0.5.3
Enqueue package manifest for download: base64-js
Enqueue package manifest for download: ieee754
< 304 Not Modified
< Date: Sat, 03 Oct 2026 22:27:46 GMT
< Connection: keep-alive
< set-cookie: __cf_bm=JeAVR0b11ejG8HrymcB1ffWtPP7sNekdFkTS_vyrFlY-1791066466.008209-1.0.1.1-rWk6w_C3LHTDTP2qmJxyxdTIUmHFzEbTukmetOHM7Ou1U6OVAemluxqOnYi4cVyDFwS48pw_sv6n8eL9hvlSUO..wABHOUcIqbLF3YsD3OAreOF_QnbZIiI2w.WI.XUB; HttpOnly; SameSite=None; Secure; Path=/; Domain=npmjs.org; Expires=Sat, 03 Oct 2026 22:57:46 GMT
< set-cookie: _cfuvid=6ViZ0M06YxeDdjApwMUc.Emr4nEjsUfsbiao0sKX_q0-1791066466.008209-1.0.1.1-XKyy08ug_jvIZ.hRPuDvcAEy_kj.EhBLldzD70vD_rs; HttpOnly; SameSite=None; Secure; Path=/; Domain=npmjs.org
< CF-Ray: a44f60448967a5b3-TIA
< CF-Cache-Status: HIT
< Access-Control-Allow-Origin: *
< Age: 289
< Cache-Control: public, max-age=300
< ETag: "2072469157c6506807957c00cd45c2f9"
< Last-Modified: Thu, 13 Jul 2023 22:46:44 GMT
< Server: cloudflare

[PackageManager] waiting for 111 tasks
> HTTP/1.1 GET https://registry.npmjs.org/fresh
> If-None-Match: W/"61c1ebc0b6d262312517ff3b66924a28"
> Accept: application/vnd.npm.install-v1+json; q=1.0, application/json; q=0.8, */*
> Connection: keep-alive
> User-Agent: Bun/1.3.9
> Host: registry.npmjs.org
> Accept-Encoding: gzip, deflate, br, zstd

< 304 Not Modified
< Date: Sat, 03 Oct 2026 22:27:46 GMT
< Connection: keep-alive
< set-cookie: __cf_bm=EzxabzLPf2XpTdHs67XXPkNLk6rOyQliev5B5SIjylQ-1791066465.824234-1.0.1.1-ClWRfHnTkyqYN26K2tduo11rOQLpxHXaaqF7t4ZUZX4FDE1YsMTtSCR0EGVrT1ZRPl2qqFjBrB9wDcMBo75Uy8_UrnPBXNm2UqVKN35NJw5Vq_J4sSFzW9V8XoaTiIa5; HttpOnly; SameSite=None; Secure; Path=/; Domain=npmjs.org; Expires=Sat, 03 Oct 2026 22:57:46 GMT
< set-cookie: _cfuvid=z.TIkYIKIgBw7.BoRrwfAP4PfrZ.R4ZGrh8KNbt3MYA-1791066465.824234-1.0.1.1-C_zo9gLqlC0QzxBBeMQvPBj15bvZG_M8slQMX5u4if0; HttpOnly; SameSite=None; Secure; Path=/; Domain=npmjs.org
< CF-Ray: a44f60436b7ef474-TIA
< CF-Cache-Status: HIT
< Access-Control-Allow-Origin: *
< Cache-Control: public, max-age=300
< ETag: "e55a59a6d6f40e4c52ca1fa3cb5f5d21"
< Last-Modified: Mon, 13 Oct 2025 17:09:41 GMT
< Server: cloudflare

< 304 Not Modified
< Date: Sat, 03 Oct 2026 22:27:46 GMT
< Connection: keep-alive
< set-cookie: __cf_bm=oCf417aEU4rRsgDvtWnlvi4FdjT7X5.JeffxqQIEnKI-1791066465.824347-1.0.1.1-qIGj.nncouoN5a4zOiLiNERCktizXDklfLTmrhELXni0WJpJDzjtpik171WEgsdIKquu2KUyPLKepc1pY.cmI4aHuQmqWwmffIO7zkQ.Oq52ClSYxQn3VgLkJb43n16C; HttpOnly; SameSite=None; Secure; Path=/; Domain=npmjs.org; Expires=Sat, 03 Oct 2026 22:57:46 GMT
< set-cookie: _cfuvid=3IUsd03elpVTr8yubxFk8tEWYt0l8pt5HsdcDy3dH7A-1791066465.824347-1.0.1.1-lqob5YWf2EfUT0lkxYpaHFkAE.rNVFpb6BtDItPKBzw; HttpOnly; SameSite=None; Secure; Path=/; Domain=npmjs.org
< CF-Ray: a44f60436b7ff474-TIA
< CF-Cache-Status: HIT
< Access-Control-Allow-Origin: *
< Cache-Control: public, max-age=300
< ETag: "50ab8b4a43d6592e671a5bc6b1e9ee70"
< Last-Modified: Wed, 12 Jul 2023 19:05:49 GMT
< Server: cloudflare

    [17.47ms]
Downloaded simple-get versions
> HTTP/1.1 GET https://registry.npmjs.org/http-errors
> If-None-Match: W/"d8ad522fca0c4b4e52d0982bda1a00fa"
> Accept: application/vnd.npm.install-v1+json; q=1.0, application/json; q=0.8, */*
> Connection: keep-alive
> User-Agent: Bun/1.3.9
> Host: registry.npmjs.org
> Accept-Encoding: gzip, deflate, br, zstd

   - "simple-get": "^4.0.1" - simple-get@4.0.1
    [198.22ms]
Downloaded process versions
> HTTP/1.1 GET https://registry.npmjs.org/mime-types
> If-None-Match: W/"cb88113394b664cd41157087fd59efd5"
> Accept: application/vnd.npm.install-v1+json; q=1.0, application/json; q=0.8, */*
> Connection: keep-alive
> User-Agent: Bun/1.3.9
> Host: registry.npmjs.org
> Accept-Encoding: gzip, deflate, br, zstd

< 304 Not Modified
< Date: Sat, 03 Oct 2026 22:27:46 GMT
< Connection: keep-alive
< set-cookie: __cf_bm=a7OiKjqbKTD2sLxHIde.IJo3b.kZvoRUVGQl_AzIO8c-1791066466.0081642-1.0.1.1-2A9jTP7h8knF6qUyF__ed42.3bLSVAMiz0cQ4Qhle3INE1MGlI.MzG8ifcezcIyeGzxS6RVB32pCl.wRrGwLPu9f2I.YZkuyb2YrYwrvduiGKpMgaFKlfYajuWy7ZEeP; HttpOnly; SameSite=None; Secure; Path=/; Domain=npmjs.org; Expires=Sat, 03 Oct 2026 22:57:46 GMT
< set-cookie: _cfuvid=zo96VT1fR4d0scM7oJ8plqCbtX5694GxWp3VRlDcKLE-1791066466.0081642-1.0.1.1-c6l.glJJ2inzo_lmEwDudDflfzilLp.gxojFYhybLaY; HttpOnly; SameSite=None; Secure; Path=/; Domain=npmjs.org
< CF-Ray: a44f604488119b00-TIA
< CF-Cache-Status: HIT
< Access-Control-Allow-Origin: *
< Age: 278
< Cache-Control: public, max-age=300
< ETag: "1e8f136e8f7e9891c1d1a37327fc6733"
< Last-Modified: Fri, 14 Nov 2025 18:42:01 GMT
< Server: cloudflare

> HTTP/1.1 GET https://registry.npmjs.org/on-finished
> If-None-Match: W/"c263f946354ae8fd2cede5f1ca2e72ab"
> Accept: application/vnd.npm.install-v1+json; q=1.0, application/json; q=0.8, */*
> Connection: keep-alive
> User-Agent: Bun/1.3.9
> Host: registry.npmjs.org
> Accept-Encoding: gzip, deflate, br, zstd

   - "process": "^0.11.10" - process@0.11.10
Enqueue package manifest for download: decompress-response
Enqueue package manifest for download: once
Enqueue package manifest for download: simple-concat
[PackageManager] waiting for 112 tasks
    [198.22ms]
Downloaded string_decoder versions
   - "string_decoder": "^1.3.0" - string_decoder@1.3.0
    [17.65ms]
Downloaded color versions
   - "color": "^4.2.3" - color@4.2.3
Enqueue package manifest for download: safe-buffer
Enqueue package manifest for download: color-string
 LICENSE
 dist/index.js
 package.json
 README.md
 dist/index.d.ts
[@tscircuit/bus-lanes-solver] Extract .79dfe5779ddef15d-00000003.bus-lanes-solver (decompressed 0.29 MB tgz file in 831.166us)
[@tscircuit/bus-lanes-solver] Extracted to .79dfe5779ddef15d-00000003.bus-lanes-solver (4.245ms)
[PackageManager] waiting for 112 tasks
[PackageManager] waiting for 111 tasks
    [282.83ms] Downloaded @tscircuit/schematic-trace-solver tarball
> HTTP/1.1 GET https://registry.npmjs.org/range-parser
> If-None-Match: W/"6f0802cdf772237e67d6a76cc8e76db0"
> Accept: application/vnd.npm.install-v1+json; q=1.0, application/json; q=0.8, */*
> Connection: keep-alive
> User-Agent: Bun/1.3.9
> Host: registry.npmjs.org
> Accept-Encoding: gzip, deflate, br, zstd

 LICENSE
 dist/index.js
 package.json
 README.md
 dist/index.d.ts
[@tscircuit/schematic-trace-solver] Extract .58db3df615ffdef8-00000004.schematic-trace-solver (decompressed 177.32 KB tgz file in 423.958us)
[@tscircuit/schematic-trace-solver] Extracted to .58db3df615ffdef8-00000004.schematic-trace-solver (1.616ms)
[PackageManager] waiting for 111 tasks
< 304 Not Modified
< Date: Sat, 03 Oct 2026 22:27:46 GMT
< Connection: keep-alive
< set-cookie: __cf_bm=fBiyZKkHkMD_Zsc.QpKdHPH09U62xGPtBJcneErgaww-1791066466.0180254-1.0.1.1-Of4Pe95WLpSd_z1sH9Ts.cwql4Mn0HwPl.VHpoc7SPGeveuTvCqH5d2cRQX9CUnzjoKczgi46ohYl.KGL8uVmkCXTLwmnwdCfXLJCimuQU0flzXopsV2uZ26wsaSkyZu; HttpOnly; SameSite=None; Secure; Path=/; Domain=npmjs.org; Expires=Sat, 03 Oct 2026 22:57:46 GMT
< set-cookie: _cfuvid=XISDxKvVdUD8YnGH5uNeoBtZIH6TzZAJnDy4LG6OX9w-1791066466.0180254-1.0.1.1-o80wb6HhtWz0kQI5gm.xGNkgd..8of53eRAhzvAjw7c; HttpOnly; SameSite=None; Secure; Path=/; Domain=npmjs.org
< CF-Ray: a44f60449c885f50-TIA
< CF-Cache-Status: HIT
< Access-Control-Allow-Origin: *
< Age: 181
< Cache-Control: public, max-age=300
< ETag: "5ce476baa56596f62a964df39ca17627"
< Last-Modified: Mon, 17 Nov 2025 11:42:28 GMT
< Server: cloudflare

[PackageManager] waiting for 110 tasks
    [15.76ms]
Downloaded csstype versions
> HTTP/1.1 GET https://registry.npmjs.org/statuses
> If-None-Match: W/"a0c2f5bf083e827e9c3fff76d56b3edb"
> Accept: application/vnd.npm.install-v1+json; q=1.0, application/json; q=0.8, */*
> Connection: keep-alive
> User-Agent: Bun/1.3.9
> Host: registry.npmjs.org
> Accept-Encoding: gzip, deflate, br, zstd

   - "csstype": "^3.2.2" - csstype@3.2.3
< 304 Not Modified
< Date: Sat, 03 Oct 2026 22:27:46 GMT
< Connection: keep-alive
< set-cookie: __cf_bm=UnaEH0rImkc_dtXUMpqKBP3KaBkYl13OpdIYrbYefuk-1791066466.0181184-1.0.1.1-IT9zGTijkkaPGiZ4s8A.2hHmNsLxuKFODYTVjoOEUqKHuhgupPU7Vww7zDbjuJBiVe1Sj6488CMBJ3kp7wH_r7101gBMlS8Ywr4YiIpYp13qpAkgL.eC2qI.yBj7ZAyi; HttpOnly; SameSite=None; Secure; Path=/; Domain=npmjs.org; Expires=Sat, 03 Oct 2026 22:57:46 GMT
< set-cookie: _cfuvid=VIWIyVFkQLJ7JZwr0t0ME.i01a4TnDb8v8zsBE7fCYQ-1791066466.0181184-1.0.1.1-XDfuHQWkpf6inpRpUi8eBEdlTnU66i9W.VNmVsakIWc; HttpOnly; SameSite=None; Secure; Path=/; Domain=npmjs.org
< CF-Ray: a44f6044982c9b00-TIA
< CF-Cache-Status: HIT
< Access-Control-Allow-Origin: *
< Age: 250
< Cache-Control: public, max-age=300
< ETag: "bff54d64946823107d2b6edf039e6894"
< Last-Modified: Sat, 02 May 2026 11:26:48 GMT
< Server: cloudflare

[PackageManager] waiting for 109 tasks
    [15.80ms]
Downloaded dom-serializer versions
> HTTP/1.1 GET https://registry.npmjs.org/parseurl
> If-None-Match: W/"68f406df7b86b5477d754b8dd1223e24"
> Accept: application/vnd.npm.install-v1+json; q=1.0, application/json; q=0.8, */*
> Connection: keep-alive
> User-Agent: Bun/1.3.9
> Host: registry.npmjs.org
> Accept-Encoding: gzip, deflate, br, zstd

   - "dom-serializer": "^2.0.0" - dom-serializer@2.0.0
Enqueue package manifest for download: entities
< 304 Not Modified
< Date: Sat, 03 Oct 2026 22:27:46 GMT
< Connection: keep-alive
< set-cookie: __cf_bm=dxq_05Njw42H0mjmRNgRmc2MEqe7Xty1BiqRzs5vekk-1791066466.028766-1.0.1.1-t1Y9n3inYFTA19nQDKErnyLBxIC4ME3fzMflen3t43qiJ7pv7eraBNpdJu_dwmjHyxJ9Xzh_1wa2AjBjKIPclhTzJMHrsy1QJdwCzHjNMtPM63PNzEzqZDyDq99muVcT; HttpOnly; SameSite=None; Secure; Path=/; Domain=npmjs.org; Expires=Sat, 03 Oct 2026 22:57:46 GMT
< set-cookie: _cfuvid=3pJpG4yyageyuxghbnUISqwapZbf7MAmMJBXCmMU8N0-1791066466.028766-1.0.1.1-5b5Q4Q_GVuW1ztzcrcPn5_Gyv3Tcy0uV89NBJZek7gY; HttpOnly; SameSite=None; Secure; Path=/; Domain=npmjs.org
< CF-Ray: a44f6044ab3abd99-TIA
< CF-Cache-Status: HIT
< Access-Control-Allow-Origin: *
< Age: 215
< Cache-Control: public, max-age=300
< ETag: "6f0802cdf772237e67d6a76cc8e76db0"
< Last-Modified: Thu, 25 Jun 2026 20:55:43 GMT
< Server: cloudflare

[PackageManager] waiting for 109 tasks
    [15.48ms]
Downloaded range-parser versions
> HTTP/1.1 GET https://registry.npmjs.org/unpipe
> If-None-Match: W/"3969b810cf56c792e50772eeff68d20b"
> Accept: application/vnd.npm.install-v1+json; q=1.0, application/json; q=0.8, */*
> Connection: keep-alive
> User-Agent: Bun/1.3.9
> Host: registry.npmjs.org
> Accept-Encoding: gzip, deflate, br, zstd

   - "range-parser": "^1.2.1" - range-parser@1.3.0
< 304 Not Modified
< Date: Sat, 03 Oct 2026 22:27:46 GMT
< Connection: keep-alive
< set-cookie: __cf_bm=surmSI4MVSrT.B1zrSfOlTcnT03ourbrjtMgtxXZGfM-1791066466.0335455-1.0.1.1-yjuszzECqQx4yx4ZZ8nWD.z8LT2NYQayi7HklGQEpIUjNhm9y88uU5rBYHyQmzhWI4di4.6jzUvmrbE3T9oF1zfTfWA90RuWcw3LYbHwfg1DSMmkGYhT5tLxbbOQ59Qx; HttpOnly; SameSite=None; Secure; Path=/; Domain=npmjs.org; Expires=Sat, 03 Oct 2026 22:57:46 GMT
< set-cookie: _cfuvid=H3UOx_dhHkVpYCvdtj9fqV6q0woe8wlG6._fdotcVcc-1791066466.0335455-1.0.1.1-QSkUmy16y.czBDuCvLSXH1iUcqq9wyEiB_iAVpQLCfE; HttpOnly; SameSite=None; Secure; Path=/; Domain=npmjs.org
< CF-Ray: a44f6044b8479b00-TIA
< CF-Cache-Status: HIT
< Access-Control-Allow-Origin: *
< Age: 276
< Cache-Control: public, max-age=300
< ETag: "68f406df7b86b5477d754b8dd1223e24"
< Last-Modified: Wed, 14 May 2025 14:56:08 GMT
< Server: cloudflare

[PackageManager] waiting for 108 tasks
    [23.59ms]
Downloaded parseurl versions
> HTTP/1.1 GET https://registry.npmjs.org/polished
> If-None-Match: W/"aa087c0e8927bc5a6820282f57b28c4d"
> Accept: application/vnd.npm.install-v1+json; q=1.0, application/json; q=0.8, */*
> Connection: keep-alive
> User-Agent: Bun/1.3.9
> Host: registry.npmjs.org
> Accept-Encoding: gzip, deflate, br, zstd

   - "parseurl": "~1.3.3" - parseurl@1.3.3
< 304 Not Modified
< Date: Sat, 03 Oct 2026 22:27:46 GMT
< Connection: keep-alive
< set-cookie: __cf_bm=_d4oh0ok6PU4pNgphLY9sJWU0oVWsomBLh7Hb6GVm4Q-1791066465.8022816-1.0.1.1-oosdgQeUTNy0adBsOyxvzMU4TzvNLsvNB9W4HoiHxhJ9mFjWQtnn48me8Mbs.BqfH3v0N_uxWr9Q.3gx_2dQZiSlc_iFjcLovxGFTTetkSfgRsSXnikLBA_Ek1qnGFtd; HttpOnly; SameSite=None; Secure; Path=/; Domain=npmjs.org; Expires=Sat, 03 Oct 2026 22:57:46 GMT
< set-cookie: _cfuvid=e4p8pp.YJ5iSvXMOzLLDnYYao9Phy8fDsrWLwf4iIcU-1791066465.8022816-1.0.1.1-8.HL0n1a96CHDf3R3UDVyPj8Qf7ulAVvvYiJqhBSPQ0; HttpOnly; SameSite=None; Secure; Path=/; Domain=npmjs.org
< CF-Ray: a44f60434e309b00-TIA
< CF-Cache-Status: REVALIDATED
< Access-Control-Allow-Origin: *
< Cache-Control: public, max-age=300
< ETag: "f72d35e1fec6fc692930a34805173eee"
< Last-Modified: Fri, 06 Mar 2026 15:15:40 GMT
< Server: cloudflare

[PackageManager] waiting for 107 tasks
    [257.18ms]
Downloaded query-registry versions
> HTTP/1.1 GET https://registry.npmjs.org/react-supergrid
> If-None-Match: W/"62465925eaabdffc47d7a7159ef06312"
> Accept: application/vnd.npm.install-v1+json; q=1.0, application/json; q=0.8, */*
> Connection: keep-alive
> User-Agent: Bun/1.3.9
> Host: registry.npmjs.org
> Accept-Encoding: gzip, deflate, br, zstd

   - "query-registry": "^3.0.1" - query-registry@3.0.1
Enqueue package manifest for download: url-join
Enqueue package manifest for download: quick-lru
Enqueue package manifest for download: query-string
Enqueue package manifest for download: zod-package-json
< 304 Not Modified
< Date: Sat, 03 Oct 2026 22:27:46 GMT
< Connection: keep-alive
< set-cookie: __cf_bm=eyxQrubP9UpJUVg8mMAj6WzH0XMGV0gJ6zj0RDSzlPM-1791066466.0597098-1.0.1.1-e6pgy9Ohfin0fcWXJoXdHZk.h7AP5ixh3QjKvkrnVAEVpVtMiWbX1f3w_N1tb9C_c_PX8yf7kg793FQBGTfALlzIYaqTBnIIpTnLlV9LX1VsrPg1t7sNvGw5IJ0JLRfO; HttpOnly; SameSite=None; Secure; Path=/; Domain=npmjs.org; Expires=Sat, 03 Oct 2026 22:57:46 GMT
< set-cookie: _cfuvid=KalaNahFLzkUq4w4FwBGhMUtpu5FwV3WFw6LTPEvWSg-1791066466.0597098-1.0.1.1-9eRszN.CIMhc5zDs_jrc3qHAB_ayboFD3.aXaKKZ6Es; HttpOnly; SameSite=None; Secure; Path=/; Domain=npmjs.org
< CF-Ray: a44f6044d8729b00-TIA
< CF-Cache-Status: HIT
< Access-Control-Allow-Origin: *
< Age: 294
< Cache-Control: public, max-age=300
< ETag: "62465925eaabdffc47d7a7159ef06312"
< Last-Modified: Thu, 18 Apr 2024 22:30:14 GMT
< Server: cloudflare

[PackageManager] waiting for 110 tasks
    [18.86ms]
Downloaded react-supergrid versions
> HTTP/1.1 GET https://registry.npmjs.org/react-router-dom
> If-None-Match: W/"1a30ee3ea5e781aba48261613bb215ab"
> Accept: application/vnd.npm.install-v1+json; q=1.0, application/json; q=0.8, */*
> Connection: keep-alive
> User-Agent: Bun/1.3.9
> Host: registry.npmjs.org
> Accept-Encoding: gzip, deflate, br, zstd

   - "react-supergrid": "^1.0.10" - react-supergrid@1.0.10
< 304 Not Modified
< Date: Sat, 03 Oct 2026 22:27:46 GMT
< Connection: keep-alive
< set-cookie: __cf_bm=hQZIJ3sghwUk3Swy7qXf7YYrjB7uQGcNovPIREIk61c-1791066465.9117835-1.0.1.1-xVNgrTP_hBULYPEoUj9kkPMW1WWEEmUCxZjgWQyODcaUFs3yjlPcjx7byDPLEI1NUiuoOrTTcQlfd.kLRoBRDI78skhuFU6aFv96xz3G6jbXrzePcdcTJWD1gQpM1aQA; HttpOnly; SameSite=None; Secure; Path=/; Domain=npmjs.org; Expires=Sat, 03 Oct 2026 22:57:46 GMT
< set-cookie: _cfuvid=flVIEH4dI4K1dvaI2h_vkcyQd3jMYXHFtKr1kVD4F2c-1791066465.9117835-1.0.1.1-usK_17whbhtWu_0NlhnrrXtR73mEr5seG56g9aXIyoM; HttpOnly; SameSite=None; Secure; Path=/; Domain=npmjs.org
< CF-Ray: a44f6043fb9851a4-TIA
< CF-Cache-Status: HIT
< Access-Control-Allow-Origin: *
< Cache-Control: public, max-age=300
< ETag: "ad2d335a5f683e75f93512fc75e77be0"
< Last-Modified: Mon, 21 Sep 2026 04:09:33 GMT
< Server: cloudflare

[PackageManager] waiting for 109 tasks
    [288.30ms]
Downloaded wrap-ansi versions
> HTTP/1.1 GET https://registry.npmjs.org/@types%2freact-router-dom
> If-None-Match: W/"7166f2945204d7ecfeec6ea38a765d93"
> Accept: application/vnd.npm.install-v1+json; q=1.0, application/json; q=0.8, */*
> Connection: keep-alive
> User-Agent: Bun/1.3.9
> Host: registry.npmjs.org
> Accept-Encoding: gzip, deflate, br, zstd

   - "wrap-ansi": "^7.0.0" - wrap-ansi@7.0.0
   - "wrap-ansi": "^5.1.0" - wrap-ansi@5.1.0
   - "ansi-styles": "^3.2.0" - ansi-styles@3.2.1
   - "color-convert": "^1.9.0" - color-convert@1.9.3
< 304 Not Modified
< Date: Sat, 03 Oct 2026 22:27:46 GMT
< Connection: keep-alive
< set-cookie: __cf_bm=4cX3bR2GnMvdU10GVxcCHk4SvMsv.DQdtoijxTPhfOA-1791066465.9169948-1.0.1.1-SS6s3cxtqjr7Yxy_OuYAl8rjygNSNsW1B7NH1Wr2BI883G83aA77tawJ8_ODcLPuveTaoeXu0NmNhMwXkEo9r2tMvfbqc_TCdmx_SvOvBlBcyHbU_Vhx.01ShlMZmRYm; HttpOnly; SameSite=None; Secure; Path=/; Domain=npmjs.org; Expires=Sat, 03 Oct 2026 22:57:46 GMT
< set-cookie: _cfuvid=dROCZlq5Qkbpzyn4GYs1PLyJQKdfejczNu.VmLLpU.c-1791066465.9169948-1.0.1.1-nyJainr949fi4qYITHERkhF8FYHmcIkRGcagjPPcrA8; HttpOnly; SameSite=None; Secure; Path=/; Domain=npmjs.org
< CF-Ray: a44f6043f83fa5b3-TIA
< CF-Cache-Status: HIT
< Access-Control-Allow-Origin: *
< Cache-Control: public, max-age=300
< ETag: "0571bc8356c9bfe20945ca51a76ed438"
< Last-Modified: Thu, 26 Feb 2026 13:51:12 GMT
< Server: cloudflare

[PackageManager] waiting for 108 tasks
    [209.01ms]
Downloaded strip-ansi versions
> HTTP/1.1 GET https://registry.npmjs.org/use-mouse-matrix-transform
> If-None-Match: W/"e39746063ffd790a54ba84e6f08110be"
> Accept: application/vnd.npm.install-v1+json; q=1.0, application/json; q=0.8, */*
> Connection: keep-alive
> User-Agent: Bun/1.3.9
> Host: registry.npmjs.org
> Accept-Encoding: gzip, deflate, br, zstd

< 304 Not Modified
< Date: Sat, 03 Oct 2026 22:27:46 GMT
< Connection: keep-alive
< set-cookie: __cf_bm=f3DCTSp_q9sma6vekeUjqD9CMPu5MdNwuzCKLATcOk8-1791066465.7304957-1.0.1.1-Tf9M4_r6igG9EOjID2hQFqih58AnwDT4xmqE0HLIWLBRyewUM4q3HWC1iKkoji9m6D9JZi4Pc8gnA0vHwIc4xuw.L2bw.LAd9QC_rv1BH7Woj2RZTp676tvwW8LRtWMd; HttpOnly; SameSite=None; Secure; Path=/; Domain=npmjs.org; Expires=Sat, 03 Oct 2026 22:57:46 GMT
< set-cookie: _cfuvid=1vIUY2XDaTKgJgE8c4zbaATP7M0rCWogBkgA0i9uQ40-1791066465.7304957-1.0.1.1-UL2F7BwQ1t_YF8VAEgRqiC9v8KfLGFudem9bhClBE5I; HttpOnly; SameSite=None; Secure; Path=/; Domain=npmjs.org
< CF-Ray: a44f6042c9aabd99-TIA
< CF-Cache-Status: HIT
< Access-Control-Allow-Origin: *
< Cache-Control: public, max-age=300
< ETag: "6b4f4366a07913d600954892b422bead"
< Last-Modified: Thu, 19 Mar 2026 06:47:30 GMT
< Server: cloudflare

< 304 Not Modified
< Date: Sat, 03 Oct 2026 22:27:46 GMT
< Connection: keep-alive
< set-cookie: __cf_bm=rkjoJdpvO.WpW_ujAjbuzaGojtZnDJ9wJ1K_kZaWGYY-1791066465.9170184-1.0.1.1-22499reSPRdYyVYL4D5qH4c26_h3EmTL8WMTdTbGwTDlToL.K9uvc7yaj7_PzaGbEE7zhrpbZ_GzAaZfKqAAA7Yh21ETLqMwJUhWS0IqjD4UWRgXmQyJzZRdXaloR2F.; HttpOnly; SameSite=None; Secure; Path=/; Domain=npmjs.org; Expires=Sat, 03 Oct 2026 22:57:46 GMT
< set-cookie: _cfuvid=58.o1ZXCFSdBKTFkn6VdxGTNdpNHNc2BYfhXTi0R8y8-1791066465.9170184-1.0.1.1-tzHZvhNrU_Q9QA65e.x9sugdTqkdQ6XxCANRBxwf5Ew; HttpOnly; SameSite=None; Secure; Path=/; Domain=npmjs.org
< CF-Ray: a44f6043fbe45f50-TIA
< CF-Cache-Status: HIT
< Access-Control-Allow-Origin: *
< Cache-Control: public, max-age=300
< ETag: "4df8658c88838a5bdc9e719422dbc0f1"
< Last-Modified: Sat, 14 Jan 2023 04:36:55 GMT
< Server: cloudflare

> HTTP/1.1 GET https://registry.npmjs.org/@react-hook%2fresize-observer
> If-None-Match: W/"4c9f493029d5438076b24c7a61485cd7"
> Accept: application/vnd.npm.install-v1+json; q=1.0, application/json; q=0.8, */*
> Connection: keep-alive
> User-Agent: Bun/1.3.9
> Host: registry.npmjs.org
> Accept-Encoding: gzip, deflate, br, zstd

> HTTP/1.1 GET https://registry.npmjs.org/emoji-regex
> If-None-Match: W/"97f70f0142c35dcd247b6a9001016bc7"
> Accept: application/vnd.npm.install-v1+json; q=1.0, application/json; q=0.8, */*
> Connection: keep-alive
> User-Agent: Bun/1.3.9
> Host: registry.npmjs.org
> Accept-Encoding: gzip, deflate, br, zstd

   - "strip-ansi": "^6.0.1" - strip-ansi@6.0.1
   - "strip-ansi": "^5.2.0" - strip-ansi@5.2.0
Enqueue package manifest for download: ansi-regex
[PackageManager] waiting for 108 tasks
    [559.36ms]
Downloaded @types/debug versions
   - "@types/debug": "^4.1.12" - @types/debug@4.1.13
    [209.04ms]
Downloaded object-hash versions
   - "object-hash": "^3.0.0" - object-hash@3.0.0
Enqueue package manifest for download: @types/ms
< 304 Not Modified
< Date: Sat, 03 Oct 2026 22:27:46 GMT
< Connection: keep-alive
< set-cookie: __cf_bm=vevnuoFv4iEntN10MzHvPOJl5FF7Naryf7o6defhLyM-1791066465.9280777-1.0.1.1-XMiV.i4G34kKuT0E_cvVjLtufMvfjFJWvwek40lCMFjYMLT7KdQPgeUfUehKlGDRhwlIDQ9YSUC8H1_rJVc095V_4UJziN9jobGw_xEJkBHMU_yYLPrs88G2iVBe7UdQ; HttpOnly; SameSite=None; Secure; Path=/; Domain=npmjs.org; Expires=Sat, 03 Oct 2026 22:57:46 GMT
< set-cookie: _cfuvid=SRAh8evec30rV6Gq1SZjEM864K.qZRe69pyqf.lgIug-1791066465.9280777-1.0.1.1-5EOUx0CxQV7F33jgIUS0Y3uFYqNSfqxBZPv7MeUWnN4; HttpOnly; SameSite=None; Secure; Path=/; Domain=npmjs.org
< CF-Ray: a44f6044084da5b3-TIA
< CF-Cache-Status: HIT
< Access-Control-Allow-Origin: *
< Cache-Control: public, max-age=300
< ETag: "18704b546ef82ca410a563aefffe8015"
< Last-Modified: Wed, 09 Sep 2026 20:10:55 GMT
< Server: cloudflare

[PackageManager] waiting for 107 tasks
    [203.96ms]
Downloaded hosted-git-info versions
> HTTP/1.1 GET https://registry.npmjs.org/is-fullwidth-code-point
> If-None-Match: W/"fb56ab8f4571544f27eae826bc9426ae"
> Accept: application/vnd.npm.install-v1+json; q=1.0, application/json; q=0.8, */*
> Connection: keep-alive
> User-Agent: Bun/1.3.9
> Host: registry.npmjs.org
> Accept-Encoding: gzip, deflate, br, zstd

< 304 Not Modified
< Date: Sat, 03 Oct 2026 22:27:46 GMT
< Connection: keep-alive
< set-cookie: __cf_bm=04.LE8qNGs9D8jGAQUVioZmPGScmvQLZjnnvm8EWvU4-1791066465.9282184-1.0.1.1-gHsRCaEW.ezW.rtAeHGDUvm.L492Wrw75h8ArSFBpYQu.ZHa3o5s0XTzcto83gMv58tYVPGHMP.MpcHgXxopjVSLTPIXnnHW.5zpf_fOvnB0V8O_lTrLWPINg.L.WG_0; HttpOnly; SameSite=None; Secure; Path=/; Domain=npmjs.org; Expires=Sat, 03 Oct 2026 22:57:46 GMT
< set-cookie: _cfuvid=U2Rpb9wNw4HImZewsTLugvPl8tjJyMNJh2Xdwe.lYPQ-1791066465.9282184-1.0.1.1-LaLNL7YxtvWsigyXDdC_Wgd7JLK2.xN8CPfkjxHeO1U; HttpOnly; SameSite=None; Secure; Path=/; Domain=npmjs.org
< CF-Ray: a44f60440ab3bd99-TIA
< CF-Cache-Status: HIT
< Access-Control-Allow-Origin: *
< Cache-Control: public, max-age=300
< ETag: "77134160af228981ae1c1326b5b6e571"
< Last-Modified: Mon, 18 Nov 2024 14:21:36 GMT
< Server: cloudflare

< 304 Not Modified
< Date: Sat, 03 Oct 2026 22:27:46 GMT
< Connection: keep-alive
< set-cookie: __cf_bm=a7sXOpa7xGQaAPmzkCAB8NilFH_s6xW6eEpjKcFogo8-1791066465.928234-1.0.1.1-GL7Y4Y21w3Mmu5eVVAOSWNE19ya7GY66BxiykT6BgDA5YrLe4VuhxiOeU2UDUg_32RhwBUTi2T3SXYEeUHN_14PjwH4gdhTGegspWtOU3YfnkCmGVxObwPxslM218nBb; HttpOnly; SameSite=None; Secure; Path=/; Domain=npmjs.org; Expires=Sat, 03 Oct 2026 22:57:46 GMT
< set-cookie: _cfuvid=uq1KRmWcruNd8iyw1py3NSdK7MVlQEmkAYeM8iPYp9I-1791066465.928234-1.0.1.1-eFyKd5uF6dTD9GhX1ASJGOOrR6p_JNlSQ85nWgqxw3M; HttpOnly; SameSite=None; Secure; Path=/; Domain=npmjs.org
< CF-Ray: a44f60440baa51a4-TIA
< CF-Cache-Status: HIT
< Access-Control-Allow-Origin: *
< Cache-Control: public, max-age=300
< ETag: "e33c8172f10fc82811c390dbb5734abf"
< Last-Modified: Wed, 09 Sep 2026 20:11:31 GMT
< Server: cloudflare

< 304 Not Modified
< Date: Sat, 03 Oct 2026 22:27:46 GMT
< Connection: keep-alive
< set-cookie: __cf_bm=KQtkh.q3FqfuCdpjDwQza.H5eiY1FKxDBAQ._43qG38-1791066465.9283886-1.0.1.1-gQnR9iLgBye0ADzS1ymvcAX.vuhyz_fU9APy4flgPnMr2VYmrOnST08eCoZ9EVYydOORQfTjZH1qkPYWbVb_J2ynwWQiyEkCXj_166jS_gQFlNYqjsIH7WrtscXF6Poa; HttpOnly; SameSite=None; Secure; Path=/; Domain=npmjs.org; Expires=Sat, 03 Oct 2026 22:57:46 GMT
< set-cookie: _cfuvid=vq7cnMFfXhON64LGtZtesWQYQLQKJPJUr5FdC76PA2A-1791066465.9283886-1.0.1.1-XqywWjuvVV6uUWffJjr5CL3aYid564D3f9eqtz77WgA; HttpOnly; SameSite=None; Secure; Path=/; Domain=npmjs.org
< CF-Ray: a44f60440c39f474-TIA
< CF-Cache-Status: HIT
< Access-Control-Allow-Origin: *
< Cache-Control: public, max-age=300
< ETag: "caac32fbfd791a5b0edd9fd2cfc781ae"
< Last-Modified: Thu, 18 Aug 2022 03:47:28 GMT
< Server: cloudflare

> HTTP/1.1 GET https://registry.npmjs.org/websocket-driver
> If-None-Match: W/"f24e40a4c9ecef6d45eeb613f19d6e11"
> Accept: application/vnd.npm.install-v1+json; q=1.0, application/json; q=0.8, */*
> Connection: keep-alive
> User-Agent: Bun/1.3.9
> Host: registry.npmjs.org
> Accept-Encoding: gzip, deflate, br, zstd

> HTTP/1.1 GET https://registry.npmjs.org/accepts
> If-None-Match: W/"66c20caee799ea88065ef201940ab2e9"
> Accept: application/vnd.npm.install-v1+json; q=1.0, application/json; q=0.8, */*
> Connection: keep-alive
> User-Agent: Bun/1.3.9
> Host: registry.npmjs.org
> Accept-Encoding: gzip, deflate, br, zstd

> HTTP/1.1 GET https://registry.npmjs.org/load-tsconfig
> If-None-Match: W/"a99b908b882836e3fa5b64e00eb07c8b"
> Accept: application/vnd.npm.install-v1+json; q=1.0, application/json; q=0.8, */*
> Connection: keep-alive
> User-Agent: Bun/1.3.9
> Host: registry.npmjs.org
> Accept-Encoding: gzip, deflate, br, zstd

   - "hosted-git-info": "^6.0.0" - hosted-git-info@6.1.3
Enqueue package manifest for download: lru-cache
[PackageManager] waiting for 107 tasks
    [200.04ms]
Downloaded cross-spawn versions
   - "cross-spawn": "^7.0.3" - cross-spawn@7.0.6
    [200.59ms]
Downloaded validate-npm-package-name versions
   - "validate-npm-package-name": "^5.0.0" - validate-npm-package-name@5.0.1
    [204.10ms]
Downloaded redaxios versions
   - "redaxios": "^0.5.1" - redaxios@0.5.1
Enqueue package manifest for download: which
Enqueue package manifest for download: path-key
Enqueue package manifest for download: shebang-command
< 302 Found
< Date: Sat, 03 Oct 2026 22:27:46 GMT
< Content-Type: text/html;charset=utf-8
< Content-Length: 0
< Cache-Control: public, must-revalidate, max-age=0
< expires: Sat, 03 Oct 2026 22:27:46 GMT
< Location: https://codeload.github.com/tscircuit/via-stitch-solver/legacy.tar.gz/64f2ac7781b795bdc0d74ba411988e60767fa653
< x-github-api-version-selected: 2022-11-28
< X-RateLimit-Limit: 60
< X-RateLimit-Remaining: 60
< X-RateLimit-Reset: 1791070066
< X-RateLimit-Used: 0
< X-RateLimit-Resource: core
< Access-Control-Expose-Headers: ETag, Link, Location, Retry-After, X-GitHub-OTP, X-RateLimit-Limit, X-RateLimit-Remaining, X-RateLimit-Used, X-RateLimit-Resource, X-RateLimit-Reset, X-OAuth-Scopes, X-Accepted-OAuth-Scopes, X-Poll-Interval, X-GitHub-Media-Type, X-GitHub-SSO, X-GitHub-Request-Id, Deprecation, Sunset, Warning
< Access-Control-Allow-Origin: *
< Strict-Transport-Security: max-age=31536000; includeSubdomains; preload
< X-Frame-Options: deny
< X-Content-Type-Options: nosniff
< X-XSS-Protection: 0
< Referrer-Policy: origin-when-cross-origin, strict-origin-when-cross-origin
< Content-Security-Policy: default-src 'none'
< Vary: Accept-Encoding, Accept, X-Requested-With
< Server: github.com
< X-GitHub-Request-Id: EEEF:31602E:2DE06A4:2DA8034:6AC18161
< x-github-edge-region: fra

< 304 Not Modified
< Date: Sat, 03 Oct 2026 22:27:46 GMT
< Connection: keep-alive
< set-cookie: __cf_bm=CZiNY325EXYRbQmg_pAocP5BlaDM7YuVZDC0fTbx7ho-1791066465.9395223-1.0.1.1-GIjFadNQBvnx.xdEuunq_meTvL6al5gjNoEavD5Q67fU9OPrCT36XXAgVCQbiiihWp4OMeq9m_BFdBKCGnkKhI5LCfuPJyL43u7WCOaPuQKPVYFQdtiRej7KgpYyc3gm; HttpOnly; SameSite=None; Secure; Path=/; Domain=npmjs.org; Expires=Sat, 03 Oct 2026 22:57:46 GMT
< set-cookie: _cfuvid=dxHpIgGalIXNk3N2uiYSfqfH0hVkuEvPFQRwNbu3FGk-1791066465.9395223-1.0.1.1-2P9oNYJ1jGk3bQ7nDbYOEMfSA6M_yZwa2OBMHvdYCzg; HttpOnly; SameSite=None; Secure; Path=/; Domain=npmjs.org
< CF-Ray: a44f60441f8e9b00-TIA
< CF-Cache-Status: HIT
< Access-Control-Allow-Origin: *
< Cache-Control: public, max-age=300
< ETag: "129e99253189d4991619b49211209318"
< Last-Modified: Thu, 25 Jul 2024 10:50:22 GMT
< Server: cloudflare

[PackageManager] waiting for 107 tasks
    [201.55ms]
Downloaded type-detect versions
> HTTP/1.1 GET https://registry.npmjs.org/magic-string
> If-None-Match: W/"890e06e15d900a911ca1a687d22fa6cf"
> Accept: application/vnd.npm.install-v1+json; q=1.0, application/json; q=0.8, */*
> Connection: keep-alive
> User-Agent: Bun/1.3.9
> Host: registry.npmjs.org
> Accept-Encoding: gzip, deflate, br, zstd

   - "type-detect": "^4.0.8" - type-detect@4.1.0
< 304 Not Modified
< Date: Sat, 03 Oct 2026 22:27:46 GMT
< Connection: keep-alive
< set-cookie: __cf_bm=NnxIuywauFAloNmzJcCjbaY9VIt0Z.AK8SD0gkItKv4-1791066465.939224-1.0.1.1-Lzr7P6dHPcVBgWMrzJyo3g7lar8XSQutd0gYRGNksAf5q1CVgJUftyDuaR6aGAVkcYPOr25K3MXbkfg8QwmO7CM6lRrMqhSG9MWPPTkoHbYgMBIluQMFirVjv3_g86Kw; HttpOnly; SameSite=None; Secure; Path=/; Domain=npmjs.org; Expires=Sat, 03 Oct 2026 22:57:46 GMT
< set-cookie: _cfuvid=SBUBe4HI7FBgBVMYhIJN.nmWmiOzh_tMhWQVEOkrdvM-1791066465.939224-1.0.1.1-yYmgp3nSEVsWeIf5Hpk1TFvaBXEzs_tdEOJzF6DphRk; HttpOnly; SameSite=None; Secure; Path=/; Domain=npmjs.org
< CF-Ray: a44f60441bba51a4-TIA
< CF-Cache-Status: HIT
< Access-Control-Allow-Origin: *
< Cache-Control: public, max-age=300
< ETag: "995e939618e4ddc8c6406c6cca7a75d8"
< Last-Modified: Fri, 03 Apr 2026 13:52:30 GMT
< Server: cloudflare

[PackageManager] waiting for 106 tasks
    [201.29ms]
Downloaded opn versions
< 302 Found
< Date: Sat, 03 Oct 2026 22:27:46 GMT
< Content-Type: text/html;charset=utf-8
< Content-Length: 0
< Cache-Control: public, must-revalidate, max-age=0
< expires: Sat, 03 Oct 2026 22:27:46 GMT
< Location: https://codeload.github.com/tscircuit/bga-fanout-solver/legacy.tar.gz/247c835cb8d69b65e53891dcf869731079415b39
< x-github-api-version-selected: 2022-11-28
< X-RateLimit-Limit: 60
< X-RateLimit-Remaining: 60
< X-RateLimit-Reset: 1791070066
< X-RateLimit-Used: 0
< X-RateLimit-Resource: core
< Access-Control-Expose-Headers: ETag, Link, Location, Retry-After, X-GitHub-OTP, X-RateLimit-Limit, X-RateLimit-Remaining, X-RateLimit-Used, X-RateLimit-Resource, X-RateLimit-Reset, X-OAuth-Scopes, X-Accepted-OAuth-Scopes, X-Poll-Interval, X-GitHub-Media-Type, X-GitHub-SSO, X-GitHub-Request-Id, Deprecation, Sunset, Warning
< Access-Control-Allow-Origin: *
< Strict-Transport-Security: max-age=31536000; includeSubdomains; preload
< X-Frame-Options: deny
< X-Content-Type-Options: nosniff
< X-XSS-Protection: 0
< Referrer-Policy: origin-when-cross-origin, strict-origin-when-cross-origin
< Content-Security-Policy: default-src 'none'
< Vary: Accept-Encoding, Accept, X-Requested-With
< Server: github.com
< X-GitHub-Request-Id: F054:12324E:2DAF3B2:2D7655C:6AC18161
< x-github-edge-region: fra

< 304 Not Modified
< Date: Sat, 03 Oct 2026 22:27:46 GMT
< Connection: keep-alive
< set-cookie: __cf_bm=F0MG9kCAUVuj5v.jvHy.ZAUlh1PIjMX5_bbXC0Aq87M-1791066466.1195376-1.0.1.1-IY_9D1_7EChErEX7DH3hgqZKjPxpaDoxXG4nod0E36dDT7tEBc7o89w3.tHwcZ10r3sE0.jtei_e3NYcHE0GtXehfQcEu.SY4AQO9dXXAZuXw7MRv7s2E7G.z01Iv3Z5; HttpOnly; SameSite=None; Secure; Path=/; Domain=npmjs.org; Expires=Sat, 03 Oct 2026 22:57:46 GMT
< set-cookie: _cfuvid=mIdJVEbSsH1lv.w0gFOa2gyUdmFFuQnPkYdAm0GNGKA-1791066466.1195376-1.0.1.1-aYYMKgrNQT7Gy.bLEroD26TX6mxdbz1lJlF4iw9kbM0; HttpOnly; SameSite=None; Secure; Path=/; Domain=npmjs.org
< CF-Ray: a44f60453c8c51a4-TIA
< CF-Cache-Status: HIT
< Access-Control-Allow-Origin: *
< Age: 246
< Cache-Control: public, max-age=300
< ETag: "7166f2945204d7ecfeec6ea38a765d93"
< Last-Modified: Fri, 19 Jul 2024 07:41:41 GMT
< Server: cloudflare

< 304 Not Modified
< Date: Sat, 03 Oct 2026 22:27:46 GMT
< Connection: keep-alive
< set-cookie: __cf_bm=HdB6HDuO3Od0MjBEgNEyiyHMSh4i8ab0aeCefpyk5Ug-1791066465.9392078-1.0.1.1-WL5f1ovNEO4TjIlErXGUQoBVKbkH9jD3J474EklpgGHCXLmsZAWwaYFmnVvdnZgkdTLYF0amJy2Xoj.gMlrLrxtJTOyNZpGO42.Avf6tKEIB6Mv7e1QHXUFllmEoL6lk; HttpOnly; SameSite=None; Secure; Path=/; Domain=npmjs.org; Expires=Sat, 03 Oct 2026 22:57:46 GMT
< set-cookie: _cfuvid=jLT7WOi9HW9wFKnNLiNxpbBlo8Va8t99.j4KcVwaSlM-1791066465.9392078-1.0.1.1-3gQXcEF2aUtThCOdbWJ4qWZXA0rqYGn263uleuH.OqU; HttpOnly; SameSite=None; Secure; Path=/; Domain=npmjs.org
< CF-Ray: a44f60441c037c08-TIA
< CF-Cache-Status: HIT
< Access-Control-Allow-Origin: *
< Cache-Control: public, max-age=300
< ETag: "45668cfe4ec0f0a66adc06c2c4518ca4"
< Last-Modified: Thu, 22 Jan 2026 14:41:31 GMT
< Server: cloudflare

> HTTP/1.1 GET https://registry.npmjs.org/mlly
> If-None-Match: W/"9c155545e96e1b5e44baf26d129ba963"
> Accept: application/vnd.npm.install-v1+json; q=1.0, application/json; q=0.8, */*
> Connection: keep-alive
> User-Agent: Bun/1.3.9
> Host: registry.npmjs.org
> Accept-Encoding: gzip, deflate, br, zstd

> HTTP/1.1 GET https://registry.npmjs.org/pathe
> If-None-Match: W/"79a82a7a153dc5b614919a223e8f9318"
> Accept: application/vnd.npm.install-v1+json; q=1.0, application/json; q=0.8, */*
> Connection: keep-alive
> User-Agent: Bun/1.3.9
> Host: registry.npmjs.org
> Accept-Encoding: gzip, deflate, br, zstd

   - "opn": "latest" - opn@6.0.0
Enqueue package manifest for download: is-wsl
[PackageManager] waiting for 106 tasks
    [23.91ms]
Downloaded @types/react-router-dom versions
   - "@types/react-router-dom": "^5.3.3" - @types/react-router-dom@5.3.3
    [201.38ms]
Downloaded cors versions
> HTTP/1.1 GET https://registry.npmjs.org/confbox
> If-None-Match: W/"83df724f9afa95b805cfd6352f0f6282"
> Accept: application/vnd.npm.install-v1+json; q=1.0, application/json; q=0.8, */*
> Connection: keep-alive
> User-Agent: Bun/1.3.9
> Host: registry.npmjs.org
> Accept-Encoding: gzip, deflate, br, zstd

   - "cors": "latest" - cors@2.8.6
Enqueue package manifest for download: @types/history
Enqueue package manifest for download: @types/react-router
Enqueue package manifest for download: vary
< 304 Not Modified
< Date: Sat, 03 Oct 2026 22:27:46 GMT
< Connection: keep-alive
< set-cookie: __cf_bm=sgfWr_.qdksMoDyyAATRP1TEEFZAVFKIUF_JV6N.Wcg-1791066465.9392729-1.0.1.1-h4WOhUfkSklDzjEAA3RpeWu_V2XcvwA1_pADiTqXs6i_cw1X.Miwqeftrxkgt.EIiJOHo.b1EylV52W.HpODyOCzsbb3XTk4msSzaZmrKcIgPcUIrtxO25R1cNcfSN43; HttpOnly; SameSite=None; Secure; Path=/; Domain=npmjs.org; Expires=Sat, 03 Oct 2026 22:57:46 GMT
< set-cookie: _cfuvid=T6ezmxSfvue9aDifr3ZCNCo3HSie3XMYXi_PsVAOFfM-1791066465.9392729-1.0.1.1-Xqfi0NqdWJcrVYA65oBre1bjC.yipJOTUW4GYGpQn_o; HttpOnly; SameSite=None; Secure; Path=/; Domain=npmjs.org
< CF-Ray: a44f60441c49f474-TIA
< CF-Cache-Status: HIT
< Access-Control-Allow-Origin: *
< Cache-Control: public, max-age=300
< ETag: "8caf5722efcf505591cf78387f76adaa"
< Last-Modified: Fri, 11 Sep 2026 08:57:44 GMT
< Server: cloudflare

[PackageManager] waiting for 107 tasks
    [208.93ms]
Downloaded morgan versions
> HTTP/1.1 GET https://registry.npmjs.org/lilconfig
> If-None-Match: W/"47eaba128232b2a94c0f38f9b8018e5c"
> Accept: application/vnd.npm.install-v1+json; q=1.0, application/json; q=0.8, */*
> Connection: keep-alive
> User-Agent: Bun/1.3.9
> Host: registry.npmjs.org
> Accept-Encoding: gzip, deflate, br, zstd

< 304 Not Modified
< Date: Sat, 03 Oct 2026 22:27:46 GMT
< Connection: keep-alive
< set-cookie: __cf_bm=3C7i9D0wIOg.kD6rfVcuijOgUuXAhY4Via0jpE43.kc-1791066466.1250796-1.0.1.1-lmtft.1Lw2iDDVch0x4ia.7EyGv.uJz9V0QKmO12g5RptHpgoMNzhWLk11PsyqLuKjPVu4Q7.wWpMphKroXlP4FDysH.DUdYd5OX0KEgxzVVGNvQdDI.LvAKZNxtd21f; HttpOnly; SameSite=None; Secure; Path=/; Domain=npmjs.org; Expires=Sat, 03 Oct 2026 22:57:46 GMT
< set-cookie: _cfuvid=pGVYhd0jtmBd6fohF1pPPuWX0qKoy7uTu1OXXDvSzR0-1791066466.1250796-1.0.1.1-HNpBX.DRH9BQmmdCIP7ap81YxRnOmYwEJ5ZZvNpt.8I; HttpOnly; SameSite=None; Secure; Path=/; Domain=npmjs.org
< CF-Ray: a44f60454d185f50-TIA
< CF-Cache-Status: HIT
< Access-Control-Allow-Origin: *
< Age: 186
< Cache-Control: public, max-age=300
< ETag: "97f70f0142c35dcd247b6a9001016bc7"
< Last-Modified: Tue, 15 Sep 2026 17:11:45 GMT
< Server: cloudflare

< 304 Not Modified
< Date: Sat, 03 Oct 2026 22:27:46 GMT
< Connection: keep-alive
< set-cookie: __cf_bm=pBhJ81FUscUZCoy67LTgavoQYCf_fowFa42yVXoqAMU-1791066466.1252296-1.0.1.1-OWwm5FgtqduMsvqwxxx71sOrNuG9mG2kUZW6kuDFnNmeUJaX.6CGt5rUFTGsRDXtuhkB2vvUrsFFuUY76.GAlRkoRumDU8yFVKQnNW_XOb7tJ5jeKzlCXH85Yg8GBV_z; HttpOnly; SameSite=None; Secure; Path=/; Domain=npmjs.org; Expires=Sat, 03 Oct 2026 22:57:46 GMT
< set-cookie: _cfuvid=6AfC4Uvg8BNOuZj7aK_C9oAw7tEoiJXZ7H6Na_l4KAE-1791066466.1252296-1.0.1.1-npPPBy_GK68XyfPVrmCu.mCvczuLdJR.J9iXfRKCmWQ; HttpOnly; SameSite=None; Secure; Path=/; Domain=npmjs.org
< CF-Ray: a44f60454a13a5b3-TIA
< CF-Cache-Status: HIT
< Access-Control-Allow-Origin: *
< Age: 294
< Cache-Control: public, max-age=300
< ETag: "e39746063ffd790a54ba84e6f08110be"
< Last-Modified: Sat, 16 Aug 2025 04:17:04 GMT
< Server: cloudflare

< 304 Not Modified
< Date: Sat, 03 Oct 2026 22:27:46 GMT
< Connection: keep-alive
< set-cookie: __cf_bm=naQBLNACizgy33TZhBTMbeySW9ZUNCBds74a5yo4dTI-1791066465.714648-1.0.1.1-H2np3a2CpEapgY.QmQfQmaNUBaB7DCkxj1pcHWhbUR2Qmi6J8bvjLF1uwoL2Znjc54Y58quJhyAyaaPg65taGiMxMwjK0YuVogLe9bQ9LdIKQzNeCqOEnM0kJWwQRPOn; HttpOnly; SameSite=None; Secure; Path=/; Domain=npmjs.org; Expires=Sat, 03 Oct 2026 22:57:46 GMT
< set-cookie: _cfuvid=_dT1QI43K_lhAH8YfqNvI3MVELGpchbs3V1xyhiRyw0-1791066465.714648-1.0.1.1-U2juU8GRGeOGFopCKqnMgRvOGKjiSPzsuBZBgQCcAUI; HttpOnly; SameSite=None; Secure; Path=/; Domain=npmjs.org
< CF-Ray: a44f6042b9c5793f-TIA
< CF-Cache-Status: HIT
< Access-Control-Allow-Origin: *
< Cache-Control: public, max-age=300
< ETag: "6b1c649a75ad41cbe89503a78f3fd1dc"
< Last-Modified: Wed, 30 Sep 2026 15:23:20 GMT
< Server: cloudflare

> HTTP/1.1 GET https://registry.npmjs.org/fdir
> If-None-Match: W/"7d0a79613897550679f280946c3a63d7"
> Accept: application/vnd.npm.install-v1+json; q=1.0, application/json; q=0.8, */*
> Connection: keep-alive
> User-Agent: Bun/1.3.9
> Host: registry.npmjs.org
> Accept-Encoding: gzip, deflate, br, zstd

> HTTP/1.1 GET https://registry.npmjs.org/picomatch
> If-None-Match: W/"9c0c86a6d954805896e63952d2b1e0b1"
> Accept: application/vnd.npm.install-v1+json; q=1.0, application/json; q=0.8, */*
> Connection: keep-alive
> User-Agent: Bun/1.3.9
> Host: registry.npmjs.org
> Accept-Encoding: gzip, deflate, br, zstd

> HTTP/1.1 GET https://registry.npmjs.org/fsevents
> If-None-Match: W/"44bcac57b27816fb0c6f974610fb93fe"
> Accept: application/vnd.npm.install-v1+json; q=1.0, application/json; q=0.8, */*
> Connection: keep-alive
> User-Agent: Bun/1.3.9
> Host: registry.npmjs.org
> Accept-Encoding: gzip, deflate, br, zstd

< 304 Not Modified
< Date: Sat, 03 Oct 2026 22:27:46 GMT
< Connection: keep-alive
< set-cookie: __cf_bm=3K9E1rgkntVGS_uEYPJnT8OfYLXSPykd2.aNsbGKnJQ-1791066466.1306362-1.0.1.1-423NgC53tj5bL1pRufZUNq5HKSu4GRw3gsUzq.oKBSyDXwyc.CdwP4SKw8BifYq2jg8mpBNqFBK5tlgp_0Ptkwtm5UfOorNP4Rt1SjonIcGepLX9OnUeqOMt1kIz9Wsj; HttpOnly; SameSite=None; Secure; Path=/; Domain=npmjs.org; Expires=Sat, 03 Oct 2026 22:57:46 GMT
< set-cookie: _cfuvid=lVTPda4rS8qOlikopZvd44UoKOzowI8LqoXl8qL8F0c-1791066466.1306362-1.0.1.1-WSbwJR5px31S5.hHJAYI3XDtClL9WdfpiICisFW6efE; HttpOnly; SameSite=None; Secure; Path=/; Domain=npmjs.org
< CF-Ray: a44f60455d36f474-TIA
< CF-Cache-Status: HIT
< Access-Control-Allow-Origin: *
< Age: 299
< Cache-Control: public, max-age=300
< ETag: "a99b908b882836e3fa5b64e00eb07c8b"
< Last-Modified: Sun, 19 Mar 2023 12:17:41 GMT
< Server: cloudflare

< 302 Found
< Date: Sat, 03 Oct 2026 22:27:46 GMT
< Content-Type: text/html;charset=utf-8
< Content-Length: 0
< Cache-Control: public, must-revalidate, max-age=0
< expires: Sat, 03 Oct 2026 22:27:46 GMT
< Location: https://codeload.github.com/tscircuit/ti/legacy.tar.gz/57e314be4b2b06bc546d4def7453e619604d1157
< x-github-api-version-selected: 2022-11-28
< X-RateLimit-Limit: 60
< X-RateLimit-Remaining: 60
< X-RateLimit-Reset: 1791070066
< X-RateLimit-Used: 0
< X-RateLimit-Resource: core
< Access-Control-Expose-Headers: ETag, Link, Location, Retry-After, X-GitHub-OTP, X-RateLimit-Limit, X-RateLimit-Remaining, X-RateLimit-Used, X-RateLimit-Resource, X-RateLimit-Reset, X-OAuth-Scopes, X-Accepted-OAuth-Scopes, X-Poll-Interval, X-GitHub-Media-Type, X-GitHub-SSO, X-GitHub-Request-Id, Deprecation, Sunset, Warning
< Access-Control-Allow-Origin: *
< Strict-Transport-Security: max-age=31536000; includeSubdomains; preload
< X-Frame-Options: deny
< X-Content-Type-Options: nosniff
< X-XSS-Protection: 0
< Referrer-Policy: origin-when-cross-origin, strict-origin-when-cross-origin
< Content-Security-Policy: default-src 'none'
< Vary: Accept-Encoding, Accept, X-Requested-With
< Server: github.com
< X-GitHub-Request-Id: EF93:3AB40A:302EA2D:2FF5F0C:6AC18161
< x-github-edge-region: fra

> HTTP/1.1 GET https://registry.npmjs.org/chownr
> If-None-Match: W/"c4be30fa2be88393a1161cf07f8bda44"
> Accept: application/vnd.npm.install-v1+json; q=1.0, application/json; q=0.8, */*
> Connection: keep-alive
> User-Agent: Bun/1.3.9
> Host: registry.npmjs.org
> Accept-Encoding: gzip, deflate, br, zstd

   - "morgan": "^1.9.1" - morgan@1.12.1
Enqueue package manifest for download: depd
Enqueue package manifest for download: basic-auth
Enqueue package manifest for download: on-headers
[PackageManager] waiting for 109 tasks
    [19.82ms]
Downloaded emoji-regex versions
   - "emoji-regex": "^8.0.0" - emoji-regex@8.0.0
   - "emoji-regex": "^7.0.1" - emoji-regex@7.0.3
    [19.93ms]
Downloaded use-mouse-matrix-transform versions
   - "use-mouse-matrix-transform": "^1.3.0" - use-mouse-matrix-transform@1.3.5
    [579.27ms]
Downloaded @biomejs/biome versions
   - "@biomejs/biome": "^1.8.3" - @biomejs/biome@1.9.4
    [16.91ms]
Downloaded load-tsconfig versions
< 304 Not Modified
< Date: Sat, 03 Oct 2026 22:27:46 GMT
< Connection: keep-alive
< set-cookie: __cf_bm=CR1i_xUVcqnw8n3ohgrVbwGRey1s.Gp0X7SuSwQj77s-1791066466.1306853-1.0.1.1-zn_nzfMiu7YLGqeII1IuTIljNu4OFmmR7MfN4tvn8rWPKe6F76GfV8puUZ6Z5yE_4nxqR.gp6pV0bsTXUkE76hmrz9d1FlQzRNB6xEATeqT9Zo79de8HRK.S8mvVzO.z; HttpOnly; SameSite=None; Secure; Path=/; Domain=npmjs.org; Expires=Sat, 03 Oct 2026 22:57:46 GMT
< set-cookie: _cfuvid=yOMWSgMG5YQWISU8qQUXp8espMwdyuUcXy.K3zpP82E-1791066466.1306853-1.0.1.1-E.iLBJrmlo5ULWOkb6VoYIt.NjT3GvvdjClvmPsmhQw; HttpOnly; SameSite=None; Secure; Path=/; Domain=npmjs.org
< CF-Ray: a44f60455c9551a4-TIA
< CF-Cache-Status: HIT
< Access-Control-Allow-Origin: *
< Age: 188
< Cache-Control: public, max-age=300
< ETag: "66c20caee799ea88065ef201940ab2e9"
< Last-Modified: Wed, 14 May 2025 14:56:13 GMT
< Server: cloudflare

> HTTP/1.1 GET https://registry.npmjs.org/mkdirp
> If-None-Match: W/"e3e82aa8744f4f34eaca3b3c2b427a1c"
> Accept: application/vnd.npm.install-v1+json; q=1.0, application/json; q=0.8, */*
> Connection: keep-alive
> User-Agent: Bun/1.3.9
> Host: registry.npmjs.org
> Accept-Encoding: gzip, deflate, br, zstd

< 304 Not Modified
< Date: Sat, 03 Oct 2026 22:27:46 GMT
< Connection: keep-alive
< set-cookie: __cf_bm=N5iqEw5zOSRIsB_l4OGBLCsBZrbjUpbQszz4Up9VoPI-1791066466.130497-1.0.1.1-EtKajOFfKwoBy6BE2JtUlvdxHLhyat1vaXB38.zynNs2UcLAujtwLFYESEmQdWpnZBy2WL3.RTaFowKdxqTspV2HM9sbcZiWoW.6nJxIPcAumU504oasXdbqt3N8g0ih; HttpOnly; SameSite=None; Secure; Path=/; Domain=npmjs.org; Expires=Sat, 03 Oct 2026 22:57:46 GMT
< set-cookie: _cfuvid=EgrFb1S8M0cqlWnnspCKcI.COmzK08pdyJo3a4VUw3Y-1791066466.130497-1.0.1.1-mR2EYy79vHhlB5h7BZAA_cotsQ_rWc72peIx3VQaVI4; HttpOnly; SameSite=None; Secure; Path=/; Domain=npmjs.org
< CF-Ray: a44f60455bcebd99-TIA
< CF-Cache-Status: HIT
< Access-Control-Allow-Origin: *
< Age: 199
< Cache-Control: public, max-age=300
< ETag: "f24e40a4c9ecef6d45eeb613f19d6e11"
< Last-Modified: Thu, 04 Jun 2026 16:42:31 GMT
< Server: cloudflare

> HTTP/1.1 GET https://registry.npmjs.org/yallist
> If-None-Match: W/"4377191a286ea4f42390346d6751f8fd"
> Accept: application/vnd.npm.install-v1+json; q=1.0, application/json; q=0.8, */*
> Connection: keep-alive
> User-Agent: Bun/1.3.9
> Host: registry.npmjs.org
> Accept-Encoding: gzip, deflate, br, zstd

< 304 Not Modified
< Date: Sat, 03 Oct 2026 22:27:46 GMT
< Connection: keep-alive
< set-cookie: __cf_bm=l8tAGuPbHSRrGkxqZ2hUsxMoj5CnmfZtq4B_gbKvAkc-1791066466.1307397-1.0.1.1-Be2.kPtEZjsGuKZGE0DMqie6F7WrDRDtrvQG2d6zsHDYpOmgT9zXXR9Z1aFL447bkVlJHTnvuEwMBM6igZFCyNhUjFBtgpBbAVR84Ych.OSqQi9FdxMvKHGkLrGsVNZQ; HttpOnly; SameSite=None; Secure; Path=/; Domain=npmjs.org; Expires=Sat, 03 Oct 2026 22:57:46 GMT
< set-cookie: _cfuvid=.LbiKKc1gyJ71.JFYMpTspeotYA7hTFxPgj1jk1VUm8-1791066466.1307397-1.0.1.1-lqgwHmV6cYrPq6worLEShawNbpOkmHoa1S6G_h7IQrM; HttpOnly; SameSite=None; Secure; Path=/; Domain=npmjs.org
< CF-Ray: a44f60455a1da5b3-TIA
< CF-Cache-Status: HIT
< Access-Control-Allow-Origin: *
< Age: 248
< Cache-Control: public, max-age=300
< ETag: "fb56ab8f4571544f27eae826bc9426ae"
< Last-Modified: Sun, 31 Aug 2025 07:37:06 GMT
< Server: cloudflare

< 304 Not Modified
< Date: Sat, 03 Oct 2026 22:27:46 GMT
< Connection: keep-alive
< set-cookie: __cf_bm=dpm4C_pAJ6ygKfsS.IbnwvcCgV3GE_FNcSqhws8nB4Q-1791066465.9501266-1.0.1.1-W0dU.ozqcP1ZfnUKK6M4RNlCecZyiEmJudtOdE.C7dMQaaHninZmdVciTdqX4ARVsnAVe_N5hkJTjDVbYKDVj1vfbbaHkeBnaz7bWJrNZiC1RmtPiJ.tRYmSLyte2cA2; HttpOnly; SameSite=None; Secure; Path=/; Domain=npmjs.org; Expires=Sat, 03 Oct 2026 22:57:46 GMT
< set-cookie: _cfuvid=6Dv9ZkD3penStLLb_QnusAPILeDo_oUqbcM4GWWMw8c-1791066465.9501266-1.0.1.1-_LD7yeyYmBz_wYoMUjP8tqnj8I2Fti.60A72Ei5twOs; HttpOnly; SameSite=None; Secure; Path=/; Domain=npmjs.org
< CF-Ray: a44f60442c127c08-TIA
< CF-Cache-Status: HIT
< Access-Control-Allow-Origin: *
< Cache-Control: public, max-age=300
< ETag: "c85ef539a3fc9e9f5672bcaa2090a5eb"
< Last-Modified: Tue, 08 Nov 2022 10:38:43 GMT
< Server: cloudflare

< 304 Not Modified
< Date: Sat, 03 Oct 2026 22:27:46 GMT
< Connection: keep-alive
< set-cookie: __cf_bm=ADewWvMJjFfOEVf1239qNCNxJsJjA7JEg3X4YbUgbas-1791066465.950073-1.0.1.1-Zv3y_ONb2QkoCF0V4hvjU5L03zIpqvJ36lwyGA2CYVkUqwOxN8em8BdX2W3BFmyHwuXrqmcZXlKXrl7F8Jv0NADvYtqEkx0Xgk9mh4iehlWWf0yyCw00tLHGUECHgcpI; HttpOnly; SameSite=None; Secure; Path=/; Domain=npmjs.org; Expires=Sat, 03 Oct 2026 22:57:46 GMT
< set-cookie: _cfuvid=dgrfpYYAwK6XIpxtxRNAjMdqWtsdV9l5CRlindPx0Z0-1791066465.950073-1.0.1.1-dGREuFcM81cQ71rN8.9zb3O_hVMTW7Qlg3PVjej5i6M; HttpOnly; SameSite=None; Secure; Path=/; Domain=npmjs.org
< CF-Ray: a44f60442bcd51a4-TIA
< CF-Cache-Status: HIT
< Access-Control-Allow-Origin: *
< Cache-Control: public, max-age=300
< ETag: "1bfda0d44b7e8de1a1e3c78c5a75eb62"
< Last-Modified: Thu, 21 May 2026 12:33:13 GMT
< Server: cloudflare

> HTTP/1.1 GET https://registry.npmjs.org/minipass
> If-None-Match: W/"e0ed3303226ecfa89ce20e3772e19337"
> Accept: application/vnd.npm.install-v1+json; q=1.0, application/json; q=0.8, */*
> Connection: keep-alive
> User-Agent: Bun/1.3.9
> Host: registry.npmjs.org
> Accept-Encoding: gzip, deflate, br, zstd

> HTTP/1.1 GET https://registry.npmjs.org/minizlib
> If-None-Match: W/"93464acd66dc8c67f1fb2645ea191e6e"
> Accept: application/vnd.npm.install-v1+json; q=1.0, application/json; q=0.8, */*
> Connection: keep-alive
> User-Agent: Bun/1.3.9
> Host: registry.npmjs.org
> Accept-Encoding: gzip, deflate, br, zstd

> HTTP/1.1 GET https://registry.npmjs.org/fs-minipass
> If-None-Match: W/"40a22cb940f4b9090e06a43ce4093f03"
> Accept: application/vnd.npm.install-v1+json; q=1.0, application/json; q=0.8, */*
> Connection: keep-alive
> User-Agent: Bun/1.3.9
> Host: registry.npmjs.org
> Accept-Encoding: gzip, deflate, br, zstd

< 304 Not Modified
< Date: Sat, 03 Oct 2026 22:27:46 GMT
< Connection: keep-alive
< set-cookie: __cf_bm=DnB5leoWw38SlpX343h18dMaMhmkaULXRqS0LLlvQ8o-1791066465.9500806-1.0.1.1-GNIRpgL7Ukm0XE4ZYpbHzIJEc4X994eSk2k3xjNJXPwXG9VDm3hPQlvR3.8UFf_bi.VB6qlZ6Uk3BcKvnDdeYrRq0mzk44qlnNuW79KC_roR.fhCFAPIawmIBNwY4Rcl; HttpOnly; SameSite=None; Secure; Path=/; Domain=npmjs.org; Expires=Sat, 03 Oct 2026 22:57:46 GMT
< set-cookie: _cfuvid=8mWssswr.HWA0FCMiYXNsD5J9PU3D12TlMNfCmNN9Lw-1791066465.9500806-1.0.1.1-30axqm2iEBlNRN4WSQycop2np0PjB2tMkh2TVXMKfAQ; HttpOnly; SameSite=None; Secure; Path=/; Domain=npmjs.org
< CF-Ray: a44f6044286ea5b3-TIA
< CF-Cache-Status: HIT
< Access-Control-Allow-Origin: *
< Cache-Control: public, max-age=300
< ETag: "5e60d1b86fdbafb2201982dd16cf0746"
< Last-Modified: Fri, 02 May 2025 09:04:58 GMT
< Server: cloudflare

< 302 Found
< Date: Sat, 03 Oct 2026 22:27:46 GMT
< Content-Type: text/html;charset=utf-8
< Content-Length: 0
< Cache-Control: public, must-revalidate, max-age=0
< expires: Sat, 03 Oct 2026 22:27:46 GMT
< Location: https://codeload.github.com/tscircuit/winding-breakout-point-solver/legacy.tar.gz/202dbe9eb0088633b6fa094120dba6f2f41f8803
< x-github-api-version-selected: 2022-11-28
< X-RateLimit-Limit: 60
< X-RateLimit-Remaining: 60
< X-RateLimit-Reset: 1791070066
< X-RateLimit-Used: 0
< X-RateLimit-Resource: core
< Access-Control-Expose-Headers: ETag, Link, Location, Retry-After, X-GitHub-OTP, X-RateLimit-Limit, X-RateLimit-Remaining, X-RateLimit-Used, X-RateLimit-Resource, X-RateLimit-Reset, X-OAuth-Scopes, X-Accepted-OAuth-Scopes, X-Poll-Interval, X-GitHub-Media-Type, X-GitHub-SSO, X-GitHub-Request-Id, Deprecation, Sunset, Warning
< Access-Control-Allow-Origin: *
< Strict-Transport-Security: max-age=31536000; includeSubdomains; preload
< X-Frame-Options: deny
< X-Content-Type-Options: nosniff
< X-XSS-Protection: 0
< Referrer-Policy: origin-when-cross-origin, strict-origin-when-cross-origin
< Content-Security-Policy: default-src 'none'
< Vary: Accept-Encoding, Accept, X-Requested-With
< Server: github.com
< X-GitHub-Request-Id: F354:32BCB0:2F4A276:2F142D6:6AC18161
< x-github-edge-region: fra

< 304 Not Modified
< Date: Sat, 03 Oct 2026 22:27:46 GMT
< Connection: keep-alive
< set-cookie: __cf_bm=yGViQePyBJItwTNPlNCbK8yG.juowz0lavDhTjUA1w8-1791066465.9500642-1.0.1.1-KSAkcZOa0A_nkQs6OoeYQwXoypQyURfzgVK7admxCsCIhsrpmVxzo6hhu5KSck6hrO2.A8R_rg6tES4OMYo1tDvd8sGu_SyOVq_QiTl2uQ15php0atLuEFv1Lfn90xba; HttpOnly; SameSite=None; Secure; Path=/; Domain=npmjs.org; Expires=Sat, 03 Oct 2026 22:57:46 GMT
< set-cookie: _cfuvid=DMnSOsMhOMQXsP3Hq4XtT7PRbsQhuVaWqk6Drbjitc8-1791066465.9500642-1.0.1.1-1Cxvn1sqRgAy3GV_5bd2Kie7KSRyEDUWivNhCLOMqWg; HttpOnly; SameSite=None; Secure; Path=/; Domain=npmjs.org
< CF-Ray: a44f60442bca51a4-TIA
< CF-Cache-Status: HIT
< Access-Control-Allow-Origin: *
< Cache-Control: public, max-age=300
< ETag: "da70cb2cd9c485674c6eb3a96727bf1c"
< Last-Modified: Fri, 13 Dec 2024 19:06:25 GMT
< Server: cloudflare

> HTTP/1.1 GET https://registry.npmjs.org/follow-redirects
> If-None-Match: W/"ccac589ba8a9ac9c52d1fbbf97cf8e16"
> Accept: application/vnd.npm.install-v1+json; q=1.0, application/json; q=0.8, */*
> Connection: keep-alive
> User-Agent: Bun/1.3.9
> Host: registry.npmjs.org
> Accept-Encoding: gzip, deflate, br, zstd

> HTTP/1.1 GET https://registry.npmjs.org/find-up
> If-None-Match: W/"10182700ab09c21dbe2e5d398de3753d"
> Accept: application/vnd.npm.install-v1+json; q=1.0, application/json; q=0.8, */*
> Connection: keep-alive
> User-Agent: Bun/1.3.9
> Host: registry.npmjs.org
> Accept-Encoding: gzip, deflate, br, zstd

   - "load-tsconfig": "^0.2.3" - load-tsconfig@0.2.5
   - "@biomejs/cli-linux-x64": "1.9.4" - @biomejs/cli-linux-x64@1.9.4
   - "@biomejs/cli-win32-x64": "1.9.4" - @biomejs/cli-win32-x64@1.9.4
   - "@biomejs/cli-darwin-x64": "1.9.4" - @biomejs/cli-darwin-x64@1.9.4
   - "@biomejs/cli-linux-arm64": "1.9.4" - @biomejs/cli-linux-arm64@1.9.4
   - "@biomejs/cli-win32-arm64": "1.9.4" - @biomejs/cli-win32-arm64@1.9.4
   - "@biomejs/cli-darwin-arm64": "1.9.4" - @biomejs/cli-darwin-arm64@1.9.4
   - "@biomejs/cli-linux-x64-musl": "1.9.4" - @biomejs/cli-linux-x64-musl@1.9.4
   - "@biomejs/cli-linux-arm64-musl": "1.9.4" - @biomejs/cli-linux-arm64-musl@1.9.4
[PackageManager] waiting for 105 tasks
    [20.47ms]
Downloaded accepts versions
   - "accepts": "~1.3.8" - accepts@1.3.8
    [20.51ms]
Downloaded websocket-driver versions
   - "websocket-driver": ">=0.5.1" - websocket-driver@0.7.5
    [20.61ms]
Downloaded is-fullwidth-code-point versions
   - "is-fullwidth-code-point": "^3.0.0" - is-fullwidth-code-point@3.0.0
   - "is-fullwidth-code-point": "^2.0.0" - is-fullwidth-code-point@2.0.0
    [201.56ms]
Downloaded duplexer versions
   - "duplexer": "~0.1.1" - duplexer@0.1.2
    [201.98ms]
Downloaded chokidar versions
   - "chokidar": "^2.0.4" - chokidar@2.1.8
   - "chokidar": "^4.0.3" - chokidar@4.0.3
   - "chokidar": "^3.5.2" - chokidar@3.6.0
    [201.90ms]
Downloaded http-auth versions
   - "http-auth": "3.1.x" - http-auth@3.1.3
    [201.64ms]
Downloaded through versions
< 304 Not Modified
< Date: Sat, 03 Oct 2026 22:27:46 GMT
< Connection: keep-alive
< set-cookie: __cf_bm=6kweOXaDRDUlAqqsPsgS9pPmN6IqIsuIAT9nSIPIICk-1791066465.7617455-1.0.1.1-23vQPCu2LCsma01_ZFgPUFWj5.hnXd6UHAeOpPUx9KE0neU4XPNsV4NZgbi3rkW9.0hWBU4WViteiKb7RVHVQqO7tOfVvFZUAue8V2YlO.jYdlUhZquS6DO5yHZL9JWK; HttpOnly; SameSite=None; Secure; Path=/; Domain=npmjs.org; Expires=Sat, 03 Oct 2026 22:57:46 GMT
< set-cookie: _cfuvid=RQb2Q71ksporsD4BZ.yA1bmgYoBgOBIZp3y0US5TaTo-1791066465.7617455-1.0.1.1-BLh1FQi1SgDmGR0aTPmiVyENe_cpsrXJiD4vo_h91AU; HttpOnly; SameSite=None; Secure; Path=/; Domain=npmjs.org
< CF-Ray: a44f60430b1a5f50-TIA
< CF-Cache-Status: HIT
< Access-Control-Allow-Origin: *
< Cache-Control: public, max-age=300
< ETag: "71063cb9b1acb29c45f6e64aa00fe238"
< Last-Modified: Thu, 01 Oct 2026 22:39:38 GMT
< Server: cloudflare

< 304 Not Modified
< Date: Sat, 03 Oct 2026 22:27:46 GMT
< Connection: keep-alive
< set-cookie: __cf_bm=5FwsMsvDPbRBbxuMjrpzUkH8irkPXVRww7fqUoODy9k-1791066465.9501965-1.0.1.1-Yw1tYqWGlGnNmVtQKkCM_AKVzVlyaWz6HC0t98Jr9_Dl7TUSfGcyMcjk7x3b6xN2Sc9Dnw.cAq6bU.ORxNqSNBUOy33S9b1ObVqpWJWqkjarbcMgoc9NaN_w6F8wu.6L; HttpOnly; SameSite=None; Secure; Path=/; Domain=npmjs.org; Expires=Sat, 03 Oct 2026 22:57:46 GMT
< set-cookie: _cfuvid=7nubM3K0YT7NHaAG.LMwVuEeISgd.4kPKgjdQH5P0u4-1791066465.9501965-1.0.1.1-xzQZQm9EUYylAmxnT0DBGcMAw4fAzgv518znH4zVdy4; HttpOnly; SameSite=None; Secure; Path=/; Domain=npmjs.org
< CF-Ray: a44f60442bcc51a4-TIA
< CF-Cache-Status: HIT
< Access-Control-Allow-Origin: *
< Cache-Control: public, max-age=300
< ETag: "d276cb34a4d08a6feba846a5622eba35"
< Last-Modified: Sun, 16 Feb 2025 08:13:35 GMT
< Server: cloudflare

< 304 Not Modified
< Date: Sat, 03 Oct 2026 22:27:46 GMT
< Connection: keep-alive
< set-cookie: __cf_bm=ycq2GdcugVNRfGzrYKkOJxXYvKv_PmgTw_OqJxMMzt4-1791066465.7146204-1.0.1.1-LdkhJ6kNQOgEsgqG4Q.n3oBT3ltu75mN06gxxdsWf7cRXmgHRnS0VY9GVyAeAM44UIvzRn..hp4CWsFCiocG5Y.L_N19yd5gGxKSSkVjkSVXSviZt.hjXrxkkIMSQcm9; HttpOnly; SameSite=None; Secure; Path=/; Domain=npmjs.org; Expires=Sat, 03 Oct 2026 22:57:46 GMT
< set-cookie: _cfuvid=4ZeZYG_FMFqGl0ozK_8vl0R38gAy3e7CzDpcTy8vvq8-1791066465.7146204-1.0.1.1-A7JtHhoDpTP2peumzEfp0_CraSecPXkriqp.ZSvuN7I; HttpOnly; SameSite=None; Secure; Path=/; Domain=npmjs.org
< CF-Ray: a44f6042bd4d9b00-TIA
< CF-Cache-Status: HIT
< Access-Control-Allow-Origin: *
< Cache-Control: public, max-age=300
< ETag: "9ed7a4bbde3e62346570eec2c74e00aa"
< Last-Modified: Wed, 28 Jan 2026 07:06:52 GMT
< Server: cloudflare

> HTTP/1.1 GET https://registry.npmjs.org/set-blocking
> If-None-Match: W/"1001a445e931cc3ffb97a63acd619217"
> Accept: application/vnd.npm.install-v1+json; q=1.0, application/json; q=0.8, */*
> Connection: keep-alive
> User-Agent: Bun/1.3.9
> Host: registry.npmjs.org
> Accept-Encoding: gzip, deflate, br, zstd

> HTTP/1.1 GET https://registry.npmjs.org/which-module
> If-None-Match: W/"ebea285f9da99352330b2a5e02113d2c"
> Accept: application/vnd.npm.install-v1+json; q=1.0, application/json; q=0.8, */*
> Connection: keep-alive
> User-Agent: Bun/1.3.9
> Host: registry.npmjs.org
> Accept-Encoding: gzip, deflate, br, zstd

> HTTP/1.1 GET https://registry.npmjs.org/require-main-filename
> If-None-Match: W/"b0e998d9810f1965ed0600c439e1d3e7"
> Accept: application/vnd.npm.install-v1+json; q=1.0, application/json; q=0.8, */*
> Connection: keep-alive
> User-Agent: Bun/1.3.9
> Host: registry.npmjs.org
> Accept-Encoding: gzip, deflate, br, zstd

< 304 Not Modified
< Date: Sat, 03 Oct 2026 22:27:46 GMT
< Connection: keep-alive
< set-cookie: __cf_bm=TldHQIMjnGG4p8WVrRVOGD7D3ekIca4rETDO9ItU4FM-1791066465.955485-1.0.1.1-vydO5dXVCHoY4EgOwXyLffgv6JfEziv6PGfHyjdDa_cADP1WIcabwt3eUuJG7LurkH4T7Fm6bv7r7Yk_n9.KW0JV0bizvuIq_14M9nKGF4vn5vW2VKbYHutcL8AoogXZ; HttpOnly; SameSite=None; Secure; Path=/; Domain=npmjs.org; Expires=Sat, 03 Oct 2026 22:57:46 GMT
< set-cookie: _cfuvid=nONtv0BwuC2wP0rBU6.C1NtWA1BoOEEADDIqMJ17nlA-1791066465.955485-1.0.1.1-p7kpf6DT5LBXSzmUIJ3R1kS_imA_vXvST1Zb8nQewOg; HttpOnly; SameSite=None; Secure; Path=/; Domain=npmjs.org
< CF-Ray: a44f60443c147c08-TIA
< CF-Cache-Status: HIT
< Access-Control-Allow-Origin: *
< Cache-Control: public, max-age=300
< ETag: "cd836032241e9e6798c3652464f375c2"
< Last-Modified: Sat, 18 Jun 2022 03:43:07 GMT
< Server: cloudflare

> HTTP/1.1 GET https://registry.npmjs.org/camelcase
> If-None-Match: W/"7f00de51c45584d16fa8a6e852b3c49c"
> Accept: application/vnd.npm.install-v1+json; q=1.0, application/json; q=0.8, */*
> Connection: keep-alive
> User-Agent: Bun/1.3.9
> Host: registry.npmjs.org
> Accept-Encoding: gzip, deflate, br, zstd

< 304 Not Modified
< Date: Sat, 03 Oct 2026 22:27:46 GMT
< Connection: keep-alive
< set-cookie: __cf_bm=2f3W5NkPmk2BfJDG9OVGukmqkFFfie9zRehmHQ2mIgI-1791066466.1366575-1.0.1.1-U9KEYFTdfaa5IHlljrcse81Uf4uCJs2Y6gYcF6zM1wvxaQ1xD4CeKY2MfBd0ILkay8J9gttOV6uoCZzcawCfUOTcFqJF02Wxdj3RHpK8gJwtOs5nESG_X8Iw2HaccNzv; HttpOnly; SameSite=None; Secure; Path=/; Domain=npmjs.org; Expires=Sat, 03 Oct 2026 22:57:46 GMT
< set-cookie: _cfuvid=cXkOWoWyG7zXbhYSRFIV3Ee1EFFGZcqGAaO2uMbby1o-1791066466.1366575-1.0.1.1-zuKh1E5drm5ILDcwwjwGy53C.Wrynph8oh46kCvdqyM; HttpOnly; SameSite=None; Secure; Path=/; Domain=npmjs.org
< CF-Ray: a44f60455c9b51a4-TIA
< CF-Cache-Status: HIT
< Access-Control-Allow-Origin: *
< Age: 289
< Cache-Control: public, max-age=300
< ETag: "9c155545e96e1b5e44baf26d129ba963"
< Last-Modified: Thu, 19 Mar 2026 23:39:51 GMT
< Server: cloudflare

< 302 Found
< Date: Sat, 03 Oct 2026 22:27:46 GMT
< Content-Type: text/html;charset=utf-8
< Content-Length: 0
< Cache-Control: public, must-revalidate, max-age=0
< expires: Sat, 03 Oct 2026 22:27:46 GMT
< Location: https://codeload.github.com/tscircuit/implicit-copper-pour-solver/legacy.tar.gz/a5cbbda0cd65fd4707c5c1af25779837c25aba92
< x-github-api-version-selected: 2022-11-28
< X-RateLimit-Limit: 60
< X-RateLimit-Remaining: 60
< X-RateLimit-Reset: 1791070066
< X-RateLimit-Used: 0
< X-RateLimit-Resource: core
< Access-Control-Expose-Headers: ETag, Link, Location, Retry-After, X-GitHub-OTP, X-RateLimit-Limit, X-RateLimit-Remaining, X-RateLimit-Used, X-RateLimit-Resource, X-RateLimit-Reset, X-OAuth-Scopes, X-Accepted-OAuth-Scopes, X-Poll-Interval, X-GitHub-Media-Type, X-GitHub-SSO, X-GitHub-Request-Id, Deprecation, Sunset, Warning
< Access-Control-Allow-Origin: *
< Strict-Transport-Security: max-age=31536000; includeSubdomains; preload
< X-Frame-Options: deny
< X-Content-Type-Options: nosniff
< X-XSS-Protection: 0
< Referrer-Policy: origin-when-cross-origin, strict-origin-when-cross-origin
< Content-Security-Policy: default-src 'none'
< Vary: Accept-Encoding, Accept, X-Requested-With
< Server: github.com
< X-GitHub-Request-Id: EF59:12C544:2DBFD33:2D876C1:6AC18161
< x-github-edge-region: fra

> HTTP/1.1 GET https://registry.npmjs.org/decamelize
> If-None-Match: W/"9872ba46ee749db3afa9a1c78b67509a"
> Accept: application/vnd.npm.install-v1+json; q=1.0, application/json; q=0.8, */*
> Connection: keep-alive
> User-Agent: Bun/1.3.9
> Host: registry.npmjs.org
> Accept-Encoding: gzip, deflate, br, zstd

   - "through": "~2.3.1" - through@2.3.8
   - "negotiator": "0.6.3" - negotiator@0.6.3
Enqueue package manifest for download: http-parser-js
Enqueue package manifest for download: websocket-extensions
Enqueue package manifest for download: upath
Enqueue package manifest for download: braces
Enqueue package manifest for download: is-glob
Enqueue package manifest for download: anymatch
Enqueue package manifest for download: inherits
Enqueue package manifest for download: readdirp
Enqueue package manifest for download: async-each
Enqueue package manifest for download: glob-parent
Enqueue package manifest for download: is-binary-path
Enqueue package manifest for download: normalize-path
Enqueue package manifest for download: path-is-absolute
Enqueue package manifest for download: uuid
Enqueue package manifest for download: bcryptjs
Enqueue package manifest for download: apache-md5
Enqueue package manifest for download: apache-crypt
[PackageManager] waiting for 115 tasks
    [391.25ms]
Downloaded @types/node versions
   - "@types/node": "^22.5.5" - @types/node@22.20.5
    [204.46ms]
Downloaded object-assign versions
   - "object-assign": "latest" - object-assign@4.1.1
    [585.69ms]
Downloaded @resvg/resvg-js versions
   - "@resvg/resvg-js": "^2.6.2" - @resvg/resvg-js@2.6.2
    [199.59ms]
Downloaded from versions
   - "from": "~0" - from@0.1.7
    [15.09ms]
Downloaded mlly versions
< 304 Not Modified
< Date: Sat, 03 Oct 2026 22:27:46 GMT
< Connection: keep-alive
< set-cookie: __cf_bm=d9p7VVwrck3x.4oA8hvq2RAuc6MIHg60Kkig0CCWS4Q-1791066465.9608188-1.0.1.1-weXQ9uGIi80PPczh6CpqNia_U5Y4e.aXWihkCDGOZpb0EBLiC2XUHzOTDcEK5pBWnWSwrb2F2Ft3CylOaTBR1pxMUXBKmYbzmXa3UqTOJjlmL1wjk.iWXmCfP4OVWrDt; HttpOnly; SameSite=None; Secure; Path=/; Domain=npmjs.org; Expires=Sat, 03 Oct 2026 22:57:46 GMT
< set-cookie: _cfuvid=DfiW8GUL5F9gbvupic7elC5QfhiqxAjg6nnRDyEkI1w-1791066465.9608188-1.0.1.1-5O44qiDsUFeK6ff4tO7So3Sipq9hUOE.9aXsLWrw420; HttpOnly; SameSite=None; Secure; Path=/; Domain=npmjs.org
< CF-Ray: a44f60444c66f474-TIA
< CF-Cache-Status: HIT
< Access-Control-Allow-Origin: *
< Cache-Control: public, max-age=300
< ETag: "253ad4dc89b2c0c5f0360c5dc090309e"
< Last-Modified: Tue, 08 Nov 2022 10:38:52 GMT
< Server: cloudflare

> HTTP/1.1 GET https://registry.npmjs.org/event-target-shim
> If-None-Match: W/"b66490ed1fb29045fa23eb789db93011"
> Accept: application/vnd.npm.install-v1+json; q=1.0, application/json; q=0.8, */*
> Connection: keep-alive
> User-Agent: Bun/1.3.9
> Host: registry.npmjs.org
> Accept-Encoding: gzip, deflate, br, zstd

< 304 Not Modified
< Date: Sat, 03 Oct 2026 22:27:46 GMT
< Connection: keep-alive
< set-cookie: __cf_bm=5EG91FbUFQV7ZitydNDjyHiPrn8NsgYtMJgW56i91jw-1791066465.9607892-1.0.1.1-p94MTxxIor44eblU4XzKPfcHDmFtUFA1wjdjjeoIn6igg6RP90H2U7vkPHwErvPv_sVYbDhUoV8mUBVV.60Qr.F1F_JJqxU.08vOIm1pco5RBPVhwFNA5P5WRwVVF.m7; HttpOnly; SameSite=None; Secure; Path=/; Domain=npmjs.org; Expires=Sat, 03 Oct 2026 22:57:46 GMT
< set-cookie: _cfuvid=GQxdRzRzpEqh6okZjL0jM9fbJ0KvXnRd4MSuZcHZfdM-1791066465.9607892-1.0.1.1-Q6zcKEFHSIylL4XjAKPpbCbrevGLXruHe6nTf9pgRSY; HttpOnly; SameSite=None; Secure; Path=/; Domain=npmjs.org
< CF-Ray: a44f60444fbb9b00-TIA
< CF-Cache-Status: HIT
< Access-Control-Allow-Origin: *
< Cache-Control: public, max-age=300
< ETag: "4dc952dd3d16913e1a4be174b1545438"
< Last-Modified: Mon, 07 Sep 2026 20:44:13 GMT
< Server: cloudflare

> HTTP/1.1 GET https://registry.npmjs.org/jsonfile
> If-None-Match: W/"1ee1f940c1b406b9051f2faf51544bf0"
> Accept: application/vnd.npm.install-v1+json; q=1.0, application/json; q=0.8, */*
> Connection: keep-alive
> User-Agent: Bun/1.3.9
> Host: registry.npmjs.org
> Accept-Encoding: gzip, deflate, br, zstd

   - "mlly": "^1.7.4" - mlly@1.8.2
Enqueue package manifest for download: undici-types
   - "@resvg/resvg-js-darwin-x64": "2.6.2" - @resvg/resvg-js-darwin-x64@2.6.2
   - "@resvg/resvg-js-darwin-arm64": "2.6.2" - @resvg/resvg-js-darwin-arm64@2.6.2
   - "@resvg/resvg-js-android-arm64": "2.6.2" - @resvg/resvg-js-android-arm64@2.6.2
   - "@resvg/resvg-js-linux-x64-gnu": "2.6.2" - @resvg/resvg-js-linux-x64-gnu@2.6.2
   - "@resvg/resvg-js-linux-x64-musl": "2.6.2" - @resvg/resvg-js-linux-x64-musl@2.6.2
   - "@resvg/resvg-js-win32-x64-msvc": "2.6.2" - @resvg/resvg-js-win32-x64-msvc@2.6.2
   - "@resvg/resvg-js-linux-arm64-gnu": "2.6.2" - @resvg/resvg-js-linux-arm64-gnu@2.6.2
   - "@resvg/resvg-js-win32-ia32-msvc": "2.6.2" - @resvg/resvg-js-win32-ia32-msvc@2.6.2
   - "@resvg/resvg-js-android-arm-eabi": "2.6.2" - @resvg/resvg-js-android-arm-eabi@2.6.2
   - "@resvg/resvg-js-linux-arm64-musl": "2.6.2" - @resvg/resvg-js-linux-arm64-musl@2.6.2
   - "@resvg/resvg-js-win32-arm64-msvc": "2.6.2" - @resvg/resvg-js-win32-arm64-msvc@2.6.2
   - "@resvg/resvg-js-linux-arm-gnueabihf": "2.6.2" - @resvg/resvg-js-linux-arm-gnueabihf@2.6.2
Enqueue package manifest for download: acorn
Enqueue package manifest for download: ufo
[PackageManager] waiting for 113 tasks
    [200.66ms]
Downloaded stream-combiner versions
   - "stream-combiner": "~0.0.4" - stream-combiner@0.0.4
    [200.75ms]
Downloaded split versions
   - "split": "0.3" - split@0.3.3
< 302 Found
< Date: Sat, 03 Oct 2026 22:27:46 GMT
< Content-Type: text/html;charset=utf-8
< Content-Length: 0
< Cache-Control: public, must-revalidate, max-age=0
< expires: Sat, 03 Oct 2026 22:27:46 GMT
< Location: https://codeload.github.com/tscircuit/jlcpcb-manufacturing-specs/legacy.tar.gz/23260504fceffff2d64bf11720f74e974d1d9321
< x-github-api-version-selected: 2022-11-28
< X-RateLimit-Limit: 60
< X-RateLimit-Remaining: 60
< X-RateLimit-Reset: 1791070066
< X-RateLimit-Used: 0
< X-RateLimit-Resource: core
< Access-Control-Expose-Headers: ETag, Link, Location, Retry-After, X-GitHub-OTP, X-RateLimit-Limit, X-RateLimit-Remaining, X-RateLimit-Used, X-RateLimit-Resource, X-RateLimit-Reset, X-OAuth-Scopes, X-Accepted-OAuth-Scopes, X-Poll-Interval, X-GitHub-Media-Type, X-GitHub-SSO, X-GitHub-Request-Id, Deprecation, Sunset, Warning
< Access-Control-Allow-Origin: *
< Strict-Transport-Security: max-age=31536000; includeSubdomains; preload
< X-Frame-Options: deny
< X-Content-Type-Options: nosniff
< X-XSS-Protection: 0
< Referrer-Policy: origin-when-cross-origin, strict-origin-when-cross-origin
< Content-Security-Policy: default-src 'none'
< Vary: Accept-Encoding, Accept, X-Requested-With
< Server: github.com
< X-GitHub-Request-Id: EEC0:2B757:2D1500F:2CDD316:6AC18161
< x-github-edge-region: fra

< 304 Not Modified
< Date: Sat, 03 Oct 2026 22:27:46 GMT
< Connection: keep-alive
< set-cookie: __cf_bm=ncNWGLe8P9d0uuhuQCiWX94rZGimXOvdT9e.oi5mBEc-1791066466.1472812-1.0.1.1-WH9EC5uhDrDxbhG05BkaxnZoBruHIaLbOo1FLd3Zpo7mffZGiJ3Y_lPuWCAbj54OQ9l2dzcP_F_V9U2rJDaFxK7bG6z5qOUEQ17k1E4Lc0Zvhg779sGbRR4aw5Z00gT.; HttpOnly; SameSite=None; Secure; Path=/; Domain=npmjs.org; Expires=Sat, 03 Oct 2026 22:57:46 GMT
< set-cookie: _cfuvid=Lb4npV8W0zP.NLYO95aPEPkmtE9to3EJVfCz5XTxpec-1791066466.1472812-1.0.1.1-IJinBv_209yz1blOG1Ij04l.nNwG.40P84XKklDAJuE; HttpOnly; SameSite=None; Secure; Path=/; Domain=npmjs.org
< CF-Ray: a44f60456ca751a4-TIA
< CF-Cache-Status: HIT
< Access-Control-Allow-Origin: *
< Age: 249
< Cache-Control: public, max-age=300
< ETag: "e3e82aa8744f4f34eaca3b3c2b427a1c"
< Last-Modified: Fri, 17 Jul 2026 17:10:14 GMT
< Server: cloudflare

[PackageManager] waiting for 111 tasks
    [18.40ms]
Downloaded mkdirp versions
> HTTP/1.1 GET https://registry.npmjs.org/graceful-fs
> If-None-Match: W/"e745672f2d9d552a9954ef0ec8963235"
> Accept: application/vnd.npm.install-v1+json; q=1.0, application/json; q=0.8, */*
> Connection: keep-alive
> User-Agent: Bun/1.3.9
> Host: registry.npmjs.org
> Accept-Encoding: gzip, deflate, br, zstd

< 304 Not Modified
< Date: Sat, 03 Oct 2026 22:27:46 GMT
< Connection: keep-alive
< set-cookie: __cf_bm=hb_wGKeEjtYZZ17UpFR.pMMzLm0CBpjnWoGtoLuT_o0-1791066465.9661386-1.0.1.1-pFQW5Hww8W3h5zq7QY_WbsjIadIpeOrrB4eUhFTkknQeR8uKw.walDKXkxDzAr9q7rjfeN5NYmc13dihpXjLJt1pys8CdK1S3vjjTE4KrzCuauHeqm3qwBAc9xIEdyM7; HttpOnly; SameSite=None; Secure; Path=/; Domain=npmjs.org; Expires=Sat, 03 Oct 2026 22:57:46 GMT
< set-cookie: _cfuvid=mXN5RKcxOOqkNUKE.IL2qoOkLu3RynguTlt.95bFiUY-1791066465.9661386-1.0.1.1-U7fzuDT0P4q.3WhhLrXuStCeRcqjxujJ082mklSbkLk; HttpOnly; SameSite=None; Secure; Path=/; Domain=npmjs.org
< CF-Ray: a44f60444be051a4-TIA
< CF-Cache-Status: HIT
< Access-Control-Allow-Origin: *
< Cache-Control: public, max-age=300
< ETag: "68fea8055d55efb8257a12f2dcecfc79"
< Last-Modified: Sun, 23 Jul 2023 04:49:39 GMT
< Server: cloudflare

   - "mkdirp": "^1.0.3" - mkdirp@1.0.4
< 304 Not Modified
< Date: Sat, 03 Oct 2026 22:27:46 GMT
< Connection: keep-alive
< set-cookie: __cf_bm=sHLRPdaxkFQN70o0sjQbPTyx96ydk5Hz1sjN9X0W6EQ-1791066466.147412-1.0.1.1-x9rROxNuwK2q9kYnquDHK.glpqDCvtJ8xHrYTWtDHWHPmNWbf0tMhAhVJTKhGHv7fWk1yrpbem8gES5EnWDGFv7bUsWavW2Yj2eMjOxHrQBzDhUre37ua33Lb40YoLVO; HttpOnly; SameSite=None; Secure; Path=/; Domain=npmjs.org; Expires=Sat, 03 Oct 2026 22:57:46 GMT
< set-cookie: _cfuvid=FBUyF4MPQiip2NR6w79pprJkkNjGJ8K3kiCylH15IA4-1791066466.147412-1.0.1.1-fhwAY6FoY_SxBhwNj7AtzpovBhKg5aCecxlUdtAwUsQ; HttpOnly; SameSite=None; Secure; Path=/; Domain=npmjs.org
< CF-Ray: a44f60456d305f50-TIA
< CF-Cache-Status: HIT
< Access-Control-Allow-Origin: *
< Age: 232
< Cache-Control: public, max-age=300
< ETag: "7d0a79613897550679f280946c3a63d7"
< Last-Modified: Thu, 14 Aug 2025 16:56:05 GMT
< Server: cloudflare

[PackageManager] waiting for 110 tasks
< 304 Not Modified
< Date: Sat, 03 Oct 2026 22:27:46 GMT
< Connection: keep-alive
< set-cookie: __cf_bm=Mh5ogxqWb5ISTS954Y88X6IUZUoMuye6EjlJt0tGC9I-1791066466.1522427-1.0.1.1-EHbodL7sttqsE_wXfVoUhfIG_f_qkzIuay9zcsfmS.6Myk7PK4bamsrvHIdXHle6FeUrBFzksyPkl_2ijQnWzYNp3QzFnbG0Ede0NrZ_x9mjEQ2rz.x0dUp73VFMJCL0; HttpOnly; SameSite=None; Secure; Path=/; Domain=npmjs.org; Expires=Sat, 03 Oct 2026 22:57:46 GMT
< set-cookie: _cfuvid=JbhELfn3DED4Lc4T7XYDuHWsv.LxEuDXcfPZVIaNTO8-1791066466.1522427-1.0.1.1-V5UywsQcwY5pfJQaiAPAQi7R6svnT6.AIOMIHsw_Tzk; HttpOnly; SameSite=None; Secure; Path=/; Domain=npmjs.org
< CF-Ray: a44f60457cae51a4-TIA
< CF-Cache-Status: HIT
< Access-Control-Allow-Origin: *
< Age: 216
< Cache-Control: public, max-age=300
< ETag: "9872ba46ee749db3afa9a1c78b67509a"
< Last-Modified: Tue, 19 Aug 2025 14:50:36 GMT
< Server: cloudflare

    [202.41ms]
Downloaded loose-envify versions
> HTTP/1.1 GET https://registry.npmjs.org/universalify
> If-None-Match: W/"01af85a8cf276970a6551fd597228d8e"
> Accept: application/vnd.npm.install-v1+json; q=1.0, application/json; q=0.8, */*
> Connection: keep-alive
> User-Agent: Bun/1.3.9
> Host: registry.npmjs.org
> Accept-Encoding: gzip, deflate, br, zstd

   - "loose-envify": "^1.1.0" - loose-envify@1.4.0
    [22.03ms]
Downloaded fdir versions
> HTTP/1.1 GET https://registry.npmjs.org/base64-js
> If-None-Match: W/"6ea379bce1777c593030ca919847c6fe"
> Accept: application/vnd.npm.install-v1+json; q=1.0, application/json; q=0.8, */*
> Connection: keep-alive
> User-Agent: Bun/1.3.9
> Host: registry.npmjs.org
> Accept-Encoding: gzip, deflate, br, zstd

> HTTP/1.1 GET https://registry.npmjs.org/ieee754
> If-None-Match: W/"60ef13e186392866a9e14cf57cd6ab22"
> Accept: application/vnd.npm.install-v1+json; q=1.0, application/json; q=0.8, */*
> Connection: keep-alive
> User-Agent: Bun/1.3.9
> Host: registry.npmjs.org
> Accept-Encoding: gzip, deflate, br, zstd

   - "fdir": "^6.5.0" - fdir@6.5.0
Enqueue package manifest for download: js-tokens
[PackageManager] waiting for 109 tasks
    [14.60ms]
Downloaded decamelize versions
   - "decamelize": "^1.2.0" - decamelize@1.2.0
< 304 Not Modified
< Date: Sat, 03 Oct 2026 22:27:46 GMT
< Connection: keep-alive
< set-cookie: __cf_bm=0yLL8QgYSIEzeJpzpZoDYg8ttc_XuO5XOrf30puK49E-1791066466.1608384-1.0.1.1-67uqDHBIh5I6gTQh8HurrVyg9HZDZZZzxiHvY_33EayWmKqrBWtATovzlF0adgNk.SxPISkiIYUpw6OcOPdNfsJDZlOvJogHm12o0y.t7XWByZBQ1prYb44WEocMtnVe; HttpOnly; SameSite=None; Secure; Path=/; Domain=npmjs.org; Expires=Sat, 03 Oct 2026 22:57:46 GMT
< set-cookie: _cfuvid=1vbLO9cTGGTvHcdcu.8TC3kx758UyibV4efdT2XnIQc-1791066466.1608384-1.0.1.1-KOfuRWMaC8Z7JNTkXQfzT0L3M2d_5enL3tIdw8Ghv1A; HttpOnly; SameSite=None; Secure; Path=/; Domain=npmjs.org
< CF-Ray: a44f60458d6ef474-TIA
< CF-Cache-Status: HIT
< Access-Control-Allow-Origin: *
< Age: 193
< Cache-Control: public, max-age=300
< ETag: "b66490ed1fb29045fa23eb789db93011"
< Last-Modified: Fri, 17 Jun 2022 21:29:42 GMT
< Server: cloudflare

[PackageManager] waiting for 108 tasks
    [18.24ms]
Downloaded event-target-shim versions
> HTTP/1.1 GET https://registry.npmjs.org/decompress-response
> If-None-Match: W/"91f094e16ac98b4812ef61af092c1c16"
> Accept: application/vnd.npm.install-v1+json; q=1.0, application/json; q=0.8, */*
> Connection: keep-alive
> User-Agent: Bun/1.3.9
> Host: registry.npmjs.org
> Accept-Encoding: gzip, deflate, br, zstd

   - "event-target-shim": "^5.0.0" - event-target-shim@5.0.1
< 304 Not Modified
< Date: Sat, 03 Oct 2026 22:27:46 GMT
< Connection: keep-alive
< set-cookie: __cf_bm=cDFVTfB3mDoKAVX0n77sF8LFDllgJN9AySd6enh4qH8-1791066465.987031-1.0.1.1-Ll728OjE6Z8BuraN6GTPUFvayo1zTk8fuN7KB7Qjat3nXeazpZHKrgGLeDylmge7VKmxtIVgo7sJXHY1OfRMZ8o7oZFSAYiCFscxZurOpmB2ZYfHDSHKcqo7Ia_5FzhB; HttpOnly; SameSite=None; Secure; Path=/; Domain=npmjs.org; Expires=Sat, 03 Oct 2026 22:57:46 GMT
< set-cookie: _cfuvid=mml5MxUUC0bTgacpB8g8FyiAkL7AxUeZOkgKXL2WHz4-1791066465.987031-1.0.1.1-dDnA_8lbHRvtwooXXisQOLppcPF_ZJXEn5j30yi1rQU; HttpOnly; SameSite=None; Secure; Path=/; Domain=npmjs.org
< CF-Ray: a44f60446b0f793f-TIA
< CF-Cache-Status: HIT
< Access-Control-Allow-Origin: *
< Cache-Control: public, max-age=300
< ETag: "c2bc8ab205e703ee00434431c5ade60d"
< Last-Modified: Thu, 22 Jun 2023 16:33:47 GMT
< Server: cloudflare

[PackageManager] waiting for 107 tasks
    [204.40ms]
Downloaded resolve-from versions
> HTTP/1.1 GET https://registry.npmjs.org/once
> If-None-Match: W/"d6c9cb1d170b021edf50c8d4484684a1"
> Accept: application/vnd.npm.install-v1+json; q=1.0, application/json; q=0.8, */*
> Connection: keep-alive
> User-Agent: Bun/1.3.9
> Host: registry.npmjs.org
> Accept-Encoding: gzip, deflate, br, zstd

< 304 Not Modified
< Date: Sat, 03 Oct 2026 22:27:46 GMT
< Connection: keep-alive
< set-cookie: __cf_bm=RPc0quAdce_p.24uP8bY5dqhXNmsB5_igIi3AYulFE4-1791066466.1702204-1.0.1.1-SmUKx4u6t1iZUD6xTos1C957DLMb8DjOQNAHeI7P3TvqVIeCyG3GkrG338zrfUnJ7CR0tKd0C9oTeHIsEaYSLMt9sBSEy.UcuoCtk8HA7t_mLCmIc8OfOzFauJErx2Ho; HttpOnly; SameSite=None; Secure; Path=/; Domain=npmjs.org; Expires=Sat, 03 Oct 2026 22:57:46 GMT
< set-cookie: _cfuvid=vKRm2F.f7bDu4iR1r6UyWKGtwScsXb9qKPPIQEpyxb0-1791066466.1702204-1.0.1.1-8JkcdzspeGrMyT4CMmeHWQ3z6kAqe3N6Srl2nnCjKVI; HttpOnly; SameSite=None; Secure; Path=/; Domain=npmjs.org
< CF-Ray: a44f60458cc551a4-TIA
< CF-Cache-Status: HIT
< Access-Control-Allow-Origin: *
< Age: 228
< Cache-Control: public, max-age=300
< ETag: "e745672f2d9d552a9954ef0ec8963235"
< Last-Modified: Fri, 09 Jun 2023 21:32:48 GMT
< Server: cloudflare

   - "resolve-from": "^5.0.0" - resolve-from@5.0.0
< 304 Not Modified
< Date: Sat, 03 Oct 2026 22:27:46 GMT
< Connection: keep-alive
< set-cookie: __cf_bm=ql9IBCV8NvgwBpGxdO6pES7xdp6md3McMKNE2xidLEs-1791066465.992062-1.0.1.1-idmdiKAvhvBSWfJ3DCeJTnyamENViTUTtDZTgbnS1ICn9t.kTwK77WUVhIcPQipdqzJ5k2efmioMWHXmOLU0GDO3RqrI_Np5cocSeRvXti966SDleVnALqimnf3djz6Z; HttpOnly; SameSite=None; Secure; Path=/; Domain=npmjs.org; Expires=Sat, 03 Oct 2026 22:57:46 GMT
< set-cookie: _cfuvid=gDJJLfAJ8rbdeBrY5mbY6qUMgHMYavTDUpCKJWma1Tc-1791066465.992062-1.0.1.1-JLhWl6Q1Mfva_OdZrnjO9M5AMx0NMKBZ8BlEUgSPPgE; HttpOnly; SameSite=None; Secure; Path=/; Domain=npmjs.org
< CF-Ray: a44f60447c4c7c08-TIA
< CF-Cache-Status: HIT
< Access-Control-Allow-Origin: *
< Cache-Control: public, max-age=300
< ETag: "7b006a1176df715a5b59eedf8f318253"
< Last-Modified: Mon, 20 Jul 2026 05:45:27 GMT
< Server: cloudflare

[PackageManager] waiting for 106 tasks
    [22.12ms]
Downloaded graceful-fs versions
< 304 Not Modified
< Date: Sat, 03 Oct 2026 22:27:46 GMT
< Connection: keep-alive
< set-cookie: __cf_bm=_GaIu_qORD2aowzqkVqbNsVIVKpbom39s7rs55h0osM-1791066465.9817643-1.0.1.1-6KJ.CZht1_vl2AiEmnxrx3d6f.KZ.XB1ADOvqUNgzN8NQy.T141yiTg0aMgZwM1tkO478y9jsOMgfUcDNZyAHXhMCj8_HWCx2hmK7JICZARsSyZBv.q5aaQtc9VRy1vE; HttpOnly; SameSite=None; Secure; Path=/; Domain=npmjs.org; Expires=Sat, 03 Oct 2026 22:57:46 GMT
< set-cookie: _cfuvid=bhyTgmojsNNW3rieax.k_68DArjXN0NJGh26QiKAMAQ-1791066465.9817643-1.0.1.1-5gzkFHGB4WiFZd2MRwEF_mdml.ULf.t0IWw8VxsFVWc; HttpOnly; SameSite=None; Secure; Path=/; Domain=npmjs.org
< CF-Ray: a44f60446b0c793f-TIA
< CF-Cache-Status: HIT
< Access-Control-Allow-Origin: *
< Cache-Control: public, max-age=300
< ETag: "99e1b847a4f63bbfde36a989f4361c51"
< Last-Modified: Wed, 16 Oct 2024 18:20:05 GMT
< Server: cloudflare

< 304 Not Modified
< Date: Sat, 03 Oct 2026 22:27:46 GMT
< Connection: keep-alive
< set-cookie: __cf_bm=KLP2Zvn1fsIlfOkAa6qbpgPS5La4DwfYa9QSbaxHlOc-1791066465.9920764-1.0.1.1-d1pBH8VmtwUSFCgpcjhY_YuIN6foe6rDsd9GJCYlRi9geKU7moJrX.ricbSnUo3rSTb2c85wE6PHNWPj1i40FFUYB2Wv9SLvhGyw.DvDqgnq9NCCYILCkHuFlAUm3zya; HttpOnly; SameSite=None; Secure; Path=/; Domain=npmjs.org; Expires=Sat, 03 Oct 2026 22:57:46 GMT
< set-cookie: _cfuvid=vdK9B8ZLvlWAbPfL.NgTc.CpM29c3aElCbe9L1umJ7g-1791066465.9920764-1.0.1.1-4U8aT1ilZmOnNvxM0p5TONrLgvZXt_qrzJPSPlGV8vA; HttpOnly; SameSite=None; Secure; Path=/; Domain=npmjs.org
< CF-Ray: a44f60447bfe51a4-TIA
< CF-Cache-Status: HIT
< Access-Control-Allow-Origin: *
< Cache-Control: public, max-age=300
< ETag: "ddbd842ecc0608bc0afd108f17499def"
< Last-Modified: Thu, 03 Sep 2026 08:50:08 GMT
< Server: cloudflare

   - "graceful-fs": "^4.2.0" - graceful-fs@4.2.11
    [199.31ms]
Downloaded source-map versions
< 304 Not Modified
< Date: Sat, 03 Oct 2026 22:27:46 GMT
< Connection: keep-alive
< set-cookie: __cf_bm=X8PskPg8I9t_qzfd0Gcae72h.FOFANSk3p277TOgdxE-1791066465.9924629-1.0.1.1-pL.lHMs07jeyq_Fkouzd_uh7F0LS2DtsRhXCFGuZqcaTiArW1tTiFpuP_bcgQR1i9pu0uwTd6xz_PZCDo86Zd6Aq1G9uMQOaUG6LH9MdSEBCvMubWOvb07POghpe_uJi; HttpOnly; SameSite=None; Secure; Path=/; Domain=npmjs.org; Expires=Sat, 03 Oct 2026 22:57:46 GMT
< set-cookie: _cfuvid=39MMylzSM.zhbClBGODrc45TavUO0YL0XLY11p5HD8A-1791066465.9924629-1.0.1.1-AOWXB8KrA97Jl2oAQ_0Omfyey_ffArrUqBvnrW2KIjo; HttpOnly; SameSite=None; Secure; Path=/; Domain=npmjs.org
< CF-Ray: a44f60447c5d5f50-TIA
< CF-Cache-Status: HIT
< Access-Control-Allow-Origin: *
< Cache-Control: public, max-age=300
< ETag: "a0988476cecd1d8b4aef7e9f15452316"
< Last-Modified: Wed, 19 Nov 2025 17:10:53 GMT
< Server: cloudflare

   - "source-map": "^0.7.6" - source-map@0.7.6
> HTTP/1.1 GET https://registry.npmjs.org/simple-concat
> If-None-Match: W/"8edde153bcea69aaec25f148ea82f810"
> Accept: application/vnd.npm.install-v1+json; q=1.0, application/json; q=0.8, */*
> Connection: keep-alive
> User-Agent: Bun/1.3.9
> Host: registry.npmjs.org
> Accept-Encoding: gzip, deflate, br, zstd

[PackageManager] waiting for 104 tasks
    [211.41ms]
Downloaded picocolors versions
   - "picocolors": "^1.1.1" - picocolors@1.1.1
    [199.28ms]
Downloaded tinyexec versions
> HTTP/1.1 GET https://registry.npmjs.org/safe-buffer
> If-None-Match: W/"301a40272c5c24028774529f96cb63f6"
> Accept: application/vnd.npm.install-v1+json; q=1.0, application/json; q=0.8, */*
> Connection: keep-alive
> User-Agent: Bun/1.3.9
> Host: registry.npmjs.org
> Accept-Encoding: gzip, deflate, br, zstd

   - "tinyexec": "^0.3.2" - tinyexec@0.3.2
    [199.31ms]
Downloaded sucrase versions
> HTTP/1.1 GET https://registry.npmjs.org/color-string
> If-None-Match: W/"04329dd576b6763490c7326cf52eb694"
> Accept: application/vnd.npm.install-v1+json; q=1.0, application/json; q=0.8, */*
> Connection: keep-alive
> User-Agent: Bun/1.3.9
> Host: registry.npmjs.org
> Accept-Encoding: gzip, deflate, br, zstd

> HTTP/1.1 GET https://registry.npmjs.org/entities
> If-None-Match: W/"33af69cc559ed0b2379af49c30effb9b"
> Accept: application/vnd.npm.install-v1+json; q=1.0, application/json; q=0.8, */*
> Connection: keep-alive
> User-Agent: Bun/1.3.9
> Host: registry.npmjs.org
> Accept-Encoding: gzip, deflate, br, zstd

> HTTP/1.1 GET https://registry.npmjs.org/url-join
> If-None-Match: W/"9992c0b308e50936072d9f895aa3be41"
> Accept: application/vnd.npm.install-v1+json; q=1.0, application/json; q=0.8, */*
> Connection: keep-alive
> User-Agent: Bun/1.3.9
> Host: registry.npmjs.org
> Accept-Encoding: gzip, deflate, br, zstd

   - "sucrase": "^3.35.0" - sucrase@3.35.1
Enqueue package manifest for download: @jridgewell/gen-mapping
Enqueue package manifest for download: commander
Enqueue package manifest for download: lines-and-columns
Enqueue package manifest for download: mz
Enqueue package manifest for download: pirates
Enqueue package manifest for download: ts-interface-checker
< 304 Not Modified
< Date: Sat, 03 Oct 2026 22:27:46 GMT
< Connection: keep-alive
< set-cookie: __cf_bm=rRZVeeDjZWyEE7xWCZSoAF1HzFJ.b9red6qRi7jjk4w-1791066465.992317-1.0.1.1-YVAMAX3xr.Slo51k5WtjbfhS4zKjHnRILyebt3Ox.yFQ9OGtHylZb0nekGYS09WgWRyAn.fWmohqs54v0srXrLLfd19_uXHb7VblqRTyWxwp1vvKP4D8zDlSas0KRBXM; HttpOnly; SameSite=None; Secure; Path=/; Domain=npmjs.org; Expires=Sat, 03 Oct 2026 22:57:46 GMT
< set-cookie: _cfuvid=2usXEEbk7DfKgoAyVTls46aepW9XVnw_oRhaMrES9TA-1791066465.992317-1.0.1.1-bOLm9px_YNl_ASwm1L0Ypdz0kFRhf_BNxq9yl.OT0Ik; HttpOnly; SameSite=None; Secure; Path=/; Domain=npmjs.org
< CF-Ray: a44f60447bfd51a4-TIA
< CF-Cache-Status: HIT
< Access-Control-Allow-Origin: *
< Cache-Control: public, max-age=300
< ETag: "0a92c5320cfb6b75b6af8436e52ffe56"
< Last-Modified: Mon, 27 Jun 2022 20:50:12 GMT
< Server: cloudflare

[PackageManager] waiting for 107 tasks
    [207.91ms]
Downloaded tree-kill versions
> HTTP/1.1 GET https://registry.npmjs.org/quick-lru
> If-None-Match: W/"2b4c02a39de09c7537038b42c520175b"
> Accept: application/vnd.npm.install-v1+json; q=1.0, application/json; q=0.8, */*
> Connection: keep-alive
> User-Agent: Bun/1.3.9
> Host: registry.npmjs.org
> Accept-Encoding: gzip, deflate, br, zstd

< 304 Not Modified
< Date: Sat, 03 Oct 2026 22:27:46 GMT
< Connection: keep-alive
< set-cookie: __cf_bm=Edlcg2NSK64bJN0zIMo40jXcVDq_lCSoAyu0CD3dDNs-1791066465.9977403-1.0.1.1-qDd6Rok7UAsEeZPCbqLO.aguRIxIp4SZNYBN0hsHgBA.U8lbVtntxsxWc5ibOd_0rTz4hepKvKF0jGRBtJuJClRph86bVr68EnEtxt6.25Kwn7TJAkGKOop4lnDM2772; HttpOnly; SameSite=None; Secure; Path=/; Domain=npmjs.org; Expires=Sat, 03 Oct 2026 22:57:46 GMT
< set-cookie: _cfuvid=VMSF0XzokNRklcu4rVSlxQ7Y.WJOn_0b40DGIYJwAKo-1791066465.9977403-1.0.1.1-miP_jdO1VtEDgpoTEFxOQhnNbpYVZBsfckaY5We67WM; HttpOnly; SameSite=None; Secure; Path=/; Domain=npmjs.org
< CF-Ray: a44f60447c90f474-TIA
< CF-Cache-Status: HIT
< Access-Control-Allow-Origin: *
< Cache-Control: public, max-age=300
< ETag: "59dd7f1cb8f3ea4a91c0011cf97c19bc"
< Last-Modified: Sun, 19 Jun 2022 13:38:26 GMT
< Server: cloudflare

[PackageManager] waiting for 106 tasks
    [200.52ms]
Downloaded lodash.throttle versions
< 304 Not Modified
< Date: Sat, 03 Oct 2026 22:27:46 GMT
< Connection: keep-alive
< set-cookie: __cf_bm=ntH6LdT8RguZH2nKXIpqpx9uZADxoYKpmAb6840_mnA-1791066465.726259-1.0.1.1-lfF8RNA2DmTN1Npvhl9tY14Rc1SMhVwgBOQpFZHbZU9f1zxQ4EknWAcXigiE1llZBmT4GHp0zBYBUji6Zgv1v1jTVsJ_troce3uqD7D.RamViNpzk2oQWDDLrBI7UNBg; HttpOnly; SameSite=None; Secure; Path=/; Domain=npmjs.org; Expires=Sat, 03 Oct 2026 22:57:46 GMT
< set-cookie: _cfuvid=Oyhh8g3G4SfWIQic1xZOCzfhPRGOFbIavwaIMv.lIq0-1791066465.726259-1.0.1.1-XGQkv85bmFt8vO4nb8qeKONmmkibi0skF4SChUbmNQg; HttpOnly; SameSite=None; Secure; Path=/; Domain=npmjs.org
< CF-Ray: a44f6042cae77c08-TIA
< CF-Cache-Status: HIT
< Access-Control-Allow-Origin: *
< Cache-Control: public, max-age=300
< ETag: "89fa4724227b0c0537659633956b900a"
< Last-Modified: Tue, 18 Aug 2026 19:39:24 GMT
< Server: cloudflare

   - "lodash.throttle": "^4.1.1" - lodash.throttle@4.1.1
< 304 Not Modified
< Date: Sat, 03 Oct 2026 22:27:46 GMT
< Connection: keep-alive
< set-cookie: __cf_bm=uX_E0y_kOzy_jtxmINXT1SQTrSR5wrjmUSfN2px4paM-1791066465.9973133-1.0.1.1-JRXLKydMAlXzKu9J9jCEa782Kdz6OgRb_AkgWvGS1G0Oa0MnidjX1N1GTdwqDGejtpN50iS.MrbpL1mdbT9QrRC9tyrQ4nlzpa92_eodGs8Qqwm7DFZzoKB.CCK1VjG5; HttpOnly; SameSite=None; Secure; Path=/; Domain=npmjs.org; Expires=Sat, 03 Oct 2026 22:57:46 GMT
< set-cookie: _cfuvid=mxsdNyMEp2wtaDQspRjJZZ0P9yGBfJdK.QHgUv7h_Uc-1791066465.9973133-1.0.1.1-1Om61bUvAnq3pGlUDPe4.YRj4VbMwxzOH6MBjx8I9ps; HttpOnly; SameSite=None; Secure; Path=/; Domain=npmjs.org
< CF-Ray: a44f60447c557c08-TIA
< CF-Cache-Status: HIT
< Access-Control-Allow-Origin: *
< Cache-Control: public, max-age=300
< ETag: "b4d044fe69d4547a7e4265845bd9656f"
< Last-Modified: Wed, 22 Jul 2026 15:38:36 GMT
< Server: cloudflare

[PackageManager] waiting for 105 tasks
    [632.10ms]
Downloaded @flatten-js/core versions
> HTTP/1.1 GET https://registry.npmjs.org/query-string
> If-None-Match: W/"00f3e55b12deff2743ecdb6f5e016b2e"
> Accept: application/vnd.npm.install-v1+json; q=1.0, application/json; q=0.8, */*
> Connection: keep-alive
> User-Agent: Bun/1.3.9
> Host: registry.npmjs.org
> Accept-Encoding: gzip, deflate, br, zstd

> HTTP/1.1 GET https://registry.npmjs.org/zod-package-json
> If-None-Match: W/"53fbff59031a99a0e2bc74a140adeca6"
> Accept: application/vnd.npm.install-v1+json; q=1.0, application/json; q=0.8, */*
> Connection: keep-alive
> User-Agent: Bun/1.3.9
> Host: registry.npmjs.org
> Accept-Encoding: gzip, deflate, br, zstd

> HTTP/1.1 GET https://registry.npmjs.org/ansi-regex
> If-None-Match: W/"469fad81cdfdaa354065ab95e5cd71ac"
> Accept: application/vnd.npm.install-v1+json; q=1.0, application/json; q=0.8, */*
> Connection: keep-alive
> User-Agent: Bun/1.3.9
> Host: registry.npmjs.org
> Accept-Encoding: gzip, deflate, br, zstd

   - "@flatten-js/core": "^1.6.2" - @flatten-js/core@1.6.14
    [200.51ms]
Downloaded color-name versions
   - "color-name": "~1.1.4" - color-name@1.1.4
   - "color-name": "1.1.3" - color-name@1.1.3
Enqueue package manifest for download: @flatten-js/interval-tree
[PackageManager] waiting for 104 tasks
< 304 Not Modified
< Date: Sat, 03 Oct 2026 22:27:46 GMT
< Connection: keep-alive
< set-cookie: __cf_bm=U7S8UdaI31Ku8.gAUXnRFcXgHW9HWtI3RanBe.uWMr0-1791066466.1254647-1.0.1.1-ZAGP82C1V3ehDDmivaBktqKjncUTyMgzGFbf3I2cxntK6u7GSC.BdEpXBA5jHVCEFVWdybbesWrFERvCIrSrrq2vqsOidmusPB2MR3jSkYnIBBIJLxNLIBt_kJb3_XX5; HttpOnly; SameSite=None; Secure; Path=/; Domain=npmjs.org; Expires=Sat, 03 Oct 2026 22:57:46 GMT
< set-cookie: _cfuvid=K_kozQchQOS1C_g3j5JONlzh9lNqKTIMz1o_ZnsfxXA-1791066466.1254647-1.0.1.1-OUrTxJ6yxE9PGOv4r.Nf0B_G9IQq_z1Q3I0HYD94cAM; HttpOnly; SameSite=None; Secure; Path=/; Domain=npmjs.org
< CF-Ray: a44f60454bc4bd99-TIA
< CF-Cache-Status: HIT
< Access-Control-Allow-Origin: *
< Age: 222
< Cache-Control: public, max-age=300
< ETag: "4c9f493029d5438076b24c7a61485cd7"
< Last-Modified: Tue, 30 Jul 2024 19:12:10 GMT
< Server: cloudflare

> HTTP/1.1 GET https://registry.npmjs.org/@types%2fms
> If-None-Match: W/"df4c87c3fc324b5c721894d422cf0bdd"
> Accept: application/vnd.npm.install-v1+json; q=1.0, application/json; q=0.8, */*
> Connection: keep-alive
> User-Agent: Bun/1.3.9
> Host: registry.npmjs.org
> Accept-Encoding: gzip, deflate, br, zstd

[PackageManager] waiting for 104 tasks
    [74.10ms]
Downloaded @react-hook/resize-observer versions
   - "@react-hook/resize-observer": "^2.0.2" - @react-hook/resize-observer@2.0.2
Enqueue package manifest for download: @react-hook/latest
Enqueue package manifest for download: @react-hook/passive-layout-effect
< 304 Not Modified
< Date: Sat, 03 Oct 2026 22:27:46 GMT
< Connection: keep-alive
< set-cookie: __cf_bm=C9fZ6vA1RPQ7AErBpXTd8f5xNusn_HKMpRLkItHn.lY-1791066466.0080028-1.0.1.1-undRMkAqpQGfmUKbJ6xvcl495nSKELi01zMCDnSG3Y7p4SgipSQoyuoiRxJUtz4iwMuAN3L0Np07_MzR8A1RPBo8qtmJCqb36enhOAonHfJtIGCa1Eq5W4d2zEHOYoBD; HttpOnly; SameSite=None; Secure; Path=/; Domain=npmjs.org; Expires=Sat, 03 Oct 2026 22:57:46 GMT
< set-cookie: _cfuvid=DcQQgnLlTPxIikDb9ZQwAKPLQnaY2.IHMj8xxD8VkfE-1791066466.0080028-1.0.1.1-vikUhcGmSXw0qjnCYQ5tHchnDvY.XqaGbfI6DDj6PWo; HttpOnly; SameSite=None; Secure; Path=/; Domain=npmjs.org
< CF-Ray: a44f60448c765f50-TIA
< CF-Cache-Status: HIT
< Access-Control-Allow-Origin: *
< Cache-Control: public, max-age=300
< ETag: "8fd44797eeb7a58d130437728652da66"
< Last-Modified: Mon, 10 Jul 2023 23:17:26 GMT
< Server: cloudflare

[PackageManager] waiting for 105 tasks
> HTTP/1.1 GET https://registry.npmjs.org/lru-cache
> If-None-Match: W/"971a5324d5df91004502f9e666722ce5"
> Accept: application/vnd.npm.install-v1+json; q=1.0, application/json; q=0.8, */*
> Connection: keep-alive
> User-Agent: Bun/1.3.9
> Host: registry.npmjs.org
> Accept-Encoding: gzip, deflate, br, zstd

    [199.62ms]
Downloaded nested-error-stacks versions
   - "nested-error-stacks": "^2.1.0" - nested-error-stacks@2.1.1
< 304 Not Modified
< Date: Sat, 03 Oct 2026 22:27:46 GMT
< Connection: keep-alive
< set-cookie: __cf_bm=urB_HsA9VyozB61jcHstpHVaPhJ7aOAn1xtB9s_04tU-1791066466.0081167-1.0.1.1-UP5yS8Rgi21yeJdAxiGabz_Uk8YqgUCVSe.km9R914grvvxE2e8KXgbul_kfKamzXe7TRDMPiuXHxHLajYpQRqcQLuapS9JoT3ezbQjQT.4.MkEihg5aHQlnXoOgAWKL; HttpOnly; SameSite=None; Secure; Path=/; Domain=npmjs.org; Expires=Sat, 03 Oct 2026 22:57:46 GMT
< set-cookie: _cfuvid=p7eNMefxFE8Cywoziikv9q3CdKKO1Q7XlsO8YFSQk68-1791066466.0081167-1.0.1.1-bA_JM6ZLGRovmN6v.6alEQ5MUTgJmSCovkpOSxTClDE; HttpOnly; SameSite=None; Secure; Path=/; Domain=npmjs.org
< CF-Ray: a44f60448c9ff474-TIA
< CF-Cache-Status: HIT
< Access-Control-Allow-Origin: *
< Cache-Control: public, max-age=300
< ETag: "c59f6c1172bae795cf03e1fee25ca0b4"
< Last-Modified: Tue, 25 Aug 2026 15:33:15 GMT
< Server: cloudflare

[PackageManager] waiting for 104 tasks
    [202.61ms]
Downloaded tar-fs versions
> HTTP/1.1 GET https://registry.npmjs.org/which
> If-None-Match: W/"398e25f78cc2d90464a25be4e956c4aa"
> Accept: application/vnd.npm.install-v1+json; q=1.0, application/json; q=0.8, */*
> Connection: keep-alive
> User-Agent: Bun/1.3.9
> Host: registry.npmjs.org
> Accept-Encoding: gzip, deflate, br, zstd

< 304 Not Modified
< Date: Sat, 03 Oct 2026 22:27:46 GMT
< Connection: keep-alive
< set-cookie: __cf_bm=mowgtyfc39Y9cvIKzltxnPJLm6hiGUVGh7ZVRilEd20-1791066466.1928287-1.0.1.1-ZPibey54IxdezpypJbo3k5ReFDS9IicphVFPQ2QUFzwrU.WUrzhRVh5lGgGjZ2V0wfUtiz2AV7sjl7i8Oy.CPN.QNSYHVaRHzPk6MlP6yYguaWk33g9bQcDqPQ02kraj; HttpOnly; SameSite=None; Secure; Path=/; Domain=npmjs.org; Expires=Sat, 03 Oct 2026 22:57:46 GMT
< set-cookie: _cfuvid=T7pD3wjbZPru4qLKitVYe.acF_ct10qX0Y0mClR6hms-1791066466.1928287-1.0.1.1-fvViFCn2c9LzjIngcvgsCNh2zu_hACXfEhfT21PUrPk; HttpOnly; SameSite=None; Secure; Path=/; Domain=npmjs.org
< CF-Ray: a44f6045bce851a4-TIA
< CF-Cache-Status: HIT
< Access-Control-Allow-Origin: *
< Age: 178
< Cache-Control: public, max-age=300
< ETag: "8edde153bcea69aaec25f148ea82f810"
< Last-Modified: Sun, 26 Jun 2022 19:33:46 GMT
< Server: cloudflare

> HTTP/1.1 GET https://registry.npmjs.org/path-key
> If-None-Match: W/"758d85adeb5be0de1ebd36906c8c8a61"
> Accept: application/vnd.npm.install-v1+json; q=1.0, application/json; q=0.8, */*
> Connection: keep-alive
> User-Agent: Bun/1.3.9
> Host: registry.npmjs.org
> Accept-Encoding: gzip, deflate, br, zstd

< 304 Not Modified
< Date: Sat, 03 Oct 2026 22:27:46 GMT
< Connection: keep-alive
< set-cookie: __cf_bm=lcs9Oy9Q4vE_a9RRponCn8ax3OCqhxLsL6wHEgRL85A-1791066466.1926806-1.0.1.1-t2hXeZUQgHSkQd1T_U5a_5syvVdQokRD3QENurNu7KlAYZlYRlKBySWCHdzebm2GIzl4gQxW0El.3UdYYTtXgOqgcmTr6kMNbtlqoEKj0rJ6VjN6EoVoqEra0Cm7Czzg; HttpOnly; SameSite=None; Secure; Path=/; Domain=npmjs.org; Expires=Sat, 03 Oct 2026 22:57:46 GMT
< set-cookie: _cfuvid=9XjLsjRIBgqKmhpb0Zo0NWvO4U1VnPueuCYEuBd8MWk-1791066466.1926806-1.0.1.1-5.H_VzC0aHOeiI.wwnook8VPWzMVCtrHBMz3_EpAJgs; HttpOnly; SameSite=None; Secure; Path=/; Domain=npmjs.org
< CF-Ray: a44f6045bd9cf474-TIA
< CF-Cache-Status: HIT
< Access-Control-Allow-Origin: *
< Age: 291
< Cache-Control: public, max-age=300
< ETag: "9992c0b308e50936072d9f895aa3be41"
< Last-Modified: Sat, 15 Jul 2023 21:26:25 GMT
< Server: cloudflare

< 304 Not Modified
< Date: Sat, 03 Oct 2026 22:27:46 GMT
< Connection: keep-alive
< set-cookie: __cf_bm=aeVRpxlNJUPjO1fOMa_QPNYb.pvraZ5QrEIVI_DQaiM-1791066466.1924312-1.0.1.1-lEwdTWr2C_rBcj.OqJU5IRFXkzHRu4LZdptJ9r0Om7FJPLSrFKRJwUkwc0U6.oCgiHH7DLzt5stT0j74wdjokeVqKgy4U8qaK_ajZppDg1UZoAl2glN0WI1t1LUTVcby; HttpOnly; SameSite=None; Secure; Path=/; Domain=npmjs.org; Expires=Sat, 03 Oct 2026 22:57:46 GMT
< set-cookie: _cfuvid=sbGn6YvYOexwSNmvik_KtMyZOmncfyx227utsiDAGNg-1791066466.1924312-1.0.1.1-OaTYgGLPqvxwGrENm1c2_QIjw1DNYx5m2Benu.iFeZU; HttpOnly; SameSite=None; Secure; Path=/; Domain=npmjs.org
< CF-Ray: a44f6045bd517c08-TIA
< CF-Cache-Status: HIT
< Access-Control-Allow-Origin: *
< Age: 277
< Cache-Control: public, max-age=300
< ETag: "301a40272c5c24028774529f96cb63f6"
< Last-Modified: Mon, 10 Jul 2023 23:16:23 GMT
< Server: cloudflare

< 304 Not Modified
< Date: Sat, 03 Oct 2026 22:27:46 GMT
< Connection: keep-alive
< set-cookie: __cf_bm=PDO1kJ8jVPJgBRYD.ulsMy_wwlDKM_INiNAUAFW81Nk-1791066466.1927617-1.0.1.1-yjI8F1AtB3IGYadJ5OKyG.joys9eBrrtoY1pGL32t1ajFhcJRW9CQn40M4stRoytHLlVNRzhyvaSj8ImoYx1utUnXCWj8WhVvijP4DlNSmD394ZAwKpVmNiB5pnTtFtM; HttpOnly; SameSite=None; Secure; Path=/; Domain=npmjs.org; Expires=Sat, 03 Oct 2026 22:57:46 GMT
< set-cookie: _cfuvid=8w.1EbvR6vCniYc8pX3RGvD4tJf8uGme_mEqQbIC7Ho-1791066466.1927617-1.0.1.1-p4dP_5baHOchOhnn9_3IrJTx1uOUXVl2kISE1cxPOsg; HttpOnly; SameSite=None; Secure; Path=/; Domain=npmjs.org
< CF-Ray: a44f6045bc01793f-TIA
< CF-Cache-Status: HIT
< Access-Control-Allow-Origin: *
< Age: 294
< Cache-Control: public, max-age=300
< ETag: "04329dd576b6763490c7326cf52eb694"
< Last-Modified: Sat, 15 Nov 2025 16:35:06 GMT
< Server: cloudflare

> HTTP/1.1 GET https://registry.npmjs.org/shebang-command
> If-None-Match: W/"cd1d4e6a87feac668e782e281cd8060b"
> Accept: application/vnd.npm.install-v1+json; q=1.0, application/json; q=0.8, */*
> Connection: keep-alive
> User-Agent: Bun/1.3.9
> Host: registry.npmjs.org
> Accept-Encoding: gzip, deflate, br, zstd

> HTTP/1.1 GET https://registry.npmjs.org/is-wsl
> If-None-Match: W/"2242711a690838c218039ecdfdf4462c"
> Accept: application/vnd.npm.install-v1+json; q=1.0, application/json; q=0.8, */*
> Connection: keep-alive
> User-Agent: Bun/1.3.9
> Host: registry.npmjs.org
> Accept-Encoding: gzip, deflate, br, zstd

> HTTP/1.1 GET https://registry.npmjs.org/@types%2fhistory
> If-None-Match: W/"9025ed608895a78cd1ef052859891494"
> Accept: application/vnd.npm.install-v1+json; q=1.0, application/json; q=0.8, */*
> Connection: keep-alive
> User-Agent: Bun/1.3.9
> Host: registry.npmjs.org
> Accept-Encoding: gzip, deflate, br, zstd

   - "tar-fs": "^3.0.4" - tar-fs@3.1.3
Enqueue package manifest for download: pump
Enqueue package manifest for download: tar-stream
Enqueue package manifest for download: bare-fs
Enqueue package manifest for download: bare-path
[PackageManager] waiting for 107 tasks
    [19.10ms]
Downloaded simple-concat versions
   - "simple-concat": "^1.0.0" - simple-concat@1.0.1
    [19.00ms]
Downloaded url-join versions
   - "url-join": "^5.0.0" - url-join@5.0.0
    [19.08ms]
Downloaded safe-buffer versions
   - "safe-buffer": "~5.2.0" - safe-buffer@5.2.1
    [19.04ms]
Downloaded color-string versions
   - "color-string": "^1.9.0" - color-string@1.9.1
Enqueue package manifest for download: simple-swizzle
< 304 Not Modified
< Date: Sat, 03 Oct 2026 22:27:46 GMT
< Connection: keep-alive
< set-cookie: __cf_bm=BqsTTBMtmDMJs8RhgYa42iA6DHDYqACL0gyMcSX1a3k-1791066466.0131953-1.0.1.1-BW3vIp2yG6tqnkMLoeMMZ9KSoCrVA9UR0sXGN3S9eUlBqO_q_vzfkJ4VqOBy4DsjjjMKbU9iwdjjOG_sBQygnS3yG51Q54HToX0KbacTkBLQRCtOo1I7V3MqJl1ESh.m; HttpOnly; SameSite=None; Secure; Path=/; Domain=npmjs.org; Expires=Sat, 03 Oct 2026 22:57:46 GMT
< set-cookie: _cfuvid=fGTGHUa5NovUkvoaeqJYG31386Nytc9xni9BBbnIAdk-1791066466.0131953-1.0.1.1-_R7PfPWm7UNL6a9Dg7mW6KzKV3ThyuO2Rz74uycV7vQ; HttpOnly; SameSite=None; Secure; Path=/; Domain=npmjs.org
< CF-Ray: a44f60449ca5f474-TIA
< CF-Cache-Status: HIT
< Access-Control-Allow-Origin: *
< Cache-Control: public, max-age=300
< ETag: "e8c0a41c4404cb98540bdca781f77b8f"
< Last-Modified: Mon, 27 Jun 2022 23:20:41 GMT
< Server: cloudflare

[PackageManager] waiting for 104 tasks
    [204.17ms]
Downloaded tunnel-agent versions
< 304 Not Modified
< Date: Sat, 03 Oct 2026 22:27:46 GMT
< Connection: keep-alive
< set-cookie: __cf_bm=ibkyu0tWEBo5CORonBAWYasZq_xPXvhs1yCYwF.a7oE-1791066466.013673-1.0.1.1-x2.qxniH1SwhaTA86sLGcvFirFX9dC2GXqP4W1cWRRNHNHf4Kuy4h5jPbM7ZZDv7wY22J9Hx6Ppq6YRDWie8SmHNZMu5FTn61NO1Zb7YBoD_j1UuV51SshcmyIDAz7jZ; HttpOnly; SameSite=None; Secure; Path=/; Domain=npmjs.org; Expires=Sat, 03 Oct 2026 22:57:46 GMT
< set-cookie: _cfuvid=n2YyhHohbV2JVT8mHPRfK1zn76Amb5vzBlDM0rNx01I-1791066466.013673-1.0.1.1-Kk8NzLQmWeDKCkQg8FnwDJt2r7MzNNgva9tFXMfcZGQ; HttpOnly; SameSite=None; Secure; Path=/; Domain=npmjs.org
< CF-Ray: a44f6044996da5b3-TIA
< CF-Cache-Status: HIT
< Access-Control-Allow-Origin: *
< Cache-Control: public, max-age=300
< ETag: "032b5959898d4d5feb260fe6a1f02d79"
< Last-Modified: Sun, 05 Oct 2025 12:46:35 GMT
< Server: cloudflare

   - "tunnel-agent": "^0.6.0" - tunnel-agent@0.6.0
[PackageManager] waiting for 103 tasks
    [204.30ms]
Downloaded detect-libc versions
< 304 Not Modified
< Date: Sat, 03 Oct 2026 22:27:46 GMT
< Connection: keep-alive
< set-cookie: __cf_bm=qINxdfAyVrmvRM_q54SOYMa96msUugiv.dyRRLrGBYU-1791066466.013016-1.0.1.1-k9KQKwwrG0k4B4VaXNRuLuKnFNsXkkAYRFbJugwI6jiSkmxKZRyvBS_3ysysFc61KU4zCY8PqdPRZ1bGrNr37SQix37LDKqGIE7aDRroV3WlP.VQpNMgaky6JVPaBAi2; HttpOnly; SameSite=None; Secure; Path=/; Domain=npmjs.org; Expires=Sat, 03 Oct 2026 22:57:46 GMT
< set-cookie: _cfuvid=Sg1lcVa9ACGppkAprMQ2Q92QaRTTrkkcXWDUirmYn3Y-1791066466.013016-1.0.1.1-tr5NX.MA7GrFWoP9wLzDbI0.sNKPkPTH_Ev5SYdXs30; HttpOnly; SameSite=None; Secure; Path=/; Domain=npmjs.org
< CF-Ray: a44f60449c805f50-TIA
< CF-Cache-Status: HIT
< Access-Control-Allow-Origin: *
< Cache-Control: public, max-age=300
< ETag: "760499837cf589d9255c538b5e3c6bc4"
< Last-Modified: Wed, 12 Aug 2026 21:10:02 GMT
< Server: cloudflare

   - "detect-libc": "^2.0.2" - detect-libc@2.1.2
[PackageManager] waiting for 102 tasks
    [201.58ms]
Downloaded node-addon-api versions
> HTTP/1.1 GET https://registry.npmjs.org/@types%2freact-router
> If-None-Match: W/"8371dc4701563659dc4c6b3c5cb6f471"
> Accept: application/vnd.npm.install-v1+json; q=1.0, application/json; q=0.8, */*
> Connection: keep-alive
> User-Agent: Bun/1.3.9
> Host: registry.npmjs.org
> Accept-Encoding: gzip, deflate, br, zstd

   - "node-addon-api": "^6.1.0" - node-addon-api@6.1.0
> HTTP/1.1 GET https://registry.npmjs.org/vary
> If-None-Match: W/"dd30d64f89e376b939bbd2f6a721e1a0"
> Accept: application/vnd.npm.install-v1+json; q=1.0, application/json; q=0.8, */*
> Connection: keep-alive
> User-Agent: Bun/1.3.9
> Host: registry.npmjs.org
> Accept-Encoding: gzip, deflate, br, zstd

> HTTP/1.1 GET https://registry.npmjs.org/depd
> If-None-Match: W/"6728c5e7744c230e04f9bdc76a13dc51"
> Accept: application/vnd.npm.install-v1+json; q=1.0, application/json; q=0.8, */*
> Connection: keep-alive
> User-Agent: Bun/1.3.9
> Host: registry.npmjs.org
> Accept-Encoding: gzip, deflate, br, zstd

< 304 Not Modified
< Date: Sat, 03 Oct 2026 22:27:46 GMT
< Connection: keep-alive
< set-cookie: __cf_bm=wHy2_kgPYZ8LQ6IFm8Dax.VAzPVlaeMEy9mQs2R08bQ-1791066466.0182066-1.0.1.1-dEo9MCxLsCSIHWF77.URObQnFrvT24VF8v.0HyZf.7ZTTvsxB6skiEJ40nhyky7zEC_jA7nEs7fOW5PRoaBaUXsdbXcZtVqrcRbBtzjqNLS0lPeMthGU8_fzSnXfdIM0; HttpOnly; SameSite=None; Secure; Path=/; Domain=npmjs.org; Expires=Sat, 03 Oct 2026 22:57:46 GMT
< set-cookie: _cfuvid=VYwZdAwNbuHBLhPxhX1fAvJqJh3MKbbmqgTgqjqSta0-1791066466.0182066-1.0.1.1-BKEvSg57RkDpzsK0_JUFOEGCBPru2SW2oeWshlzk18E; HttpOnly; SameSite=None; Secure; Path=/; Domain=npmjs.org
< CF-Ray: a44f60449b28bd99-TIA
< CF-Cache-Status: HIT
< Access-Control-Allow-Origin: *
< Cache-Control: public, max-age=300
< ETag: "ac4cc6a12585698d798f490260b124a6"
< Last-Modified: Thu, 19 Feb 2026 18:16:29 GMT
< Server: cloudflare

[PackageManager] waiting for 101 tasks
    [199.27ms]
Downloaded prebuild-install versions
> HTTP/1.1 GET https://registry.npmjs.org/basic-auth
> If-None-Match: W/"54965b667b009add887d6fc04785a969"
> Accept: application/vnd.npm.install-v1+json; q=1.0, application/json; q=0.8, */*
> Connection: keep-alive
> User-Agent: Bun/1.3.9
> Host: registry.npmjs.org
> Accept-Encoding: gzip, deflate, br, zstd

< 304 Not Modified
< Date: Sat, 03 Oct 2026 22:27:46 GMT
< Connection: keep-alive
< set-cookie: __cf_bm=rGMS_8QvnAc_O8dhPSv2yyEM_nbK3KPK9wfdHe6AYtY-1791066466.018331-1.0.1.1-h8Oevrr4QqsvBWwnEOLkIKjKxSFztw4uCevORYimWe.MqoqONt_4f1VgKEJsWEvs2WYtFwvYSGWiP4Hv8jY0vIzhhT10clP4h.a6AFWIqZ3x_616GPMsYs3rVoZgDRfY; HttpOnly; SameSite=None; Secure; Path=/; Domain=npmjs.org; Expires=Sat, 03 Oct 2026 22:57:46 GMT
< set-cookie: _cfuvid=NRJfl8lCZvbX2Ygbi61ej4ZrF2MqJbDusj8mTcn14aM-1791066466.018331-1.0.1.1-HRmU5wO2oIPn7M.dxuUasdI3gAaVKQeJUL3VBlJaCFU; HttpOnly; SameSite=None; Secure; Path=/; Domain=npmjs.org
< CF-Ray: a44f60449b31793f-TIA
< CF-Cache-Status: HIT
< Access-Control-Allow-Origin: *
< Cache-Control: public, max-age=300
< ETag: "66126d0f52f64e93312de18918efc95b"
< Last-Modified: Tue, 17 Mar 2026 13:24:54 GMT
< Server: cloudflare

< 304 Not Modified
< Date: Sat, 03 Oct 2026 22:27:46 GMT
< Connection: keep-alive
< set-cookie: __cf_bm=m3dumiq2vxM3QXmnkbsuFKWkGkqtwNGaq9FqqBY7OPU-1791066466.1985362-1.0.1.1-8PkMSpuSNEJwu.V_kkH9BSv1CdNHLCRfDMuzQ29.Gqn4Bn.F.f7gnsHu05B45tsRv5PkuNDGmBEuSc2b9nr_h0IrkOa9eL2T3hnle5twzSU1OFzuywYVzV4VfjHASCmr; HttpOnly; SameSite=None; Secure; Path=/; Domain=npmjs.org; Expires=Sat, 03 Oct 2026 22:57:46 GMT
< set-cookie: _cfuvid=39xzD3c5.ubxd3PhBqQktGB_Mb9aoe0YDGzXG7rDfO4-1791066466.1985362-1.0.1.1-6NaPlBjk9Ggera._RqE0dPeX9w3q5y4kuk3OEu7Bwoo; HttpOnly; SameSite=None; Secure; Path=/; Domain=npmjs.org
< CF-Ray: a44f6045bdb1f474-TIA
< CF-Cache-Status: HIT
< Access-Control-Allow-Origin: *
< Age: 188
< Cache-Control: public, max-age=300
< ETag: "00f3e55b12deff2743ecdb6f5e016b2e"
< Last-Modified: Tue, 01 Sep 2026 11:14:08 GMT
< Server: cloudflare

> HTTP/1.1 GET https://registry.npmjs.org/on-headers
> If-None-Match: W/"090cc3c4dbcc4a3e8dad543abe9cab86"
> Accept: application/vnd.npm.install-v1+json; q=1.0, application/json; q=0.8, */*
> Connection: keep-alive
> User-Agent: Bun/1.3.9
> Host: registry.npmjs.org
> Accept-Encoding: gzip, deflate, br, zstd

> HTTP/1.1 GET https://registry.npmjs.org/http-parser-js
> If-None-Match: W/"d3a161987bc680bbc6f14271bbd102d3"
> Accept: application/vnd.npm.install-v1+json; q=1.0, application/json; q=0.8, */*
> Connection: keep-alive
> User-Agent: Bun/1.3.9
> Host: registry.npmjs.org
> Accept-Encoding: gzip, deflate, br, zstd

< 304 Not Modified
< Date: Sat, 03 Oct 2026 22:27:46 GMT
< Connection: keep-alive
< set-cookie: __cf_bm=zE99TQbH8a._uiO56TOO38JhLsCKFE4yoIpugNMkuLk-1791066466.198219-1.0.1.1-0BDOtsMCL0FANBGDqJck7LRuRDYj7K_eVxrnIqQcNClVCKP6zbnS.aTqiD71pAcf8BbjixW2hjcn8x92cm.KQyjx851vfTVR48e6jjjOd8Ezn9Mol7suDOy4DKuLRv1D; HttpOnly; SameSite=None; Secure; Path=/; Domain=npmjs.org; Expires=Sat, 03 Oct 2026 22:57:46 GMT
< set-cookie: _cfuvid=Jc3PxQP_EwPuX7bG.csAAQNdCYZX0MCncOTVqCVZTMc-1791066466.198219-1.0.1.1-xe8Y0pjlpjp_GaZhD4ueJHDnCRJnZfm6DS3zwTWsbLU; HttpOnly; SameSite=None; Secure; Path=/; Domain=npmjs.org
< CF-Ray: a44f6045bd5a7c08-TIA
< CF-Cache-Status: HIT
< Access-Control-Allow-Origin: *
< Age: 174
< Cache-Control: public, max-age=300
< ETag: "53fbff59031a99a0e2bc74a140adeca6"
< Last-Modified: Tue, 26 Aug 2025 21:58:59 GMT
< Server: cloudflare

> HTTP/1.1 GET https://registry.npmjs.org/websocket-extensions
> If-None-Match: W/"7e45136c7e5fa9d115de4513f10ada57"
> Accept: application/vnd.npm.install-v1+json; q=1.0, application/json; q=0.8, */*
> Connection: keep-alive
> User-Agent: Bun/1.3.9
> Host: registry.npmjs.org
> Accept-Encoding: gzip, deflate, br, zstd

   - "prebuild-install": "^7.1.1" - prebuild-install@7.1.3
Enqueue package manifest for download: rc
   - "tar-fs": "^2.0.0" - tar-fs@2.1.5
Enqueue package manifest for download: minimist
Enqueue package manifest for download: node-abi
Enqueue package manifest for download: mkdirp-classic
Enqueue package manifest for download: expand-template
Enqueue package manifest for download: napi-build-utils
   - "github-from-package": "0.0.0" - github-from-package@0.0.0
[PackageManager] waiting for 106 tasks
    [199.18ms]
Downloaded domelementtype versions
   - "domelementtype": "^2.3.0" - domelementtype@2.3.0
    [18.82ms]
Downloaded query-string versions
   - "query-string": "^9.0.0" - query-string@9.5.1
    [18.85ms]
Downloaded zod-package-json versions
   - "zod-package-json": "^1.0.3" - zod-package-json@1.2.0
Enqueue package manifest for download: filter-obj
Enqueue package manifest for download: split-on-first
Enqueue package manifest for download: decode-uri-component
< 304 Not Modified
< Date: Sat, 03 Oct 2026 22:27:46 GMT
< Connection: keep-alive
< set-cookie: __cf_bm=TTtQihTPsdILyDTBhNxqTiDXkucsmDgupXyPBqJqYyc-1791066466.023499-1.0.1.1-8aa4l1R8JM0KHu2w2Otarwc4PjlT2slCg3VUNlRAmxrRhTHa0fK6zRx_XR.SZWzzM7exMK5Voc2qr0Lfsh5xXdRmceFA4WATejV.iAkqf8.Wk8_5Ek_iOsEuo3IDeL_Z; HttpOnly; SameSite=None; Secure; Path=/; Domain=npmjs.org; Expires=Sat, 03 Oct 2026 22:57:46 GMT
< set-cookie: _cfuvid=LMC8ccqcVJNglsnd7ZQq5wbu4jwATv7zRVQnAvy6d9o-1791066466.023499-1.0.1.1-ACsbnNmfBMeBAz1iCg6igKBhHhNy3J5Ru.Q4eusMi_4; HttpOnly; SameSite=None; Secure; Path=/; Domain=npmjs.org
< CF-Ray: a44f6044a8349b00-TIA
< CF-Cache-Status: HIT
< Access-Control-Allow-Origin: *
< Cache-Control: public, max-age=300
< ETag: "abc96ad5c741aa65d807b06df08f3074"
< Last-Modified: Mon, 19 Jan 2026 15:08:57 GMT
< Server: cloudflare

[PackageManager] waiting for 106 tasks
    [200.96ms]
Downloaded eventemitter3 versions
   - "eventemitter3": "^2.0.0" - eventemitter3@2.0.3
> HTTP/1.1 GET https://registry.npmjs.org/upath
> If-None-Match: W/"7d3e26c2828f95f794cf9e6948e1c4a2"
> Accept: application/vnd.npm.install-v1+json; q=1.0, application/json; q=0.8, */*
> Connection: keep-alive
> User-Agent: Bun/1.3.9
> Host: registry.npmjs.org
> Accept-Encoding: gzip, deflate, br, zstd

< 304 Not Modified
< Date: Sat, 03 Oct 2026 22:27:46 GMT
< Connection: keep-alive
< set-cookie: __cf_bm=32GZzJ0KO8Rrt_HesbZ6BcToPeZQ9CwADAaNUwG1tj0-1791066466.0234952-1.0.1.1-SD64GqcAzNq0YRO_r23LK9vTDIeduNWg1VKz3SXkwOBeOlsDpl_I3wXEN_HlvLZiNYWS9hQBp9DLwQknOKikT.zV5mZJDj7or4VvXsfBuXNogUZpRi0QQtZ685caNlky; HttpOnly; SameSite=None; Secure; Path=/; Domain=npmjs.org; Expires=Sat, 03 Oct 2026 22:57:46 GMT
< set-cookie: _cfuvid=ebhNoyBZsbr.dSHk9QwNykjvxSfeSXDZIilb70uYKk0-1791066466.0234952-1.0.1.1-nakxjieJm5b1I3K8oG5EhoLlLSiWJqTh89ugDNuD7dc; HttpOnly; SameSite=None; Secure; Path=/; Domain=npmjs.org
< CF-Ray: a44f6044acb5f474-TIA
< CF-Cache-Status: HIT
< Access-Control-Allow-Origin: *
< Cache-Control: public, max-age=300
< ETag: "cb88113394b664cd41157087fd59efd5"
< Last-Modified: Thu, 20 Nov 2025 11:12:31 GMT
< Server: cloudflare

[PackageManager] waiting for 105 tasks
< 304 Not Modified
< Date: Sat, 03 Oct 2026 22:27:46 GMT
< Connection: keep-alive
< set-cookie: __cf_bm=wXNyQk5cVQdKJXoSKm.9usTZ.SMz0jgzZ_rR03r.9eY-1791066466.0235643-1.0.1.1-nOMoZ.H7GNgJITdPnorU4eSvxpDw0FolChyYiSZdrC5HJAeksSv_Lsj4h06FujqzI9xr7wCrN3iaknLX28Cd6XXUG2t8709VG5Nh0UpTnAye7YvN1Tk5FUhNVOyfJBkh; HttpOnly; SameSite=None; Secure; Path=/; Domain=npmjs.org; Expires=Sat, 03 Oct 2026 22:57:46 GMT
< set-cookie: _cfuvid=LwiyioiIkZxby..3UgUAkFQs4fsXd_zpWKwg8uxW.fc-1791066466.0235643-1.0.1.1-UZYNQci36IMhrn9W9TBOe8xs6NQ7gILwqlzLWJB3e3I; HttpOnly; SameSite=None; Secure; Path=/; Domain=npmjs.org
< CF-Ray: a44f6044ac7c7c08-TIA
< CF-Cache-Status: HIT
< Access-Control-Allow-Origin: *
< Cache-Control: public, max-age=300
< ETag: "82408ea6427c6e7cef8d46d5f4fa62c1"
< Last-Modified: Thu, 30 May 2024 18:11:32 GMT
< Server: cloudflare

    [200.69ms]
Downloaded mime-types versions
> HTTP/1.1 GET https://registry.npmjs.org/braces
> If-None-Match: W/"3e3a946123da28af93b8e5b9c695b678"
> Accept: application/vnd.npm.install-v1+json; q=1.0, application/json; q=0.8, */*
> Connection: keep-alive
> User-Agent: Bun/1.3.9
> Host: registry.npmjs.org
> Accept-Encoding: gzip, deflate, br, zstd

> HTTP/1.1 GET https://registry.npmjs.org/is-glob
> If-None-Match: W/"3b0e0c8f5cf970d2348bde6e321b5931"
> Accept: application/vnd.npm.install-v1+json; q=1.0, application/json; q=0.8, */*
> Connection: keep-alive
> User-Agent: Bun/1.3.9
> Host: registry.npmjs.org
> Accept-Encoding: gzip, deflate, br, zstd

< 304 Not Modified
< Date: Sat, 03 Oct 2026 22:27:46 GMT
< Connection: keep-alive
< set-cookie: __cf_bm=Ycj.FXnl_cfrNqm.SU_xs8B06JIhZXKG.sOp9CMGwNM-1791066466.0234776-1.0.1.1-f9LqF79F_A8cdYX8.huTCkKmYBG5098tiUAne1VFybDmh1.ozRh5lGBCuM2hItXvuiVPDx1Qzqu6dysOspMaMGUORr_Ralgjt2vAOcO2BqFREHSDT8tj82eOzs9fOCF5; HttpOnly; SameSite=None; Secure; Path=/; Domain=npmjs.org; Expires=Sat, 03 Oct 2026 22:57:46 GMT
< set-cookie: _cfuvid=K0XzkOxTx_Jr4jIcOiooDAc8OWqs4MUNrsNRl0cW6nM-1791066466.0234776-1.0.1.1-O8jkDFot1Om7NkE_wF4kNKvEbaJxHGzZcs7rKYwtzCI; HttpOnly; SameSite=None; Secure; Path=/; Domain=npmjs.org
< CF-Ray: a44f6044acb4f474-TIA
< CF-Cache-Status: HIT
< Access-Control-Allow-Origin: *
< Cache-Control: public, max-age=300
< ETag: "d8ad522fca0c4b4e52d0982bda1a00fa"
< Last-Modified: Thu, 20 Nov 2025 19:12:24 GMT
< Server: cloudflare

< 304 Not Modified
< Date: Sat, 03 Oct 2026 22:27:46 GMT
< Connection: keep-alive
< set-cookie: __cf_bm=G8Zt6YotZ_NlZ0eaHGZwKgbDetUXkED65y4fD6yWsM4-1791066466.0235593-1.0.1.1-XH7K002sK1l_GBA_YQqcZLBqu3cLXVz3DWHYDoX0AzmdKR9v1Oobxsdmeaw86RPthO0BS9f8rpguM_Bb.NMV1hNGom03kp8F6Zm0fcm3E4gUpdLcFdK6AUZAhtd4_9D6; HttpOnly; SameSite=None; Secure; Path=/; Domain=npmjs.org; Expires=Sat, 03 Oct 2026 22:57:46 GMT
< set-cookie: _cfuvid=71BLNvuaog1zcnQWWgQyflR6a_fiPMKs272h5P9tyBU-1791066466.0235593-1.0.1.1-KTjVcia0u1yHr1ZaZtYdDwnzqlDC1F1YBwpISjaUhek; HttpOnly; SameSite=None; Secure; Path=/; Domain=npmjs.org
< CF-Ray: a44f6044a981a5b3-TIA
< CF-Cache-Status: HIT
< Access-Control-Allow-Origin: *
< Cache-Control: public, max-age=300
< ETag: "61c1ebc0b6d262312517ff3b66924a28"
< Last-Modified: Wed, 14 May 2025 14:56:20 GMT
< Server: cloudflare

< 304 Not Modified
< Date: Sat, 03 Oct 2026 22:27:46 GMT
< Connection: keep-alive
< set-cookie: __cf_bm=ZbYTgod6oDDHxgRQhKTp0h3qfLHNlz.i5k1xHOqqbTk-1791066466.023582-1.0.1.1-GPzHqOOqcGHVTBPtzssnA_3Ld15GL9uRIKj0wD2xMy1eF.e.yzofLJ0gVOWsk1s0_Dr85_aHqYq8Wxndvp_wuvXKJlnIc8cBxR9JaJuAgkcQnnNN.bUavFPWZMoT72t4; HttpOnly; SameSite=None; Secure; Path=/; Domain=npmjs.org; Expires=Sat, 03 Oct 2026 22:57:46 GMT
< set-cookie: _cfuvid=kplac2hYY2jMYwvtryNN9ly6czE8TjQ_zhgguq944M0-1791066466.023582-1.0.1.1-SHtPS8GBnknHJCWnn9OXsXy6k.OR0.cYrSwfDjERwiE; HttpOnly; SameSite=None; Secure; Path=/; Domain=npmjs.org
< CF-Ray: a44f6044ac7d7c08-TIA
< CF-Cache-Status: HIT
< Access-Control-Allow-Origin: *
< Cache-Control: public, max-age=300
< ETag: "5d16dc25d0110a0bc7b5d5020c1b8fae"
< Last-Modified: Thu, 16 Nov 2023 17:38:20 GMT
< Server: cloudflare

< 304 Not Modified
< Date: Sat, 03 Oct 2026 22:27:46 GMT
< Connection: keep-alive
< set-cookie: __cf_bm=Sedj1BJGl1wxdiyQM7WYJ42f54rs6gZwLdq8..t4icc-1791066466.0234776-1.0.1.1-_WmSyE3MNQeHt5Tk1Nv08a57DAg4E9w7iPVjF4jI68QojfIF3Itgurux0b3xtGv3KfSKvyX1LbqhFYDnyhZ5I3g5wVJFNDeqhy63QqjzE.X7DLFPY.jLPELv89fYNuLz; HttpOnly; SameSite=None; Secure; Path=/; Domain=npmjs.org; Expires=Sat, 03 Oct 2026 22:57:46 GMT
< set-cookie: _cfuvid=rniXzPwgYuiaR8ZkbYfU6hTRXY_7rHsBhroc___.Cvo-1791066466.0234776-1.0.1.1-6McU6x67A_p1AIqAOX_cwd278cBbt8QHyFXADvZXmHs; HttpOnly; SameSite=None; Secure; Path=/; Domain=npmjs.org
< CF-Ray: a44f6044acb3f474-TIA
< CF-Cache-Status: HIT
< Access-Control-Allow-Origin: *
< Cache-Control: public, max-age=300
< ETag: "9469c9cff2e1b6562101d94af40758fa"
< Last-Modified: Tue, 14 Jun 2022 22:59:46 GMT
< Server: cloudflare

< 304 Not Modified
< Date: Sat, 03 Oct 2026 22:27:46 GMT
< Connection: keep-alive
< set-cookie: __cf_bm=nLL7F.p82QuZ6E8VbL3odAgAjz7FpzY._o1lv5mVst0-1791066466.0239258-1.0.1.1-Jc4QczOvEl4LBuqueIhJX.y0dwPsHbUY_wQ6ZeLXDdEd6zOqCWJ0GuqKbzzJ_IdORkmPXo5ezYSFdc7A2g1m.jJdtNq1j6H2qc4rpYxCfYx2wAVJ_kNEWOgQLsyxu1le; HttpOnly; SameSite=None; Secure; Path=/; Domain=npmjs.org; Expires=Sat, 03 Oct 2026 22:57:46 GMT
< set-cookie: _cfuvid=f0hIap9h0u6dchSWA9duM2m2omLjmKdOf6YlQPAtZSc-1791066466.0239258-1.0.1.1-IsdvJU8KcwKnbHbPnrqoQqcj_mCLzCiaWvR7RW7pmm4; HttpOnly; SameSite=None; Secure; Path=/; Domain=npmjs.org
< CF-Ray: a44f6044ac7f7c08-TIA
< CF-Cache-Status: HIT
< Access-Control-Allow-Origin: *
< Cache-Control: public, max-age=300
< ETag: "bc9e75bfa6df108a0b24a796c7bf772a"
< Last-Modified: Wed, 29 Jun 2022 05:36:09 GMT
< Server: cloudflare

< 302 Found
< Date: Sat, 03 Oct 2026 22:27:46 GMT
< Content-Type: text/html;charset=utf-8
< Content-Length: 0
< Cache-Control: public, must-revalidate, max-age=0
< expires: Sat, 03 Oct 2026 22:27:46 GMT
< Location: https://codeload.github.com/tscircuit/pcb-trace-linter/legacy.tar.gz/4c035f9d40ffb03ba547a08975b5e64b20371123
< x-github-api-version-selected: 2022-11-28
< X-RateLimit-Limit: 60
< X-RateLimit-Remaining: 60
< X-RateLimit-Reset: 1791070066
< X-RateLimit-Used: 0
< X-RateLimit-Resource: core
< Access-Control-Expose-Headers: ETag, Link, Location, Retry-After, X-GitHub-OTP, X-RateLimit-Limit, X-RateLimit-Remaining, X-RateLimit-Used, X-RateLimit-Resource, X-RateLimit-Reset, X-OAuth-Scopes, X-Accepted-OAuth-Scopes, X-Poll-Interval, X-GitHub-Media-Type, X-GitHub-SSO, X-GitHub-Request-Id, Deprecation, Sunset, Warning
< Access-Control-Allow-Origin: *
< Strict-Transport-Security: max-age=31536000; includeSubdomains; preload
< X-Frame-Options: deny
< X-Content-Type-Options: nosniff
< X-XSS-Protection: 0
< Referrer-Policy: origin-when-cross-origin, strict-origin-when-cross-origin
< Content-Security-Policy: default-src 'none'
< Vary: Accept-Encoding, Accept, X-Requested-With
< Server: github.com
< X-GitHub-Request-Id: F4E6:C8C41:2E03B7A:2DCAC85:6AC18161
< x-github-edge-region: fra

   - "mime-types": "^3.0.2" - mime-types@3.0.2
   - "mime-types": "~2.1.35" - mime-types@2.1.35
Enqueue package manifest for download: mime-db
[PackageManager] waiting for 105 tasks
    [202.84ms]
Downloaded encodeurl versions
   - "encodeurl": "^2.0.0" - encodeurl@2.0.0
   - "encodeurl": "~1.0.2" - encodeurl@1.0.2
    [200.82ms]
Downloaded http-errors versions
   - "http-errors": "^2.0.1" - http-errors@2.0.1
   - "http-errors": "~1.8.0" - http-errors@1.8.1
    [200.86ms]
Downloaded fresh versions
   - "fresh": "^2.0.0" - fresh@2.0.0
    [202.93ms]
Downloaded escape-html versions
   - "escape-html": "^1.0.3" - escape-html@1.0.3
    [203.23ms]
Downloaded deep-rename-keys versions
   - "deep-rename-keys": "^0.2.1" - deep-rename-keys@0.2.1
    [202.98ms]
Downloaded xml-lexer versions
> HTTP/1.1 GET https://registry.npmjs.org/anymatch
> If-None-Match: W/"1284aa7387f786a2cbc237549c41057a"
> Accept: application/vnd.npm.install-v1+json; q=1.0, application/json; q=0.8, */*
> Connection: keep-alive
> User-Agent: Bun/1.3.9
> Host: registry.npmjs.org
> Accept-Encoding: gzip, deflate, br, zstd

> HTTP/1.1 GET https://registry.npmjs.org/inherits
> If-None-Match: W/"68b54b3d8efc29464fe68f7fd6919419"
> Accept: application/vnd.npm.install-v1+json; q=1.0, application/json; q=0.8, */*
> Connection: keep-alive
> User-Agent: Bun/1.3.9
> Host: registry.npmjs.org
> Accept-Encoding: gzip, deflate, br, zstd

> HTTP/1.1 GET https://registry.npmjs.org/readdirp
> If-None-Match: W/"941cd91f8ef4b615d6ab61d2873f91f9"
> Accept: application/vnd.npm.install-v1+json; q=1.0, application/json; q=0.8, */*
> Connection: keep-alive
> User-Agent: Bun/1.3.9
> Host: registry.npmjs.org
> Accept-Encoding: gzip, deflate, br, zstd

> HTTP/1.1 GET https://registry.npmjs.org/async-each
> If-None-Match: W/"34f7fef7ed9d67839012067c9dd41bcb"
> Accept: application/vnd.npm.install-v1+json; q=1.0, application/json; q=0.8, */*
> Connection: keep-alive
> User-Agent: Bun/1.3.9
> Host: registry.npmjs.org
> Accept-Encoding: gzip, deflate, br, zstd

> HTTP/1.1 GET https://registry.npmjs.org/glob-parent
> If-None-Match: W/"fba425c6bbd9436734cf8a695623e350"
> Accept: application/vnd.npm.install-v1+json; q=1.0, application/json; q=0.8, */*
> Connection: keep-alive
> User-Agent: Bun/1.3.9
> Host: registry.npmjs.org
> Accept-Encoding: gzip, deflate, br, zstd

   - "xml-lexer": "^0.2.2" - xml-lexer@0.2.2
Enqueue package manifest for download: setprototypeof
Enqueue package manifest for download: toidentifier
Enqueue package manifest for download: kind-of
Enqueue package manifest for download: rename-keys
< 304 Not Modified
< Date: Sat, 03 Oct 2026 22:27:46 GMT
< Connection: keep-alive
< set-cookie: __cf_bm=p6KkO6vlyBX2KcZfiVA83vcGr9wBSp7HPQOWrGiJ270-1791066466.0234575-1.0.1.1-F84jpEvzfSNhlvsni1x5kvRcvObgq1lq6VSsiHmVUx.c3CU255xfZFL9GifB.iU3jH26Kkdf2Bo4ERMWUX_3IMOqYk26MX93YqK35D44PBBhepN_LsMXBKkeRsRlqEUs; HttpOnly; SameSite=None; Secure; Path=/; Domain=npmjs.org; Expires=Sat, 03 Oct 2026 22:57:46 GMT
< set-cookie: _cfuvid=9up5f0TjT9eCF9QzTAZObtqRJPfcxHUQlQIelxfxtUs-1791066466.0234575-1.0.1.1-NLCA_pRQRLH2P4uIW2MlOHanwpfeUq2A_pKOJyGiB0Q; HttpOnly; SameSite=None; Secure; Path=/; Domain=npmjs.org
< CF-Ray: a44f6044a8369b00-TIA
< CF-Cache-Status: HIT
< Access-Control-Allow-Origin: *
< Cache-Control: public, max-age=300
< ETag: "c263f946354ae8fd2cede5f1ca2e72ab"
< Last-Modified: Wed, 14 May 2025 14:56:03 GMT
< Server: cloudflare

[PackageManager] waiting for 103 tasks
    [203.86ms]
Downloaded on-finished versions
> HTTP/1.1 GET https://registry.npmjs.org/is-binary-path
> If-None-Match: W/"f0279b3718b7bec6f2c25eae17c9892d"
> Accept: application/vnd.npm.install-v1+json; q=1.0, application/json; q=0.8, */*
> Connection: keep-alive
> User-Agent: Bun/1.3.9
> Host: registry.npmjs.org
> Accept-Encoding: gzip, deflate, br, zstd

< 304 Not Modified
< Date: Sat, 03 Oct 2026 22:27:46 GMT
< Connection: keep-alive
< set-cookie: __cf_bm=g0V0CgxQj7fp3YMZOSeKVyhetLXg2bJbsRRobn6b7UA-1791066466.2092087-1.0.1.1-XnYfpHxzO_jfrxzhuqtLT7sNegNTZaOmDp71iSzDbiXg6mkksmPFlsPs9ACwv2QvXcoYjbFw4PrBQcDHxRQfLQMeyt5gc8eXbGrf5s5SKKFI7ZCzWLSd573ChXEKBrx6; HttpOnly; SameSite=None; Secure; Path=/; Domain=npmjs.org; Expires=Sat, 03 Oct 2026 22:57:46 GMT
< set-cookie: _cfuvid=e9LeXKtLQaDGTADCmL1s2foD2IS_SVNLGcNW1Y7lk0I-1791066466.2092087-1.0.1.1-ZethaO8VwQ5jgPuZTHP6IFEcHNC4gF59_3zmPTWHTCM; HttpOnly; SameSite=None; Secure; Path=/; Domain=npmjs.org
< CF-Ray: a44f6045cd925f50-TIA
< CF-Cache-Status: HIT
< Access-Control-Allow-Origin: *
< Age: 245
< Cache-Control: public, max-age=300
< ETag: "971a5324d5df91004502f9e666722ce5"
< Last-Modified: Fri, 18 Sep 2026 23:46:34 GMT
< Server: cloudflare

< 304 Not Modified
< Date: Sat, 03 Oct 2026 22:27:46 GMT
< Connection: keep-alive
< set-cookie: __cf_bm=dxM9trLxTcKiccuD3eNHobCicp5.1DOx0Hwbflp474o-1791066466.2095048-1.0.1.1-gRMO3058KWihOICgEpnKp5uMmhRoox0yVtAwA_ZU3ihGxNICV6KwWmS9rJJtoLQJlrZLio4Hk2NVjZnbyHH9uxZUMUxGecuWCGXMgcVY5wLOYQqFypdXkqwRgaCXsT0h; HttpOnly; SameSite=None; Secure; Path=/; Domain=npmjs.org; Expires=Sat, 03 Oct 2026 22:57:46 GMT
< set-cookie: _cfuvid=9RUoDeTeatQWONLGj4zPU7iDUjoB7iayAlKbOfIKZ30-1791066466.2095048-1.0.1.1-l4UcQtqoNAznQRyQBAr.KMqvCkX6o4hbVY40gZPvQMU; HttpOnly; SameSite=None; Secure; Path=/; Domain=npmjs.org
< CF-Ray: a44f6045ccf951a4-TIA
< CF-Cache-Status: HIT
< Access-Control-Allow-Origin: *
< Age: 249
< Cache-Control: public, max-age=300
< ETag: "758d85adeb5be0de1ebd36906c8c8a61"
< Last-Modified: Sat, 17 Jun 2023 00:09:28 GMT
< Server: cloudflare

> HTTP/1.1 GET https://registry.npmjs.org/normalize-path
> If-None-Match: W/"34d2e49903dfbcae7d15d827d1ddf3fa"
> Accept: application/vnd.npm.install-v1+json; q=1.0, application/json; q=0.8, */*
> Connection: keep-alive
> User-Agent: Bun/1.3.9
> Host: registry.npmjs.org
> Accept-Encoding: gzip, deflate, br, zstd

> HTTP/1.1 GET https://registry.npmjs.org/path-is-absolute
> If-None-Match: W/"87c2c1b3cd75b21bfe320d11f4f98f5f"
> Accept: application/vnd.npm.install-v1+json; q=1.0, application/json; q=0.8, */*
> Connection: keep-alive
> User-Agent: Bun/1.3.9
> Host: registry.npmjs.org
> Accept-Encoding: gzip, deflate, br, zstd

   - "on-finished": "^2.4.1" - on-finished@2.4.1
   - "on-finished": "~2.3.0" - on-finished@2.3.0
   - "ee-first": "1.1.1" - ee-first@1.1.1
[PackageManager] waiting for 102 tasks
    [21.98ms]
Downloaded lru-cache versions
   - "lru-cache": "^7.5.1" - lru-cache@7.18.3
    [18.85ms]
Downloaded path-key versions
   - "path-key": "^3.1.0" - path-key@3.1.1
< 304 Not Modified
< Date: Sat, 03 Oct 2026 22:27:46 GMT
< Connection: keep-alive
< set-cookie: __cf_bm=7izbDf53e7cyZL3D5_vfnckSjsyJSvjef6Lkj3WbAHc-1791066466.21465-1.0.1.1-AqvRzWVbXF72oBvnqdj7V5YJltsT0RyPfz2b2_I3m5XVppvWgJd7dxxDDFXUj5dYeGgOgPwao9p82WTzPGikCmBBiGgggHEoJTM76ckj.3uan9w.4IgGJDufavNlOIpt; HttpOnly; SameSite=None; Secure; Path=/; Domain=npmjs.org; Expires=Sat, 03 Oct 2026 22:57:46 GMT
< set-cookie: _cfuvid=5pZruvLY9SN4Kd5L6LVXybfr6igJHthlIxGg9mitTo8-1791066466.21465-1.0.1.1-Y2KqfXYf9xg2ZDRnMNbMn1Od5eyoAp.K59Zkm2CshIg; HttpOnly; SameSite=None; Secure; Path=/; Domain=npmjs.org
< CF-Ray: a44f6045dd9c5f50-TIA
< CF-Cache-Status: HIT
< Access-Control-Allow-Origin: *
< Age: 260
< Cache-Control: public, max-age=300
< ETag: "6728c5e7744c230e04f9bdc76a13dc51"
< Last-Modified: Wed, 15 Jun 2022 00:47:43 GMT
< Server: cloudflare

[PackageManager] waiting for 100 tasks
    [16.21ms]
Downloaded depd versions
> HTTP/1.1 GET https://registry.npmjs.org/uuid
> If-None-Match: W/"29eee96693dbf97689c54a15873d8d3f"
> Accept: application/vnd.npm.install-v1+json; q=1.0, application/json; q=0.8, */*
> Connection: keep-alive
> User-Agent: Bun/1.3.9
> Host: registry.npmjs.org
> Accept-Encoding: gzip, deflate, br, zstd

   - "depd": "~2.0.0" - depd@2.0.0
   - "depd": "~1.1.2" - depd@1.1.2
< 304 Not Modified
< Date: Sat, 03 Oct 2026 22:27:46 GMT
< Connection: keep-alive
< set-cookie: __cf_bm=GOzAR3Up78IDV2yIYcIvXSTSiN9739CmnX2GTn8zTHI-1791066466.033438-1.0.1.1-BKpj.D2_a5b.klnxCc4OsVilUpRv44wY2JTE2KTGAGHuqp0VAZKArt9ODfM_8g1Djtp5geXp.6jbsu5dsaIVAMru70f9MaNPDl70OEEieLSfzP5IOJBVjLGNGiHC6UjH; HttpOnly; SameSite=None; Secure; Path=/; Domain=npmjs.org; Expires=Sat, 03 Oct 2026 22:57:46 GMT
< set-cookie: _cfuvid=.jpQzbWV6KLPbTRq2EXkqID9VmIGZMMsiAjw.8oLyck-1791066466.033438-1.0.1.1-RS1XQiQnWFsj2g.CMH_4mKFIVdvmvbLgAKG6aOBxG_U; HttpOnly; SameSite=None; Secure; Path=/; Domain=npmjs.org
< CF-Ray: a44f6044bc985f50-TIA
< CF-Cache-Status: HIT
< Access-Control-Allow-Origin: *
< Cache-Control: public, max-age=300
< ETag: "a0c2f5bf083e827e9c3fff76d56b3edb"
< Last-Modified: Fri, 06 Jun 2025 19:56:03 GMT
< Server: cloudflare

[PackageManager] waiting for 99 tasks
    [208.17ms]
Downloaded statuses versions
> HTTP/1.1 GET https://registry.npmjs.org/bcryptjs
> If-None-Match: W/"49c9cc449999124e2e62bd4e6aa7a615"
> Accept: application/vnd.npm.install-v1+json; q=1.0, application/json; q=0.8, */*
> Connection: keep-alive
> User-Agent: Bun/1.3.9
> Host: registry.npmjs.org
> Accept-Encoding: gzip, deflate, br, zstd

   - "statuses": "^2.0.2" - statuses@2.0.2
   - "statuses": "~1.5.0" - statuses@1.5.0
< 304 Not Modified
< Date: Sat, 03 Oct 2026 22:27:46 GMT
< Connection: keep-alive
< set-cookie: __cf_bm=WfAQDBv5bxKY.Og7mKnYmmUwxPFX1t2VxaIl1cXzd4Y-1791066466.220093-1.0.1.1-O3kWKTZMYhzLLcWUIy7Jy9rXZFs1StgahIo2n.Y5vxXcKxAWg79cSCMOoSm6sIWBv6guNlx6WNQEZCid6qrKmjZ0thxpmZqphVPQ3sRhcPrchXD5p0sc.MBRiJftjXlk; HttpOnly; SameSite=None; Secure; Path=/; Domain=npmjs.org; Expires=Sat, 03 Oct 2026 22:57:46 GMT
< set-cookie: _cfuvid=deJWpeEdbxhEHuQC7Gd1LnC_fJxfL.ghN1p0SthO9pg-1791066466.220093-1.0.1.1-tRouXU3v614sLsKTaIMvKuD.3MKO8CgjmjV2mzBPjlM; HttpOnly; SameSite=None; Secure; Path=/; Domain=npmjs.org
< CF-Ray: a44f6045ddcbf474-TIA
< CF-Cache-Status: HIT
< Access-Control-Allow-Origin: *
< Age: 276
< Cache-Control: public, max-age=300
< ETag: "d3a161987bc680bbc6f14271bbd102d3"
< Last-Modified: Tue, 08 Apr 2025 14:12:29 GMT
< Server: cloudflare

[PackageManager] waiting for 98 tasks
    [24.69ms]
Downloaded http-parser-js versions
> HTTP/1.1 GET https://registry.npmjs.org/apache-md5
> If-None-Match: W/"58b29b212de639f7450a6a1ea8fd9fda"
> Accept: application/vnd.npm.install-v1+json; q=1.0, application/json; q=0.8, */*
> Connection: keep-alive
> User-Agent: Bun/1.3.9
> Host: registry.npmjs.org
> Accept-Encoding: gzip, deflate, br, zstd

   - "http-parser-js": ">=0.5.1" - http-parser-js@0.5.10
< 304 Not Modified
< Date: Sat, 03 Oct 2026 22:27:46 GMT
< Connection: keep-alive
< set-cookie: __cf_bm=9Dgu2fUMswwqK9TPLoy0Tn7kKROsw01c47Z0PicwiSE-1791066466.2294192-1.0.1.1-.DKk3Q4cEED_UPC2DjYMJFzD.PhowR07raGxkLotQEV699nzcmXzK3CkGmgmcfkLCSaIBl9_qUhfWVJjMbdMZvQi3311Eky4XwWN3DmzE6NvLGWdzFuk168rwZnzVdO4; HttpOnly; SameSite=None; Secure; Path=/; Domain=npmjs.org; Expires=Sat, 03 Oct 2026 22:57:46 GMT
< set-cookie: _cfuvid=w666TtMmpgjJxd6B_v8qSSqC6Rjw50.GJbShF0ZQevY-1791066466.2294192-1.0.1.1-GF4.P8a6MJwl0ucZAIhurxNi9mhy2gxua3ctMUPPnK0; HttpOnly; SameSite=None; Secure; Path=/; Domain=npmjs.org
< CF-Ray: a44f6045edb05f50-TIA
< CF-Cache-Status: HIT
< Access-Control-Allow-Origin: *
< Age: 206
< Cache-Control: public, max-age=300
< ETag: "34d2e49903dfbcae7d15d827d1ddf3fa"
< Last-Modified: Sat, 04 Mar 2023 04:01:47 GMT
< Server: cloudflare

[PackageManager] waiting for 97 tasks
    [20.20ms]
Downloaded normalize-path versions
> HTTP/1.1 GET https://registry.npmjs.org/apache-crypt
> If-None-Match: W/"d363a358c89af113494cdd38907423fc"
> Accept: application/vnd.npm.install-v1+json; q=1.0, application/json; q=0.8, */*
> Connection: keep-alive
> User-Agent: Bun/1.3.9
> Host: registry.npmjs.org
> Accept-Encoding: gzip, deflate, br, zstd

   - "normalize-path": "^3.0.0" - normalize-path@3.0.0
< 304 Not Modified
< Date: Sat, 03 Oct 2026 22:27:46 GMT
< Connection: keep-alive
< set-cookie: __cf_bm=lEXXw0GruniOUNamX8MhsBfSJ4tu3Ede2fYY4mgENoM-1791066466.229792-1.0.1.1-40szkNaMzU08eaO.tH8b7lNWOyZ1_t2edGWRMn1O4TH2i9BLsXSn4.wzPYRFmOUijG4.QpTIcgOxP7ZQ3baJqObv50_R8FDTIpKztb.PUWfZIRZZOgyI2Yr_pgofJHGu; HttpOnly; SameSite=None; Secure; Path=/; Domain=npmjs.org; Expires=Sat, 03 Oct 2026 22:57:46 GMT
< set-cookie: _cfuvid=Pic3Y9UjfsyRyARdLamu5I6HUdmu5Kxuc1GAYyUVYZs-1791066466.229792-1.0.1.1-ltux8Ag0UEyaiT9y0OWC796qVbNvM8RkqY9tniGz59Q; HttpOnly; SameSite=None; Secure; Path=/; Domain=npmjs.org
< CF-Ray: a44f6045ed1151a4-TIA
< CF-Cache-Status: HIT
< Access-Control-Allow-Origin: *
< Age: 264
< Cache-Control: public, max-age=300
< ETag: "87c2c1b3cd75b21bfe320d11f4f98f5f"
< Last-Modified: Fri, 21 Jul 2023 15:52:32 GMT
< Server: cloudflare

[PackageManager] waiting for 96 tasks
    [20.20ms]
Downloaded path-is-absolute versions
< 304 Not Modified
< Date: Sat, 03 Oct 2026 22:27:46 GMT
< Connection: keep-alive
< set-cookie: __cf_bm=caih.G0TmDDCLkbgOUc3YtyJ4Sp0TGlwV0NmFjfWaWY-1791066466.229507-1.0.1.1-diJe8iTMzdmpqz8h3tTP.imskCbxQLnA6hHql8EXEr8tJ80REylwRRGXj7tlKTbFxOTThMFy.SV6QkzYwUhOu3ek3Vsx0Ij4giiQ8ciFibKac64NMRkMVNx8FPM2MEZo; HttpOnly; SameSite=None; Secure; Path=/; Domain=npmjs.org; Expires=Sat, 03 Oct 2026 22:57:46 GMT
< set-cookie: _cfuvid=3orkxixrAoGCR3LPz6g1YQEhPUVSuS4RdAFGCujN7VQ-1791066466.229507-1.0.1.1-qnjTqf42npelsweqq7uGkU1W1jHGw4D5CcjDx3.p940; HttpOnly; SameSite=None; Secure; Path=/; Domain=npmjs.org
< CF-Ray: a44f6045e9919b00-TIA
< CF-Cache-Status: HIT
< Access-Control-Allow-Origin: *
< Age: 299
< Cache-Control: public, max-age=300
< ETag: "f0279b3718b7bec6f2c25eae17c9892d"
< Last-Modified: Tue, 30 Apr 2024 16:50:27 GMT
< Server: cloudflare

< 304 Not Modified
< Date: Sat, 03 Oct 2026 22:27:46 GMT
< Connection: keep-alive
< set-cookie: __cf_bm=2tKR43Eq0ptCGCS_aKNfxY8yvZPT3H46SiSSXvyLDCU-1791066466.0492587-1.0.1.1-fHTaf11Fs9utzbGU.nD5H2lX9NQ2iQn0NFd4eZnt58w99se_s1Oc7jgkZL4Emh_MTqc6UR73CKVZCMGjHZ4UwNHoKyF6jqDsE_J9u7AgvD_nOY4hiXsrzCidABEtzg1g; HttpOnly; SameSite=None; Secure; Path=/; Domain=npmjs.org; Expires=Sat, 03 Oct 2026 22:57:46 GMT
< set-cookie: _cfuvid=1tOw4ebcbSWaSrsSv6DkqQXMAiYrTNNiUaEJ77y4RFo-1791066466.0492587-1.0.1.1-e8By02ZkWRymuAE8oeSxDX4TCE36WEgBfZjiNxG56D8; HttpOnly; SameSite=None; Secure; Path=/; Domain=npmjs.org
< CF-Ray: a44f6044cb5bbd99-TIA
< CF-Cache-Status: HIT
< Access-Control-Allow-Origin: *
< Cache-Control: public, max-age=300
< ETag: "3969b810cf56c792e50772eeff68d20b"
< Last-Modified: Tue, 03 Feb 2026 04:12:38 GMT
< Server: cloudflare

   - "path-is-absolute": "^1.0.0" - path-is-absolute@1.0.1
> HTTP/1.1 GET https://registry.npmjs.org/undici-types
> If-None-Match: W/"22c63ca0bd55c7c08d2dd4b07aaf49d9"
> Accept: application/vnd.npm.install-v1+json; q=1.0, application/json; q=0.8, */*
> Connection: keep-alive
> User-Agent: Bun/1.3.9
> Host: registry.npmjs.org
> Accept-Encoding: gzip, deflate, br, zstd

[PackageManager] waiting for 95 tasks
> HTTP/1.1 GET https://registry.npmjs.org/acorn
> If-None-Match: W/"80e291334766068f9d653a3856c78ed6"
> Accept: application/vnd.npm.install-v1+json; q=1.0, application/json; q=0.8, */*
> Connection: keep-alive
> User-Agent: Bun/1.3.9
> Host: registry.npmjs.org
> Accept-Encoding: gzip, deflate, br, zstd

    [20.30ms]
Downloaded is-binary-path versions
> HTTP/1.1 GET https://registry.npmjs.org/ufo
> If-None-Match: W/"3f11b3a756dd2d586fbf26370d08b0ab"
> Accept: application/vnd.npm.install-v1+json; q=1.0, application/json; q=0.8, */*
> Connection: keep-alive
> User-Agent: Bun/1.3.9
> Host: registry.npmjs.org
> Accept-Encoding: gzip, deflate, br, zstd

   - "is-binary-path": "^1.0.0" - is-binary-path@1.0.1
   - "is-binary-path": "~2.1.0" - is-binary-path@2.1.0
    [202.17ms]
Downloaded unpipe versions
   - "unpipe": "~1.0.0" - unpipe@1.0.0
Enqueue package manifest for download: binary-extensions
< 304 Not Modified
< Date: Sat, 03 Oct 2026 22:27:46 GMT
< Connection: keep-alive
< set-cookie: __cf_bm=HELUC6jnRFCCwPpb5o8NDkqzxfu4vX9hNflY5CUjQsg-1791066466.2401214-1.0.1.1-OUid0udIfZgVfIg4FK03e4QjsIBBL1Vj3LJ4XipavOzscwuOjkcZOVeFvrknN4P9nN54pGuvCmfMtErDYK8wCr3K5YTCux6PKNmwTUotmHlo.BYEXnPN0R.ZGhjj9u40; HttpOnly; SameSite=None; Secure; Path=/; Domain=npmjs.org; Expires=Sat, 03 Oct 2026 22:57:46 GMT
< set-cookie: _cfuvid=4smP5Hp5EQbzTMKLpMc6yOMRHK6aZuqzAWDVwYWl1p0-1791066466.2401214-1.0.1.1-xtCQsgdPdi9oMxlNJUSMNJb645s5m3H1Kb2qqxx.DIc; HttpOnly; SameSite=None; Secure; Path=/; Domain=npmjs.org
< CF-Ray: a44f6045fdbd5f50-TIA
< CF-Cache-Status: HIT
< Access-Control-Allow-Origin: *
< Age: 197
< Cache-Control: public, max-age=300
< ETag: "49c9cc449999124e2e62bd4e6aa7a615"
< Last-Modified: Fri, 24 Apr 2026 23:30:19 GMT
< Server: cloudflare

[PackageManager] waiting for 94 tasks
    [15.91ms]
Downloaded bcryptjs versions
> HTTP/1.1 GET https://registry.npmjs.org/js-tokens
> If-None-Match: W/"ba80b3db1217e211288df7d05b667eba"
> Accept: application/vnd.npm.install-v1+json; q=1.0, application/json; q=0.8, */*
> Connection: keep-alive
> User-Agent: Bun/1.3.9
> Host: registry.npmjs.org
> Accept-Encoding: gzip, deflate, br, zstd

   - "bcryptjs": "^2.3.0" - bcryptjs@2.4.3
> HTTP/1.1 GET https://codeload.github.com/tscircuit/bga-fanout-solver/legacy.tar.gz/247c835cb8d69b65e53891dcf869731079415b39
> Connection: keep-alive
> User-Agent: Bun/1.3.9
> Accept: */*
> Host: codeload.github.com
> Accept-Encoding: gzip, deflate, br, zstd

> HTTP/1.1 GET https://codeload.github.com/tscircuit/winding-breakout-point-solver/legacy.tar.gz/202dbe9eb0088633b6fa094120dba6f2f41f8803
> Connection: keep-alive
> User-Agent: Bun/1.3.9
> Accept: */*
> Host: codeload.github.com
> Accept-Encoding: gzip, deflate, br, zstd

< 304 Not Modified
< Date: Sat, 03 Oct 2026 22:27:46 GMT
< Connection: keep-alive
< set-cookie: __cf_bm=fxvirYkqZYRF97RuR3xeBGYFCLCPOPDhEB231lgVss4-1791066466.0593667-1.0.1.1-PHwJlSiHVKGvVJ0w4OOaAQO1s.Hxbbl1dup7rM4p1OQl_XPzzOLzTfL3CMMBeCAgAwIbzlz9RyXRTvva0xcFeZGiRScYrfTu.SutpzaZm6wNh9OU9AUlNXq0gS_RYMb7; HttpOnly; SameSite=None; Secure; Path=/; Domain=npmjs.org; Expires=Sat, 03 Oct 2026 22:57:46 GMT
< set-cookie: _cfuvid=6.qmfCBvUOrlLCtP9f4Mew1EOnR7NwGLBjc7UKsmd4s-1791066466.0593667-1.0.1.1-Zm5t1fu7PeTVI9v6ZgX_hCJCBAAFV2QWlVnZwV0Jm9A; HttpOnly; SameSite=None; Secure; Path=/; Domain=npmjs.org
< CF-Ray: a44f6044d8719b00-TIA
< CF-Cache-Status: HIT
< Access-Control-Allow-Origin: *
< Cache-Control: public, max-age=300
< ETag: "aa087c0e8927bc5a6820282f57b28c4d"
< Last-Modified: Fri, 23 Feb 2024 08:48:59 GMT
< Server: cloudflare

[PackageManager] waiting for 93 tasks
    [201.44ms]
Downloaded polished versions
> HTTP/1.1 GET https://registry.npmjs.org/@jridgewell%2fgen-mapping
> If-None-Match: W/"e97b1f0653b627ab106695270149a826"
> Accept: application/vnd.npm.install-v1+json; q=1.0, application/json; q=0.8, */*
> Connection: keep-alive
> User-Agent: Bun/1.3.9
> Host: registry.npmjs.org
> Accept-Encoding: gzip, deflate, br, zstd

   - "polished": "^4.3.1" - polished@4.3.1
Enqueue package manifest for download: @babel/runtime
> HTTP/1.1 GET https://codeload.github.com/tscircuit/ti/legacy.tar.gz/57e314be4b2b06bc546d4def7453e619604d1157
> Connection: keep-alive
> User-Agent: Bun/1.3.9
> Accept: */*
> Host: codeload.github.com
> Accept-Encoding: gzip, deflate, br, zstd

> HTTP/1.1 GET https://codeload.github.com/tscircuit/jlcpcb-manufacturing-specs/legacy.tar.gz/23260504fceffff2d64bf11720f74e974d1d9321
> Connection: keep-alive
> User-Agent: Bun/1.3.9
> Accept: */*
> Host: codeload.github.com
> Accept-Encoding: gzip, deflate, br, zstd

> HTTP/1.1 GET https://codeload.github.com/tscircuit/implicit-copper-pour-solver/legacy.tar.gz/a5cbbda0cd65fd4707c5c1af25779837c25aba92
> Connection: keep-alive
> User-Agent: Bun/1.3.9
> Accept: */*
> Host: codeload.github.com
> Accept-Encoding: gzip, deflate, br, zstd

< 304 Not Modified
< Date: Sat, 03 Oct 2026 22:27:46 GMT
< Connection: keep-alive
< set-cookie: __cf_bm=T5KbGcjroMLu4BtJx81YHtTYuPTiq87ewfQDn7asX7U-1791066466.25075-1.0.1.1-rXkkVkLBXUzdN0znX6y6SKxzfevGKfp6XLVudGO6EH.gQftyAniDWoXs6LEp1CLGmJi7LNQMQhhwmkbnrd3IXLPhRfG476FnqO3KdAq8iMI2Ku2Uaq_Gy66M27wc45d7; HttpOnly; SameSite=None; Secure; Path=/; Domain=npmjs.org; Expires=Sat, 03 Oct 2026 22:57:46 GMT
< set-cookie: _cfuvid=okuUPDFJnf3W8MXcmgk9fosOJebEBXNpQ1UuWhtYRbA-1791066466.25075-1.0.1.1-QYy.sHnADKnRq.aD7rgT8GpZu3dUMmG3l9ox6urq7RU; HttpOnly; SameSite=None; Secure; Path=/; Domain=npmjs.org
< CF-Ray: a44f604619b69b00-TIA
< CF-Cache-Status: HIT
< Access-Control-Allow-Origin: *
< Age: 266
< Cache-Control: public, max-age=300
< ETag: "80e291334766068f9d653a3856c78ed6"
< Last-Modified: Tue, 28 Jul 2026 06:47:50 GMT
< Server: cloudflare

> HTTP/1.1 GET https://registry.npmjs.org/commander
> If-None-Match: W/"7b84e6bc500492efb16d14348874101f"
> Accept: application/vnd.npm.install-v1+json; q=1.0, application/json; q=0.8, */*
> Connection: keep-alive
> User-Agent: Bun/1.3.9
> Host: registry.npmjs.org
> Accept-Encoding: gzip, deflate, br, zstd

[PackageManager] waiting for 93 tasks
    [21.69ms]
Downloaded acorn versions
   - "acorn": "^8.16.0" - acorn@8.18.0
> HTTP/1.1 GET https://codeload.github.com/tscircuit/via-stitch-solver/legacy.tar.gz/64f2ac7781b795bdc0d74ba411988e60767fa653
> Connection: keep-alive
> User-Agent: Bun/1.3.9
> Accept: */*
> Host: codeload.github.com
> Accept-Encoding: gzip, deflate, br, zstd

< 304 Not Modified
< Date: Sat, 03 Oct 2026 22:27:46 GMT
< Connection: keep-alive
< set-cookie: __cf_bm=q4UXInCC7ASnHO5Zo66eXfZswt57.dC1j.gL.gQYam8-1791066466.0755975-1.0.1.1-SUBz4aQ_AVcWA8MQrFRDlu.PbCSx05z5wIjENFpq.bBuAox4y7wTxonodSYi2lubfC58yAZomNPep0jEWXG2sSudVSrjOuzRZhAil8Op5p3DWQBbSp96BsFCbo8Iezrr; HttpOnly; SameSite=None; Secure; Path=/; Domain=npmjs.org; Expires=Sat, 03 Oct 2026 22:57:46 GMT
< set-cookie: _cfuvid=LNGx5OPxlna4_AGEPhBBOsNT5SdGoCb7xrBzSQj.0DM-1791066466.0755975-1.0.1.1-CqmulRpQn6_CNTU1u43jUPQEM5jLDZjP.tkLmtLk1bg; HttpOnly; SameSite=None; Secure; Path=/; Domain=npmjs.org
< CF-Ray: a44f6044f8829b00-TIA
< CF-Cache-Status: HIT
< Access-Control-Allow-Origin: *
< Cache-Control: public, max-age=300
< ETag: "1a30ee3ea5e781aba48261613bb215ab"
< Last-Modified: Tue, 15 Sep 2026 15:05:59 GMT
< Server: cloudflare

[PackageManager] waiting for 92 tasks
    [207.61ms]
Downloaded react-router-dom versions
> HTTP/1.1 GET https://registry.npmjs.org/lines-and-columns
> If-None-Match: W/"0c9dd23480a11f8503d2aecb1f5d7c4f"
> Accept: application/vnd.npm.install-v1+json; q=1.0, application/json; q=0.8, */*
> Connection: keep-alive
> User-Agent: Bun/1.3.9
> Host: registry.npmjs.org
> Accept-Encoding: gzip, deflate, br, zstd

   - "react-router-dom": "^6.28.0" - react-router-dom@6.30.6
   - "react-router": "6.30.6" - react-router@6.30.6
   - "@remix-run/router": "1.23.4" - @remix-run/router@1.23.4
> HTTP/1.1 GET https://codeload.github.com/tscircuit/pcb-trace-linter/legacy.tar.gz/4c035f9d40ffb03ba547a08975b5e64b20371123
> Connection: keep-alive
> User-Agent: Bun/1.3.9
> Accept: */*
> Host: codeload.github.com
> Accept-Encoding: gzip, deflate, br, zstd

< 304 Not Modified
< Date: Sat, 03 Oct 2026 22:27:46 GMT
< Connection: keep-alive
< set-cookie: __cf_bm=xeD7ESje5sM0DRYsF6y2tfqNgNXKSlbAfJDNObEzo1g-1791066466.1368458-1.0.1.1-L7dO8L0_SUuvga1MR0TalT0geKupVDZs5uSk3IbmG1VbhyiY7kuYJ8ZVz6xa30jfsw5Brc5y6W9J6xahqXG9vNRu39mYsNV8vXlbF4_F6Qob64Yez.nRlHiUhnjFYvzi; HttpOnly; SameSite=None; Secure; Path=/; Domain=npmjs.org; Expires=Sat, 03 Oct 2026 22:57:46 GMT
< set-cookie: _cfuvid=UWr9n5L3jFKaHJGrgNsG_DrndKT86WxNn4rcQiVHy78-1791066466.1368458-1.0.1.1-MivVju7CI4JyIDCjmqYanI9q40_z8xkvfxq_uh_126k; HttpOnly; SameSite=None; Secure; Path=/; Domain=npmjs.org
< CF-Ray: a44f604558f79b00-TIA
< CF-Cache-Status: HIT
< Access-Control-Allow-Origin: *
< Cache-Control: public, max-age=300
< ETag: "890e06e15d900a911ca1a687d22fa6cf"
< Last-Modified: Wed, 23 Sep 2026 12:01:24 GMT
< Server: cloudflare

[PackageManager] waiting for 91 tasks
    [201.96ms]
Downloaded magic-string versions
> HTTP/1.1 GET https://registry.npmjs.org/mz
> If-None-Match: W/"1d56b93f6ab1202eac4115844e85b131"
> Accept: application/vnd.npm.install-v1+json; q=1.0, application/json; q=0.8, */*
> Connection: keep-alive
> User-Agent: Bun/1.3.9
> Host: registry.npmjs.org
> Accept-Encoding: gzip, deflate, br, zstd

< 304 Not Modified
< Date: Sat, 03 Oct 2026 22:27:46 GMT
< Connection: keep-alive
< set-cookie: __cf_bm=E5qxJPCaQVHr5dVHqqRKHcc1.YlP2fuc2dS7HMIOwhc-1791066466.136603-1.0.1.1-LxR74IZMGxBB3GJzHBdBR5D6QC2Jo6MptKJw3xrP5AbAEy5Fwx1Ib4I30rLVvmrgoTAl68BXPJwGVnxpL2UaHo72AjpifFthJ4QkqZJmcSjvl77S7alf9yUINM6v4WEj; HttpOnly; SameSite=None; Secure; Path=/; Domain=npmjs.org; Expires=Sat, 03 Oct 2026 22:57:46 GMT
< set-cookie: _cfuvid=wFPzzoVSeow1rnPXvkdnZtsaWlR1Z3RfD9lM7J5ops0-1791066466.136603-1.0.1.1-t5hgjwYcp1HO8Ypy2ZDA8UFAT3TvhRe3yLW0W429IU0; HttpOnly; SameSite=None; Secure; Path=/; Domain=npmjs.org
< CF-Ray: a44f60455c9c51a4-TIA
< CF-Cache-Status: HIT
< Access-Control-Allow-Origin: *
< Cache-Control: public, max-age=300
< ETag: "79a82a7a153dc5b614919a223e8f9318"
< Last-Modified: Tue, 11 Feb 2025 19:47:37 GMT
< Server: cloudflare

< 304 Not Modified
< Date: Sat, 03 Oct 2026 22:27:46 GMT
< Connection: keep-alive
< set-cookie: __cf_bm=pw6LXaUcGVX2MXtas0Vm8OyVQcApeAAiwzBT1e6d93c-1791066466.1365123-1.0.1.1-0SigxxLsmglGuaHn74O8UADJc1ygRp1RuqTXdMv49.stNmuXiWDgCeZhotMPCzyTw7QDy1dacuPCuH.5xJpn3wv4xqhT6aUmbm05X6XsCz5D2PKiamoZ.Pc08CLjpkvl; HttpOnly; SameSite=None; Secure; Path=/; Domain=npmjs.org; Expires=Sat, 03 Oct 2026 22:57:46 GMT
< set-cookie: _cfuvid=GKNS4QqodgUbZMpT71V4TijF_nv8a_kMxnYbpAa4_I8-1791066466.1365123-1.0.1.1-13D4lUTPkF8VHGbcPvDfCCX49rISn_sN_PL2bI0uyK8; HttpOnly; SameSite=None; Secure; Path=/; Domain=npmjs.org
< CF-Ray: a44f60455d057c08-TIA
< CF-Cache-Status: HIT
< Access-Control-Allow-Origin: *
< Cache-Control: public, max-age=300
< ETag: "83df724f9afa95b805cfd6352f0f6282"
< Last-Modified: Thu, 03 Sep 2026 10:25:56 GMT
< Server: cloudflare

> HTTP/1.1 GET https://registry.npmjs.org/pirates
> If-None-Match: W/"99a87e0d7cb0390444dea2d72a85cf2d"
> Accept: application/vnd.npm.install-v1+json; q=1.0, application/json; q=0.8, */*
> Connection: keep-alive
> User-Agent: Bun/1.3.9
> Host: registry.npmjs.org
> Accept-Encoding: gzip, deflate, br, zstd

> HTTP/1.1 GET https://registry.npmjs.org/ts-interface-checker
> If-None-Match: W/"184657744c68b977290103f5741f3cf9"
> Accept: application/vnd.npm.install-v1+json; q=1.0, application/json; q=0.8, */*
> Connection: keep-alive
> User-Agent: Bun/1.3.9
> Host: registry.npmjs.org
> Accept-Encoding: gzip, deflate, br, zstd

   - "magic-string": "^0.30.17" - magic-string@0.30.21
Enqueue package manifest for download: @jridgewell/sourcemap-codec
[PackageManager] waiting for 91 tasks
    [201.87ms]
Downloaded pathe versions
   - "pathe": "^2.0.1" - pathe@2.0.3
    [201.86ms]
Downloaded confbox versions
   - "confbox": "^0.1.8" - confbox@0.1.8
< 304 Not Modified
< Date: Sat, 03 Oct 2026 22:27:46 GMT
< Connection: keep-alive
< set-cookie: __cf_bm=.RJ9wWk1WeXT1iCtDrxyRKeCgYRZLG5Tg.rxTAVUkBk-1791066466.1471364-1.0.1.1-1oBe4vWOTflsP6ONo1Dm16gQVReCD3KcQMF8RKi4R.BPJQ4X5M7JtZg9dt6zb3H5BU2b_ArYaq1THDAjdC0wRDf6JuukEYQDKqQsYg4JGada8Js1lv705lbDZu8I5eb9; HttpOnly; SameSite=None; Secure; Path=/; Domain=npmjs.org; Expires=Sat, 03 Oct 2026 22:57:46 GMT
< set-cookie: _cfuvid=TiJrvxeH6tYc5INSOgXSSUkexk6IAC5qBGiszFWxIUE-1791066466.1471364-1.0.1.1-5wH4pU3uifPm36c9_cA0g53huV7Kebmwfzj6iApWNPU; HttpOnly; SameSite=None; Secure; Path=/; Domain=npmjs.org
< CF-Ray: a44f60456be6bd99-TIA
< CF-Cache-Status: HIT
< Access-Control-Allow-Origin: *
< Cache-Control: public, max-age=300
< ETag: "4377191a286ea4f42390346d6751f8fd"
< Last-Modified: Tue, 09 Apr 2024 19:21:46 GMT
< Server: cloudflare

[PackageManager] waiting for 89 tasks
    [195.62ms]
Downloaded yallist versions
> HTTP/1.1 GET https://registry.npmjs.org/@flatten-js%2finterval-tree
> If-None-Match: W/"109d73e822b730ec7f06d6e5a40e6ce3"
> Accept: application/vnd.npm.install-v1+json; q=1.0, application/json; q=0.8, */*
> Connection: keep-alive
> User-Agent: Bun/1.3.9
> Host: registry.npmjs.org
> Accept-Encoding: gzip, deflate, br, zstd

   - "yallist": "^4.0.0" - yallist@4.0.0
< 304 Not Modified
< Date: Sat, 03 Oct 2026 22:27:46 GMT
< Connection: keep-alive
< set-cookie: __cf_bm=ejhD0CSm.ovqgFax3qcluTU4JwOIfAx2Tx14AX0j.Nw-1791066465.8024814-1.0.1.1-0dM8aTO2RdhMEZppCi0f7KLnAPV5RRp8MF.VzprSN1qeSinGJbfHTexoeDUcOFBoOqAxuImvNnjHzXwT8ccw_XePoXjW8pPxEvNxbjKwdLBmSpZoGq5z51gdrQWfzrJ9; HttpOnly; SameSite=None; Secure; Path=/; Domain=npmjs.org; Expires=Sat, 03 Oct 2026 22:57:46 GMT
< set-cookie: _cfuvid=qqM1lJSzEXfVjeANDuICkSt5G2rWeiPVMV9_uc048DQ-1791066465.8024814-1.0.1.1-VjlDfZcrZGaD07iBGrWtgnnCaWserXa5KpgQKNrPpO0; HttpOnly; SameSite=None; Secure; Path=/; Domain=npmjs.org
< CF-Ray: a44f60434f79a5b3-TIA
< CF-Cache-Status: REVALIDATED
< Access-Control-Allow-Origin: *
< Cache-Control: public, max-age=300
< ETag: "205c4aa1c0a988493c644fe864464620"
< Last-Modified: Fri, 24 Jul 2026 15:23:54 GMT
< Server: cloudflare

[PackageManager] waiting for 88 tasks
    [544.53ms]
Downloaded @octokit/action versions
> HTTP/1.1 GET https://registry.npmjs.org/@react-hook%2flatest
> If-None-Match: W/"d431e3c372e13bd77170394e72eb7dca"
> Accept: application/vnd.npm.install-v1+json; q=1.0, application/json; q=0.8, */*
> Connection: keep-alive
> User-Agent: Bun/1.3.9
> Host: registry.npmjs.org
> Accept-Encoding: gzip, deflate, br, zstd

< 304 Not Modified
< Date: Sat, 03 Oct 2026 22:27:46 GMT
< Connection: keep-alive
< set-cookie: __cf_bm=cfF1TFQmkdWj6bppUVOwEtGBCS13obQZ0EhK99ehgSk-1791066466.147193-1.0.1.1-eM9DcGKLzR0UAZl42.cX3gwiWzgOfdvJzk2U1wEMeNtsevKr2rLyi.avdwMQPrMzC1FM5u5NRUOKxH4KAiszwrho6Hker12oQie_wQ5DU8rCZLmydt6K583LZFHNGzoZ; HttpOnly; SameSite=None; Secure; Path=/; Domain=npmjs.org; Expires=Sat, 03 Oct 2026 22:57:46 GMT
< set-cookie: _cfuvid=bC3mVp2vgTRhizknIyyADVcyijfNwQWQ0JzZMNRw1iM-1791066466.147193-1.0.1.1-9GdQ72wSUZqDlBeTSm1A8C6uLTK5.8TDvCn5kXx_GyA; HttpOnly; SameSite=None; Secure; Path=/; Domain=npmjs.org
< CF-Ray: a44f60456a37a5b3-TIA
< CF-Cache-Status: HIT
< Access-Control-Allow-Origin: *
< Cache-Control: public, max-age=300
< ETag: "9c0c86a6d954805896e63952d2b1e0b1"
< Last-Modified: Mon, 24 Aug 2026 14:36:25 GMT
< Server: cloudflare

> HTTP/1.1 GET https://registry.npmjs.org/@react-hook%2fpassive-layout-effect
> If-None-Match: W/"ecbeceb5eaff0e161f414d2110db62d8"
> Accept: application/vnd.npm.install-v1+json; q=1.0, application/json; q=0.8, */*
> Connection: keep-alive
> User-Agent: Bun/1.3.9
> Host: registry.npmjs.org
> Accept-Encoding: gzip, deflate, br, zstd

   - "@octokit/action": "^6.1.0" - @octokit/action@6.1.0
Enqueue package manifest for download: undici
Enqueue package manifest for download: @octokit/core
Enqueue package manifest for download: @octokit/types
Enqueue package manifest for download: @octokit/auth-action
Enqueue package manifest for download: @octokit/plugin-paginate-rest
Enqueue package manifest for download: @octokit/plugin-rest-endpoint-methods
[PackageManager] waiting for 93 tasks
    [199.33ms]
Downloaded picomatch versions
   - "picomatch": "^4.0.4" - picomatch@4.0.7
< 304 Not Modified
< Date: Sat, 03 Oct 2026 22:27:46 GMT
< Connection: keep-alive
< set-cookie: __cf_bm=fid0MFTgFLRqK6H.RDtiFa.9rmY7jQo.GSDl.XRuXMY-1791066466.1472142-1.0.1.1-S76agqE5_QmHZMCki26iwjaHBYoj33WSikkOjwv62q9J48ZRVDiTIkapqqooVRIzDKIWwmxtxhKnDNCfAML2ogX8YE2.G4MCmc_lwrA.zqEHiKbV9pJxoPdVWkHWbMoV; HttpOnly; SameSite=None; Secure; Path=/; Domain=npmjs.org; Expires=Sat, 03 Oct 2026 22:57:46 GMT
< set-cookie: _cfuvid=1Mi38KwT1Vr62ZGU3J8ao_agoq9X4O4h0itsNL4he10-1791066466.1472142-1.0.1.1-czWn9gyjNGrdMQ5Gm1FfDHp.afkjlEmbgD4QJtmcSqE; HttpOnly; SameSite=None; Secure; Path=/; Domain=npmjs.org
< CF-Ray: a44f60456d5cf474-TIA
< CF-Cache-Status: HIT
< Access-Control-Allow-Origin: *
< Cache-Control: public, max-age=300
< ETag: "47eaba128232b2a94c0f38f9b8018e5c"
< Last-Modified: Tue, 03 Dec 2024 11:49:18 GMT
< Server: cloudflare

[PackageManager] waiting for 92 tasks
    [204.62ms]
Downloaded lilconfig versions
> HTTP/1.1 GET https://registry.npmjs.org/pump
> If-None-Match: W/"1adf5d6ae099b6882175b66dc9351f37"
> Accept: application/vnd.npm.install-v1+json; q=1.0, application/json; q=0.8, */*
> Connection: keep-alive
> User-Agent: Bun/1.3.9
> Host: registry.npmjs.org
> Accept-Encoding: gzip, deflate, br, zstd

   - "lilconfig": "^3.1.1" - lilconfig@3.1.3
< 304 Not Modified
< Date: Sat, 03 Oct 2026 22:27:46 GMT
< Connection: keep-alive
< set-cookie: __cf_bm=66WjpESvCO89VmXCIXmqleqFarO7itQYLEuvaB647qg-1791066466.1521456-1.0.1.1-A7C4D8YQHkFuicNp53XxpxccOvj.sg4IEbBaTPvringTb5hC77GmMsRYULwt5HugOJ7tsFKFp9sZK.jTiOV5UHOqd2g8SEz6gQ42QOVVjlROl4IJOvrmQXGOwLFvJU3p; HttpOnly; SameSite=None; Secure; Path=/; Domain=npmjs.org; Expires=Sat, 03 Oct 2026 22:57:46 GMT
< set-cookie: _cfuvid=LSylNJncshDBQlQUR2BJnr_SvEllwptL1j2QLT6TKUs-1791066466.1521456-1.0.1.1-ZonY7zVKIjaVx0xxo.dZXjlw5JrEeQvnnoM3jzq_sBQ; HttpOnly; SameSite=None; Secure; Path=/; Domain=npmjs.org
< CF-Ray: a44f60457d355f50-TIA
< CF-Cache-Status: HIT
< Access-Control-Allow-Origin: *
< Cache-Control: public, max-age=300
< ETag: "1001a445e931cc3ffb97a63acd619217"
< Last-Modified: Sun, 26 Jun 2022 18:18:16 GMT
< Server: cloudflare

[PackageManager] waiting for 91 tasks
    [198.14ms]
Downloaded set-blocking versions
< 304 Not Modified
< Date: Sat, 03 Oct 2026 22:27:46 GMT
< Connection: keep-alive
< set-cookie: __cf_bm=JqgSwLjD5Ub.9UvJK1dmp_kLzpbogsfsYFA7k7oilS0-1791066466.147585-1.0.1.1-aTsRi_3M0xBvfCd.pKHEzwaWdGMKdCGLZXdnVLstgzcfynK_8a7iE1_xD6hPkocb6cqqaGnODy4VKKNWIsWOF46OXLgwVqlX2xFG.loQ19IFUlKJp577QfeJUR7qZjd_; HttpOnly; SameSite=None; Secure; Path=/; Domain=npmjs.org; Expires=Sat, 03 Oct 2026 22:57:46 GMT
< set-cookie: _cfuvid=SwubdKFCwkthqooRZBHZiFbNHzPGDGeXha.6VwQ9i0M-1791066466.147585-1.0.1.1-qWqtEs3_3mSGSeqxCG0bV9_gHSIQqwRELE5tZ3kX.hE; HttpOnly; SameSite=None; Secure; Path=/; Domain=npmjs.org
< CF-Ray: a44f60456bd4793f-TIA
< CF-Cache-Status: HIT
< Access-Control-Allow-Origin: *
< Cache-Control: public, max-age=300
< ETag: "44bcac57b27816fb0c6f974610fb93fe"
< Last-Modified: Wed, 18 Sep 2024 05:34:04 GMT
< Server: cloudflare

   - "set-blocking": "^2.0.0" - set-blocking@2.0.0
< 304 Not Modified
< Date: Sat, 03 Oct 2026 22:27:46 GMT
< Connection: keep-alive
< set-cookie: __cf_bm=0SUlHlAiqN4tqqat9rExG3uXPf8.6YYl2n7J4O4TJZo-1791066466.1521657-1.0.1.1-V7OVkpNwm.SyvEJTLJ3UEeN9iOW7kVweWRgiOqlLyVmCoyJfDRfC_WezOMOdeV9A7OTmgQYPSCl3LjuWYjpHNj4l3Db5y7sRDL6LXUM63Dv_jm77iXPTX98Oh7tY2vcj; HttpOnly; SameSite=None; Secure; Path=/; Domain=npmjs.org; Expires=Sat, 03 Oct 2026 22:57:46 GMT
< set-cookie: _cfuvid=r4dvl.KDlHRlL56gKwSodq7wrNXZKne1UIjbljg.NJ8-1791066466.1521657-1.0.1.1-6kGh.le26nAk5H2LluRMn.3q71_iVeC.cGcq2YpEcAY; HttpOnly; SameSite=None; Secure; Path=/; Domain=npmjs.org
< CF-Ray: a44f60457a40a5b3-TIA
< CF-Cache-Status: HIT
< Access-Control-Allow-Origin: *
< Cache-Control: public, max-age=300
< ETag: "ccac589ba8a9ac9c52d1fbbf97cf8e16"
< Last-Modified: Thu, 01 Oct 2026 13:52:33 GMT
< Server: cloudflare

[PackageManager] waiting for 90 tasks
    [204.74ms]
Downloaded fsevents versions
> HTTP/1.1 GET https://registry.npmjs.org/tar-stream
> If-None-Match: W/"cc45ab8be3932a6111c366432b315f10"
> Accept: application/vnd.npm.install-v1+json; q=1.0, application/json; q=0.8, */*
> Connection: keep-alive
> User-Agent: Bun/1.3.9
> Host: registry.npmjs.org
> Accept-Encoding: gzip, deflate, br, zstd

> HTTP/1.1 GET https://registry.npmjs.org/bare-fs
> If-None-Match: W/"9c9a9f5ea0997c31ac79c9befe63ed60"
> Accept: application/vnd.npm.install-v1+json; q=1.0, application/json; q=0.8, */*
> Connection: keep-alive
> User-Agent: Bun/1.3.9
> Host: registry.npmjs.org
> Accept-Encoding: gzip, deflate, br, zstd

   - "fsevents": "~2.3.2" - fsevents@2.3.3
   - "fsevents": "^1.2.7" - fsevents@1.2.13
    [201.09ms]
Downloaded follow-redirects versions
> HTTP/1.1 GET https://registry.npmjs.org/bare-path
> If-None-Match: W/"4ec07cae7799269850f82fbc0d155e41"
> Accept: application/vnd.npm.install-v1+json; q=1.0, application/json; q=0.8, */*
> Connection: keep-alive
> User-Agent: Bun/1.3.9
> Host: registry.npmjs.org
> Accept-Encoding: gzip, deflate, br, zstd

< 304 Not Modified
< Date: Sat, 03 Oct 2026 22:27:46 GMT
< Connection: keep-alive
< set-cookie: __cf_bm=1C.ZjpKM4ZskZtxQ_r7mBJGfY1Op2CMQ8nnRKYWj5iI-1791066466.1524665-1.0.1.1-cxMw2rFFcGcikUG3OuOPL7Ut7j4F5ljyKB7CqCaNYzHkCSTvLfKr4Xyv9imsODeub1k56n3SpeoSkTrH0VjMjZHBgeCQbxYgmEvT2d0ta0hZYcRIC_usLzPKPUDwuCiZ; HttpOnly; SameSite=None; Secure; Path=/; Domain=npmjs.org; Expires=Sat, 03 Oct 2026 22:57:46 GMT
< set-cookie: _cfuvid=fhB4qEju8KmFsljXzH4YKYTUlZShUXwRRLefpHC9yrs-1791066466.1524665-1.0.1.1-WLDU.Ev7D0_KYTbkBs6B8JCgtsuFKBK5esaqDM6alZ8; HttpOnly; SameSite=None; Secure; Path=/; Domain=npmjs.org
< CF-Ray: a44f60457cb251a4-TIA
< CF-Cache-Status: HIT
< Access-Control-Allow-Origin: *
< Cache-Control: public, max-age=300
< ETag: "10182700ab09c21dbe2e5d398de3753d"
< Last-Modified: Tue, 16 Sep 2025 01:13:58 GMT
< Server: cloudflare

< 304 Not Modified
< Date: Sat, 03 Oct 2026 22:27:46 GMT
< Connection: keep-alive
< set-cookie: __cf_bm=.c6sev0Su7iWwAxAVyG7nxPYzyYEB5CHEduVmEtPTDw-1791066466.1522589-1.0.1.1-47QfpbhqK6LF5l.MUbsli5yKob9DkbNsM93MaTfrZx06E6AMbjsHDcHQlDX.Kw2rifDFdl.MFOzYcGpxHZyPgCgzAVeB_2KPlJzQ.GQ2qvufgzlxGnc4vutZNHGg6q_b; HttpOnly; SameSite=None; Secure; Path=/; Domain=npmjs.org; Expires=Sat, 03 Oct 2026 22:57:46 GMT
< set-cookie: _cfuvid=S.CXGVru.8HMRHdEfJnLCCW79UY3wAnDQAt.AzF1m_0-1791066466.1522589-1.0.1.1-azleZ0w_MPQWJGM_BtQ4FtboAvk6kSWl4LK6m1Exx4o; HttpOnly; SameSite=None; Secure; Path=/; Domain=npmjs.org
< CF-Ray: a44f60457d64f474-TIA
< CF-Cache-Status: HIT
< Access-Control-Allow-Origin: *
< Cache-Control: public, max-age=300
< ETag: "40a22cb940f4b9090e06a43ce4093f03"
< Last-Modified: Sat, 20 Apr 2024 21:34:01 GMT
< Server: cloudflare

< 304 Not Modified
< Date: Sat, 03 Oct 2026 22:27:46 GMT
< Connection: keep-alive
< set-cookie: __cf_bm=9hlgXtWs.n2Hv22pxhdeJE.kTlDz7ZsBYeZ17Q_cT7U-1791066466.1524642-1.0.1.1-XxVSgK4mYg7A8IJhaELEcXztGZUKIu9M.3ozmwasNkmVUGm7p9UtjxEadh0FDB6gmw2P8bjsAwUpxdUY8pLo3chypKYXzOec97gFN.ZuJrgsP4wgQj7COamGdv7yWJQK; HttpOnly; SameSite=None; Secure; Path=/; Domain=npmjs.org; Expires=Sat, 03 Oct 2026 22:57:46 GMT
< set-cookie: _cfuvid=LG1tvspXCwX0Z1qEGiVICKqqT1lU_KDfYukmsjUXDRs-1791066466.1524642-1.0.1.1-dhzFLuhJk3z_LtVk4FXKOzyNzEzWF1aVwyrQFaTcyHc; HttpOnly; SameSite=None; Secure; Path=/; Domain=npmjs.org
< CF-Ray: a44f60457d187c08-TIA
< CF-Cache-Status: HIT
< Access-Control-Allow-Origin: *
< Cache-Control: public, max-age=300
< ETag: "7f00de51c45584d16fa8a6e852b3c49c"
< Last-Modified: Mon, 10 Nov 2025 20:38:45 GMT
< Server: cloudflare

< 304 Not Modified
< Date: Sat, 03 Oct 2026 22:27:46 GMT
< Connection: keep-alive
< set-cookie: __cf_bm=lPAKOGikhNezaVnQ5JreCre5GCmwgEJD2Fg3yoKZIh4-1791066466.1523573-1.0.1.1-eq_puHPapko9QVDVHRsP8_pCdQJUqoeGlqdgD.wm3PqdOiiO1zHiH9tXYum8o_ByS5hAqpWOMV47Ua60yykVU8mmY8.6VxDyoZVPLrVn0.EWsLw30eNPFVrCJMAwW9hi; HttpOnly; SameSite=None; Secure; Path=/; Domain=npmjs.org; Expires=Sat, 03 Oct 2026 22:57:46 GMT
< set-cookie: _cfuvid=KIpM_zfa55543.9jn8uVUh5YAzttmv4U3u9zwigjpPc-1791066466.1523573-1.0.1.1-ENjfpTn4v1Z2yCXo.3Nmj29Ykr6aUmLoIub4l7ZI2bA; HttpOnly; SameSite=None; Secure; Path=/; Domain=npmjs.org
< CF-Ray: a44f60457a41a5b3-TIA
< CF-Cache-Status: HIT
< Access-Control-Allow-Origin: *
< Cache-Control: public, max-age=300
< ETag: "b0e998d9810f1965ed0600c439e1d3e7"
< Last-Modified: Sun, 26 Jun 2022 11:38:44 GMT
< Server: cloudflare

< 304 Not Modified
< Date: Sat, 03 Oct 2026 22:27:46 GMT
< Connection: keep-alive
< set-cookie: __cf_bm=hnU_uXS3_u263PrWrsZjFgrSFM.gEGfVgambYkYzcQk-1791066466.1522508-1.0.1.1-ZU8cycrh3iIk.pDSzNFFQUay6F8Fj2_5ZpjN3WnBCcdKs7HTninVCFQg.eZbYpVR5Is5OiFsX3z7rWiYrOwL20JcWXNXvXlVY7AySiTbKmLyo7_D1g0DFAHj0Jzr3Z6p; HttpOnly; SameSite=None; Secure; Path=/; Domain=npmjs.org; Expires=Sat, 03 Oct 2026 22:57:46 GMT
< set-cookie: _cfuvid=zjol9DJVGvp8nYjw0hwa84CzsVFUCohN7Rh4xmpA9fA-1791066466.1522508-1.0.1.1-9FgrhDqtfE60uYV4b78eoaAFNOASFs7nhYytbvXF_6o; HttpOnly; SameSite=None; Secure; Path=/; Domain=npmjs.org
< CF-Ray: a44f60457a3fa5b3-TIA
< CF-Cache-Status: HIT
< Access-Control-Allow-Origin: *
< Cache-Control: public, max-age=300
< ETag: "e0ed3303226ecfa89ce20e3772e19337"
< Last-Modified: Thu, 19 Feb 2026 00:34:35 GMT
< Server: cloudflare

< 304 Not Modified
< Date: Sat, 03 Oct 2026 22:27:46 GMT
< Connection: keep-alive
< set-cookie: __cf_bm=UXQPYjNRB1VYa0DlZii.JxZB.KAWlwen6UXptiXUIGw-1791066466.1523974-1.0.1.1-JjxxVdiqbkV7dC1Um5s_0sOXPSk.6xJOcBiUaRH_jlWs.E9zJUboXd.wCyXbseKSYlcefjevZma8Y6K0jclkDViEy.TXd8OaFbqow4l32LTIIkAnPhiUVpvsywPJ2fLY; HttpOnly; SameSite=None; Secure; Path=/; Domain=npmjs.org; Expires=Sat, 03 Oct 2026 22:57:46 GMT
< set-cookie: _cfuvid=H8jQO4h0r4dTZ4Prz5QX84g6LwTFAaTB8ny41zRNuHA-1791066466.1523974-1.0.1.1-2akuOg.ynnsB6y.944YZ7yundTdiwnuWhlKKa8RccLM; HttpOnly; SameSite=None; Secure; Path=/; Domain=npmjs.org
< CF-Ray: a44f60457d177c08-TIA
< CF-Cache-Status: HIT
< Access-Control-Allow-Origin: *
< Cache-Control: public, max-age=300
< ETag: "93464acd66dc8c67f1fb2645ea191e6e"
< Last-Modified: Sun, 21 Sep 2025 21:27:21 GMT
< Server: cloudflare

> HTTP/1.1 GET https://registry.npmjs.org/simple-swizzle
> If-None-Match: W/"f38dab1300fd821a6b0448448ae5d299"
> Accept: application/vnd.npm.install-v1+json; q=1.0, application/json; q=0.8, */*
> Connection: keep-alive
> User-Agent: Bun/1.3.9
> Host: registry.npmjs.org
> Accept-Encoding: gzip, deflate, br, zstd

> HTTP/1.1 GET https://registry.npmjs.org/rc
> If-None-Match: W/"11f1f3abb112c965d1bdc9266a1170a8"
> Accept: application/vnd.npm.install-v1+json; q=1.0, application/json; q=0.8, */*
> Connection: keep-alive
> User-Agent: Bun/1.3.9
> Host: registry.npmjs.org
> Accept-Encoding: gzip, deflate, br, zstd

> HTTP/1.1 GET https://registry.npmjs.org/minimist
> If-None-Match: W/"580ec3f441feca374f874c0d63e35022"
> Accept: application/vnd.npm.install-v1+json; q=1.0, application/json; q=0.8, */*
> Connection: keep-alive
> User-Agent: Bun/1.3.9
> Host: registry.npmjs.org
> Accept-Encoding: gzip, deflate, br, zstd

> HTTP/1.1 GET https://registry.npmjs.org/node-abi
> If-None-Match: W/"2d6f7feadeaaa5de93d4ceb66fbb8601"
> Accept: application/vnd.npm.install-v1+json; q=1.0, application/json; q=0.8, */*
> Connection: keep-alive
> User-Agent: Bun/1.3.9
> Host: registry.npmjs.org
> Accept-Encoding: gzip, deflate, br, zstd

> HTTP/1.1 GET https://registry.npmjs.org/mkdirp-classic
> If-None-Match: W/"41e826ade4a0c2a85af7f84a0a74aa09"
> Accept: application/vnd.npm.install-v1+json; q=1.0, application/json; q=0.8, */*
> Connection: keep-alive
> User-Agent: Bun/1.3.9
> Host: registry.npmjs.org
> Accept-Encoding: gzip, deflate, br, zstd

> HTTP/1.1 GET https://registry.npmjs.org/expand-template
> If-None-Match: W/"65ce71502682063b2265083d9c50e282"
> Accept: application/vnd.npm.install-v1+json; q=1.0, application/json; q=0.8, */*
> Connection: keep-alive
> User-Agent: Bun/1.3.9
> Host: registry.npmjs.org
> Accept-Encoding: gzip, deflate, br, zstd

   - "follow-redirects": "^1.14.8" - follow-redirects@1.16.1
Enqueue package manifest for download: nan
Enqueue package manifest for download: bindings
[PackageManager] waiting for 90 tasks
    [201.12ms]
Downloaded find-up versions
   - "find-up": "^3.0.0" - find-up@3.0.0
    [201.34ms]
Downloaded fs-minipass versions
   - "fs-minipass": "^2.0.0" - fs-minipass@2.1.0
    [197.61ms]
Downloaded camelcase versions
   - "camelcase": "^5.0.0" - camelcase@5.3.1
    [198.54ms]
Downloaded require-main-filename versions
   - "require-main-filename": "^2.0.0" - require-main-filename@2.0.0
    [201.39ms]
Downloaded minipass versions
   - "minipass": "^5.0.0" - minipass@5.0.0
    [201.38ms]
Downloaded minizlib versions
   - "minizlib": "^2.1.1" - minizlib@2.1.2
Enqueue package manifest for download: locate-path
   - "minipass": "^3.0.0" - minipass@3.3.6
< 304 Not Modified
< Date: Sat, 03 Oct 2026 22:27:46 GMT
< Connection: keep-alive
< set-cookie: __cf_bm=Xe03BvwdXzFppQQYT9Jy8j_d1Xjj.9uhA0rWpXZCK_4-1791066466.1523159-1.0.1.1-VxvxRDSc0AJ.wRDwL_s.ggUiQuW.qtmG0.FHHhfbo477w8Yw8FpobbF8.0rlb3eTPSu5dSpCUJxAtCNU1wHTUoOSYgUQ2utLzCEEYuq3bT1of45H_5R7pgqbEDFuqjHx; HttpOnly; SameSite=None; Secure; Path=/; Domain=npmjs.org; Expires=Sat, 03 Oct 2026 22:57:46 GMT
< set-cookie: _cfuvid=lM2ZkE09Ai7_2fU7yxPFDCNcJSs47G6NzriRKtK83AY-1791066466.1523159-1.0.1.1-CinQKz_9NfQrJqy82MLkoUECPpZxGrRi0swwqD48UjY; HttpOnly; SameSite=None; Secure; Path=/; Domain=npmjs.org
< CF-Ray: a44f60457caf51a4-TIA
< CF-Cache-Status: HIT
< Access-Control-Allow-Origin: *
< Cache-Control: public, max-age=300
< ETag: "ebea285f9da99352330b2a5e02113d2c"
< Last-Modified: Sun, 23 Jul 2023 04:47:03 GMT
< Server: cloudflare

[PackageManager] waiting for 85 tasks
    [287.42ms]
Downloaded which-module versions
> HTTP/1.1 GET https://registry.npmjs.org/napi-build-utils
> If-None-Match: W/"c1e38b54f548816f698fe9cb3bc2f86b"
> Accept: application/vnd.npm.install-v1+json; q=1.0, application/json; q=0.8, */*
> Connection: keep-alive
> User-Agent: Bun/1.3.9
> Host: registry.npmjs.org
> Accept-Encoding: gzip, deflate, br, zstd

< 304 Not Modified
< Date: Sat, 03 Oct 2026 22:27:46 GMT
< Connection: keep-alive
< set-cookie: __cf_bm=sZy1vHhSct_9rYJ1y2ZlKmuYRAuEK4nwskk5YMtJZQ8-1791066466.1474438-1.0.1.1-qumzSBTnsOMp77do51tw75AIBLPkCS_AZ2G5PsPgGOpqtzjABr3tCPDHtq1FPTFYagJT8oFS_eADmbiT4qw0B4Sm.UZsAcqYwTb94BQlOjxJDQBJirdefa3aLxHTYZrz; HttpOnly; SameSite=None; Secure; Path=/; Domain=npmjs.org; Expires=Sat, 03 Oct 2026 22:57:46 GMT
< set-cookie: _cfuvid=dmExOGjEJKOD3becCqzTJixZXJu5g37DBiPPlCxkaaI-1791066466.1474438-1.0.1.1-PwMlcE.ykcDcJzr2McSxW5xV7i.Wv3sKFfibiRbhdJE; HttpOnly; SameSite=None; Secure; Path=/; Domain=npmjs.org
< CF-Ray: a44f60456d5df474-TIA
< CF-Cache-Status: HIT
< Access-Control-Allow-Origin: *
< Cache-Control: public, max-age=300
< ETag: "c4be30fa2be88393a1161cf07f8bda44"
< Last-Modified: Sat, 06 Apr 2024 21:32:31 GMT
< Server: cloudflare

   - "which-module": "^2.0.0" - which-module@2.0.1
[PackageManager] waiting for 84 tasks
    [293.89ms]
Downloaded chownr versions
< 304 Not Modified
< Date: Sat, 03 Oct 2026 22:27:46 GMT
< Connection: keep-alive
< set-cookie: __cf_bm=GwwsNNMgP6L6wiK8wqyxqdOq7PcjWdhQKI2YDM..aCI-1791066466.1608236-1.0.1.1-71pbnV2Z4CBlmdzIKqL8Ea7WQBn_xGbpxZkBoq3DD_TXvH71cuQd_vzaDK544pbTs8B8fL2IjBowuS4Ww.l.JWoFCPSOlCNLkF6KmY9dbgIpKx0CUG06MFDpw2MKMdQ5; HttpOnly; SameSite=None; Secure; Path=/; Domain=npmjs.org; Expires=Sat, 03 Oct 2026 22:57:46 GMT
< set-cookie: _cfuvid=1ut.JGl6HX_xbufS.V7bvYFVGUXwtFlvQ9r9vOC65Pw-1791066466.1608236-1.0.1.1-I5PNLiSgekaSS1SeimTS8fRRKQg7fPSWyokJOclEuYc; HttpOnly; SameSite=None; Secure; Path=/; Domain=npmjs.org
< CF-Ray: a44f604589309b00-TIA
< CF-Cache-Status: HIT
< Access-Control-Allow-Origin: *
< Cache-Control: public, max-age=300
< ETag: "1ee1f940c1b406b9051f2faf51544bf0"
< Last-Modified: Mon, 20 Apr 2026 15:28:29 GMT
< Server: cloudflare

   - "chownr": "^2.0.0" - chownr@2.0.0
   - "chownr": "^1.1.1" - chownr@1.1.4
[PackageManager] waiting for 83 tasks
    [279.36ms]
Downloaded jsonfile versions
< 304 Not Modified
< Date: Sat, 03 Oct 2026 22:27:46 GMT
< Connection: keep-alive
< set-cookie: __cf_bm=yoxNYnd3rOjaApOhUwYv0UpLvO1.wkBkMmXfh.xfdXE-1791066466.1701164-1.0.1.1-gtBvEYi1a..SyZuAy28UID6_7zS7302iJVRKRrtCzwpLoajyGWMTLISbsBECJXpnf2.rei7WcP2vMmadtQLYQhyFB1W33DuLSFJINKh5ZF9cqODyRbnktbX9hd8FexhJ; HttpOnly; SameSite=None; Secure; Path=/; Domain=npmjs.org; Expires=Sat, 03 Oct 2026 22:57:46 GMT
< set-cookie: _cfuvid=3PY4HouR2DjkPD2RzO1zI8h3uup3AbWvZKmKbl6E1vw-1791066466.1701164-1.0.1.1-94kutqKVzDhCMHOPbYFU4nAHsAKNLCuK6a1HiRVn8wk; HttpOnly; SameSite=None; Secure; Path=/; Domain=npmjs.org
< CF-Ray: a44f60458d79f474-TIA
< CF-Cache-Status: HIT
< Access-Control-Allow-Origin: *
< Cache-Control: public, max-age=300
< ETag: "6ea379bce1777c593030ca919847c6fe"
< Last-Modified: Sat, 22 Jul 2023 20:56:10 GMT
< Server: cloudflare

   - "jsonfile": "^4.0.0" - jsonfile@4.0.0
[PackageManager] waiting for 82 tasks
    [272.24ms]
Downloaded base64-js versions
< 304 Not Modified
< Date: Sat, 03 Oct 2026 22:27:46 GMT
< Connection: keep-alive
< set-cookie: __cf_bm=o9.4vSkVUeW9y6Jk4gOcUSU2g.tBjNg1vEFBo03tfLA-1791066466.170302-1.0.1.1-ILIdmIm87cZ23rnPetvbz_Ws5FoT.IQfyDJFeecFo0y1yQDKq4xJTmnPA86A2N.uMxMm426ZINA4XDDaYuuUb589XvStXJlQ9FvhkIx9wC6SN47sQzX6rsTyRMPZ1caw; HttpOnly; SameSite=None; Secure; Path=/; Domain=npmjs.org; Expires=Sat, 03 Oct 2026 22:57:46 GMT
< set-cookie: _cfuvid=v4di..Br8yUrqJsMthBNFu4_VGRDnZ405lt_6LhWii4-1791066466.170302-1.0.1.1-j_UmlcWE1s0483vGgNkAAuzLTfrHgfVLOnD0WDE_mTY; HttpOnly; SameSite=None; Secure; Path=/; Domain=npmjs.org
< CF-Ray: a44f60458cc651a4-TIA
< CF-Cache-Status: HIT
< Access-Control-Allow-Origin: *
< Cache-Control: public, max-age=300
< ETag: "01af85a8cf276970a6551fd597228d8e"
< Last-Modified: Wed, 01 Nov 2023 17:12:48 GMT
< Server: cloudflare

   - "base64-js": "^1.3.1" - base64-js@1.5.1
[PackageManager] waiting for 81 tasks
    [272.27ms]
Downloaded universalify versions
   - "universalify": "^0.1.0" - universalify@0.1.2
< 304 Not Modified
< Date: Sat, 03 Oct 2026 22:27:46 GMT
< Connection: keep-alive
< set-cookie: __cf_bm=.z89tPdiVrt2f_YgU_SSoWkNtl8XdZs5SwShvKQWT14-1791066466.1702163-1.0.1.1-rOzDY4mnyz7ZDGx2FO6AC2JwneHVAfMKgTHwk.1C59fx2FJd2yozNvVvDFABlLtZCLbk.DixN3zBUSxXBEuCqi7dIxpeL8bufX0wljws8BYFXW7.ktUe3rQcXJdo5h2V; HttpOnly; SameSite=None; Secure; Path=/; Domain=npmjs.org; Expires=Sat, 03 Oct 2026 22:57:46 GMT
< set-cookie: _cfuvid=Z47kni2On8zscTNIj8xr1r3I.Oj.2YzSI75jalPT2VM-1791066466.1702163-1.0.1.1-54YikZQZ3q27HonCJEbmoAhbMRgpyzG7A.VbuUY9row; HttpOnly; SameSite=None; Secure; Path=/; Domain=npmjs.org
< CF-Ray: a44f60458d337c08-TIA
< CF-Cache-Status: HIT
< Access-Control-Allow-Origin: *
< Cache-Control: public, max-age=300
< ETag: "60ef13e186392866a9e14cf57cd6ab22"
< Last-Modified: Sat, 22 Jul 2023 20:56:48 GMT
< Server: cloudflare

< 304 Not Modified
< Date: Sat, 03 Oct 2026 22:27:46 GMT
< Connection: keep-alive
< set-cookie: __cf_bm=A7zAsYtWf0tx0Yd4Uhcg_9nz7UhJXL_93KJrteTTe0M-1791066466.1814976-1.0.1.1-udQjDMysWskI33AdfLO0EDStezR2Nj9Od0DWau2vfkDhcH.NCdEBfABx5gaD_ovyeFGfQp4.JwxAGxUeowm9MzwsF8iyNgXPkoQDLKiUmwstbtsAu.2Zu5Huraxx1lt0; HttpOnly; SameSite=None; Secure; Path=/; Domain=npmjs.org; Expires=Sat, 03 Oct 2026 22:57:46 GMT
< set-cookie: _cfuvid=BZW3SE2PBd3jYJ6xEFxxp838NqCC3tSzhjha71MOBjw-1791066466.1814976-1.0.1.1-OvprNDpd1clwCo1AVm7hABKjoEFlZp50sovw7Rtyvt0; HttpOnly; SameSite=None; Secure; Path=/; Domain=npmjs.org
< CF-Ray: a44f6045ad8cf474-TIA
< CF-Cache-Status: HIT
< Access-Control-Allow-Origin: *
< Cache-Control: public, max-age=300
< ETag: "91f094e16ac98b4812ef61af092c1c16"
< Last-Modified: Mon, 13 Oct 2025 18:04:06 GMT
< Server: cloudflare

[PackageManager] waiting for 80 tasks
    [272.24ms]
Downloaded ieee754 versions
> HTTP/1.1 GET https://registry.npmjs.org/filter-obj
> If-None-Match: W/"858a3c023e0c32f1ec8c392341c38b9f"
> Accept: application/vnd.npm.install-v1+json; q=1.0, application/json; q=0.8, */*
> Connection: keep-alive
> User-Agent: Bun/1.3.9
> Host: registry.npmjs.org
> Accept-Encoding: gzip, deflate, br, zstd

   - "ieee754": "^1.2.1" - ieee754@1.2.1
    [261.45ms]
Downloaded decompress-response versions
> HTTP/1.1 GET https://registry.npmjs.org/split-on-first
> If-None-Match: W/"9df0161e6f3fc70d8d05697fdc859aa0"
> Accept: application/vnd.npm.install-v1+json; q=1.0, application/json; q=0.8, */*
> Connection: keep-alive
> User-Agent: Bun/1.3.9
> Host: registry.npmjs.org
> Accept-Encoding: gzip, deflate, br, zstd

> HTTP/1.1 GET https://registry.npmjs.org/decode-uri-component
> If-None-Match: W/"4968cd376b56e28362541708f07ea1b1"
> Accept: application/vnd.npm.install-v1+json; q=1.0, application/json; q=0.8, */*
> Connection: keep-alive
> User-Agent: Bun/1.3.9
> Host: registry.npmjs.org
> Accept-Encoding: gzip, deflate, br, zstd

> HTTP/1.1 GET https://registry.npmjs.org/mime-db
> If-None-Match: W/"4fbb21ce5c01bc3e7eb0c0a06e0bbcf8"
> Accept: application/vnd.npm.install-v1+json; q=1.0, application/json; q=0.8, */*
> Connection: keep-alive
> User-Agent: Bun/1.3.9
> Host: registry.npmjs.org
> Accept-Encoding: gzip, deflate, br, zstd

> HTTP/1.1 GET https://registry.npmjs.org/setprototypeof
> If-None-Match: W/"49d16db3cd5fb68edd66004a59e09daf"
> Accept: application/vnd.npm.install-v1+json; q=1.0, application/json; q=0.8, */*
> Connection: keep-alive
> User-Agent: Bun/1.3.9
> Host: registry.npmjs.org
> Accept-Encoding: gzip, deflate, br, zstd

> HTTP/1.1 GET https://registry.npmjs.org/toidentifier
> If-None-Match: W/"2eaaabc9adf4286d5241e33464e87fa9"
> Accept: application/vnd.npm.install-v1+json; q=1.0, application/json; q=0.8, */*
> Connection: keep-alive
> User-Agent: Bun/1.3.9
> Host: registry.npmjs.org
> Accept-Encoding: gzip, deflate, br, zstd

< 304 Not Modified
< Date: Sat, 03 Oct 2026 22:27:46 GMT
< Connection: keep-alive
< set-cookie: __cf_bm=7btiFP2Pp7CkUNNrwJb0v6Z00rjMT.KyO80jMk7rXoc-1791066466.1924427-1.0.1.1-BQhT2tIweAnVU4VdZECXhk4jLAldVHfTkIca74_Ho_9Nr_ERfpxf.KzvjHe.c0rEvO88a.VIzcrgBnXqfvOTJrBFv_oUnC8z2s5Tu6GhqNWMX9hRlONBHTmjCBXC1imN; HttpOnly; SameSite=None; Secure; Path=/; Domain=npmjs.org; Expires=Sat, 03 Oct 2026 22:57:46 GMT
< set-cookie: _cfuvid=0ejWuXrjElXgwKlYJUnSRVRtroQPhjj9bSh84i2wN_w-1791066466.1924427-1.0.1.1-Bc0z5JvZ9XzC66HRXdsr2iDFuUJxfbQNfA0gcNOdzIs; HttpOnly; SameSite=None; Secure; Path=/; Domain=npmjs.org
< CF-Ray: a44f6045bd507c08-TIA
< CF-Cache-Status: HIT
< Access-Control-Allow-Origin: *
< Cache-Control: public, max-age=300
< ETag: "33af69cc559ed0b2379af49c30effb9b"
< Last-Modified: Mon, 07 Sep 2026 22:42:06 GMT
< Server: cloudflare

< 304 Not Modified
< Date: Sat, 03 Oct 2026 22:27:46 GMT
< Connection: keep-alive
< set-cookie: __cf_bm=nwKrh6mcCSuaPL4aNDfTBRq2Y4Qo1Q19G3ntiX7k6Jo-1791066466.1925764-1.0.1.1-GoLXrk1NyqLtwEOCf4qtpfNaMX.BxFYYImcubF37dwYVphNp_l.ut8UB9hnWR32DcuwhVCTZUsZWC0I9OTCf5yl.tz9aY1lyRsmlfLvXpCb67zSXC9ZFt2O3kkVhRfSI; HttpOnly; SameSite=None; Secure; Path=/; Domain=npmjs.org; Expires=Sat, 03 Oct 2026 22:57:46 GMT
< set-cookie: _cfuvid=H2vXn6AavC_p1haC4kAB7f6HHeNx3U0q.u2xgyTHbeU-1791066466.1925764-1.0.1.1-Wxtr.L8Fvj9Gb04fq_468fGe5qCppNODvhULvvPbiPk; HttpOnly; SameSite=None; Secure; Path=/; Domain=npmjs.org
< CF-Ray: a44f6045bbff793f-TIA
< CF-Cache-Status: HIT
< Access-Control-Allow-Origin: *
< Cache-Control: public, max-age=300
< ETag: "d6c9cb1d170b021edf50c8d4484684a1"
< Last-Modified: Sun, 01 Mar 2026 13:17:53 GMT
< Server: cloudflare

< 304 Not Modified
< Date: Sat, 03 Oct 2026 22:27:46 GMT
< Connection: keep-alive
< set-cookie: __cf_bm=r2hobR185kYoU5JPAmftpxlf9i9VqP5AMCh6Wtb_5S4-1791066465.9659739-1.0.1.1-SVqzylsXYOfBHjyG_1XoUwi0IEw.AK3rM_ahFmNaLYs.6OTNPa1v289rFUhZOEoAwSySXCE91Pyl3rxzNSv_WEtdIbU3PuGOErFkUXU0zq6IflPHbH7p5fNEqqm9s7r_; HttpOnly; SameSite=None; Secure; Path=/; Domain=npmjs.org; Expires=Sat, 03 Oct 2026 22:57:46 GMT
< set-cookie: _cfuvid=U400bQiL41.sk6OcWZ5.3LzTsbGvJRGUQ22voSJwHho-1791066465.9659739-1.0.1.1-3EpzLCB1Y5NLlLMoFJxIrEvgOKX1OShuLEMghXpXW1Q; HttpOnly; SameSite=None; Secure; Path=/; Domain=npmjs.org
< CF-Ray: a44f60444c2b5f50-TIA
< CF-Cache-Status: HIT
< Access-Control-Allow-Origin: *
< Cache-Control: public, max-age=300
< ETag: "6b20975a9e5182e21ab7481235a7fa3b"
< Last-Modified: Wed, 02 Sep 2026 07:19:08 GMT
< Server: cloudflare

< 304 Not Modified
< Date: Sat, 03 Oct 2026 22:27:46 GMT
< Connection: keep-alive
< set-cookie: __cf_bm=mFJk2VomC7Z3dqUBs1_kKwdAxIfDnUkL4Kz_Ul8o7sI-1791066466.1984384-1.0.1.1-mP2JmiWmAv7HX06Stp1Xzhsk48KtcXaWRPNJZf6fUk7kiBU.4iLYfALTRvC6fmjB52SgtAuHPiBLmogBVMgjoLjx9WwDZhLlnQbJMX17W1UA20LQ.YLmLPF26JxZeR35; HttpOnly; SameSite=None; Secure; Path=/; Domain=npmjs.org; Expires=Sat, 03 Oct 2026 22:57:46 GMT
< set-cookie: _cfuvid=UyjO5ggAHVu3..wIh_cDo31A_9OyY0CDJwzV._wrGO0-1791066466.1984384-1.0.1.1-SCiJc.CQTo.2Nxx_AtiV03HzlVy8v1bD7qvRqi9LqCg; HttpOnly; SameSite=None; Secure; Path=/; Domain=npmjs.org
< CF-Ray: a44f6045bc30bd99-TIA
< CF-Cache-Status: HIT
< Access-Control-Allow-Origin: *
< Age: 239
< Cache-Control: public, max-age=300
< ETag: "df4c87c3fc324b5c721894d422cf0bdd"
< Last-Modified: Sun, 03 Aug 2025 07:19:58 GMT
< Server: cloudflare

< 304 Not Modified
< Date: Sat, 03 Oct 2026 22:27:46 GMT
< Connection: keep-alive
< set-cookie: __cf_bm=by0OL0zQb0i1nNirjNDSvPfjS.cjHgSHbl4RYlHkz_s-1791066466.1982477-1.0.1.1-fEgpdtuR0kyb6O_qfpb6j_Ovj7VMM76toWocICc95xFQ.XKNPTOS9du5rIaelyupGdJJXWbVsoyVVWpyOi8fW2D9jZJMFXGNtiY_L..H5u6grRK0wOs.oBVwgaNKCv4j; HttpOnly; SameSite=None; Secure; Path=/; Domain=npmjs.org; Expires=Sat, 03 Oct 2026 22:57:46 GMT
< set-cookie: _cfuvid=2lyWGF8EoNuZrDUtI7E.kOm90gw0_HPjLLbvvFO1xps-1791066466.1982477-1.0.1.1-gjYvC.pVqg_VOfXe5ooAGD0t2e.zcVqp_ZVHNQZpEdo; HttpOnly; SameSite=None; Secure; Path=/; Domain=npmjs.org
< CF-Ray: a44f6045bcef51a4-TIA
< CF-Cache-Status: HIT
< Access-Control-Allow-Origin: *
< Cache-Control: public, max-age=300
< ETag: "2b4c02a39de09c7537038b42c520175b"
< Last-Modified: Fri, 10 Oct 2025 07:56:06 GMT
< Server: cloudflare

< 304 Not Modified
< Date: Sat, 03 Oct 2026 22:27:46 GMT
< Connection: keep-alive
< set-cookie: __cf_bm=Y5CtnySJAwkO2ufGbEmUOyt7YPEmFL2YNxzzrmCkc9M-1791066466.1981266-1.0.1.1-0I0PRepXZ5Ockr7h2qf1xfnQOoG_Y1y8OwDfUuPKvir07ZMwGb9ONhKJKZrRqfB3wyIJAAT5PVDy1oVrEYDzuogtc1EzvF1kAk45rrJhkLpbbSFg1OflGu7K9w2lT72c; HttpOnly; SameSite=None; Secure; Path=/; Domain=npmjs.org; Expires=Sat, 03 Oct 2026 22:57:46 GMT
< set-cookie: _cfuvid=XN.OgwJYmn9DdzMLSEcKFQD9rEVF7PE4.oF1jWxcLGk-1791066466.1981266-1.0.1.1-s9jSnoN4M_L0yv_WAIy4cSd.gYMujldHJ2is.EdYgeI; HttpOnly; SameSite=None; Secure; Path=/; Domain=npmjs.org
< CF-Ray: a44f6045bd5b7c08-TIA
< CF-Cache-Status: HIT
< Access-Control-Allow-Origin: *
< Cache-Control: public, max-age=300
< ETag: "469fad81cdfdaa354065ab95e5cd71ac"
< Last-Modified: Sun, 27 Sep 2026 03:34:46 GMT
< Server: cloudflare

< 304 Not Modified
< Date: Sat, 03 Oct 2026 22:27:46 GMT
< Connection: keep-alive
< set-cookie: __cf_bm=6cZEHSfvtlCN2uVZdqVm5HQ5AE0n3iaXN8xqStSgk84-1791066466.2091212-1.0.1.1-603Pk9CLkXftljgzSTf.8gjPXZeEDuTgtpfbEB7YQI8HXxe4DEVpzq4FHLVIJ5yjhcV9wAwp7GUm6f5g8cw2EJF5Vz8bnYI4wq3m7.OvOSG.TCmRdDza_MwII1GM3oAn; HttpOnly; SameSite=None; Secure; Path=/; Domain=npmjs.org; Expires=Sat, 03 Oct 2026 22:57:46 GMT
< set-cookie: _cfuvid=qO6mw9VI8JzCdsu5zjp_15kXkR0PM5RO0jf7G4C66Wo-1791066466.2091212-1.0.1.1-wE_hAbXJlYTzSnDskOYv.X6FJ23fJsp5uvSTiloEh7Q; HttpOnly; SameSite=None; Secure; Path=/; Domain=npmjs.org
< CF-Ray: a44f6045cd657c08-TIA
< CF-Cache-Status: HIT
< Access-Control-Allow-Origin: *
< Cache-Control: public, max-age=300
< ETag: "2242711a690838c218039ecdfdf4462c"
< Last-Modified: Sun, 15 Feb 2026 08:45:05 GMT
< Server: cloudflare

   - "decompress-response": "^6.0.0" - decompress-response@6.0.0
Enqueue package manifest for download: mimic-response
[PackageManager] waiting for 79 tasks
< 304 Not Modified
< Date: Sat, 03 Oct 2026 22:27:46 GMT
< Connection: keep-alive
< set-cookie: __cf_bm=2ks3nUjIG17pexEz7ZSIqmXOyrtTl5nxSJQSux2R5OE-1791066466.2094-1.0.1.1-q3c2_W9ZighnHioB8EAPLmun6HSQBitgEO2vVhubtfifZDDG.wb_kC0V0oguqn2GC.4kYq0Fjfo22Ht52EQnmHrawS_uF.UEr1B1YcdgEv3rHF39Nhjo6dl18zwCVSBa; HttpOnly; SameSite=None; Secure; Path=/; Domain=npmjs.org; Expires=Sat, 03 Oct 2026 22:57:46 GMT
< set-cookie: _cfuvid=6Ny_RLttWjFxB9O9ejOelsLeU82irfZdXC9CsuA8g0E-1791066466.2094-1.0.1.1-SRSrLbLSmVG7amh7ZKPqK1.FA5kOjzsOwxSHtN_M.gc; HttpOnly; SameSite=None; Secure; Path=/; Domain=npmjs.org
< CF-Ray: a44f6045cdbff474-TIA
< CF-Cache-Status: HIT
< Access-Control-Allow-Origin: *
< Cache-Control: public, max-age=300
< ETag: "cd1d4e6a87feac668e782e281cd8060b"
< Last-Modified: Thu, 22 Jun 2023 16:33:57 GMT
< Server: cloudflare

    [250.39ms]
Downloaded entities versions
< 304 Not Modified
< Date: Sat, 03 Oct 2026 22:27:46 GMT
< Connection: keep-alive
< set-cookie: __cf_bm=zQ7xgfbMK5M5SZ7DfPNeQoUaSoVZHalEvXgsGvIgjpA-1791066466.2092237-1.0.1.1-fPkL2c62uXvwiGniA50.Wq_1yAc5PL28xjswJ_hWAv40C3FvZ6sWYd0sm6TOMGOnEXbMlMgMqRZRJaDdDhWsLR17KLAv0k08O7gDy8BgMsHWp2ebgvPKAXUMiRP5eBF4; HttpOnly; SameSite=None; Secure; Path=/; Domain=npmjs.org; Expires=Sat, 03 Oct 2026 22:57:46 GMT
< set-cookie: _cfuvid=U.cUSI0gPpY_mE0pzcAM6FcS2Sncxo2SuL7g6g13ByY-1791066466.2092237-1.0.1.1-JjJhOFYvjBUCDBUdv0IE5aIqZ4zLcaJSqtIX2EC9bno; HttpOnly; SameSite=None; Secure; Path=/; Domain=npmjs.org
< CF-Ray: a44f6045cdbef474-TIA
< CF-Cache-Status: HIT
< Access-Control-Allow-Origin: *
< Cache-Control: public, max-age=300
< ETag: "398e25f78cc2d90464a25be4e956c4aa"
< Last-Modified: Wed, 09 Sep 2026 20:11:32 GMT
< Server: cloudflare

   - "entities": "^4.2.0" - entities@4.5.0
    [250.75ms]
Downloaded once versions
< 304 Not Modified
< Date: Sat, 03 Oct 2026 22:27:46 GMT
< Connection: keep-alive
< set-cookie: __cf_bm=_yDk1C_QX2oplciJtluRJ13FD6yDwOnhdEQfPLlL8LE-1791066466.2151692-1.0.1.1-c0cD28New3ZG48v2bnbHMLUyaKs32h7KFb0Dx_T4vC3B4WC4Xn2iEoyGXCAV7RxlvZp1rjQ6eOKB5Pu1r_QJwxdnXf_jKYKpxYSyWs0p3QVpAbJynT1NJlgaMvYwN0hf; HttpOnly; SameSite=None; Secure; Path=/; Domain=npmjs.org; Expires=Sat, 03 Oct 2026 22:57:46 GMT
< set-cookie: _cfuvid=0_zB4velNCp_6MX0i_r4GOXOz6r5o.VW1m9pchq07aQ-1791066466.2151692-1.0.1.1-gySNctKxiCdWJIKgGFFAK6fEcdz7RtliTTAkykyeJMY; HttpOnly; SameSite=None; Secure; Path=/; Domain=npmjs.org
< CF-Ray: a44f6045daaba5b3-TIA
< CF-Cache-Status: HIT
< Access-Control-Allow-Origin: *
< Cache-Control: public, max-age=300
< ETag: "dd30d64f89e376b939bbd2f6a721e1a0"
< Last-Modified: Fri, 24 Apr 2026 23:31:11 GMT
< Server: cloudflare

< 304 Not Modified
< Date: Sat, 03 Oct 2026 22:27:46 GMT
< Connection: keep-alive
< set-cookie: __cf_bm=TPL41.POAfzIq670dX1.j5kyNTHB6JZxJ2a2NBniCcA-1791066466.2092552-1.0.1.1-fzPFbyaQBUhBCZ6VCNInN91g4V74ERtaC_OgP7CU.4vZVL2FRY5fI0xye_rWhePzevEE23tCVXbWuLKDvYNV4Qd6B3Gc0q3t2ed5hI9z.AII5NL7k_WmGSsNwnzVzKRt; HttpOnly; SameSite=None; Secure; Path=/; Domain=npmjs.org; Expires=Sat, 03 Oct 2026 22:57:46 GMT
< set-cookie: _cfuvid=3IaBzr99U5DNWaNu1NyJ7Cb51K_fZxaB7.JLxdVjfEE-1791066466.2092552-1.0.1.1-TPLhju4XBPp5LdSkFomDGmKTWDuKXp2vWX7jiCv5lzc; HttpOnly; SameSite=None; Secure; Path=/; Domain=npmjs.org
< CF-Ray: a44f6045cc11793f-TIA
< CF-Cache-Status: HIT
< Access-Control-Allow-Origin: *
< Age: 238
< Cache-Control: public, max-age=300
< ETag: "9025ed608895a78cd1ef052859891494"
< Last-Modified: Mon, 13 Jun 2022 01:10:28 GMT
< Server: cloudflare

   - "once": "^1.3.1" - once@1.4.0
    [475.27ms]
Downloaded @thednp/dommatrix versions
   - "@thednp/dommatrix": "^3.1.2" - @thednp/dommatrix@3.1.2
    [240.61ms]
Downloaded @types/ms versions
< 304 Not Modified
< Date: Sat, 03 Oct 2026 22:27:46 GMT
< Connection: keep-alive
< set-cookie: __cf_bm=NCtAjD3o8EztyqIHce9mCv2vtNSU18Sbyi3Di.S5CWQ-1791066466.3482492-1.0.1.1-c.NY0UmGn1.1vP.kiofmHxw0DnVbHpNCUQITlORC820mHzpCYneW6urQfY88iyWW1LfV5In6Kbd6lazX0cFjbAd_YCfx.vr0pTOQ7JASF4wZTS5QHi4qvnqZHx_eUsX4; HttpOnly; SameSite=None; Secure; Path=/; Domain=npmjs.org; Expires=Sat, 03 Oct 2026 22:57:46 GMT
< set-cookie: _cfuvid=bPyfT4QgCesbOhIGldkAG6Shw3eJYvuaea2pYvYYtGE-1791066466.3482492-1.0.1.1-HWLdc78PbKNlpou4iKR.P52ScaE_jSZ7GHawYoAzIgY; HttpOnly; SameSite=None; Secure; Path=/; Domain=npmjs.org
< CF-Ray: a44f6046ab7ca5b3-TIA
< CF-Cache-Status: HIT
< Access-Control-Allow-Origin: *
< Age: 202
< Cache-Control: public, max-age=300
< ETag: "d431e3c372e13bd77170394e72eb7dca"
< Last-Modified: Wed, 06 Apr 2022 18:23:55 GMT
< Server: cloudflare

> HTTP/1.1 GET https://registry.npmjs.org/kind-of
> If-None-Match: W/"69ae75c7bda0b018b75e4898a6beeb39"
> Accept: application/vnd.npm.install-v1+json; q=1.0, application/json; q=0.8, */*
> Connection: keep-alive
> User-Agent: Bun/1.3.9
> Host: registry.npmjs.org
> Accept-Encoding: gzip, deflate, br, zstd

> HTTP/1.1 GET https://registry.npmjs.org/rename-keys
> If-None-Match: W/"836091fc5689b61a33c991cb387a361a"
> Accept: application/vnd.npm.install-v1+json; q=1.0, application/json; q=0.8, */*
> Connection: keep-alive
> User-Agent: Bun/1.3.9
> Host: registry.npmjs.org
> Accept-Encoding: gzip, deflate, br, zstd

   - "@types/ms": "*" - @types/ms@2.1.0
    [242.05ms]
Downloaded quick-lru versions
> HTTP/1.1 GET https://registry.npmjs.org/binary-extensions
> If-None-Match: W/"2ac1d333ab102b872ea4e32867eea252"
> Accept: application/vnd.npm.install-v1+json; q=1.0, application/json; q=0.8, */*
> Connection: keep-alive
> User-Agent: Bun/1.3.9
> Host: registry.npmjs.org
> Accept-Encoding: gzip, deflate, br, zstd

   - "quick-lru": "^7.0.0" - quick-lru@7.3.0
    [241.97ms]
Downloaded ansi-regex versions
   - "ansi-regex": "^5.0.1" - ansi-regex@5.0.1
   - "ansi-regex": "^4.1.0" - ansi-regex@4.1.1
    [232.20ms]
Downloaded is-wsl versions
> HTTP/1.1 GET https://registry.npmjs.org/@babel%2fruntime
> If-None-Match: W/"659539bcb8f31a4e901473410d77abe2"
> Accept: application/vnd.npm.install-v1+json; q=1.0, application/json; q=0.8, */*
> Connection: keep-alive
> User-Agent: Bun/1.3.9
> Host: registry.npmjs.org
> Accept-Encoding: gzip, deflate, br, zstd

> HTTP/1.1 GET https://registry.npmjs.org/@jridgewell%2fsourcemap-codec
> If-None-Match: W/"431970b05df57f3f136c6ca98da6211a"
> Accept: application/vnd.npm.install-v1+json; q=1.0, application/json; q=0.8, */*
> Connection: keep-alive
> User-Agent: Bun/1.3.9
> Host: registry.npmjs.org
> Accept-Encoding: gzip, deflate, br, zstd

> HTTP/1.1 GET https://registry.npmjs.org/undici
> If-None-Match: W/"cb1971130cf192291824ba1c1f6f7b21"
> Accept: application/vnd.npm.install-v1+json; q=1.0, application/json; q=0.8, */*
> Connection: keep-alive
> User-Agent: Bun/1.3.9
> Host: registry.npmjs.org
> Accept-Encoding: gzip, deflate, br, zstd

> HTTP/1.1 GET https://registry.npmjs.org/@octokit%2fcore
> If-None-Match: W/"6f8c6402a2d8a4315dd3d9019fe47c25"
> Accept: application/vnd.npm.install-v1+json; q=1.0, application/json; q=0.8, */*
> Connection: keep-alive
> User-Agent: Bun/1.3.9
> Host: registry.npmjs.org
> Accept-Encoding: gzip, deflate, br, zstd

   - "is-wsl": "^1.1.0" - is-wsl@1.1.0
Enqueue package manifest for download: wrappy
[PackageManager] waiting for 73 tasks
    [232.23ms]
Downloaded shebang-command versions
> HTTP/1.1 GET https://registry.npmjs.org/@octokit%2ftypes
> If-None-Match: W/"59f07338453a206e5b0de4120a512e7b"
> Accept: application/vnd.npm.install-v1+json; q=1.0, application/json; q=0.8, */*
> Connection: keep-alive
> User-Agent: Bun/1.3.9
> Host: registry.npmjs.org
> Accept-Encoding: gzip, deflate, br, zstd

   - "shebang-command": "^2.0.0" - shebang-command@2.0.0
    [232.40ms]
Downloaded which versions
> HTTP/1.1 GET https://registry.npmjs.org/@octokit%2fauth-action
> If-None-Match: W/"775bfe2d5c868686d0e453a7d5c41549"
> Accept: application/vnd.npm.install-v1+json; q=1.0, application/json; q=0.8, */*
> Connection: keep-alive
> User-Agent: Bun/1.3.9
> Host: registry.npmjs.org
> Accept-Encoding: gzip, deflate, br, zstd

   - "which": "^2.0.1" - which@2.0.2
    [227.24ms]
Downloaded vary versions
> HTTP/1.1 GET https://registry.npmjs.org/@octokit%2fplugin-paginate-rest
> If-None-Match: W/"3a2a27b0d82e7dc9ef4afa712058db53"
> Accept: application/vnd.npm.install-v1+json; q=1.0, application/json; q=0.8, */*
> Connection: keep-alive
> User-Agent: Bun/1.3.9
> Host: registry.npmjs.org
> Accept-Encoding: gzip, deflate, br, zstd

   - "vary": "^1" - vary@1.1.2
    [232.35ms]
Downloaded @types/history versions
> HTTP/1.1 GET https://registry.npmjs.org/@octokit%2fplugin-rest-endpoint-methods
> If-None-Match: W/"3331d9ceebe2c1dc3880c657db0cbfb6"
> Accept: application/vnd.npm.install-v1+json; q=1.0, application/json; q=0.8, */*
> Connection: keep-alive
> User-Agent: Bun/1.3.9
> Host: registry.npmjs.org
> Accept-Encoding: gzip, deflate, br, zstd

   - "@types/history": "^4.7.11" - @types/history@4.7.11
    [96.52ms]
Downloaded @react-hook/latest versions
> HTTP/1.1 GET https://registry.npmjs.org/nan
> If-None-Match: W/"10a46be80647fac0cac4b999698e39fa"
> Accept: application/vnd.npm.install-v1+json; q=1.0, application/json; q=0.8, */*
> Connection: keep-alive
> User-Agent: Bun/1.3.9
> Host: registry.npmjs.org
> Accept-Encoding: gzip, deflate, br, zstd

< 304 Not Modified
< Date: Sat, 03 Oct 2026 22:27:46 GMT
< Connection: keep-alive
< set-cookie: __cf_bm=OPkgDl0Z9zCyMQsPT2hHMuNitoX2ErktvEFVbSNc7To-1791066466.2198358-1.0.1.1-in1iMGNErT.YvB0Nr4UipaKKZhHkjmifDcCP29aZyitZy8l2aQ6pWESW0WSUdQpvs8FScTjcyHbcTxmodH0orcL4FDMJ4w6jhyVfeyzDIFKbBUf52BAb9n5FkzWRgDt7; HttpOnly; SameSite=None; Secure; Path=/; Domain=npmjs.org; Expires=Sat, 03 Oct 2026 22:57:46 GMT
< set-cookie: _cfuvid=t9NqACn44yk5DyAPKdCk4MT_W5ukFJorKBwfFybPUdY-1791066466.2198358-1.0.1.1-yslFDh3KUSt0R1JJyd7L_I2my8w2YxzF8OYj7yrVYcM; HttpOnly; SameSite=None; Secure; Path=/; Domain=npmjs.org
< CF-Ray: a44f6045dc20793f-TIA
< CF-Cache-Status: HIT
< Access-Control-Allow-Origin: *
< Cache-Control: public, max-age=300
< ETag: "090cc3c4dbcc4a3e8dad543abe9cab86"
< Last-Modified: Thu, 17 Jul 2025 15:41:33 GMT
< Server: cloudflare

< 304 Not Modified
< Date: Sat, 03 Oct 2026 22:27:46 GMT
< Connection: keep-alive
< set-cookie: __cf_bm=a24dYRQS2RiklWsnPnB0g3C5zLAFzKWCOCi41WzLwm0-1791066466.2197044-1.0.1.1-u2f94b2ryMFKzsfJzQGOGIxnpI0vMif_leg6G2eg.np_O8kQ85EfYJ2qXnzujBk7f364mMy6_IU55EB17DyNaqbpYDH6ioRzByR328K5k.6nq1qzL3G16CnZGVu5YvUU; HttpOnly; SameSite=None; Secure; Path=/; Domain=npmjs.org; Expires=Sat, 03 Oct 2026 22:57:46 GMT
< set-cookie: _cfuvid=kbgFO7cmbuwspWN.T7XI8Uv4iA0murT3Ld5Ha9FnyDQ-1791066466.2197044-1.0.1.1-KuoQrEmHz4WoRdhT3am9igXj11rit4lw7J9cCQi7ip0; HttpOnly; SameSite=None; Secure; Path=/; Domain=npmjs.org
< CF-Ray: a44f6045dc4abd99-TIA
< CF-Cache-Status: HIT
< Access-Control-Allow-Origin: *
< Cache-Control: public, max-age=300
< ETag: "54965b667b009add887d6fc04785a969"
< Last-Modified: Mon, 03 Aug 2026 16:18:27 GMT
< Server: cloudflare

< 304 Not Modified
< Date: Sat, 03 Oct 2026 22:27:46 GMT
< Connection: keep-alive
< set-cookie: __cf_bm=50UZ8UXjodWkcme0y9YXUJmzs5IphXI7EmcgxmvoPHs-1791066466.224683-1.0.1.1-GVRoCex1hFyAEUCoCkB0dZcw_dsGGLXm3nyMVrjlpoqOceod7DzssUpbfdOBr_TrP7IqzUDFh1qT9rJF6KFIwERRxd1DMcO2SEV694lOYpEyq1kuUoZnqq2Co8ewiZBg; HttpOnly; SameSite=None; Secure; Path=/; Domain=npmjs.org; Expires=Sat, 03 Oct 2026 22:57:46 GMT
< set-cookie: _cfuvid=WuNMy1Z6Otz8Pz4Wan_0ukCrt5msMQD84Gv.N8FIviQ-1791066466.224683-1.0.1.1-nRZt9jkT3O.cH7sdkJB_X.6NrbnfCYHpat6PMXW.52Y; HttpOnly; SameSite=None; Secure; Path=/; Domain=npmjs.org
< CF-Ray: a44f6045ed7a7c08-TIA
< CF-Cache-Status: HIT
< Access-Control-Allow-Origin: *
< Cache-Control: public, max-age=300
< ETag: "941cd91f8ef4b615d6ab61d2873f91f9"
< Last-Modified: Thu, 06 Aug 2026 06:26:40 GMT
< Server: cloudflare

< 304 Not Modified
< Date: Sat, 03 Oct 2026 22:27:46 GMT
< Connection: keep-alive
< set-cookie: __cf_bm=kmMzBsl96_dTDJpjj92p_hELg9tTl.9wCqjRldJEUGM-1791066466.2245858-1.0.1.1-4T7m4ubBJjN_zVS9X0rYjeS8HP2o_dP9BKuQxh.KHSg2B2lpGgXnQEVJYw6cUFtPpA_YThtT9RhPdu9uTZGdwtB0tPvxdft.ppl5pRRDUdnXycJ.d0gmHvMkmGwfl3UU; HttpOnly; SameSite=None; Secure; Path=/; Domain=npmjs.org; Expires=Sat, 03 Oct 2026 22:57:46 GMT
< set-cookie: _cfuvid=1Wl.A4bW.RlemcdFewRKwz8IKqUcRzbexcYz4Tq._Jo-1791066466.2245858-1.0.1.1-csZEl_hjcGIsEyX5RFEIYthOFA4ZbOatfYm0f7EipfI; HttpOnly; SameSite=None; Secure; Path=/; Domain=npmjs.org
< CF-Ray: a44f6045edd6f474-TIA
< CF-Cache-Status: HIT
< Access-Control-Allow-Origin: *
< Cache-Control: public, max-age=300
< ETag: "1284aa7387f786a2cbc237549c41057a"
< Last-Modified: Wed, 18 Sep 2024 05:27:39 GMT
< Server: cloudflare

< 304 Not Modified
< Date: Sat, 03 Oct 2026 22:27:46 GMT
< Connection: keep-alive
< set-cookie: __cf_bm=uRLlT7scCRgeY.5uwyA5hKRU3sPNFBpTZZqqRkhfgSs-1791066466.2248533-1.0.1.1-tkyoAuRC26aUPuWWWYvEnvU2S8lhV01nH96g10Kb52lvDOX4Nj8wxrl1CYB5d55KS8fgfNMj5RZg4LCXTwQgr8pTiC8sRkocDJyHaR4wUZXCca2jIcB.gVjH5Gkn6Jxx; HttpOnly; SameSite=None; Secure; Path=/; Domain=npmjs.org; Expires=Sat, 03 Oct 2026 22:57:46 GMT
< set-cookie: _cfuvid=NV7qcLJPmIx5kkorqpKnoS6FUppwoTQ04ByYSIJpqv4-1791066466.2248533-1.0.1.1-tZKFlYdJjPZs_zsW05OR2kT5vQ7.pfWE4J3cVUwCt_U; HttpOnly; SameSite=None; Secure; Path=/; Domain=npmjs.org
< CF-Ray: a44f6045ed7b7c08-TIA
< CF-Cache-Status: HIT
< Access-Control-Allow-Origin: *
< Cache-Control: public, max-age=300
< ETag: "3b0e0c8f5cf970d2348bde6e321b5931"
< Last-Modified: Thu, 22 Jun 2023 16:32:27 GMT
< Server: cloudflare

< 304 Not Modified
< Date: Sat, 03 Oct 2026 22:27:46 GMT
< Connection: keep-alive
< set-cookie: __cf_bm=2BytYHpAibvu2FrSuNj5zma4N9IU8lXPjTjmFxM5ZNo-1791066466.2246125-1.0.1.1-_LclvT0ad3C_q3FaFQudItSB3JAbFVP3OiYPRcN0dcT5NrUZNXg7hMY1PPoUHYjKdd_DD_uAaDDcxq2ZLg9s4XDF1Q2YmB4QxoWQAVMchFZL9oytqbtkaiiUhsAx19yW; HttpOnly; SameSite=None; Secure; Path=/; Domain=npmjs.org; Expires=Sat, 03 Oct 2026 22:57:46 GMT
< set-cookie: _cfuvid=Z3UrmOieMI3akfnB7sRMkLJ7t0YqpLAgZkcCJCsHABM-1791066466.2246125-1.0.1.1-1wGjGV.iAhujtXL5_CDMHB7Piu05YUHl6ZINqOqyNs0; HttpOnly; SameSite=None; Secure; Path=/; Domain=npmjs.org
< CF-Ray: a44f6045edd5f474-TIA
< CF-Cache-Status: HIT
< Access-Control-Allow-Origin: *
< Cache-Control: public, max-age=300
< ETag: "3e3a946123da28af93b8e5b9c695b678"
< Last-Modified: Wed, 18 Sep 2024 05:27:13 GMT
< Server: cloudflare

< 304 Not Modified
< Date: Sat, 03 Oct 2026 22:27:46 GMT
< Connection: keep-alive
< set-cookie: __cf_bm=rVx65t6k0yXl9FNN5Gz17Iqr1afSif.Ah78MjS_Hp1o-1791066466.2197273-1.0.1.1-MGXCw0yCQvogf_t3dOECGZL8DNU_kzQBxt84fEfIfsGiXpic9IBPg8J4sWF.yjsXwANg3wKb6OdSzzqX3f8Jh98YPI5Anj9XGwukb_VPnCRtqm.I4gq81HatSOxrGVGY; HttpOnly; SameSite=None; Secure; Path=/; Domain=npmjs.org; Expires=Sat, 03 Oct 2026 22:57:46 GMT
< set-cookie: _cfuvid=HY7EElWsAHJuXIm8Yg5W.o8cjyp6NkEaj_t4orqEic0-1791066466.2197273-1.0.1.1-L2fyX_5Ro.k67iINO3SKrQDkU118eahzSybJDyAcoIs; HttpOnly; SameSite=None; Secure; Path=/; Domain=npmjs.org
< CF-Ray: a44f6045dd747c08-TIA
< CF-Cache-Status: HIT
< Access-Control-Allow-Origin: *
< Cache-Control: public, max-age=300
< ETag: "7e45136c7e5fa9d115de4513f10ada57"
< Last-Modified: Wed, 29 Jun 2022 00:28:20 GMT
< Server: cloudflare

< 304 Not Modified
< Date: Sat, 03 Oct 2026 22:27:46 GMT
< Connection: keep-alive
< set-cookie: __cf_bm=73_hQDUTrzGQhLxtbLbFXKXLENO0LyEm2_gptbUfzi4-1791066466.2245948-1.0.1.1-5H.fSafBZYUqJOD9Ezr1pEwRTquPuEJLTFtYk0B3vhao5jWD3T5cxeJ6X8CmsO2yaCJVYOwdOlIlRGCrZgLY_1G5Er4EC9a0D.3L2enF2Xb9K4VfdJEfUnyh_qDTLbDR; HttpOnly; SameSite=None; Secure; Path=/; Domain=npmjs.org; Expires=Sat, 03 Oct 2026 22:57:46 GMT
< set-cookie: _cfuvid=KuJf1PYdVtS25707dceFy0PLNz00dUTcHq2KWivt0F0-1791066466.2245948-1.0.1.1-HjFR7mPNFu1hzMTofJzYbuEv_m0W7nFOVkCthvNxd9I; HttpOnly; SameSite=None; Secure; Path=/; Domain=npmjs.org
< CF-Ray: a44f6045edd7f474-TIA
< CF-Cache-Status: HIT
< Access-Control-Allow-Origin: *
< Cache-Control: public, max-age=300
< ETag: "34f7fef7ed9d67839012067c9dd41bcb"
< Last-Modified: Sat, 04 Feb 2023 06:18:22 GMT
< Server: cloudflare

< 304 Not Modified
< Date: Sat, 03 Oct 2026 22:27:46 GMT
< Connection: keep-alive
< set-cookie: __cf_bm=erj09NKry0IXS_ILajRKKSn9OSl36hQxBdHlScxk85c-1791066466.2248957-1.0.1.1-aa29qysT8_2uSKZg5Rv.2iCANApCycuFnzzafzmdb5mpI9OM6zt9nz7lO8nU_ddUmFkgaXCOINC3zEVsQIf0n0QBpUmwJaLzx2gJgbOC5uEeUVx9FGH.29BmyvCg5DmC; HttpOnly; SameSite=None; Secure; Path=/; Domain=npmjs.org; Expires=Sat, 03 Oct 2026 22:57:46 GMT
< set-cookie: _cfuvid=RJsAs1Auc.WwUTOS9bGQucJzWUGMEmKWaZ6iYZAlbng-1791066466.2248957-1.0.1.1-c53t0H0zLfTwsw1zpUyrrKaV7Z6fLdtYZFaddeGJceI; HttpOnly; SameSite=None; Secure; Path=/; Domain=npmjs.org
< CF-Ray: a44f6045eabca5b3-TIA
< CF-Cache-Status: HIT
< Access-Control-Allow-Origin: *
< Cache-Control: public, max-age=300
< ETag: "68b54b3d8efc29464fe68f7fd6919419"
< Last-Modified: Fri, 09 Jun 2023 21:33:14 GMT
< Server: cloudflare

< 304 Not Modified
< Date: Sat, 03 Oct 2026 22:27:46 GMT
< Connection: keep-alive
< set-cookie: __cf_bm=s.Jz2NU85d2JQDR1OsvYNIykCAMV2qMJx9xUA98j_Sc-1791066466.2255096-1.0.1.1-x8p3KTnSQqeBcuu3Vur6Hq7icl8gpFoXEY26xQuW_kfvpOhCY27msHZmbQLfQsuC0lnpwfdvG6_eQnUiUCrhD0vCgBqd6nW7X.fNcMqeXIZxUjyLToPQXVWsDxNmhoFS; HttpOnly; SameSite=None; Secure; Path=/; Domain=npmjs.org; Expires=Sat, 03 Oct 2026 22:57:46 GMT
< set-cookie: _cfuvid=lFxj2IzNVditYSbpgkK57zPHHvI75gBWFM9RoMxTqh4-1791066466.2255096-1.0.1.1-KaAfcHmB84eWaiJZKsDgjQAwnJFoO3iLol5SGUv5CXE; HttpOnly; SameSite=None; Secure; Path=/; Domain=npmjs.org
< CF-Ray: a44f6045ed7c7c08-TIA
< CF-Cache-Status: HIT
< Access-Control-Allow-Origin: *
< Cache-Control: public, max-age=300
< ETag: "fba425c6bbd9436734cf8a695623e350"
< Last-Modified: Thu, 22 Jun 2023 16:32:12 GMT
< Server: cloudflare

> HTTP/1.1 GET https://registry.npmjs.org/bindings
> If-None-Match: W/"7bf25325d71a5528510e58189640e437"
> Accept: application/vnd.npm.install-v1+json; q=1.0, application/json; q=0.8, */*
> Connection: keep-alive
> User-Agent: Bun/1.3.9
> Host: registry.npmjs.org
> Accept-Encoding: gzip, deflate, br, zstd

> HTTP/1.1 GET https://registry.npmjs.org/locate-path
> If-None-Match: W/"ea1d9feaf09c5d94a3bb293ca773ae71"
> Accept: application/vnd.npm.install-v1+json; q=1.0, application/json; q=0.8, */*
> Connection: keep-alive
> User-Agent: Bun/1.3.9
> Host: registry.npmjs.org
> Accept-Encoding: gzip, deflate, br, zstd

> HTTP/1.1 GET https://registry.npmjs.org/mimic-response
> If-None-Match: W/"50892cdfd63258e0b3742b04934da3d8"
> Accept: application/vnd.npm.install-v1+json; q=1.0, application/json; q=0.8, */*
> Connection: keep-alive
> User-Agent: Bun/1.3.9
> Host: registry.npmjs.org
> Accept-Encoding: gzip, deflate, br, zstd

> HTTP/1.1 GET https://registry.npmjs.org/wrappy
> If-None-Match: W/"11c485b5a7aca9b5e55d812824453695"
> Accept: application/vnd.npm.install-v1+json; q=1.0, application/json; q=0.8, */*
> Connection: keep-alive
> User-Agent: Bun/1.3.9
> Host: registry.npmjs.org
> Accept-Encoding: gzip, deflate, br, zstd

   - "@react-hook/latest": "^1.0.2" - @react-hook/latest@1.0.3
Enqueue package manifest for download: shebang-regex
Enqueue package manifest for download: isexe
[PackageManager] waiting for 70 tasks
    [224.40ms]
Downloaded on-headers versions
   - "on-headers": "~1.1.0" - on-headers@1.1.0
    [224.49ms]
Downloaded basic-auth versions
> HTTP/1.1 GET https://registry.npmjs.org/shebang-regex
> If-None-Match: W/"b6b7c38e6be2aa65dfb2551709c45a5f"
> Accept: application/vnd.npm.install-v1+json; q=1.0, application/json; q=0.8, */*
> Connection: keep-alive
> User-Agent: Bun/1.3.9
> Host: registry.npmjs.org
> Accept-Encoding: gzip, deflate, br, zstd

   - "basic-auth": "~2.0.1" - basic-auth@2.0.1
    [216.98ms]
Downloaded readdirp versions
   - "readdirp": "^2.2.1" - readdirp@2.2.1
   - "readdirp": "^4.0.1" - readdirp@4.1.2
   - "readdirp": "~3.6.0" - readdirp@3.6.0
    [217.08ms]
Downloaded anymatch versions
   - "anymatch": "^2.0.0" - anymatch@2.0.0
   - "anymatch": "~3.1.2" - anymatch@3.1.3
    [217.38ms]
Downloaded is-glob versions
   - "is-glob": "^4.0.0" - is-glob@4.0.3
    [217.43ms]
Downloaded braces versions
   - "braces": "^2.3.2" - braces@2.3.2
   - "braces": "~3.0.2" - braces@3.0.3
    [224.59ms]
Downloaded websocket-extensions versions
   - "websocket-extensions": ">=0.1.1" - websocket-extensions@0.1.4
    [217.19ms]
Downloaded async-each versions
   - "async-each": "^1.0.1" - async-each@1.0.6
    [217.27ms]
Downloaded inherits versions
   - "inherits": "^2.0.3" - inherits@2.0.4
    [217.30ms]
Downloaded glob-parent versions
> HTTP/1.1 GET https://registry.npmjs.org/isexe
> If-None-Match: W/"7943cdaef3da2051f4d5f7d17132befe"
> Accept: application/vnd.npm.install-v1+json; q=1.0, application/json; q=0.8, */*
> Connection: keep-alive
> User-Agent: Bun/1.3.9
> Host: registry.npmjs.org
> Accept-Encoding: gzip, deflate, br, zstd

   - "glob-parent": "^3.1.0" - glob-parent@3.1.0
   - "glob-parent": "~5.1.2" - glob-parent@5.1.2
   - "safe-buffer": "5.1.2" - safe-buffer@5.1.2
Enqueue package manifest for download: micromatch
   - "readable-stream": "^2.0.2" - readable-stream@2.3.8
   - "picomatch": "^2.2.1" - picomatch@2.3.2
   - "normalize-path": "^2.1.1" - normalize-path@2.1.1
Enqueue package manifest for download: is-extglob
Enqueue package manifest for download: isobject
Enqueue package manifest for download: to-regex
Enqueue package manifest for download: fill-range
Enqueue package manifest for download: snapdragon
Enqueue package manifest for download: arr-flatten
Enqueue package manifest for download: array-unique
Enqueue package manifest for download: split-string
Enqueue package manifest for download: extend-shallow
Enqueue package manifest for download: repeat-element
Enqueue package manifest for download: snapdragon-node
   - "is-glob": "^3.1.0" - is-glob@3.1.0
Enqueue package manifest for download: path-dirname
Enqueue package manifest for download: isarray
Enqueue package manifest for download: core-util-is
   - "string_decoder": "~1.1.1" - string_decoder@1.1.1
Enqueue package manifest for download: util-deprecate
Enqueue package manifest for download: process-nextick-args
Enqueue package manifest for download: remove-trailing-separator
> HTTP/1.1 GET https://registry.npmjs.org/micromatch
> If-None-Match: W/"5eec442f56485f5925cc3d4e8d0aa780"
> Accept: application/vnd.npm.install-v1+json; q=1.0, application/json; q=0.8, */*
> Connection: keep-alive
> User-Agent: Bun/1.3.9
> Host: registry.npmjs.org
> Accept-Encoding: gzip, deflate, br, zstd

> HTTP/1.1 GET https://registry.npmjs.org/is-extglob
> If-None-Match: W/"6bfa918f7629edc153cef3ed23b8373d"
> Accept: application/vnd.npm.install-v1+json; q=1.0, application/json; q=0.8, */*
> Connection: keep-alive
> User-Agent: Bun/1.3.9
> Host: registry.npmjs.org
> Accept-Encoding: gzip, deflate, br, zstd

> HTTP/1.1 GET https://registry.npmjs.org/isobject
> If-None-Match: W/"da7e949c4ef4b72a0aa8338d6ee5d5dd"
> Accept: application/vnd.npm.install-v1+json; q=1.0, application/json; q=0.8, */*
> Connection: keep-alive
> User-Agent: Bun/1.3.9
> Host: registry.npmjs.org
> Accept-Encoding: gzip, deflate, br, zstd

> HTTP/1.1 GET https://registry.npmjs.org/to-regex
> If-None-Match: W/"b194630aeec54a029e728d4fa14d32bc"
> Accept: application/vnd.npm.install-v1+json; q=1.0, application/json; q=0.8, */*
> Connection: keep-alive
> User-Agent: Bun/1.3.9
> Host: registry.npmjs.org
> Accept-Encoding: gzip, deflate, br, zstd

< 304 Not Modified
< Date: Sat, 03 Oct 2026 22:27:46 GMT
< Connection: keep-alive
< set-cookie: __cf_bm=JvYHnFerF0jSURlicoKmibbyQpQOiRQC7KKTQwN3llA-1791066466.2246473-1.0.1.1-1Q8LajbxzxVkTTbdsUzAZ68mZ9C2TuE0fA7HtntjZ6sPv6fkxQ8ZjA3Ko6feAdWJo16pJCRxhvpD_qOJbI7dgp.5b2Ow5kUJziwbMnNmo15QfUBzzvm8412InkBbECZQ; HttpOnly; SameSite=None; Secure; Path=/; Domain=npmjs.org; Expires=Sat, 03 Oct 2026 22:57:46 GMT
< set-cookie: _cfuvid=iP1MRpOxf4XDRDN9CHs5g4YUY9ngwrDTdDu6BBy54uA-1791066466.2246473-1.0.1.1-91b36yBSDL9.soqM6AtB6Amy4ieqdEgVuqc9W67Zt0g; HttpOnly; SameSite=None; Secure; Path=/; Domain=npmjs.org
< CF-Ray: a44f6045e98e9b00-TIA
< CF-Cache-Status: HIT
< Access-Control-Allow-Origin: *
< Cache-Control: public, max-age=300
< ETag: "7d3e26c2828f95f794cf9e6948e1c4a2"
< Last-Modified: Sun, 05 Jul 2026 21:25:33 GMT
< Server: cloudflare

[PackageManager] waiting for 78 tasks
    [224.74ms]
Downloaded upath versions
> HTTP/1.1 GET https://registry.npmjs.org/fill-range
> If-None-Match: W/"2fccbe11278ecf8d0d2966b07d3143f4"
> Accept: application/vnd.npm.install-v1+json; q=1.0, application/json; q=0.8, */*
> Connection: keep-alive
> User-Agent: Bun/1.3.9
> Host: registry.npmjs.org
> Accept-Encoding: gzip, deflate, br, zstd

< 304 Not Modified
< Date: Sat, 03 Oct 2026 22:27:46 GMT
< Connection: keep-alive
< set-cookie: __cf_bm=pNfwPwHd8N.X4B.ip.QQZbkhl8d4lXf9c.eUxDKov5M-1791066466.2293458-1.0.1.1-lvMn3n_3BgU2KZ7FuW5MjcoqqX2dYDWSxRgNL3jSCBuJRuDVOxLK3UmBLfJLzz78B_QWI7_tOoEmj63jrNg640DKtk3cScNJWMAOVZEEurxhKVNsKVV8Pf3Il8BXiu_p; HttpOnly; SameSite=None; Secure; Path=/; Domain=npmjs.org; Expires=Sat, 03 Oct 2026 22:57:46 GMT
< set-cookie: _cfuvid=JFVLKqfzT.xajvUgUOUcuFtOkEGYwlyZVXbqYnDEGwk-1791066466.2293458-1.0.1.1-0GU_zaPTu4qYiDjSZ3B8Yr0nQSnQ0ZUKc4PQpOxGcSY; HttpOnly; SameSite=None; Secure; Path=/; Domain=npmjs.org
< CF-Ray: a44f6045edb15f50-TIA
< CF-Cache-Status: HIT
< Access-Control-Allow-Origin: *
< Cache-Control: public, max-age=300
< ETag: "29eee96693dbf97689c54a15873d8d3f"
< Last-Modified: Tue, 18 Aug 2026 18:21:58 GMT
< Server: cloudflare

   - "upath": "^1.1.1" - upath@1.2.0
< 304 Not Modified
< Date: Sat, 03 Oct 2026 22:27:46 GMT
< Connection: keep-alive
< set-cookie: __cf_bm=95RBBgaakuduxJnVfTxFe6xazvzTvM8PwVpA_3aKHv8-1791066466.2457123-1.0.1.1-yU0g.0VZmR1F_f0Uhuu_lxQiCtKurvFsS78EC2JNU0zXuvMmMi0UbPHP8Et1PmiU2Vk0Jky.VTahsVFAULShE58ehN00zKRN98X2t7.ExcIsx2WrF.mdESsXYRETJ_5h; HttpOnly; SameSite=None; Secure; Path=/; Domain=npmjs.org; Expires=Sat, 03 Oct 2026 22:57:46 GMT
< set-cookie: _cfuvid=o50.uGXPulaM9ncDx9XRJQO2Myv__NM358DB_MPD2pQ-1791066466.2457123-1.0.1.1-XOcKxsaRbQ1vqYZTCum4unxaT3wtStmEN2.gmq2UCIg; HttpOnly; SameSite=None; Secure; Path=/; Domain=npmjs.org
< CF-Ray: a44f60460e02f474-TIA
< CF-Cache-Status: HIT
< Access-Control-Allow-Origin: *
< Cache-Control: public, max-age=300
< ETag: "58b29b212de639f7450a6a1ea8fd9fda"
< Last-Modified: Wed, 21 Sep 2022 18:58:23 GMT
< Server: cloudflare

[PackageManager] waiting for 77 tasks
    [217.12ms]
Downloaded uuid versions
> HTTP/1.1 GET https://registry.npmjs.org/snapdragon
> If-None-Match: W/"cec7aec9cc6cf2f3e5c3c273ae979768"
> Accept: application/vnd.npm.install-v1+json; q=1.0, application/json; q=0.8, */*
> Connection: keep-alive
> User-Agent: Bun/1.3.9
> Host: registry.npmjs.org
> Accept-Encoding: gzip, deflate, br, zstd

   - "uuid": "^3.0.0" - uuid@3.4.0
    [205.37ms]
Downloaded apache-md5 versions
> HTTP/1.1 GET https://registry.npmjs.org/arr-flatten
> If-None-Match: W/"a2a6eaf4fe0f85af0e81052359b5431f"
> Accept: application/vnd.npm.install-v1+json; q=1.0, application/json; q=0.8, */*
> Connection: keep-alive
> User-Agent: Bun/1.3.9
> Host: registry.npmjs.org
> Accept-Encoding: gzip, deflate, br, zstd

   - "apache-md5": "^1.0.6" - apache-md5@1.1.8
< 304 Not Modified
< Date: Sat, 03 Oct 2026 22:27:46 GMT
< Connection: keep-alive
< set-cookie: __cf_bm=gu2_6ll8BSicxVA.IXnR_60jnDzSSZ5lGOumdBc2phg-1791066466.2511-1.0.1.1-yFwURJVzK6q4SuzQyii7qECgmcvF3d5fHtkOvN_4h0kJZz0PhaHJKJUUFe.hJOPDWUPLLaKLJHTeM0rIQzA_3FQBuIvVfoSLCggNUvZSYMYbhnzVGEm5D_OwLAcd3BWP; HttpOnly; SameSite=None; Secure; Path=/; Domain=npmjs.org; Expires=Sat, 03 Oct 2026 22:57:46 GMT
< set-cookie: _cfuvid=G7DhMugq4OMGYchttNYkCvG84tw8IQmPxGmlKxU4IzU-1791066466.2511-1.0.1.1-L_xSgtY_jOs6offWUcavJYIwLVB6gsbJpyesJtoMPaI; HttpOnly; SameSite=None; Secure; Path=/; Domain=npmjs.org
< CF-Ray: a44f60461d2751a4-TIA
< CF-Cache-Status: HIT
< Access-Control-Allow-Origin: *
< Cache-Control: public, max-age=300
< ETag: "22c63ca0bd55c7c08d2dd4b07aaf49d9"
< Last-Modified: Fri, 25 Sep 2026 09:44:03 GMT
< Server: cloudflare

[PackageManager] waiting for 75 tasks
    [199.49ms]
Downloaded undici-types versions
> HTTP/1.1 GET https://registry.npmjs.org/array-unique
> If-None-Match: W/"72ab5338cde20acdcd90586bedadcb1e"
> Accept: application/vnd.npm.install-v1+json; q=1.0, application/json; q=0.8, */*
> Connection: keep-alive
> User-Agent: Bun/1.3.9
> Host: registry.npmjs.org
> Accept-Encoding: gzip, deflate, br, zstd

   - "undici-types": "~6.21.0" - undici-types@6.21.0
[PackageManager] waiting for 74 tasks
< 304 Not Modified
< Date: Sat, 03 Oct 2026 22:27:46 GMT
< Connection: keep-alive
< set-cookie: __cf_bm=G8Ho8yWw0XlB7LIrTsM24EETPdVXBFO_hM4qZTOI6DI-1791066466.2506793-1.0.1.1-Uk9MF64lSoYHUuRnFjM3qu.ykSc4caxIZuQ4j2MhedgsszdnLDkbgHvdtF63irmG91csP7FJanByP8Do1qYjbRvDmi3qYEBpgu_CdlDF5i2JS1SzvDpW_Gev.6rOqDbm; HttpOnly; SameSite=None; Secure; Path=/; Domain=npmjs.org; Expires=Sat, 03 Oct 2026 22:57:46 GMT
< set-cookie: _cfuvid=Zn1JU0lTdUVnyQJM7lloqZD8xmDbKJG0NocCLSVW7fU-1791066466.2506793-1.0.1.1-7Hi0s6BpSTX30Yj8DvduleolDVWlHShAXubGqQ7uCI4; HttpOnly; SameSite=None; Secure; Path=/; Domain=npmjs.org
< CF-Ray: a44f60461c71bd99-TIA
< CF-Cache-Status: HIT
< Access-Control-Allow-Origin: *
< Cache-Control: public, max-age=300
< ETag: "3f11b3a756dd2d586fbf26370d08b0ab"
< Last-Modified: Wed, 29 Apr 2026 10:51:59 GMT
< Server: cloudflare

[PackageManager] waiting for 74 tasks
< 200 OK
< Access-Control-Allow-Origin: https://render.githubusercontent.com
< content-disposition: attachment; filename=tscircuit-bga-fanout-solver-247c835.tar.gz
< Content-Length: 1132375
< Content-Security-Policy: default-src 'none'; style-src 'unsafe-inline'; sandbox
< Content-Type: application/x-gzip
< cross-origin-resource-policy: cross-origin
< ETag: W/"0027278be45e56665f5ec396e5147332c9c77ee2817d83ed6d2e1f3089b9f6cf"
< Strict-Transport-Security: max-age=31536000
< Vary: Authorization,Accept-Encoding
< X-Content-Type-Options: nosniff
< X-Frame-Options: deny
< X-XSS-Protection: 1; mode=block
< Date: Sat, 03 Oct 2026 22:27:46 GMT
< X-GitHub-Request-Id: F306:6C812:4D4A6B:7D5E14:6AC18162
< x-github-edge-region: fra

    [199.48ms]
Downloaded ufo versions
< 304 Not Modified
< Date: Sat, 03 Oct 2026 22:27:46 GMT
< Connection: keep-alive
< set-cookie: __cf_bm=evsPxnrVrPIMwQZg5PXtyWG0SdLwkCD0oPwuMgNL690-1791066466.2506413-1.0.1.1-iR34uUEohIRvbB28NkjDSqtd7xDrXh3j6Eaq4uUlkzo5TyI_BOM5bRmjkte27Q41DKbwkwM_mILMdkMH_JWZiBxtQJCc2lQSgGxBSIgEy7cYmGFYB_IoOrh.szZAajNc; HttpOnly; SameSite=None; Secure; Path=/; Domain=npmjs.org; Expires=Sat, 03 Oct 2026 22:57:46 GMT
< set-cookie: _cfuvid=i3Tj2BR4cvGwsGx1_fz8ebo0ttISRUEYN2UaCtmp3T0-1791066466.2506413-1.0.1.1-ZcytACkGWnRv84TN61SAPjtiTmJNAKPkwR_Jyt7UqzY; HttpOnly; SameSite=None; Secure; Path=/; Domain=npmjs.org
< CF-Ray: a44f60461dd35f50-TIA
< CF-Cache-Status: HIT
< Access-Control-Allow-Origin: *
< Cache-Control: public, max-age=300
< ETag: "d363a358c89af113494cdd38907423fc"
< Last-Modified: Wed, 21 Sep 2022 19:02:04 GMT
< Server: cloudflare

> HTTP/1.1 GET https://registry.npmjs.org/split-string
> If-None-Match: W/"90fb91fe8df0fbc13f25322280f5d12f"
> Accept: application/vnd.npm.install-v1+json; q=1.0, application/json; q=0.8, */*
> Connection: keep-alive
> User-Agent: Bun/1.3.9
> Host: registry.npmjs.org
> Accept-Encoding: gzip, deflate, br, zstd

> HTTP/1.1 GET https://registry.npmjs.org/extend-shallow
> If-None-Match: W/"5705d0c1ce44fb3a571af8ce009c476e"
> Accept: application/vnd.npm.install-v1+json; q=1.0, application/json; q=0.8, */*
> Connection: keep-alive
> User-Agent: Bun/1.3.9
> Host: registry.npmjs.org
> Accept-Encoding: gzip, deflate, br, zstd

   - "ufo": "^1.6.3" - ufo@1.6.4
[PackageManager] waiting for 73 tasks
    [199.67ms]
Downloaded apache-crypt versions
   - "apache-crypt": "^1.1.2" - apache-crypt@1.2.6
Enqueue package manifest for download: unix-crypt-td-js
< 304 Not Modified
< Date: Sat, 03 Oct 2026 22:27:46 GMT
< Connection: keep-alive
< set-cookie: __cf_bm=JSiiLvHP96IYo2IXLjBvUOa0ORFZWMAxXsLirdH9Fd8-1791066466.4389653-1.0.1.1-uNvMyVEj4SvFOq_zPGM8wGdrD3C_xBT4dH2aI4xkwz_Ok4wb_VWCYwo8DmLODkCfxqeXXyADw3QN4iHxDVcC94iw6qa6xp.19D2MTrMepja6FhqTl509spnzVSDibN34; HttpOnly; SameSite=None; Secure; Path=/; Domain=npmjs.org; Expires=Sat, 03 Oct 2026 22:57:46 GMT
< set-cookie: _cfuvid=UWZ8CKj8KjBaXciPgch4UWnsgsKobjxZ04SkvDMizs0-1791066466.4389653-1.0.1.1-6WBQg3DnFwkQ31Vrb_fpuyAnIo7N9S.oXCOmaDI9wkw; HttpOnly; SameSite=None; Secure; Path=/; Domain=npmjs.org
< CF-Ray: a44f60473bfca5b3-TIA
< CF-Cache-Status: HIT
< Access-Control-Allow-Origin: *
< Age: 291
< Cache-Control: public, max-age=300
< ETag: "41e826ade4a0c2a85af7f84a0a74aa09"
< Last-Modified: Mon, 09 May 2022 12:18:52 GMT
< Server: cloudflare

[PackageManager] waiting for 73 tasks
    [106.40ms]
Downloaded mkdirp-classic versions
> HTTP/1.1 GET https://registry.npmjs.org/repeat-element
> If-None-Match: W/"858bc90681e5bf6427b4585c16ecadff"
> Accept: application/vnd.npm.install-v1+json; q=1.0, application/json; q=0.8, */*
> Connection: keep-alive
> User-Agent: Bun/1.3.9
> Host: registry.npmjs.org
> Accept-Encoding: gzip, deflate, br, zstd

< 304 Not Modified
< Date: Sat, 03 Oct 2026 22:27:46 GMT
< Connection: keep-alive
< set-cookie: __cf_bm=r7ZCsZLqgl4ul7FdA_EdywdIT.LRDfcUFsqb2AldsbY-1791066466.4388108-1.0.1.1-e1HypZDY10Ty253cIqpRsi..P0sdmqGd8RSyByA8_b3_BzJsCUaF2FMTEwhTJFk0rrUsOLy.U8lFSIr9FF9SHhQAv2hhfWJ3lH2IpNQUvnmxp_w7Ql_hlVYVBmqx58lh; HttpOnly; SameSite=None; Secure; Path=/; Domain=npmjs.org; Expires=Sat, 03 Oct 2026 22:57:46 GMT
< set-cookie: _cfuvid=StO2kkRDgyovT4ITPlTZN3CNa2DrMEXBTgxQq8h1SxI-1791066466.4388108-1.0.1.1-2z6t1gXIVZTkgE2GErPMwAiH8BRMZSzYiuVkNELGkOc; HttpOnly; SameSite=None; Secure; Path=/; Domain=npmjs.org
< CF-Ray: a44f60473ef55f50-TIA
< CF-Cache-Status: HIT
< Access-Control-Allow-Origin: *
< Age: 282
< Cache-Control: public, max-age=300
< ETag: "65ce71502682063b2265083d9c50e282"
< Last-Modified: Fri, 17 Jun 2022 21:59:54 GMT
< Server: cloudflare

   - "mkdirp-classic": "^0.5.3" - mkdirp-classic@0.5.3
[PackageManager] waiting for 72 tasks
    [106.44ms]
Downloaded expand-template versions
< 304 Not Modified
< Date: Sat, 03 Oct 2026 22:27:46 GMT
< Connection: keep-alive
< set-cookie: __cf_bm=XISvFgfDfP1kmpnugcJr078TmC3_lbJnXDy3qPyk3zk-1791066466.4389195-1.0.1.1-e0jJKensgL85v6Jl740JroLJ0oysgTlPHANtvmd_mPnW.mHQV8CIR2FpVMwyv7Qkq6PZELSan_ByY70O_6wXQ4bDtw16zumZD1ErF5YAd4BchrhoW5psaQrXos9dpzqy; HttpOnly; SameSite=None; Secure; Path=/; Domain=npmjs.org; Expires=Sat, 03 Oct 2026 22:57:46 GMT
< set-cookie: _cfuvid=e2h1Q65zsEKR0xD0a2b5z1dhG_mRQZ.O5EXN6T6bq2M-1791066466.4389195-1.0.1.1-KnMsKBsfk2sSyLmkZW93Pj7xyZyNpTQnuaNasnlD8H8; HttpOnly; SameSite=None; Secure; Path=/; Domain=npmjs.org
< CF-Ray: a44f60473d1d793f-TIA
< CF-Cache-Status: HIT
< Access-Control-Allow-Origin: *
< Age: 276
< Cache-Control: public, max-age=300
< ETag: "9c9a9f5ea0997c31ac79c9befe63ed60"
< Last-Modified: Fri, 25 Sep 2026 19:24:22 GMT
< Server: cloudflare

   - "expand-template": "^2.0.3" - expand-template@2.0.3
< 304 Not Modified
< Date: Sat, 03 Oct 2026 22:27:46 GMT
< Connection: keep-alive
< set-cookie: __cf_bm=z0Nelvswc9IVGD8Q_dznT9ODhvCQiYRIS6nZpqegKEQ-1791066466.4388635-1.0.1.1-peH3gMlb7_ecnLyH93BDjPC87jq0Br2fuYEST_QS8vMCrbr7upXjuQldBZIfWmm0EBZDw1tlifyzTIpuZG0RkwDdQnwlDpIV6byvgOiMEMB4SqWtd2QOzsoqqQ6BkTHU; HttpOnly; SameSite=None; Secure; Path=/; Domain=npmjs.org; Expires=Sat, 03 Oct 2026 22:57:46 GMT
< set-cookie: _cfuvid=gpylxLVokVuqgvk.GdEQA9.JOUP0x9w8bomyd2oc6BY-1791066466.4388635-1.0.1.1-ns458aS065g6C8n409oo5XchbW8RVaQJHJe9rWtKg3k; HttpOnly; SameSite=None; Secure; Path=/; Domain=npmjs.org
< CF-Ray: a44f60473bfaa5b3-TIA
< CF-Cache-Status: HIT
< Access-Control-Allow-Origin: *
< Age: 186
< Cache-Control: public, max-age=300
< ETag: "4ec07cae7799269850f82fbc0d155e41"
< Last-Modified: Tue, 01 Sep 2026 07:14:44 GMT
< Server: cloudflare

[PackageManager] waiting for 71 tasks
< 304 Not Modified
< Date: Sat, 03 Oct 2026 22:27:46 GMT
< Connection: keep-alive
< set-cookie: __cf_bm=ETmiRrTZJOWXiBNqyvJJ7tnHF9zBE91ayEhspE1GmCg-1791066466.4389808-1.0.1.1-zgtEbXn9iK6WAtOSYGMv8TavaTMc2sWsueLfN.VAuvZLIj9MtGJvFj8CukuXrBi6xjuzgZOPSFR6mMPLEdpzspUDqlpUt1umftwgY4TakBpuGeAxL703_qMHuysmcAyA; HttpOnly; SameSite=None; Secure; Path=/; Domain=npmjs.org; Expires=Sat, 03 Oct 2026 22:57:46 GMT
< set-cookie: _cfuvid=7KpnJuAv9kbzLTVIWHZ6d6Wg5BUp05eqbjfu_HVkkfw-1791066466.4389808-1.0.1.1-zp21IB4Yg4yBGXj1dQttRl0KdraUTG33T4gFc_Ke6.Y; HttpOnly; SameSite=None; Secure; Path=/; Domain=npmjs.org
< CF-Ray: a44f60473bfba5b3-TIA
< CF-Cache-Status: HIT
< Access-Control-Allow-Origin: *
< Age: 188
< Cache-Control: public, max-age=300
< ETag: "2d6f7feadeaaa5de93d4ceb66fbb8601"
< Last-Modified: Fri, 28 Aug 2026 19:13:26 GMT
< Server: cloudflare

    [106.77ms]
Downloaded bare-fs versions
< 304 Not Modified
< Date: Sat, 03 Oct 2026 22:27:46 GMT
< Connection: keep-alive
< set-cookie: __cf_bm=_IMv8Jti3hiafkKEmnOj1wT2hKVf4VrFcJZKjbdEFI8-1791066466.4391787-1.0.1.1-TvXnp6OIle8MsBBs478oOnK8nUtyQOXTKM9akM16qZg3J9wzQQucupTFADqDTKenBnOIjstFBpVHI045Jzeryh0K2KJa.yta78rlRfGkD.NKxHw4gpRrv0jHER4ycmGe; HttpOnly; SameSite=None; Secure; Path=/; Domain=npmjs.org; Expires=Sat, 03 Oct 2026 22:57:46 GMT
< set-cookie: _cfuvid=swLGFrLQI5qfsUFLsvssWjQLwJEjGarbjB5WOSb1QpE-1791066466.4391787-1.0.1.1-IT4hQXrQf9m8t4whDP5TdUt2K_P7JndtFtTw0_4Xvhc; HttpOnly; SameSite=None; Secure; Path=/; Domain=npmjs.org
< CF-Ray: a44f60473ad39b00-TIA
< CF-Cache-Status: HIT
< Access-Control-Allow-Origin: *
< Age: 281
< Cache-Control: public, max-age=300
< ETag: "9df0161e6f3fc70d8d05697fdc859aa0"
< Last-Modified: Wed, 20 Aug 2025 09:12:13 GMT
< Server: cloudflare

< 304 Not Modified
< Date: Sat, 03 Oct 2026 22:27:46 GMT
< Connection: keep-alive
< set-cookie: __cf_bm=F24vAjCFrlYE3S9V0HzfsVQI7cYG0mtdVt3fGZooYJE-1791066466.4392576-1.0.1.1-mt5_Wsj7OE7ggoavAjOpttzZvApU4xNDKJhKbIoMk4QfH54dOMbvebrCjgWo4T5PB4vqyoHKqqf_8_fwtDCHVJ6ZqzirKACvkMO3x0NjUMuU2KP6P8KVW99EnJr4u4Z2; HttpOnly; SameSite=None; Secure; Path=/; Domain=npmjs.org; Expires=Sat, 03 Oct 2026 22:57:46 GMT
< set-cookie: _cfuvid=21ySdS7G2Bzl4bM4DSw0in2VONnAbwvyFtBavatqM8U-1791066466.4392576-1.0.1.1-FW_cJoSOp80GMFDL0fnaAiEvEM6F9hTJ5OSRvHt7.GQ; HttpOnly; SameSite=None; Secure; Path=/; Domain=npmjs.org
< CF-Ray: a44f60473e6051a4-TIA
< CF-Cache-Status: HIT
< Access-Control-Allow-Origin: *
< Age: 178
< Cache-Control: public, max-age=300
< ETag: "4fbb21ce5c01bc3e7eb0c0a06e0bbcf8"
< Last-Modified: Wed, 14 May 2025 14:56:02 GMT
< Server: cloudflare

   - "bare-fs": "^4.0.1" - bare-fs@4.8.2
    [106.77ms]
Downloaded bare-path versions
> HTTP/1.1 GET https://registry.npmjs.org/snapdragon-node
> If-None-Match: W/"3dcd7835683496eb11e443f2574095be"
> Accept: application/vnd.npm.install-v1+json; q=1.0, application/json; q=0.8, */*
> Connection: keep-alive
> User-Agent: Bun/1.3.9
> Host: registry.npmjs.org
> Accept-Encoding: gzip, deflate, br, zstd

> HTTP/1.1 GET https://registry.npmjs.org/path-dirname
> If-None-Match: W/"8a6efd3cdc4afee9c9e3e8118a60b956"
> Accept: application/vnd.npm.install-v1+json; q=1.0, application/json; q=0.8, */*
> Connection: keep-alive
> User-Agent: Bun/1.3.9
> Host: registry.npmjs.org
> Accept-Encoding: gzip, deflate, br, zstd

> HTTP/1.1 GET https://registry.npmjs.org/isarray
> If-None-Match: W/"23a71ebfa667dc5ff8088f619fa1d1b0"
> Accept: application/vnd.npm.install-v1+json; q=1.0, application/json; q=0.8, */*
> Connection: keep-alive
> User-Agent: Bun/1.3.9
> Host: registry.npmjs.org
> Accept-Encoding: gzip, deflate, br, zstd

> HTTP/1.1 GET https://registry.npmjs.org/core-util-is
> If-None-Match: W/"5e1bcb2c1cb14b7bdd9656484aaac41a"
> Accept: application/vnd.npm.install-v1+json; q=1.0, application/json; q=0.8, */*
> Connection: keep-alive
> User-Agent: Bun/1.3.9
> Host: registry.npmjs.org
> Accept-Encoding: gzip, deflate, br, zstd

> HTTP/1.1 GET https://registry.npmjs.org/util-deprecate
> If-None-Match: W/"d445ccdd40618ba0000ee34ac3a567b0"
> Accept: application/vnd.npm.install-v1+json; q=1.0, application/json; q=0.8, */*
> Connection: keep-alive
> User-Agent: Bun/1.3.9
> Host: registry.npmjs.org
> Accept-Encoding: gzip, deflate, br, zstd

> HTTP/1.1 GET https://registry.npmjs.org/process-nextick-args
> If-None-Match: W/"bf8034162ce5d4ef57a89c0ccdd6380b"
> Accept: application/vnd.npm.install-v1+json; q=1.0, application/json; q=0.8, */*
> Connection: keep-alive
> User-Agent: Bun/1.3.9
> Host: registry.npmjs.org
> Accept-Encoding: gzip, deflate, br, zstd

   - "bare-path": "^3.0.0" - bare-path@3.1.2
Enqueue package manifest for download: bare-url
Enqueue package manifest for download: fast-fifo
Enqueue package manifest for download: bare-events
Enqueue package manifest for download: bare-stream
[PackageManager] waiting for 73 tasks
    [106.53ms]
Downloaded node-abi versions
   - "node-abi": "^3.3.0" - node-abi@3.96.0
    [17.06ms]
Downloaded split-on-first versions
   - "split-on-first": "^3.0.0" - split-on-first@3.0.0
    [17.05ms]
Downloaded mime-db versions
   - "mime-db": "^1.54.0" - mime-db@1.54.0
   - "mime-db": "1.52.0" - mime-db@1.52.0
< 304 Not Modified
< Date: Sat, 03 Oct 2026 22:27:46 GMT
< Connection: keep-alive
< set-cookie: __cf_bm=7gMsDUBZl.r8U3dwsX32seIshPeKzYRyg0K7GHuDguc-1791066466.4389706-1.0.1.1-CdY9c7L6c0vDZ5EYuLhmwet0_WnR5E1DDFDb5TzSaqoNZXgPOfQIDpJ5.jLo7E.o6OeNgndbVZ.Lj6l442P3vQzjoCD_pea0.wl3IijBBeDWYwKZRIB3CBvc60NHYeyk; HttpOnly; SameSite=None; Secure; Path=/; Domain=npmjs.org; Expires=Sat, 03 Oct 2026 22:57:46 GMT
< set-cookie: _cfuvid=WGlUtKZJbr6I4KfxC61wjEg.C6CkRRpGds1nbbxgsAc-1791066466.4389706-1.0.1.1-.rQ5bw_zZhmK2ddZ7MCpp6S2o3pX2_el9NgVwHbXjLA; HttpOnly; SameSite=None; Secure; Path=/; Domain=npmjs.org
< CF-Ray: a44f60473e5f51a4-TIA
< CF-Cache-Status: HIT
< Access-Control-Allow-Origin: *
< Age: 275
< Cache-Control: public, max-age=300
< ETag: "c1e38b54f548816f698fe9cb3bc2f86b"
< Last-Modified: Fri, 17 Jan 2025 03:07:02 GMT
< Server: cloudflare

[PackageManager] waiting for 70 tasks
    [24.15ms]
Downloaded napi-build-utils versions
> HTTP/1.1 GET https://registry.npmjs.org/remove-trailing-separator
> If-None-Match: W/"695f014705ff9b2a6368ea37015fc34c"
> Accept: application/vnd.npm.install-v1+json; q=1.0, application/json; q=0.8, */*
> Connection: keep-alive
> User-Agent: Bun/1.3.9
> Host: registry.npmjs.org
> Accept-Encoding: gzip, deflate, br, zstd

   - "napi-build-utils": "^2.0.0" - napi-build-utils@2.0.0
< 304 Not Modified
< Date: Sat, 03 Oct 2026 22:27:46 GMT
< Connection: keep-alive
< set-cookie: __cf_bm=ssuyXlWtncHvzQ6GMBeb3B0AySPPG_HwTK5Y59HJl8w-1791066466.2614996-1.0.1.1-YmxxI4cvJZZgV5ikh0Ctc0nk9xra70Cfue75w8LAUU7V_sbgMRxJCRJzXokhdBfQix2T4O0hFTwgMZQOCddsJRm8X00FR.nt7AuWb24SpKp.BDnsf.gudTIk0dKTaKXz; HttpOnly; SameSite=None; Secure; Path=/; Domain=npmjs.org; Expires=Sat, 03 Oct 2026 22:57:46 GMT
< set-cookie: _cfuvid=SgNXpixA8MhVAKKmhcqy.n.XV9eKYtyajEcb9Gj_Zeo-1791066466.2614996-1.0.1.1-eOu4qXbScfoXD6fSPf9bYfK17hiGgkgGX9L8J6marQE; HttpOnly; SameSite=None; Secure; Path=/; Domain=npmjs.org
< CF-Ray: a44f60462de05f50-TIA
< CF-Cache-Status: HIT
< Access-Control-Allow-Origin: *
< Cache-Control: public, max-age=300
< ETag: "ba80b3db1217e211288df7d05b667eba"
< Last-Modified: Mon, 08 Dec 2025 21:09:56 GMT
< Server: cloudflare

< 304 Not Modified
< Date: Sat, 03 Oct 2026 22:27:46 GMT
< Connection: keep-alive
< set-cookie: __cf_bm=OJfQmIh9zmGFJjHKTtOloa9BdQdhsyxov3zpfugbL5E-1791066466.444726-1.0.1.1-P0Bh.e5zH6Lac0XBcnT5XCyKZll4EB1HeViZlHXTANoPuE.6RUrmd1vshqqwk_rAtVZLSgaT4CgThtrP0DAVQ_jht5hxdcZtu_S5JmCjvbrAdtr35xhTewnw0ImTKxQA; HttpOnly; SameSite=None; Secure; Path=/; Domain=npmjs.org; Expires=Sat, 03 Oct 2026 22:57:46 GMT
< set-cookie: _cfuvid=UPbeAa6TEpYm3cTP2PFUVDVA5AQ2FztX2wJ82Rs3Fis-1791066466.444726-1.0.1.1-b91sihzpigpwAsjmyPXYKakt2K7A9brKIizAxx3baZA; HttpOnly; SameSite=None; Secure; Path=/; Domain=npmjs.org
< CF-Ray: a44f60474d56bd99-TIA
< CF-Cache-Status: HIT
< Access-Control-Allow-Origin: *
< Age: 289
< Cache-Control: public, max-age=300
< ETag: "ea1d9feaf09c5d94a3bb293ca773ae71"
< Last-Modified: Mon, 15 Sep 2025 23:17:40 GMT
< Server: cloudflare

< 304 Not Modified
< Date: Sat, 03 Oct 2026 22:27:46 GMT
< Connection: keep-alive
< set-cookie: __cf_bm=St5w1tPFCHv24g5IRXNmEZCaxa4zATk_uzvTOMgzE4Y-1791066466.4447176-1.0.1.1-R4rfx77zuYzvVdeWBX4kwgfaOHFLXDXOV_bKLyJvtG5yI4DThmNjbw7aPmem007A5MnsqJOBKPFfEA48.lJCk4NOfScZiH1yNgxAGoSoOKih8EUEmYualiux4w8M9Wgc; HttpOnly; SameSite=None; Secure; Path=/; Domain=npmjs.org; Expires=Sat, 03 Oct 2026 22:57:46 GMT
< set-cookie: _cfuvid=AHDl.QPI5GyFsE3kYI3FHwFDBTZ3UoyEKJsM8oktacQ-1791066466.4447176-1.0.1.1-LpQhjasR7kWR5BIeZ7wAVZd7o5kynrJM2ft5hski0Rc; HttpOnly; SameSite=None; Secure; Path=/; Domain=npmjs.org
< CF-Ray: a44f60474f65f474-TIA
< CF-Cache-Status: HIT
< Access-Control-Allow-Origin: *
< Age: 186
< Cache-Control: public, max-age=300
< ETag: "7943cdaef3da2051f4d5f7d17132befe"
< Last-Modified: Mon, 09 Feb 2026 16:28:04 GMT
< Server: cloudflare

[PackageManager] waiting for 69 tasks
< 304 Not Modified
< Date: Sat, 03 Oct 2026 22:27:46 GMT
< Connection: keep-alive
< set-cookie: __cf_bm=qkJyZlctfHr6YY85lpg_7vxxEHeaT6vwdaci_SNDmYU-1791066466.444816-1.0.1.1-A_cYPUd3Istx2DpVftdNtdPaRE5Qd4aB96omip0QKYen5G6rts40c6MNF2w5851MIzm_x0XbOzTFnzQ4abqM4eb6n62ElMpuUtyOHW_OHsFqaDZ8zJEjh6RyrbTiK88W; HttpOnly; SameSite=None; Secure; Path=/; Domain=npmjs.org; Expires=Sat, 03 Oct 2026 22:57:46 GMT
< set-cookie: _cfuvid=tizvPk6Qt0jRl3wQMJ_orDyzya88RRKGDZLpuJWsc1Y-1791066466.444816-1.0.1.1-66e7Xs7mQtAdleNsRENNVb8lbUkdf.Mndd66i4PKAFw; HttpOnly; SameSite=None; Secure; Path=/; Domain=npmjs.org
< CF-Ray: a44f60474ed37c08-TIA
< CF-Cache-Status: HIT
< Access-Control-Allow-Origin: *
< Age: 179
< Cache-Control: public, max-age=300
< ETag: "b6b7c38e6be2aa65dfb2551709c45a5f"
< Last-Modified: Fri, 16 Jun 2023 22:41:01 GMT
< Server: cloudflare

    [205.81ms]
Downloaded js-tokens versions
> HTTP/1.1 GET https://registry.npmjs.org/unix-crypt-td-js
> If-None-Match: W/"406850dd2259f5de3e1c4391d7fbf741"
> Accept: application/vnd.npm.install-v1+json; q=1.0, application/json; q=0.8, */*
> Connection: keep-alive
> User-Agent: Bun/1.3.9
> Host: registry.npmjs.org
> Accept-Encoding: gzip, deflate, br, zstd

> HTTP/1.1 GET https://registry.npmjs.org/bare-url
> If-None-Match: W/"853a4a1bc471b96323b1caa0c537a4cd"
> Accept: application/vnd.npm.install-v1+json; q=1.0, application/json; q=0.8, */*
> Connection: keep-alive
> User-Agent: Bun/1.3.9
> Host: registry.npmjs.org
> Accept-Encoding: gzip, deflate, br, zstd

> HTTP/1.1 GET https://registry.npmjs.org/fast-fifo
> If-None-Match: W/"bd23f2f80694e17fa71a7e503f2ebcdc"
> Accept: application/vnd.npm.install-v1+json; q=1.0, application/json; q=0.8, */*
> Connection: keep-alive
> User-Agent: Bun/1.3.9
> Host: registry.npmjs.org
> Accept-Encoding: gzip, deflate, br, zstd

> HTTP/1.1 GET https://registry.npmjs.org/bare-events
> If-None-Match: W/"6b48c439961c30cb89608264c7f1905a"
> Accept: application/vnd.npm.install-v1+json; q=1.0, application/json; q=0.8, */*
> Connection: keep-alive
> User-Agent: Bun/1.3.9
> Host: registry.npmjs.org
> Accept-Encoding: gzip, deflate, br, zstd

< 304 Not Modified
< Date: Sat, 03 Oct 2026 22:27:46 GMT
< Connection: keep-alive
< set-cookie: __cf_bm=djmI3VF9Tg1gkM0ALh1ke4VVmR9QMliv3b6wbDl5nVQ-1791066466.4445477-1.0.1.1-8gkUKbJLb3O.rKlUw5DbOSFcwVy0jWcNlRRcGSFgcUYpGJagAO8g2Onofq2M.F4ffuiEOHSm3PavQsymWqh0TiLO8zWk885FQr9Opj7ENYk6VZDt7Alj6jyejIhVqEXN; HttpOnly; SameSite=None; Secure; Path=/; Domain=npmjs.org; Expires=Sat, 03 Oct 2026 22:57:46 GMT
< set-cookie: _cfuvid=mfgU8248V1TXAHDfLFPgPUQduILGJYJb6UcfMYyLsUQ-1791066466.4445477-1.0.1.1-FIVDdU1Cp37knDbJU8QaUk91ya4MSuIPmeqjHiKVgbo; HttpOnly; SameSite=None; Secure; Path=/; Domain=npmjs.org
< CF-Ray: a44f60474ed67c08-TIA
< CF-Cache-Status: HIT
< Access-Control-Allow-Origin: *
< Age: 295
< Cache-Control: public, max-age=300
< ETag: "5eec442f56485f5925cc3d4e8d0aa780"
< Last-Modified: Wed, 18 Sep 2024 05:25:41 GMT
< Server: cloudflare

< 304 Not Modified
< Date: Sat, 03 Oct 2026 22:27:46 GMT
< Connection: keep-alive
< set-cookie: __cf_bm=N9rAsszbfZmPbPdIckR6SxkXb1vynGv4yFIxdUImB18-1791066466.4445624-1.0.1.1-3QZiO9gtEYC8XdBf_rRnTssNhkhViXmjj4zgA2eCZq1tKK_qkHn4PPeXmYaVSBPC38RgJg0KK.ldLzNTVT4V4sK43XsTumRykN_2yKdFKsYNURQMCzjKc.J8_K0a0Znb; HttpOnly; SameSite=None; Secure; Path=/; Domain=npmjs.org; Expires=Sat, 03 Oct 2026 22:57:46 GMT
< set-cookie: _cfuvid=PlFvkrlWIKhBq1IF1mpKQaRIHIUwUy0Qqfivc0_o3Fo-1791066466.4445624-1.0.1.1-W9_B8H.em.Kt6gnwPnFIN1KkY8B1t4kCHtowI45wUVA; HttpOnly; SameSite=None; Secure; Path=/; Domain=npmjs.org
< CF-Ray: a44f60474ed47c08-TIA
< CF-Cache-Status: HIT
< Access-Control-Allow-Origin: *
< Age: 259
< Cache-Control: public, max-age=300
< ETag: "cb1971130cf192291824ba1c1f6f7b21"
< Last-Modified: Fri, 25 Sep 2026 09:45:21 GMT
< Server: cloudflare

   - "js-tokens": "^3.0.0 || ^4.0.0" - js-tokens@4.0.0
    [21.54ms]
Downloaded locate-path versions
> HTTP/1.1 GET https://registry.npmjs.org/bare-stream
> If-None-Match: W/"546b54c5d00369b07be5100a7c0d6d6e"
> Accept: application/vnd.npm.install-v1+json; q=1.0, application/json; q=0.8, */*
> Connection: keep-alive
> User-Agent: Bun/1.3.9
> Host: registry.npmjs.org
> Accept-Encoding: gzip, deflate, br, zstd

   - "locate-path": "^3.0.0" - locate-path@3.0.0
    [21.61ms]
Downloaded isexe versions
   - "isexe": "^2.0.0" - isexe@2.0.0
Enqueue package manifest for download: p-locate
Enqueue package manifest for download: path-exists
[PackageManager] waiting for 68 tasks
    [21.70ms]
Downloaded shebang-regex versions
   - "shebang-regex": "^3.0.0" - shebang-regex@3.0.0
    [17.48ms]
Downloaded micromatch versions
   - "micromatch": "^3.1.10" - micromatch@3.1.10
    [22.42ms]
Downloaded undici versions
> HTTP/1.1 GET https://registry.npmjs.org/p-locate
> If-None-Match: W/"4cc757f54a505390a1501b9d765f2db5"
> Accept: application/vnd.npm.install-v1+json; q=1.0, application/json; q=0.8, */*
> Connection: keep-alive
> User-Agent: Bun/1.3.9
> Host: registry.npmjs.org
> Accept-Encoding: gzip, deflate, br, zstd

   - "undici": "^6.0.0" - undici@6.29.0
Enqueue package manifest for download: extglob
Enqueue package manifest for download: arr-diff
Enqueue package manifest for download: nanomatch
Enqueue package manifest for download: regex-not
Enqueue package manifest for download: object.pick
Enqueue package manifest for download: fragment-cache
Enqueue package manifest for download: define-property
< 200 OK
< Access-Control-Allow-Origin: https://render.githubusercontent.com
< content-disposition: attachment; filename=tscircuit-ti-57e314b.tar.gz
< Content-Length: 2477409
< Content-Security-Policy: default-src 'none'; style-src 'unsafe-inline'; sandbox
< Content-Type: application/x-gzip
< cross-origin-resource-policy: cross-origin
< ETag: W/"a3dba63780bb3ab0bceb4af5f527090d72ec5f618aa33b2055514e41afadd32e"
< Strict-Transport-Security: max-age=31536000
< Vary: Authorization,Accept-Encoding
< X-Content-Type-Options: nosniff
< X-Frame-Options: deny
< X-XSS-Protection: 1; mode=block
< Date: Sat, 03 Oct 2026 22:27:46 GMT
< X-GitHub-Request-Id: F4EF:6AFF8:4A2B03:7A5AB3:6AC18162
< x-github-edge-region: fra

< 304 Not Modified
< Date: Sat, 03 Oct 2026 22:27:46 GMT
< Connection: keep-alive
< set-cookie: __cf_bm=1Qc79aGc3O3CYA8gPLu02NQMD87HoNaIa.vIpy.VhWc-1791066466.4506445-1.0.1.1-ZVQUxs19Dh9SoJrxPPiMCj_E9bYvrpvpNmrbb8GtEgIXqR.4WR7F8znmTSRKrV50m3HJxQj.YFQN3NvDxsrOXECWSqIt.dOndwADOD4HHU8.dF19POJN1W5YRfe_6wDt; HttpOnly; SameSite=None; Secure; Path=/; Domain=npmjs.org; Expires=Sat, 03 Oct 2026 22:57:46 GMT
< set-cookie: _cfuvid=1Ppm1phEKhPaMrIcn0Z7nfWEvS3rECNMkcZkLN_V6_Q-1791066466.4506445-1.0.1.1-0YDgeYx3D4bx.1JRH2pXvTO9NokFWZgjAPR12Mz7FBM; HttpOnly; SameSite=None; Secure; Path=/; Domain=npmjs.org
< CF-Ray: a44f60475f065f50-TIA
< CF-Cache-Status: HIT
< Access-Control-Allow-Origin: *
< Age: 294
< Cache-Control: public, max-age=300
< ETag: "5705d0c1ce44fb3a571af8ce009c476e"
< Last-Modified: Wed, 12 Jul 2023 19:12:29 GMT
< Server: cloudflare

< 304 Not Modified
< Date: Sat, 03 Oct 2026 22:27:46 GMT
< Connection: keep-alive
< set-cookie: __cf_bm=vqx_ZrDlqViGMmSmuHNf9Ced5gNUtkPfO9rQ3_z2T_M-1791066466.2720826-1.0.1.1-IOtk4yB8lP.M9abDs9NNfLYzkrR1al4P7cfj7a9ufPHcj5NqmJz3c0yiUoS2dO.LK9ntQtWNba2KswsIcmMyclxGPbYY2g5hTTAOGEtxaYtfHC.kh8IPDehfjbhLTFKn; HttpOnly; SameSite=None; Secure; Path=/; Domain=npmjs.org; Expires=Sat, 03 Oct 2026 22:57:46 GMT
< set-cookie: _cfuvid=akGJy8rcot.nulxF7pkH68LBU_bk_TSO06dSfAp1GFE-1791066466.2720826-1.0.1.1-xxtgolCncm_r.RSkWi_njLnQkJfNBlFDVyyNU1ptQDg; HttpOnly; SameSite=None; Secure; Path=/; Domain=npmjs.org
< CF-Ray: a44f604639da9b00-TIA
< CF-Cache-Status: HIT
< Access-Control-Allow-Origin: *
< Cache-Control: public, max-age=300
< ETag: "7b84e6bc500492efb16d14348874101f"
< Last-Modified: Wed, 02 Sep 2026 19:31:27 GMT
< Server: cloudflare

[PackageManager] waiting for 72 tasks
    [23.28ms]
Downloaded extend-shallow versions
< 304 Not Modified
< Date: Sat, 03 Oct 2026 22:27:46 GMT
< Connection: keep-alive
< set-cookie: __cf_bm=9Nj1jef_rztDavIKebqsoB7c_oJBRkTuM9hWp.ojbng-1791066466.450386-1.0.1.1-KAvG0DxTsvD8cCnO4VYiZNBG7CrBxDNkZ34e3Wza1jDTxGuJfOmbQHWg4eIvgo05M51uaalpu_FgSsIKhRDGB1p_7T12fgLz4r8b.kTmOmFHrYFe7AzlUFCdWF.2NaIh; HttpOnly; SameSite=None; Secure; Path=/; Domain=npmjs.org; Expires=Sat, 03 Oct 2026 22:57:46 GMT
< set-cookie: _cfuvid=FmI.UavzAniQrhIFCwimx7o3CIRYGduse59YaGylob8-1791066466.450386-1.0.1.1-HZjp4EhvK0k0f6KYHwnhN1KoqDKuyGikqgbltbQui8E; HttpOnly; SameSite=None; Secure; Path=/; Domain=npmjs.org
< CF-Ray: a44f60474f055f50-TIA
< CF-Cache-Status: HIT
< Access-Control-Allow-Origin: *
< Age: 292
< Cache-Control: public, max-age=300
< ETag: "cec7aec9cc6cf2f3e5c3c273ae979768"
< Last-Modified: Tue, 29 Aug 2023 01:41:45 GMT
< Server: cloudflare

   - "extend-shallow": "^2.0.1" - extend-shallow@2.0.1
   - "extend-shallow": "^3.0.2" - extend-shallow@3.0.2
    [201.18ms]
Downloaded commander versions
< 304 Not Modified
< Date: Sat, 03 Oct 2026 22:27:46 GMT
< Connection: keep-alive
< set-cookie: __cf_bm=JmyrGcgq3uzOmNfV.9R6Z754pzFisAEOlC.S2Jerrmc-1791066466.4509234-1.0.1.1-YMSbget592PihISl8.HPfj0oRHwPT_RFcGpZ.nKHhVMNUMQW.A8BWM5QkGrPZgGCz6LS_E.aKEXqaHU1D4myCDgxzeHym.m.nELB.wXlvXDzz2UorpBf8jX_V2wPAYg4; HttpOnly; SameSite=None; Secure; Path=/; Domain=npmjs.org; Expires=Sat, 03 Oct 2026 22:57:46 GMT
< set-cookie: _cfuvid=Q6nElFcnEzMAlk77XxXRLQrZL5uUkLBweje_4Hl_LuY-1791066466.4509234-1.0.1.1-.6Z86Cz5psHSaiJi_tsW0DC1glDLaibW334tLoExbss; HttpOnly; SameSite=None; Secure; Path=/; Domain=npmjs.org
< CF-Ray: a44f60475f6df474-TIA
< CF-Cache-Status: HIT
< Access-Control-Allow-Origin: *
< Age: 241
< Cache-Control: public, max-age=300
< ETag: "a2a6eaf4fe0f85af0e81052359b5431f"
< Last-Modified: Thu, 13 Feb 2025 01:33:58 GMT
< Server: cloudflare

> HTTP/1.1 GET https://registry.npmjs.org/path-exists
> If-None-Match: W/"74a66d560744469b9b8d1d46ecbb8dfc"
> Accept: application/vnd.npm.install-v1+json; q=1.0, application/json; q=0.8, */*
> Connection: keep-alive
> User-Agent: Bun/1.3.9
> Host: registry.npmjs.org
> Accept-Encoding: gzip, deflate, br, zstd

> HTTP/1.1 GET https://registry.npmjs.org/extglob
> If-None-Match: W/"9f29d78a6950dee022f6cbe59108da98"
> Accept: application/vnd.npm.install-v1+json; q=1.0, application/json; q=0.8, */*
> Connection: keep-alive
> User-Agent: Bun/1.3.9
> Host: registry.npmjs.org
> Accept-Encoding: gzip, deflate, br, zstd

> HTTP/1.1 GET https://registry.npmjs.org/arr-diff
> If-None-Match: W/"3c1e461bcb20604b45aa2b08af568b1a"
> Accept: application/vnd.npm.install-v1+json; q=1.0, application/json; q=0.8, */*
> Connection: keep-alive
> User-Agent: Bun/1.3.9
> Host: registry.npmjs.org
> Accept-Encoding: gzip, deflate, br, zstd

> HTTP/1.1 GET https://registry.npmjs.org/nanomatch
> If-None-Match: W/"c6298a9a9560bace6834379227fd902a"
> Accept: application/vnd.npm.install-v1+json; q=1.0, application/json; q=0.8, */*
> Connection: keep-alive
> User-Agent: Bun/1.3.9
> Host: registry.npmjs.org
> Accept-Encoding: gzip, deflate, br, zstd

   - "commander": "^4.0.0" - commander@4.1.1
Enqueue package manifest for download: is-extendable
Enqueue package manifest for download: assign-symbols
[PackageManager] waiting for 72 tasks
    [23.71ms]
Downloaded snapdragon versions
   - "snapdragon": "^0.8.1" - snapdragon@0.8.2
    [23.71ms]
Downloaded arr-flatten versions
   - "arr-flatten": "^1.1.0" - arr-flatten@1.1.0
Enqueue package manifest for download: base
Enqueue package manifest for download: map-cache
   - "source-map": "^0.5.6" - source-map@0.5.7
Enqueue package manifest for download: source-map-resolve
Enqueue package manifest for download: use
< 200 OK
< Access-Control-Allow-Origin: https://render.githubusercontent.com
< content-disposition: attachment; filename=tscircuit-winding-breakout-point-solver-202dbe9.tar.gz
< Content-Length: 57059
< Content-Security-Policy: default-src 'none'; style-src 'unsafe-inline'; sandbox
< Content-Type: application/x-gzip
< cross-origin-resource-policy: cross-origin
< ETag: W/"b3de3485058857bc090c2e5006abd693971c75fb9ddf7dc75aa7d276dc8534e2"
< Strict-Transport-Security: max-age=31536000
< Vary: Authorization,Accept-Encoding
< X-Content-Type-Options: nosniff
< X-Frame-Options: deny
< X-XSS-Protection: 1; mode=block
< Date: Sat, 03 Oct 2026 22:27:46 GMT
< X-GitHub-Request-Id: F094:1ED707:488A45:78B4C6:6AC18162
< x-github-edge-region: fra

< 200 OK
< Access-Control-Allow-Origin: https://render.githubusercontent.com
< content-disposition: attachment; filename=tscircuit-via-stitch-solver-64f2ac7.tar.gz
< Content-Length: 60294
< Content-Security-Policy: default-src 'none'; style-src 'unsafe-inline'; sandbox
< Content-Type: application/x-gzip
< cross-origin-resource-policy: cross-origin
< ETag: W/"d6317dd1c53479937038d3249784296c6bf71520c5ec06ff80dbb9edbf1cefc0"
< Strict-Transport-Security: max-age=31536000
< Vary: Authorization,Accept-Encoding
< X-Content-Type-Options: nosniff
< X-Frame-Options: deny
< X-XSS-Protection: 1; mode=block
< Date: Sat, 03 Oct 2026 22:27:46 GMT
< X-GitHub-Request-Id: EE7B:97171:4892CB:78BD50:6AC18162
< x-github-edge-region: fra

< 304 Not Modified
< Date: Sat, 03 Oct 2026 22:27:46 GMT
< Connection: keep-alive
< set-cookie: __cf_bm=PASzYaVugE9ly4patLnQ3s44BuHpQ96pP64wFq6tQp8-1791066466.4606543-1.0.1.1-gvkBN6IZUiOUB53OEd31HUV2TTe5SMNYjzC.PsdrYMOFMr05Tuwtu29Ft.6l_er8VdCSIx2ezbT0sY.10bYwflF6JgCM9vyAHowovqDr9Sbm.R9e533JCDYgvFtCz56l; HttpOnly; SameSite=None; Secure; Path=/; Domain=npmjs.org; Expires=Sat, 03 Oct 2026 22:57:46 GMT
< set-cookie: _cfuvid=oaGE3QwbicKkcA9D.uVTl0tXirKuiT7I_zvjIY7OllU-1791066466.4606543-1.0.1.1-GQVgNDTkkqKpS77QdmUnGAuPNygSyXHBnnq9C7PLbk8; HttpOnly; SameSite=None; Secure; Path=/; Domain=npmjs.org
< CF-Ray: a44f60476c21a5b3-TIA
< CF-Cache-Status: HIT
< Access-Control-Allow-Origin: *
< Age: 200
< Cache-Control: public, max-age=300
< ETag: "858bc90681e5bf6427b4585c16ecadff"
< Last-Modified: Sun, 26 Jun 2022 11:18:36 GMT
< Server: cloudflare

> HTTP/1.1 GET https://registry.npmjs.org/regex-not
> If-None-Match: W/"59923ed26b07a860db2f27c123e8a5f0"
> Accept: application/vnd.npm.install-v1+json; q=1.0, application/json; q=0.8, */*
> Connection: keep-alive
> User-Agent: Bun/1.3.9
> Host: registry.npmjs.org
> Accept-Encoding: gzip, deflate, br, zstd

[PackageManager] waiting for 74 tasks
< 304 Not Modified
< Date: Sat, 03 Oct 2026 22:27:46 GMT
< Connection: keep-alive
< set-cookie: __cf_bm=xPiwx7GGmbUlDR4eX5Eh1HU9C6xMDSTNxiu94f3lkBw-1791066466.4653058-1.0.1.1-VMrbiABylAeVWE2yXqJSeBAoYwZiAm5iG5fG72KqSFNwRI0gS3dHrYD5mU9UO9cNk1QRJ86bXpmXXr8aBWYF1pumgdf_jToe3L_c74W1Y1UkHBqEzmIv67F3KAnato3R; HttpOnly; SameSite=None; Secure; Path=/; Domain=npmjs.org; Expires=Sat, 03 Oct 2026 22:57:46 GMT
< set-cookie: _cfuvid=E63gUWVHQsqq4npbjSt6dDLSd7eIvS8ZcHx6WkU8I2U-1791066466.4653058-1.0.1.1-DyCalRNvccZFNhhHjviLxpsRBLNqZqNXygW1Rua9Xa0; HttpOnly; SameSite=None; Secure; Path=/; Domain=npmjs.org
< CF-Ray: a44f60476e8751a4-TIA
< CF-Cache-Status: HIT
< Access-Control-Allow-Origin: *
< Age: 295
< Cache-Control: public, max-age=300
< ETag: "695f014705ff9b2a6368ea37015fc34c"
< Last-Modified: Sun, 26 Jun 2022 11:11:08 GMT
< Server: cloudflare

    [23.12ms]
Downloaded repeat-element versions
< 304 Not Modified
< Date: Sat, 03 Oct 2026 22:27:46 GMT
< Connection: keep-alive
< set-cookie: __cf_bm=AseSOU.ooebGz28Jb8etUsJdst9vFdQff2_oKwnvMnM-1791066466.4605777-1.0.1.1-xeIZXWnRu2q9P1d6P83n_SP94EruFC72VmNP0sxCDVPqPSveA_Ce0ywMcFHjQAi1NXe97y2IZzQG3F5GjvtGu18GMkWBaxvajvZMCwzZybLIiPgVtTQvZZxVYVYVma4b; HttpOnly; SameSite=None; Secure; Path=/; Domain=npmjs.org; Expires=Sat, 03 Oct 2026 22:57:46 GMT
< set-cookie: _cfuvid=v3xtMLr4aPjju56k3pN06ShmEo5gBZzM4MSPcJx3BLI-1791066466.4605777-1.0.1.1-PKHDyWqNvtMP1X48GKv2uMztxbl9uNf6CKauk3TCn5M; HttpOnly; SameSite=None; Secure; Path=/; Domain=npmjs.org
< CF-Ray: a44f60476c1ea5b3-TIA
< CF-Cache-Status: HIT
< Access-Control-Allow-Origin: *
< Age: 230
< Cache-Control: public, max-age=300
< ETag: "23a71ebfa667dc5ff8088f619fa1d1b0"
< Last-Modified: Wed, 12 Jul 2023 19:07:22 GMT
< Server: cloudflare

> HTTP/1.1 GET https://registry.npmjs.org/object.pick
> If-None-Match: W/"1054f2290a1a81638be3f1bd774330e6"
> Accept: application/vnd.npm.install-v1+json; q=1.0, application/json; q=0.8, */*
> Connection: keep-alive
> User-Agent: Bun/1.3.9
> Host: registry.npmjs.org
> Accept-Encoding: gzip, deflate, br, zstd

   - "repeat-element": "^1.1.2" - repeat-element@1.1.4
[PackageManager] waiting for 73 tasks
    [16.63ms]
Downloaded remove-trailing-separator versions
> HTTP/1.1 GET https://registry.npmjs.org/fragment-cache
> If-None-Match: W/"baeeca9556c92442a202fcaeceae474d"
> Accept: application/vnd.npm.install-v1+json; q=1.0, application/json; q=0.8, */*
> Connection: keep-alive
> User-Agent: Bun/1.3.9
> Host: registry.npmjs.org
> Accept-Encoding: gzip, deflate, br, zstd

   - "remove-trailing-separator": "^1.0.1" - remove-trailing-separator@1.1.0
    [22.98ms]
Downloaded isarray versions
   - "isarray": "~1.0.0" - isarray@1.0.0
< 200 OK
< Access-Control-Allow-Origin: https://render.githubusercontent.com
< content-disposition: attachment; filename=tscircuit-implicit-copper-pour-solver-a5cbbda.tar.gz
< Content-Length: 183699
< Content-Security-Policy: default-src 'none'; style-src 'unsafe-inline'; sandbox
< Content-Type: application/x-gzip
< cross-origin-resource-policy: cross-origin
< ETag: W/"bb49b14e28f2153af599265e4d3559756f86698ca235631a9d509a6eb31f64ed"
< Strict-Transport-Security: max-age=31536000
< Vary: Authorization,Accept-Encoding
< X-Content-Type-Options: nosniff
< X-Frame-Options: deny
< X-XSS-Protection: 1; mode=block
< Date: Sat, 03 Oct 2026 22:27:46 GMT
< X-GitHub-Request-Id: F205:BC877:512CB2:813ED1:6AC18162
< x-github-edge-region: fra

< 304 Not Modified
< Date: Sat, 03 Oct 2026 22:27:46 GMT
< Connection: keep-alive
< set-cookie: __cf_bm=c4HnJRlVq1O1_CqmJQJ3Ue2EoJDgrQXhmuluQRC3WrA-1791066466.4701157-1.0.1.1-MPikvcslz.mDlk2iRyESVJkhpW6Ki0YSAE.LPPDHUVzV5.43_pSbRlKjHxTf5it8JB7EF56ZWTXJ4TqmXccSAG4VrBhCODGHBvHGMYd492PLM23E9aXcpNXSdU8oU6Ij; HttpOnly; SameSite=None; Secure; Path=/; Domain=npmjs.org; Expires=Sat, 03 Oct 2026 22:57:46 GMT
< set-cookie: _cfuvid=VCpKTZ0vCqwiawzJNJe_NfdqM_xTwuO4ujAupSz2kNQ-1791066466.4701157-1.0.1.1-ll0XFXv_h8jBlFnuFa1zCU7xq8dNDWuYaB8WDKaLXV8; HttpOnly; SameSite=None; Secure; Path=/; Domain=npmjs.org
< CF-Ray: a44f60476b059b00-TIA
< CF-Cache-Status: HIT
< Access-Control-Allow-Origin: *
< Age: 250
< Cache-Control: public, max-age=300
< ETag: "9f29d78a6950dee022f6cbe59108da98"
< Last-Modified: Fri, 17 Jun 2022 22:56:45 GMT
< Server: cloudflare

< 304 Not Modified
< Date: Sat, 03 Oct 2026 22:27:46 GMT
< Connection: keep-alive
< set-cookie: __cf_bm=QGzGPDQ5926JQKB8M6BG5TdIzVK2Tcz.IPemSgE70A4-1791066466.4653354-1.0.1.1-heGDFHF531_kqvhKHgtqQx4x8P2sHIvLrYkgoULt_u5Cf5efxC64oJKMNCuNDo2K82a9wiUOFoaKyNKvF0J_dAkoP0I1IOwsq58V2.SUz2SffqdjP3.TmIGYDzlmU8lT; HttpOnly; SameSite=None; Secure; Path=/; Domain=npmjs.org; Expires=Sat, 03 Oct 2026 22:57:46 GMT
< set-cookie: _cfuvid=23n5pcvXOYuxoEDsnG0.AUhVW216TOV.llSwth1E6Q8-1791066466.4653354-1.0.1.1-VM4YphDBEjLVLEpqOkCyEV89XFvNOaIUMFBpw_6iTW8; HttpOnly; SameSite=None; Secure; Path=/; Domain=npmjs.org
< CF-Ray: a44f60476ef27c08-TIA
< CF-Cache-Status: HIT
< Access-Control-Allow-Origin: *
< Age: 239
< Cache-Control: public, max-age=300
< ETag: "6b48c439961c30cb89608264c7f1905a"
< Last-Modified: Wed, 26 Aug 2026 09:36:18 GMT
< Server: cloudflare

[PackageManager] waiting for 71 tasks
    [12.96ms]
Downloaded extglob versions
< 304 Not Modified
< Date: Sat, 03 Oct 2026 22:27:46 GMT
< Connection: keep-alive
< set-cookie: __cf_bm=opVzPOriybtHcHu9lbR7X5BBy51iMOlEihFPCl_OU3E-1791066466.2829258-1.0.1.1-mp95lD9jTmUDyYIpVjoZ1aRLUPMguT_IEAmJoyj08Drh40SyMCtGx6BoWQpNfYpuHIaNUxrprGo3NDEeyMnwldBPXhB3iezQvlCFvvCFeyN2kIYWeK79Ql9cyBe7jNQF; HttpOnly; SameSite=None; Secure; Path=/; Domain=npmjs.org; Expires=Sat, 03 Oct 2026 22:57:46 GMT
< set-cookie: _cfuvid=IX_1kHyyZPmu5ZWQnnKtpZ8hUC6czAAL8zEk9ky0iMk-1791066466.2829258-1.0.1.1-woPqgDeKweN_v285o93f9MLsFms0EV8lf6adAx0.oIA; HttpOnly; SameSite=None; Secure; Path=/; Domain=npmjs.org
< CF-Ray: a44f604649e79b00-TIA
< CF-Cache-Status: HIT
< Access-Control-Allow-Origin: *
< Cache-Control: public, max-age=300
< ETag: "0c9dd23480a11f8503d2aecb1f5d7c4f"
< Last-Modified: Tue, 07 Nov 2023 01:41:54 GMT
< Server: cloudflare

   - "extglob": "^2.0.4" - extglob@2.0.4
    [20.13ms]
Downloaded bare-events versions
< 304 Not Modified
< Date: Sat, 03 Oct 2026 22:27:46 GMT
< Connection: keep-alive
< set-cookie: __cf_bm=HnncX721dqP68pTxs3zItalwpWnx5r3RadGjtgHmn1Y-1791066466.4699852-1.0.1.1-ItNkELfLCXODk3ncnmx0NIuN.zBdfkYWJFuyhiS_.90BSW_05ZaT28a_pFXrwgyvvivhB1_vgcyUjWP4E0yfe_9TKth_vyxS92H1W9ORkX7mHtS2JMxozB5WYxhXWCBC; HttpOnly; SameSite=None; Secure; Path=/; Domain=npmjs.org; Expires=Sat, 03 Oct 2026 22:57:46 GMT
< set-cookie: _cfuvid=qw_EAcGK7nrD1x1G_eZtfDGVh5AId5NX3Aj0MfaVByc-1791066466.4699852-1.0.1.1-sXZgqxiiuRnmkE6c6G9WRm6Jv4zgrOf3smLC52uQhAc; HttpOnly; SameSite=None; Secure; Path=/; Domain=npmjs.org
< CF-Ray: a44f60476f235f50-TIA
< CF-Cache-Status: HIT
< Access-Control-Allow-Origin: *
< Age: 244
< Cache-Control: public, max-age=300
< ETag: "3c1e461bcb20604b45aa2b08af568b1a"
< Last-Modified: Wed, 27 May 2026 19:59:16 GMT
< Server: cloudflare

< 304 Not Modified
< Date: Sat, 03 Oct 2026 22:27:46 GMT
< Connection: keep-alive
< set-cookie: __cf_bm=UnwOGuYHcfPi85ETNWOQMAZ9XnY3vot10PNoc9a6jsE-1791066466.465217-1.0.1.1-iR54i8OFzddbLGfCGfJeH06mynSMImxlV2YXU0ta.ZwhLu0bD7_mBnKFQd.bEqpZ_0QQOFYyIH08V0gIf_n.Vp7fJGinaWmRa77tMnzNUL73HJd3Nrg2QtNEy2MiUHmJ; HttpOnly; SameSite=None; Secure; Path=/; Domain=npmjs.org; Expires=Sat, 03 Oct 2026 22:57:46 GMT
< set-cookie: _cfuvid=jiaEBj86QCyiQn81t_XeWsnf8eQ5Oa.XxbYw8oIJjXo-1791066466.465217-1.0.1.1-zpsj_mwY5Qo0BPaOclN2mh4TiksKnDC6rY.F8a8WPI0; HttpOnly; SameSite=None; Secure; Path=/; Domain=npmjs.org
< CF-Ray: a44f60476ef17c08-TIA
< CF-Cache-Status: HIT
< Access-Control-Allow-Origin: *
< Age: 201
< Cache-Control: public, max-age=300
< ETag: "546b54c5d00369b07be5100a7c0d6d6e"
< Last-Modified: Wed, 26 Aug 2026 08:03:52 GMT
< Server: cloudflare

< 200 OK
< Access-Control-Allow-Origin: https://render.githubusercontent.com
< content-disposition: attachment; filename=tscircuit-jlcpcb-manufacturing-specs-2326050.tar.gz
< Content-Length: 3930
< Content-Security-Policy: default-src 'none'; style-src 'unsafe-inline'; sandbox
< Content-Type: application/x-gzip
< cross-origin-resource-policy: cross-origin
< ETag: W/"da60da8bc55569e6b6baf1137d2b8fedb53100f18b2caf1a4425d7f100627603"
< Strict-Transport-Security: max-age=31536000
< Vary: Authorization,Accept-Encoding
< X-Content-Type-Options: nosniff
< X-Frame-Options: deny
< X-XSS-Protection: 1; mode=block
< Date: Sat, 03 Oct 2026 22:27:46 GMT
< X-GitHub-Request-Id: F53E:159C:32351C:5980D4:6AC18162
< x-github-edge-region: fra

   - "bare-events": "^2.5.4" - bare-events@2.9.2
Enqueue package manifest for download: expand-brackets
[PackageManager] waiting for 70 tasks
    [200.16ms]
Downloaded lines-and-columns versions
   - "lines-and-columns": "^1.1.6" - lines-and-columns@1.2.4
    [13.22ms]
Downloaded arr-diff versions
   - "arr-diff": "^4.0.0" - arr-diff@4.0.0
    [20.37ms]
Downloaded bare-stream versions
< 304 Not Modified
< Date: Sat, 03 Oct 2026 22:27:46 GMT
< Connection: keep-alive
< set-cookie: __cf_bm=X95Nl9N5hUS35OAXEuEYeBKF17vgydfhHJgQU.7AWIM-1791066466.4700956-1.0.1.1-l3KvS.J_21jRzlkukBeVxOErTsoW576LClneqVU6cOzBV_Z9Ch6PvluKfnq6iaM2.4ubVbgDukELtRL9T5ZX91LiMGYkIZqMFKhn4HzBpClGuGt8okLNOqMMusZ3RBGp; HttpOnly; SameSite=None; Secure; Path=/; Domain=npmjs.org; Expires=Sat, 03 Oct 2026 22:57:46 GMT
< set-cookie: _cfuvid=T3iVlKNS9NcoaB.ohi1gnmED9KctUiiU6agm8T4VYss-1791066466.4700956-1.0.1.1-1PE4iUIoEfLJg5nsyaqHdYpeVIlkM_9Lnr7Jf0RfO7M; HttpOnly; SameSite=None; Secure; Path=/; Domain=npmjs.org
< CF-Ray: a44f60476f245f50-TIA
< CF-Cache-Status: HIT
< Access-Control-Allow-Origin: *
< Age: 251
< Cache-Control: public, max-age=300
< ETag: "74a66d560744469b9b8d1d46ecbb8dfc"
< Last-Modified: Tue, 22 Oct 2024 17:26:45 GMT
< Server: cloudflare

   - "bare-stream": "^2.6.4" - bare-stream@2.13.4
    [736.91ms] Downloaded @tscircuit/jlcpcb-manufacturing-specs tarball
> HTTP/1.1 GET https://registry.npmjs.org/define-property
> If-None-Match: W/"63257746dc0de9460c4b4e17c8b2aa02"
> Accept: application/vnd.npm.install-v1+json; q=1.0, application/json; q=0.8, */*
> Connection: keep-alive
> User-Agent: Bun/1.3.9
> Host: registry.npmjs.org
> Accept-Encoding: gzip, deflate, br, zstd

> HTTP/1.1 GET https://registry.npmjs.org/is-extendable
> If-None-Match: W/"53dac647433b5a2b096440f996cc01e5"
> Accept: application/vnd.npm.install-v1+json; q=1.0, application/json; q=0.8, */*
> Connection: keep-alive
> User-Agent: Bun/1.3.9
> Host: registry.npmjs.org
> Accept-Encoding: gzip, deflate, br, zstd

> HTTP/1.1 GET https://registry.npmjs.org/assign-symbols
> If-None-Match: W/"101b79b030300b5bce309cf1313e1153"
> Accept: application/vnd.npm.install-v1+json; q=1.0, application/json; q=0.8, */*
> Connection: keep-alive
> User-Agent: Bun/1.3.9
> Host: registry.npmjs.org
> Accept-Encoding: gzip, deflate, br, zstd

> HTTP/1.1 GET https://registry.npmjs.org/base
> If-None-Match: W/"7e65197800328688f66f8a5a506b6304"
> Accept: application/vnd.npm.install-v1+json; q=1.0, application/json; q=0.8, */*
> Connection: keep-alive
> User-Agent: Bun/1.3.9
> Host: registry.npmjs.org
> Accept-Encoding: gzip, deflate, br, zstd

> HTTP/1.1 GET https://registry.npmjs.org/map-cache
> If-None-Match: W/"6ca903948e0542d5de71858541d1f476"
> Accept: application/vnd.npm.install-v1+json; q=1.0, application/json; q=0.8, */*
> Connection: keep-alive
> User-Agent: Bun/1.3.9
> Host: registry.npmjs.org
> Accept-Encoding: gzip, deflate, br, zstd

> HTTP/1.1 GET https://registry.npmjs.org/source-map-resolve
> If-None-Match: W/"890b9fa83f9946ee9f7d6b573c7a339d"
> Accept: application/vnd.npm.install-v1+json; q=1.0, application/json; q=0.8, */*
> Connection: keep-alive
> User-Agent: Bun/1.3.9
> Host: registry.npmjs.org
> Accept-Encoding: gzip, deflate, br, zstd

> HTTP/1.1 GET https://registry.npmjs.org/use
> If-None-Match: W/"febe803021d632ed4c679e9ff64b2e52"
> Accept: application/vnd.npm.install-v1+json; q=1.0, application/json; q=0.8, */*
> Connection: keep-alive
> User-Agent: Bun/1.3.9
> Host: registry.npmjs.org
> Accept-Encoding: gzip, deflate, br, zstd

Enqueue package manifest for download: b4a
Enqueue package manifest for download: teex
Enqueue package manifest for download: streamx
[PackageManager] waiting for 70 tasks
    [13.34ms]
Downloaded path-exists versions
   - "path-exists": "^3.0.0" - path-exists@3.0.0
 .github/
 .github/workflows/
 .github/workflows/bun-formatcheck.yml
 .github/workflows/bun-typecheck.yml
 .gitignore
 LICENSE
 README.md
 biome.json
 bunfig.toml
 index.ts
 lib/
 lib/jlcpcb-manufacturing-specs.ts
 package.json
 tsconfig.json
[@tscircuit/jlcpcb-manufacturing-specs] Extract .dfdb3f77ffdf7fb9-00000005.jlcpcb-manufacturing-specs (decompressed 3.93 KB tgz file in 51.333us)
[@tscircuit/jlcpcb-manufacturing-specs] Extracted to .dfdb3f77ffdf7fb9-00000005.jlcpcb-manufacturing-specs (3.133ms)
[PackageManager] waiting for 69 tasks
< 304 Not Modified
< Date: Sat, 03 Oct 2026 22:27:46 GMT
< Connection: keep-alive
< set-cookie: __cf_bm=OoYKktbtGHs27jABjqWigd4iqsFDWlbRsR6cVkU1YeY-1791066466.4704483-1.0.1.1-6GavMKBSG._5ELovIIFvvDCE2mggNou3XFscQupclyYssc.LSkE0lj_ckjP7_._FECQSeAaeMyZ_st_GljroYJy2DJiIhb0gqoH5IHtiOkRXCjKot9cYyAY4RW1bjGEp; HttpOnly; SameSite=None; Secure; Path=/; Domain=npmjs.org; Expires=Sat, 03 Oct 2026 22:57:46 GMT
< set-cookie: _cfuvid=Tqk6FQm3X9utX5CyTXrHCnfkOlIdIADLo.JZmGK_Xjw-1791066466.4704483-1.0.1.1-yLavn.UKDgoezkeidqlbDggeptFu4oFs1ehBf1w4Miw; HttpOnly; SameSite=None; Secure; Path=/; Domain=npmjs.org
< CF-Ray: a44f60476f83f474-TIA
< CF-Cache-Status: HIT
< Access-Control-Allow-Origin: *
< Age: 294
< Cache-Control: public, max-age=300
< ETag: "c6298a9a9560bace6834379227fd902a"
< Last-Modified: Sat, 24 Jun 2023 02:18:02 GMT
< Server: cloudflare

> HTTP/1.1 GET https://registry.npmjs.org/expand-brackets
> If-None-Match: W/"f4fd738b6a6c9ff34451c53c9f50ad9d"
> Accept: application/vnd.npm.install-v1+json; q=1.0, application/json; q=0.8, */*
> Connection: keep-alive
> User-Agent: Bun/1.3.9
> Host: registry.npmjs.org
> Accept-Encoding: gzip, deflate, br, zstd

[PackageManager] waiting for 68 tasks
    [20.73ms]
Downloaded nanomatch versions
   - "nanomatch": "^1.2.9" - nanomatch@1.2.13
Enqueue package manifest for download: is-windows
< 304 Not Modified
< Date: Sat, 03 Oct 2026 22:27:46 GMT
< Connection: keep-alive
< set-cookie: __cf_bm=d6BkWxizbnOSr.m1QpzZyDGu5TXbIPExec0DPS6pF0A-1791066466.4846585-1.0.1.1-PDxArYYOocmPz9Iix_L2J_UxtR34SKzd0ir4kz20N6buXPx4qHsI_us67kZuOwsqiO7NYT0r6EBw1v9M3SV1cniv7aZJnVBokdYLgrLyygw3fRfiEANY1iVgOopJxuBG; HttpOnly; SameSite=None; Secure; Path=/; Domain=npmjs.org; Expires=Sat, 03 Oct 2026 22:57:46 GMT
< set-cookie: _cfuvid=TtnG133ZdkcWkKXDaeGYtzcY6ZPp1.Lxe3pF6DD_Gh4-1791066466.4846585-1.0.1.1-wD.65nSl2i58Cc84RSFDwJET9xYobncAP4xWE6QR.XY; HttpOnly; SameSite=None; Secure; Path=/; Domain=npmjs.org
< CF-Ray: a44f60478b1d9b00-TIA
< CF-Cache-Status: HIT
< Access-Control-Allow-Origin: *
< Age: 268
< Cache-Control: public, max-age=300
< ETag: "63257746dc0de9460c4b4e17c8b2aa02"
< Last-Modified: Tue, 14 Jun 2022 23:28:18 GMT
< Server: cloudflare

[PackageManager] waiting for 68 tasks
> HTTP/1.1 GET https://registry.npmjs.org/b4a
> If-None-Match: W/"47f470f2b807c49c57ceea6b0dc9e36e"
> Accept: application/vnd.npm.install-v1+json; q=1.0, application/json; q=0.8, */*
> Connection: keep-alive
> User-Agent: Bun/1.3.9
> Host: registry.npmjs.org
> Accept-Encoding: gzip, deflate, br, zstd

    [16.28ms]
Downloaded define-property versions
< 304 Not Modified
< Date: Sat, 03 Oct 2026 22:27:46 GMT
< Connection: keep-alive
< set-cookie: __cf_bm=av1eRDYRdoDbs5UTJovFU4ZXizlnXSrEx3JKNnJYyFo-1791066466.4844794-1.0.1.1-0.qcTEdpUV3YUfsjsQ3S_PRWjo.jBi5LyHKIHZIIKhT1ksq57mQZu8nL9buLCnwM0ZRBN_KCAGur5.B2Gymg_4q7vkrIE83p1k6pbQSII35JQzscX1.i5AFLLPLZ_x4u; HttpOnly; SameSite=None; Secure; Path=/; Domain=npmjs.org; Expires=Sat, 03 Oct 2026 22:57:46 GMT
< set-cookie: _cfuvid=K2M6aSG8eZ2qRMPTTyq7L76WvA6JCOrKubzqXfibvAY-1791066466.4844794-1.0.1.1-8j_EFbOPPFZlm9vGgFD65uRERBqgblXwzdEAE.XMVzg; HttpOnly; SameSite=None; Secure; Path=/; Domain=npmjs.org
< CF-Ray: a44f60478e9951a4-TIA
< CF-Cache-Status: HIT
< Access-Control-Allow-Origin: *
< Age: 244
< Cache-Control: public, max-age=300
< ETag: "1054f2290a1a81638be3f1bd774330e6"
< Last-Modified: Wed, 22 Jun 2022 17:13:42 GMT
< Server: cloudflare

< 304 Not Modified
< Date: Sat, 03 Oct 2026 22:27:46 GMT
< Connection: keep-alive
< set-cookie: __cf_bm=EXh8zWrmnsqN2ym1KWh6lCqLgHlJ4Rq_jDk4psQEQDg-1791066466.4850643-1.0.1.1-cBGfXVWTLWBroTNEqo_Kon8Z9MAlVj9tH30UiBE.Y4Zh1BycetORNZXBh1vM8I7pIbgal53kId7_k4EPDVHoIr0x0aag1eSFyY2OxoioR_oACD5R6wdyfHATQ2t9ZqvE; HttpOnly; SameSite=None; Secure; Path=/; Domain=npmjs.org; Expires=Sat, 03 Oct 2026 22:57:46 GMT
< set-cookie: _cfuvid=1FYkwe9QxMmUJAO.g6_uDilXmgh1VwVtVubfwZenEp4-1791066466.4850643-1.0.1.1-jNnZxaNan1RQUCiXGcBGBPNFXicrl9nq1rkU.cwdSlU; HttpOnly; SameSite=None; Secure; Path=/; Domain=npmjs.org
< CF-Ray: a44f60478f0e7c08-TIA
< CF-Cache-Status: HIT
< Access-Control-Allow-Origin: *
< Age: 236
< Cache-Control: public, max-age=300
< ETag: "febe803021d632ed4c679e9ff64b2e52"
< Last-Modified: Tue, 28 Jun 2022 06:39:00 GMT
< Server: cloudflare

< 304 Not Modified
< Date: Sat, 03 Oct 2026 22:27:46 GMT
< Connection: keep-alive
< set-cookie: __cf_bm=TTho5z9gvNXlmlgcXDoAZYCSnpZPP_vJ3A_O_RbdtPI-1791066466.4847894-1.0.1.1-PLcdvYiTEkQWTlSo63R1FLIatq3djFVOaZVPBXR.ZIi.lsJMBXjoo6SXl3Pf_ZUjK4ms0DQiLyMIuT5eNFigyAX.bFlF8A5lI7_HShBXAhPrARCNMbri2vERUW0Celzy; HttpOnly; SameSite=None; Secure; Path=/; Domain=npmjs.org; Expires=Sat, 03 Oct 2026 22:57:46 GMT
< set-cookie: _cfuvid=lYIYRIxE85KjQKTiePi39pnGHj4iz2GaWWVhnVJA3Gs-1791066466.4847894-1.0.1.1-vEvs61adUEEjfveRv7vn_nSoBUZszmlhe2W95NUg9A0; HttpOnly; SameSite=None; Secure; Path=/; Domain=npmjs.org
< CF-Ray: a44f60478f0c7c08-TIA
< CF-Cache-Status: HIT
< Access-Control-Allow-Origin: *
< Age: 246
< Cache-Control: public, max-age=300
< ETag: "53dac647433b5a2b096440f996cc01e5"
< Last-Modified: Wed, 12 Jul 2023 19:15:35 GMT
< Server: cloudflare

< 304 Not Modified
< Date: Sat, 03 Oct 2026 22:27:46 GMT
< Connection: keep-alive
< set-cookie: __cf_bm=Nug3ysdtJ_wfiwnoexSi1sNCMmHZ34uXSbUvvinj9vY-1791066466.4848275-1.0.1.1-IGdZYGJfYuQhmySXs56qu4JAg80FSIqpYHms93UleJQx1FOmXEUnLe6ZxrBYyCNEP4pXCvf2x0msM4kOBWTkjLsLK_350YUBGq7hZ3WQB8yzx5h53lOMEckEJ83t0x7k; HttpOnly; SameSite=None; Secure; Path=/; Domain=npmjs.org; Expires=Sat, 03 Oct 2026 22:57:46 GMT
< set-cookie: _cfuvid=usu82FGxse08mf5A64EDFqUK24uRZdcibw2YQ_DNTmw-1791066466.4848275-1.0.1.1-H54VTftgffwHC9jz_Ao6Mzm44piDBFch8CGNV5mB3nY; HttpOnly; SameSite=None; Secure; Path=/; Domain=npmjs.org
< CF-Ray: a44f60478b1e9b00-TIA
< CF-Cache-Status: HIT
< Access-Control-Allow-Origin: *
< Age: 283
< Cache-Control: public, max-age=300
< ETag: "101b79b030300b5bce309cf1313e1153"
< Last-Modified: Wed, 12 Jul 2023 19:12:38 GMT
< Server: cloudflare

< 304 Not Modified
< Date: Sat, 03 Oct 2026 22:27:46 GMT
< Connection: keep-alive
< set-cookie: __cf_bm=6kWLwrJgbmeFYGY3LAAC2OYJ7sd1pewISuao6j1qexg-1791066466.4845788-1.0.1.1-Z8PZF8JCre1e4BxmHMqpC0nxcxGv3_x.BaG_Utiizu_yf_L4KGyHu0lwWne.HQNc_li1tkHS74GHwFjh6jfJG4TWdmZ.yqm2dZxxnTQE.DDRDjXemwefENcLcURsGwss; HttpOnly; SameSite=None; Secure; Path=/; Domain=npmjs.org; Expires=Sat, 03 Oct 2026 22:57:46 GMT
< set-cookie: _cfuvid=mtpKBEqnUAozvgtecPesJKR6n116EVDMSc6WxrrGFZw-1791066466.4845788-1.0.1.1-ulCMRgq6ieW5fn70oFaC4mRA4kvbDHNZAFrkeSnEuOQ; HttpOnly; SameSite=None; Secure; Path=/; Domain=npmjs.org
< CF-Ray: a44f60478f0d7c08-TIA
< CF-Cache-Status: HIT
< Access-Control-Allow-Origin: *
< Age: 265
< Cache-Control: public, max-age=300
< ETag: "6ca903948e0542d5de71858541d1f476"
< Last-Modified: Sun, 19 Jun 2022 15:51:01 GMT
< Server: cloudflare

> HTTP/1.1 GET https://registry.npmjs.org/teex
> If-None-Match: W/"80a01d644d795d155c92514d94985f65"
> Accept: application/vnd.npm.install-v1+json; q=1.0, application/json; q=0.8, */*
> Connection: keep-alive
> User-Agent: Bun/1.3.9
> Host: registry.npmjs.org
> Accept-Encoding: gzip, deflate, br, zstd

> HTTP/1.1 GET https://registry.npmjs.org/streamx
> If-None-Match: W/"b6b049038c5c5afaa6c22747de602d7f"
> Accept: application/vnd.npm.install-v1+json; q=1.0, application/json; q=0.8, */*
> Connection: keep-alive
> User-Agent: Bun/1.3.9
> Host: registry.npmjs.org
> Accept-Encoding: gzip, deflate, br, zstd

> HTTP/1.1 GET https://registry.npmjs.org/is-windows
> If-None-Match: W/"a1aae191b3013b6ca1daf64179905b68"
> Accept: application/vnd.npm.install-v1+json; q=1.0, application/json; q=0.8, */*
> Connection: keep-alive
> User-Agent: Bun/1.3.9
> Host: registry.npmjs.org
> Accept-Encoding: gzip, deflate, br, zstd

   - "define-property": "^2.0.2" - define-property@2.0.2
   - "define-property": "^0.2.5" - define-property@0.2.5
   - "define-property": "^1.0.0" - define-property@1.0.0
Enqueue package manifest for download: is-descriptor
[PackageManager] waiting for 68 tasks
    [20.49ms]
Downloaded object.pick versions
   - "object.pick": "^1.3.0" - object.pick@1.3.0
    [16.16ms]
Downloaded use versions
   - "use": "^3.1.0" - use@3.1.1
    [16.32ms]
Downloaded is-extendable versions
   - "is-extendable": "^0.1.0" - is-extendable@0.1.1
   - "is-extendable": "^1.0.1" - is-extendable@1.0.1
    [16.30ms]
Downloaded assign-symbols versions
   - "assign-symbols": "^1.0.0" - assign-symbols@1.0.0
    [16.26ms]
Downloaded map-cache versions
> HTTP/1.1 GET https://registry.npmjs.org/is-descriptor
> If-None-Match: W/"ba6bad8f7c98389c068f5cc35374f218"
> Accept: application/vnd.npm.install-v1+json; q=1.0, application/json; q=0.8, */*
> Connection: keep-alive
> User-Agent: Bun/1.3.9
> Host: registry.npmjs.org
> Accept-Encoding: gzip, deflate, br, zstd

   - "map-cache": "^0.2.2" - map-cache@0.2.2
Enqueue package manifest for download: is-plain-object
> HTTP/1.1 GET https://registry.npmjs.org/is-plain-object
> If-None-Match: W/"8ed8d36c1132b23991664f8c7e80494c"
> Accept: application/vnd.npm.install-v1+json; q=1.0, application/json; q=0.8, */*
> Connection: keep-alive
> User-Agent: Bun/1.3.9
> Host: registry.npmjs.org
> Accept-Encoding: gzip, deflate, br, zstd

< 304 Not Modified
< Date: Sat, 03 Oct 2026 22:27:46 GMT
< Connection: keep-alive
< set-cookie: __cf_bm=aPkVkmmusR5Hl8hkkifq.KM.REJdfJmUEJ5hOYpiA48-1791066466.484831-1.0.1.1-MxEuGhEeN52VIjOk16ddmNM8Mdpftpxzv8lvjb5KrWfNcfu0MElvzt_MugbMVkhicSG6JyWDkwiAl9yHgIZYfCWxK8zqBp8Uix0AwSVprBaEuUCXKqb66JLpyI0tbDN_; HttpOnly; SameSite=None; Secure; Path=/; Domain=npmjs.org; Expires=Sat, 03 Oct 2026 22:57:46 GMT
< set-cookie: _cfuvid=R4mtkcdwiZllBBrh2Sxxb6krYnQKXwgd6TKucBlU2vo-1791066466.484831-1.0.1.1-qIIpHhtyhUvKAsItjFjRJHb1A5u3tvnsOLY5Y52naDA; HttpOnly; SameSite=None; Secure; Path=/; Domain=npmjs.org
< CF-Ray: a44f60478f325f50-TIA
< CF-Cache-Status: HIT
< Access-Control-Allow-Origin: *
< Age: 271
< Cache-Control: public, max-age=300
< ETag: "890b9fa83f9946ee9f7d6b573c7a339d"
< Last-Modified: Sun, 26 Jun 2022 22:22:54 GMT
< Server: cloudflare

[PackageManager] waiting for 64 tasks
< 304 Not Modified
< Date: Sat, 03 Oct 2026 22:27:46 GMT
< Connection: keep-alive
< set-cookie: __cf_bm=soHIH.WiyZjTvgvgPLrKa23KVM4BjnCXXRsDrKk1rMs-1791066466.4845877-1.0.1.1-gADr7z6PLGU7cYgS.HuPazpfKw.uz1nychpC0UoJbfS_JgHA1e3KTjnyZDXsys0XmiY7D3.gpsylP0dw4P_cuW8MTzl_PUlKuJ0db_EilEBpbihRC6tkbFR4K..3lW9z; HttpOnly; SameSite=None; Secure; Path=/; Domain=npmjs.org; Expires=Sat, 03 Oct 2026 22:57:46 GMT
< set-cookie: _cfuvid=dyHQ2G4kQ.1R3uiYso28DIkhGE8YcZ6gDgSYCle25oQ-1791066466.4845877-1.0.1.1-U.IUXarLyMH5XU6AIrfkszE0lT.6Jb_SJf3LvGk4FoI; HttpOnly; SameSite=None; Secure; Path=/; Domain=npmjs.org
< CF-Ray: a44f60478f315f50-TIA
< CF-Cache-Status: HIT
< Access-Control-Allow-Origin: *
< Age: 209
< Cache-Control: public, max-age=300
< ETag: "7e65197800328688f66f8a5a506b6304"
< Last-Modified: Wed, 12 Apr 2023 03:59:58 GMT
< Server: cloudflare

    [23.42ms]
Downloaded source-map-resolve versions
   - "source-map-resolve": "^0.5.0" - source-map-resolve@0.5.3
Enqueue package manifest for download: atob
Enqueue package manifest for download: resolve-url
Enqueue package manifest for download: source-map-url
Enqueue package manifest for download: urix
[PackageManager] waiting for 67 tasks
    [23.49ms]
Downloaded base versions
> HTTP/1.1 GET https://registry.npmjs.org/atob
> If-None-Match: W/"27d721ab9ab94b1e29e4f8ade5937b81"
> Accept: application/vnd.npm.install-v1+json; q=1.0, application/json; q=0.8, */*
> Connection: keep-alive
> User-Agent: Bun/1.3.9
> Host: registry.npmjs.org
> Accept-Encoding: gzip, deflate, br, zstd

> HTTP/1.1 GET https://registry.npmjs.org/resolve-url
> If-None-Match: W/"d1d2edda4d51bb2af9884854c449cd15"
> Accept: application/vnd.npm.install-v1+json; q=1.0, application/json; q=0.8, */*
> Connection: keep-alive
> User-Agent: Bun/1.3.9
> Host: registry.npmjs.org
> Accept-Encoding: gzip, deflate, br, zstd

   - "base": "^0.11.1" - base@0.11.2
Enqueue package manifest for download: cache-base
Enqueue package manifest for download: class-utils
Enqueue package manifest for download: component-emitter
Enqueue package manifest for download: mixin-deep
Enqueue package manifest for download: pascalcase
< 304 Not Modified
< Date: Sat, 03 Oct 2026 22:27:46 GMT
< Connection: keep-alive
< set-cookie: __cf_bm=J0WmIxj7rahYP3UtULB7jyQ8KviOIi1tla6miUE.3zQ-1791066466.4945798-1.0.1.1-8K42Y7HDEzZ3erkMkDPdjf5NcPezpetvm7yWD0XDJxd6f_90KSPZAPV3rerFif5tuUvPclBhasSQ4QUXXDQHnKx.Z0m3O_KEKx9D4DWmOxgluGHSiXzYHAIl3yYYo8Ag; HttpOnly; SameSite=None; Secure; Path=/; Domain=npmjs.org; Expires=Sat, 03 Oct 2026 22:57:46 GMT
< set-cookie: _cfuvid=Jk0nloupsMnM9WX5FnaTmDSGxEWFejWrIoHOKPN2P7M-1791066466.4945798-1.0.1.1-y.f8GzpXihoStNUvIvV83cVtcgSftLxiHZkxdGyV5wk; HttpOnly; SameSite=None; Secure; Path=/; Domain=npmjs.org
< CF-Ray: a44f60479faef474-TIA
< CF-Cache-Status: HIT
< Access-Control-Allow-Origin: *
< Age: 241
< Cache-Control: public, max-age=300
< ETag: "f4fd738b6a6c9ff34451c53c9f50ad9d"
< Last-Modified: Fri, 17 Jun 2022 21:59:33 GMT
< Server: cloudflare

[PackageManager] waiting for 71 tasks
    [18.89ms]
Downloaded expand-brackets versions
> HTTP/1.1 GET https://registry.npmjs.org/source-map-url
> If-None-Match: W/"634f8abb575623a06541fc95dac818f2"
> Accept: application/vnd.npm.install-v1+json; q=1.0, application/json; q=0.8, */*
> Connection: keep-alive
> User-Agent: Bun/1.3.9
> Host: registry.npmjs.org
> Accept-Encoding: gzip, deflate, br, zstd

   - "expand-brackets": "^2.1.4" - expand-brackets@2.1.4
Enqueue package manifest for download: posix-character-classes
< 304 Not Modified
< Date: Sat, 03 Oct 2026 22:27:46 GMT
< Connection: keep-alive
< set-cookie: __cf_bm=FELQhVajmycGsYhJ0NMWI1b1N2ZSxpoySKwjzaDhg2w-1791066466.4445803-1.0.1.1-U576SwE4yI4JFvfY53nEr4BLR2WJgiPoUZutyV_IBhlJfRZUZcfnkML7eH4RoFTpsHtRJ6joR4BVYfk_3I2r1Wszu5sXUqtUAwXJGZbIXDvRLcEG.3wZuMujsU6aNPwV; HttpOnly; SameSite=None; Secure; Path=/; Domain=npmjs.org; Expires=Sat, 03 Oct 2026 22:57:46 GMT
< set-cookie: _cfuvid=Jj.SGcv4hxwiznpju28UKSZ.pGWhLrwCQgRmblsPELE-1791066466.4445803-1.0.1.1-l41XI4Iy.IK1raFgwBq0iR9eYQyNJNgpbZpaLLyBOgE; HttpOnly; SameSite=None; Secure; Path=/; Domain=npmjs.org
< CF-Ray: a44f60474e6b51a4-TIA
< CF-Cache-Status: HIT
< Access-Control-Allow-Origin: *
< Age: 246
< Cache-Control: public, max-age=300
< ETag: "3331d9ceebe2c1dc3880c657db0cbfb6"
< Last-Modified: Sat, 01 Aug 2026 15:58:44 GMT
< Server: cloudflare

[PackageManager] waiting for 71 tasks
    [73.45ms]
Downloaded @octokit/plugin-rest-endpoint-methods versions
   - "@octokit/plugin-rest-endpoint-methods": "^10.0.0" - @octokit/plugin-rest-endpoint-methods@10.4.1
> HTTP/1.1 GET https://registry.npmjs.org/urix
> If-None-Match: W/"7409efda4597a79ae4d3ffc9e6fe6229"
> Accept: application/vnd.npm.install-v1+json; q=1.0, application/json; q=0.8, */*
> Connection: keep-alive
> User-Agent: Bun/1.3.9
> Host: registry.npmjs.org
> Accept-Encoding: gzip, deflate, br, zstd

< 304 Not Modified
< Date: Sat, 03 Oct 2026 22:27:46 GMT
< Connection: keep-alive
< set-cookie: __cf_bm=XaG4MfrQzwVaJt38ztAAphGYIy7XD7DudSSJZIZoL5Q-1791066466.4447434-1.0.1.1-xIyPj6U8ABRZ0OAIi17KpO.Zl_wIDOfaHPUkfNjc4i95ha8eq3GLZueXXlxONDq2zsX0.FiwdCr6WUTOg9YbJpq29WCnfy05UPIfurrOt43sCT1GtntCu5uDqxP5F_HG; HttpOnly; SameSite=None; Secure; Path=/; Domain=npmjs.org; Expires=Sat, 03 Oct 2026 22:57:46 GMT
< set-cookie: _cfuvid=5LWVqlUjsBI5xHFAQWTWuY1TXcSoKPwpC.h4C3U2Yio-1791066466.4447434-1.0.1.1-JOCJW1EAqpMfxFD0THx2L0I4nVl_rQ0e8G6fQ2ppkYw; HttpOnly; SameSite=None; Secure; Path=/; Domain=npmjs.org
< CF-Ray: a44f60474e6951a4-TIA
< CF-Cache-Status: HIT
< Access-Control-Allow-Origin: *
< Age: 280
< Cache-Control: public, max-age=300
< ETag: "431970b05df57f3f136c6ca98da6211a"
< Last-Modified: Fri, 28 Aug 2026 01:14:48 GMT
< Server: cloudflare

> HTTP/1.1 GET https://registry.npmjs.org/cache-base
> If-None-Match: W/"fbd65b6146ef0ff10dac8bb51c28cbc4"
> Accept: application/vnd.npm.install-v1+json; q=1.0, application/json; q=0.8, */*
> Connection: keep-alive
> User-Agent: Bun/1.3.9
> Host: registry.npmjs.org
> Accept-Encoding: gzip, deflate, br, zstd

[PackageManager] waiting for 70 tasks
    [76.75ms]
Downloaded @jridgewell/sourcemap-codec versions
   - "@jridgewell/sourcemap-codec": "^1.5.5" - @jridgewell/sourcemap-codec@1.6.0
< 304 Not Modified
< Date: Sat, 03 Oct 2026 22:27:46 GMT
< Connection: keep-alive
< set-cookie: __cf_bm=NG0InJC2WYrLmN_g.mDe0rNZl6IUBy30mGB8fxdYoe8-1791066466.5038996-1.0.1.1-_oRrxF7XNCwU0_Vxdyrx3eKHkTC4RgyPvTEKLQn45GE6S8OVSQYtqG9_sF_ahp_OUlTTQvdYgVaEbeqxQj6wRQk.wsqgMkisRMJXQns4ceyY7NuAOrGlqne0GNegGgl2; HttpOnly; SameSite=None; Secure; Path=/; Domain=npmjs.org; Expires=Sat, 03 Oct 2026 22:57:46 GMT
< set-cookie: _cfuvid=.sgGGjXAIViIWGDmL0cNVY66gZmu59alxH741fynjq0-1791066466.5038996-1.0.1.1-Bk78Q8Sj2vCXcNFbNACWJ7XTJgzQTOkuM2_MnAXBEkA; HttpOnly; SameSite=None; Secure; Path=/; Domain=npmjs.org
< CF-Ray: a44f6047ab5a9b00-TIA
< CF-Cache-Status: HIT
< Access-Control-Allow-Origin: *
< Age: 239
< Cache-Control: public, max-age=300
< ETag: "47f470f2b807c49c57ceea6b0dc9e36e"
< Last-Modified: Sun, 13 Sep 2026 19:42:30 GMT
< Server: cloudflare

[PackageManager] waiting for 69 tasks
    [27.99ms]
Downloaded b4a versions
> HTTP/1.1 GET https://registry.npmjs.org/class-utils
> If-None-Match: W/"8636d1151eee1078524dda5e041ac984"
> Accept: application/vnd.npm.install-v1+json; q=1.0, application/json; q=0.8, */*
> Connection: keep-alive
> User-Agent: Bun/1.3.9
> Host: registry.npmjs.org
> Accept-Encoding: gzip, deflate, br, zstd

< 304 Not Modified
< Date: Sat, 03 Oct 2026 22:27:46 GMT
< Connection: keep-alive
< set-cookie: __cf_bm=zt2WpyxXtx8eQArZEt9kIQJ3AAgnjCle7oOMYskbp.0-1791066466.5040402-1.0.1.1-zN6Jmd7fA2AUCcj2KW9vxlCMyeA8isogmOyZembk5zKzSBL4AAtLUshAwjz8.LJNZbkHbsBClqZvuP_3dLw5gWt7wHuEggI1kH83E8lPIODsF.veHXpwrqGV64gbfG6V; HttpOnly; SameSite=None; Secure; Path=/; Domain=npmjs.org; Expires=Sat, 03 Oct 2026 22:57:46 GMT
< set-cookie: _cfuvid=gX5MVQEAUcm0d9gehrAnJyjMMewKRWZwVlFAIdZlZxg-1791066466.5040402-1.0.1.1-xq5hlcd1cxWC8frCwZD.eJRPOhY87thCYMEBkA4Hjbg; HttpOnly; SameSite=None; Secure; Path=/; Domain=npmjs.org
< CF-Ray: a44f6047aeab51a4-TIA
< CF-Cache-Status: HIT
< Access-Control-Allow-Origin: *
< Age: 175
< Cache-Control: public, max-age=300
< ETag: "80a01d644d795d155c92514d94985f65"
< Last-Modified: Mon, 12 Sep 2022 08:39:27 GMT
< Server: cloudflare

   - "b4a": "^1.8.1" - b4a@1.9.0
< 304 Not Modified
< Date: Sat, 03 Oct 2026 22:27:46 GMT
< Connection: keep-alive
< set-cookie: __cf_bm=gwO7Xc2s4l2.Sdsxyo7htRuOwv39zGF5yoIBPVDqy6s-1791066466.5038908-1.0.1.1-Z9nVcT8C3J6Ci4uSy5ugL3xDYH4EolfK0BxGJ0sLjAC9_d4IyJto64ZHo.GhPtAjH9djuINxwNc_1bMGRepaHOsK9V0zhA.GF32NMpffXugfO1EJ83mmlaJIE_NiJqCZ; HttpOnly; SameSite=None; Secure; Path=/; Domain=npmjs.org; Expires=Sat, 03 Oct 2026 22:57:46 GMT
< set-cookie: _cfuvid=fiX4AUlA_15kHwpKq1vrrRLiAYKwnx87U4rH4OXKVMk-1791066466.5038908-1.0.1.1-HQDnhDRAvqoJ6GiAz47PPGbeZoZtrUBMDBVQyCbNDb4; HttpOnly; SameSite=None; Secure; Path=/; Domain=npmjs.org
< CF-Ray: a44f6047af2e7c08-TIA
< CF-Cache-Status: HIT
< Access-Control-Allow-Origin: *
< Age: 284
< Cache-Control: public, max-age=300
< ETag: "a1aae191b3013b6ca1daf64179905b68"
< Last-Modified: Sun, 19 Jun 2022 02:53:54 GMT
< Server: cloudflare

[PackageManager] waiting for 68 tasks
    [27.94ms]
Downloaded teex versions
< 304 Not Modified
< Date: Sat, 03 Oct 2026 22:27:46 GMT
< Connection: keep-alive
< set-cookie: __cf_bm=tROG7nxv5ZjqYKvfaMlcyiPqvfDB59Qu0.VhiIvwulI-1791066466.5142465-1.0.1.1-tweqPq9IYEGzU0rHgDhDIi3aw82HCtsR8hFmPyckYfiMsL__7KLgwoCdPcHvS2I6S7P9EnRVHTGG.sgNNPVEj8SAVvUqKDE1vUY6ejuVqU3awu0guCo7T5XRPVjHQkw3; HttpOnly; SameSite=None; Secure; Path=/; Domain=npmjs.org; Expires=Sat, 03 Oct 2026 22:57:46 GMT
< set-cookie: _cfuvid=Vpd1G2gKYM.h.QyTANDeuiJCoxiQQ9V1AlPrMy13384-1791066466.5142465-1.0.1.1-T5qodCi8ifNYFCog5hdQ4Ys2y0vg7j11HmyLM9Smho8; HttpOnly; SameSite=None; Secure; Path=/; Domain=npmjs.org
< CF-Ray: a44f6047beb551a4-TIA
< CF-Cache-Status: HIT
< Access-Control-Allow-Origin: *
< Age: 214
< Cache-Control: public, max-age=300
< ETag: "7409efda4597a79ae4d3ffc9e6fe6229"
< Last-Modified: Tue, 28 Jun 2022 06:10:38 GMT
< Server: cloudflare

   - "teex": "^1.0.1" - teex@1.0.1
    [27.93ms]
Downloaded is-windows versions
   - "is-windows": "^1.0.2" - is-windows@1.0.2
[PackageManager] waiting for 66 tasks
    [13.69ms]
Downloaded urix versions
   - "urix": "^0.1.0" - urix@0.1.0
> HTTP/1.1 GET https://registry.npmjs.org/component-emitter
> If-None-Match: W/"03ded591a72ca855ea27aa1d5e3d65c2"
> Accept: application/vnd.npm.install-v1+json; q=1.0, application/json; q=0.8, */*
> Connection: keep-alive
> User-Agent: Bun/1.3.9
> Host: registry.npmjs.org
> Accept-Encoding: gzip, deflate, br, zstd

> HTTP/1.1 GET https://registry.npmjs.org/mixin-deep
> If-None-Match: W/"2a730998cfa8a14ff26b11248f28b0ee"
> Accept: application/vnd.npm.install-v1+json; q=1.0, application/json; q=0.8, */*
> Connection: keep-alive
> User-Agent: Bun/1.3.9
> Host: registry.npmjs.org
> Accept-Encoding: gzip, deflate, br, zstd

> HTTP/1.1 GET https://registry.npmjs.org/pascalcase
> If-None-Match: W/"cfc63d17eb26294ead7a87c59b01602d"
> Accept: application/vnd.npm.install-v1+json; q=1.0, application/json; q=0.8, */*
> Connection: keep-alive
> User-Agent: Bun/1.3.9
> Host: registry.npmjs.org
> Accept-Encoding: gzip, deflate, br, zstd

< 200 OK
< Access-Control-Allow-Origin: https://render.githubusercontent.com
< content-disposition: attachment; filename=tscircuit-pcb-trace-linter-4c035f9.tar.gz
< Content-Length: 265736
< Content-Security-Policy: default-src 'none'; style-src 'unsafe-inline'; sandbox
< Content-Type: application/x-gzip
< cross-origin-resource-policy: cross-origin
< ETag: W/"0a015d3c35ec6200c84fe575a6ec7731a567c0e5fc00f7b31bc59c691b6b6b16"
< Strict-Transport-Security: max-age=31536000
< Vary: Authorization,Accept-Encoding
< X-Content-Type-Options: nosniff
< X-Frame-Options: deny
< X-XSS-Protection: 1; mode=block
< Date: Sat, 03 Oct 2026 22:27:46 GMT
< X-GitHub-Request-Id: F25E:8CD5D:592B3F:895AD4:6AC18162
< x-github-edge-region: fra

< 304 Not Modified
< Date: Sat, 03 Oct 2026 22:27:46 GMT
< Connection: keep-alive
< set-cookie: __cf_bm=aUl9ayh5cz5rwyJIH14DDujgaLLRouubE6e9CcPEzOU-1791066466.3431983-1.0.1.1-5hD2qNDJJcruGnlwARod9wpUKXIgBytQBCoeQxknWEap.NptboFTcZpTd_.EzroGVHgYJn7doxZVAbdiYjh.j3I43PBc_G.PYG7gtx.6tKZDA9Rv1FEdgRymlKC_7YD1; HttpOnly; SameSite=None; Secure; Path=/; Domain=npmjs.org; Expires=Sat, 03 Oct 2026 22:57:46 GMT
< set-cookie: _cfuvid=5vtSsI0HMgLEG4ZQVcOtStWFXZs6K0RuXE0gI8NsSN4-1791066466.3431983-1.0.1.1-BcA1oGzCXdH.TqtXRJl3sK9.6D59HhG.ybMBPidn43s; HttpOnly; SameSite=None; Secure; Path=/; Domain=npmjs.org
< CF-Ray: a44f6046aa3b9b00-TIA
< CF-Cache-Status: HIT
< Access-Control-Allow-Origin: *
< Cache-Control: public, max-age=300
< ETag: "1d56b93f6ab1202eac4115844e85b131"
< Last-Modified: Tue, 07 Nov 2023 07:18:55 GMT
< Server: cloudflare

[PackageManager] waiting for 65 tasks
    [207.83ms]
Downloaded mz versions
> HTTP/1.1 GET https://registry.npmjs.org/posix-character-classes
> If-None-Match: W/"48b99220b423cf454171817afaf2294a"
> Accept: application/vnd.npm.install-v1+json; q=1.0, application/json; q=0.8, */*
> Connection: keep-alive
> User-Agent: Bun/1.3.9
> Host: registry.npmjs.org
> Accept-Encoding: gzip, deflate, br, zstd

< 304 Not Modified
< Date: Sat, 03 Oct 2026 22:27:46 GMT
< Connection: keep-alive
< set-cookie: __cf_bm=uT9WASs5SW1UOvhJ5LkFNhqXv0xvmReT34i3lU8jGrg-1791066466.5299854-1.0.1.1-VcfHZdlGeyf83woEjkArChg.n0_3Zh7uxJ8MMwnThHljHDTpLeo0DUZhUmuI0P_GGmuJaB.ZAgHaUACNPnd.E7E9eUhCfDp6jXSG3CJ4m9gxLzivAzvAmwKoS28PsxuH; HttpOnly; SameSite=None; Secure; Path=/; Domain=npmjs.org; Expires=Sat, 03 Oct 2026 22:57:46 GMT
< set-cookie: _cfuvid=Uir3GThpiSeMq62XEIh3t7BvFlhfEEq3U7C3znA6uak-1791066466.5299854-1.0.1.1-1UwdK4rlOTKcGzbrkPVTzvmBweFh7aT47MkHuJifLRQ; HttpOnly; SameSite=None; Secure; Path=/; Domain=npmjs.org
< CF-Ray: a44f6047cb819b00-TIA
< CF-Cache-Status: HIT
< Access-Control-Allow-Origin: *
< Age: 239
< Cache-Control: public, max-age=300
< ETag: "8636d1151eee1078524dda5e041ac984"
< Last-Modified: Mon, 13 Jun 2022 06:05:54 GMT
< Server: cloudflare

< 304 Not Modified
< Date: Sat, 03 Oct 2026 22:27:46 GMT
< Connection: keep-alive
< set-cookie: __cf_bm=nTsxWrfr6mF57WTc4TICC3CPsOR_iKxiKp9dyEwjxxE-1791066466.5297594-1.0.1.1-Vmc7m4nZTj4ZskWJWhs8habyry7LQI5y4aORKYiQC11P6.YNQ7A2Sh2jPsMNefA1CMkxgghVIHYzyCKazNAOnWqMfjF661F_Q4n650ZRL2TttXhQZ7cdD6Ov9BRukkzV; HttpOnly; SameSite=None; Secure; Path=/; Domain=npmjs.org; Expires=Sat, 03 Oct 2026 22:57:46 GMT
< set-cookie: _cfuvid=CYfQD3LRE0k0YZXb.NLrahje9q1gKipySBN8YjYxMsg-1791066466.5297594-1.0.1.1-xCoptta8rUX_pFm5YCJZYTKkQ0sVPqvai01E0pkAMMI; HttpOnly; SameSite=None; Secure; Path=/; Domain=npmjs.org
< CF-Ray: a44f6047cf4b7c08-TIA
< CF-Cache-Status: HIT
< Access-Control-Allow-Origin: *
< Age: 267
< Cache-Control: public, max-age=300
< ETag: "2a730998cfa8a14ff26b11248f28b0ee"
< Last-Modified: Sun, 19 Jun 2022 22:59:29 GMT
< Server: cloudflare

< 304 Not Modified
< Date: Sat, 03 Oct 2026 22:27:46 GMT
< Connection: keep-alive
< set-cookie: __cf_bm=J93Sdfj8j3Q6_QAqJtkpTYfRv2cK8F3AS7obdshKo9M-1791066466.3427212-1.0.1.1-Sir_wV2fYROm2Td3lipahY_ytRIBFCPtGkgUrzjBBgQMT2s99ZngV.AnzjSaVjBczSoYHxWpNqR1TsLAOvs1Vjnw5CKRbujnpgt2QVSL10r.KqOPF8EHetZkCuPPMNsl; HttpOnly; SameSite=None; Secure; Path=/; Domain=npmjs.org; Expires=Sat, 03 Oct 2026 22:57:46 GMT
< set-cookie: _cfuvid=3mKF3JBS7iNHV5AyZj6TPzNlbfqOX8qCtQdl47TcU8U-1791066466.3427212-1.0.1.1-SoncHDQ7U.JlDuCFr0Fu6c5tBINfwTGpzT9K6.C_Qo4; HttpOnly; SameSite=None; Secure; Path=/; Domain=npmjs.org
< CF-Ray: a44f6046aded51a4-TIA
< CF-Cache-Status: HIT
< Access-Control-Allow-Origin: *
< Cache-Control: public, max-age=300
< ETag: "99a87e0d7cb0390444dea2d72a85cf2d"
< Last-Modified: Thu, 27 Mar 2025 11:22:00 GMT
< Server: cloudflare

< 304 Not Modified
< Date: Sat, 03 Oct 2026 22:27:46 GMT
< Connection: keep-alive
< set-cookie: __cf_bm=7eHsnqe538nRDS2chmgxf1WRiviI.lmLC8LmLYFdLjo-1791066466.3432646-1.0.1.1-n7GGkTrp5aEYwetcpTFkQYnnvcoU4hs0rWb2BFGsdpgupLoXDZ2.pjTKhJ5cQLBDk7dCUNoPo0.4LBRo_JgpHtJQNs2b6GWSv5iWGCLyiXo6V77JF0pfvvn2iwZXR5S9; HttpOnly; SameSite=None; Secure; Path=/; Domain=npmjs.org; Expires=Sat, 03 Oct 2026 22:57:46 GMT
< set-cookie: _cfuvid=qlD6CQxbaTJO8HGqPrK7RNyYtcjXUqsFnk0MNgkuhU8-1791066466.3432646-1.0.1.1-QZWBaMMtECJUuoSjXJZ71oVmOBiaZTrIAWTLSey3.B8; HttpOnly; SameSite=None; Secure; Path=/; Domain=npmjs.org
< CF-Ray: a44f6046ae417c08-TIA
< CF-Cache-Status: HIT
< Access-Control-Allow-Origin: *
< Cache-Control: public, max-age=300
< ETag: "184657744c68b977290103f5741f3cf9"
< Last-Modified: Sat, 22 Jul 2023 22:36:15 GMT
< Server: cloudflare

< 304 Not Modified
< Date: Sat, 03 Oct 2026 22:27:46 GMT
< Connection: keep-alive
< set-cookie: __cf_bm=X.LuPnuUDpCzs4DP3Eej52kAVPaQK.E2fv88on69qpE-1791066466.529547-1.0.1.1-AaoowFkXoROAV73YnkTyfl0VI7bgSWAEpBq3f.gufjmkb9mX6Ek.F7CPRgHH6l1eWM7m_sczBGedSEiM88wf2U5kAfJNhHdx0VgWwAodH4Dog1JUCJ_ZIyUmWItc4DrB; HttpOnly; SameSite=None; Secure; Path=/; Domain=npmjs.org; Expires=Sat, 03 Oct 2026 22:57:46 GMT
< set-cookie: _cfuvid=IwT8yz8Hj5c6N3wp.wShaQxi.u._711IYw86vOVxGBQ-1791066466.529547-1.0.1.1-sGNAzeMAY9kCXq1DrxYmT6coksx8D_ZBc.MwHzrUbxQ; HttpOnly; SameSite=None; Secure; Path=/; Domain=npmjs.org
< CF-Ray: a44f6047cec951a4-TIA
< CF-Cache-Status: HIT
< Access-Control-Allow-Origin: *
< Age: 250
< Cache-Control: public, max-age=300
< ETag: "cfc63d17eb26294ead7a87c59b01602d"
< Last-Modified: Thu, 23 Jun 2022 11:59:03 GMT
< Server: cloudflare

   - "mz": "^2.7.0" - mz@2.7.0
Enqueue package manifest for download: any-promise
Enqueue package manifest for download: thenify-all
[PackageManager] waiting for 66 tasks
    [18.93ms]
Downloaded class-utils versions
   - "class-utils": "^0.3.5" - class-utils@0.3.6
    [18.79ms]
Downloaded mixin-deep versions
> HTTP/1.1 GET https://registry.npmjs.org/any-promise
> If-None-Match: W/"db70f2db60338c79ca8bfe32c1b02384"
> Accept: application/vnd.npm.install-v1+json; q=1.0, application/json; q=0.8, */*
> Connection: keep-alive
> User-Agent: Bun/1.3.9
> Host: registry.npmjs.org
> Accept-Encoding: gzip, deflate, br, zstd

   - "mixin-deep": "^1.2.0" - mixin-deep@1.3.2
    [207.81ms]
Downloaded pirates versions
> HTTP/1.1 GET https://registry.npmjs.org/thenify-all
> If-None-Match: W/"7cd05dc0a448fbac4d8d234fded152ba"
> Accept: application/vnd.npm.install-v1+json; q=1.0, application/json; q=0.8, */*
> Connection: keep-alive
> User-Agent: Bun/1.3.9
> Host: registry.npmjs.org
> Accept-Encoding: gzip, deflate, br, zstd

   - "pirates": "^4.0.1" - pirates@4.0.7
    [207.82ms]
Downloaded ts-interface-checker versions
   - "ts-interface-checker": "^0.1.9" - ts-interface-checker@0.1.13
    [18.82ms]
Downloaded pascalcase versions
   - "pascalcase": "^0.1.1" - pascalcase@0.1.1
Enqueue package manifest for download: arr-union
Enqueue package manifest for download: static-extend
Enqueue package manifest for download: for-in
> HTTP/1.1 GET https://registry.npmjs.org/arr-union
> If-None-Match: W/"87d4b98bc861061be5872dc6235a7d70"
> Accept: application/vnd.npm.install-v1+json; q=1.0, application/json; q=0.8, */*
> Connection: keep-alive
> User-Agent: Bun/1.3.9
> Host: registry.npmjs.org
> Accept-Encoding: gzip, deflate, br, zstd

> HTTP/1.1 GET https://registry.npmjs.org/static-extend
> If-None-Match: W/"1281acf37a12122def5ac8b21feca680"
> Accept: application/vnd.npm.install-v1+json; q=1.0, application/json; q=0.8, */*
> Connection: keep-alive
> User-Agent: Bun/1.3.9
> Host: registry.npmjs.org
> Accept-Encoding: gzip, deflate, br, zstd

> HTTP/1.1 GET https://registry.npmjs.org/for-in
> If-None-Match: W/"92b3f31d51a6cc7f733589f18aa77a1f"
> Accept: application/vnd.npm.install-v1+json; q=1.0, application/json; q=0.8, */*
> Connection: keep-alive
> User-Agent: Bun/1.3.9
> Host: registry.npmjs.org
> Accept-Encoding: gzip, deflate, br, zstd

< 304 Not Modified
< Date: Sat, 03 Oct 2026 22:27:46 GMT
< Connection: keep-alive
< set-cookie: __cf_bm=9W5GwM2DMM0GpwcA1qYPsDXzWU7RvW0kGxwwqK563yc-1791066466.3482628-1.0.1.1-oawaCWcqlLs1BNuR3h7LnMeDzUKoJ4Wy2xY0ZDbdhKoeB_.h9nOKlepifWlQ4oN28wS6xrG.WcL0Po9VhYUaH5WYkVhOlkKJ8cX31Wu4tvLhmmoq1vQyV2PyQGKZZOaq; HttpOnly; SameSite=None; Secure; Path=/; Domain=npmjs.org; Expires=Sat, 03 Oct 2026 22:57:46 GMT
< set-cookie: _cfuvid=jRddCtsPgf9ZbLLxILvJwHEzkwEYktN5KO.cbROlChU-1791066466.3482628-1.0.1.1-mnMCrl3CW2Ws4Uh.031n9wDLWi5sCeOO3VRsiqD7D_Q; HttpOnly; SameSite=None; Secure; Path=/; Domain=npmjs.org
< CF-Ray: a44f6046ae9cf474-TIA
< CF-Cache-Status: HIT
< Access-Control-Allow-Origin: *
< Cache-Control: public, max-age=300
< ETag: "1adf5d6ae099b6882175b66dc9351f37"
< Last-Modified: Sat, 28 Feb 2026 13:31:07 GMT
< Server: cloudflare

[PackageManager] waiting for 64 tasks
< 304 Not Modified
< Date: Sat, 03 Oct 2026 22:27:46 GMT
< Connection: keep-alive
< set-cookie: __cf_bm=Mjvf283QtMx6bwJ_1IOAVylF.Ak_xNId_l6hKoNUICk-1791066465.997316-1.0.1.1-EbffxLT6JPdCjh5G3iYS3CGiIFeeTLa0BlW3SVXhuaBWDo0JNmUtYFnAkiE4.Bikl3yD2Bjp1ePSuBk6eoi79wbVBttLIcZlIMTNkuet96QWL5mULdxkTKBfi8Sq5QLj; HttpOnly; SameSite=None; Secure; Path=/; Domain=npmjs.org; Expires=Sat, 03 Oct 2026 22:57:46 GMT
< set-cookie: _cfuvid=37eHlF4VVoHek6g1ntaOau0COtye_TZMkGhNNKVPfzM-1791066465.997316-1.0.1.1-s4TXK_oFeyGh9k_LwcPE.Oaa4LhtpbrAhZXlCEf6Ylc; HttpOnly; SameSite=None; Secure; Path=/; Domain=npmjs.org
< CF-Ray: a44f60447c547c08-TIA
< CF-Cache-Status: HIT
< Access-Control-Allow-Origin: *
< Cache-Control: public, max-age=300
< ETag: "d71721fb826e17e28adbc5ba9a5d11ef"
< Last-Modified: Sun, 19 Jun 2022 13:34:34 GMT
< Server: cloudflare

    [200.36ms]
Downloaded pump versions
   - "pump": "^3.0.0" - pump@3.0.4
Enqueue package manifest for download: end-of-stream
[PackageManager] waiting for 64 tasks
    [552.62ms]
Downloaded lodash.debounce versions
> HTTP/1.1 GET https://registry.npmjs.org/end-of-stream
> If-None-Match: W/"5a68bd84947adc71ca19c13c474d8805"
> Accept: application/vnd.npm.install-v1+json; q=1.0, application/json; q=0.8, */*
> Connection: keep-alive
> User-Agent: Bun/1.3.9
> Host: registry.npmjs.org
> Accept-Encoding: gzip, deflate, br, zstd

   - "lodash.debounce": "^4.0.8" - lodash.debounce@4.0.8
[PackageManager] waiting for 63 tasks
    [808.92ms] Downloaded @tscircuit/winding-breakout-point-solver tarball
 .agents/
 .agents/roles/
 .agents/roles/adversarial-reviewer.md
 .agents/roles/black-box-qa.md
 .agents/roles/context-auditor.md
 .agents/roles/lead.md
 .agents/roles/solver-engineer.md
 .agents/roles/visualization-engineer.md
 .gitignore
 README.md
 biome.json
 bun.lock
 bunfig.toml
 cosmos.config.json
 examples/
 examples/am62l/
 examples/am62l/am62l-example-data.ts
 examples/am62l/control-bus-example.ts
 examples/am62l/ddr-byte0-example.ts
 examples/am62l/ddr-byte1-example.ts
 examples/am62l/full-ddr-example.ts
 examples/am62l/index.ts
 examples/padding/
 examples/padding/one-millimeter-padding-input.ts
 examples/region-count/
 examples/region-count/index.ts
 examples/region-count/region-count-examples.ts
 index.html
 lib/
 lib/WindingBreakoutSolver.ts
 lib/gate-placement/
 lib/gate-placement/place-breakout-gates.ts
 lib/get-layer-names.ts
 lib/index.ts
 lib/input/
 lib/input/errors.ts
 lib/input/get-bus-layer-candidates.ts
 lib/input/get-canonical-connections.ts
 lib/input/validate-winding-breakout-input.ts
 lib/layer-assignment/
 lib/layer-assignment/assign-connection-layers.ts
 lib/ordering/
 lib/ordering/get-natural-winding-order.ts
 lib/ordering/get-reference-winding-order.ts
 lib/solvers/
 lib/solvers/GatePlacementSolver.ts
 lib/solvers/ReferenceOrderingSolver.ts
 lib/types.ts
 lib/validation/
 lib/validation/finalize-winding-breakout-output.ts
 lib/validation/validate-breakout-points.ts
 lib/visualization/
 lib/visualization/create-input-graphics.ts
 lib/visualization/create-solver-phase-visualization.ts
 lib/visualization/create-state-graphics.ts
 lib/visualization/create-winding-breakout-visualization.ts
 lib/visualization/get-connection-color.ts
 lib/visualization/get-graphics-layer.ts
 package.json
 pages/
 pages/1mm Padding.page.tsx
 pages/am62l-lpddr4-ram/
 pages/am62l-lpddr4-ram/AM62L LPDDR4 RAM.page.tsx
 pages/am62l-lpddr4-ram/WindingBreakoutSolverFixture.tsx
 pages/region-count-breakdown/
 pages/region-count-breakdown/OneRegionDestinationVisualizationSolver.ts
 pages/region-count-breakdown/Region Count Breakdown.page.tsx
 tests/
 tests/determinism.test.ts
 tests/fixtures/
 tests/fixtures/solver-test-utils.ts
 tests/get-output-before-solved.test.ts
 tests/input-api.test.ts
 tests/input-immutability.test.ts
 tests/padding-input.test.ts
 tests/preload.ts
 tests/region-count.test.ts
 tsconfig.json
 vercel.json
 vite.config.ts
[@tscircuit/winding-breakout-point-solver] Extract .19fb377775fbff12-00000006.winding-breakout-point-solver (decompressed 57.1 KB tgz file in 125.375us)
[@tscircuit/winding-breakout-point-solver] Extracted to .19fb377775fbff12-00000006.winding-breakout-point-solver (6.964ms)
[PackageManager] waiting for 63 tasks
< 304 Not Modified
< Date: Sat, 03 Oct 2026 22:27:46 GMT
< Connection: keep-alive
< set-cookie: __cf_bm=gkwry.ylAiNbtX8Nl_igv9dnqN05cb5WRV9qiEOmQt0-1791066466.550021-1.0.1.1-ncF8R4Gt7Sk3FX.3pjy6HB4gB.RLyS98bRcc2QE8beGwyTylSZzHvYBZ40fg.Dn7FwCUkYpleI3WOSJ9T4NZkxEtckD8BXVly9YTwjJPxzgMHpEP0gOjJelbMEUTODn8; HttpOnly; SameSite=None; Secure; Path=/; Domain=npmjs.org; Expires=Sat, 03 Oct 2026 22:57:46 GMT
< set-cookie: _cfuvid=_I3zeOdPibu7jPDXPbQnu_faOIAnU0crUkDI6rz7MyU-1791066466.550021-1.0.1.1-jAaWcl4VerJh7Jm9f0i4dwfNN2hGZhc_9k32WSrOEGY; HttpOnly; SameSite=None; Secure; Path=/; Domain=npmjs.org
< CF-Ray: a44f6047eb9c9b00-TIA
< CF-Cache-Status: HIT
< Access-Control-Allow-Origin: *
< Age: 296
< Cache-Control: public, max-age=300
< ETag: "db70f2db60338c79ca8bfe32c1b02384"
< Last-Modified: Mon, 13 Jun 2022 03:07:20 GMT
< Server: cloudflare

[PackageManager] waiting for 62 tasks
    [22.19ms]
Downloaded any-promise versions
< 304 Not Modified
< Date: Sat, 03 Oct 2026 22:27:46 GMT
< Connection: keep-alive
< set-cookie: __cf_bm=JqgwK_OGHlrSrNcbLLnD_xLdvT5985Wa6EUfs4O96Eg-1791066466.550667-1.0.1.1-cXDJno_G4hnbnhih0LgOcQXfAciwamou0EETNDPe6Ay5IYZOI1tfNCxAKfRzL9x4Uwi_Z_sFgOYNhDvoSJlWfRsaiunOQia7FAxzP.Ny0ZBCeK9A9Vr1Tlz5xela9nw3; HttpOnly; SameSite=None; Secure; Path=/; Domain=npmjs.org; Expires=Sat, 03 Oct 2026 22:57:46 GMT
< set-cookie: _cfuvid=wrMLcczf2TTYvvMH8HwGAq4L5svZPWWEVoT8P4ItETc-1791066466.550667-1.0.1.1-fXm.ZGfZXVKiphD7C8dmnG788fyibGhVE1sTwlxQv5I; HttpOnly; SameSite=None; Secure; Path=/; Domain=npmjs.org
< CF-Ray: a44f6047eb9d9b00-TIA
< CF-Cache-Status: HIT
< Access-Control-Allow-Origin: *
< Age: 261
< Cache-Control: public, max-age=300
< ETag: "48b99220b423cf454171817afaf2294a"
< Last-Modified: Fri, 24 Jun 2022 09:07:11 GMT
< Server: cloudflare

< 304 Not Modified
< Date: Sat, 03 Oct 2026 22:27:46 GMT
< Connection: keep-alive
< set-cookie: __cf_bm=yrxIAyh1cEkTBxL3Nyd64rivyo6aHVSIESyUIQbJ_Ck-1791066466.5501287-1.0.1.1-GWFLwOneEMFKuqvXvUmeqxKdjFuEMOPKqUOvMFOl2DJKiNB6Pm1oxJYaPHH5gKHOapF99COF6JGDi2I3Jy7ht1Y0xEY5i4ASzQAoG6it9eXEmLdIYw1VKrylHJ11V8T4; HttpOnly; SameSite=None; Secure; Path=/; Domain=npmjs.org; Expires=Sat, 03 Oct 2026 22:57:46 GMT
< set-cookie: _cfuvid=_P5gnl3B3cQfWsA6ZgS4kRCoxd3O9xWyvzYVQgiZzSA-1791066466.5501287-1.0.1.1-8wcIkczi9GZU_8loGxx5eAQlYzJMEHPCtdrEMpp_jGA; HttpOnly; SameSite=None; Secure; Path=/; Domain=npmjs.org
< CF-Ray: a44f6047ef697c08-TIA
< CF-Cache-Status: HIT
< Access-Control-Allow-Origin: *
< Age: 296
< Cache-Control: public, max-age=300
< ETag: "7cd05dc0a448fbac4d8d234fded152ba"
< Last-Modified: Tue, 07 Nov 2023 07:17:12 GMT
< Server: cloudflare

   - "any-promise": "^1.0.0" - any-promise@1.3.0
[PackageManager] waiting for 61 tasks
    [22.57ms]
Downloaded posix-character-classes versions
< 304 Not Modified
< Date: Sat, 03 Oct 2026 22:27:46 GMT
< Connection: keep-alive
< set-cookie: __cf_bm=.FqfYdNpeNZX2qooFIhr.Xk5KIdCiOsPsYG5RAME2o4-1791066466.550327-1.0.1.1-PVvMkX2D8xU1yamBjW1oj.JYJ8N7IAUNajguvj1baYM.0zYMAc.NwX8_aQJRTWYPhhHxdLz4SQpBn7tAY.KelBMuHxdGChLUAjpPpdjU_91YQL1fWTDfoMWrwGpuvkYS; HttpOnly; SameSite=None; Secure; Path=/; Domain=npmjs.org; Expires=Sat, 03 Oct 2026 22:57:46 GMT
< set-cookie: _cfuvid=siQ9wkPBORAvPN0rdWksO9TNZqPVCB_1hT1CJvzkuSA-1791066466.550327-1.0.1.1-SdD65cZtnrqawqU0Ca1fKwGE4.vhSvC8PCsyxMHQGgc; HttpOnly; SameSite=None; Secure; Path=/; Domain=npmjs.org
< CF-Ray: a44f6047ef6a7c08-TIA
< CF-Cache-Status: HIT
< Access-Control-Allow-Origin: *
< Age: 240
< Cache-Control: public, max-age=300
< ETag: "1281acf37a12122def5ac8b21feca680"
< Last-Modified: Mon, 27 Jun 2022 00:02:58 GMT
< Server: cloudflare

   - "posix-character-classes": "^0.1.0" - posix-character-classes@0.1.1
    [22.21ms]
Downloaded thenify-all versions
   - "thenify-all": "^1.0.0" - thenify-all@1.6.0
Enqueue package manifest for download: thenify
[PackageManager] waiting for 60 tasks
    [21.89ms]
Downloaded static-extend versions
   - "static-extend": "^0.1.1" - static-extend@0.1.2
Enqueue package manifest for download: object-copy
> HTTP/1.1 GET https://registry.npmjs.org/thenify
> If-None-Match: W/"27f95dc40d8ef73edac7567fe39ce7dc"
> Accept: application/vnd.npm.install-v1+json; q=1.0, application/json; q=0.8, */*
> Connection: keep-alive
> User-Agent: Bun/1.3.9
> Host: registry.npmjs.org
> Accept-Encoding: gzip, deflate, br, zstd

> HTTP/1.1 GET https://registry.npmjs.org/object-copy
> If-None-Match: W/"e6b736f844d0581d8501bfcfa47cc49f"
> Accept: application/vnd.npm.install-v1+json; q=1.0, application/json; q=0.8, */*
> Connection: keep-alive
> User-Agent: Bun/1.3.9
> Host: registry.npmjs.org
> Accept-Encoding: gzip, deflate, br, zstd

[PackageManager] waiting for 60 tasks
    [824.31ms] Downloaded @tscircuit/via-stitch-solver tarball
 .github/
 .github/workflows/
 .github/workflows/bun-formatcheck.yml
 .github/workflows/bun-test.yml
 .github/workflows/bun-typecheck.yml
 .gitignore
 LICENSE
 README.md
 biome.json
 bunfig.toml
 cosmos.config.json
 examples/
 examples/copper-pour-via-stitching-circuits.tsx
 lib/
 lib/geometry/
 lib/geometry/brep-point-containment.ts
 lib/geometry/circuit-element-obstacles.ts
 lib/index.ts
 lib/solvers/
 lib/solvers/ViaStitchSolver.ts
 lib/types.ts
 package.json
 site/
 site/Welcome.page.tsx
 tests/
 tests/__snapshots__/
 tests/__snapshots__/copper-pour-via-stitching-circuits-qfn32.snap.svg
 tests/__snapshots__/copper-pour-via-stitching-circuits-qfp16.snap.svg
 tests/__snapshots__/copper-pour-via-stitching-circuits-soic16.snap.svg
 tests/__snapshots__/copper-pour-via-stitching-circuits-soic8.snap.svg
 tests/__snapshots__/copper-pour-via-stitching-circuits-tssop20.snap.svg
 tests/__snapshots__/copper-pour-via-stitching.snap.svg
 tests/__snapshots__/polygon-copper-pour-via-stitching-concave.snap.svg
 tests/__snapshots__/polygon-copper-pour-via-stitching-convex.snap.svg
 tests/copper-pour-via-stitching-circuits.test.tsx
 tests/copper-pour-via-stitching.test.tsx
 tests/fixtures/
 tests/fixtures/create-ground-pour-circuit.tsx
 tests/fixtures/preload.ts
 tests/options-validation.test.ts
 tests/polygon-copper-pour-via-stitching.test.tsx
 tsconfig.json
 vercel.json
[@tscircuit/via-stitch-solver] Extract .5bdfb7763ec7f729-00000007.via-stitch-solver (decompressed 60.29 KB tgz file in 400.541us)
[@tscircuit/via-stitch-solver] Extracted to .5bdfb7763ec7f729-00000007.via-stitch-solver (5.749ms)
[PackageManager] waiting for 60 tasks
< 304 Not Modified
< Date: Sat, 03 Oct 2026 22:27:46 GMT
< Connection: keep-alive
< set-cookie: __cf_bm=3cmla9fIMwQqDGRD8gy159VHN7mjUmIE7vaq9TJll34-1791066466.023819-1.0.1.1-mepAZ0gI8xkdq3ZKcg4wHssF.shu4Ya_KQbHGuVOhdLYuw5SE6IjFHPAIFEifkbICdfVKYEQyUY0DUC1e.ZnCdZbXccKn7s0EadXWlQO7Ikk_y50se18tzB4yfNaiLdi; HttpOnly; SameSite=None; Secure; Path=/; Domain=npmjs.org; Expires=Sat, 03 Oct 2026 22:57:46 GMT
< set-cookie: _cfuvid=kO13l5VoWkHa6T29s6hi8u9XNqlfTraawVrDJYO5_.c-1791066466.023819-1.0.1.1-qgOO87N0VPzMv9B7I1fe.FrBD7t7M00UqlK9VaQ_FJw; HttpOnly; SameSite=None; Secure; Path=/; Domain=npmjs.org
< CF-Ray: a44f6044a8359b00-TIA
< CF-Cache-Status: HIT
< Access-Control-Allow-Origin: *
< Cache-Control: public, max-age=300
< ETag: "f46eed63d09dc7866b6a2c6769c21d22"
< Last-Modified: Wed, 14 May 2025 14:56:18 GMT
< Server: cloudflare

[PackageManager] waiting for 59 tasks
    [559.55ms]
Downloaded etag versions
   - "etag": "^1.8.1" - etag@1.8.1
< 304 Not Modified
< Date: Sat, 03 Oct 2026 22:27:46 GMT
< Connection: keep-alive
< set-cookie: __cf_bm=okGNkWEQqKXpYFHhI3NOwvOdeDCMUbcYw6hzr5R9vso-1791066466.5722947-1.0.1.1-UvHz7qFbvFWIBYULoUTgCUNiis0a0y62CrSs.VHlF53KlSd5_SkvTSRgaVyPwR1ep6PfUE2LYXVAvRtklPnsT08lx2f8Mudl13Xu5X1hY3hYkPemP06tRpMqxIGkyB96; HttpOnly; SameSite=None; Secure; Path=/; Domain=npmjs.org; Expires=Sat, 03 Oct 2026 22:57:46 GMT
< set-cookie: _cfuvid=sTFsSP6KlqK5f3OLoPwy1pU0ZDaKBJUGvrG08RORRsA-1791066466.5722947-1.0.1.1-U8j5SSUf.YUN0HHSP0QIiHNzFW7M7.NAer4W2Qq0Vjk; HttpOnly; SameSite=None; Secure; Path=/; Domain=npmjs.org
< CF-Ray: a44f60481f837c08-TIA
< CF-Cache-Status: HIT
< Access-Control-Allow-Origin: *
< Age: 246
< Cache-Control: public, max-age=300
< ETag: "27f95dc40d8ef73edac7567fe39ce7dc"
< Last-Modified: Mon, 27 Jun 2022 06:03:50 GMT
< Server: cloudflare

< 304 Not Modified
< Date: Sat, 03 Oct 2026 22:27:46 GMT
< Connection: keep-alive
< set-cookie: __cf_bm=5EUX8Q2CXRoNoFMmFrLYo0R_cJiVBfHy4T9mSjgfYV4-1791066466.5751107-1.0.1.1-_f5sBKk3Ch.sqdPs.f1RWqLWSX4eGQDKPKNBsCt3mY6jtBsy9aLs12SRbY6snMwt_Suu6Pq9_kF_KsdvK6mAUKM4VfqlJBiXMXcKvHqskm5ZV4z3GHXKAvZqYDnPkUhw; HttpOnly; SameSite=None; Secure; Path=/; Domain=npmjs.org; Expires=Sat, 03 Oct 2026 22:57:46 GMT
< set-cookie: _cfuvid=.qKOCy2Lj8kT_KPB1duBokpswSQvR.DTf_bMiRsQ7QA-1791066466.5751107-1.0.1.1-kwzj0gVf1oLLDYnaOOfffggi_OggqUZX1.PkJZQ260Y; HttpOnly; SameSite=None; Secure; Path=/; Domain=npmjs.org
< CF-Ray: a44f60481bc99b00-TIA
< CF-Cache-Status: HIT
< Access-Control-Allow-Origin: *
< Age: 274
< Cache-Control: public, max-age=300
< ETag: "e6b736f844d0581d8501bfcfa47cc49f"
< Last-Modified: Wed, 22 Jun 2022 16:26:34 GMT
< Server: cloudflare

[PackageManager] waiting for 58 tasks
    [20.52ms]
Downloaded thenify versions
   - "thenify": ">= 3.1.0 < 4" - thenify@3.3.1
    [20.51ms]
Downloaded object-copy versions
   - "object-copy": "^0.1.0" - object-copy@0.1.0
Enqueue package manifest for download: copy-descriptor
> HTTP/1.1 GET https://registry.npmjs.org/copy-descriptor
> If-None-Match: W/"7d4ed8679b60c4556a83d8f92a04fb98"
> Accept: application/vnd.npm.install-v1+json; q=1.0, application/json; q=0.8, */*
> Connection: keep-alive
> User-Agent: Bun/1.3.9
> Host: registry.npmjs.org
> Accept-Encoding: gzip, deflate, br, zstd

< 304 Not Modified
< Date: Sat, 03 Oct 2026 22:27:46 GMT
< Connection: keep-alive
< set-cookie: __cf_bm=1ZFc24HEAsCRVl5r67DIBEHK1ZwJmaB5ZEY9jfgUJag-1791066466.3485403-1.0.1.1-wW2l7ntnwZvWj4OF7LcgMuuf0by9C1F2yUrgTWDCx7vQJ1kv.wOYYv88wHPjMlzfDPM21m84vZBbxS_kzjaNl3_ICC6VvlMlCLPqwvYhek6B4JweIUUGVztjkoL35KdM; HttpOnly; SameSite=None; Secure; Path=/; Domain=npmjs.org; Expires=Sat, 03 Oct 2026 22:57:46 GMT
< set-cookie: _cfuvid=7pUoYsJpgOCDnC.Yv.DKJuRv3WRTYj60P9GygcmmWAw-1791066466.3485403-1.0.1.1-lxx1uCRL1XROByi32AR1KuTZqJDIxJzfePJtRAToo5I; HttpOnly; SameSite=None; Secure; Path=/; Domain=npmjs.org
< CF-Ray: a44f6046ab7da5b3-TIA
< CF-Cache-Status: HIT
< Access-Control-Allow-Origin: *
< Cache-Control: public, max-age=300
< ETag: "ecbeceb5eaff0e161f414d2110db62d8"
< Last-Modified: Wed, 06 Apr 2022 18:23:56 GMT
< Server: cloudflare

< 304 Not Modified
< Date: Sat, 03 Oct 2026 22:27:46 GMT
< Connection: keep-alive
< set-cookie: __cf_bm=qJGHeC_MTqHco4ORDziDE4.OnEEiEPg7Oh6YY87O4TE-1791066466.2146506-1.0.1.1-xF1.IHvfDBuBv3du9T60t5EU6VstaTfB0FgoKxq0AEbKCg6F6Oc_YNyQllT304u73Qr7IazLJSNcCRfPfnHu08mVXXUvBC5B9Y5MyWmmWSL6KUkPe4_CJ2HKiDQH2d6l; HttpOnly; SameSite=None; Secure; Path=/; Domain=npmjs.org; Expires=Sat, 03 Oct 2026 22:57:46 GMT
< set-cookie: _cfuvid=2RXGWMG9F6mgttLflFLvQhzz8vwXH2xWP9TuAqHR964-1791066466.2146506-1.0.1.1-TUYXHnmy4FKKn_Z67t4Xh4YGVTYZvD3c7J.We9YpI2M; HttpOnly; SameSite=None; Secure; Path=/; Domain=npmjs.org
< CF-Ray: a44f6045ddc6f474-TIA
< CF-Cache-Status: HIT
< Access-Control-Allow-Origin: *
< Cache-Control: public, max-age=300
< ETag: "8371dc4701563659dc4c6b3c5cb6f471"
< Last-Modified: Mon, 06 Mar 2023 08:43:24 GMT
< Server: cloudflare

[PackageManager] waiting for 57 tasks
    [252.16ms]
Downloaded @react-hook/passive-layout-effect versions
   - "@react-hook/passive-layout-effect": "^1.2.0" - @react-hook/passive-layout-effect@1.2.1
    [383.13ms]
Downloaded @types/react-router versions
   - "@types/react-router": "*" - @types/react-router@5.1.20
[PackageManager] waiting for 55 tasks
< 304 Not Modified
< Date: Sat, 03 Oct 2026 22:27:46 GMT
< Connection: keep-alive
< set-cookie: __cf_bm=0vLqHqpzlvfN6W5bpTL.UogmwNyb4N8t72y7VHOfqXA-1791066466.5937471-1.0.1.1-7pFdqttwNOTBNAOmtyU3e6Nn_a9UhtBs2Ma0s1f_xmaq84qFrM6VGzS6yfOVOAWsa5UUdJpCX_Onmghi4wf_7FLTj2wqs2FZOgDrALMUZKZpbMgq5ob3UU9sJ7gnhIzb; HttpOnly; SameSite=None; Secure; Path=/; Domain=npmjs.org; Expires=Sat, 03 Oct 2026 22:57:46 GMT
< set-cookie: _cfuvid=ZSuTqJCwdi0PKEYB9BWcbRM8dHFyLNHKMCJPHYZs5ts-1791066466.5937471-1.0.1.1-yvr0UiQgNOxpfXqlceyvWiwXvNtGISG45tFN7HC.rjE; HttpOnly; SameSite=None; Secure; Path=/; Domain=npmjs.org
< CF-Ray: a44f60483bea9b00-TIA
< CF-Cache-Status: HIT
< Access-Control-Allow-Origin: *
< Age: 218
< Cache-Control: public, max-age=300
< ETag: "7d4ed8679b60c4556a83d8f92a04fb98"
< Last-Modified: Mon, 13 Jun 2022 23:15:48 GMT
< Server: cloudflare

[PackageManager] waiting for 55 tasks
    [17.18ms]
Downloaded copy-descriptor versions
   - "copy-descriptor": "^0.1.0" - copy-descriptor@0.1.1
[PackageManager] waiting for 54 tasks
    [867.30ms] Downloaded @tscircuit/implicit-copper-pour-solver tarball
 .github/
 .github/workflows/
 .github/workflows/bun-formatcheck.yml
 .github/workflows/bun-test.yml
 .github/workflows/bun-typecheck.yml
 .gitignore
 LICENSE
 README.md
 biome.json
 bunfig.toml
 cosmos.config.json
 lib/
 lib/geometry.ts
 lib/grid-solver.ts
 lib/implicit-copper-pour-pipeline-solver.ts
 lib/index.ts
 lib/prepare-circuit-json.ts
 lib/simplify-polygon-edges.ts
 lib/types.ts
 lib/visualize.ts
 package.json
 site/
 site/solver.page.tsx
 tests/
 tests/__snapshots__/
 tests/__snapshots__/implicit-copper-pour-pipeline-solver-nrf52810-bottom-layer-after-solve.snap.svg
 tests/__snapshots__/implicit-copper-pour-pipeline-solver-nrf52810-full-board-after-solve.snap.svg
 tests/__snapshots__/implicit-copper-pour-pipeline-solver-nrf52810-full-board-before-solve.snap.svg
 tests/__snapshots__/implicit-copper-pour-pipeline-solver-nrf52810-top-layer-after-solve.snap.svg
 tests/fixtures/
 tests/fixtures/filter-graphics-by-layer.ts
 tests/fixtures/nrf52810-board.ts
 tests/fixtures/nrf52810.json
 tests/fixtures/preload.ts
 tests/fixtures/simple-power-board.ts
 tests/implicit-copper-pour-pipeline-solver.test.ts
 tests/simplify-polygon-edges.test.ts
 tsconfig.json
 vercel.json
 vite.config.ts
[@tscircuit/implicit-copper-pour-solver] Extract .59db27f7bbde7fb4-00000008.implicit-copper-pour-solver (decompressed 183.70 KB tgz file in 616.833us)
[@tscircuit/implicit-copper-pour-solver] Extracted to .59db27f7bbde7fb4-00000008.implicit-copper-pour-solver (8.547ms)
[PackageManager] waiting for 54 tasks
   - "@tscircuit/math-utils": "^0.0.38" - @tscircuit/math-utils@0.0.38
< 304 Not Modified
< Date: Sat, 03 Oct 2026 22:27:46 GMT
< Connection: keep-alive
< set-cookie: __cf_bm=eZjbwwBs71S5ZtogB3Ri_1RbdEEoQ1GEcnjO_wEaaF4-1791066466.438785-1.0.1.1-aOmGMHqZZhEEKXqL.0tr6iBiMGggjn1rjZFSnbkgvTZuu5Ndov9NXgfUX3MaWIn9lL2fiuTHLUPbpsEiJTYSGyH1Qo9gUbFlYJj3y6Thj4z31zTQ0g_gbf0N98l_dWcN; HttpOnly; SameSite=None; Secure; Path=/; Domain=npmjs.org; Expires=Sat, 03 Oct 2026 22:57:46 GMT
< set-cookie: _cfuvid=TBKY12.k_nrcCX1mSfFrMkuX0jAXn_drPX5CHe05.q4-1791066466.438785-1.0.1.1-W.jCCFL9S68Q6APLEg29rT183KqCRfins61p2XDustE; HttpOnly; SameSite=None; Secure; Path=/; Domain=npmjs.org
< CF-Ray: a44f60473f5cf474-TIA
< CF-Cache-Status: HIT
< Access-Control-Allow-Origin: *
< Cache-Control: public, max-age=300
< ETag: "11f1f3abb112c965d1bdc9266a1170a8"
< Last-Modified: Fri, 21 Feb 2025 12:54:45 GMT
< Server: cloudflare

< 304 Not Modified
< Date: Sat, 03 Oct 2026 22:27:46 GMT
< Connection: keep-alive
< set-cookie: __cf_bm=rGrVbVKC7UT6lxBaBwrtU7iCBcYekwGOQrTHje1sD0U-1791066466.4388254-1.0.1.1-Al0uApdZJfnkP1slRjLbxL8UUM93a1Gr.nWDDJsvzRQa6oEmmH_NRQpi4F0BbQcTbSiwG0jIT8CnKt_TVR6lqEgJ8AZEy3nxmkTRxyrbrO8M1OcFdocTV_BXDTkD9ojC; HttpOnly; SameSite=None; Secure; Path=/; Domain=npmjs.org; Expires=Sat, 03 Oct 2026 22:57:46 GMT
< set-cookie: _cfuvid=.ubdpnOZFSu2YKmYlKTV5jAUJkiefnv5q2KtbAdm2XA-1791066466.4388254-1.0.1.1-DWeLKhXchLrYPdxlniIKSHQJh8n8j2hnU9c77z9ThNg; HttpOnly; SameSite=None; Secure; Path=/; Domain=npmjs.org
< CF-Ray: a44f60473ef45f50-TIA
< CF-Cache-Status: HIT
< Access-Control-Allow-Origin: *
< Cache-Control: public, max-age=300
< ETag: "cc45ab8be3932a6111c366432b315f10"
< Last-Modified: Fri, 02 Oct 2026 16:33:14 GMT
< Server: cloudflare

[PackageManager] waiting for 53 tasks
    [286.05ms]
Downloaded rc versions
   - "rc": "^1.2.7" - rc@1.2.8
    [286.33ms]
Downloaded tar-stream versions
   - "tar-stream": "^3.1.5" - tar-stream@3.2.2
   - "tar-stream": "^2.1.4" - tar-stream@2.2.0
Enqueue package manifest for download: ini
Enqueue package manifest for download: deep-extend
Enqueue package manifest for download: strip-json-comments
Enqueue package manifest for download: bl
Enqueue package manifest for download: fs-constants
   - "readable-stream": "^3.1.1" - readable-stream@3.6.2
[PackageManager] waiting for 56 tasks
> HTTP/1.1 GET https://registry.npmjs.org/ini
> If-None-Match: W/"278eeb9d0b5c492f74eb38aa0431e707"
> Accept: application/vnd.npm.install-v1+json; q=1.0, application/json; q=0.8, */*
> Connection: keep-alive
> User-Agent: Bun/1.3.9
> Host: registry.npmjs.org
> Accept-Encoding: gzip, deflate, br, zstd

> HTTP/1.1 GET https://registry.npmjs.org/deep-extend
> If-None-Match: W/"905bd27877823e39333c4bccf5a399b6"
> Accept: application/vnd.npm.install-v1+json; q=1.0, application/json; q=0.8, */*
> Connection: keep-alive
> User-Agent: Bun/1.3.9
> Host: registry.npmjs.org
> Accept-Encoding: gzip, deflate, br, zstd

> HTTP/1.1 GET https://registry.npmjs.org/strip-json-comments
> If-None-Match: W/"77c90a27b9fe4c9c3f19ea0c2bedc5d9"
> Accept: application/vnd.npm.install-v1+json; q=1.0, application/json; q=0.8, */*
> Connection: keep-alive
> User-Agent: Bun/1.3.9
> Host: registry.npmjs.org
> Accept-Encoding: gzip, deflate, br, zstd

> HTTP/1.1 GET https://registry.npmjs.org/bl
> If-None-Match: W/"8834631110c3eec7feaad61180bffb22"
> Accept: application/vnd.npm.install-v1+json; q=1.0, application/json; q=0.8, */*
> Connection: keep-alive
> User-Agent: Bun/1.3.9
> Host: registry.npmjs.org
> Accept-Encoding: gzip, deflate, br, zstd

> HTTP/1.1 GET https://registry.npmjs.org/fs-constants
> If-None-Match: W/"437b0efeb9c881617bbf6dc14270ac57"
> Accept: application/vnd.npm.install-v1+json; q=1.0, application/json; q=0.8, */*
> Connection: keep-alive
> User-Agent: Bun/1.3.9
> Host: registry.npmjs.org
> Accept-Encoding: gzip, deflate, br, zstd

< 304 Not Modified
< Date: Sat, 03 Oct 2026 22:27:46 GMT
< Connection: keep-alive
< set-cookie: __cf_bm=s8Y.sK9UqvzA3QtW6KlRq6SYDRWnLS0EIzLKzzylIlY-1791066466.4390547-1.0.1.1-iZcYMeBR2cOghA2TholBjvd.yq3lS7QWRB6RtlbnrKPSVCTc9yiH44ixXkFSEIbHqU7g1qsB0HQv9R2o1zJYspDWjAzQ8e69tqSV3BjdEn91HC3YBrNnwl17j9sT8cF8; HttpOnly; SameSite=None; Secure; Path=/; Domain=npmjs.org; Expires=Sat, 03 Oct 2026 22:57:46 GMT
< set-cookie: _cfuvid=jWQhemO.PO42RQxgfMeUrb.bWBVRQAStYIii9KDj.ew-1791066466.4390547-1.0.1.1-3gME2HQKXsdkxrBh2e23y8UGdg3jZIlAgsEbEHe_p.U; HttpOnly; SameSite=None; Secure; Path=/; Domain=npmjs.org
< CF-Ray: a44f60473ec77c08-TIA
< CF-Cache-Status: HIT
< Access-Control-Allow-Origin: *
< Cache-Control: public, max-age=300
< ETag: "49d16db3cd5fb68edd66004a59e09daf"
< Last-Modified: Sun, 26 Jun 2022 18:21:27 GMT
< Server: cloudflare

[PackageManager] waiting for 56 tasks
    [200.55ms]
Downloaded setprototypeof versions
< 304 Not Modified
< Date: Sat, 03 Oct 2026 22:27:46 GMT
< Connection: keep-alive
< set-cookie: __cf_bm=pGM60IhvrbOOnp39CSaCRCOEqawhz2l2WskOgdrnrLg-1791066466.4389157-1.0.1.1-TF74hS.NtA2ABhO1gxsZ_8YQPrVWUZEsaXk_8T5D62s3qLj3cMxoDjxecndPp9cjYVyHh7t6b5NKfGTq.RmQk9PtG2XnDBiKq.8WGikC0fTohGNmU7sdQVM77aMNe8Vu; HttpOnly; SameSite=None; Secure; Path=/; Domain=npmjs.org; Expires=Sat, 03 Oct 2026 22:57:46 GMT
< set-cookie: _cfuvid=9iil69w_eFG3480O28AD9WDZgBv8p9N1VOH2Ue_JQNg-1791066466.4389157-1.0.1.1-dmuT13KoVcp5ol4duXsiiIlTaEjSjbr_VZqYrrmV3c4; HttpOnly; SameSite=None; Secure; Path=/; Domain=npmjs.org
< CF-Ray: a44f60473f5df474-TIA
< CF-Cache-Status: HIT
< Access-Control-Allow-Origin: *
< Cache-Control: public, max-age=300
< ETag: "4968cd376b56e28362541708f07ea1b1"
< Last-Modified: Mon, 29 Jun 2026 16:00:21 GMT
< Server: cloudflare

   - "setprototypeof": "~1.2.0" - setprototypeof@1.2.0
[PackageManager] waiting for 55 tasks
< 304 Not Modified
< Date: Sat, 03 Oct 2026 22:27:46 GMT
< Connection: keep-alive
< set-cookie: __cf_bm=shfpDJwat6I4BwzoRJwPMHqXcRVoNyxQUq4MwOM.m88-1791066466.4403694-1.0.1.1-PUy5yAeJAQMCerRUc.MoCgkA47PZiCmW7vPdfFCmJavE_UJ.9j2YE94a65XXIfjeU9_JlFmNqweXGTV0RN8.Qc.iVz_11Hx1106JUqOT.gU4yb7ZoIByurzd8fBIjRYT; HttpOnly; SameSite=None; Secure; Path=/; Domain=npmjs.org; Expires=Sat, 03 Oct 2026 22:57:46 GMT
< set-cookie: _cfuvid=hsWzikwjpYcYGF.9a9Ix71DHwDnvxPvqAC1n31HNxEg-1791066466.4403694-1.0.1.1-VofahOijVnGyTviD5PiW3q2slORwaPn.6eWVVcEztow; HttpOnly; SameSite=None; Secure; Path=/; Domain=npmjs.org
< CF-Ray: a44f60473ec87c08-TIA
< CF-Cache-Status: HIT
< Access-Control-Allow-Origin: *
< Cache-Control: public, max-age=300
< ETag: "580ec3f441feca374f874c0d63e35022"
< Last-Modified: Fri, 06 Mar 2026 07:15:55 GMT
< Server: cloudflare

    [200.67ms]
Downloaded decode-uri-component versions
< 304 Not Modified
< Date: Sat, 03 Oct 2026 22:27:46 GMT
< Connection: keep-alive
< set-cookie: __cf_bm=uWDERZ1eEUIGMqYQjJGgppXTP0Hk5walZ1QiCTmUvDg-1791066466.438983-1.0.1.1-ALOxBeyia99jCLlJG6Lzzazoe0QCMbrffcs.Sdw1skkif.8P10O7fYTAPA2W8o621S.TiSFc6TQE.ljtN9DbfVo2yQx2MeTWLBRykZGZPUxNKNEUHro1t0OFp2T_tKEk; HttpOnly; SameSite=None; Secure; Path=/; Domain=npmjs.org; Expires=Sat, 03 Oct 2026 22:57:46 GMT
< set-cookie: _cfuvid=t_8noJhxk4DPU6ljDfhNNFJf3TpJTUPuReB8gSFeV90-1791066466.438983-1.0.1.1-zsowzXXsOzIBravmtW.J_6iWFZ6GGShjUkP0Iz.EVxw; HttpOnly; SameSite=None; Secure; Path=/; Domain=npmjs.org
< CF-Ray: a44f60473f5ef474-TIA
< CF-Cache-Status: HIT
< Access-Control-Allow-Origin: *
< Cache-Control: public, max-age=300
< ETag: "2eaaabc9adf4286d5241e33464e87fa9"
< Last-Modified: Sun, 22 May 2022 00:38:36 GMT
< Server: cloudflare

< 304 Not Modified
< Date: Sat, 03 Oct 2026 22:27:46 GMT
< Connection: keep-alive
< set-cookie: __cf_bm=x9i8d7vkSzm101esZ42oJrFeSPWoXen.k9kOE_ssL_s-1791066466.4390664-1.0.1.1-dkLIPlw.NJWL9K0MdlAy286OJItbPUQg2fKcOVW4mDMoG_imGJ72AU1KPZtsqw.q8aXo609P0ngB6lxPWv5zV31cyS2RwsHE3DbGRxQ6Kp68RM.NeFwpT_fWGXJohUtQ; HttpOnly; SameSite=None; Secure; Path=/; Domain=npmjs.org; Expires=Sat, 03 Oct 2026 22:57:46 GMT
< set-cookie: _cfuvid=KGxT4Yxs9zQgpCVNQHoSp4CVHQNXM1BQPYUStNPlP4M-1791066466.4390664-1.0.1.1-gh40duRxzfcqroKQueOi2uown4N_ziSIXSbeC9dSq2Y; HttpOnly; SameSite=None; Secure; Path=/; Domain=npmjs.org
< CF-Ray: a44f60473f5ff474-TIA
< CF-Cache-Status: HIT
< Access-Control-Allow-Origin: *
< Cache-Control: public, max-age=300
< ETag: "858a3c023e0c32f1ec8c392341c38b9f"
< Last-Modified: Mon, 27 May 2024 10:48:45 GMT
< Server: cloudflare

   - "decode-uri-component": "^0.5.0" - decode-uri-component@0.5.0
   - "decode-uri-component": "^0.2.0" - decode-uri-component@0.2.2
[PackageManager] waiting for 54 tasks
    [290.23ms]
Downloaded minimist versions
< 304 Not Modified
< Date: Sat, 03 Oct 2026 22:27:46 GMT
< Connection: keep-alive
< set-cookie: __cf_bm=_TxrW6RhOTJbvpVq5tgqVWlJS7f13bmPZNQOik9kqdM-1791066466.4445682-1.0.1.1-Ye.wkEX.xsF1oGwXMavh.tKo9.J9cid82zLv20vIeEiIcGukXAn07mJiss3hLVsgmNzWXWpFue4a3cgqGKEQgqJIua0RL05dwH0DSvf.9wZYGvh2V6BHevoOmPmRoRBU; HttpOnly; SameSite=None; Secure; Path=/; Domain=npmjs.org; Expires=Sat, 03 Oct 2026 22:57:46 GMT
< set-cookie: _cfuvid=j7b55xcy4Qv3iD5Oiu4gxd_MlBOVWBm1p3q54bfq2U0-1791066466.4445682-1.0.1.1-KgDQSXKExPG2fzmyUgUDB4Z_bOgHkzzeQv4veTrR77I; HttpOnly; SameSite=None; Secure; Path=/; Domain=npmjs.org
< CF-Ray: a44f60474efa5f50-TIA
< CF-Cache-Status: HIT
< Access-Control-Allow-Origin: *
< Cache-Control: public, max-age=300
< ETag: "2ac1d333ab102b872ea4e32867eea252"
< Last-Modified: Wed, 09 Sep 2026 14:06:06 GMT
< Server: cloudflare

   - "minimist": "^1.2.3" - minimist@1.2.8
    [200.70ms]
Downloaded toidentifier versions
< 304 Not Modified
< Date: Sat, 03 Oct 2026 22:27:46 GMT
< Connection: keep-alive
< set-cookie: __cf_bm=RH_M63eACT7LTsv72o.41Jx6JQz3JthwPOhr1FrXBHY-1791066466.444727-1.0.1.1-dnIJnHBNlkErX86H4G2Do6md7qU7jgsxWvwrOxJFo_8A_KakHJx7slms7TFf8pxQuZRYuIzepQJWEcAG8nXbd7C_dwHWpd0idGAd2HbGNz2aYXKNJaXxtQoqXvzoI8MV; HttpOnly; SameSite=None; Secure; Path=/; Domain=npmjs.org; Expires=Sat, 03 Oct 2026 22:57:46 GMT
< set-cookie: _cfuvid=EFO67SeZMDPyM42G5V2OMNTNsTIHlH70yZ4BIWiboQg-1791066466.444727-1.0.1.1-ZDzyhx9nrR9PscU4zWioUwgAK.z5E15NjQy8z3y4EvM; HttpOnly; SameSite=None; Secure; Path=/; Domain=npmjs.org
< CF-Ray: a44f60474d25793f-TIA
< CF-Cache-Status: HIT
< Access-Control-Allow-Origin: *
< Cache-Control: public, max-age=300
< ETag: "7bf25325d71a5528510e58189640e437"
< Last-Modified: Mon, 10 Jul 2023 23:17:18 GMT
< Server: cloudflare

   - "toidentifier": "~1.0.1" - toidentifier@1.0.1
    [200.78ms]
Downloaded filter-obj versions
< 304 Not Modified
< Date: Sat, 03 Oct 2026 22:27:46 GMT
< Connection: keep-alive
< set-cookie: __cf_bm=Irh.LLibxYZJ1IGMfgGVD91xJHxI39C8sqE9VmBEePI-1791066466.438858-1.0.1.1-U_CfczNLJhYeHybOpwQ4CsnYdz0s4q2wRqpruOiBniljjAFGw9xmQpLoBi2.ts1lAQdpbSzZfhvJcLDtbTRC6qLNarvBc_696V5oIr_JoK1gjpOdN7xeEFn3lQDgt2aU; HttpOnly; SameSite=None; Secure; Path=/; Domain=npmjs.org; Expires=Sat, 03 Oct 2026 22:57:46 GMT
< set-cookie: _cfuvid=xCJ7jB0.0piJKrJT9bARvcHsrYEEXF.uMwPfbrrR480-1791066466.438858-1.0.1.1-FR.earNDPhS7z_9jPUVahOh8b0VdMMkQ9Y7npr0mAK0; HttpOnly; SameSite=None; Secure; Path=/; Domain=npmjs.org
< CF-Ray: a44f60473e5e51a4-TIA
< CF-Cache-Status: HIT
< Access-Control-Allow-Origin: *
< Cache-Control: public, max-age=300
< ETag: "f38dab1300fd821a6b0448448ae5d299"
< Last-Modified: Sat, 13 Sep 2025 16:19:22 GMT
< Server: cloudflare

   - "filter-obj": "^5.1.0" - filter-obj@5.1.0
[PackageManager] waiting for 51 tasks
    [199.61ms]
Downloaded binary-extensions versions
   - "binary-extensions": "^1.0.0" - binary-extensions@1.13.1
   - "binary-extensions": "^2.0.0" - binary-extensions@2.3.0
    [198.97ms]
Downloaded bindings versions
   - "bindings": "^1.5.0" - bindings@1.5.0
    [290.45ms]
Downloaded simple-swizzle versions
   - "simple-swizzle": "^0.2.2" - simple-swizzle@0.2.4
   - "file-uri-to-path": "1.0.0" - file-uri-to-path@1.0.0
Enqueue package manifest for download: is-arrayish
> HTTP/1.1 GET https://registry.npmjs.org/is-arrayish
> If-None-Match: W/"e8d5e1087d512e8e39867501d54c7bae"
> Accept: application/vnd.npm.install-v1+json; q=1.0, application/json; q=0.8, */*
> Connection: keep-alive
> User-Agent: Bun/1.3.9
> Host: registry.npmjs.org
> Accept-Encoding: gzip, deflate, br, zstd

< 304 Not Modified
< Date: Sat, 03 Oct 2026 22:27:46 GMT
< Connection: keep-alive
< set-cookie: __cf_bm=LDWdrleKIRHvipQ6.aIeQ9LOnlO6.CDidQr5.7YjkNQ-1791066466.444771-1.0.1.1-VO5.WpARvxchZ4d4R8lCHMzwG8F9n8gx0CKRiDFuKvnTHEK5LuHR6JiZx69OAME7IycrxBqhKO2TjC1PELsbOquH1saolUkBSgCrwqVE9UAIBW9E8c1O6CWSwBWuo.0d; HttpOnly; SameSite=None; Secure; Path=/; Domain=npmjs.org; Expires=Sat, 03 Oct 2026 22:57:46 GMT
< set-cookie: _cfuvid=IR5TpUOCXC13qoT_2aa1aoEdTNZaYVJ7w7w65Kjxy9o-1791066466.444771-1.0.1.1-MhUX9qRm5814OURjHB8FSxIuA.O1SHideZaceZVUq5c; HttpOnly; SameSite=None; Secure; Path=/; Domain=npmjs.org
< CF-Ray: a44f60474ed57c08-TIA
< CF-Cache-Status: HIT
< Access-Control-Allow-Origin: *
< Cache-Control: public, max-age=300
< ETag: "50892cdfd63258e0b3742b04934da3d8"
< Last-Modified: Sun, 19 Jun 2022 19:59:37 GMT
< Server: cloudflare

[PackageManager] waiting for 49 tasks
< 304 Not Modified
< Date: Sat, 03 Oct 2026 22:27:46 GMT
< Connection: keep-alive
< set-cookie: __cf_bm=I0My4x18YMvrB0UBCuMU6GFSfkGz7bPlNar_ZpmsPak-1791066466.4447644-1.0.1.1-KTTzVxIfHz7LOLCtIxEU3G3TKYV43MMn4uBkmRfu8T0zApaNlcy85OLlsZHsZ4fgyyu0YfZieuxtda_KR4d5lTImUXjRx9rg1176agy5uXGz2Gd49YQ.LR6JowWGsYx5; HttpOnly; SameSite=None; Secure; Path=/; Domain=npmjs.org; Expires=Sat, 03 Oct 2026 22:57:46 GMT
< set-cookie: _cfuvid=uCm4DJGUQQlS_3HfyYZVsa1t4lTwpy06zHZ2Sd3rqWY-1791066466.4447644-1.0.1.1-OLRVUN6WgqUuHrVURNvPtDyXnbVqULfwwVOzxotp4UQ; HttpOnly; SameSite=None; Secure; Path=/; Domain=npmjs.org
< CF-Ray: a44f60474c04a5b3-TIA
< CF-Cache-Status: HIT
< Access-Control-Allow-Origin: *
< Cache-Control: public, max-age=300
< ETag: "da7e949c4ef4b72a0aa8338d6ee5d5dd"
< Last-Modified: Fri, 21 Aug 2026 09:36:35 GMT
< Server: cloudflare

    [201.12ms]
Downloaded mimic-response versions
< 304 Not Modified
< Date: Sat, 03 Oct 2026 22:27:46 GMT
< Connection: keep-alive
< set-cookie: __cf_bm=BwvdzegjUSbDUibrXVAKU2pGqM4K5EMgz_zElQZMarU-1791066466.444885-1.0.1.1-HzZOHocOT0UDJFLUki5GN0HuF0AbIzauC4tR31Abv5JlIaxPDblO.g0LETDWH1y5_6tzvN5bp9iv9fuH.SaD9j9FsdE0AJ80aty9o.IpK9QuTm5ZIUKmNk41PeW.2q7R; HttpOnly; SameSite=None; Secure; Path=/; Domain=npmjs.org; Expires=Sat, 03 Oct 2026 22:57:46 GMT
< set-cookie: _cfuvid=06me5X7Lnd.oXqCBjBp2N57K9y9NicBmvl4wZCoG0pk-1791066466.444885-1.0.1.1-AfYogim3hLim7s4F.ydZys3VfjmJsS1FlOjLLVmiLtU; HttpOnly; SameSite=None; Secure; Path=/; Domain=npmjs.org
< CF-Ray: a44f60474f64f474-TIA
< CF-Cache-Status: HIT
< Access-Control-Allow-Origin: *
< Cache-Control: public, max-age=300
< ETag: "11c485b5a7aca9b5e55d812824453695"
< Last-Modified: Thu, 22 Jun 2023 16:34:10 GMT
< Server: cloudflare

   - "mimic-response": "^3.1.0" - mimic-response@3.1.0
< 304 Not Modified
< Date: Sat, 03 Oct 2026 22:27:46 GMT
< Connection: keep-alive
< set-cookie: __cf_bm=JMSU84dyF2oG1WizZHL50FAJeRJw7ISNqGb34DSLncM-1791066466.4446688-1.0.1.1-uTlvDjUh5tFxkSVjY9ArFks6mjxa3GOSc09i0DCGI9oR_0SpvAeICUpGeneE86lPLXYb4_SDLztkAhCeh2x5FWDokzrBGcSk_lWUtNxccC8HQau1AwS7vuPVBqHL0EBf; HttpOnly; SameSite=None; Secure; Path=/; Domain=npmjs.org; Expires=Sat, 03 Oct 2026 22:57:46 GMT
< set-cookie: _cfuvid=L2uFkAlHKJP1N3AFPpZEq9XcNAUZigdoe76qQQQX4Mw-1791066466.4446688-1.0.1.1-zxLNtfIdaUQv9UxAuwx3Vh5dsKU4YrQIBYnkhA4fiuU; HttpOnly; SameSite=None; Secure; Path=/; Domain=npmjs.org
< CF-Ray: a44f60474f66f474-TIA
< CF-Cache-Status: HIT
< Access-Control-Allow-Origin: *
< Cache-Control: public, max-age=300
< ETag: "6bfa918f7629edc153cef3ed23b8373d"
< Last-Modified: Thu, 22 Jun 2023 16:32:25 GMT
< Server: cloudflare

[PackageManager] waiting for 48 tasks
< 304 Not Modified
< Date: Sat, 03 Oct 2026 22:27:46 GMT
< Connection: keep-alive
< set-cookie: __cf_bm=QL1Ow4KmHWyBem2HUfEOpZC9BwSLD5HfIPkDpOQsEIs-1791066466.4446511-1.0.1.1-2OKbTLZZY7YTp_Fx4KLcP_SXDj0JCrSvxB9WpEd0kACH1vvXc7APmfOetr.3lqXtHxAAQEOUmVKeKoBT62SxGteS_AmSzEL8GBw5TiawrqFIEfI6ejgs74NDVh7zKb.K; HttpOnly; SameSite=None; Secure; Path=/; Domain=npmjs.org; Expires=Sat, 03 Oct 2026 22:57:46 GMT
< set-cookie: _cfuvid=N3roxkT2jI_lYAPKAv9VHb3o8Qg3iKesW5rApzlWYq0-1791066466.4446511-1.0.1.1-Un30bprKlFJqI7RWvmyz_ZA81b2jqUimzjMBB9bOWL0; HttpOnly; SameSite=None; Secure; Path=/; Domain=npmjs.org
< CF-Ray: a44f60474d24793f-TIA
< CF-Cache-Status: HIT
< Access-Control-Allow-Origin: *
< Cache-Control: public, max-age=300
< ETag: "836091fc5689b61a33c991cb387a361a"
< Last-Modified: Sun, 26 Jun 2022 11:12:37 GMT
< Server: cloudflare

    [196.77ms]
Downloaded isobject versions
   - "isobject": "^3.0.1" - isobject@3.0.1
    [201.15ms]
Downloaded wrappy versions
   - "wrappy": "1" - wrappy@1.0.2
    [196.80ms]
Downloaded is-extglob versions
   - "is-extglob": "^2.1.1" - is-extglob@2.1.1
[PackageManager] waiting for 45 tasks
    [201.94ms]
Downloaded rename-keys versions
   - "rename-keys": "^1.1.2" - rename-keys@1.2.0
< 304 Not Modified
< Date: Sat, 03 Oct 2026 22:27:46 GMT
< Connection: keep-alive
< set-cookie: __cf_bm=oRqQpyOKQocRVgU4FECtZW2P.ZhAbXP28pS3Tj6A0M8-1791066466.4447544-1.0.1.1-d3MmF5i6q6vLvZXqSl9Ax_2M6esZkttT41B48KWxTkm2nbWYcrRVWVsspVj3UaEpBbgKlm47ukkWesE9fhu.XPE_djvqEtPZWWS7RGIVXW4KV4U6LZEQ0WNt4g.HduSf; HttpOnly; SameSite=None; Secure; Path=/; Domain=npmjs.org; Expires=Sat, 03 Oct 2026 22:57:46 GMT
< set-cookie: _cfuvid=WlQtxa7Xb3SNcL5fruqXlOARh3nwZIIOhxAUrMrRmrM-1791066466.4447544-1.0.1.1-TQI0Rjt33ZNa1fRWb_TVdHblE0LB7iVCa_9lNjMycdw; HttpOnly; SameSite=None; Secure; Path=/; Domain=npmjs.org
< CF-Ray: a44f60474efb5f50-TIA
< CF-Cache-Status: HIT
< Access-Control-Allow-Origin: *
< Cache-Control: public, max-age=300
< ETag: "10a46be80647fac0cac4b999698e39fa"
< Last-Modified: Mon, 14 Sep 2026 09:58:32 GMT
< Server: cloudflare

< 304 Not Modified
< Date: Sat, 03 Oct 2026 22:27:46 GMT
< Connection: keep-alive
< set-cookie: __cf_bm=LWeOETAhJusFoqkFptCoXhFXRlFtPO6YOg5hZ8dm4sQ-1791066466.4446318-1.0.1.1-iSH2vdSDTuz.0t8K1TRWWusaKtJMh8nJXuUWm7xiYAlYr_3MyoVZQuy_2dzXl518QCKJY6ojxLqmcA9rNu0gL01.dW4qLOeDcsktuXJBNB_4IOV0keR1yEzfBITs_ufr; HttpOnly; SameSite=None; Secure; Path=/; Domain=npmjs.org; Expires=Sat, 03 Oct 2026 22:57:46 GMT
< set-cookie: _cfuvid=PdhOa3_ou4gfbfF4t8pUY5hhh3jCdnz58QrrovOww50-1791066466.4446318-1.0.1.1-5wuKAk9hnhy__p64Q3AzTsR6KxlX20CeDrzFQWOoCvE; HttpOnly; SameSite=None; Secure; Path=/; Domain=npmjs.org
< CF-Ray: a44f60474ed27c08-TIA
< CF-Cache-Status: HIT
< Access-Control-Allow-Origin: *
< Cache-Control: public, max-age=300
< ETag: "69ae75c7bda0b018b75e4898a6beeb39"
< Last-Modified: Wed, 12 Jul 2023 19:12:23 GMT
< Server: cloudflare

< 304 Not Modified
< Date: Sat, 03 Oct 2026 22:27:46 GMT
< Connection: keep-alive
< set-cookie: __cf_bm=7XlV6YBnayZsJXp6FdVvrdGqHlRMzVIW6jq.Z80EKEQ-1791066466.4451046-1.0.1.1-7Fh7QRA_VPmBNeuBy6AgwkWPt9f9UKFZPN6.DSAqHq0gwcGY_fAU4svxTcGneU7wIXuhm5mCOA1OQIxnCNGGs6NNahuJjzsWrVfdrW807Pbfdke1TbYvJhH7HByeudpW; HttpOnly; SameSite=None; Secure; Path=/; Domain=npmjs.org; Expires=Sat, 03 Oct 2026 22:57:46 GMT
< set-cookie: _cfuvid=AI7Zu4SEp.IbEN30KiSCs0t.RgPAN74OBnUfNo58_Fw-1791066466.4451046-1.0.1.1-VsVo.11pdlVpUDY0xR.C1E6RZ3jjcV1xf8ajWVq3Xxw; HttpOnly; SameSite=None; Secure; Path=/; Domain=npmjs.org
< CF-Ray: a44f60474ed77c08-TIA
< CF-Cache-Status: HIT
< Access-Control-Allow-Origin: *
< Cache-Control: public, max-age=300
< ETag: "b194630aeec54a029e728d4fa14d32bc"
< Last-Modified: Mon, 27 Jun 2022 07:24:37 GMT
< Server: cloudflare

[PackageManager] waiting for 44 tasks
    [205.21ms]
Downloaded nan versions
   - "nan": "^2.12.1" - nan@2.29.0
    [205.52ms]
Downloaded kind-of versions
   - "kind-of": "^3.0.2" - kind-of@3.2.2
   - "kind-of": "^6.0.2" - kind-of@6.0.3
    [200.36ms]
Downloaded to-regex versions
   - "to-regex": "^3.0.1" - to-regex@3.0.2
Enqueue package manifest for download: is-buffer
Enqueue package manifest for download: safe-regex
[PackageManager] waiting for 43 tasks
> HTTP/1.1 GET https://registry.npmjs.org/is-buffer
> If-None-Match: W/"01b0f5b00e3e21f9f2949d1c51ee617b"
> Accept: application/vnd.npm.install-v1+json; q=1.0, application/json; q=0.8, */*
> Connection: keep-alive
> User-Agent: Bun/1.3.9
> Host: registry.npmjs.org
> Accept-Encoding: gzip, deflate, br, zstd

> HTTP/1.1 GET https://registry.npmjs.org/safe-regex
> If-None-Match: W/"c7654ab1cdb396151856bbb01c4152f2"
> Accept: application/vnd.npm.install-v1+json; q=1.0, application/json; q=0.8, */*
> Connection: keep-alive
> User-Agent: Bun/1.3.9
> Host: registry.npmjs.org
> Accept-Encoding: gzip, deflate, br, zstd

< 304 Not Modified
< Date: Sat, 03 Oct 2026 22:27:46 GMT
< Connection: keep-alive
< set-cookie: __cf_bm=x7mTniU8YZiEfX2OWTcok.lw9C6hrACH2B6hrYfGI6c-1791066466.4505382-1.0.1.1-mzF0nCQtrROwY_k4avMFxbo9fccxuKc4jiKJ4Ml8VNa.PtKGrGAGADURmF.s9LX9IBbO1aqBQ.XkSZutw_ex6vvflD5VLy2cUlGiVfTBvyEoSADMLK1b0k13U1JxLEO6; HttpOnly; SameSite=None; Secure; Path=/; Domain=npmjs.org; Expires=Sat, 03 Oct 2026 22:57:46 GMT
< set-cookie: _cfuvid=3Ia1qXRTmt07vKl9SIWdqJvaJQrh_rHudK.tB4sXcCs-1791066466.4505382-1.0.1.1-5kGoEQXmgnKOhfOVNqjJzyN.3UDRVVT4tiU24dvPdco; HttpOnly; SameSite=None; Secure; Path=/; Domain=npmjs.org
< CF-Ray: a44f60474aef9b00-TIA
< CF-Cache-Status: HIT
< Access-Control-Allow-Origin: *
< Cache-Control: public, max-age=300
< ETag: "2fccbe11278ecf8d0d2966b07d3143f4"
< Last-Modified: Wed, 27 May 2026 19:50:32 GMT
< Server: cloudflare

[PackageManager] waiting for 43 tasks
    [201.66ms]
Downloaded fill-range versions
< 304 Not Modified
< Date: Sat, 03 Oct 2026 22:27:46 GMT
< Connection: keep-alive
< set-cookie: __cf_bm=TtC4qSyKtbCZZCTTD9PXPesJY4SWyt5YsAIV3AuBALA-1791066466.4508293-1.0.1.1-foAe3aXqMknEaCDv4nVgmTUN8wkqb1gbG9Epj.KY76hYe9YZKHNHXlVO4kIXvZwJuSzhw466etGof3n8JNosTQEnsENtf8U51c4GveoAT5kF.TqFmT3NnUq2mnhwPC.o; HttpOnly; SameSite=None; Secure; Path=/; Domain=npmjs.org; Expires=Sat, 03 Oct 2026 22:57:46 GMT
< set-cookie: _cfuvid=Rj43WsHKoGsTDsTxFm4HU8fXRH9hB8cTNJHhNUTMnJ8-1791066466.4508293-1.0.1.1-5ysyIQ9Q88P6SwEJAAoY80bOaZhA4HOX06JX9zrE.VY; HttpOnly; SameSite=None; Secure; Path=/; Domain=npmjs.org
< CF-Ray: a44f60475e7251a4-TIA
< CF-Cache-Status: HIT
< Access-Control-Allow-Origin: *
< Cache-Control: public, max-age=300
< ETag: "72ab5338cde20acdcd90586bedadcb1e"
< Last-Modified: Mon, 13 Jun 2022 03:29:01 GMT
< Server: cloudflare

< 304 Not Modified
< Date: Sat, 03 Oct 2026 22:27:46 GMT
< Connection: keep-alive
< set-cookie: __cf_bm=lKClgzmdgsuaRBOkuspoSO5iJCXmtf7ULJtP0qM61rE-1791066466.450701-1.0.1.1-aCXPZFtB0gO6eASHTFoEkay83B5gsx.gBygL_UzdK61Is0aBPach6mN8v4KwQpTiZvPOoNNvAdqR7r8XCdJbkg4TjWniN8eX_EdD55dquv4VKpcERnRw65bMX9XTs4ES; HttpOnly; SameSite=None; Secure; Path=/; Domain=npmjs.org; Expires=Sat, 03 Oct 2026 22:57:46 GMT
< set-cookie: _cfuvid=ylfzG5TmJrggRIghEo7VS5F.ZA2J8BDvDgkIXCnlY2A-1791066466.450701-1.0.1.1-Gk8KVdOGX3O5xorXF8YTZ_fNSaZPRZE0YMDI_rzVeKg; HttpOnly; SameSite=None; Secure; Path=/; Domain=npmjs.org
< CF-Ray: a44f60475d5ebd99-TIA
< CF-Cache-Status: HIT
< Access-Control-Allow-Origin: *
< Cache-Control: public, max-age=300
< ETag: "90fb91fe8df0fbc13f25322280f5d12f"
< Last-Modified: Wed, 12 Jul 2023 19:15:55 GMT
< Server: cloudflare

   - "fill-range": "^4.0.0" - fill-range@4.0.0
   - "fill-range": "^7.1.1" - fill-range@7.1.1
Enqueue package manifest for download: is-number
Enqueue package manifest for download: repeat-string
Enqueue package manifest for download: to-regex-range
[PackageManager] waiting for 45 tasks
    [201.55ms]
Downloaded array-unique versions
   - "array-unique": "^0.3.2" - array-unique@0.3.2
    [201.44ms]
Downloaded split-string versions
   - "split-string": "^3.0.2" - split-string@3.1.0
> HTTP/1.1 GET https://registry.npmjs.org/is-number
> If-None-Match: W/"47deffbfb71a701056c86b6f4e7acfd8"
> Accept: application/vnd.npm.install-v1+json; q=1.0, application/json; q=0.8, */*
> Connection: keep-alive
> User-Agent: Bun/1.3.9
> Host: registry.npmjs.org
> Accept-Encoding: gzip, deflate, br, zstd

> HTTP/1.1 GET https://registry.npmjs.org/repeat-string
> If-None-Match: W/"03734e3027b8ea3d9fd8e1a3f3d07717"
> Accept: application/vnd.npm.install-v1+json; q=1.0, application/json; q=0.8, */*
> Connection: keep-alive
> User-Agent: Bun/1.3.9
> Host: registry.npmjs.org
> Accept-Encoding: gzip, deflate, br, zstd

> HTTP/1.1 GET https://registry.npmjs.org/to-regex-range
> If-None-Match: W/"7495ca796ee086bd2df5ac03ac79bce7"
> Accept: application/vnd.npm.install-v1+json; q=1.0, application/json; q=0.8, */*
> Connection: keep-alive
> User-Agent: Bun/1.3.9
> Host: registry.npmjs.org
> Accept-Encoding: gzip, deflate, br, zstd

< 304 Not Modified
< Date: Sat, 03 Oct 2026 22:27:46 GMT
< Connection: keep-alive
< set-cookie: __cf_bm=piwlj2e8gqtYQ80V8BuJh5.3s4OXD19iAOkYIPhn_HI-1791066466.4604986-1.0.1.1-7kLAVSHbysS0cAWKoTV7IY6PEItY_lyQ8Zn1YyhaPwwKsedyY5eLTB53TpfmS0VInp8RCOtjEby.16MWYiyDgyUIy6tnPt.XdnZiH28nSa7F32B4yzAVwMw9TEjQWfBL; HttpOnly; SameSite=None; Secure; Path=/; Domain=npmjs.org; Expires=Sat, 03 Oct 2026 22:57:46 GMT
< set-cookie: _cfuvid=K8DMflz9_9bcyohbdHSDXBnwdIdqRMN5KweIXw3JCzQ-1791066466.4604986-1.0.1.1-YI3ydCLFpIxlDBaZatO0oxkb7cHLAUw.31UqVVCplb8; HttpOnly; SameSite=None; Secure; Path=/; Domain=npmjs.org
< CF-Ray: a44f60476e8551a4-TIA
< CF-Cache-Status: HIT
< Access-Control-Allow-Origin: *
< Cache-Control: public, max-age=300
< ETag: "bf8034162ce5d4ef57a89c0ccdd6380b"
< Last-Modified: Fri, 24 Jun 2022 17:01:00 GMT
< Server: cloudflare

< 304 Not Modified
< Date: Sat, 03 Oct 2026 22:27:46 GMT
< Connection: keep-alive
< set-cookie: __cf_bm=AH_wNY.jxRAbVeycf_bRQo6cXjAJ.Uh5QUnrDKGNcK4-1791066466.4605818-1.0.1.1-nrrzMqO4viEYX_rHdxgNptwqU8D67_KCBsqasAcKy1yEnb1Q2BjaA0l31CjPF1WLd7P5TQ0oi4IOOffq7hfBZU2ei6R7UslEURl8yYcND12AtIpDNNGWKKynwE2K1Lv_; HttpOnly; SameSite=None; Secure; Path=/; Domain=npmjs.org; Expires=Sat, 03 Oct 2026 22:57:46 GMT
< set-cookie: _cfuvid=DdnKWUFGX4KY7q0SVhm6U7i0NzOjEGByPxP.ChFL8eY-1791066466.4605818-1.0.1.1-KTu3r4fk0pSM89msNZsw2_5shCCwKR9z59rqx4RPAdg; HttpOnly; SameSite=None; Secure; Path=/; Domain=npmjs.org
< CF-Ray: a44f60476c1fa5b3-TIA
< CF-Cache-Status: HIT
< Access-Control-Allow-Origin: *
< Cache-Control: public, max-age=300
< ETag: "5e1bcb2c1cb14b7bdd9656484aaac41a"
< Last-Modified: Tue, 14 Jun 2022 01:14:45 GMT
< Server: cloudflare

[PackageManager] waiting for 43 tasks
    [202.59ms]
Downloaded process-nextick-args versions
   - "process-nextick-args": "~2.0.0" - process-nextick-args@2.0.1
    [202.66ms]
Downloaded core-util-is versions
< 304 Not Modified
< Date: Sat, 03 Oct 2026 22:27:46 GMT
< Connection: keep-alive
< set-cookie: __cf_bm=PhMIJGDzHty8b2Yx4_yitmOFiZ6k26nxXmAYaWj1Mcw-1791066466.6416438-1.0.1.1-4fnzD_ZtqNTPJVDxVkB4YYil4uKatVy7y38B80xiJboHYuznlZVFZMwTGtyV8BQanlSWt16FrghLIaH7_0ZQSuYSVWd1WTDIZwN_3LHfVfsu5Tf4mFPndQQX0sS8X0eh; HttpOnly; SameSite=None; Secure; Path=/; Domain=npmjs.org; Expires=Sat, 03 Oct 2026 22:57:46 GMT
< set-cookie: _cfuvid=nKZr29OnaxCYGjtM5fIg3Gu__mR7kMtWYyNuLyUBYpI-1791066466.6416438-1.0.1.1-NNs6cMOTLHbq7ilNBipzY.UO5KrN6L9Jq5I0jkoLjMw; HttpOnly; SameSite=None; Secure; Path=/; Domain=npmjs.org
< CF-Ray: a44f60488fe77c08-TIA
< CF-Cache-Status: HIT
< Access-Control-Allow-Origin: *
< Age: 284
< Cache-Control: public, max-age=300
< ETag: "e8d5e1087d512e8e39867501d54c7bae"
< Last-Modified: Sat, 13 Sep 2025 16:44:24 GMT
< Server: cloudflare

< 304 Not Modified
< Date: Sat, 03 Oct 2026 22:27:46 GMT
< Connection: keep-alive
< set-cookie: __cf_bm=NSg0cZJ7lExQZNfFVXkuGtm.tdWNZa2GJRCzjncuEF4-1791066466.460561-1.0.1.1-zUD7Cs3RiUw5geFJn8pv4zsVNz5Hr47KyqDVbw63AYijVbSU8bgZJNywDgPLolCv5ncgxnshiOOoHzySHQtq3gadscKoSPF8StdHZ46xXZntVDbHtvukkqMXN4qFm7Am; HttpOnly; SameSite=None; Secure; Path=/; Domain=npmjs.org; Expires=Sat, 03 Oct 2026 22:57:46 GMT
< set-cookie: _cfuvid=X8N22hhEz75rdFH6OEYrh6RboJFdzpwSx5lkMAXgajI-1791066466.460561-1.0.1.1-03LxiGY05nFUgjZ5.FiOuk5Ztka6d3fKkJW8XkRh2TU; HttpOnly; SameSite=None; Secure; Path=/; Domain=npmjs.org
< CF-Ray: a44f60476f115f50-TIA
< CF-Cache-Status: HIT
< Access-Control-Allow-Origin: *
< Cache-Control: public, max-age=300
< ETag: "3dcd7835683496eb11e443f2574095be"
< Last-Modified: Sun, 26 Jun 2022 21:38:58 GMT
< Server: cloudflare

   - "core-util-is": "~1.0.0" - core-util-is@1.0.3
[PackageManager] waiting for 41 tasks
    [18.44ms]
Downloaded is-arrayish versions
< 304 Not Modified
< Date: Sat, 03 Oct 2026 22:27:46 GMT
< Connection: keep-alive
< set-cookie: __cf_bm=R4y.aTNcSTuo9klVmxI6ZphRz6_Tphyvc0Gc7FlQmPo-1791066466.4604907-1.0.1.1-zYZ2OJkck7wVe9D_fm5hxub5UNu60GmOLXiB4K6OENWZexskJIfbhW4DtRxHmUUGj0.cJbnz1GyByJldF45YAwtQ4cuXsrPrMCoz9HK98yBT1XjxkMGvzswRUNvVIWPr; HttpOnly; SameSite=None; Secure; Path=/; Domain=npmjs.org; Expires=Sat, 03 Oct 2026 22:57:46 GMT
< set-cookie: _cfuvid=y8jpa14v0VUw4cTdhmdAc_dXA7q9nIVN2pEswujy0L4-1791066466.4604907-1.0.1.1-6hy2EH6A3YT2DupwYRywOuO4DCTSeRjOStcdRtEVEXs; HttpOnly; SameSite=None; Secure; Path=/; Domain=npmjs.org
< CF-Ray: a44f60476afd9b00-TIA
< CF-Cache-Status: HIT
< Access-Control-Allow-Origin: *
< Cache-Control: public, max-age=300
< ETag: "d445ccdd40618ba0000ee34ac3a567b0"
< Last-Modified: Tue, 28 Jun 2022 07:10:46 GMT
< Server: cloudflare

   - "is-arrayish": "^0.3.1" - is-arrayish@0.3.4
    [202.88ms]
Downloaded snapdragon-node versions
< 304 Not Modified
< Date: Sat, 03 Oct 2026 22:27:46 GMT
< Connection: keep-alive
< set-cookie: __cf_bm=hGnZ9h7Rl7.YdCVfkrQPNjY8FF4f5U07WXXainaQufE-1791066466.6415339-1.0.1.1-BboNKEm9bKJWR0VBSNOykSAtwWdiv8V56dP2xkPeO8zlIwwCqPNI0WXsuxpyzndq_jzBRkAj58oZM0Z04sybODvLU9Xmoyb45jw.6qQZlwSL5mGwEWNY9NqVvIcyz6UY; HttpOnly; SameSite=None; Secure; Path=/; Domain=npmjs.org; Expires=Sat, 03 Oct 2026 22:57:46 GMT
< set-cookie: _cfuvid=Ez9yi9EUN.UXxXotdys0wDVDF_yr.im56yo3OBNULxo-1791066466.6415339-1.0.1.1-2HdCINCtx0br_6iah.ZRAJHtv.24xZ8TmdwGtk_zrfM; HttpOnly; SameSite=None; Secure; Path=/; Domain=npmjs.org
< CF-Ray: a44f60488fe67c08-TIA
< CF-Cache-Status: HIT
< Access-Control-Allow-Origin: *
< Age: 261
< Cache-Control: public, max-age=300
< ETag: "77c90a27b9fe4c9c3f19ea0c2bedc5d9"
< Last-Modified: Fri, 08 Aug 2025 14:14:06 GMT
< Server: cloudflare

< 304 Not Modified
< Date: Sat, 03 Oct 2026 22:27:46 GMT
< Connection: keep-alive
< set-cookie: __cf_bm=vwilb2Dl8XTD8I9ByzFYOCYJmu6VDwB9ddgvq18XkeE-1791066466.460677-1.0.1.1-i8CAWCo6j6YSEaU6T9TBiZoNo4AyhZoUTsmfMzE03nCi5KE5_DWKs1t4c7yF3P9B7Zvvl.c_3cYBsXLvthGB6brkx78iZ_MopVu2Eg_o2HXUHlWIBT9tqHfMcCpMBqOL; HttpOnly; SameSite=None; Secure; Path=/; Domain=npmjs.org; Expires=Sat, 03 Oct 2026 22:57:46 GMT
< set-cookie: _cfuvid=jNU54c_L89wJHOF8MthKb18Bjs829AFbhR9ZL2we0KY-1791066466.460677-1.0.1.1-UbXzjJAYZZIa7PImb2mOYznfYjF1F4YGlHtYwqUjLcM; HttpOnly; SameSite=None; Secure; Path=/; Domain=npmjs.org
< CF-Ray: a44f60476d41793f-TIA
< CF-Cache-Status: HIT
< Access-Control-Allow-Origin: *
< Cache-Control: public, max-age=300
< ETag: "8a6efd3cdc4afee9c9e3e8118a60b956"
< Last-Modified: Sun, 27 Sep 2026 20:29:44 GMT
< Server: cloudflare

   - "snapdragon-node": "^2.0.1" - snapdragon-node@2.1.1
Enqueue package manifest for download: snapdragon-util
[PackageManager] waiting for 40 tasks
    [202.87ms]
Downloaded util-deprecate versions
   - "util-deprecate": "~1.0.1" - util-deprecate@1.0.2
    [22.07ms]
Downloaded strip-json-comments versions
   - "strip-json-comments": "~2.0.1" - strip-json-comments@2.0.1
    [202.97ms]
Downloaded path-dirname versions
   - "path-dirname": "^1.0.0" - path-dirname@1.0.2
> HTTP/1.1 GET https://registry.npmjs.org/snapdragon-util
> If-None-Match: W/"3c93379f6f19ab86177f7bff7477dfca"
> Accept: application/vnd.npm.install-v1+json; q=1.0, application/json; q=0.8, */*
> Connection: keep-alive
> User-Agent: Bun/1.3.9
> Host: registry.npmjs.org
> Accept-Encoding: gzip, deflate, br, zstd

< 304 Not Modified
< Date: Sat, 03 Oct 2026 22:27:46 GMT
< Connection: keep-alive
< set-cookie: __cf_bm=O6vQBxfospRLzdEPoRxOzvy7jWMpAvtbWJAnK_5wePo-1791066466.4652858-1.0.1.1-2D16CDyw9sNJ2hVJCXEyqs.JdqFdME4sxnQuLLvavDuOQXfSnkL8SC.zF3Q8Xk3BsP8UHhSFtm1X4psN_e0Man5uCfii_6lr.KC7tlFmC72zp7FBNZWdKH6HFhbEEf93; HttpOnly; SameSite=None; Secure; Path=/; Domain=npmjs.org; Expires=Sat, 03 Oct 2026 22:57:46 GMT
< set-cookie: _cfuvid=2NZ2Y4h7.JRZqKX9Wm51WCb7ZxicY78CjQqEw63l7vw-1791066466.4652858-1.0.1.1-lR7PI6eZKeRrycNZPCp7exV_aH5tL7F1I3N8Mv7RHmM; HttpOnly; SameSite=None; Secure; Path=/; Domain=npmjs.org
< CF-Ray: a44f60476d7ebd99-TIA
< CF-Cache-Status: HIT
< Access-Control-Allow-Origin: *
< Cache-Control: public, max-age=300
< ETag: "853a4a1bc471b96323b1caa0c537a4cd"
< Last-Modified: Wed, 02 Sep 2026 10:34:55 GMT
< Server: cloudflare

< 304 Not Modified
< Date: Sat, 03 Oct 2026 22:27:46 GMT
< Connection: keep-alive
< set-cookie: __cf_bm=XCH0Yczx_AZviNcjnHulx1SGgI7GkPtfI.yzozOEnQ8-1791066466.465453-1.0.1.1-bnyyH1C_jXcgI2IsIgfi90RawBb8kIydCLv0AomAjxLKEmOUXSnnfYhVTEXabdAYhsn2.oKfKfT9ZTDoDbwlrx7nanzkyGY8iYuaghTyLkidP_fgq.XeV24fqpPbWQZT; HttpOnly; SameSite=None; Secure; Path=/; Domain=npmjs.org; Expires=Sat, 03 Oct 2026 22:57:46 GMT
< set-cookie: _cfuvid=yTircxluoWREaPSEUZBuJ309l0x9av4Vc1Muwga8vk8-1791066466.465453-1.0.1.1-oZA0WEZfuT5ZFnkN6H5gnNGloJO5XrMJY8g5nuk1yKk; HttpOnly; SameSite=None; Secure; Path=/; Domain=npmjs.org
< CF-Ray: a44f60476f1c5f50-TIA
< CF-Cache-Status: HIT
< Access-Control-Allow-Origin: *
< Cache-Control: public, max-age=300
< ETag: "406850dd2259f5de3e1c4391d7fbf741"
< Last-Modified: Tue, 28 Jun 2022 05:05:42 GMT
< Server: cloudflare

[PackageManager] waiting for 37 tasks
    [199.96ms]
Downloaded bare-url versions
< 304 Not Modified
< Date: Sat, 03 Oct 2026 22:27:46 GMT
< Connection: keep-alive
< set-cookie: __cf_bm=7EM2Pf5mo1asmNK4fi1aTwsznF2d0UnIpZmWo2cScBY-1791066466.4653957-1.0.1.1-9gx9.WqVqqlpYA8ZBMCzoOoQbsxOlL0ZlXlrp54kRDXHmpUZ2jYg3hy2LauegkaTAyD6gGhSvjzJBP0uthBDJUK.2sws1fL8PlXkDKka1l5zO2muCHcqxGqeC.yW534G; HttpOnly; SameSite=None; Secure; Path=/; Domain=npmjs.org; Expires=Sat, 03 Oct 2026 22:57:46 GMT
< set-cookie: _cfuvid=LhwEcaR_sIEXN9ZZYGiERKMlkJPgDmcgeWa8pLUVUfU-1791066466.4653957-1.0.1.1-TLE6q1jFImrgearu5RwZzcjwkyu6pp9Z31AODCsc2gU; HttpOnly; SameSite=None; Secure; Path=/; Domain=npmjs.org
< CF-Ray: a44f60476f7ef474-TIA
< CF-Cache-Status: HIT
< Access-Control-Allow-Origin: *
< Cache-Control: public, max-age=300
< ETag: "bd23f2f80694e17fa71a7e503f2ebcdc"
< Last-Modified: Mon, 21 Aug 2023 14:21:03 GMT
< Server: cloudflare

   - "bare-url": "^2.2.2" - bare-url@2.5.4
    [199.99ms]
Downloaded unix-crypt-td-js versions
   - "unix-crypt-td-js": "^1.1.4" - unix-crypt-td-js@1.1.4
[PackageManager] waiting for 35 tasks
    [199.97ms]
Downloaded fast-fifo versions
< 304 Not Modified
< Date: Sat, 03 Oct 2026 22:27:46 GMT
< Connection: keep-alive
< set-cookie: __cf_bm=Ogx1rKAxJJV9XKlMRwXj5kK3z9xbTvG7OkKWmCaqHM8-1791066466.4652233-1.0.1.1-ShRMCnf.fEAcHTwoXuJhRipx5xJ5_qcRBgzARGnBF.ButN.64oj.p5PQ0vMmFbWL9eAlwbrY7TVyChAuaJP0V7ZyY6G5E2DrqVs_JtwPb6qJnD6k__RL_eY2LptR9QPS; HttpOnly; SameSite=None; Secure; Path=/; Domain=npmjs.org; Expires=Sat, 03 Oct 2026 22:57:46 GMT
< set-cookie: _cfuvid=ve8S8s6SsPNijo8s1.lIsOCsRkudYi26s1oR3liKTh0-1791066466.4652233-1.0.1.1-3R79R2rJKFGTCLoWxWC2ldQol6VuzrVChWES8mNw7KI; HttpOnly; SameSite=None; Secure; Path=/; Domain=npmjs.org
< CF-Ray: a44f60476ef07c08-TIA
< CF-Cache-Status: HIT
< Access-Control-Allow-Origin: *
< Cache-Control: public, max-age=300
< ETag: "4cc757f54a505390a1501b9d765f2db5"
< Last-Modified: Tue, 03 Feb 2026 07:57:51 GMT
< Server: cloudflare

   - "fast-fifo": "^1.3.2" - fast-fifo@1.3.2
[PackageManager] waiting for 34 tasks
    [199.72ms]
Downloaded p-locate versions
   - "p-locate": "^3.0.0" - p-locate@3.0.0
Enqueue package manifest for download: p-limit
> HTTP/1.1 GET https://registry.npmjs.org/p-limit
> If-None-Match: W/"d8b074e76de860c5132971f375cdc4a5"
> Accept: application/vnd.npm.install-v1+json; q=1.0, application/json; q=0.8, */*
> Connection: keep-alive
> User-Agent: Bun/1.3.9
> Host: registry.npmjs.org
> Accept-Encoding: gzip, deflate, br, zstd

< 304 Not Modified
< Date: Sat, 03 Oct 2026 22:27:46 GMT
< Connection: keep-alive
< set-cookie: __cf_bm=11oMktd6FzTy9gFNGOqdwRjSBOzVK7_q7DII8_cdNoM-1791066466.6605465-1.0.1.1-jGKBWFSZOH_qcfRdrblM_kJi1tR2TjkK.8ssoUoMHk2EBZ3gglc9jXkcb1SrJUhRp5lQO92XYfN4pVjJMPdvHbIbmd9Mg_EKUDaAh10NHPsjMHwOt7TVeHU0NfiPR_6B; HttpOnly; SameSite=None; Secure; Path=/; Domain=npmjs.org; Expires=Sat, 03 Oct 2026 22:57:46 GMT
< set-cookie: _cfuvid=46eBw4raIAS6tH.2n7os6ccdjkfDJrEPC.cn8Uvf3wc-1791066466.6605465-1.0.1.1-m7Hap6aBlvfS5o01eqj5yKL.41ztKABvE_nVqiTQ9vs; HttpOnly; SameSite=None; Secure; Path=/; Domain=npmjs.org
< CF-Ray: a44f60489f6251a4-TIA
< CF-Cache-Status: HIT
< Access-Control-Allow-Origin: *
< Age: 180
< Cache-Control: public, max-age=300
< ETag: "3c93379f6f19ab86177f7bff7477dfca"
< Last-Modified: Sun, 26 Jun 2022 21:39:00 GMT
< Server: cloudflare

[PackageManager] waiting for 34 tasks
    [17.39ms]
Downloaded snapdragon-util versions
   - "snapdragon-util": "^3.0.1" - snapdragon-util@3.0.1
< 304 Not Modified
< Date: Sat, 03 Oct 2026 22:27:46 GMT
< Connection: keep-alive
< set-cookie: __cf_bm=oI.q3xwEc1giceeqhGm9D8XqGKAB..FtxzM8M4fi19w-1791066466.6656146-1.0.1.1-Ielk.9bt4tzav35fKyLN25lQob6UFoJ2XIzoriNxhyYBm6VYZG6V7zkxcypAfEOSMF2NXccJaZ.Sx_Snbf3Ovc_ntlKAYT.lDyvRpRR2_67y_4YVGdL4FJZeF3oTWRKf; HttpOnly; SameSite=None; Secure; Path=/; Domain=npmjs.org; Expires=Sat, 03 Oct 2026 22:57:46 GMT
< set-cookie: _cfuvid=Yo54tzDTe02DcDUt3ReiUPG1a2NO67Of8falRDli9Ks-1791066466.6656146-1.0.1.1-372Hz.i2zRZTlT8Vr.cFlNqa5A32Etm5FmWYHFtQsZw; HttpOnly; SameSite=None; Secure; Path=/; Domain=npmjs.org
< CF-Ray: a44f6048ae74bd99-TIA
< CF-Cache-Status: HIT
< Access-Control-Allow-Origin: *
< Age: 250
< Cache-Control: public, max-age=300
< ETag: "d8b074e76de860c5132971f375cdc4a5"
< Last-Modified: Fri, 18 Sep 2026 18:27:56 GMT
< Server: cloudflare

< 304 Not Modified
< Date: Sat, 03 Oct 2026 22:27:46 GMT
< Connection: keep-alive
< set-cookie: __cf_bm=wuxhuYC.6lhh4Q94HJRXDvDuSVr9V7pEAOJ9vF21TIA-1791066466.4844358-1.0.1.1-J8PvaZx33x2UsRcdTrI5YQhWOgQ0SxxsMPCTWofchrGVwPSmFFnx8ZxjOx8_OmAGVJzgOfC0eLL8bLBxXbSZl86VbxvXJilU_5qSoB3LQN3ie35de4oYha.rsr7d9y5y; HttpOnly; SameSite=None; Secure; Path=/; Domain=npmjs.org; Expires=Sat, 03 Oct 2026 22:57:46 GMT
< set-cookie: _cfuvid=AUAJFXyHf9jJKSUdV5bbe6JBtW4NbtU5DmgF2BCQQZk-1791066466.4844358-1.0.1.1-XxMqQjtBtDb8aIBJS4pD8br6B8hI8S_xDri4qTN_17M; HttpOnly; SameSite=None; Secure; Path=/; Domain=npmjs.org
< CF-Ray: a44f60478c43a5b3-TIA
< CF-Cache-Status: HIT
< Access-Control-Allow-Origin: *
< Cache-Control: public, max-age=300
< ETag: "59923ed26b07a860db2f27c123e8a5f0"
< Last-Modified: Sun, 26 Jun 2022 10:43:09 GMT
< Server: cloudflare

[PackageManager] waiting for 33 tasks
< 304 Not Modified
< Date: Sat, 03 Oct 2026 22:27:46 GMT
< Connection: keep-alive
< set-cookie: __cf_bm=ivEnvlqNH94JR2DOa6sKuyFSkr1sH19JtnsyyKWJkEM-1791066466.4845343-1.0.1.1-LGYeRCC.mZb5IO2MqhvSMQzaTYccjWRtZP5bMpf.mCs.jnGW_IKyRT8sOPKh3J1dDrtYrSYAwGFYjRptJwO4F9_62BXA2XVMOooL0Ry.7suiadup0TURYF57MljBLexe; HttpOnly; SameSite=None; Secure; Path=/; Domain=npmjs.org; Expires=Sat, 03 Oct 2026 22:57:46 GMT
< set-cookie: _cfuvid=oQ9_a8fO6V_La9uxjuU9emp6iQ2pcs7kFeTEgZjoBZw-1791066466.4845343-1.0.1.1-oZztmKjfUqAAG8NjFdDmGsplPhX0nItKVPimYM6_ndA; HttpOnly; SameSite=None; Secure; Path=/; Domain=npmjs.org
< CF-Ray: a44f60478c42a5b3-TIA
< CF-Cache-Status: HIT
< Access-Control-Allow-Origin: *
< Cache-Control: public, max-age=300
< ETag: "baeeca9556c92442a202fcaeceae474d"
< Last-Modified: Sat, 18 Jun 2022 03:25:56 GMT
< Server: cloudflare

    [18.51ms]
Downloaded p-limit versions
   - "p-limit": "^2.0.0" - p-limit@2.3.0
    [202.56ms]
Downloaded regex-not versions
   - "regex-not": "^1.0.0" - regex-not@1.0.2
Enqueue package manifest for download: p-try
[PackageManager] waiting for 32 tasks
    [202.23ms]
Downloaded fragment-cache versions
   - "fragment-cache": "^0.2.1" - fragment-cache@0.2.1
> HTTP/1.1 GET https://registry.npmjs.org/p-try
> If-None-Match: W/"f125ccaef3b82e0e8046891343f8840a"
> Accept: application/vnd.npm.install-v1+json; q=1.0, application/json; q=0.8, */*
> Connection: keep-alive
> User-Agent: Bun/1.3.9
> Host: registry.npmjs.org
> Accept-Encoding: gzip, deflate, br, zstd

< 304 Not Modified
< Date: Sat, 03 Oct 2026 22:27:46 GMT
< Connection: keep-alive
< set-cookie: __cf_bm=6uRJgBWsrFvQZgmfCC56v6N5Kksb3ML1m5XZZN54h7I-1791066466.2615068-1.0.1.1-LJwB7eTuHN4qQvW2RT.pL1.ZcAM5.Vm8Ntv8jKr1Lu_sCKoOz9VX6b_Y3KFvxCkzRHcsn1uJf8iObOq7A8tGH_tzO1p39iJvqJDIpjtlklejlt07kOuu84.NTc8.akAW; HttpOnly; SameSite=None; Secure; Path=/; Domain=npmjs.org; Expires=Sat, 03 Oct 2026 22:57:46 GMT
< set-cookie: _cfuvid=oez0guNWJqIYs1lQCOkaShVUS_JBK0hALnOU8vTgXl0-1791066466.2615068-1.0.1.1-S0uLDYsaBt9h2EZBZhY5jL601IOo1NVywi0W5AbCWR8; HttpOnly; SameSite=None; Secure; Path=/; Domain=npmjs.org
< CF-Ray: a44f604629d29b00-TIA
< CF-Cache-Status: HIT
< Access-Control-Allow-Origin: *
< Cache-Control: public, max-age=300
< ETag: "e97b1f0653b627ab106695270149a826"
< Last-Modified: Mon, 18 May 2026 12:23:26 GMT
< Server: cloudflare

< 304 Not Modified
< Date: Sat, 03 Oct 2026 22:27:46 GMT
< Connection: keep-alive
< set-cookie: __cf_bm=7cT7ArpBZG56sXANh6I2NZxXf2YcweGhT5lOcGksMMk-1791066466.4445407-1.0.1.1-e7iNVTn1PDIP.gvw5EsKmnSZJ3GbxAuP5vRUYvZ5NAYfUOTRfqmdvfC5ICCvAvEloGJP8kyZSR9PYWP55ApiRlUjlyMNf4njsS1Xl3X8biqCvy.ZsArR9bWbGT2cilfs; HttpOnly; SameSite=None; Secure; Path=/; Domain=npmjs.org; Expires=Sat, 03 Oct 2026 22:57:46 GMT
< set-cookie: _cfuvid=EUtp8HEPGMuRswMmqmIenYKMgt5VHJNUrOh6XdUhb6g-1791066466.4445407-1.0.1.1-n7JzAMHcdSh7EYc.CxoMU8fmaB2f9o9OFvoBJiB.134; HttpOnly; SameSite=None; Secure; Path=/; Domain=npmjs.org
< CF-Ray: a44f60474e6a51a4-TIA
< CF-Cache-Status: HIT
< Access-Control-Allow-Origin: *
< Cache-Control: public, max-age=300
< ETag: "6f8c6402a2d8a4315dd3d9019fe47c25"
< Last-Modified: Sun, 30 Aug 2026 21:28:57 GMT
< Server: cloudflare

[PackageManager] waiting for 31 tasks
    [429.18ms]
Downloaded @jridgewell/gen-mapping versions
   - "@jridgewell/gen-mapping": "^0.3.2" - @jridgewell/gen-mapping@0.3.13
    [246.48ms]
Downloaded @octokit/core versions
   - "@octokit/core": "^5.0.0" - @octokit/core@5.2.2
Enqueue package manifest for download: @jridgewell/trace-mapping
Enqueue package manifest for download: @octokit/graphql
Enqueue package manifest for download: @octokit/request
Enqueue package manifest for download: before-after-hook
Enqueue package manifest for download: @octokit/auth-token
Enqueue package manifest for download: universal-user-agent
Enqueue package manifest for download: @octokit/request-error
[PackageManager] waiting for 36 tasks
> HTTP/1.1 GET https://registry.npmjs.org/@jridgewell%2ftrace-mapping
> If-None-Match: W/"77a08e1dd1d4138d84cb0bb071af6d05"
> Accept: application/vnd.npm.install-v1+json; q=1.0, application/json; q=0.8, */*
> Connection: keep-alive
> User-Agent: Bun/1.3.9
> Host: registry.npmjs.org
> Accept-Encoding: gzip, deflate, br, zstd

> HTTP/1.1 GET https://registry.npmjs.org/@octokit%2fgraphql
> If-None-Match: W/"a9fca70645d8b3d43f393e1dac304ca6"
> Accept: application/vnd.npm.install-v1+json; q=1.0, application/json; q=0.8, */*
> Connection: keep-alive
> User-Agent: Bun/1.3.9
> Host: registry.npmjs.org
> Accept-Encoding: gzip, deflate, br, zstd

> HTTP/1.1 GET https://registry.npmjs.org/@octokit%2frequest
> If-None-Match: W/"f67038bbef5de639669933d571508a77"
> Accept: application/vnd.npm.install-v1+json; q=1.0, application/json; q=0.8, */*
> Connection: keep-alive
> User-Agent: Bun/1.3.9
> Host: registry.npmjs.org
> Accept-Encoding: gzip, deflate, br, zstd

> HTTP/1.1 GET https://registry.npmjs.org/before-after-hook
> If-None-Match: W/"6eb5e39a8bb7c13b119822791403e5c5"
> Accept: application/vnd.npm.install-v1+json; q=1.0, application/json; q=0.8, */*
> Connection: keep-alive
> User-Agent: Bun/1.3.9
> Host: registry.npmjs.org
> Accept-Encoding: gzip, deflate, br, zstd

> HTTP/1.1 GET https://registry.npmjs.org/@octokit%2fauth-token
> If-None-Match: W/"46a6205cd3aca1f921bcb6bca0ed04c7"
> Accept: application/vnd.npm.install-v1+json; q=1.0, application/json; q=0.8, */*
> Connection: keep-alive
> User-Agent: Bun/1.3.9
> Host: registry.npmjs.org
> Accept-Encoding: gzip, deflate, br, zstd

> HTTP/1.1 GET https://registry.npmjs.org/universal-user-agent
> If-None-Match: W/"877e64d85f29fee0eb0c9d839b7142fd"
> Accept: application/vnd.npm.install-v1+json; q=1.0, application/json; q=0.8, */*
> Connection: keep-alive
> User-Agent: Bun/1.3.9
> Host: registry.npmjs.org
> Accept-Encoding: gzip, deflate, br, zstd

> HTTP/1.1 GET https://registry.npmjs.org/@octokit%2frequest-error
> If-None-Match: W/"7a34e3c09861756085c3542585b70bab"
> Accept: application/vnd.npm.install-v1+json; q=1.0, application/json; q=0.8, */*
> Connection: keep-alive
> User-Agent: Bun/1.3.9
> Host: registry.npmjs.org
> Accept-Encoding: gzip, deflate, br, zstd

< 304 Not Modified
< Date: Sat, 03 Oct 2026 22:27:46 GMT
< Connection: keep-alive
< set-cookie: __cf_bm=ONW5SDSD1_YHtdosKtMwhUxdTNXSX5Bogwz1sv3uzQM-1791066466.4445035-1.0.1.1-kA2p7965aBaDlDvYMhO0RkyCjcu7Xtw9iF15HKFH82IpSZN4imikX5gzbnfLO8DAYANcqXulxslGc1K63_306tT3Us_7CXKpsfVXW_TFxsyONflV8p_ekRNFaC3oOiSy; HttpOnly; SameSite=None; Secure; Path=/; Domain=npmjs.org; Expires=Sat, 03 Oct 2026 22:57:46 GMT
< set-cookie: _cfuvid=IBj8XdN8ZxE17jKzlwopfTb6UJCjByXfSYBAxFUcQK0-1791066466.4445035-1.0.1.1-EzJfCJ_lUx5w14jAOUzqvsHms0cyFSNsRRNrbtvb894; HttpOnly; SameSite=None; Secure; Path=/; Domain=npmjs.org
< CF-Ray: a44f60474e6851a4-TIA
< CF-Cache-Status: HIT
< Access-Control-Allow-Origin: *
< Cache-Control: public, max-age=300
< ETag: "3a2a27b0d82e7dc9ef4afa712058db53"
< Last-Modified: Mon, 28 Sep 2026 14:45:31 GMT
< Server: cloudflare

[PackageManager] waiting for 36 tasks
    [249.18ms]
Downloaded @octokit/plugin-paginate-rest versions
   - "@octokit/plugin-paginate-rest": "^9.0.0" - @octokit/plugin-paginate-rest@9.2.2
[PackageManager] waiting for 35 tasks
< 304 Not Modified
< Date: Sat, 03 Oct 2026 22:27:46 GMT
< Connection: keep-alive
< set-cookie: __cf_bm=c547dissa610FFDlhGaZy0nJZCNwl_p8j9k8CLMzjts-1791066466.6816962-1.0.1.1-6Wg7vIe0wCc53ZvGc3ywrQzd149KRgNzkJ6hIHG21gwffPLLjtOxnkL_8swds5GQYy1Zk9kZZ8KdgQu0Gz.6wx1FIpPGC9ALnxwoLvdsGwWajdtQDq7rLOBNKQyIisdN; HttpOnly; SameSite=None; Secure; Path=/; Domain=npmjs.org; Expires=Sat, 03 Oct 2026 22:57:46 GMT
< set-cookie: _cfuvid=flFK_SPoujdyAdElLJtryLVL6FSlkOpt.8qpT1_Dm5I-1791066466.6816962-1.0.1.1-G5xV29r6xatGt4ZpDhL9Yzj97LGp2QsJWv9BTmvZJ1w; HttpOnly; SameSite=None; Secure; Path=/; Domain=npmjs.org
< CF-Ray: a44f6048cf7551a4-TIA
< CF-Cache-Status: HIT
< Access-Control-Allow-Origin: *
< Age: 265
< Cache-Control: public, max-age=300
< ETag: "f125ccaef3b82e0e8046891343f8840a"
< Last-Modified: Thu, 23 Jun 2022 05:53:31 GMT
< Server: cloudflare

    [954.67ms] Downloaded @tscircuit/bga-fanout-solver tarball
[PackageManager] waiting for 35 tasks
    [19.06ms]
Downloaded p-try versions
< 304 Not Modified
< Date: Sat, 03 Oct 2026 22:27:46 GMT
< Connection: keep-alive
< set-cookie: __cf_bm=P9aoPy8zNjNKDqNe.ps1gJ9OMEx96lmVVQyhwv_19gQ-1791066466.5038285-1.0.1.1-FR1mZGMMrR7ZCayMvjbHnrXFaNpz3PX5_nnuJr45EP9V2xFksiuDwsPSFyYe5YSgeSFnCN51tnDuTGSGetH7qAOILtJeK0xzSsq0bvCRbLNABvntxX3bhG1Zb8lkln2M; HttpOnly; SameSite=None; Secure; Path=/; Domain=npmjs.org; Expires=Sat, 03 Oct 2026 22:57:46 GMT
< set-cookie: _cfuvid=Ali9YQifKzUdeYQqqMLsNfeoT5vlvJj5yIJHtkTEyuo-1791066466.5038285-1.0.1.1-qGdX__9lODVP1emlcBDym6aY5p48MZTXADtRL9Piass; HttpOnly; SameSite=None; Secure; Path=/; Domain=npmjs.org
< CF-Ray: a44f6047af2f7c08-TIA
< CF-Cache-Status: HIT
< Access-Control-Allow-Origin: *
< Cache-Control: public, max-age=300
< ETag: "8ed8d36c1132b23991664f8c7e80494c"
< Last-Modified: Fri, 21 Aug 2026 10:21:20 GMT
< Server: cloudflare

   - "p-try": "^2.0.0" - p-try@2.2.0
[PackageManager] waiting for 34 tasks
    [200.98ms]
Downloaded is-plain-object versions
< 304 Not Modified
< Date: Sat, 03 Oct 2026 22:27:46 GMT
< Connection: keep-alive
< set-cookie: __cf_bm=8HN1GUKQ4A4ItqUyBurzGNjxomUKMcbL.CdKluxIWpc-1791066466.504128-1.0.1.1-46ZLVvPNr2UInWHJzacZQdlOsW3w.1cqWKuwcGahmRe0BQ5xm2kcFVKZePXtyuQsVOqbG1pNokOPdwo2587glDuS6qYOFqYBMkm5EIxqcBgup8iAkAhC.2ayF7Tq74Io; HttpOnly; SameSite=None; Secure; Path=/; Domain=npmjs.org; Expires=Sat, 03 Oct 2026 22:57:46 GMT
< set-cookie: _cfuvid=zTSqkKqWTUpt4g6Jd8puX7gYjPr1JhGLLWEWxFDMeQk-1791066466.504128-1.0.1.1-3vIhAhtXccytLXcF1YMjPuXYkp_weVgHGntxh.olTFM; HttpOnly; SameSite=None; Secure; Path=/; Domain=npmjs.org
< CF-Ray: a44f6047ab5b9b00-TIA
< CF-Cache-Status: HIT
< Access-Control-Allow-Origin: *
< Cache-Control: public, max-age=300
< ETag: "ba6bad8f7c98389c068f5cc35374f218"
< Last-Modified: Mon, 11 May 2026 15:00:20 GMT
< Server: cloudflare

   - "is-plain-object": "^2.0.4" - is-plain-object@2.0.4
[PackageManager] waiting for 33 tasks
    [201.28ms]
Downloaded is-descriptor versions
< 304 Not Modified
< Date: Sat, 03 Oct 2026 22:27:46 GMT
< Connection: keep-alive
< set-cookie: __cf_bm=wTy8663JdBZ1Q0bVcVW0FS2JCpogMMgmHmLeg5mvi0s-1791066466.5038912-1.0.1.1-GuwZLsHtuuo6CJYcwN3I0KyxmkOUTNVEb3nJAaBHGM4V_zJO3PRoQDELY7Gwa1MT_S3aTBUR3dZFpUJuynPr6Brqjd9tAxwpumPVcEVm_KJJdiy8gMh0pjEBsjeImTRZ; HttpOnly; SameSite=None; Secure; Path=/; Domain=npmjs.org; Expires=Sat, 03 Oct 2026 22:57:46 GMT
< set-cookie: _cfuvid=U0L0UBVlxJBSt4emUd40JJS9pzuzxVM9Qm2RzkuW9E0-1791066466.5038912-1.0.1.1-0MRZHN8_.lHYJNiRbNlutY4UemtjneRKIrNK7I._lq8; HttpOnly; SameSite=None; Secure; Path=/; Domain=npmjs.org
< CF-Ray: a44f6047af2d7c08-TIA
< CF-Cache-Status: HIT
< Access-Control-Allow-Origin: *
< Cache-Control: public, max-age=300
< ETag: "b6b049038c5c5afaa6c22747de602d7f"
< Last-Modified: Tue, 25 Aug 2026 20:21:32 GMT
< Server: cloudflare

   - "is-descriptor": "^1.0.2" - is-descriptor@1.0.4
   - "is-descriptor": "^0.1.0" - is-descriptor@0.1.8
Enqueue package manifest for download: is-data-descriptor
Enqueue package manifest for download: is-accessor-descriptor
[PackageManager] waiting for 34 tasks
    [201.48ms]
Downloaded streamx versions
> HTTP/1.1 GET https://registry.npmjs.org/is-data-descriptor
> If-None-Match: W/"b7254c2ef7840eee9e6c66145d7e7b35"
> Accept: application/vnd.npm.install-v1+json; q=1.0, application/json; q=0.8, */*
> Connection: keep-alive
> User-Agent: Bun/1.3.9
> Host: registry.npmjs.org
> Accept-Encoding: gzip, deflate, br, zstd

> HTTP/1.1 GET https://registry.npmjs.org/is-accessor-descriptor
> If-None-Match: W/"bfa1d6f44030f787c5f59c8c4eaa7be8"
> Accept: application/vnd.npm.install-v1+json; q=1.0, application/json; q=0.8, */*
> Connection: keep-alive
> User-Agent: Bun/1.3.9
> Host: registry.npmjs.org
> Accept-Encoding: gzip, deflate, br, zstd

   - "streamx": "^2.25.0" - streamx@2.28.1
Enqueue package manifest for download: text-decoder
Enqueue package manifest for download: events-universal
> HTTP/1.1 GET https://registry.npmjs.org/text-decoder
> If-None-Match: W/"3c24d1e0eb3c42a79d9d6668257ccbd4"
> Accept: application/vnd.npm.install-v1+json; q=1.0, application/json; q=0.8, */*
> Connection: keep-alive
> User-Agent: Bun/1.3.9
> Host: registry.npmjs.org
> Accept-Encoding: gzip, deflate, br, zstd

> HTTP/1.1 GET https://registry.npmjs.org/events-universal
> If-None-Match: W/"758b84f7fd2d39eb6bcbcf06f3601c53"
> Accept: application/vnd.npm.install-v1+json; q=1.0, application/json; q=0.8, */*
> Connection: keep-alive
> User-Agent: Bun/1.3.9
> Host: registry.npmjs.org
> Accept-Encoding: gzip, deflate, br, zstd

< 304 Not Modified
< Date: Sat, 03 Oct 2026 22:27:46 GMT
< Connection: keep-alive
< set-cookie: __cf_bm=8lPlYbaCU.8u43XISwhKeAjFTOo6hP7KmvqBODpzoYQ-1791066466.5090234-1.0.1.1-talEt3xeQl0j0DrsxLqsom5VcRlRFkltuqV1gyVt.ez7qSPIBsVgMiQxn.8EZpHc4vCgtlKALXOr_.hbMLNLGfOt7IRnbCEus_2WrFefUGAqAQvO_oD_BDcwPhKMYc7e; HttpOnly; SameSite=None; Secure; Path=/; Domain=npmjs.org; Expires=Sat, 03 Oct 2026 22:57:46 GMT
< set-cookie: _cfuvid=muynX6qpfSei6SDEYs9_QOV3LKISHSY7nEoyDTLmyAQ-1791066466.5090234-1.0.1.1-60M3Q.NdDEV2lkjA6poeCRgET.QzQMb2Jz0dNXYAMgM; HttpOnly; SameSite=None; Secure; Path=/; Domain=npmjs.org
< CF-Ray: a44f6047af575f50-TIA
< CF-Cache-Status: HIT
< Access-Control-Allow-Origin: *
< Cache-Control: public, max-age=300
< ETag: "d1d2edda4d51bb2af9884854c449cd15"
< Last-Modified: Sun, 26 Jun 2022 11:53:33 GMT
< Server: cloudflare

< 304 Not Modified
< Date: Sat, 03 Oct 2026 22:27:46 GMT
< Connection: keep-alive
< set-cookie: __cf_bm=L.nXJbZu_unNXQcXzIvs05RQCCZ5.HmT3mnG.zF00uw-1791066466.5090084-1.0.1.1-VJAar0bGTooqOWBzLLgVvnRlcQOHAu5K.RMy_yXtwb0Fod2OuR9hzRxAHJWzXeVz2waXgcT_b5zYe91TlXtPnHCul6hk85QpsR85tw9s.node60WwD87uyJDkNXsK3IG; HttpOnly; SameSite=None; Secure; Path=/; Domain=npmjs.org; Expires=Sat, 03 Oct 2026 22:57:46 GMT
< set-cookie: _cfuvid=ncc.HSvglYo.UhLmoiZ6RDIKZbJwFpYERjbNfzowfWQ-1791066466.5090084-1.0.1.1-FBRJT9XUIFyzcGPKVjIniWoZKQJk3hqoEW00OuU1774; HttpOnly; SameSite=None; Secure; Path=/; Domain=npmjs.org
< CF-Ray: a44f6047af565f50-TIA
< CF-Cache-Status: HIT
< Access-Control-Allow-Origin: *
< Cache-Control: public, max-age=300
< ETag: "27d721ab9ab94b1e29e4f8ade5937b81"
< Last-Modified: Tue, 04 Apr 2023 01:38:26 GMT
< Server: cloudflare

[PackageManager] waiting for 35 tasks
    [200.78ms]
Downloaded resolve-url versions
   - "resolve-url": "^0.2.1" - resolve-url@0.2.1
    [200.85ms]
Downloaded atob versions
   - "atob": "^2.1.2" - atob@2.1.2
[PackageManager] waiting for 33 tasks
[PackageManager] waiting for 33 tasks
    [793.91ms] Downloaded @tscircuit/pcb-trace-linter tarball
< 304 Not Modified
< Date: Sat, 03 Oct 2026 22:27:46 GMT
< Connection: keep-alive
< set-cookie: __cf_bm=qNqAu0R0dz4c.iOvdv7YJnCzPxagx0cw6HmXO2X3r78-1791066466.5144296-1.0.1.1-Xwn68KViM07mt4VrWGjAnnILeOPOofYt.SJUEq1ciYAyTUhf.tz2.jmSDddYxHqFQ4u8Ig1ZA9lVMaYX7EP_LV6PGrvQiUsu5iOCCUl02AIikt1GihoCvTSTF5CdpnIj; HttpOnly; SameSite=None; Secure; Path=/; Domain=npmjs.org; Expires=Sat, 03 Oct 2026 22:57:46 GMT
< set-cookie: _cfuvid=BXFrUj_sEqogfQmbBY4JQBjpg_D0c1nHP_KF87JNedg-1791066466.5144296-1.0.1.1-YI9EmuFgn7xibo9goQBrQUnzUUZA4ZHQ1ObSFONl4Fw; HttpOnly; SameSite=None; Secure; Path=/; Domain=npmjs.org
< CF-Ray: a44f6047bfd7f474-TIA
< CF-Cache-Status: HIT
< Access-Control-Allow-Origin: *
< Cache-Control: public, max-age=300
< ETag: "634f8abb575623a06541fc95dac818f2"
< Last-Modified: Sun, 26 Jun 2022 22:23:01 GMT
< Server: cloudflare

[PackageManager] waiting for 33 tasks
    [208.49ms]
Downloaded source-map-url versions
< 304 Not Modified
< Date: Sat, 03 Oct 2026 22:27:46 GMT
< Connection: keep-alive
< set-cookie: __cf_bm=1D9R6SDw2OAQ009oerJM89IPn7jHTg3tTYW7iN_W13A-1791066466.519441-1.0.1.1-LISx8IXi3jlmr.54MPw0k7hQbhiutbhiwvY4Kt6AH4hCx19FlNAjmSfm9Z_QHiiepBsQWLyq84Kg2kamDY7ET2iGDzqpx73yXN6Hj8osigV31lxJEsdF_VDqfYMOEo76; HttpOnly; SameSite=None; Secure; Path=/; Domain=npmjs.org; Expires=Sat, 03 Oct 2026 22:57:46 GMT
< set-cookie: _cfuvid=9rmNrvd8fUdiHOmsAdbpQIKKqsgCaSawAhSf_LSh5bM-1791066466.519441-1.0.1.1-L6jlf3pyYHEGhVs1u2_OqOSPufDRIkV96bc5A9sW.eU; HttpOnly; SameSite=None; Secure; Path=/; Domain=npmjs.org
< CF-Ray: a44f6047bebb51a4-TIA
< CF-Cache-Status: HIT
< Access-Control-Allow-Origin: *
< Cache-Control: public, max-age=300
< ETag: "fbd65b6146ef0ff10dac8bb51c28cbc4"
< Last-Modified: Mon, 13 Jun 2022 05:23:07 GMT
< Server: cloudflare

   - "source-map-url": "^0.4.0" - source-map-url@0.4.1
[PackageManager] waiting for 32 tasks
    [201.16ms]
Downloaded cache-base versions
 .github/
 .github/workflows/
 .github/workflows/bun-formatcheck.yml
 .github/workflows/bun-test.yml
 .github/workflows/bun-typecheck.yml
 .gitignore
 LICENSE
 README.md
 biome.json
 bunfig.toml
 cosmos.config.json
 cosmos.decorator.tsx
 index.html
 lib/
 lib/CircuitJsonPcbTraceLinter.ts
 lib/OddAngleFinder.ts
 lib/PcbTraceLinter.ts
 lib/index.ts
 lib/normalizeInput.ts
 lib/segments.ts
 lib/srj.ts
 lib/types.ts
 lib/validateSimpleRouteJson.ts
 lib/visualizeIssues.ts
 package.json
 pages/
 pages/_welcome.page.tsx
 pages/dataset-srj18.page.tsx
 scripts/
 scripts/generate-fixture.ts
 tests/
 tests/__snapshots__/
 tests/__snapshots__/pipeline9-sample003-issue-001.snap.svg
 tests/__snapshots__/pipeline9-sample003-issue-002.snap.svg
 tests/__snapshots__/pipeline9-sample003-issue-003.snap.svg
 tests/__snapshots__/pipeline9-sample003-issue-004.snap.svg
 tests/__snapshots__/pipeline9-sample003-issue-005.snap.svg
 tests/__snapshots__/pipeline9-sample003-issue-006.snap.svg
 tests/__snapshots__/pipeline9-sample003-issue-007.snap.svg
 tests/__snapshots__/pipeline9-sample003-issue-008.snap.svg
 tests/__snapshots__/pipeline9-sample003-issue-009.snap.svg
 tests/__snapshots__/pipeline9-sample003-issue-010.snap.svg
 tests/__snapshots__/pipeline9-sample003-issue-011.snap.svg
 tests/__snapshots__/pipeline9-sample003-issue-012.snap.svg
 tests/__snapshots__/pipeline9-sample003-issue-013.snap.svg
 tests/__snapshots__/pipeline9-sample003-issue-014.snap.svg
 tests/__snapshots__/pipeline9-sample003-issue-015.snap.svg
 tests/__snapshots__/pipeline9-sample003-issue-016.snap.svg
 tests/__snapshots__/pipeline9-sample003-issue-017.snap.svg
 tests/__snapshots__/pipeline9-sample003-issue-018.snap.svg
 tests/__snapshots__/pipeline9-sample003-issue-019.snap.svg
 tests/__snapshots__/pipeline9-sample003-issue-020.snap.svg
 tests/__snapshots__/pipeline9-sample003-issue-021.snap.svg
 tests/__snapshots__/pipeline9-sample003-issue-022.snap.svg
 tests/__snapshots__/pipeline9-sample003-issue-023.snap.svg
 tests/__snapshots__/pipeline9-sample003-issue-024.snap.svg
 tests/__snapshots__/pipeline9-sample003-issue-025.snap.svg
 tests/__snapshots__/pipeline9-sample003-issue-026.snap.svg
 tests/__snapshots__/pipeline9-sample003-issue-027.snap.svg
 tests/__snapshots__/pipeline9-sample003-issue-028.snap.svg
 tests/__snapshots__/pipeline9-sample003-issue-029.snap.svg
 tests/__snapshots__/pipeline9-sample003-issue-030.snap.svg
 tests/__snapshots__/pipeline9-sample003-issue-031.snap.svg
 tests/__snapshots__/pipeline9-sample003-issue-032.snap.svg
 tests/__snapshots__/pipeline9-sample003-issue-033.snap.svg
 tests/__snapshots__/pipeline9-sample003-issue-034.snap.svg
 tests/__snapshots__/pipeline9-sample003-issue-035.snap.svg
 tests/__snapshots__/pipeline9-sample003-issue-036.snap.svg
 tests/__snapshots__/pipeline9-sample003-issue-037.snap.svg
 tests/__snapshots__/pipeline9-sample003-issue-038.snap.svg
 tests/__snapshots__/pipeline9-sample003-issue-039.snap.svg
 tests/__snapshots__/pipeline9-sample003-issue-040.snap.svg
 tests/__snapshots__/pipeline9-sample003-issue-041.snap.svg
 tests/__snapshots__/pipeline9-sample003-issue-042.snap.svg
 tests/__snapshots__/pipeline9-sample003-issue-043.snap.svg
 tests/__snapshots__/pipeline9-sample003-issue-044.snap.svg
 tests/__snapshots__/pipeline9-sample003-issue-045.snap.svg
 tests/__snapshots__/pipeline9-sample003-issue-046.snap.svg
 tests/__snapshots__/pipeline9-sample003-issue-047.snap.svg
 tests/__snapshots__/pipeline9-sample003-issue-048.snap.svg
 tests/__snapshots__/pipeline9-sample003-issue-049.snap.svg
 tests/__snapshots__/pipeline9-sample003-issue-050.snap.svg
 tests/__snapshots__/pipeline9-sample003-issue-051.snap.svg
 tests/__snapshots__/pipeline9-sample003-issue-052.snap.svg
 tests/__snapshots__/pipeline9-sample003-issue-053.snap.svg
 tests/__snapshots__/pipeline9-sample003-issue-054.snap.svg
 tests/__snapshots__/pipeline9-sample003-issue-055.snap.svg
 tests/__snapshots__/pipeline9-sample003-issue-056.snap.svg
 tests/__snapshots__/pipeline9-sample003-issue-057.snap.svg
 tests/__snapshots__/pipeline9-sample003-issue-058.snap.svg< 304 Not Modified
< Date: Sat, 03 Oct 2026 22:27:46 GMT
< Connection: keep-alive
< set-cookie: __cf_bm=ICTbK6wOs6lmL5tnvD8Ixev9Qnuuzi1eWqAm1c.9lVM-1791066466.7035003-1.0.1.1-FLnEGF64607Jt.fzGdwwsGF2yCe0iEw0TmEymO6Is1RAL9jPLn9AdSpEJcDEdJmaX1KUvTg9NMv_nhLOTtx1RcmpAWjvemT0WayhjUIwnRgq6SzrNV.uOgqvkFp87a5a; HttpOnly; SameSite=None; Secure; Path=/; Domain=npmjs.org; Expires=Sat, 03 Oct 2026 22:57:46 GMT
< set-cookie: _cfuvid=z83NsS7YNwmDhO6LKzRbNqhLiqk.17zZWyjraor1_aE-1791066466.7035003-1.0.1.1-yJtsP_tGtqt41Pt11aIhAZCcClfAlc5O4ujELm9_F1w; HttpOnly; SameSite=None; Secure; Path=/; Domain=npmjs.org
< CF-Ray: a44f6048ef8b51a4-TIA
< CF-Cache-Status: HIT
< Access-Control-Allow-Origin: *
< Age: 245
< Cache-Control: public, max-age=300
< ETag: "b7254c2ef7840eee9e6c66145d7e7b35"
< Last-Modified: Mon, 15 Jan 2024 18:59:28 GMT
< Server: cloudflare

   - "cache-base": "^1.0.1" - cache-base@1.0.1
Enqueue package manifest for download: collection-visit
Enqueue package manifest for download: get-value
Enqueue package manifest for download: has-value
Enqueue package manifest for download: set-value
Enqueue package manifest for download: to-object-path
Enqueue package manifest for download: union-value
Enqueue package manifest for download: unset-value
[PackageManager] waiting for 38 tasks
    [19.48ms]
Downloaded is-data-descriptor versions
> HTTP/1.1 GET https://registry.npmjs.org/collection-visit
> If-None-Match: W/"eddb54ebe2e9d28aeac2e45ea248c170"
> Accept: application/vnd.npm.install-v1+json; q=1.0, application/json; q=0.8, */*
> Connection: keep-alive
> User-Agent: Bun/1.3.9
> Host: registry.npmjs.org
> Accept-Encoding: gzip, deflate, br, zstd

> HTTP/1.1 GET https://registry.npmjs.org/get-value
> If-None-Match: W/"2103609e12fd46d4e52a9e7c59dc6cfe"
> Accept: application/vnd.npm.install-v1+json; q=1.0, application/json; q=0.8, */*
> Connection: keep-alive
> User-Agent: Bun/1.3.9
> Host: registry.npmjs.org
> Accept-Encoding: gzip, deflate, br, zstd

> HTTP/1.1 GET https://registry.npmjs.org/has-value
> If-None-Match: W/"695bf25611fbf7c129d3478dc73f9cab"
> Accept: application/vnd.npm.install-v1+json; q=1.0, application/json; q=0.8, */*
> Connection: keep-alive
> User-Agent: Bun/1.3.9
> Host: registry.npmjs.org
> Accept-Encoding: gzip, deflate, br, zstd

> HTTP/1.1 GET https://registry.npmjs.org/set-value
> If-None-Match: W/"21b621361ecc151f5b8debc842c90f20"
> Accept: application/vnd.npm.install-v1+json; q=1.0, application/json; q=0.8, */*
> Connection: keep-alive
> User-Agent: Bun/1.3.9
> Host: registry.npmjs.org
> Accept-Encoding: gzip, deflate, br, zstd

> HTTP/1.1 GET https://registry.npmjs.org/to-object-path
> If-None-Match: W/"43b38103ec9779ed6d4935c78dc43c86"
> Accept: application/vnd.npm.install-v1+json; q=1.0, application/json; q=0.8, */*
> Connection: keep-alive
> User-Agent: Bun/1.3.9
> Host: registry.npmjs.org
> Accept-Encoding: gzip, deflate, br, zstd

> HTTP/1.1 GET https://registry.npmjs.org/union-value
> If-None-Match: W/"b0300aff369e544af63c6124c75c1e68"
> Accept: application/vnd.npm.install-v1+json; q=1.0, application/json; q=0.8, */*
> Connection: keep-alive
> User-Agent: Bun/1.3.9
> Host: registry.npmjs.org
> Accept-Encoding: gzip, deflate, br, zstd

> HTTP/1.1 GET https://registry.npmjs.org/unset-value
> If-None-Match: W/"5443b7db97518c8423738d422615e114"
> Accept: application/vnd.npm.install-v1+json; q=1.0, application/json; q=0.8, */*
> Connection: keep-alive
> User-Agent: Bun/1.3.9
> Host: registry.npmjs.org
> Accept-Encoding: gzip, deflate, br, zstd

   - "is-data-descriptor": "^1.0.1" - is-data-descriptor@1.0.1
Enqueue package manifest for download: hasown
> HTTP/1.1 GET https://registry.npmjs.org/hasown
> If-None-Match: W/"f9d9c5414c27289ab7cf6641ca23a881"
> Accept: application/vnd.npm.install-v1+json; q=1.0, application/json; q=0.8, */*
> Connection: keep-alive
> User-Agent: Bun/1.3.9
> Host: registry.npmjs.org
> Accept-Encoding: gzip, deflate, br, zstd


 tests/__snapshots__/pipeline9-sample003-issue-059.snap.svg
 tests/__snapshots__/pipeline9-sample003-issue-060.snap.svg
 tests/__snapshots__/pipeline9-sample003-issue-061.snap.svg
 tests/__snapshots__/pipeline9-sample003-issue-062.snap.svg
 tests/__snapshots__/pipeline9-sample003-issue-063.snap.svg
 tests/__snapshots__/pipeline9-sample003-issue-064.snap.svg
 tests/__snapshots__/pipeline9-sample003-issue-065.snap.svg
 tests/__snapshots__/pipeline9-sample003-issue-066.snap.svg
 tests/__snapshots__/pipeline9-sample003-issue-067.snap.svg
 tests/__snapshots__/pipeline9-sample003-issue-068.snap.svg
 tests/__snapshots__/pipeline9-sample003-issue-069.snap.svg
 tests/__snapshots__/pipeline9-sample003-issue-070.snap.svg
 tests/__snapshots__/pipeline9-sample003-issue-071.snap.svg
 tests/__snapshots__/pipeline9-sample003-issue-072.snap.svg
 tests/__snapshots__/pipeline9-sample003-issue-073.snap.svg
 tests/__snapshots__/pipeline9-sample003-issue-074.snap.svg
 tests/__snapshots__/pipeline9-sample003-issue-075.snap.svg
 tests/__snapshots__/pipeline9-sample003-issue-076.snap.svg
 tests/__snapshots__/pipeline9-sample003-issue-077.snap.svg
 tests/__snapshots__/pipeline9-sample003-issue-078.snap.svg
 tests/__snapshots__/pipeline9-sample003-issue-079.snap.svg
 tests/__snapshots__/pipeline9-sample003-issue-080.snap.svg
 tests/__snapshots__/pipeline9-sample003-issue-081.snap.svg
 tests/__snapshots__/pipeline9-sample003-issue-082.snap.svg
 tests/__snapshots__/pipeline9-sample003-issue-083.snap.svg
 tests/__snapshots__/pipeline9-sample003-issue-084.snap.svg
 tests/__snapshots__/pipeline9-sample003-issue-085.snap.svg
 tests/__snapshots__/pipeline9-sample003-issue-086.snap.svg
 tests/__snapshots__/pipeline9-sample003-issue-087.snap.svg
 tests/__snapshots__/pipeline9-sample003-issue-088.snap.svg
 tests/__snapshots__/pipeline9-sample003-issue-089.snap.svg
 tests/__snapshots__/pipeline9-sample003-issue-090.snap.svg
 tests/__snapshots__/pipeline9-sample003-issue-091.snap.svg
 tests/__snapshots__/pipeline9-sample003-issue-092.snap.svg
 tests/__snapshots__/pipeline9-sample003-issue-093.snap.svg
 tests/__snapshots__/pipeline9-sample003-issue-094.snap.svg
 tests/__snapshots__/pipeline9-sample003-issue-095.snap.svg
 tests/__snapshots__/pipeline9-sample003-issue-096.snap.svg
 tests/__snapshots__/pipeline9-sample003-issue-097.snap.svg
 tests/__snapshots__/pipeline9-sample003-issue-098.snap.svg
 tests/__snapshots__/pipeline9-sample003-issue-099.snap.svg
 tests/__snapshots__/pipeline9-sample003-issue-100.snap.svg
 tests/__snapshots__/pipeline9-sample003-issue-101.snap.svg
 tests/__snapshots__/pipeline9-sample003-issue-102.snap.svg
 tests/__snapshots__/pipeline9-sample003-issue-103.snap.svg
 tests/__snapshots__/pipeline9-sample003-issue-104.snap.svg
 tests/__snapshots__/pipeline9-sample003-issue-105.snap.svg
 tests/__snapshots__/pipeline9-sample003-issue-106.snap.svg
 tests/__snapshots__/pipeline9-sample003-issue-107.snap.svg
 tests/__snapshots__/pipeline9-sample003-issue-108.snap.svg
 tests/__snapshots__/pipeline9-sample003-issue-109.snap.svg
 tests/__snapshots__/pipeline9-sample003-issue-110.snap.svg
 tests/__snapshots__/pipeline9-sample003-issue-111.snap.svg
 tests/__snapshots__/pipeline9-sample003-issue-112.snap.svg
 tests/__snapshots__/pipeline9-sample003-issue-113.snap.svg
 tests/__snapshots__/pipeline9-sample003-issue-114.snap.svg
 tests/__snapshots__/pipeline9-sample003-issue-115.snap.svg
 tests/__snapshots__/pipeline9-sample003-issue-116.snap.svg
 tests/__snapshots__/pipeline9-sample003-issue-117.snap.svg
 tests/__snapshots__/pipeline9-sample003-issue-118.snap.svg
 tests/__snapshots__/pipeline9-sample003-issue-119.snap.svg
 tests/__snapshots__/pipeline9-sample003-issue-120.snap.svg
 tests/__snapshots__/pipeline9-sample003-issue-121.snap.svg
 tests/__snapshots__/pipeline9-sample003-issue-122.snap.svg
 tests/__snapshots__/pipeline9-sample003-issue-123.snap.svg
 tests/__snapshots__/pipeline9-sample003-issue-124.snap.svg
 tests/__snapshots__/pipeline9-sample003-issue-125.snap.svg
 tests/__snapshots__/pipeline9-sample003-issue-126.snap.svg
 < 304 Not Modified
< Date: Sat, 03 Oct 2026 22:27:46 GMT
< Connection: keep-alive
< set-cookie: __cf_bm=ikB.8MXuac.OkEGfxI4WBnvJiItjmFBYlrLyzjxzucQ-1791066466.5297036-1.0.1.1-8uzHer.sWb6ZDcwYpf7zQV8l4F9nwO5gsVMQsHpeu1o68ko5mP2y7W4eeHOcCR.nCBSBGw4xdhARORo4imvvGYaP6VPESHZWuwqAZ8oJ1gfKMGSTFnAmAfYqOOgEBaas; HttpOnly; SameSite=None; Secure; Path=/; Domain=npmjs.org; Expires=Sat, 03 Oct 2026 22:57:46 GMT
< set-cookie: _cfuvid=4IjPcxI39z_juxgdZC3A_0vNHhjKADtxNFP4oDWhAVo-1791066466.5297036-1.0.1.1-9AsPPIxmp64SbSP3zSIvGgepxAI.3qU89TbCTjEMMEs; HttpOnly; SameSite=None; Secure; Path=/; Domain=npmjs.org
< CF-Ray: a44f6047cecb51a4-TIA
< CF-Cache-Status: HIT
< Access-Control-Allow-Origin: *
< Cache-Control: public, max-age=300
< ETag: "03ded591a72ca855ea27aa1d5e3d65c2"
< Last-Modified: Fri, 17 Nov 2023 20:46:52 GMT
< Server: cloudflare

[PackageManager] waiting for 38 tasks
    [202.18ms]
Downloaded component-emitter versions
   - "component-emitter": "^1.2.1" - component-emitter@1.3.1
tests/__snapshots__/pipeline9-sample003-issue-127.snap.svg
 tests/__snapshots__/pipeline9-sample003-issue-128.snap.svg
 tests/__snapshots__/pipeline9-sample003-issue-129.snap.svg
 tests/__snapshots__/pipeline9-sample003-issue-130.snap.svg
 tests/__snapshots__/pipeline9-sample003-issue-131.snap.svg
 tests/__snapshots__/pipeline9-sample003-issue-132.snap.svg
 tests/__snapshots__/pipeline9-sample003-issue-133.snap.svg
 tests/__snapshots__/pipeline9-sample003-issue-134.snap.svg
 tests/__snapshots__/pipeline9-sample003-issue-135.snap.svg
 tests/__snapshots__/pipeline9-sample003-issue-136.snap.svg
 tests/__snapshots__/pipeline9-sample003-issue-137.snap.svg
 tests/__snapshots__/pipeline9-sample003-issue-138.snap.svg
 tests/__snapshots__/pipeline9-sample003-issue-139.snap.svg
 tests/__snapshots__/pipeline9-sample003-issue-140.snap.svg
 tests/__snapshots__/pipeline9-sample003-issue-141.snap.svg
 tests/__snapshots__/pipeline9-sample003-issue-142.snap.svg
 tests/__snapshots__/pipeline9-sample003-issue-143.snap.svg
 tests/__snapshots__/pipeline9-sample003-issue-144.snap.svg
 tests/__snapshots__/pipeline9-sample003-issue-145.snap.svg
 tests/__snapshots__/pipeline9-sample003-issue-146.snap.svg
 tests/__snapshots__/pipeline9-sample003-issue-147.snap.svg
 tests/__snapshots__/pipeline9-sample003-issue-148.snap.svg
 tests/__snapshots__/pipeline9-sample003-issue-149.snap.svg
 tests/__snapshots__/pipeline9-sample003-issue-150.snap.svg
 tests/__snapshots__/pipeline9-sample003-issue-151.snap.svg
 tests/__snapshots__/pipeline9-sample003-issue-152.snap.svg
 tests/__snapshots__/pipeline9-sample003-issue-153.snap.svg
 tests/__snapshots__/pipeline9-sample003-issue-154.snap.svg
 tests/__snapshots__/pipeline9-sample003-issue-155.snap.svg
 tests/__snapshots__/pipeline9-sample003-issue-156.snap.svg
 tests/__snapshots__/pipeline9-sample003-issue-157.snap.svg
 tests/__snapshots__/pipeline9-sample003-issue-158.snap.svg
 tests/__snapshots__/pipeline9-sample003-issue-159.snap.svg
 tests/__snapshots__/pipeline9-sample003-issue-160.snap.svg
 tests/__snapshots__/pipeline9-sample003-issue-161.snap.svg
 tests/__snapshots__/pipeline9-sample003-issue-162.snap.svg
 tests/__snapshots__/pipeline9-sample003-issue-163.snap.svg
 tests/__snapshots__/pipeline9-sample003-issue-164.snap.svg
 tests/__snapshots__/pipeline9-sample003-issue-165.snap.svg
 tests/__snapshots__/pipeline9-sample003-issue-166.snap.svg
 tests/__snapshots__/pipeline9-sample003-issue-167.snap.svg
 tests/__snapshots__/pipeline9-sample003-issue-168.snap.svg
 tests/__snapshots__/pipeline9-sample003-issue-169.snap.svg
 tests/__snapshots__/pipeline9-sample003-issue-170.snap.svg
 tests/__snapshots__/pipeline9-sample003-issue-171.snap.svg
 tests/__snapshots__/pipeline9-sample003-issue-172.snap.svg
 tests/__snapshots__/pipeline9-sample003-issue-173.snap.svg
 tests/__snapshots__/pipeline9-sample003-issue-174.snap.svg
 tests/__snapshots__/pipeline9-sample003-issue-175.snap.svg
 tests/__snapshots__/pipeline9-sample003-issue-176.snap.svg
 tests/__snapshots__/pipeline9-sample003-issue-177.snap.svg
 tests/__snapshots__/pipeline9-sample003-issue-178.snap.svg
 tests/__snapshots__/pipeline9-sample003-issue-179.snap.svg
 tests/__snapshots__/pipeline9-sample003-issue-180.snap.svg
 tests/__snapshots__/pipeline9-sample003-issue-181.snap.svg
 tests/__snapshots__/pipeline9-sample003-issue-182.snap.svg
 tests/__snapshots__/pipeline9-sample003-issue-183.snap.svg
 tests/__snapshots__/pipeline9-sample003-issue-184.snap.svg
 tests/__snapshots__/pipeline9-sample003-issue-185.snap.svg
 tests/__snapshots__/pipeline9-sample003-issue-186.snap.svg
 tests/__snapshots__/pipeline9-sample003-issue-187.snap.svg
 tests/__snapshots__/pipeline9-sample003-issue-188.snap.svg
 tests/__snapshots__/pipeline9-sample003-issue-189.snap.svg
 tests/__snapshots__/pipeline9-sample003-issue-190.snap.svg
 tests/__snapshots__/pipeline9-sample003-issue-191.snap.svg
 tests/__snapshots__/pipeline9-sample003-issue-192.snap.svg
 tests/__snapshots__/pipeline9-sample003-issue-193.snap.svg
 tests/__snapshots__/pipeline9-sample003-issue-194.snap.svg
 tests/__snapshots__/pipeline9-sample003-issue-195.snap.svg
 tests/__snapshots__/pipeline9-sample003-issue-196.snap.svg
 tests/__snapshots__/pipeline9-sample003-issue-197.snap.svg
 tests/__snapshots__/pipeline9-sample003-issue-198.snap.svg
 tests/__snapshots__/pipeline9-sample003-issue-199.snap.svg
 tests/__snapshots__/pipeline9-sample003-issue-200.snap.svg
 tests/__snapshots__/pipeline9-sample003-issue-201.snap.svg
 tests/__snapshots__/pipeline9-sample003-issue-202.snap.svg
 tests/__snapshots__/pipeline9-sample003-issue-203.snap.svg
 tests/__snapshots__/pipeline9-sample003-issue-204.snap.svg
 tests/__snapshots__/pipeline9-sample003-issue-205.snap.svg
 tests/__snapshots__/pipeline9-sample003-issue-206.snap.svg
 tests/__snapshots__/pipeline9-sample003-issue-207.snap.svg
 tests/__snapshots__/pipeline9-sample003-issue-208.snap.svg
 tests/__snapshots__/pipeline9-sample003-issue-209.snap.svg
 tests/__snapshots__/pipeline9-sample003-issue-210.snap.svg
 tests/__snapshots__/pipeline9-sample003-issue-211.snap.svg
 tests/__snapshots__/pipeline9-sample003-issue-212.snap.svg
 tests/__snapshots__/pipeline9-sample003-issue-213.snap.svg
 tests/__snapshots__/pipeline9-sample003-issue-214.snap.svg
 tests/__snapshots__/pipeline9-sample003-issue-215.snap.svg
 tests/__snapshots__/pipeline9-sample003-issue-216.snap.svg
 tests/__snapshots__/pipeline9-sample003-issue-217.snap.svg
 tests/__snapshots__/pipeline9-sample003-issue-218.snap.svg
 tests/__snapshots__/pipeline9-sample003-issue-219.snap.svg
 tests/__snapshots__/pipeline9-sample003-issue-220.snap.svg
 tests/__snapshots__/pipeline9-sample003-issue-221.snap.svg
 tests/__snapshots__/pipeline9-sample003-issue-222.snap.svg
 tests/__snapshots__/pipeline9-sample003-issue-223.snap.svg
 tests/__snapshots__/pipeline9-sample003-issue-224.snap.svg
 tests/__snapshots__/pipeline9-sample003-issue-225.snap.svg
 tests/__snapshots__/pipeline9-sample003-issue-226.snap.svg
 tests/__snapshots__/pipeline9-sample003-issue-227.snap.svg
 tests/__snapshots__/pipeline9-sample003-issue-228.snap.svg
 tests/__snapshots__/pipeline9-sample003-issue-229.snap.svg
 tests/__snapshots__/pipeline9-sample003-issue-230.snap.svg
 tests/__snapshots__/pipeline9-sample003-issue-231.snap.svg
 tests/__snapshots__/pipeline9-sample003-issue-232.snap.svg
 tests/__snapshots__/pipeline9-sample003-issue-233.snap.svg
 tests/__snapshots__/pipeline9-sample003-issue-234.snap.svg
 tests/__snapshots__/pipeline9-sample003-issue-235.snap.svg
 tests/__snapshots__/pipeline9-sample003-issue-236.snap.svg
 tests/__snapshots__/pipeline9-sample003-issue-237.snap.svg
 tests/__snapshots__/pipeline9-sample003-issue-238.snap.svg
 tests/__snapshots__/pipeline9-sample003-issue-239.snap.svg
 tests/__snapshots__/pipeline9-sample003-issue-240.snap.svg
 tests/__snapshots__/pipeline9-sample003-issue-241.snap.svg
 tests/__snapshots__/pipeline9-sample003-issue-242.snap.svg
 tests/__snapshots__/pipeline9-sample003-issue-243.snap.svg
 tests/__snapshots__/pipeline9-sample003-issue-244.snap.svg
 tests/__snapshots__/pipeline9-sample003-issue-245.snap.svg
 tests/__snapshots__/pipeline9-sample003-issue-246.snap.svg
 tests/__snapshots__/pipeline9-sample003-issue-247.snap.svg
 tests/__snapshots__/pipeline9-sample003-issue-248.snap.svg
 tests/__snapshots__/pipeline9-sample003-issue-249.snap.svg
 tests/__snapshots__/pipeline9-sample003-issue-250.snap.svg
 tests/__snapshots__/pipeline9-sample003-issue-251.snap.svg
 tests/__snapshots__/pipeline9-sample003-issue-252.snap.svg
 tests/__snapshots__/pipeline9-sample003-issue-253.snap.svg
 tests/__snapshots__/pipeline9-sample003-issue-254.snap.svg
 tests/__snapshots__/pipeline9-sample003-issue-255.snap.svg
 tests/__snapshots__/pipeline9-sample003-issue-256.snap.svg
 tests/__snapshots__/pipeline9-sample003-issue-257.snap.svg
 tests/__snapshots__/pipeline9-sample003-issue-258.snap.svg
 tests/__snapshots__/pipeline9-sample003-issue-259.snap.svg
 tests/__snapshots__/pipeline9-sample003-issue-260.snap.svg
 tests/__snapshots__/pipeline9-sample003-issue-261.snap.svg
 tests/__snapshots__/pipeline9-sample003-issue-262.snap.svg
 < 304 Not Modified
< Date: Sat, 03 Oct 2026 22:27:46 GMT
< Connection: keep-alive
< set-cookie: __cf_bm=feGMlX7fCPnXE6bjDja1vE5saRX6nmLaT95Tk_CeUsA-1791066466.7248363-1.0.1.1-MNMzwLqYSshUOxbsAXk6gMFdFyT2rAembcqLWpfCEMU6UK1JjH7D1uJzQB.PzxDmItVqCDjAOhLx.vpXP6x7nfpGKj4C8uixY_MD3f7C2pY9jFCiIul8Ras7ND5HVUvU; HttpOnly; SameSite=None; Secure; Path=/; Domain=npmjs.org; Expires=Sat, 03 Oct 2026 22:57:46 GMT
< set-cookie: _cfuvid=XqIjoLvH7aG3OLu8soYRwwB2Z7.1Oguk4DHyeg5EZYI-1791066466.7248363-1.0.1.1-KSdHpJ68OdsW2CIGfMEvzMzK_jkvH8CzZ9rJVuAgp8E; HttpOnly; SameSite=None; Secure; Path=/; Domain=npmjs.org
< CF-Ray: a44f60490fb051a4-TIA
< CF-Cache-Status: HIT
< Access-Control-Allow-Origin: *
< Age: 234
< Cache-Control: public, max-age=300
< ETag: "43b38103ec9779ed6d4935c78dc43c86"
< Last-Modified: Mon, 27 Jun 2022 07:24:17 GMT
< Server: cloudflare

[PackageManager] waiting for 37 tasks
    [17.24ms]
Downloaded to-object-path versions
   - "to-object-path": "^0.3.0" - to-object-path@0.3.0
< 304 Not Modified
< Date: Sat, 03 Oct 2026 22:27:46 GMT
< Connection: keep-alive
< set-cookie: __cf_bm=qKc1cuA0IjsFEIZK4zbKRNvW4i935TeDEZJsyGFvW0k-1791066466.724928-1.0.1.1-KU_LshOvhqy72NpPrM0ds1mgSmb.F38jSwWbiYPEq1urwhXXEsziPofBPY_fQisM3YQ_g9hu3havhjQNHHUq08RR5rnhT8UDJQNAFT3r9oLLrBuxyoNWmtBd60zf7RsM; HttpOnly; SameSite=None; Secure; Path=/; Domain=npmjs.org; Expires=Sat, 03 Oct 2026 22:57:46 GMT
< set-cookie: _cfuvid=7q5AZ3sAAxpAVWASV.AjONF7YEdp2Sb8YgVpjBfZgAQ-1791066466.724928-1.0.1.1-Gt7fkWYK6YcSUUyEsCdEPE_9FenrEdtvWXV9RIuW.vM; HttpOnly; SameSite=None; Secure; Path=/; Domain=npmjs.org
< CF-Ray: a44f60490914f474-TIA
< CF-Cache-Status: HIT
< Access-Control-Allow-Origin: *
< Age: 241
< Cache-Control: public, max-age=300
< ETag: "5443b7db97518c8423738d422615e114"
< Last-Modified: Tue, 28 Jun 2022 05:18:37 GMT
< Server: cloudflare

< 304 Not Modified
< Date: Sat, 03 Oct 2026 22:27:46 GMT
< Connection: keep-alive
< set-cookie: __cf_bm=wDOMCR4D9TCbxo879T0GMdk4leO5jglks_H5DtH4zg8-1791066466.7252972-1.0.1.1-MXyXoDUYaoFqnGMuulBBWJCM_5P7D5tJsRobTkPedmVt4vG3jK98GPMWvoUQjvv9jpdlTH1Cwqb.60v5K5Mup830kJWtA9FpA1gbHicbpph9GZE2qFzCucLVxDlPaKid; HttpOnly; SameSite=None; Secure; Path=/; Domain=npmjs.org; Expires=Sat, 03 Oct 2026 22:57:46 GMT
< set-cookie: _cfuvid=M448.Yt1nXaLuVWbg.l8s9foc6hbbVIyhP_V.U1v4xM-1791066466.7252972-1.0.1.1-oL6IczyTpTClVikzmTiG.8qM3eMxgP.Jjs32waM_IPw; HttpOnly; SameSite=None; Secure; Path=/; Domain=npmjs.org
< CF-Ray: a44f60490913f474-TIA
< CF-Cache-Status: HIT
< Access-Control-Allow-Origin: *
< Age: 234
< Cache-Control: public, max-age=300
< ETag: "695bf25611fbf7c129d3478dc73f9cab"
< Last-Modified: Sat, 18 Jun 2022 19:26:34 GMT
< Server: cloudflare

[PackageManager] waiting for 36 tasks
    [17.33ms]
Downloaded unset-value versions
   - "unset-value": "^1.0.0" - unset-value@1.0.0
    [17.40ms]
Downloaded has-value versions
   - "has-value": "^1.0.0" - has-value@1.0.0
   - "has-value": "^0.3.1" - has-value@0.3.1
Enqueue package manifest for download: has-values
   - "isobject": "^2.0.0" - isobject@2.1.0
> HTTP/1.1 GET https://registry.npmjs.org/has-values
> If-None-Match: W/"577327a07873d0641f41d30f48075f26"
> Accept: application/vnd.npm.install-v1+json; q=1.0, application/json; q=0.8, */*
> Connection: keep-alive
> User-Agent: Bun/1.3.9
> Host: registry.npmjs.org
> Accept-Encoding: gzip, deflate, br, zstd

< 304 Not Modified
< Date: Sat, 03 Oct 2026 22:27:46 GMT
< Connection: keep-alive
< set-cookie: __cf_bm=pQI5kH1WMqoXKdwASy600LqgWzwOl0AYcxcBSkUPW.I-1791066466.7249455-1.0.1.1-j3wk8DcGLtCo60d5EiyNoqzb0C7jr.iCXF.OYw1vFxYIwLsPhLs1bGStE.w8H.40BsABhd3qz1OntM2iupjkqkKWaecFDwutmBfKj9kvTlQB30cyDVCF3toPk76k8SJK; HttpOnly; SameSite=None; Secure; Path=/; Domain=npmjs.org; Expires=Sat, 03 Oct 2026 22:57:46 GMT
< set-cookie: _cfuvid=NPVV22b5lHZ9T.AM6UbKpVpp5bx_1wo8xQjAkrNbvQU-1791066466.7249455-1.0.1.1-U4PYo5fGQELK4FpQAUaqlJCyPGLfGaF7_XTOBwhG3nQ; HttpOnly; SameSite=None; Secure; Path=/; Domain=npmjs.org
< CF-Ray: a44f604908d47c08-TIA
< CF-Cache-Status: HIT
< Access-Control-Allow-Origin: *
< Age: 210
< Cache-Control: public, max-age=300
< ETag: "f9d9c5414c27289ab7cf6641ca23a881"
< Last-Modified: Thu, 28 May 2026 18:11:41 GMT
< Server: cloudflare

[PackageManager] waiting for 35 tasks
< 304 Not Modified
< Date: Sat, 03 Oct 2026 22:27:46 GMT
< Connection: keep-alive
< set-cookie: __cf_bm=UTNVUZGp7xALjSdjzvjhca3IAnUFvh8kG_h94WLtXOk-1791066466.7247725-1.0.1.1-2v1YhRe08gtha_xyXJ5MWgZg5DHPi4eYIcN5RWOrb5Lkbj2UwV0xOEqD0MWXKdamanKAQFw7DqUDfyDSkP82eZW8.1r45klJpBtxmmpa9M_XjqOOUKfSieEgu2WzvOR2; HttpOnly; SameSite=None; Secure; Path=/; Domain=npmjs.org; Expires=Sat, 03 Oct 2026 22:57:46 GMT
< set-cookie: _cfuvid=FGgqfBiiK26kcyLAEX8VEgAMidm0lJYz2Z2FC6lihSo-1791066466.7247725-1.0.1.1-6oR.U_VdEEEfUo_VQTQBpfWTFAHfrD9n1DXu8fwsD1I; HttpOnly; SameSite=None; Secure; Path=/; Domain=npmjs.org
< CF-Ray: a44f604908985f50-TIA
< CF-Cache-Status: HIT
< Access-Control-Allow-Origin: *
< Age: 187
< Cache-Control: public, max-age=300
< ETag: "eddb54ebe2e9d28aeac2e45ea248c170"
< Last-Modified: Mon, 13 Jun 2022 06:30:31 GMT
< Server: cloudflare

    [20.03ms]
Downloaded hasown versions
   - "hasown": "^2.0.0" - hasown@2.0.4
Enqueue package manifest for download: function-bind
[PackageManager] waiting for 35 tasks
    [20.42ms]
Downloaded collection-visit versions
> HTTP/1.1 GET https://registry.npmjs.org/function-bind
> If-None-Match: W/"29b73f3637c547cece194329c409d23f"
> Accept: application/vnd.npm.install-v1+json; q=1.0, application/json; q=0.8, */*
> Connection: keep-alive
> User-Agent: Bun/1.3.9
> Host: registry.npmjs.org
> Accept-Encoding: gzip, deflate, br, zstd

   - "collection-visit": "^1.0.0" - collection-visit@1.0.0
Enqueue package manifest for download: map-visit
Enqueue package manifest for download: object-visit
> HTTP/1.1 GET https://registry.npmjs.org/map-visit
> If-None-Match: W/"b428e54a3089c986ab8da605cbad6882"
> Accept: application/vnd.npm.install-v1+json; q=1.0, application/json; q=0.8, */*
> Connection: keep-alive
> User-Agent: Bun/1.3.9
> Host: registry.npmjs.org
> Accept-Encoding: gzip, deflate, br, zstd

> HTTP/1.1 GET https://registry.npmjs.org/object-visit
> If-None-Match: W/"ffab1d79f59ce80ccf9e16b06a25b0d9"
> Accept: application/vnd.npm.install-v1+json; q=1.0, application/json; q=0.8, */*
> Connection: keep-alive
> User-Agent: Bun/1.3.9
> Host: registry.npmjs.org
> Accept-Encoding: gzip, deflate, br, zstd

tests/__snapshots__/pipeline9-sample003-issue-263.snap.svg
 tests/__snapshots__/pipeline9-sample003-issue-264.snap.svg
 tests/__snapshots__/pipeline9-sample003-issue-265.snap.svg
 tests/__snapshots__/pipeline9-sample003-issue-266.snap.svg
 tests/__snapshots__/pipeline9-sample003-issue-267.snap.svg
 tests/__snapshots__/pipeline9-sample003-issue-268.snap.svg
 tests/__snapshots__/pipeline9-sample003-issue-269.snap.svg
 tests/__snapshots__/pipeline9-sample003-issue-270.snap.svg
 tests/__snapshots__/pipeline9-sample003-issue-271.snap.svg
 tests/__snapshots__/pipeline9-sample003-issue-272.snap.svg
 tests/__snapshots__/pipeline9-sample003-issue-273.snap.svg
 tests/__snapshots__/pipeline9-sample003-issue-274.snap.svg
 tests/__snapshots__/pipeline9-sample003-issue-275.snap.svg
 tests/__snapshots__/pipeline9-sample003-issue-276.snap.svg
 tests/__snapshots__/pipeline9-sample003-issue-277.snap.svg
 tests/__snapshots__/pipeline9-sample003-issue-278.snap.svg
 tests/__snapshots__/pipeline9-sample003-issue-279.snap.svg
 tests/__snapshots__/pipeline9-sample003-issue-280.snap.svg
 tests/__snapshots__/pipeline9-sample003-issue-281.snap.svg
 tests/__snapshots__/pipeline9-sample003-issue-282.snap.svg
 tests/__snapshots__/pipeline9-sample003-issue-283.snap.svg
 tests/__snapshots__/pipeline9-sample003-issue-284.snap.svg
 tests/__snapshots__/pipeline9-sample003-issue-285.snap.svg
 tests/__snapshots__/pipeline9-sample003-issue-286.snap.svg
 tests/__snapshots__/pipeline9-sample003-issue-287.snap.svg
 tests/__snapshots__/pipeline9-sample003-issue-288.snap.svg
 tests/__snapshots__/pipeline9-sample003-issue-289.snap.svg
 tests/__snapshots__/pipeline9-sample003-issue-290.snap.svg
 tests/__snapshots__/pipeline9-sample003-issue-291.snap.svg
 tests/__snapshots__/pipeline9-sample003-issue-292.snap.svg
 tests/__snapshots__/pipeline9-sample003-issue-293.snap.svg
 tests/__snapshots__/pipeline9-sample003-issue-294.snap.svg
 tests/__snapshots__/pipeline9-sample003-issue-295.snap.svg
 tests/__snapshots__/pipeline9-sample003-issue-296.snap.svg
 tests/__snapshots__/pipeline9-sample003-issue-297.snap.svg
 tests/__snapshots__/pipeline9-sample003-issue-298.snap.svg
 tests/__snapshots__/pipeline9-sample003-issue-299.snap.svg
 tests/__snapshots__/pipeline9-sample003-issue-300.snap.svg
 tests/__snapshots__/pipeline9-sample003-issue-301.snap.svg
 tests/__snapshots__/pipeline9-sample003-issue-302.snap.svg
 tests/__snapshots__/pipeline9-sample003-issue-303.snap.svg
 tests/__snapshots__/pipeline9-sample003-issue-304.snap.svg
 tests/__snapshots__/pipeline9-sample003-issue-305.snap.svg
 tests/__snapshots__/pipeline9-sample003-issue-306.snap.svg
 tests/__snapshots__/pipeline9-sample003-issue-307.snap.svg
 tests/__snapshots__/pipeline9-sample003-issue-308.snap.svg
 tests/__snapshots__/pipeline9-sample003-issue-309.snap.svg
 tests/__snapshots__/pipeline9-sample003-issue-310.snap.svg
 tests/__snapshots__/pipeline9-sample003-issue-311.snap.svg
 tests/__snapshots__/pipeline9-sample003-issue-312.snap.svg
 tests/__snapshots__/pipeline9-sample003-issue-313.snap.svg
 tests/__snapshots__/pipeline9-sample003-issue-314.snap.svg
 tests/__snapshots__/pipeline9-sample003-issue-315.snap.svg
 tests/__snapshots__/pipeline9-sample003-issue-316.snap.svg
 tests/__snapshots__/pipeline9-sample003-issue-317.snap.svg
 tests/__snapshots__/pipeline9-sample003-issue-318.snap.svg
 tests/__snapshots__/pipeline9-sample003-issue-319.snap.svg
 tests/__snapshots__/pipeline9-sample003-issue-320.snap.svg
 tests/__snapshots__/pipeline9-sample003-overview.snap.svg
 tests/__snapshots__/pipeline9-visual.test.ts.snap
 tests/fixtures/
 tests/fixtures/README.md
 tests/fixtures/dataset-srj18-sample003.input.json
 tests/fixtures/dataset-srj18-sample003.routed.json
 tests/fixtures/make-srj.ts
 tests/fixtures/preload.ts
 tests/input.test.ts
 tests/odd-angle.test.ts
 tests/pipeline9-visual.test.ts
 tests/srj-entry.test.ts
 tsconfig.json
 vite.config.ts
[@tscircuit/pcb-trace-linter] Extract .bddfaf7f7ff3dfbe-0000000A.pcb-trace-linter (decompressed 0.27 MB tgz file in 1.413ms)
[@tscircuit/pcb-trace-linter] Extracted to .bddfaf7f7ff3dfbe-0000000A.pcb-trace-linter (34.392ms)
[PackageManager] waiting for 36 tasks
< 304 Not Modified
< Date: Sat, 03 Oct 2026 22:27:46 GMT
< Connection: keep-alive
< set-cookie: __cf_bm=TyJn1YIQA4aCkuUcXbVwIjCjjVAK0F323zJm1Sk04xw-1791066466.5500371-1.0.1.1-IVBNysQ5tcWHIVnOhHthLs0PrBxs_gOc9J8SjNBtUlHte9dxr5TjldjsR7Tbm2wtSqYDCoVMeYHRGGqB4.a2nse_gE7kl6KZsCJWwvSxiGXtJM9sx2Ua8k_El0DDU.qD; HttpOnly; SameSite=None; Secure; Path=/; Domain=npmjs.org; Expires=Sat, 03 Oct 2026 22:57:46 GMT
< set-cookie: _cfuvid=XyKNsSkEzU_IJX0JDQogmEnY3UB.YP0_ND38NEe02Vk-1791066466.5500371-1.0.1.1-HT5RCICGVsTXKo7fTvQ1V46J_qLi_399x44KgTudR7s; HttpOnly; SameSite=None; Secure; Path=/; Domain=npmjs.org
< CF-Ray: a44f6047e811f474-TIA
< CF-Cache-Status: HIT
< Access-Control-Allow-Origin: *
< Cache-Control: public, max-age=300
< ETag: "5a68bd84947adc71ca19c13c474d8805"
< Last-Modified: Mon, 16 Jun 2025 13:29:02 GMT
< Server: cloudflare

   - "@tscircuit/pcb-trace-linter": "file:../pcb-trace-linter-A22" - @tscircuit/pcb-trace-linter@../pcb-trace-linter-A22
   - "@tscircuit/pcb-trace-linter": "file:../pcb-trace-linter-A22" - @tscircuit/pcb-trace-linter@../pcb-trace-linter-A22
   - "@tscircuit/copper-pour-solver": "^0.0.59" - @tscircuit/copper-pour-solver@0.0.59
   - "@tscircuit/core": "0.0.1974" - @tscircuit/core@0.0.1974
Enqueue package manifest for download: @tscircuit/schematic-trace-solver
   - "@tscircuit/solver-utils": "^0.0.21" - @tscircuit/solver-utils@0.0.21
   - "calculate-elbow": "^0.0.13" - calculate-elbow@0.0.13
   - "circuit-json": "0.0.501" - circuit-json@0.0.501
   - "calculate-packing": "^0.0.89" - calculate-packing@0.0.89
   - "calculate-cell-boundaries": "^0.0.21" - calculate-cell-boundaries@0.0.21
[PackageManager] waiting for 36 tasks
> HTTP/1.1 GET https://registry.npmjs.org/@tscircuit%2fschematic-trace-solver
> If-None-Match: W/"241d2c7f45ac56f2dcdf673d1ce62995"
> Accept: application/vnd.npm.install-v1+json; q=1.0, application/json; q=0.8, */*
> Connection: keep-alive
> User-Agent: Bun/1.3.9
> Host: registry.npmjs.org
> Accept-Encoding: gzip, deflate, br, zstd

    [206.42ms]
Downloaded end-of-stream versions
< 304 Not Modified
< Date: Sat, 03 Oct 2026 22:27:46 GMT
< Connection: keep-alive
< set-cookie: __cf_bm=bPqBLqmFRfTX8QCsuDCrbV5zOChRAjEByDKDzzGo8yQ-1791066466.5499537-1.0.1.1-xpWqNG8F7Bx2nm.XkKRE_ETJNwujlcK7.LAM1Oqnx_egUqXjNrWvdW03RYJhWUFJyVXYFVoifj5lRPq_zDON5hSRwTUT6X4r2MDSwJHL4fn4GpEDPciP9pIdkzGeq9uW; HttpOnly; SameSite=None; Secure; Path=/; Domain=npmjs.org; Expires=Sat, 03 Oct 2026 22:57:46 GMT
< set-cookie: _cfuvid=BuWVa7zD2JzHmdZ7qIet50ATSjjPD_2Vq_PoORZkScs-1791066466.5499537-1.0.1.1-VU4DOHyau_4cnsP980iboZoSIhgyxaB5gM0SvNImcLg; HttpOnly; SameSite=None; Secure; Path=/; Domain=npmjs.org
< CF-Ray: a44f6047eedd51a4-TIA
< CF-Cache-Status: HIT
< Access-Control-Allow-Origin: *
< Cache-Control: public, max-age=300
< ETag: "92b3f31d51a6cc7f733589f18aa77a1f"
< Last-Modified: Wed, 12 Jul 2023 19:12:42 GMT
< Server: cloudflare

< 304 Not Modified
< Date: Sat, 03 Oct 2026 22:27:46 GMT
< Connection: keep-alive
< set-cookie: __cf_bm=m8mQkaHRDImMueDNSX2ehBnU2EuZDNL0zDsj1Ugi4Ts-1791066466.6870735-1.0.1.1-5UbCmdBL3nXvlq9HC9ew6emTfeSQ9mFhWDMtGvWInb1mPWqfE_mNYt0uiLSq0cDl4.fQ0O5T1TXk8XQpsjQFWHaD3WHLn0iOnNd8JPGnFFG7mlkE3SmYsq23HHUn9I1v; HttpOnly; SameSite=None; Secure; Path=/; Domain=npmjs.org; Expires=Sat, 03 Oct 2026 22:57:46 GMT
< set-cookie: _cfuvid=yA6cVeIb15YSTP5t1G9e6kiPAwwEqeauCiSu5sgnOYs-1791066466.6870735-1.0.1.1-AyUhITcw_K.GU2kThj4AcNTEV.TSOGqXuatq9zYWCQU; HttpOnly; SameSite=None; Secure; Path=/; Domain=npmjs.org
< CF-Ray: a44f6048cc7f9b00-TIA
< CF-Cache-Status: HIT
< Access-Control-Allow-Origin: *
< Age: 220
< Cache-Control: public, max-age=300
< ETag: "77a08e1dd1d4138d84cb0bb071af6d05"
< Last-Modified: Wed, 10 Sep 2025 20:12:51 GMT
< Server: cloudflare

< 304 Not Modified
< Date: Sat, 03 Oct 2026 22:27:46 GMT
< Connection: keep-alive
< set-cookie: __cf_bm=Lm4UGGzg5den56r0SfS8bA.UYAhmGp09ob4V9rtfWnM-1791066466.6873682-1.0.1.1-Ld8oQJ992hGL.wsV0xi7pDvqy536HPehIAq.ZkeyELsSKZ018l_r4HHrxVikI.KDF2IBhN.RHKOrH53hPVrqYC6.UrQVqpi3bmyM2P_CHnAy2jYQ8y1dRSJVVW1vaoak; HttpOnly; SameSite=None; Secure; Path=/; Domain=npmjs.org; Expires=Sat, 03 Oct 2026 22:57:46 GMT
< set-cookie: _cfuvid=R66QMW2lm7GWDUiWq3NYWA.WDIqAe3TrMvbaizmp_FY-1791066466.6873682-1.0.1.1-6S2Vwew0SQaftoc22_f1DmB6zWQL6FvtZVLHm0mJk9E; HttpOnly; SameSite=None; Secure; Path=/; Domain=npmjs.org
< CF-Ray: a44f6048c8dbf474-TIA
< CF-Cache-Status: HIT
< Access-Control-Allow-Origin: *
< Age: 219
< Cache-Control: public, max-age=300
< ETag: "46a6205cd3aca1f921bcb6bca0ed04c7"
< Last-Modified: Fri, 24 Jul 2026 15:24:02 GMT
< Server: cloudflare

   - "end-of-stream": "^1.1.0" - end-of-stream@1.4.5
[PackageManager] waiting for 35 tasks
    [208.72ms]
Downloaded for-in versions
   - "for-in": "^1.0.2" - for-in@1.0.2
    [68.30ms]
Downloaded @jridgewell/trace-mapping versions
   - "@jridgewell/trace-mapping": "^0.3.24" - @jridgewell/trace-mapping@0.3.31
    [68.45ms]
Downloaded @octokit/auth-token versions
   - "@octokit/auth-token": "^4.0.0" - @octokit/auth-token@4.0.0
Enqueue package manifest for download: @jridgewell/resolve-uri
> HTTP/1.1 GET https://registry.npmjs.org/@jridgewell%2fresolve-uri
> If-None-Match: W/"a4f8edb6071acd5c7d48138807a13aad"
> Accept: application/vnd.npm.install-v1+json; q=1.0, application/json; q=0.8, */*
> Connection: keep-alive
> User-Agent: Bun/1.3.9
> Host: registry.npmjs.org
> Accept-Encoding: gzip, deflate, br, zstd

< 304 Not Modified
< Date: Sat, 03 Oct 2026 22:27:46 GMT
< Connection: keep-alive
< set-cookie: __cf_bm=Gzk_lRotpj0nX8NIMa.BuTIpCAFoMIkFPkCPKgng8dU-1791066466.6875622-1.0.1.1-GlYDyoG5axD3qlq7.eCL2Ou89nTw9uB9BdubQKpXwQMMdHDcfbgUKuh25lFW8H.LEvAY3jdr5Pf5XETHXyo7TqIMOUXd1U1.yhTYxCtaXrCQdBRIXQwfxPLT1afeKSgO; HttpOnly; SameSite=None; Secure; Path=/; Domain=npmjs.org; Expires=Sat, 03 Oct 2026 22:57:46 GMT
< set-cookie: _cfuvid=5egk2ALX7mCMyL.apFlC.9.aR1tYncKm4NhNhKFH1HU-1791066466.6875622-1.0.1.1-5KcNT1elympERF1e13.fi7CICfdTk.DzdvmR.WzWReI; HttpOnly; SameSite=None; Secure; Path=/; Domain=npmjs.org
< CF-Ray: a44f6048c8517c08-TIA
< CF-Cache-Status: HIT
< Access-Control-Allow-Origin: *
< Age: 272
< Cache-Control: public, max-age=300
< ETag: "f67038bbef5de639669933d571508a77"
< Last-Modified: Sun, 30 Aug 2026 15:17:20 GMT
< Server: cloudflare

< 304 Not Modified
< Date: Sat, 03 Oct 2026 22:27:46 GMT
< Connection: keep-alive
< set-cookie: __cf_bm=WIs1QYpVglvijxYYP_p5UxfT4_tXCNrWPsSipQAhugQ-1791066466.7469356-1.0.1.1-dByH18cnJjm7A95JWzfAkSJGo0Zm2cmDEC4CkIs3KdaE98Fg35c_VGscfwzsM1ssur2xwV0L0IiSTshpa2PFQjz6.uIPhBi7of5CdIVUXR4LgYUdb9sZfkwUtAFRL6YC; HttpOnly; SameSite=None; Secure; Path=/; Domain=npmjs.org; Expires=Sat, 03 Oct 2026 22:57:46 GMT
< set-cookie: _cfuvid=vxx3oZvp5A8akbfOLvR.cgYWZ0C5qxJAnNntU9bUY6w-1791066466.7469356-1.0.1.1-s0h8npPl5oQ3.MRn0TA42O2TS3_Q21hCkuGkEpW6SOw; HttpOnly; SameSite=None; Secure; Path=/; Domain=npmjs.org
< CF-Ray: a44f60492fcd51a4-TIA
< CF-Cache-Status: HIT
< Access-Control-Allow-Origin: *
< Age: 251
< Cache-Control: public, max-age=300
< ETag: "b428e54a3089c986ab8da605cbad6882"
< Last-Modified: Sun, 19 Jun 2022 15:53:21 GMT
< Server: cloudflare

< 304 Not Modified
< Date: Sat, 03 Oct 2026 22:27:46 GMT
< Connection: keep-alive
< set-cookie: __cf_bm=aLCFejra5GF9eujlOGGofTwGllOuR3PkB1Ru1cQlX7k-1791066466.6872604-1.0.1.1-5Z3XEXLdZleVWl93IqDfyWoE89szpXj10tT5LDMOf3VNkz5b5me8I8cXKuOWvqAHN23YGOp_5Joq5kt1uFD9FWGxznzlhnR2vEbzNHIJQ6YZ8X9CTsgnPZ5CxoQr60PD; HttpOnly; SameSite=None; Secure; Path=/; Domain=npmjs.org; Expires=Sat, 03 Oct 2026 22:57:46 GMT
< set-cookie: _cfuvid=fTEVm37667Eyj61HmxTfpgJXdtMMU7OAaxgOgw4XUl8-1791066466.6872604-1.0.1.1-ET28qtYmQeeRASgmChCbAUEk1cUHbFz2DBh.gae3c2k; HttpOnly; SameSite=None; Secure; Path=/; Domain=npmjs.org
< CF-Ray: a44f6048cd8aa5b3-TIA
< CF-Cache-Status: HIT
< Access-Control-Allow-Origin: *
< Age: 229
< Cache-Control: public, max-age=300
< ETag: "a9fca70645d8b3d43f393e1dac304ca6"
< Last-Modified: Sun, 30 Aug 2026 20:56:50 GMT
< Server: cloudflare

[PackageManager] waiting for 33 tasks
    [77.10ms]
Downloaded @octokit/request versions
   - "@octokit/request": "^8.4.1" - @octokit/request@8.4.1
    [21.65ms]
Downloaded map-visit versions
   - "map-visit": "^1.0.0" - map-visit@1.0.0
    [77.14ms]
Downloaded @octokit/graphql versions
   - "@octokit/graphql": "^7.1.0" - @octokit/graphql@7.1.1
Enqueue package manifest for download: @octokit/endpoint
> HTTP/1.1 GET https://registry.npmjs.org/@octokit%2fendpoint
> If-None-Match: W/"26036407a867d5269efb3331ad7fffc9"
> Accept: application/vnd.npm.install-v1+json; q=1.0, application/json; q=0.8, */*
> Connection: keep-alive
> User-Agent: Bun/1.3.9
> Host: registry.npmjs.org
> Accept-Encoding: gzip, deflate, br, zstd

 .github/
 .github/workflows/
 .github/workflows/bun-formatcheck.yml
 .github/workflows/bun-test.yml
 .github/workflows/bun-typecheck.yml
 .gitignore
 AGENTS.md
 LICENSE
 README.md
 biome.json
 bun.lock
 cosmos.config.json
 fixtures/
 fixtures/am62l-soc-fanout.srj.json
 fixtures/create-simplified-am62l-ddr-fixed-layer-distribution.ts
 fixtures/expanded-breakpoint-spacing-1.25-ram.srj.json
 fixtures/expanded-breakpoint-spacing-1.25-soc.srj.json
 fixtures/full-am62l-soc-failing-repro.problem.json
 fixtures/lpddr4-ram-fanout.srj.json
 fixtures/provenance.json
 fixtures/simplified-am62l-ddr-ram-repro-fixed-layer-distribution.ts
 fixtures/simplified-am62l-ddr-ram-repro.srj.json
 fixtures/simplified-am62l-ddr-soc-repro-fixed-layer-distribution.ts
 fixtures/simplified-am62l-ddr-soc-repro.srj.json
 index.html
 lib/
 lib/FixedTargetBgaFanoutSolver.ts
 lib/index.ts
 lib/model/
 lib/model/bestValidPowerSignalSolution.ts
 lib/model/boundedViaLinePathSearch.ts
 lib/model/buildFanoutModel.ts
 lib/model/geometry.ts
 lib/model/powerPlanePlanning.ts
 lib/model/powerSignalCoRouting.ts
 lib/model/signalViaRelocationCandidates.ts
 lib/model/types.ts
 lib/model/viaLineCandidates.ts
 lib/private/
 lib/private/CompatibilityRouteSolver.ts
 lib/private/reference/
 lib/private/reference/am62l-free-space-fanout.ts
 lib/private/reference/create-in-process-autorouter.ts
 lib/private/reference/solve-am62l-free-space-fanout.ts
 lib/private/reference/squared-distance.ts
 lib/stages/
 lib/stages/BuildFanoutModelSolver.ts
 lib/stages/FindFreeSpaceSolver.ts
 lib/stages/PlanCopperPourViaDropsSolver.ts
 lib/stages/PlanSameNetPadClustersSolver.ts
 lib/stages/RankFanoutNetsSolver.ts
 lib/stages/ReferenceRoutingStageSolvers.ts
 lib/stages/ResolvePowerSignalConflictsSolver.ts
 lib/visualize/
 lib/visualize/clampLayerOffset.ts
 lib/visualize/cleanCosmosGraphics.ts
 lib/visualize/getGraphicsLayerIndex.ts
 lib/visualize/getGraphicsLayerOffset.ts
 lib/visualize/inputVisuals.ts
 lib/visualize/layerVisuals.ts
 lib/visualize/modelVisuals.ts
 lib/visualize/offsetGraphicsLayers.ts
 lib/visualize/offsetGraphicsPoint.ts
 lib/visualize/powerPlaneVisuals.ts
 lib/visualize/promoteTraceLinework.ts
 lib/visualize/simpleRouteJsonVisuals.ts
 package.json
 pages/
 pages/FixedTargetFanoutPage.tsx
 pages/LayerOffsetSolverPage.tsx
 pages/expanded-breakpoint-spacing-1.25.page.tsx
 pages/full-am62l-soc-failing-repro.page.tsx
 pages/full-am62l-soc-failing-repro/
 pages/full-am62l-soc-failing-repro/FullAm62lSocFailingReproSolver.ts
 pages/full-am62l-soc-failing-repro/types.ts
 pages/full-am62l-soc-failing-repro/visualizeFullSocProblem.ts
 pages/layer-offset/
 pages/layer-offset/LayerOffsetFixedTargetBgaFanoutSolver.ts
 pages/layer-offset/LayerOffsetFullAm62lSocFailingReproSolver.ts
 pages/layer-offset/normalizeLayerOffsetInput.ts
 pages/layer-offset/parseLayerOffsetInput.ts
 pages/ram-bga.page.tsx
 pages/simplified-am62l-ddr-ram-repro-fixed-layer-distribution.page.tsx
 pages/simplified-am62l-ddr-ram-repro.page.tsx
 pages/simplified-am62l-ddr-soc-repro-fixed-layer-distribution.page.tsx
 pages/simplified-am62l-ddr-soc-repro.page.tsx
 pages/soc-bga.page.tsx
 scripts/
 scripts/derive-fixtures.ts
 scripts/generate-parity-goldens.ts
 scripts/import-simplified-am62l-ddr-repro.ts
 scripts/render-expanded-breakpoint-spacing-1.25.ts
 scripts/sweep-breakout-target-spacing.ts
 scripts/validate-cosmos-export.ts
 tests/
 tests/best-valid-power-signal-solution.test.ts
 tests/breakout-target-spacing-input-normalization.test.ts
 tests/build-fanout-model.test.ts
 tests/complete-top-layer-routes-outward-bends.test.ts
 tests/expanded-spacing-miter-regression.test.ts
 tests/expanded-target-spacing-local-repair.test.ts
 tests/fixed-layer-distribution-helpers.ts
 tests/fixtures/
 tests/fixtures/am62l-soc-fanout.expected-traces.json
 tests/fixtures/lpddr4-ram-fanout.expected-traces.json
 tests/full-am62l-soc-failing-repro.test.ts
 tests/general-via-line-candidates.test.ts
 tests/generic-translated-progression.test.ts
 tests/granular-pipeline-visibility.test.ts
 tests/helpers.ts
 tests/input-immutability.test.ts
 tests/layer-offset-input.test.ts
 tests/lifecycle-guards.test.ts
 tests/offset-graphics-layers.test.ts
 tests/power-plane-outward-edge-via-search.test.ts
 tests/power-plane-signal-priority.test.ts
 tests/ram-output-parity.test.ts
 tests/reversed-connection-order.test.ts
 tests/setup-validation.test.ts
 tests/shuffled-connection-order.test.ts
 tests/simple-route-json-visuals.test.ts
 tests/simplified-am62l-ddr-ram-repro-fixed-layer-distribution.test.ts
 tests/simplified-am62l-ddr-ram-repro.test.ts
 tests/simplified-am62l-ddr-repro.test.ts
 tests/simplified-am62l-ddr-soc-repro-fixed-layer-distribution.test.ts
 tests/soc-output-parity.test.ts
 tests/squared-distance-order.test.ts
 tests/symmetric-via-line-depths.test.ts
 tests/trace-linework-stacking.test.ts
 tsconfig.json
 vercel.json
 vite.config.ts
[@tscircuit/bga-fanout-solver] Extract .bfdbed7e7e2ffce9-00000009.bga-fanout-solver (decompressed 1.13 MB tgz file in 6.081ms)
[@tscircuit/bga-fanout-solver] Extracted to .bfdbed7e7e2ffce9-00000009.bga-fanout-solver (66.715ms)
[PackageManager] waiting for 31 tasks
   - "@tscircuit/core": "0.0.1736" - @tscircuit/core@0.0.1736
   - "calculate-packing": "^0.0.86" - calculate-packing@0.0.86
   - "calculate-cell-boundaries": "^0.0.19" - calculate-cell-boundaries@0.0.19
[PackageManager] waiting for 30 tasks
    [1042.30ms] Downloaded @tsci/tscircuit.ti tarball
< 304 Not Modified
< Date: Sat, 03 Oct 2026 22:27:46 GMT
< Connection: keep-alive
< set-cookie: __cf_bm=6qmMfCEpBXEVhmlIRtdhyQ2X1zklpL6.QybpuknzUyA-1791066466.444754-1.0.1.1-8NiLcYCJq_lvRz5ETDHnjOqXYNbgUyAQFr6dGoPQX58PdvdoHhYGuZJeTHHfz9vGidPO9J90a_ihSCl5l3ywKJb5cFxhYZu1DYHvS1juau7UEowYCe3H6IRGDmZ.pQi2; HttpOnly; SameSite=None; Secure; Path=/; Domain=npmjs.org; Expires=Sat, 03 Oct 2026 22:57:46 GMT
< set-cookie: _cfuvid=g0eHYP1l57bTuJTut7sJ3QzxU4RZXJkwoAdcw7UMmTg-1791066466.444754-1.0.1.1-NxqcY4N686NCpLzqFmHBege9IvsrTXv6271DWEYntDY; HttpOnly; SameSite=None; Secure; Path=/; Domain=npmjs.org
< CF-Ray: a44f60474d55bd99-TIA
< CF-Cache-Status: HIT
< Access-Control-Allow-Origin: *
< Cache-Control: public, max-age=300
< ETag: "659539bcb8f31a4e901473410d77abe2"
< Last-Modified: Thu, 10 Sep 2026 21:12:35 GMT
< Server: cloudflare

[PackageManager] waiting for 30 tasks
    [391.22ms]
Downloaded @babel/runtime versions
   - "@babel/runtime": "^7.17.8" - @babel/runtime@7.29.7
< 304 Not Modified
< Date: Sat, 03 Oct 2026 22:27:46 GMT
< Connection: keep-alive
< set-cookie: __cf_bm=7f7BKjIS4wk7GmODcjTzi1M7M50.A61FCnpEzYbD.EE-1791066466.348328-1.0.1.1-DBc1UpFOzgrA8D728HhdRljJz3QRezamYu0q.JbPgSz7GSnXiRnXdQO4.JVZg7koNmn344IWgguAyIoYj6ZwqLy7kGSw9O8RT2lI2MqZxq6jN3G5mEIkne_3tt3hr_Gs; HttpOnly; SameSite=None; Secure; Path=/; Domain=npmjs.org; Expires=Sat, 03 Oct 2026 22:57:46 GMT
< set-cookie: _cfuvid=wdua8OAE8GfMmoiG_ERsquxjKRFjrzdkm4PZV2Tfw5U-1791066466.348328-1.0.1.1-jsNypUQ2C9Wpc9tVevF8D9mAaL2M9q_ZaS1Cussqygs; HttpOnly; SameSite=None; Secure; Path=/; Domain=npmjs.org
< CF-Ray: a44f6046ace9bd99-TIA
< CF-Cache-Status: REVALIDATED
< Access-Control-Allow-Origin: *
< Cache-Control: public, max-age=300
< ETag: "109d73e822b730ec7f06d6e5a40e6ce3"
< Last-Modified: Fri, 07 Nov 2025 15:59:30 GMT
< Server: cloudflare

[PackageManager] waiting for 29 tasks
< 304 Not Modified
< Date: Sat, 03 Oct 2026 22:27:46 GMT
< Connection: keep-alive
< set-cookie: __cf_bm=oaWiahRPO2TAp2k9CoyKCBGDQpyRNcWGJvlXZaaYqz8-1791066466.6418638-1.0.1.1-IgAw7YNPeNBbhCgO2ZNB.d590_u38ALamEqk59uO3l3xROMgknUVYnstjrHXq5s81qGrYhZ5BITiz5eERm6CQBJeO2FKFa96u9s1DPsgywtHZg3T6tD0WRJ.ncZ17zkM; HttpOnly; SameSite=None; Secure; Path=/; Domain=npmjs.org; Expires=Sat, 03 Oct 2026 22:57:46 GMT
< set-cookie: _cfuvid=bejAkN7tbGNFdXd4E12yBKT7.zV2miqzOlcAS8av7Q8-1791066466.6418638-1.0.1.1-QqWYQGaWCMZy7xDw9nYdzVF1cGDiBDdoHTWVZWT9soU; HttpOnly; SameSite=None; Secure; Path=/; Domain=npmjs.org
< CF-Ray: a44f60488c279b00-TIA
< CF-Cache-Status: HIT
< Access-Control-Allow-Origin: *
< Cache-Control: public, max-age=300
< ETag: "905bd27877823e39333c4bccf5a399b6"
< Last-Modified: Mon, 10 Jul 2023 23:19:24 GMT
< Server: cloudflare

    [495.25ms]
Downloaded @flatten-js/interval-tree versions
< 304 Not Modified
< Date: Sat, 03 Oct 2026 22:27:46 GMT
< Connection: keep-alive
< set-cookie: __cf_bm=1AjmaJI05vNkgxKjkm1pse1j7JDbNHn5Kj_3KOWDw7k-1791066466.641606-1.0.1.1-PK8b0L8QCvyFoMx.vGBXfZXPbvW6SjHT2ap3kHMRgEtyrmIWaNQ4eJ_dO3QvRKCvRBFJKF5XTTXspaVSv2fdNvNsF6IKcNh_V95T1Q12F2YpbfRqiOZN.Tt7_tICkeJB; HttpOnly; SameSite=None; Secure; Path=/; Domain=npmjs.org; Expires=Sat, 03 Oct 2026 22:57:46 GMT
< set-cookie: _cfuvid=Ar8Kla2lb1lnkXi_V3unfw5pVsSL_mvC6TCnRswyCWQ-1791066466.641606-1.0.1.1-NecTqaTKsFM81ImI5eWuxGgNmNPCfb9.iOBL0jq89u4; HttpOnly; SameSite=None; Secure; Path=/; Domain=npmjs.org
< CF-Ray: a44f60488d45a5b3-TIA
< CF-Cache-Status: HIT
< Access-Control-Allow-Origin: *
< Cache-Control: public, max-age=300
< ETag: "278eeb9d0b5c492f74eb38aa0431e707"
< Last-Modified: Wed, 09 Sep 2026 20:10:55 GMT
< Server: cloudflare

   - "@flatten-js/interval-tree": "^2.0.0" - @flatten-js/interval-tree@2.0.3
< 304 Not Modified
< Date: Sat, 03 Oct 2026 22:27:46 GMT
< Connection: keep-alive
< set-cookie: __cf_bm=NP1vszAkkUncPV_y.iwHNlykRZO2aFwRt6EHKx5qGMM-1791066466.6414282-1.0.1.1-Y_Qg_Nix4pKLMGQkhy9z2CooorpOF0PoaWtUUblnfSFIQkHqVuAne7w0jtgQq7LJaS2wg6SNoK8K7pO5AqJnq29dtKm7hLDuir8JlUqGvYMXdNoIpafpPNk9JR8_gMvc; HttpOnly; SameSite=None; Secure; Path=/; Domain=npmjs.org; Expires=Sat, 03 Oct 2026 22:57:46 GMT
< set-cookie: _cfuvid=hAwsVYbk0fNBubG1BDeWr8exRZWqnYieAT6St5P_LM0-1791066466.6414282-1.0.1.1-YsHFsvZZnJNXMUi6LRlBT6nIYsq1k_3eQgpYfFyMVOc; HttpOnly; SameSite=None; Secure; Path=/; Domain=npmjs.org
< CF-Ray: a44f60488fe47c08-TIA
< CF-Cache-Status: HIT
< Access-Control-Allow-Origin: *
< Cache-Control: public, max-age=300
< ETag: "437b0efeb9c881617bbf6dc14270ac57"
< Last-Modified: Mon, 02 May 2022 23:23:23 GMT
< Server: cloudflare

[PackageManager] waiting for 28 tasks
    [201.95ms]
Downloaded deep-extend versions
   - "deep-extend": "^0.6.0" - deep-extend@0.6.0
    [202.01ms]
Downloaded ini versions
   - "ini": "~1.3.0" - ini@1.3.8
    [201.94ms]
Downloaded fs-constants versions
   - "fs-constants": "^1.0.0" - fs-constants@1.0.0
[PackageManager] waiting for 25 tasks
< 304 Not Modified
< Date: Sat, 03 Oct 2026 22:27:46 GMT
< Connection: keep-alive
< set-cookie: __cf_bm=gjDvMyKk18gYEQMzxQXLi9Op9_O5cSbf3wiYPRuQsg0-1791066466.758125-1.0.1.1-vL3wtZKEotVLymdW31dXsP7GDnbTMO13ZpXVUk64lVL3WhZnxZdZAVXay6zIoby1lVXyfHV0LQ3Bj1KqNz4rfImolE9WxV.qnNZdcN4IyObwYpfl9IqIqZyeBf7MOCOO; HttpOnly; SameSite=None; Secure; Path=/; Domain=npmjs.org; Expires=Sat, 03 Oct 2026 22:57:46 GMT
< set-cookie: _cfuvid=O.MDSnjIgtbLBeJAp4irJNVMNh_FfRHzU6GiQpem4Vs-1791066466.758125-1.0.1.1-khoOPPBPmjuhZZTARPfmYO93j3WWP.Bc47z2xl_U_gY; HttpOnly; SameSite=None; Secure; Path=/; Domain=npmjs.org
< CF-Ray: a44f6049393af474-TIA
< CF-Cache-Status: HIT
< Access-Control-Allow-Origin: *
< Age: 174
< Cache-Control: public, max-age=300
< ETag: "241d2c7f45ac56f2dcdf673d1ce62995"
< Last-Modified: Tue, 29 Sep 2026 16:14:38 GMT
< Server: cloudflare

[PackageManager] waiting for 25 tasks
< 304 Not Modified
< Date: Sat, 03 Oct 2026 22:27:46 GMT
< Connection: keep-alive
< set-cookie: __cf_bm=K2CbYly0X2k_9V6TJ7gnSa3IiQVuXt6JIKLAdDkuhnk-1791066466.6467013-1.0.1.1-_Q.CpkIax07roH_P.H61oyWSDCO8V1Ru4_rnL77kxSeIiMTwWuolUmWu.sr8EC3EhCfgWe093qPjQdR4kWPu7LyedZ5WsqgqnZT_u4RSWbCXx0MDcFGkl.z3gfrH_75B; HttpOnly; SameSite=None; Secure; Path=/; Domain=npmjs.org; Expires=Sat, 03 Oct 2026 22:57:46 GMT
< set-cookie: _cfuvid=hGROtkIwJ5O0cSIU5tsjvUyIcDF8DuLkyD0bSw2PMb8-1791066466.6467013-1.0.1.1-8FZAWwW5_hN7Snvpt.5oSDuOmI5Jv2Uv8JgfdcTETCA; HttpOnly; SameSite=None; Secure; Path=/; Domain=npmjs.org
< CF-Ray: a44f604888a3f474-TIA
< CF-Cache-Status: HIT
< Access-Control-Allow-Origin: *
< Cache-Control: public, max-age=300
< ETag: "c7654ab1cdb396151856bbb01c4152f2"
< Last-Modified: Sat, 11 Jan 2025 17:02:19 GMT
< Server: cloudflare

    [91.79ms]
Downloaded @tscircuit/schematic-trace-solver versions
< 304 Not Modified
< Date: Sat, 03 Oct 2026 22:27:46 GMT
< Connection: keep-alive
< set-cookie: __cf_bm=pfCZCl5y6wpNUZv8_3V1tZOuMkTwp2nvdCgpYwvYbkE-1791066466.6468105-1.0.1.1-RWH.RUgRcjI1KWOCifkLYV3bARZPvoRmhQOfMD99IHUUUH7YMvQSuOc2qNJs6Kqrg65LwIQFfVuTlt1GiSyAjxNlekgDEHhWdj10Y8uvA2oFvpshTHGKXPqyo8xkvMyw; HttpOnly; SameSite=None; Secure; Path=/; Domain=npmjs.org; Expires=Sat, 03 Oct 2026 22:57:46 GMT
< set-cookie: _cfuvid=rAIgbIZk27XZrofMeluo2BpCnB2a.5BtJXIOPO9IrN0-1791066466.6468105-1.0.1.1-n_COLFEwcXUbrR2Br5qN_nyFiovYxcIBj1gI1ago3pY; HttpOnly; SameSite=None; Secure; Path=/; Domain=npmjs.org
< CF-Ray: a44f60488ff27c08-TIA
< CF-Cache-Status: HIT
< Access-Control-Allow-Origin: *
< Cache-Control: public, max-age=300
< ETag: "01b0f5b00e3e21f9f2949d1c51ee617b"
< Last-Modified: Sun, 19 Jun 2022 02:37:47 GMT
< Server: cloudflare

   - "@tscircuit/schematic-trace-solver": "^0.0.208" - @tscircuit/schematic-trace-solver@0.0.208
[PackageManager] waiting for 24 tasks
    [201.52ms]
Downloaded safe-regex versions
< 304 Not Modified
< Date: Sat, 03 Oct 2026 22:27:46 GMT
< Connection: keep-alive
< set-cookie: __cf_bm=jmgYKxlBXW0Y99lEffGnWoENueRS6TZA.c5DoWner_Q-1791066466.6514208-1.0.1.1-NV4VSlG.AwKYZJSrCdzER8G00mB51bVM7h_ZeKK1Za6nj8LBUy..jqJ1UHuMVoSHB25InpaCNQm1VUkqJoFNhKjxx3CBmEqW1pzvqRD.qGTatFq.CCkOVxU4gcSB8SGH; HttpOnly; SameSite=None; Secure; Path=/; Domain=npmjs.org; Expires=Sat, 03 Oct 2026 22:57:46 GMT
< set-cookie: _cfuvid=UiQQQ8QwXtgO0NIryxUDAleTwL.k7QYPLjJVhN_Xy4I-1791066466.6514208-1.0.1.1-QwjOg7D2dX57cmXZNsEaCrsYJAAqP29130rcZFwjWzA; HttpOnly; SameSite=None; Secure; Path=/; Domain=npmjs.org
< CF-Ray: a44f60489ffb7c08-TIA
< CF-Cache-Status: HIT
< Access-Control-Allow-Origin: *
< Cache-Control: public, max-age=300
< ETag: "7495ca796ee086bd2df5ac03ac79bce7"
< Last-Modified: Mon, 27 Jun 2022 07:24:38 GMT
< Server: cloudflare

   - "safe-regex": "^1.1.0" - safe-regex@1.1.0
    [201.56ms]
Downloaded is-buffer versions
< 304 Not Modified
< Date: Sat, 03 Oct 2026 22:27:46 GMT
< Connection: keep-alive
< set-cookie: __cf_bm=Ovp6v_90uyKPCSt_ggu_NsIgy5Ywamyb8vRYldY174o-1791066466.641643-1.0.1.1-TdrNMGEeipdscwPLmb5CqijWtYOpmRLc_lChdU_3NFSqKBkqDvg2nyZkz0khc3mmCNFz28Qc2SH7qOoKdGlstVzKBr_M0dVGtzd78VzXAb1syGvdLmbXnXkuDi3COJtr; HttpOnly; SameSite=None; Secure; Path=/; Domain=npmjs.org; Expires=Sat, 03 Oct 2026 22:57:46 GMT
< set-cookie: _cfuvid=9K1bkCOAXWV8oZ.wn_oavn9zzV_frr1pCd_9B4JKHVY-1791066466.641643-1.0.1.1-Y9HnPWlqges3VjHAnNZU_5zGj2DZ.pEI1JInvkS2DeE; HttpOnly; SameSite=None; Secure; Path=/; Domain=npmjs.org
< CF-Ray: a44f60488fe57c08-TIA
< CF-Cache-Status: HIT
< Access-Control-Allow-Origin: *
< Cache-Control: public, max-age=300
< ETag: "8834631110c3eec7feaad61180bffb22"
< Last-Modified: Thu, 30 Jul 2026 05:27:06 GMT
< Server: cloudflare

   - "is-buffer": "^1.1.5" - is-buffer@1.1.6
Enqueue package manifest for download: ret
[PackageManager] waiting for 23 tasks
    [199.69ms]
Downloaded to-regex-range versions
   - "to-regex-range": "^2.1.0" - to-regex-range@2.1.1
   - "to-regex-range": "^5.0.1" - to-regex-range@5.0.1
    [210.78ms]
Downloaded bl versions
   - "bl": "^4.0.3" - bl@4.1.0
   - "buffer": "^5.5.0" - buffer@5.7.1
> HTTP/1.1 GET https://registry.npmjs.org/ret
> If-None-Match: W/"851a6e2f65631d8ce7560269dccb0b75"
> Accept: application/vnd.npm.install-v1+json; q=1.0, application/json; q=0.8, */*
> Connection: keep-alive
> User-Agent: Bun/1.3.9
> Host: registry.npmjs.org
> Accept-Encoding: gzip, deflate, br, zstd

 .github/
 .github/workflows/
 .github/workflows/bun-formatcheck.yml
 .gitignore
 .npmrc
 README.md
 biome.json
 bunfig.toml
 index.ts
 lib/
 lib/chips/
 lib/chips/BQ24074.circuit.tsx
 lib/chips/BQ24074RGTR.circuit.tsx
 lib/chips/BQ25895.circuit.tsx
 lib/chips/BQ25895RTWR.circuit.tsx
 lib/chips/BQ27441DRZR_G1B.circuit.tsx
 lib/chips/BQ27441G1.circuit.tsx
 lib/chips/BQ32002.circuit.tsx
 lib/chips/CC2340R5.circuit.tsx
 lib/chips/CC2745R10.circuit.tsx
 lib/chips/CC2745R10E0WRHARQ1.circuit.tsx
 lib/chips/CC3235SF.circuit.tsx
 lib/chips/CC3235SF12RGKR.circuit.tsx
 lib/chips/CoaxialTestPort.circuit.tsx
 lib/chips/DRV8833.circuit.tsx
 lib/chips/DRV8876.circuit.tsx
 lib/chips/HDC2080.circuit.tsx
 lib/chips/HDC2080DMBR.circuit.tsx
 lib/chips/HDC3020.circuit.tsx
 lib/chips/HDC3020DEFR.circuit.tsx
 lib/chips/HDC3022.circuit.tsx
 lib/chips/HDC3022DEJR.circuit.tsx
 lib/chips/Header2x10.circuit.tsx
 lib/chips/INA237.circuit.tsx
 lib/chips/INA237AQDGSRQ1.circuit.tsx
 lib/chips/MSPM0G3507.circuit.tsx
 lib/chips/MSPM0G3507SPMR.circuit.tsx
 lib/chips/MSPM33C3x.circuit.tsx
 lib/chips/OscillatorCrystal4.circuit.tsx
 lib/chips/TLC59116.circuit.tsx
 lib/chips/TMP1075.circuit.tsx
 lib/chips/TMP1075DSGR.circuit.tsx
 lib/chips/TMP1827.circuit.tsx
 lib/chips/TPS22919.circuit.tsx
 lib/chips/TPS61222.circuit.tsx
 lib/chips/TPS61299DRLR.circuit.tsx
 lib/chips/TPS61299X.circuit.tsx
 lib/chips/TPS6293.circuit.tsx
 lib/chips/TPS63802.circuit.tsx
 lib/chips/TPS63802DLAR.circuit.tsx
 lib/chips/TPS6521835.circuit.tsx
 lib/chips/TPS7A02.circuit.tsx
 lib/chips/TPS7A0230PDBVR.circuit.tsx
 lib/chips/TPSM82823.circuit.tsx
 lib/chips/TRF7960RHB.circuit.tsx
 lib/chips/TXB0104.circuit.tsx
 lib/chips/TXB0104RGYR.circuit.tsx
 lib/chips/TXS0102.circuit.tsx
 lib/chips/TXS0102DCUR.circuit.tsx
 lib/chips/W25Q128JVSIQ.circuit.tsx
 lib/chips/index.tsx
 lib/chips/spice-models/
 lib/chips/spice-models/BQ24074-spice-model.encrypted.json
 lib/chips/spice-models/BQ24074-spice-model.json
 lib/chips/spice-models/DRV8876-spice-model.json
 lib/chips/spice-models/TPS22919-spice-model.json
 lib/chips/spice-models/TPS62933P-spice-model.json
 lib/chips/spice-models/TPS63802-spice-model.json
 lib/chips/spice-models/TPS7A02-spice-model.json
 lib/chips/spice-models/TPSM82823-spice-model.json
 lib/simulations/
 lib/simulations/BQ24074-ovp-fault.circuit.tsx
 lib/simulations/BQ24075-system-on-off-input-disconnected.circuit.tsx
 lib/simulations/DRV8876-driver-pwm-operation-ph-en.circuit.tsx
 lib/simulations/DRV8876-driver-pwm-operation-with-current-feedback.circuit.tsx
 lib/simulations/TPS22919-turn-off-small-load-capacitance.circuit.tsx
 lib/simulations/TPS63802-switching-waveforms-pfm-buck-operation.circuit.tsx
 lib/simulations/__snapshots__/
 lib/simulations/__snapshots__/BQ24074-ovp-fault.circuit-schematic-simulation.snap.svg
 lib/simulations/__snapshots__/BQ24074-ovp-fault.circuit-simulation.snap.svg
 lib/simulations/__snapshots__/BQ24075-system-on-off-input-disconnected.circuit-schematic-simulation.snap.svg
 lib/simulations/__snapshots__/BQ24075-system-on-off-input-disconnected.circuit-simulation.snap.svg
 lib/simulations/__snapshots__/DRV8876-driver-pwm-operation-ph-en.circuit-schematic-simulation.snap.svg
 lib/simulations/__snapshots__/DRV8876-driver-pwm-operation-ph-en.circuit-simulation.snap.svg
 lib/simulations/__snapshots__/DRV8876-driver-pwm-operation-with-current-feedback.circuit-schematic-simulation.snap.svg
 lib/simulations/__snapshots__/DRV8876-driver-pwm-operation-with-current-feedback.circuit-simulation.snap.svg
 lib/simulations/__snapshots__/TPS22919-turn-off-small-load-capacitance.circuit-schematic-simulation.snap.svg
 lib/simulations/__snapshots__/TPS22919-turn-off-small-load-capacitance.circuit-simulation.snap.svg
 lib/simulations/__snapshots__/TPS63802-switching-waveforms-pfm-buck-operation.circuit-schematic-simulation.snap.svg
 lib/simulations/__snapshots__/TPS63802-switching-waveforms-pfm-buck-operation.circuit-simulation.snap.svg
 lib/spice/
 lib/spice/create-encrypted-pspice-ngspice-engine.ts
 lib/spice/encrypted-pspice-model.ts
 lib/subcircuits/
 < 304 Not Modified
< Date: Sat, 03 Oct 2026 22:27:46 GMT
< Connection: keep-alive
< set-cookie: __cf_bm=4mHW6YfvqvymBnOnMe3DXm7db4NALI2daMZJBjmh7_4-1791066466.6512525-1.0.1.1-aiHq_NcLQ33PMQlbEYtB.E2sxzLjltk9bHqqShJGNsuT.e4WhUskd1LfFgWtyu4.yXvA1QsaBXLl4SYSTvn1T7YIlJZnO8_TSbRVj3XRj11psXmgKKk2iUUJMybZrp.o; HttpOnly; SameSite=None; Secure; Path=/; Domain=npmjs.org; Expires=Sat, 03 Oct 2026 22:57:46 GMT
< set-cookie: _cfuvid=jcyLQ6UoLPFGTE8PH3MFFUBCo9a8kbfUiasAXY2QynA-1791066466.6512525-1.0.1.1-F8ZPmLHVexn5cHPARvQBUpiS3DaBgSfEoYUW5FaS4W4; HttpOnly; SameSite=None; Secure; Path=/; Domain=npmjs.org
< CF-Ray: a44f60489c359b00-TIA
< CF-Cache-Status: HIT
< Access-Control-Allow-Origin: *
< Cache-Control: public, max-age=300
< ETag: "47deffbfb71a701056c86b6f4e7acfd8"
< Last-Modified: Fri, 26 May 2023 16:12:34 GMT
< Server: cloudflare

[PackageManager] waiting for 21 tasks
< 304 Not Modified
< Date: Sat, 03 Oct 2026 22:27:46 GMT
< Connection: keep-alive
< set-cookie: __cf_bm=DP_7k7u73hZ0cmkXX.t0.WTd2e8pg5Q__8Dz_oVHo94-1791066466.6514893-1.0.1.1-N50o6XCnqm9DTmOfAn8olkvXV_eoNw1PiPyEDHCohynAlzQxv.LnxJ5cahgkrt4pF729qMoWpiSSewBl5tgbGRZxyuD8JBQT4MVq.WRIA1YfgiSa_LLPSkQP11SU6sNp; HttpOnly; SameSite=None; Secure; Path=/; Domain=npmjs.org; Expires=Sat, 03 Oct 2026 22:57:46 GMT
< set-cookie: _cfuvid=MsbwrzDpbKWBQy06LXlWf0YnKCf3AaziGWLRPyusGo8-1791066466.6514893-1.0.1.1-k0EvCOxO8WMlzoHGSfMp5BzR7A03xCnkN6glMUUCa_I; HttpOnly; SameSite=None; Secure; Path=/; Domain=npmjs.org
< CF-Ray: a44f60489f5751a4-TIA
< CF-Cache-Status: HIT
< Access-Control-Allow-Origin: *
< Cache-Control: public, max-age=300
< ETag: "03734e3027b8ea3d9fd8e1a3f3d07717"
< Last-Modified: Sun, 26 Jun 2022 11:18:42 GMT
< Server: cloudflare

    [203.40ms]
Downloaded is-number versions
   - "is-number": "^3.0.0" - is-number@3.0.0
   - "is-number": "^7.0.0" - is-number@7.0.0
[PackageManager] waiting for 20 tasks
    [203.43ms]
Downloaded repeat-string versions
   - "repeat-string": "^1.6.1" - repeat-string@1.6.1
lib/subcircuits/BatteryManagement_BQ24074.circuit.tsx
 lib/subcircuits/BatteryManagement_BQ25895.circuit.tsx
 lib/subcircuits/BatteryManagement_BQ27441G1.circuit.tsx
 lib/subcircuits/BoostConverter_TPS61299X.circuit.tsx
 lib/subcircuits/BuckBoostConverter_TPS63802.circuit.tsx
 lib/subcircuits/BuckConverter_TPS62933.circuit.tsx
 lib/subcircuits/EnvironmentalSensor_HDC2080.circuit.tsx
 lib/subcircuits/EnvironmentalSensor_HDC3020.circuit.tsx
 lib/subcircuits/EnvironmentalSensor_HDC3022.circuit.tsx
 lib/subcircuits/FlashMemory_W25Q128JVSIQ.circuit.tsx
 lib/subcircuits/LEDDriver_TLC59116.circuit.tsx
 lib/subcircuits/LevelShifter_TXB0104.circuit.tsx
 lib/subcircuits/LevelShifter_TXS0102.circuit.tsx
 lib/subcircuits/LoadSwitch_TPS22919.circuit.tsx
 lib/subcircuits/Microcontroller_MSPM0G3507.circuit.tsx
 lib/subcircuits/Microcontroller_MSPM33C3x.circuit.tsx
 lib/subcircuits/MotorDriver_DRV8833.circuit.tsx
 lib/subcircuits/MotorDriver_DRV8876.circuit.tsx
 lib/subcircuits/PowerManagement_TPS6521835.circuit.tsx
 lib/subcircuits/PowerManagement_TPS7A02.circuit.tsx
 lib/subcircuits/PowerModule_TPSM82823.circuit.tsx
 lib/subcircuits/PowerMonitor_INA237.circuit.tsx
 lib/subcircuits/RFIDReader_TRF7960.circuit.tsx
 lib/subcircuits/RealTimeClock_BQ32002.circuit.tsx
 lib/subcircuits/TemperatureSensor_TMP1075.circuit.tsx
 lib/subcircuits/TemperatureSensor_TMP1827.circuit.tsx
 lib/subcircuits/WirelessMCU_CC2340R5.circuit.tsx
 lib/subcircuits/WirelessMCU_CC2745R10.circuit.tsx
 lib/subcircuits/WirelessMCU_CC3235SF.circuit.tsx
 lib/subcircuits/__snapshots__/
 lib/subcircuits/__snapshots__/BatteryManagement_BQ24074.circuit-pcb.snap.svg
 lib/subcircuits/__snapshots__/BatteryManagement_BQ24074.circuit-schematic.snap.svg
 lib/subcircuits/__snapshots__/BatteryManagement_BQ25895.circuit-pcb.snap.svg
 lib/subcircuits/__snapshots__/BatteryManagement_BQ25895.circuit-schematic.snap.svg
 lib/subcircuits/__snapshots__/BatteryManagement_BQ27441G1.circuit-pcb.snap.svg
 lib/subcircuits/__snapshots__/BatteryManagement_BQ27441G1.circuit-schematic.snap.svg
 lib/subcircuits/__snapshots__/BoostConverter_TPS61299X.circuit-pcb.snap.svg
 lib/subcircuits/__snapshots__/BoostConverter_TPS61299X.circuit-schematic.snap.svg
 lib/subcircuits/__snapshots__/BuckBoostConverter_TPS63802.circuit-pcb.snap.svg
 lib/subcircuits/__snapshots__/BuckBoostConverter_TPS63802.circuit-schematic.snap.svg
 lib/subcircuits/__snapshots__/BuckConverter_TPS62933.circuit-pcb.snap.svg
 lib/subcircuits/__snapshots__/BuckConverter_TPS62933.circuit-schematic.snap.svg
 lib/subcircuits/__snapshots__/EnvironmentalSensor_HDC2080.circuit-pcb.snap.svg
 lib/subcircuits/__snapshots__/EnvironmentalSensor_HDC2080.circuit-schematic.snap.svg
 lib/subcircuits/__snapshots__/EnvironmentalSensor_HDC3020.circuit-pcb.snap.svg
 lib/subcircuits/__snapshots__/EnvironmentalSensor_HDC3020.circuit-schematic.snap.svg
 lib/subcircuits/__snapshots__/EnvironmentalSensor_HDC3022.circuit-pcb.snap.svg
 lib/subcircuits/__snapshots__/EnvironmentalSensor_HDC3022.circuit-schematic.snap.svg
 lib/subcircuits/__snapshots__/FlashMemory_W25Q128JVSIQ.circuit-pcb.snap.svg
 lib/subcircuits/__snapshots__/FlashMemory_W25Q128JVSIQ.circuit-schematic.snap.svg
 lib/subcircuits/__snapshots__/LEDDriver_TLC59116.circuit-schematic.snap.svg
 lib/subcircuits/__snapshots__/LevelShifter_TXB0104.circuit-schematic.snap.svg
 lib/subcircuits/__snapshots__/LevelShifter_TXS0102.circuit-schematic.snap.svg
 lib/subcircuits/__snapshots__/LoadSwitch_TPS22919.circuit-pcb.snap.svg
 lib/subcircuits/__snapshots__/LoadSwitch_TPS22919.circuit-schematic.snap.svg
 lib/subcircuits/__snapshots__/Microcontroller_MSPM0G3507.circuit-pcb.snap.svg
 lib/subcircuits/__snapshots__/Microcontroller_MSPM0G3507.circuit-schematic.snap.svg
 lib/subcircuits/__snapshots__/Microcontroller_MSPM33C3x.circuit-schematic.snap.svg
 lib/subcircuits/__snapshots__/MotorDriver_DRV8833.circuit-pcb.snap.svg
 lib/subcircuits/__snapshots__/MotorDriver_DRV8833.circuit-schematic.snap.svg
 lib/subcircuits/__snapshots__/MotorDriver_DRV8876.circuit-pcb.snap.svg
 lib/subcircuits/__snapshots__/MotorDriver_DRV8876.circuit-schematic.snap.svg
 lib/subcircuits/__snapshots__/PowerManagement_TPS6521835.circuit-schematic.snap.svg
 lib/subcircuits/__snapshots__/PowerManagement_TPS7A02.circuit-pcb.snap.svg
 lib/subcircuits/__snapshots__/PowerManagement_TPS7A02.circuit-schematic.snap.svg
 lib/subcircuits/__snapshots__/PowerModule_TPSM82823.circuit-pcb.snap.svg
 lib/subcircuits/__snapshots__/PowerModule_TPSM82823.circuit-schematic.snap.svg
 lib/subcircuits/__snapshots__/PowerMonitor_INA237.circuit-pcb.snap.svg
 lib/subcircuits/__snapshots__/PowerMonitor_INA237.circuit-schematic.snap.svg
 lib/subcircuits/__snapshots__/RFIDReader_TRF7960.circuit-schematic.snap.svg
 lib/subcircuits/__snapshots__/RealTimeClock_BQ32002.circuit-schematic.snap.svg
 lib/subcircuits/__snapshots__/TemperatureSensor_TMP1075.circuit-pcb.snap.svg
 lib/subcircuits/__snapshots__/TemperatureSensor_TMP1075.circuit-schematic.snap.svg
 lib/subcircuits/__snapshots__/TemperatureSensor_TMP1827.circuit-schematic.snap.svg
 lib/subcircuits/__snapshots__/WirelessMCU_CC2340R5.circuit-pcb.snap.svg
 lib/subcircuits/__snapshots__/WirelessMCU_CC2340R5.circuit-schematic.snap.svg
 lib/subcircuits/__snapshots__/WirelessMCU_CC2745R10.circuit-schematic.snap.svg
 lib/subcircuits/__snapshots__/WirelessMCU_CC3235SF.circuit-pcb.snap.svg
 lib/subcircuits/__snapshots__/WirelessMCU_CC3235SF.circuit-schematic.snap.svg
 package.json
 scripts/
 scripts/encrypt-bq24074-spice-model.ts
 tscircuit.config.json
 tscircuit.config.ts
 tsconfig.json
[@tsci/tscircuit.ti] Extract .daffaf7e4fc754d5-0000000B.tscircuit.ti (decompressed 2.48 MB tgz file in 10.09ms)
[@tsci/tscircuit.ti] Extracted to .daffaf7e4fc754d5-0000000B.tscircuit.ti (79.489ms)
[PackageManager] waiting for 19 tasks
< 304 Not Modified
< Date: Sat, 03 Oct 2026 22:27:46 GMT
< Connection: keep-alive
< set-cookie: __cf_bm=Effi8E.aQfrHc3cD1htPuqK1lmpB_RAHPljWm9m4VZk-1791066466.8527362-1.0.1.1-MrZlSBpgk53IxRPNPJHrT3RqyWXgGOX_AZf0ABPp25if_XQtnRpaP6zrFZJQTHt4o.MeIj2KD3vof0mBNMhtRMnVI.bHtwqjd7P2J..RqOFJQDEBx8Jpk.UDiSfJ8vPk; HttpOnly; SameSite=None; Secure; Path=/; Domain=npmjs.org; Expires=Sat, 03 Oct 2026 22:57:46 GMT
< set-cookie: _cfuvid=qn_GzFdzyqRlu.ycmNJhAWF5hxC3ZQVXzL2jvjXf1t4-1791066466.8527362-1.0.1.1-0jPxJO1jr1rqwzRFdoVehdbFtMUhoBQnqKGSZXYoiNQ; HttpOnly; SameSite=None; Secure; Path=/; Domain=npmjs.org
< CF-Ray: a44f6049dd559b00-TIA
< CF-Cache-Status: HIT
< Access-Control-Allow-Origin: *
< Age: 184
< Cache-Control: public, max-age=300
< ETag: "851a6e2f65631d8ce7560269dccb0b75"
< Last-Modified: Thu, 16 Mar 2023 19:06:00 GMT
< Server: cloudflare

[PackageManager] waiting for 18 tasks
    [21.11ms]
Downloaded ret versions
   - "ret": "~0.1.10" - ret@0.1.15
< 304 Not Modified
< Date: Sat, 03 Oct 2026 22:27:46 GMT
< Connection: keep-alive
< set-cookie: __cf_bm=K0hOzFKRp1VjfNWbsUs9UUZi25iRLsMDE5CfhMtgq64-1791066466.4447277-1.0.1.1-4wzyyUkeJPJSk33OdKIpU_a7gcxCfJa1Nm7OGRI764KckiIct5lnvF.UjcJiy0XykDvv27rg2S2xo5VMBJHBX6DywmSjjpo2z1EOobl2iKBOJL_eyxA39Xi7CnikrJhW; HttpOnly; SameSite=None; Secure; Path=/; Domain=npmjs.org; Expires=Sat, 03 Oct 2026 22:57:46 GMT
< set-cookie: _cfuvid=WJI66ASsEZ8iPqggmxS4WuOde5qbMUnTpn537e.QQl4-1791066466.4447277-1.0.1.1-SDhDw.F_8Q7nWltnou5DR1ySjs.6HaNYp.4GuEsRUx8; HttpOnly; SameSite=None; Secure; Path=/; Domain=npmjs.org
< CF-Ray: a44f60474adf9b00-TIA
< CF-Cache-Status: HIT
< Access-Control-Allow-Origin: *
< Cache-Control: public, max-age=300
< ETag: "59f07338453a206e5b0de4120a512e7b"
< Last-Modified: Sat, 29 Aug 2026 16:04:01 GMT
< Server: cloudflare

[PackageManager] waiting for 17 tasks
    [433.26ms]
Downloaded @octokit/types versions
   - "@octokit/types": "^12.0.0" - @octokit/types@12.6.0
   - "@octokit/types": "^13.0.0" - @octokit/types@13.10.0
Enqueue package manifest for download: @octokit/openapi-types
> HTTP/1.1 GET https://registry.npmjs.org/@octokit%2fopenapi-types
> If-None-Match: W/"f613585bb277a7a16484bac26bc0a42c"
> Accept: application/vnd.npm.install-v1+json; q=1.0, application/json; q=0.8, */*
> Connection: keep-alive
> User-Agent: Bun/1.3.9
> Host: registry.npmjs.org
> Accept-Encoding: gzip, deflate, br, zstd

< 304 Not Modified
< Date: Sat, 03 Oct 2026 22:27:46 GMT
< Connection: keep-alive
< set-cookie: __cf_bm=R4Q9mSrAgbPVOO4TdOTpHnVYA_F7mFxJIbpJ4._Zw0Q-1791066466.6873755-1.0.1.1-cCDutgOE3cN0ImwSA05Cx0TZM.iLDVUnbocaR4lcb3sMlasEOTM.seiy5GM5Pr1DEcI0_I9ZMBDS4pTk87ibAxTm3Jk5aLhasJJ7f6HBWMLpP0pLarECbgnS6CFe6c5N; HttpOnly; SameSite=None; Secure; Path=/; Domain=npmjs.org; Expires=Sat, 03 Oct 2026 22:57:46 GMT
< set-cookie: _cfuvid=PYUrWRp1oMaBn7l0HKJyvh6RifjcVFbnoTG7850jPWc-1791066466.6873755-1.0.1.1-KCWT64hMmr.pOJORfvO0SwhwKX4ijAz3e2GhBuIkGwE; HttpOnly; SameSite=None; Secure; Path=/; Domain=npmjs.org
< CF-Ray: a44f6048cc809b00-TIA
< CF-Cache-Status: HIT
< Access-Control-Allow-Origin: *
< Cache-Control: public, max-age=300
< ETag: "877e64d85f29fee0eb0c9d839b7142fd"
< Last-Modified: Mon, 12 May 2025 03:35:03 GMT
< Server: cloudflare

[PackageManager] waiting for 17 tasks
< 304 Not Modified
< Date: Sat, 03 Oct 2026 22:27:46 GMT
< Connection: keep-alive
< set-cookie: __cf_bm=IWBlBuUUbkPNuRuU0faax0Witf1CjXHGZU6pOBsNrFE-1791066466.6873-1.0.1.1-jf45sJth8.XsXRt7kv9OEdquthyb9FOr2xEEpi8hLOhk4qeEV8xkEWSoiQE5nauZaLZPaBhCX7y4JPfAh2vlkNC63RDn49y6_y62aIgXIOfj0JjYe1iX344GiRVAFlbU; HttpOnly; SameSite=None; Secure; Path=/; Domain=npmjs.org; Expires=Sat, 03 Oct 2026 22:57:46 GMT
< set-cookie: _cfuvid=J557NdLFKZZo4RQOtT7Uo16t0fCQF.buQe1CoidhpWs-1791066466.6873-1.0.1.1-7VQ5WRQM6gHEyD3TguiV.vKgf3QgQK6.OaGoZOz4qJA; HttpOnly; SameSite=None; Secure; Path=/; Domain=npmjs.org
< CF-Ray: a44f6048c8daf474-TIA
< CF-Cache-Status: HIT
< Access-Control-Allow-Origin: *
< Cache-Control: public, max-age=300
< ETag: "6eb5e39a8bb7c13b119822791403e5c5"
< Last-Modified: Mon, 12 May 2025 22:37:35 GMT
< Server: cloudflare

    [278.78ms]
Downloaded universal-user-agent versions
   - "universal-user-agent": "^6.0.0" - universal-user-agent@6.0.1
[PackageManager] waiting for 16 tasks
    [278.88ms]
Downloaded before-after-hook versions
   - "before-after-hook": "^2.2.0" - before-after-hook@2.2.3
< 304 Not Modified
< Date: Sat, 03 Oct 2026 22:27:46 GMT
< Connection: keep-alive
< set-cookie: __cf_bm=cgja22aipNb4FciIF_6ZmKMjJbPfMu11KJJ4mmByn.M-1791066466.703466-1.0.1.1-8r24bOdN8tbmhAp23Fhl_sctGdju0waD9QFuO8js2ZooHg4mSmHMwRqEDvJsYPVaP47HIB81npBJOw.wVRtQfSYArTe2XZsD5gwrC_cFOz4oKrMuVRP0pGMAqxK4xHZf; HttpOnly; SameSite=None; Secure; Path=/; Domain=npmjs.org; Expires=Sat, 03 Oct 2026 22:57:46 GMT
< set-cookie: _cfuvid=r6j5n4I2f8cxh3z7Z2S97UbXt9AEo755QmRMxBpX.zY-1791066466.703466-1.0.1.1-71j1_xYgZ.rSJdVljyST3yOzXCNjLp_TgzQa92eiNoA; HttpOnly; SameSite=None; Secure; Path=/; Domain=npmjs.org
< CF-Ray: a44f6048ef8c51a4-TIA
< CF-Cache-Status: HIT
< Access-Control-Allow-Origin: *
< Cache-Control: public, max-age=300
< ETag: "bfa1d6f44030f787c5f59c8c4eaa7be8"
< Last-Modified: Sun, 12 Jul 2026 23:31:07 GMT
< Server: cloudflare

< 304 Not Modified
< Date: Sat, 03 Oct 2026 22:27:46 GMT
< Connection: keep-alive
< set-cookie: __cf_bm=MfQJgU0Gn6.7dBfTZ4OLt_prXxbqkqE7vGhmUikSCj0-1791066466.7042859-1.0.1.1-Pzfeq.qY5KHUhC6a8noLn_BR2CqjUxI5oSeDpx.hlNYTdHWMC6TDN15e1Jlae0RY1RulT2WDhOqW7laV4qOzmBfrx_WA0BMQnli.CZNWEQ4f2bqw.J1mVKKyEXFSpX71; HttpOnly; SameSite=None; Secure; Path=/; Domain=npmjs.org; Expires=Sat, 03 Oct 2026 22:57:46 GMT
< set-cookie: _cfuvid=rCkWBiRwST2ibnKQ5Bzokfb8GtTKQwMJstL8QbUS8a4-1791066466.7042859-1.0.1.1-2iubppSZ_FkgnQKl_e4IBQQoZWGvsng4vikb1caWBy4; HttpOnly; SameSite=None; Secure; Path=/; Domain=npmjs.org
< CF-Ray: a44f6048ec9a9b00-TIA
< CF-Cache-Status: HIT
< Access-Control-Allow-Origin: *
< Cache-Control: public, max-age=300
< ETag: "758b84f7fd2d39eb6bcbcf06f3601c53"
< Last-Modified: Tue, 31 Mar 2026 10:06:16 GMT
< Server: cloudflare

[PackageManager] waiting for 15 tasks
    [265.23ms]
Downloaded is-accessor-descriptor versions
< 304 Not Modified
< Date: Sat, 03 Oct 2026 22:27:46 GMT
< Connection: keep-alive
< set-cookie: __cf_bm=0ARjGNKFwQY1PL0kQdOQVcsJp3FH_je0ef.5vX7j3tY-1791066466.7035098-1.0.1.1-O8TKecm20MPa9cEa1a4wIwA8bJoxdZ8JXMX6va4YICDXzSzcmTHz6_iM.5Z8KoL_KNUZyZ9p3WkE8.QaBxqcztRt0uV7ApBCea4ZLAyqAsnEbDjWYMsb.Gzr4vEr84H6; HttpOnly; SameSite=None; Secure; Path=/; Domain=npmjs.org; Expires=Sat, 03 Oct 2026 22:57:46 GMT
< set-cookie: _cfuvid=ccZ8XsYWsPToT65CgCdWoxkbPySqNpqEvd2bXDKk.Go-1791066466.7035098-1.0.1.1-jcWikhbfTQIJa8rtyjtnWh_qZAol7HjG9co6klJqry8; HttpOnly; SameSite=None; Secure; Path=/; Domain=npmjs.org
< CF-Ray: a44f6048e89b7c08-TIA
< CF-Cache-Status: HIT
< Access-Control-Allow-Origin: *
< Cache-Control: public, max-age=300
< ETag: "3c24d1e0eb3c42a79d9d6668257ccbd4"
< Last-Modified: Tue, 31 Mar 2026 08:22:59 GMT
< Server: cloudflare

   - "is-accessor-descriptor": "^1.0.2" - is-accessor-descriptor@1.0.2
[PackageManager] waiting for 14 tasks
    [264.22ms]
Downloaded events-universal versions
   - "events-universal": "^1.0.0" - events-universal@1.0.1
    [264.28ms]
Downloaded text-decoder versions
< 304 Not Modified
< Date: Sat, 03 Oct 2026 22:27:46 GMT
< Connection: keep-alive
< set-cookie: __cf_bm=PTv0auTbezguISEvHOf.PGsCc7nL57ZUu20y5IVQzMw-1791066466.7249405-1.0.1.1-HpwSRzLpuj5Ohm.k36L7ZL6FOFL7g8_2ptvXciG1.aiUPXLT3QspfmgtYMP0Jw2gSKESZVJiOwFW_FfUBRIoMBvysPPTSPgsZWyuXzH54VEZoe9L.iKJ0g7_grX14MOu; HttpOnly; SameSite=None; Secure; Path=/; Domain=npmjs.org; Expires=Sat, 03 Oct 2026 22:57:46 GMT
< set-cookie: _cfuvid=7hgAvylJasqs1W438_iRflTJnwlZe97AjGijYFL2b5k-1791066466.7249405-1.0.1.1-WXevM1SqPJME6VsBLYkScD15mk_aHU.bCz0Rm.Bt1Ks; HttpOnly; SameSite=None; Secure; Path=/; Domain=npmjs.org
< CF-Ray: a44f60490cb29b00-TIA
< CF-Cache-Status: HIT
< Access-Control-Allow-Origin: *
< Cache-Control: public, max-age=300
< ETag: "b0300aff369e544af63c6124c75c1e68"
< Last-Modified: Wed, 12 Jul 2023 19:15:42 GMT
< Server: cloudflare

< 304 Not Modified
< Date: Sat, 03 Oct 2026 22:27:46 GMT
< Connection: keep-alive
< set-cookie: __cf_bm=BsqzLxprrmL3cGEqu2zwqzxlbVfbfVUBrRsLofdR9pA-1791066466.7249303-1.0.1.1-Ce1p94hqfGl2QAe0WiNE0Gh2AKryW6z__MpMQwkCziSVVGVr6Rx4obdKNkYJg2yT2YjNOTpHE..0lT2uwkAGKb9mduYn77XkCWAKHhfjdOmjjuA_k9sLip3F8oH1dDko; HttpOnly; SameSite=None; Secure; Path=/; Domain=npmjs.org; Expires=Sat, 03 Oct 2026 22:57:46 GMT
< set-cookie: _cfuvid=7uqjmhVOZiADzT.WbdO9rumj1WQNStZ0cdkj0dSorvg-1791066466.7249303-1.0.1.1-Gd.bu98prNbYtpF7BK7B6Dr2b6_AqR4dgJiseTqEf4o; HttpOnly; SameSite=None; Secure; Path=/; Domain=npmjs.org
< CF-Ray: a44f604908d57c08-TIA
< CF-Cache-Status: HIT
< Access-Control-Allow-Origin: *
< Cache-Control: public, max-age=300
< ETag: "21b621361ecc151f5b8debc842c90f20"
< Last-Modified: Wed, 12 Jul 2023 19:15:46 GMT
< Server: cloudflare

< 304 Not Modified
< Date: Sat, 03 Oct 2026 22:27:46 GMT
< Connection: keep-alive
< set-cookie: __cf_bm=Vvyb4QICtp4d3bK7P8ZpqUZzAh_d3sI_gYf70ogz8wE-1791066466.724782-1.0.1.1-IGRTshUt8N2NgMfbYZvvJfaYbjRQfNq867mgAQq1bRmLzpNrN5TkPtafz8ESH38atQTimceRRbs2sHZSBOE30voXENwzQWcpRHT4E_LcAmMzkehTfx2sTffPWSG2u7Fa; HttpOnly; SameSite=None; Secure; Path=/; Domain=npmjs.org; Expires=Sat, 03 Oct 2026 22:57:46 GMT
< set-cookie: _cfuvid=tA45uLctL_coUKaR5uMilGVptkSyNd4Y4br.iBXzDdU-1791066466.724782-1.0.1.1-8j_C0y3Ylo0x496Jg59oHEbd5L5WsYBVQy8cdZJ8_LU; HttpOnly; SameSite=None; Secure; Path=/; Domain=npmjs.org
< CF-Ray: a44f604908995f50-TIA
< CF-Cache-Status: HIT
< Access-Control-Allow-Origin: *
< Cache-Control: public, max-age=300
< ETag: "2103609e12fd46d4e52a9e7c59dc6cfe"
< Last-Modified: Sun, 14 Jun 2026 11:32:07 GMT
< Server: cloudflare

   - "text-decoder": "^1.1.0" - text-decoder@1.2.7
[PackageManager] waiting for 12 tasks
    [245.33ms]
Downloaded union-value versions
< 304 Not Modified
< Date: Sat, 03 Oct 2026 22:27:46 GMT
< Connection: keep-alive
< set-cookie: __cf_bm=7ecanc8Wz4FhC2_AamiUs_rgRswenbFOyW66KXZW.CM-1791066466.7419467-1.0.1.1-6QCqfod4kmsl2SZfxLQG3UGf7_d7_6uezwopAwc3j1eqrN00lxH537h_B8B_XNJki9.sCU0P0OZ1bM4GE0HRcGRToWerLms5NzgElKEWw6GQ9uuptJ92GyguAqt6q09l; HttpOnly; SameSite=None; Secure; Path=/; Domain=npmjs.org; Expires=Sat, 03 Oct 2026 22:57:46 GMT
< set-cookie: _cfuvid=usY6MYu4YB5WOVZavaslCzw4YyRfTQ7kWxDiWi1m5Z8-1791066466.7419467-1.0.1.1-VdTaD78y_mulXeIKgAwgmHT5BjAJamxnc9oOFbKwVyI; HttpOnly; SameSite=None; Secure; Path=/; Domain=npmjs.org
< CF-Ray: a44f60492fc351a4-TIA
< CF-Cache-Status: HIT
< Access-Control-Allow-Origin: *
< Cache-Control: public, max-age=300
< ETag: "577327a07873d0641f41d30f48075f26"
< Last-Modified: Sat, 18 Jun 2022 19:26:35 GMT
< Server: cloudflare

   - "union-value": "^1.0.0" - union-value@1.0.1
    [245.36ms]
Downloaded set-value versions
   - "set-value": "^2.0.0" - set-value@2.0.1
    [245.46ms]
Downloaded get-value versions
< 304 Not Modified
< Date: Sat, 03 Oct 2026 22:27:46 GMT
< Connection: keep-alive
< set-cookie: __cf_bm=dhSyWci0o2gbrciT0vdjiFyhVdmHXadlr4Ds.CQUBvI-1791066466.7469587-1.0.1.1-J.KGHC6U8KHp.MC6MYkVCdIbnWJHV6ig_tNFD03hk6niNMphMuTMivH7KFC_ELAg4galLSrXd7gB2i1NFMqQommKHUzN9iXl43cHrkPv1VYf5oEks130uGoeAUdTUGcx; HttpOnly; SameSite=None; Secure; Path=/; Domain=npmjs.org; Expires=Sat, 03 Oct 2026 22:57:46 GMT
< set-cookie: _cfuvid=RsJQZ8ToaChp84SNZDfimrFi5Ux39c1Ws0SU9HY5GQY-1791066466.7469587-1.0.1.1-M5B3CEosgz7NLa_eYqGiAqFEhNh2chRTg1Tf1DUiijo; HttpOnly; SameSite=None; Secure; Path=/; Domain=npmjs.org
< CF-Ray: a44f60492928f474-TIA
< CF-Cache-Status: HIT
< Access-Control-Allow-Origin: *
< Cache-Control: public, max-age=300
< ETag: "ffab1d79f59ce80ccf9e16b06a25b0d9"
< Last-Modified: Wed, 22 Jun 2022 17:10:53 GMT
< Server: cloudflare

   - "get-value": "^2.0.6" - get-value@2.0.6
[PackageManager] waiting for 9 tasks
    [227.81ms]
Downloaded has-values versions
   - "has-values": "^1.0.0" - has-values@1.0.0
   - "has-values": "^0.1.4" - has-values@0.1.4
    [223.85ms]
Downloaded object-visit versions
   - "object-visit": "^1.0.0" - object-visit@1.0.1
   - "kind-of": "^4.0.0" - kind-of@4.0.0
< 304 Not Modified
< Date: Sat, 03 Oct 2026 22:27:46 GMT
< Connection: keep-alive
< set-cookie: __cf_bm=e6CtFqxbFN8hopJiCn_K015lT0dMd5gpK1l.Trbj8Ao-1791066466.7470782-1.0.1.1-0iqIeKoShnRpHwn7yLN5MGGEJNAC54IhUwuMIpCrIDMdXwdeV3JE.VPaPFSc7HcGhusbd8_u4lS3q0DREzpSdJyEIHCiRwwveVMGdWhQx45TpwQ7Oot3pScOBiCsbl2y; HttpOnly; SameSite=None; Secure; Path=/; Domain=npmjs.org; Expires=Sat, 03 Oct 2026 22:57:46 GMT
< set-cookie: _cfuvid=fWoDdNOpM5579c57icm.nKKEqMIuQXp5s6S_HgdYfwo-1791066466.7470782-1.0.1.1-_26dKyqoMSHOOS9YXraQowmsynnKEGFv5TOAwDOwZPo; HttpOnly; SameSite=None; Secure; Path=/; Domain=npmjs.org
< CF-Ray: a44f604929007c08-TIA
< CF-Cache-Status: HIT
< Access-Control-Allow-Origin: *
< Cache-Control: public, max-age=300
< ETag: "29b73f3637c547cece194329c409d23f"
< Last-Modified: Thu, 12 Oct 2023 19:08:21 GMT
< Server: cloudflare

[PackageManager] waiting for 7 tasks
    [232.65ms]
Downloaded function-bind versions
   - "function-bind": "^1.1.2" - function-bind@1.1.2
< 304 Not Modified
< Date: Sat, 03 Oct 2026 22:27:46 GMT
< Connection: keep-alive
< set-cookie: __cf_bm=o34gHOlm5Q7WrJ5tOJe6xh_HVEF_bUvzp5uF_pRb1Cc-1791066466.4447482-1.0.1.1-sBUlG_nKEAfabEqQSvKixWn.JwvzEt_jzDDpRC0d3RyesNqV7tIUPMtNpADwgdfOSwAI.LwT6bPJs4y6c3r9mQO_w3TL96g._q4UotlOqOa0hCYxmr3pQaIgeJW8oXa1; HttpOnly; SameSite=None; Secure; Path=/; Domain=npmjs.org; Expires=Sat, 03 Oct 2026 22:57:46 GMT
< set-cookie: _cfuvid=pxRkKn_Wo1r_l_2v_AzWbdle_Crcl9h_WLx7Xh3Eo48-1791066466.4447482-1.0.1.1-Zi2sfYMQQSFfSnkJ1_Jonzi.EfeFC_TVSeP2Mlgo090; HttpOnly; SameSite=None; Secure; Path=/; Domain=npmjs.org
< CF-Ray: a44f60474efc5f50-TIA
< CF-Cache-Status: REVALIDATED
< Access-Control-Allow-Origin: *
< Cache-Control: public, max-age=300
< ETag: "775bfe2d5c868686d0e453a7d5c41549"
< Last-Modified: Sun, 30 Aug 2026 21:12:29 GMT
< Server: cloudflare

< 304 Not Modified
< Date: Sat, 03 Oct 2026 22:27:46 GMT
< Connection: keep-alive
< set-cookie: __cf_bm=ZJiAmgve74Qw9PJZMzOe3GYFhxpztgL7kacsGswTuaE-1791066466.7582095-1.0.1.1-yNCwWq_uqDDLMuYrYyvhJKabmSoAkzTEyytvvzyJlq3iK408EPz5LexwuksApKyl1f8F8n1EWzzZukujX4Lp_OH_1sBalx56q4fmSnQM5DLG7O7c36DH6nVuT0RfA9tQ; HttpOnly; SameSite=None; Secure; Path=/; Domain=npmjs.org; Expires=Sat, 03 Oct 2026 22:57:46 GMT
< set-cookie: _cfuvid=ctQhKdxN6QeNg52_y044x9ooXDSvO9kxK78UmtbN80w-1791066466.7582095-1.0.1.1-5UKzhaE6M2zfZFQtH1XqIPwO9T9JYVFC5Be0SQZtgrk; HttpOnly; SameSite=None; Secure; Path=/; Domain=npmjs.org
< CF-Ray: a44f60493fd751a4-TIA
< CF-Cache-Status: HIT
< Access-Control-Allow-Origin: *
< Cache-Control: public, max-age=300
< ETag: "a4f8edb6071acd5c7d48138807a13aad"
< Last-Modified: Wed, 14 Feb 2024 19:32:39 GMT
< Server: cloudflare

[PackageManager] waiting for 6 tasks
    [567.34ms]
Downloaded @octokit/auth-action versions
   - "@octokit/auth-action": "^4.0.0" - @octokit/auth-action@4.1.0
[PackageManager] waiting for 5 tasks
    [250.65ms]
Downloaded @jridgewell/resolve-uri versions
   - "@jridgewell/resolve-uri": "^3.1.0" - @jridgewell/resolve-uri@3.1.2
< 304 Not Modified
< Date: Sat, 03 Oct 2026 22:27:47 GMT
< Connection: keep-alive
< set-cookie: __cf_bm=hdX6LI1AJn7GoEu1i17dooHmgsqvBZX_bc9vCRj4VwM-1791066466.769437-1.0.1.1-i_bS1OBujTTTfWB9cwNj3GSYe6PP0fr3rMyfFSnE.LRFAiDXpeWnE5B.J4ed7.LuhzdUBS_cOBumO77.HTp_iemFjlVpWVZLsWctzYuICSY4HZ9EpZeG_hvpnSBgzUZo; HttpOnly; SameSite=None; Secure; Path=/; Domain=npmjs.org; Expires=Sat, 03 Oct 2026 22:57:47 GMT
< set-cookie: _cfuvid=DAKaSQyfO9al_V9IVZPEpc4YBUkjvYh7R9MNOc8trPc-1791066466.769437-1.0.1.1-qBsD6b2Gs3S72E7dJKtTgffXjmW8LS8xFX0CwQyYmvI; HttpOnly; SameSite=None; Secure; Path=/; Domain=npmjs.org
< CF-Ray: a44f604949167c08-TIA
< CF-Cache-Status: HIT
< Access-Control-Allow-Origin: *
< Cache-Control: public, max-age=300
< ETag: "26036407a867d5269efb3331ad7fffc9"
< Last-Modified: Sat, 29 Aug 2026 18:33:49 GMT
< Server: cloudflare

[PackageManager] waiting for 4 tasks
    [253.59ms]
Downloaded @octokit/endpoint versions
   - "@octokit/endpoint": "^9.0.6" - @octokit/endpoint@9.0.6
< 304 Not Modified
< Date: Sat, 03 Oct 2026 22:27:47 GMT
< Connection: keep-alive
< set-cookie: __cf_bm=N7NMELnPg9CKLIhHWWSHTvZpWQV7GF7RxTCYwi5NjR8-1791066466.9617958-1.0.1.1-Tx2IIW5ZIr5UlZpAxZM8OjidEaQ1jA3fR_cBrP8LvTFyoJKddiDTx3940jcWleOiCmwLl3HchKDEPskVrD2exfyK5rsHI_Q4xipTiLPwzpUxD23CBepG28qu2To5cJ4_; HttpOnly; SameSite=None; Secure; Path=/; Domain=npmjs.org; Expires=Sat, 03 Oct 2026 22:57:47 GMT
< set-cookie: _cfuvid=aD_ksiIIXzbxbJdGJs4DNqf_eC4wTQcoAp99Jtcf.bA-1791066466.9617958-1.0.1.1-JhakKAU84gyjUicDUKARj0tZM1WjrmJWo6RO_RrAAiM; HttpOnly; SameSite=None; Secure; Path=/; Domain=npmjs.org
< CF-Ray: a44f604a8e229b00-TIA
< CF-Cache-Status: HIT
< Access-Control-Allow-Origin: *
< Age: 235
< Cache-Control: public, max-age=300
< ETag: "f613585bb277a7a16484bac26bc0a42c"
< Last-Modified: Sat, 29 Aug 2026 15:48:57 GMT
< Server: cloudflare

[PackageManager] waiting for 3 tasks
    [156.32ms]
Downloaded @octokit/openapi-types versions
   - "@octokit/openapi-types": "^20.0.0" - @octokit/openapi-types@20.0.0
   - "@octokit/openapi-types": "^24.2.0" - @octokit/openapi-types@24.2.0
< 304 Not Modified
< Date: Sat, 03 Oct 2026 22:27:47 GMT
< Connection: keep-alive
< set-cookie: __cf_bm=oLCE5YIpLERGH1mwyhOnkx.zLuIgA1adSa0BXe4lmX8-1791066466.5501091-1.0.1.1-54N7JPn3Zdi8BrOUGTTx90OHk7qitXKVqGMmdaKz6e6H2qAVpTHhCNYRKeoYNPZND1ooL0daF7DxaHi_TIOqGjzOV6Dv2CG5GifislVJwhh1L96JJH6DGR_WjMqjeRFY; HttpOnly; SameSite=None; Secure; Path=/; Domain=npmjs.org; Expires=Sat, 03 Oct 2026 22:57:47 GMT
< set-cookie: _cfuvid=IOJ_oynKDoWPpNG9.guSmvbLpY9BzyTUDw4ZBGvRYmg-1791066466.5501091-1.0.1.1-YZAHxxK3Zk4Bunncof328CYngVGmqr3sgVLWlfFfcdk; HttpOnly; SameSite=None; Secure; Path=/; Domain=npmjs.org
< CF-Ray: a44f6047eedc51a4-TIA
< CF-Cache-Status: HIT
< Access-Control-Allow-Origin: *
< Cache-Control: public, max-age=300
< ETag: "87d4b98bc861061be5872dc6235a7d70"
< Last-Modified: Mon, 13 Jun 2022 03:27:55 GMT
< Server: cloudflare

[PackageManager] waiting for 2 tasks
    [562.65ms]
Downloaded arr-union versions
   - "arr-union": "^3.1.0" - arr-union@3.1.0
< 304 Not Modified
< Date: Sat, 03 Oct 2026 22:27:47 GMT
< Connection: keep-alive
< set-cookie: __cf_bm=5pEPTspQ6AjDh2TBvZaiDezaUJ0ce0caN3UBo4p1nSo-1791066466.6928675-1.0.1.1-DWA0CZ0nM7wLhSBJGxsToZ7Wx8yVfUVJa65eAsfOrkve4EyNbKyffIeAMeHzHMgO45vuktm34sVfuOpXpSy_hmqok9U9VWZ_CsbW4ra51sxJDZh4u6OHSEUeovMVhACM; HttpOnly; SameSite=None; Secure; Path=/; Domain=npmjs.org; Expires=Sat, 03 Oct 2026 22:57:47 GMT
< set-cookie: _cfuvid=HMnbtWM9s6VpM7M.7Rh0X9gkQ_HJBl3IDJ0wkZ395J0-1791066466.6928675-1.0.1.1-TKYapq_oLx5JFqQ5i7.TqOWm5OlVrcgxsr9ywtLiV6Y; HttpOnly; SameSite=None; Secure; Path=/; Domain=npmjs.org
< CF-Ray: a44f6048d8e1f474-TIA
< CF-Cache-Status: HIT
< Access-Control-Allow-Origin: *
< Cache-Control: public, max-age=300
< ETag: "7a34e3c09861756085c3542585b70bab"
< Last-Modified: Sun, 30 Aug 2026 15:09:37 GMT
< Server: cloudflare

[PackageManager] waiting for 1 tasks
    [441.73ms]
Downloaded @octokit/request-error versions
   - "@octokit/request-error": "^5.1.1" - @octokit/request-error@5.1.1
Enqueue package manifest for download: deprecation
> HTTP/1.1 GET https://registry.npmjs.org/deprecation
> If-None-Match: W/"1afc61a3c0cf405b20b1b8b12c089631"
> Accept: application/vnd.npm.install-v1+json; q=1.0, application/json; q=0.8, */*
> Connection: keep-alive
> User-Agent: Bun/1.3.9
> Host: registry.npmjs.org
> Accept-Encoding: gzip, deflate, br, zstd

< 304 Not Modified
< Date: Sat, 03 Oct 2026 22:27:47 GMT
< Connection: keep-alive
< set-cookie: __cf_bm=dYQKMWyLOmb2Z1AOsdT586mdGLVEJWXPHG6mjjKWXGM-1791066467.1357281-1.0.1.1-sHl_Nbt885i20hJT8eICM3JEMmRmmxwTWrSjQP3ffBrVs3p4eECesS28ETlTWMDGmctz9FWX5ImQJegqmECV9.ryvkVPXCxm0KxclHNztvRnbIYL5BGeIS6BP2pTYVsW; HttpOnly; SameSite=None; Secure; Path=/; Domain=npmjs.org; Expires=Sat, 03 Oct 2026 22:57:47 GMT
< set-cookie: _cfuvid=V0e6fBF9l8mxXHrSm8zhixQCw9_VRV4o50EJ7NvvAVw-1791066467.1357281-1.0.1.1-Qe2.liBvo3iEbj9QyGDI2L0uRpHXtgvggk9R77d8hwk; HttpOnly; SameSite=None; Secure; Path=/; Domain=npmjs.org
< CF-Ray: a44f604b9f279b00-TIA
< CF-Cache-Status: HIT
< Access-Control-Allow-Origin: *
< Cache-Control: public, max-age=300
< ETag: "1afc61a3c0cf405b20b1b8b12c089631"
< Last-Modified: Thu, 28 Apr 2022 10:24:31 GMT
< Server: cloudflare

[PackageManager] waiting for 1 tasks
    [212.05ms]
Downloaded deprecation versions
   - "deprecation": "^2.0.0" - deprecation@2.3.1
Enqueue package manifest for download: typescript
Enqueue package manifest for download: @tscircuit/schematic-corpus
Enqueue package manifest for download: tscircuit
Enqueue package manifest for download: three
> HTTP/1.1 GET https://registry.npmjs.org/typescript
> If-None-Match: W/"26638d321a45659f8de42b6dab9e3107"
> Accept: application/vnd.npm.install-v1+json; q=1.0, application/json; q=0.8, */*
> Connection: keep-alive
> User-Agent: Bun/1.3.9
> Host: registry.npmjs.org
> Accept-Encoding: gzip, deflate, br, zstd

> HTTP/1.1 GET https://registry.npmjs.org/@tscircuit%2fschematic-corpus
> If-None-Match: W/"3895d2b94c628ffc08b299bd50d8a1db"
> Accept: application/vnd.npm.install-v1+json; q=1.0, application/json; q=0.8, */*
> Connection: keep-alive
> User-Agent: Bun/1.3.9
> Host: registry.npmjs.org
> Accept-Encoding: gzip, deflate, br, zstd

> HTTP/1.1 GET https://registry.npmjs.org/tscircuit
> If-None-Match: W/"a3efb369fed936cd12d86c6874c3bfd4"
> Accept: application/vnd.npm.install-v1+json; q=1.0, application/json; q=0.8, */*
> Connection: keep-alive
> User-Agent: Bun/1.3.9
> Host: registry.npmjs.org
> Accept-Encoding: gzip, deflate, br, zstd

> HTTP/1.1 GET https://registry.npmjs.org/three
> If-None-Match: W/"23be9f1eef3c3cec11ab20d17de174e9"
> Accept: application/vnd.npm.install-v1+json; q=1.0, application/json; q=0.8, */*
> Connection: keep-alive
> User-Agent: Bun/1.3.9
> Host: registry.npmjs.org
> Accept-Encoding: gzip, deflate, br, zstd

< 304 Not Modified
< Date: Sat, 03 Oct 2026 22:27:47 GMT
< Connection: keep-alive
< set-cookie: __cf_bm=i1bZPirAqf_MuGKY9Xc8htm8DmZIi1kMfl4GhoElddc-1791066467.3478687-1.0.1.1-SHOYCdrIjNiopoYfJdV_f4F72gj2tAnAeVJjL.DuLy7g4KmwhFfoFFVthfJTy.gnLtZNuHEuFlo5bjJv3btLdsEC3yA16OzgFbboRhTs_268XUELRiFGKepuTCse5J4a; HttpOnly; SameSite=None; Secure; Path=/; Domain=npmjs.org; Expires=Sat, 03 Oct 2026 22:57:47 GMT
< set-cookie: _cfuvid=eCD2oN2_AMxg67hlXJS1BYFE6O3zT.raahFVOnZaQN8-1791066467.3478687-1.0.1.1-ktmgYZtOyQ4bSUwk27qSfLTBLCFHMgaBiMfXMvSdPnk; HttpOnly; SameSite=None; Secure; Path=/; Domain=npmjs.org
< CF-Ray: a44f604cec7cf474-TIA
< CF-Cache-Status: HIT
< Access-Control-Allow-Origin: *
< Age: 173
< Cache-Control: public, max-age=300
< ETag: "a3efb369fed936cd12d86c6874c3bfd4"
< Last-Modified: Fri, 02 Oct 2026 23:05:32 GMT
< Server: cloudflare

[PackageManager] waiting for 4 tasks
    [21.22ms]
Downloaded tscircuit versions
   - "tscircuit": "*" - tscircuit@0.0.2742
Enqueue package manifest for download: comlink
   - "poppygl": "0.0.29" - poppygl@0.0.29
   - "circuit-json": "^0.0.510" - circuit-json@0.0.510
Enqueue package manifest for download: s-expression
Enqueue package manifest for download: @tscircuit/cli
Enqueue package manifest for download: @tscircuit/core
Enqueue package manifest for download: @tscircuit/eval
   - "@tscircuit/props": "^0.0.677" - @tscircuit/props@0.0.677
   - "@tscircuit/checks": "^0.0.233" - @tscircuit/checks@0.0.233
Enqueue package manifest for download: rollup-plugin-dts
Enqueue package manifest for download: @rollup/plugin-json
Enqueue package manifest for download: @tscircuit/runframe
Enqueue package manifest for download: @rollup/plugin-commonjs
Enqueue package manifest for download: circuit-json-to-pnp-csv
Enqueue package manifest for download: @tscircuit/simple-3d-svg
Enqueue package manifest for download: @rollup/plugin-typescript
Enqueue package manifest for download: circuit-json-to-simple-3d
Enqueue package manifest for download: kicad-component-converter
Enqueue package manifest for download: @rollup/plugin-node-resolve
   - "@tscircuit/copper-pour-solver": "^0.0.62" - @tscircuit/copper-pour-solver@0.0.62
   - "@tscircuit/capacity-autorouter": "^0.0.953" - @tscircuit/capacity-autorouter@0.0.953
Enqueue package manifest for download: @tscircuit/internal-dynamic-import
> HTTP/1.1 GET https://registry.npmjs.org/comlink
> If-None-Match: W/"396b0a8e344737dc422d96d15732630c"
> Accept: application/vnd.npm.install-v1+json; q=1.0, application/json; q=0.8, */*
> Connection: keep-alive
> User-Agent: Bun/1.3.9
> Host: registry.npmjs.org
> Accept-Encoding: gzip, deflate, br, zstd

> HTTP/1.1 GET https://registry.npmjs.org/s-expression
> If-None-Match: W/"d718c2c04467997023d792ca158c9ca5"
> Accept: application/vnd.npm.install-v1+json; q=1.0, application/json; q=0.8, */*
> Connection: keep-alive
> User-Agent: Bun/1.3.9
> Host: registry.npmjs.org
> Accept-Encoding: gzip, deflate, br, zstd

> HTTP/1.1 GET https://registry.npmjs.org/@tscircuit%2fcli
> If-None-Match: W/"2ebbce2880291cb0b3e4cc9bcefc5a5b"
> Accept: application/vnd.npm.install-v1+json; q=1.0, application/json; q=0.8, */*
> Connection: keep-alive
> User-Agent: Bun/1.3.9
> Host: registry.npmjs.org
> Accept-Encoding: gzip, deflate, br, zstd

> HTTP/1.1 GET https://registry.npmjs.org/@tscircuit%2fcore
> If-None-Match: W/"f1b4d0df3d5768f26af18fc9da30ef40"
> Accept: application/vnd.npm.install-v1+json; q=1.0, application/json; q=0.8, */*
> Connection: keep-alive
> User-Agent: Bun/1.3.9
> Host: registry.npmjs.org
> Accept-Encoding: gzip, deflate, br, zstd

> HTTP/1.1 GET https://registry.npmjs.org/@tscircuit%2feval
> If-None-Match: W/"812c1481e04db16ee3f94170c9eb4b08"
> Accept: application/vnd.npm.install-v1+json; q=1.0, application/json; q=0.8, */*
> Connection: keep-alive
> User-Agent: Bun/1.3.9
> Host: registry.npmjs.org
> Accept-Encoding: gzip, deflate, br, zstd

> HTTP/1.1 GET https://registry.npmjs.org/rollup-plugin-dts
> If-None-Match: W/"3282add860fa82af7f376295f5e0ef4b"
> Accept: application/vnd.npm.install-v1+json; q=1.0, application/json; q=0.8, */*
> Connection: keep-alive
> User-Agent: Bun/1.3.9
> Host: registry.npmjs.org
> Accept-Encoding: gzip, deflate, br, zstd

> HTTP/1.1 GET https://registry.npmjs.org/@rollup%2fplugin-json
> If-None-Match: W/"99b69eb4be2f132838171cdc4cf42d24"
> Accept: application/vnd.npm.install-v1+json; q=1.0, application/json; q=0.8, */*
> Connection: keep-alive
> User-Agent: Bun/1.3.9
> Host: registry.npmjs.org
> Accept-Encoding: gzip, deflate, br, zstd

> HTTP/1.1 GET https://registry.npmjs.org/@tscircuit%2frunframe
> If-None-Match: W/"c73ad7943c23e16e9782cefd3d167c71"
> Accept: application/vnd.npm.install-v1+json; q=1.0, application/json; q=0.8, */*
> Connection: keep-alive
> User-Agent: Bun/1.3.9
> Host: registry.npmjs.org
> Accept-Encoding: gzip, deflate, br, zstd

> HTTP/1.1 GET https://registry.npmjs.org/@rollup%2fplugin-commonjs
> If-None-Match: W/"dfb9a47ad9137415b6bfb12aed7fa7ee"
> Accept: application/vnd.npm.install-v1+json; q=1.0, application/json; q=0.8, */*
> Connection: keep-alive
> User-Agent: Bun/1.3.9
> Host: registry.npmjs.org
> Accept-Encoding: gzip, deflate, br, zstd

> HTTP/1.1 GET https://registry.npmjs.org/circuit-json-to-pnp-csv
> If-None-Match: W/"02dbb9f65ae52b72325854da32ff6a80"
> Accept: application/vnd.npm.install-v1+json; q=1.0, application/json; q=0.8, */*
> Connection: keep-alive
> User-Agent: Bun/1.3.9
> Host: registry.npmjs.org
> Accept-Encoding: gzip, deflate, br, zstd

> HTTP/1.1 GET https://registry.npmjs.org/@tscircuit%2fsimple-3d-svg
> If-None-Match: W/"b98a9d2e95f1b193ba55ca07ce9f2717"
> Accept: application/vnd.npm.install-v1+json; q=1.0, application/json; q=0.8, */*
> Connection: keep-alive
> User-Agent: Bun/1.3.9
> Host: registry.npmjs.org
> Accept-Encoding: gzip, deflate, br, zstd

> HTTP/1.1 GET https://registry.npmjs.org/@rollup%2fplugin-typescript
> If-None-Match: W/"e0ec0bbb20675be8effc01d168c969e7"
> Accept: application/vnd.npm.install-v1+json; q=1.0, application/json; q=0.8, */*
> Connection: keep-alive
> User-Agent: Bun/1.3.9
> Host: registry.npmjs.org
> Accept-Encoding: gzip, deflate, br, zstd

> HTTP/1.1 GET https://registry.npmjs.org/circuit-json-to-simple-3d
> If-None-Match: W/"9b903de329b7a8b986350251ea9d097e"
> Accept: application/vnd.npm.install-v1+json; q=1.0, application/json; q=0.8, */*
> Connection: keep-alive
> User-Agent: Bun/1.3.9
> Host: registry.npmjs.org
> Accept-Encoding: gzip, deflate, br, zstd

> HTTP/1.1 GET https://registry.npmjs.org/kicad-component-converter
> If-None-Match: W/"c62d7c77014f76a5b93a97252f86170a"
> Accept: application/vnd.npm.install-v1+json; q=1.0, application/json; q=0.8, */*
> Connection: keep-alive
> User-Agent: Bun/1.3.9
> Host: registry.npmjs.org
> Accept-Encoding: gzip, deflate, br, zstd

> HTTP/1.1 GET https://registry.npmjs.org/@rollup%2fplugin-node-resolve
> If-None-Match: W/"5c4a653f10221422a6ba1db624ee6ce9"
> Accept: application/vnd.npm.install-v1+json; q=1.0, application/json; q=0.8, */*
> Connection: keep-alive
> User-Agent: Bun/1.3.9
> Host: registry.npmjs.org
> Accept-Encoding: gzip, deflate, br, zstd

> HTTP/1.1 GET https://registry.npmjs.org/@tscircuit%2finternal-dynamic-import
> If-None-Match: W/"8b4c29b06f30a4297a9a7f4db4e92627"
> Accept: application/vnd.npm.install-v1+json; q=1.0, application/json; q=0.8, */*
> Connection: keep-alive
> User-Agent: Bun/1.3.9
> Host: registry.npmjs.org
> Accept-Encoding: gzip, deflate, br, zstd

> HTTP/1.1 GET https://jscdn.tscircuit.com/@tscircuit/schematic-trace-solver/0.0.223.tgz
> Connection: keep-alive
> User-Agent: Bun/1.3.9
> Accept: */*
> Host: jscdn.tscircuit.com
> Accept-Encoding: gzip, deflate, br, zstd

< 304 Not Modified
< Date: Sat, 03 Oct 2026 22:27:47 GMT
< Connection: keep-alive
< set-cookie: __cf_bm=OpjWjD3emyNeW8noigd4b51adrbeFROcWizbREJCKX0-1791066467.3756278-1.0.1.1-DxCNANnBbadCj0FuyjiUJjTAGIN7_27Ov5bxPog7Nv8P6IH1KTRkhyLxyW4nInQovaQtfG.JG2sAU34pQmggEw.itwSpQHgjWruR68eGFfxyyTbFb3dGhrIlmopJoLxx; HttpOnly; SameSite=None; Secure; Path=/; Domain=npmjs.org; Expires=Sat, 03 Oct 2026 22:57:47 GMT
< set-cookie: _cfuvid=qkRFoxS.Q_htkeq8tyKHhLpNS995fy.AF_p2F99a0Uc-1791066467.3756278-1.0.1.1-s0KPPq3shKT94VK9VG2FOWZh47jroKeFtjxKE2gGnoQ; HttpOnly; SameSite=None; Secure; Path=/; Domain=npmjs.org
< CF-Ray: a44f604d1bdb5f50-TIA
< CF-Cache-Status: HIT
< Access-Control-Allow-Origin: *
< Age: 173
< Cache-Control: public, max-age=300
< ETag: "02dbb9f65ae52b72325854da32ff6a80"
< Last-Modified: Wed, 30 Sep 2026 10:30:44 GMT
< Server: cloudflare

    [16.99ms]
Downloaded circuit-json-to-pnp-csv versions
   - "circuit-json-to-pnp-csv": "^0.0.16" - circuit-json-to-pnp-csv@0.0.16
Enqueue package manifest for download: papaparse
   - "@tscircuit/circuit-json-util": "^0.0.113" - @tscircuit/circuit-json-util@0.0.113
> HTTP/1.1 GET https://registry.npmjs.org/papaparse
> If-None-Match: W/"90750df08b50ed7a0070b3a47d4e7d00"
> Accept: application/vnd.npm.install-v1+json; q=1.0, application/json; q=0.8, */*
> Connection: keep-alive
> User-Agent: Bun/1.3.9
> Host: registry.npmjs.org
> Accept-Encoding: gzip, deflate, br, zstd

< 304 Not Modified
< Date: Sat, 03 Oct 2026 22:27:47 GMT
< Connection: keep-alive
< set-cookie: __cf_bm=Gk89HalqMP4yPx8bFXMhSD3RUTCvxBIqoawv.Df2ioc-1791066467.3758924-1.0.1.1-rU8twvHJ_w4WGSTtQFrR6TNz8xcZV6bF1TZDkygg9LGKYp6c4u2bohJKpB3ZHfPqxDbXJy6eAUONe9a1xiJkPnm4ViOgRSXWfvj8Sksx9wgU74NbXoA4Io2WWsAoOS4t; HttpOnly; SameSite=None; Secure; Path=/; Domain=npmjs.org; Expires=Sat, 03 Oct 2026 22:57:47 GMT
< set-cookie: _cfuvid=NpockgC6RM_KUnFLN3p4J1xWNk9M5fvVoQ7O4fYX2sY-1791066467.3758924-1.0.1.1-h1SWSfialFTtPOj_aKsECV4DYmUS5fugKVc8yoxe6mc; HttpOnly; SameSite=None; Secure; Path=/; Domain=npmjs.org
< CF-Ray: a44f604d19c6a5b3-TIA
< CF-Cache-Status: HIT
< Access-Control-Allow-Origin: *
< Age: 173
< Cache-Control: public, max-age=300
< ETag: "c62d7c77014f76a5b93a97252f86170a"
< Last-Modified: Wed, 03 Jun 2026 22:30:13 GMT
< Server: cloudflare

< 304 Not Modified
< Date: Sat, 03 Oct 2026 22:27:47 GMT
< Connection: keep-alive
< set-cookie: __cf_bm=oUze3LCZCcox7NxE.HtVawpRwiuycGlcUpiFtuQ33eU-1791066467.376056-1.0.1.1-80k1ckMvUOmUNnSkT8RhU9P5FtIWDQKJ1CxeISH7FBfNY4cWn.j.0P7DSagpQy4lmHJwuEZrEu2jZaCC9eyZSBwYVdDiLOoIZ3U1bMDUJIApiMfEaCc5Jv4Np587JzAQ; HttpOnly; SameSite=None; Secure; Path=/; Domain=npmjs.org; Expires=Sat, 03 Oct 2026 22:57:47 GMT
< set-cookie: _cfuvid=bHlXvg__qLk0OHfSMYagHv0D0nx7I.N_XQZPWnkhSvo-1791066467.376056-1.0.1.1-AlTPVVsVbV66Y3.WHUcPgV9JxatIr1AEpqUJECBYV4U; HttpOnly; SameSite=None; Secure; Path=/; Domain=npmjs.org
< CF-Ray: a44f604d1bc451a4-TIA
< CF-Cache-Status: HIT
< Access-Control-Allow-Origin: *
< Age: 173
< Cache-Control: public, max-age=300
< ETag: "9b903de329b7a8b986350251ea9d097e"
< Last-Modified: Wed, 19 Aug 2026 23:06:32 GMT
< Server: cloudflare

< 304 Not Modified
< Date: Sat, 03 Oct 2026 22:27:47 GMT
< Connection: keep-alive
< set-cookie: __cf_bm=nhTmNERdjElD0o2u17ptqeYwbdw13UtByvOlPWrcNxc-1791066467.3757813-1.0.1.1-MWroVL94SetGegpKcnliIGI9jb1xBl5E.oZfF0ECe_QkAUt2gaWjEOoAue6XkgmDIG0eJY6jEdUp_m8aehVvsG7K1dH6tB0c43n5wjiUu1xCpbQ0H2gfe87oOK9Cjfcy; HttpOnly; SameSite=None; Secure; Path=/; Domain=npmjs.org; Expires=Sat, 03 Oct 2026 22:57:47 GMT
< set-cookie: _cfuvid=LBkRkEVIkDYANo8oh4vQrNtu8CMQgHqNhjAqmMRR1fU-1791066467.3757813-1.0.1.1-TSAOVgmD_SJttByghsA.cP2Wt4izkMUld2IAVI1EX8c; HttpOnly; SameSite=None; Secure; Path=/; Domain=npmjs.org
< CF-Ray: a44f604d1bc351a4-TIA
< CF-Cache-Status: HIT
< Access-Control-Allow-Origin: *
< Age: 173
< Cache-Control: public, max-age=300
< ETag: "d718c2c04467997023d792ca158c9ca5"
< Last-Modified: Sun, 26 Jun 2022 15:08:31 GMT
< Server: cloudflare

    [22.54ms]
Downloaded kicad-component-converter versions
   - "kicad-component-converter": "^0.1.40" - kicad-component-converter@0.1.41
    [22.56ms]
Downloaded circuit-json-to-simple-3d versions
   - "circuit-json-to-simple-3d": "^0.0.9" - circuit-json-to-simple-3d@0.0.9
    [22.73ms]
Downloaded s-expression versions
   - "s-expression": "^3.1.1" - s-expression@3.1.1
< 304 Not Modified
< Date: Sat, 03 Oct 2026 22:27:47 GMT
< Connection: keep-alive
< set-cookie: __cf_bm=esQH7FA.Qu_yNalYSRm4mFcX1upQRP9GzAM_tC7a9LY-1791066467.392946-1.0.1.1-j6.6V_o9sTVxsq4vNvOAnm4DKbbC5NYJvJYNJbxYljtEjt9YPi_2EgQrcSq2AWB8b9Mg_4b3oc5mdTP2Pm9ZKvinxZgLqdvEtgO4M3y4ghti4NESRsUUWIMpQdHBg_a2; HttpOnly; SameSite=None; Secure; Path=/; Domain=npmjs.org; Expires=Sat, 03 Oct 2026 22:57:47 GMT
< set-cookie: _cfuvid=VqKf1hJ8XADYHIcMwXMe9bc0dbKiB_Lag51CoyPLEDQ-1791066467.392946-1.0.1.1-cqm36TAgwX1C9Iep22oJMaczLD_lGp.xCXE6ioYUKW4; HttpOnly; SameSite=None; Secure; Path=/; Domain=npmjs.org
< CF-Ray: a44f604d3bf35f50-TIA
< CF-Cache-Status: HIT
< Access-Control-Allow-Origin: *
< Age: 263
< Cache-Control: public, max-age=300
< ETag: "90750df08b50ed7a0070b3a47d4e7d00"
< Last-Modified: Mon, 24 Aug 2026 14:28:24 GMT
< Server: cloudflare

< 304 Not Modified
< Date: Sat, 03 Oct 2026 22:27:47 GMT
< Connection: keep-alive
< set-cookie: __cf_bm=CADpN_bHYSO9TIzNSi.0ptXOpJoUngjEoWQBVr1soZE-1791066467.3465655-1.0.1.1-mnW4JRxpvTjUFsHuhVp8d00SoozNldjP8YIjfVIB3f1MnqrOW9n4QBaAytQV2jW7SVQlXtEFIFsfGXrcrTfcCXcjqm5TscEC2RtbE8VocPJ4DobjhG7h8qpWXI86AYiN; HttpOnly; SameSite=None; Secure; Path=/; Domain=npmjs.org; Expires=Sat, 03 Oct 2026 22:57:47 GMT
< set-cookie: _cfuvid=6YwgcpccWtdHJkZookCxDkg2hOsvuGWMk6z1vUvsG7M-1791066467.3465655-1.0.1.1-dqlKA2a8VlP.b56.E5xGdl51W._RnSEiT.7gdrJbsjs; HttpOnly; SameSite=None; Secure; Path=/; Domain=npmjs.org
< CF-Ray: a44f604cec7bf474-TIA
< CF-Cache-Status: HIT
< Access-Control-Allow-Origin: *
< Age: 173
< Cache-Control: public, max-age=300
< ETag: "3895d2b94c628ffc08b299bd50d8a1db"
< Last-Modified: Sat, 02 Aug 2025 15:20:41 GMT
< Server: cloudflare

[PackageManager] waiting for 17 tasks
    [98.25ms]
Downloaded papaparse versions
   - "papaparse": "^5.4.1" - papaparse@5.7.0
    [145.30ms]
Downloaded @tscircuit/schematic-corpus versions
   - "@tscircuit/schematic-corpus": "*" - @tscircuit/schematic-corpus@0.0.114
< 304 Not Modified
< Date: Sat, 03 Oct 2026 22:27:47 GMT
< Connection: keep-alive
< set-cookie: __cf_bm=IvOpQHfzTxdrM9IHq0a00DmGAzYgL2IT6f6YDpaO8OY-1791066467.3761356-1.0.1.1-7hieHkJdSOhVzYTXBbaFU1AfEIhxrOsQ0eJmYsCORpiY0PHQDc0DyHdd7xDh9lNNm6mnLe1DC0RfjfsneNM6LJ_7mmwL4bBjTlCOJhIe7RTkOAsy1vuAR1o9a0Jl6WxS; HttpOnly; SameSite=None; Secure; Path=/; Domain=npmjs.org; Expires=Sat, 03 Oct 2026 22:57:47 GMT
< set-cookie: _cfuvid=yyAEw19yDUyzK5UcJ6QZEexRRff17DSphj1C4De2KfQ-1791066467.3761356-1.0.1.1-spLpM4lhbgD_olAWSTEDlILUxtuFg4IGXsQMbdbv_B4; HttpOnly; SameSite=None; Secure; Path=/; Domain=npmjs.org
< CF-Ray: a44f604d19e6bd99-TIA
< CF-Cache-Status: HIT
< Access-Control-Allow-Origin: *
< Age: 174
< Cache-Control: public, max-age=300
< ETag: "f1b4d0df3d5768f26af18fc9da30ef40"
< Last-Modified: Sat, 03 Oct 2026 21:06:21 GMT
< Server: cloudflare

< 304 Not Modified
< Date: Sat, 03 Oct 2026 22:27:47 GMT
< Connection: keep-alive
< set-cookie: __cf_bm=tUp6sUAu.dO7cR2cOboZU94ulfciLXyoG_V53DYPi80-1791066467.3757381-1.0.1.1-jPCDi8iUjDtvAK8ribNnNDFnzZW.4RTj9SGzt9C8gqp4tg5nMdIaGvOYNlOkQ4olKw.BzN9uBTAMsHex5.tSE4a2EVHJ7xV8YhgzKfjJwiAAy71xnmBntfW2qvkkxsnw; HttpOnly; SameSite=None; Secure; Path=/; Domain=npmjs.org; Expires=Sat, 03 Oct 2026 22:57:47 GMT
< set-cookie: _cfuvid=JDzIh8DhBw8SvRItokgwWnHdNjgFONpaAK8_kRAq2iA-1791066467.3757381-1.0.1.1-CWmXM.dbNUe9usVE1tvLAwvlQfSQJPvNKEdSQtMD9kw; HttpOnly; SameSite=None; Secure; Path=/; Domain=npmjs.org
< CF-Ray: a44f604d1c9ff474-TIA
< CF-Cache-Status: HIT
< Access-Control-Allow-Origin: *
< Age: 172
< Cache-Control: public, max-age=300
< ETag: "8b4c29b06f30a4297a9a7f4db4e92627"
< Last-Modified: Thu, 20 Aug 2026 00:55:11 GMT
< Server: cloudflare

[PackageManager] waiting for 15 tasks
< 304 Not Modified
< Date: Sat, 03 Oct 2026 22:27:47 GMT
< Connection: keep-alive
< set-cookie: __cf_bm=fx7yLST9RdmhXAFQviDV36SgCQQcj59wGyrkGlY_5hY-1791066467.375692-1.0.1.1-_2zOvc2upmDghA5Y34RKn705X4QidxvCfAQvqb96oLUYkite8L_gQs5.HA2scNxt.R2pvAilY9MCLe4vFzIsqDEHGFtrNgzZ8.PluSRgK7y8T.y.g8GQL2ld9mMd.Kyh; HttpOnly; SameSite=None; Secure; Path=/; Domain=npmjs.org; Expires=Sat, 03 Oct 2026 22:57:47 GMT
< set-cookie: _cfuvid=0taZcOM6XDdWNHjVTqQYuFkCjAKjhs7zAAtna80Mty8-1791066467.375692-1.0.1.1-Z6DtmcCQH0x3TiwqTemfAkm_2NMwBWK17rCnm27Ea20; HttpOnly; SameSite=None; Secure; Path=/; Domain=npmjs.org
< CF-Ray: a44f604d1bdc5f50-TIA
< CF-Cache-Status: HIT
< Access-Control-Allow-Origin: *
< Age: 222
< Cache-Control: public, max-age=300
< ETag: "b98a9d2e95f1b193ba55ca07ce9f2717"
< Last-Modified: Wed, 13 Aug 2025 01:03:27 GMT
< Server: cloudflare

    [117.30ms]
Downloaded @tscircuit/core versions
< 304 Not Modified
< Date: Sat, 03 Oct 2026 22:27:47 GMT
< Connection: keep-alive
< set-cookie: __cf_bm=d_.G0p0SDFJaQnKkbAND47O4jgCIRXTGyXB7IwqJ.Ug-1791066467.3758423-1.0.1.1-lUXxtV3L1paY5b4xhLe7H_PlSJxEgvn9vlhclEE.kLUUe2q4Bm9A4RUeqflUNyjyHUgmCrKfwEU8TqhtTsvJ2IFprRFuhmf1BvCtnwX587noOTD8BUyJhF30JVSivCmb; HttpOnly; SameSite=None; Secure; Path=/; Domain=npmjs.org; Expires=Sat, 03 Oct 2026 22:57:47 GMT
< set-cookie: _cfuvid=QXUwKfDWJpt9P4Qg8uCmXwRWeWjD8i9l3oHWjyi5vRQ-1791066467.3758423-1.0.1.1-mIhUxDqv6jyvqlbCa4fJNXeQQUjjNt0mmN7w3.r7fj0; HttpOnly; SameSite=None; Secure; Path=/; Domain=npmjs.org
< CF-Ray: a44f604d19df793f-TIA
< CF-Cache-Status: HIT
< Access-Control-Allow-Origin: *
< Age: 172
< Cache-Control: public, max-age=300
< ETag: "c73ad7943c23e16e9782cefd3d167c71"
< Last-Modified: Sat, 03 Oct 2026 21:01:29 GMT
< Server: cloudflare

< 304 Not Modified
< Date: Sat, 03 Oct 2026 22:27:47 GMT
< Connection: keep-alive
< set-cookie: __cf_bm=clLk16IC1o7DKvgO_TECIP6hELx3.Mplimz9H7OAUn0-1791066467.3759544-1.0.1.1-2fCbV5MoUfVSGKEj_Q0MujDBQa4AbvNzIhig778qF9D_Pi5kv8vtjAdZJwT3NXoD7Yzo9c8LJ55d797AAveDt8TwlhPJfMpzI3.0l.HWcSg.oOfRBaPD8ddFbC3jPVaX; HttpOnly; SameSite=None; Secure; Path=/; Domain=npmjs.org; Expires=Sat, 03 Oct 2026 22:57:47 GMT
< set-cookie: _cfuvid=ZX4woEIPoWd4dSGLsjZTNpAAU15P71ucv96uk8IrBF0-1791066467.3759544-1.0.1.1-yMxNOHQJDELLxg7goXS6boam2K6q6vkmz8nnhmWp_ns; HttpOnly; SameSite=None; Secure; Path=/; Domain=npmjs.org
< CF-Ray: a44f604d1ca0f474-TIA
< CF-Cache-Status: HIT
< Access-Control-Allow-Origin: *
< Age: 172
< Cache-Control: public, max-age=300
< ETag: "812c1481e04db16ee3f94170c9eb4b08"
< Last-Modified: Sat, 03 Oct 2026 21:49:03 GMT
< Server: cloudflare

< 304 Not Modified
< Date: Sat, 03 Oct 2026 22:27:47 GMT
< Connection: keep-alive
< set-cookie: __cf_bm=morw2RYzx9lzkvEdU6FzlLdTfJc2_QJpPULDKhVZCxc-1791066467.3757021-1.0.1.1-ug9Ns.cFdIQELG5lEVzLymAc05GLPmSymk3vuyYI_mu.cfwBXHHt5crOAfq9xUG0nd5I.CT5vNmjZQk9eaXv8M4Dh04TU3E31I8YUz2G90lulp9m50warMe8tj5xto6U; HttpOnly; SameSite=None; Secure; Path=/; Domain=npmjs.org; Expires=Sat, 03 Oct 2026 22:57:47 GMT
< set-cookie: _cfuvid=FTwsF.LzSU_Bis1dctoXbW8JKTIvHaZLeF7mdJhFxoA-1791066467.3757021-1.0.1.1-7yBSEmMH93VbU4KQjwOnNTcfPZTnGbx.dTilhx53jlY; HttpOnly; SameSite=None; Secure; Path=/; Domain=npmjs.org
< CF-Ray: a44f604d19c3a5b3-TIA
< CF-Cache-Status: HIT
< Access-Control-Allow-Origin: *
< Age: 172
< Cache-Control: public, max-age=300
< ETag: "2ebbce2880291cb0b3e4cc9bcefc5a5b"
< Last-Modified: Sat, 03 Oct 2026 02:30:11 GMT
< Server: cloudflare

   - "@tscircuit/core": "^0.0.2056" - @tscircuit/core@0.0.2056
    [117.17ms]
Downloaded @tscircuit/internal-dynamic-import versions
   - "@tscircuit/internal-dynamic-import": "^0.0.11" - @tscircuit/internal-dynamic-import@0.0.11
    [117.28ms]
Downloaded @tscircuit/simple-3d-svg versions
   - "@tscircuit/simple-3d-svg": "^0.0.41" - @tscircuit/simple-3d-svg@0.0.41
    [117.33ms]
Downloaded @tscircuit/runframe versions
   - "@tscircuit/runframe": "^0.0.2887" - @tscircuit/runframe@0.0.2887
    [117.40ms]
Downloaded @tscircuit/eval versions
   - "@tscircuit/eval": "^0.0.1522" - @tscircuit/eval@0.0.1522
    [117.43ms]
Downloaded @tscircuit/cli versions
   - "@tscircuit/cli": "^0.1.2235" - @tscircuit/cli@0.1.2237
Enqueue package manifest for download: fast-xml-parser
   - "@tscircuit/core": "^0.0.1911" - @tscircuit/core@0.0.1911
   - "@tscircuit/eval": "0.0.1521" - @tscircuit/eval@0.0.1521
> HTTP/1.1 GET https://registry.npmjs.org/fast-xml-parser
> If-None-Match: W/"8e67857d8609b0fb21dbb9f96abc94de"
> Accept: application/vnd.npm.install-v1+json; q=1.0, application/json; q=0.8, */*
> Connection: keep-alive
> User-Agent: Bun/1.3.9
> Host: registry.npmjs.org
> Accept-Encoding: gzip, deflate, br, zstd

< 304 Not Modified
< Date: Sat, 03 Oct 2026 22:27:47 GMT
< Connection: keep-alive
< set-cookie: __cf_bm=97W._whYXF1CNhNaZevy0aAUykNMbf0Rpw.rT7yVnws-1791066467.4943504-1.0.1.1-..CTerOh5F_Cbxo4rMbw3lGGaFJ2xe.hCle7FPRRm3jsUfQ0CTGUxPJqNszZpt8L5LzxeRmbHLD4HNYGMzN7hDLGQss3HpeB8mjE9U641K2RM2RFT_QedELKWwbt1nBb; HttpOnly; SameSite=None; Secure; Path=/; Domain=npmjs.org; Expires=Sat, 03 Oct 2026 22:57:47 GMT
< set-cookie: _cfuvid=fMuL3iaYjx8G.A8HCkD0QD_8nnToUv748qJxAGqf_os-1791066467.4943504-1.0.1.1-PF.6JBiW0hBLoM0mMdc08JSsEcbVD3M77FkJTfZr8AI; HttpOnly; SameSite=None; Secure; Path=/; Domain=npmjs.org
< CF-Ray: a44f604dda90a5b3-TIA
< CF-Cache-Status: HIT
< Access-Control-Allow-Origin: *
< Age: 287
< Cache-Control: public, max-age=300
< ETag: "8e67857d8609b0fb21dbb9f96abc94de"
< Last-Modified: Tue, 29 Sep 2026 04:45:34 GMT
< Server: cloudflare

    [26.79ms]
Downloaded fast-xml-parser versions
   - "fast-xml-parser": "^5.2.5" - fast-xml-parser@5.11.2
Enqueue package manifest for download: strnum
Enqueue package manifest for download: is-unsafe
Enqueue package manifest for download: xml-naming
Enqueue package manifest for download: fast-xml-builder
Enqueue package manifest for download: @nodable/entities
Enqueue package manifest for download: path-expression-matcher
> HTTP/1.1 GET https://registry.npmjs.org/strnum
> If-None-Match: W/"2ab8ad4f960250663c48f3d8136d1f6f"
> Accept: application/vnd.npm.install-v1+json; q=1.0, application/json; q=0.8, */*
> Connection: keep-alive
> User-Agent: Bun/1.3.9
> Host: registry.npmjs.org
> Accept-Encoding: gzip, deflate, br, zstd

> HTTP/1.1 GET https://registry.npmjs.org/is-unsafe
> If-None-Match: W/"99d9dae226be6020ead4d17d6c8f0a65"
> Accept: application/vnd.npm.install-v1+json; q=1.0, application/json; q=0.8, */*
> Connection: keep-alive
> User-Agent: Bun/1.3.9
> Host: registry.npmjs.org
> Accept-Encoding: gzip, deflate, br, zstd

> HTTP/1.1 GET https://registry.npmjs.org/xml-naming
> If-None-Match: W/"5a9cebecfadee84784665a0e91182848"
> Accept: application/vnd.npm.install-v1+json; q=1.0, application/json; q=0.8, */*
> Connection: keep-alive
> User-Agent: Bun/1.3.9
> Host: registry.npmjs.org
> Accept-Encoding: gzip, deflate, br, zstd

> HTTP/1.1 GET https://registry.npmjs.org/fast-xml-builder
> If-None-Match: W/"cdc1e3a37a4f3471b9dc245d285477d7"
> Accept: application/vnd.npm.install-v1+json; q=1.0, application/json; q=0.8, */*
> Connection: keep-alive
> User-Agent: Bun/1.3.9
> Host: registry.npmjs.org
> Accept-Encoding: gzip, deflate, br, zstd

> HTTP/1.1 GET https://registry.npmjs.org/@nodable%2fentities
> If-None-Match: W/"c01fc26513f8f961006f55cdd5305457"
> Accept: application/vnd.npm.install-v1+json; q=1.0, application/json; q=0.8, */*
> Connection: keep-alive
> User-Agent: Bun/1.3.9
> Host: registry.npmjs.org
> Accept-Encoding: gzip, deflate, br, zstd

> HTTP/1.1 GET https://registry.npmjs.org/path-expression-matcher
> If-None-Match: W/"44056b1955521f67afec9c053bad7e40"
> Accept: application/vnd.npm.install-v1+json; q=1.0, application/json; q=0.8, */*
> Connection: keep-alive
> User-Agent: Bun/1.3.9
> Host: registry.npmjs.org
> Accept-Encoding: gzip, deflate, br, zstd

< 304 Not Modified
< Date: Sat, 03 Oct 2026 22:27:47 GMT
< Connection: keep-alive
< set-cookie: __cf_bm=VvDweEPWw9Jsis67x4wBkYYhcuE7xhiikIBxzP97PT0-1791066467.523543-1.0.1.1-E8AmP682KQJykeeAQDrY_pEYn1KZh7Jscv8JcuTG7yhGzkvlCDhtrf9JzSaFbcW9wA01cRzptXiG1wVvxu4px9So4KsWGrDA7TZis9rXFp.D5bgzJP5LtMaaKiUS79.W; HttpOnly; SameSite=None; Secure; Path=/; Domain=npmjs.org; Expires=Sat, 03 Oct 2026 22:57:47 GMT
< set-cookie: _cfuvid=CU1dRSX6Z8jtO7D7cilBDR2urWbxOszOxLJfCRDxRyc-1791066467.523543-1.0.1.1-8FXIPUmj7JrTczI0Ux8LlFgDLCpPsgFWz1q.PZtIZJs; HttpOnly; SameSite=None; Secure; Path=/; Domain=npmjs.org
< CF-Ray: a44f604e0abea5b3-TIA
< CF-Cache-Status: HIT
< Access-Control-Allow-Origin: *
< Age: 298
< Cache-Control: public, max-age=300
< ETag: "2ab8ad4f960250663c48f3d8136d1f6f"
< Last-Modified: Fri, 14 Aug 2026 11:49:44 GMT
< Server: cloudflare

< 304 Not Modified
< Date: Sat, 03 Oct 2026 22:27:47 GMT
< Connection: keep-alive
< set-cookie: __cf_bm=U.J8ujnt_x5sYFu_yaBr_T6To4duPDy2jpSu.5chquQ-1791066467.5235102-1.0.1.1-L5k76br.GrEx3zcBS2kE2C9GDO5aPLLTyzj6aQHvQ8TpmIFBBYR6axoMRgmxoHJcdSFMELSO7yA4Q79Ri1828FoUfAYpjssaGei5B4UoYOMboNDJ_.sUe4TVdfHqJnIW; HttpOnly; SameSite=None; Secure; Path=/; Domain=npmjs.org; Expires=Sat, 03 Oct 2026 22:57:47 GMT
< set-cookie: _cfuvid=mco.bPlPnscI2R7IyCyyw.r.Trnt7oFr55rUX4kpBuk-1791066467.5235102-1.0.1.1-3urxHijJa4BYnlVHIVLNBicp7EqqAz1bOJbi2kvdN0I; HttpOnly; SameSite=None; Secure; Path=/; Domain=npmjs.org
< CF-Ray: a44f604e0c8051a4-TIA
< CF-Cache-Status: HIT
< Access-Control-Allow-Origin: *
< Age: 270
< Cache-Control: public, max-age=300
< ETag: "99d9dae226be6020ead4d17d6c8f0a65"
< Last-Modified: Wed, 19 Aug 2026 12:35:22 GMT
< Server: cloudflare

[PackageManager] waiting for 15 tasks
    [18.29ms]
Downloaded strnum versions
   - "strnum": "^2.4.2" - strnum@2.4.2
    [18.27ms]
Downloaded is-unsafe versions
   - "is-unsafe": "^2.0.0" - is-unsafe@2.0.2
Enqueue package manifest for download: anynum
[PackageManager] waiting for 14 tasks
> HTTP/1.1 GET https://registry.npmjs.org/anynum
> If-None-Match: W/"ce78403d7797cc2286cbffeee6da68af"
> Accept: application/vnd.npm.install-v1+json; q=1.0, application/json; q=0.8, */*
> Connection: keep-alive
> User-Agent: Bun/1.3.9
> Host: registry.npmjs.org
> Accept-Encoding: gzip, deflate, br, zstd

< 304 Not Modified
< Date: Sat, 03 Oct 2026 22:27:47 GMT
< Connection: keep-alive
< set-cookie: __cf_bm=BW7kXyXaXtzQf5ORiFtSx2cZJHINDwJ15JinXjtcGe0-1791066467.5233428-1.0.1.1-T.AcwD5PP7IFwFDRISciysIl1oi9yhPvWuCJD0cQ.ytBedIPYq_OEfg6q1ytUdpQDP_x0jYypN0jB5tVqTNpuh.gHP8y9L1Wp6yplf.npAUeMZqNqqmjvhjQBEN2FoP8; HttpOnly; SameSite=None; Secure; Path=/; Domain=npmjs.org; Expires=Sat, 03 Oct 2026 22:57:47 GMT
< set-cookie: _cfuvid=C5mGkYvguEKWqpA58M5PfV.oQ_pp_UryAZxmrAL0gyw-1791066467.5233428-1.0.1.1-yrAdgmJ5KDh3chnPi.za0VpUZIsklv377p3ffsd1Qlc; HttpOnly; SameSite=None; Secure; Path=/; Domain=npmjs.org
< CF-Ray: a44f604e0c9d5f50-TIA
< CF-Cache-Status: HIT
< Access-Control-Allow-Origin: *
< Age: 264
< Cache-Control: public, max-age=300
< ETag: "cdc1e3a37a4f3471b9dc245d285477d7"
< Last-Modified: Fri, 14 Aug 2026 07:02:40 GMT
< Server: cloudflare

[PackageManager] waiting for 14 tasks
< 304 Not Modified
< Date: Sat, 03 Oct 2026 22:27:47 GMT
< Connection: keep-alive
< set-cookie: __cf_bm=8eLjP2feo9LsppJqrokYQL4cxAeVdI3Lo4D5ne2hcr8-1791066467.5234947-1.0.1.1-ropKc7TkNtt_dZ7Ph1SWOGQFEGoT0ZDtShjZuFDFQsIjEPQV9DwAqBICF1GlgUvYgDVkmxReHdevuMrrZOSNDPFjs2EmXVunSy5pvglRAwViP85a5cyKGk92PUI.6w0h; HttpOnly; SameSite=None; Secure; Path=/; Domain=npmjs.org; Expires=Sat, 03 Oct 2026 22:57:47 GMT
< set-cookie: _cfuvid=uMMONZOk6Gyk4ZYRfVw5iEoFRqdXORsHxrQpMwxBDjo-1791066467.5234947-1.0.1.1-Ftn8lTJqBeIADLsX9E65_uDb.rLEf2EMqaIGo.yREzk; HttpOnly; SameSite=None; Secure; Path=/; Domain=npmjs.org
< CF-Ray: a44f604e0a8abd99-TIA
< CF-Cache-Status: HIT
< Access-Control-Allow-Origin: *
< Age: 296
< Cache-Control: public, max-age=300
< ETag: "44056b1955521f67afec9c053bad7e40"
< Last-Modified: Wed, 08 Jul 2026 09:46:13 GMT
< Server: cloudflare

    [22.45ms]
Downloaded fast-xml-builder versions
< 304 Not Modified
< Date: Sat, 03 Oct 2026 22:27:47 GMT
< Connection: keep-alive
< set-cookie: __cf_bm=iKxVV8YoK3TM5RWKeo2Qxn770hV6aJL6ELJtTo7ShQg-1791066467.523579-1.0.1.1-.d0WHNK95nanwaa9ZG331RuQRilqWnnas.GWZQswsCnFOcNq8TQAIHy92eXmJAmrLyjHde9lydJeSY1N9nA1yKeNP4KQlVLQaBdZLA4GUGz2apCjxl9BDMfZC3glc2qY; HttpOnly; SameSite=None; Secure; Path=/; Domain=npmjs.org; Expires=Sat, 03 Oct 2026 22:57:47 GMT
< set-cookie: _cfuvid=cjUl9krnGRDPJCbNR2UdSgewB0dDcqbmULOjXUcW5gw-1791066467.523579-1.0.1.1-3NFgVuP8FFWZt4TrzfbJB7mxMbhLcMenyMc0UTruX_Q; HttpOnly; SameSite=None; Secure; Path=/; Domain=npmjs.org
< CF-Ray: a44f604e0c7f51a4-TIA
< CF-Cache-Status: HIT
< Access-Control-Allow-Origin: *
< Age: 291
< Cache-Control: public, max-age=300
< ETag: "5a9cebecfadee84784665a0e91182848"
< Last-Modified: Thu, 02 Jul 2026 08:05:57 GMT
< Server: cloudflare

< 304 Not Modified
< Date: Sat, 03 Oct 2026 22:27:47 GMT
< Connection: keep-alive
< set-cookie: __cf_bm=GH5ipdQdkeIk0Pa715PKae0zs_H7BnxaLbgdDOHLgdI-1791066467.3468232-1.0.1.1-fPCwNruLzB09izpcsE9LUWJJxcULF8yuh1zEZ0V_1DY9hobC.X4uWEGUpBugll_yU5sIARUXyK63Q9rSKu_srhQZvEqxfClxTDQAIT2qTdyWymI0Mrn6b2f.mGa3y_SG; HttpOnly; SameSite=None; Secure; Path=/; Domain=npmjs.org; Expires=Sat, 03 Oct 2026 22:57:47 GMT
< set-cookie: _cfuvid=qj7o4uiX9FUBbbE961ojhZuv42cUrm7KBlZbruNW3LU-1791066467.3468232-1.0.1.1-PJNP.XRBEjrlS6BZupJyigpuIvw84JmNK5.NBty7CKI; HttpOnly; SameSite=None; Secure; Path=/; Domain=npmjs.org
< CF-Ray: a44f604cebb25f50-TIA
< CF-Cache-Status: HIT
< Access-Control-Allow-Origin: *
< Cache-Control: public, max-age=300
< ETag: "23be9f1eef3c3cec11ab20d17de174e9"
< Last-Modified: Thu, 24 Sep 2026 14:42:23 GMT
< Server: cloudflare

   - "fast-xml-builder": "^1.2.0" - fast-xml-builder@1.3.1
[PackageManager] waiting for 13 tasks
    [22.44ms]
Downloaded path-expression-matcher versions
   - "path-expression-matcher": "^1.6.2" - path-expression-matcher@1.6.2
    [22.49ms]
Downloaded xml-naming versions
   - "xml-naming": "^0.3.0" - xml-naming@0.3.0
    [199.14ms]
Downloaded three versions
   - "three": "^0.179.1" - three@0.179.1
< 304 Not Modified
< Date: Sat, 03 Oct 2026 22:27:47 GMT
< Connection: keep-alive
< set-cookie: __cf_bm=uMqNJFdJiJfKv8GSYMg6A1wlctR9EqObiJZoTFhwBB8-1791066467.347035-1.0.1.1-8cxO8xA.fzeUarifMji.I8WCEQy7jIsVEtkT2F5RcupHV293SqFHsnC7aF5ghoVwiIqzfN292KZAsw9p_45qOCMNko6n3iePeUhxN6MjleG3k0zKJmYx0roxp82xoLgh; HttpOnly; SameSite=None; Secure; Path=/; Domain=npmjs.org; Expires=Sat, 03 Oct 2026 22:57:47 GMT
< set-cookie: _cfuvid=Wq90iUpAp1R.MVSz.bSI3EgLoT_W0JC17fYTRgjRt0k-1791066467.347035-1.0.1.1-nwtJE8T_o54nikzLaT1LLuJPMwsa4lD6Rj5CyuFlXNY; HttpOnly; SameSite=None; Secure; Path=/; Domain=npmjs.org
< CF-Ray: a44f604ce84d9b00-TIA
< CF-Cache-Status: HIT
< Access-Control-Allow-Origin: *
< Cache-Control: public, max-age=300
< ETag: "26638d321a45659f8de42b6dab9e3107"
< Last-Modified: Sat, 03 Oct 2026 08:22:05 GMT
< Server: cloudflare

[PackageManager] waiting for 10 tasks
    [205.93ms]
Downloaded typescript versions
   - "typescript": "^5.0.0" - typescript@5.9.3
< 304 Not Modified
< Date: Sat, 03 Oct 2026 22:27:47 GMT
< Connection: keep-alive
< set-cookie: __cf_bm=VlyXAiQTUWrJZdf6BDX6HRUi3s1mk2tAw3.aM.5Giro-1791066467.3760202-1.0.1.1-TUapqV6pvCY_w1vumPIKRz7N0jp758KdtfK9Et7Y1wQgNMc3CkGd_QVzoYQ_jvTbdqTenGU_pVwnQZcWf7PobZB62mZm9R7BFX8GDG1Dm2QQ1qkHQrxTes5ckBmA_jWv; HttpOnly; SameSite=None; Secure; Path=/; Domain=npmjs.org; Expires=Sat, 03 Oct 2026 22:57:47 GMT
< set-cookie: _cfuvid=cGVlYI3UaHmAuFURIA3DjHarbNfwYCTPWPTHomarXKs-1791066467.3760202-1.0.1.1-2vcCGomneEZ4FJ3DGI0jmO83J4bAHEuAh1MP3eRBh.M; HttpOnly; SameSite=None; Secure; Path=/; Domain=npmjs.org
< CF-Ray: a44f604d1c9ef474-TIA
< CF-Cache-Status: HIT
< Access-Control-Allow-Origin: *
< Cache-Control: public, max-age=300
< ETag: "3282add860fa82af7f376295f5e0ef4b"
< Last-Modified: Tue, 04 Aug 2026 10:59:52 GMT
< Server: cloudflare

[PackageManager] waiting for 9 tasks
< 304 Not Modified
< Date: Sat, 03 Oct 2026 22:27:47 GMT
< Connection: keep-alive
< set-cookie: __cf_bm=4PqAcXxaJ2M7boN_j9Jt_DZhxlXzcKnMJBM0yQ_8nHw-1791066467.3757277-1.0.1.1-JURvWp2SSZjF_XOsDQohTVn1SPes8lgU1IH_X6QJBqNLga3WTgytfgol3sUt149oCpOm6zLYfgOwxepyMkMHhS58mi0NAz0ANMC0zZCsaQebmMdHvbLgEAab7DJOBF3t; HttpOnly; SameSite=None; Secure; Path=/; Domain=npmjs.org; Expires=Sat, 03 Oct 2026 22:57:47 GMT
< set-cookie: _cfuvid=moylNBeY2pncH8yHWBj4E8fqpU8VtUKpO3yWvasIjGI-1791066467.3757277-1.0.1.1-TrKiprxUQ5ocrN_hF1c7uwiisB1YQ2L_0eEEl7lxN14; HttpOnly; SameSite=None; Secure; Path=/; Domain=npmjs.org
< CF-Ray: a44f604d1c9df474-TIA
< CF-Cache-Status: HIT
< Access-Control-Allow-Origin: *
< Cache-Control: public, max-age=300
< ETag: "396b0a8e344737dc422d96d15732630c"
< Last-Modified: Thu, 07 Nov 2024 12:34:05 GMT
< Server: cloudflare

    [202.11ms]
Downloaded rollup-plugin-dts versions
   - "rollup-plugin-dts": "^6.2.3" - rollup-plugin-dts@6.5.1
Enqueue package manifest for download: convert-source-map
Enqueue package manifest for download: @jridgewell/remapping
Enqueue package manifest for download: @babel/code-frame
[PackageManager] waiting for 11 tasks
    [202.30ms]
Downloaded comlink versions
   - "comlink": "^4.4.2" - comlink@4.4.2
> HTTP/1.1 GET https://registry.npmjs.org/convert-source-map
> If-None-Match: W/"4ad31709701dcb179c1f83d45572b852"
> Accept: application/vnd.npm.install-v1+json; q=1.0, application/json; q=0.8, */*
> Connection: keep-alive
> User-Agent: Bun/1.3.9
> Host: registry.npmjs.org
> Accept-Encoding: gzip, deflate, br, zstd

> HTTP/1.1 GET https://registry.npmjs.org/@jridgewell%2fremapping
> If-None-Match: W/"ee3c904ac269250eb1a364cdfc13ed93"
> Accept: application/vnd.npm.install-v1+json; q=1.0, application/json; q=0.8, */*
> Connection: keep-alive
> User-Agent: Bun/1.3.9
> Host: registry.npmjs.org
> Accept-Encoding: gzip, deflate, br, zstd

> HTTP/1.1 GET https://registry.npmjs.org/@babel%2fcode-frame
> If-None-Match: W/"17baac4a5a693bbf2194f0e0cc234178"
> Accept: application/vnd.npm.install-v1+json; q=1.0, application/json; q=0.8, */*
> Connection: keep-alive
> User-Agent: Bun/1.3.9
> Host: registry.npmjs.org
> Accept-Encoding: gzip, deflate, br, zstd

< 200 OK
< Date: Sat, 03 Oct 2026 22:27:47 GMT
< Content-Type: application/octet-stream
< Content-Length: 177133
< Connection: keep-alive
< Report-To: {"group":"cf-nel","max_age":604800,"endpoints":[{"url":"https://a.nel.cloudflare.com/report/v4?s=YHygkAF%2BnN5pSl1qOzHofrOYAC%2Buav7F1aqR08UXoR94nD6yab8lUuMnRRhEFVBG4hDgiIr6vK93cdz3enGovO6eTlS5s6tnSCd80uv2XFjsCW3AftJ16lZD%2FBFv%2BuHTyW5%2Flrw%3D"}]}
< Nel: {"report_to":"cf-nel","success_fraction":0.0,"max_age":604800}
< Server: cloudflare
< CF-RAY: a44f604d1bf77c08-TIA

[PackageManager] waiting for 10 tasks
    [228.54ms] Downloaded @tscircuit/schematic-trace-solver tarball
 LICENSE
 dist/index.js
 package.json
 README.md
 dist/index.d.ts
[@tscircuit/schematic-trace-solver] Extract .7edb65f77bf94faa-0000000C.schematic-trace-solver (decompressed 177.13 KB tgz file in 628.375us)
[@tscircuit/schematic-trace-solver] Extracted to .7edb65f77bf94faa-0000000C.schematic-trace-solver (6.1ms)
[PackageManager] waiting for 10 tasks
< 304 Not Modified
< Date: Sat, 03 Oct 2026 22:27:47 GMT
< Connection: keep-alive
< set-cookie: __cf_bm=ftOvXhwRExtn21gU.ncAfomgr5aWn6bpySdH5SloMoA-1791066467.3757913-1.0.1.1-Hqsun2kN3P_jglP0.7q7k88Bvcdj34cLS9TypxGKJYbEWYWyfvklK1wRE1ZhiDhrBx3alTO1eWCGQgWkiiZpT27kMrShz_v1FIya6BFrCzmVbp1BZ977vkwadpIQcoHv; HttpOnly; SameSite=None; Secure; Path=/; Domain=npmjs.org; Expires=Sat, 03 Oct 2026 22:57:47 GMT
< set-cookie: _cfuvid=7v7IT_l2_kDKyqbKhu_SQVfupbrokGPD7d_d38lm.1w-1791066467.3757913-1.0.1.1-51iAmGQOUgxrBhGCrJZ50l3lo4MKuJpqGvyk6a.Nxm0; HttpOnly; SameSite=None; Secure; Path=/; Domain=npmjs.org
< CF-Ray: a44f604d19c7a5b3-TIA
< CF-Cache-Status: HIT
< Access-Control-Allow-Origin: *
< Cache-Control: public, max-age=300
< ETag: "99b69eb4be2f132838171cdc4cf42d24"
< Last-Modified: Tue, 12 Dec 2023 15:33:39 GMT
< Server: cloudflare

< 304 Not Modified
< Date: Sat, 03 Oct 2026 22:27:47 GMT
< Connection: keep-alive
< set-cookie: __cf_bm=ks9bC8qADcIZaUv0P4lvpbfOkSnP2PrDkVtJmSEAcUQ-1791066467.3763583-1.0.1.1-Fz0_LuZ9u5p1FJ1UCC7uVdtAB7xVs_UHRcHToUhHFhfZLTCmhiQOmKGFF3coL86q8p4cAe1W24MoGD3yEPsgogHyZcIgHFKccl.BAhRn_Ez4LqwTqOUTx0QUUdqceoK4; HttpOnly; SameSite=None; Secure; Path=/; Domain=npmjs.org; Expires=Sat, 03 Oct 2026 22:57:47 GMT
< set-cookie: _cfuvid=bLbOQtjO3IHUnIORXAqV_pVIeBYF5ZQDWOqivmZjE44-1791066467.3763583-1.0.1.1-.okVw0TQ2_MAhGLTE3ZAiRiI3Pd4onyfkRmeb6sPGiA; HttpOnly; SameSite=None; Secure; Path=/; Domain=npmjs.org
< CF-Ray: a44f604d1ca1f474-TIA
< CF-Cache-Status: HIT
< Access-Control-Allow-Origin: *
< Age: 294
< Cache-Control: public, max-age=300
< ETag: "5c4a653f10221422a6ba1db624ee6ce9"
< Last-Modified: Mon, 13 Oct 2025 00:33:12 GMT
< Server: cloudflare

[PackageManager] waiting for 9 tasks
    [255.06ms]
Downloaded @rollup/plugin-json versions
< 304 Not Modified
< Date: Sat, 03 Oct 2026 22:27:47 GMT
< Connection: keep-alive
< set-cookie: __cf_bm=OpsQWQVfGbTr1uoQdTKr18uBXjEL9bUuXe2ndFnLcSk-1791066467.3759384-1.0.1.1-o2GdR8Cgc5GbminfJQXrTGoy.gEtCGdLSoRU0GHlCmej6GQMt4dFHOCd8u_DX3EyFi6uheQuAtHhYiH_0gp7KsL_sk.5BI1Xk7ukaZcM0joc9gKQ.rsrSBBRH2hZv88P; HttpOnly; SameSite=None; Secure; Path=/; Domain=npmjs.org; Expires=Sat, 03 Oct 2026 22:57:47 GMT
< set-cookie: _cfuvid=oojYd6ACel_7fGs4M6IbvtVkRKwW3EjNJvl5YfdHMZw-1791066467.3759384-1.0.1.1-C6R79c7ar.oIX7SSDNJwksVXXDBT1e8PwN0fdKnVVsk; HttpOnly; SameSite=None; Secure; Path=/; Domain=npmjs.org
< CF-Ray: a44f604d19e0793f-TIA
< CF-Cache-Status: HIT
< Access-Control-Allow-Origin: *
< Age: 262
< Cache-Control: public, max-age=300
< ETag: "e0ec0bbb20675be8effc01d168c969e7"
< Last-Modified: Thu, 23 Oct 2025 13:30:07 GMT
< Server: cloudflare

   - "@rollup/plugin-json": "^6.1.0" - @rollup/plugin-json@6.1.0
    [255.00ms]
Downloaded @rollup/plugin-node-resolve versions
   - "@rollup/plugin-node-resolve": "^16.0.3" - @rollup/plugin-node-resolve@16.0.3
Enqueue package manifest for download: @rollup/pluginutils
   - "@types/resolve": "1.20.2" - @types/resolve@1.20.2
Enqueue package manifest for download: deepmerge
Enqueue package manifest for download: is-module
Enqueue package manifest for download: resolve
[PackageManager] waiting for 11 tasks
    [255.12ms]
Downloaded @rollup/plugin-typescript versions
   - "@rollup/plugin-typescript": "^12.3.0" - @rollup/plugin-typescript@12.3.0
> HTTP/1.1 GET https://registry.npmjs.org/@rollup%2fpluginutils
> If-None-Match: W/"5e417d3d978cc0059d8e39dd0c17b035"
> Accept: application/vnd.npm.install-v1+json; q=1.0, application/json; q=0.8, */*
> Connection: keep-alive
> User-Agent: Bun/1.3.9
> Host: registry.npmjs.org
> Accept-Encoding: gzip, deflate, br, zstd

> HTTP/1.1 GET https://registry.npmjs.org/deepmerge
> If-None-Match: W/"2ba407ef3c81b7e138c1231a2133a293"
> Accept: application/vnd.npm.install-v1+json; q=1.0, application/json; q=0.8, */*
> Connection: keep-alive
> User-Agent: Bun/1.3.9
> Host: registry.npmjs.org
> Accept-Encoding: gzip, deflate, br, zstd

> HTTP/1.1 GET https://registry.npmjs.org/is-module
> If-None-Match: W/"b7edf07386e0e07479ff25831e610a61"
> Accept: application/vnd.npm.install-v1+json; q=1.0, application/json; q=0.8, */*
> Connection: keep-alive
> User-Agent: Bun/1.3.9
> Host: registry.npmjs.org
> Accept-Encoding: gzip, deflate, br, zstd

> HTTP/1.1 GET https://registry.npmjs.org/resolve
> If-None-Match: W/"c2806c0740a0089f938b0bb82adc70c0"
> Accept: application/vnd.npm.install-v1+json; q=1.0, application/json; q=0.8, */*
> Connection: keep-alive
> User-Agent: Bun/1.3.9
> Host: registry.npmjs.org
> Accept-Encoding: gzip, deflate, br, zstd

< 304 Not Modified
< Date: Sat, 03 Oct 2026 22:27:47 GMT
< Connection: keep-alive
< set-cookie: __cf_bm=SrtdhQhgntBPQlKALXaDfcYOH90Ro4EfquxXZOcFtP4-1791066467.63388-1.0.1.1-Fen80hM1HCoMMavKwnWM4MfJ1Hk7UDQhQ3g5ZONwNE0t9ruV1V.MKs_UIm7vN9xrzFGCSynbP13HEPG_u7mk_XGk2XIi6jJ8h1IvvY7y9fdqjAtqR9amtRJfKL2.726Y; HttpOnly; SameSite=None; Secure; Path=/; Domain=npmjs.org; Expires=Sat, 03 Oct 2026 22:57:47 GMT
< set-cookie: _cfuvid=eS2Qrwixv3lAa3R3L1ugv8XTGLl6Ea_3zk1yGrfnJFk-1791066467.63388-1.0.1.1-IFSnHcFIwn1RaILw2JRNJg.GrTdbc67pdbOih5ILXeI; HttpOnly; SameSite=None; Secure; Path=/; Domain=npmjs.org
< CF-Ray: a44f604ebcf451a4-TIA
< CF-Cache-Status: HIT
< Access-Control-Allow-Origin: *
< Age: 270
< Cache-Control: public, max-age=300
< ETag: "b7edf07386e0e07479ff25831e610a61"
< Last-Modified: Sun, 19 Jun 2022 02:45:38 GMT
< Server: cloudflare

< 304 Not Modified
< Date: Sat, 03 Oct 2026 22:27:47 GMT
< Connection: keep-alive
< set-cookie: __cf_bm=gAvYa2p9sFecP7HTNKuT5EWaGiIdT6xtphpu5KFFXDo-1791066467.6340098-1.0.1.1-8dSECHlFoANVz6DjyDTihz6gHxydGvk7zMdfyZRhVLbtygATug_HP.iHmNLufnV4NbIm6lI9Yzpif5AdDgIV43.NiDKwFUdLItNcIfLRNgm4xU3LdQn1_xTn_FlzceSS; HttpOnly; SameSite=None; Secure; Path=/; Domain=npmjs.org; Expires=Sat, 03 Oct 2026 22:57:47 GMT
< set-cookie: _cfuvid=5mAIs._FX2l9qcEl9Xi8VgS7r1HBEQkj_xX2koV8o7o-1791066467.6340098-1.0.1.1-O3iTusCasPiX3L8Oy_mfZBsB4s4m0b1cQu.Xt2UM0Pc; HttpOnly; SameSite=None; Secure; Path=/; Domain=npmjs.org
< CF-Ray: a44f604ebd405f50-TIA
< CF-Cache-Status: HIT
< Access-Control-Allow-Origin: *
< Age: 208
< Cache-Control: public, max-age=300
< ETag: "c2806c0740a0089f938b0bb82adc70c0"
< Last-Modified: Fri, 15 May 2026 20:12:09 GMT
< Server: cloudflare

[PackageManager] waiting for 10 tasks
    [22.03ms]
Downloaded is-module versions
   - "is-module": "^1.0.0" - is-module@1.0.0
    [22.04ms]
Downloaded resolve versions
   - "resolve": "^1.22.1" - resolve@1.22.12
Enqueue package manifest for download: es-errors
Enqueue package manifest for download: path-parse
Enqueue package manifest for download: is-core-module
Enqueue package manifest for download: supports-preserve-symlinks-flag
[PackageManager] waiting for 12 tasks
> HTTP/1.1 GET https://registry.npmjs.org/es-errors
> If-None-Match: W/"b9ad5d645678e00d1e4827959ddbd429"
> Accept: application/vnd.npm.install-v1+json; q=1.0, application/json; q=0.8, */*
> Connection: keep-alive
> User-Agent: Bun/1.3.9
> Host: registry.npmjs.org
> Accept-Encoding: gzip, deflate, br, zstd

> HTTP/1.1 GET https://registry.npmjs.org/path-parse
> If-None-Match: W/"1eee5cb48de05dfdcab9cc48dd392bd7"
> Accept: application/vnd.npm.install-v1+json; q=1.0, application/json; q=0.8, */*
> Connection: keep-alive
> User-Agent: Bun/1.3.9
> Host: registry.npmjs.org
> Accept-Encoding: gzip, deflate, br, zstd

> HTTP/1.1 GET https://registry.npmjs.org/is-core-module
> If-None-Match: W/"57f7cf506cac66307874066f19fc301d"
> Accept: application/vnd.npm.install-v1+json; q=1.0, application/json; q=0.8, */*
> Connection: keep-alive
> User-Agent: Bun/1.3.9
> Host: registry.npmjs.org
> Accept-Encoding: gzip, deflate, br, zstd

> HTTP/1.1 GET https://registry.npmjs.org/supports-preserve-symlinks-flag
> If-None-Match: W/"f0c48805f74c670063bb468fd8df07fd"
> Accept: application/vnd.npm.install-v1+json; q=1.0, application/json; q=0.8, */*
> Connection: keep-alive
> User-Agent: Bun/1.3.9
> Host: registry.npmjs.org
> Accept-Encoding: gzip, deflate, br, zstd

< 304 Not Modified
< Date: Sat, 03 Oct 2026 22:27:47 GMT
< Connection: keep-alive
< set-cookie: __cf_bm=q91vx3PvPrEVYdt5Shh0KSbtc91JqbtICQnlYUtLNxc-1791066467.6587038-1.0.1.1-bMK.uzv_vkdwHqEFdXRtt9BzZ98Kw3m1E.UgSl.IMkLj6gxbxwHBgOw.O77_VsTcQZYNpkp6Wd2ASBPCNAQVgG4DGjUQ56BmYdtK8ARbY_Ovqtl2.FJ.2J3xz_SnibQ7; HttpOnly; SameSite=None; Secure; Path=/; Domain=npmjs.org; Expires=Sat, 03 Oct 2026 22:57:47 GMT
< set-cookie: _cfuvid=MoL5rXb4lVXJDD1dUHU2L5Q5KfAnh2jHNp5MvDK4DSc-1791066467.6587038-1.0.1.1-b0u7EW03xanKKdrmSYoiVQtonU6zJV871Ux80I54zGg; HttpOnly; SameSite=None; Secure; Path=/; Domain=npmjs.org
< CF-Ray: a44f604eda4d9b00-TIA
< CF-Cache-Status: HIT
< Access-Control-Allow-Origin: *
< Age: 271
< Cache-Control: public, max-age=300
< ETag: "57f7cf506cac66307874066f19fc301d"
< Last-Modified: Thu, 17 Sep 2026 04:34:27 GMT
< Server: cloudflare

[PackageManager] waiting for 12 tasks
    [20.09ms]
Downloaded is-core-module versions
   - "is-core-module": "^2.16.1" - is-core-module@2.17.0
< 304 Not Modified
< Date: Sat, 03 Oct 2026 22:27:47 GMT
< Connection: keep-alive
< set-cookie: __cf_bm=7nJUm0OwpOMtzy_n7FnMbF7RAY49QGOKvPMNjDWzxCE-1791066467.5409622-1.0.1.1-jUHzY_lrOu.VnE6tFb_17JxOvkU_f3FBEzdVzCpcaaXFMjJCiD8hkghdCXjwze0ogzQ4VH40C6PQco1VZskqhSrmOgJS04xaWgQTO6azEamNAxy45PK50RQ3_Ujo4ykK; HttpOnly; SameSite=None; Secure; Path=/; Domain=npmjs.org; Expires=Sat, 03 Oct 2026 22:57:47 GMT
< set-cookie: _cfuvid=PVDBPSsi7tUec_ERCSY18nJGkk6JSBv5HmypsVxkC7c-1791066467.5409622-1.0.1.1-Jc7NAle216TfvP3AP_4fsL7_U0zcReGNVTKpu6K5EBM; HttpOnly; SameSite=None; Secure; Path=/; Domain=npmjs.org
< CF-Ray: a44f604e2ad0a5b3-TIA
< CF-Cache-Status: HIT
< Access-Control-Allow-Origin: *
< Cache-Control: public, max-age=300
< ETag: "ce78403d7797cc2286cbffeee6da68af"
< Last-Modified: Thu, 18 Jun 2026 10:00:16 GMT
< Server: cloudflare

[PackageManager] waiting for 11 tasks
    [206.89ms]
Downloaded anynum versions
   - "anynum": "^1.0.1" - anynum@1.0.1
< 304 Not Modified
< Date: Sat, 03 Oct 2026 22:27:47 GMT
< Connection: keep-alive
< set-cookie: __cf_bm=zuBCagxSLLYvtjpznx0UHKdsOdW2AE.IGH5GZcMfsbA-1791066467.5755992-1.0.1.1-BhskvQk7GytE63DsvqBR5d7jpVV5Ad69ZLWo7WSO6l2Yn4BTvg.XJITEFxBaF5URZnFnlQiGK86lGnaDdZOSRNydohT6QtRP4Pwa8qKCpdPziT28iMqPYkQWDR04fKhT; HttpOnly; SameSite=None; Secure; Path=/; Domain=npmjs.org; Expires=Sat, 03 Oct 2026 22:57:47 GMT
< set-cookie: _cfuvid=KPkA3hyqCUAJySyOcEmDE3QIXyVNTO6EINBi.4aDVEE-1791066467.5755992-1.0.1.1-wBIo2tK74d6xBlFnlNA68aw6wIbjvWRRwn9zTadzknk; HttpOnly; SameSite=None; Secure; Path=/; Domain=npmjs.org
< CF-Ray: a44f604e5cf75f50-TIA
< CF-Cache-Status: HIT
< Access-Control-Allow-Origin: *
< Cache-Control: public, max-age=300
< ETag: "4ad31709701dcb179c1f83d45572b852"
< Last-Modified: Sun, 09 Jul 2023 22:05:42 GMT
< Server: cloudflare

< 304 Not Modified
< Date: Sat, 03 Oct 2026 22:27:47 GMT
< Connection: keep-alive
< set-cookie: __cf_bm=pqQsIDJpTv50_jKhqhjGo.hEilM9S49YyUGXEs2ETwQ-1791066467.5237021-1.0.1.1-pZOkOrIZthvX2vnvL.k_uI8qJq9jG5XJA_H.7BoNRpaFXqP1FNwzYv26WzWBk_pdENSzBM3qjvnWJvA38VMgQv8mtELiwoRp3bw_z3dAETCMugQN9Ny9bBxa805IEPt_; HttpOnly; SameSite=None; Secure; Path=/; Domain=npmjs.org; Expires=Sat, 03 Oct 2026 22:57:47 GMT
< set-cookie: _cfuvid=8rh2wT1p4ZsmsAYEdhGRhkA4Mqrm1dnwttdIwu.sX6o-1791066467.5237021-1.0.1.1-koxxOMVWxdI4momDhU0swmTE6z9aA1Myjt98mKMhaFA; HttpOnly; SameSite=None; Secure; Path=/; Domain=npmjs.org
< CF-Ray: a44f604e0d5ef474-TIA
< CF-Cache-Status: HIT
< Access-Control-Allow-Origin: *
< Age: 282
< Cache-Control: public, max-age=300
< ETag: "c01fc26513f8f961006f55cdd5305457"
< Last-Modified: Tue, 29 Sep 2026 04:15:44 GMT
< Server: cloudflare

[PackageManager] waiting for 10 tasks
    [201.12ms]
Downloaded convert-source-map versions
   - "convert-source-map": "^2.0.0" - convert-source-map@2.0.0
    [257.50ms]
Downloaded @nodable/entities versions
   - "@nodable/entities": "^3.0.1" - @nodable/entities@3.1.0
[PackageManager] waiting for 8 tasks
< 304 Not Modified
< Date: Sat, 03 Oct 2026 22:27:47 GMT
< Connection: keep-alive
< set-cookie: __cf_bm=qOv_vjOCeLLFXL11zYOHnd124ecTRKC2YCAcrVkCj74-1791066467.581714-1.0.1.1-uazkPKOgPMHzT6j1sVZxnwaO6zSvNlGXHUQbVUEXvus.zUWoxHDdhDQL4PyrerB8oWDl2SF2zoqPO394309cfVyYRAOSQJC1fYH6S_7nxP5c0YEu7Cy.yXSj8x6tbOy4; HttpOnly; SameSite=None; Secure; Path=/; Domain=npmjs.org; Expires=Sat, 03 Oct 2026 22:57:47 GMT
< set-cookie: _cfuvid=pOQGSqLRlQr0qxxNvyE_GB0HPnXXf2DBwT.lzENQI4w-1791066467.581714-1.0.1.1-u7YJUOPDFV6CHRLmdclvhL0TI8WyWkMGU6SStjbKNcQ; HttpOnly; SameSite=None; Secure; Path=/; Domain=npmjs.org
< CF-Ray: a44f604e6ae4bd99-TIA
< CF-Cache-Status: HIT
< Access-Control-Allow-Origin: *
< Age: 249
< Cache-Control: public, max-age=300
< ETag: "17baac4a5a693bbf2194f0e0cc234178"
< Last-Modified: Fri, 18 Sep 2026 13:47:37 GMT
< Server: cloudflare

[PackageManager] waiting for 8 tasks
    [213.51ms]
Downloaded @babel/code-frame versions
   - "@babel/code-frame": "^8.0.0" - @babel/code-frame@8.0.6
   - "js-tokens": "^10.0.0" - js-tokens@10.0.0
Enqueue package manifest for download: @babel/helper-validator-identifier
> HTTP/1.1 GET https://registry.npmjs.org/@babel%2fhelper-validator-identifier
> If-None-Match: W/"2900c4a821dfac9d24602f27f9a42877"
> Accept: application/vnd.npm.install-v1+json; q=1.0, application/json; q=0.8, */*
> Connection: keep-alive
> User-Agent: Bun/1.3.9
> Host: registry.npmjs.org
> Accept-Encoding: gzip, deflate, br, zstd

< 304 Not Modified
< Date: Sat, 03 Oct 2026 22:27:47 GMT
< Connection: keep-alive
< set-cookie: __cf_bm=YhXNxne0lhE3qZsLewdmFiqy5a1gjU7QBAEHoUPEO3I-1791066467.3757184-1.0.1.1-i_Fjr_g9b0UIeMhriwubKuJhW7EH0hW9XD5xtFWZ.gwjFyI.BduQgzseA9IukmgRy_zWseEqKE.iRGd5g9oeoBFFFkKuPLXXBR8p_wV2QPzWIbbmlEtll_4MNMMMYKrg; HttpOnly; SameSite=None; Secure; Path=/; Domain=npmjs.org; Expires=Sat, 03 Oct 2026 22:57:47 GMT
< set-cookie: _cfuvid=K3hrNY9f73Pfnx1JNaGhcVsmPLIct1iNwUQDsjlFKnI-1791066467.3757184-1.0.1.1-G6Xop9ZVm8ulr0La94erq.zMKOyJm0PvJKP2g0209MA; HttpOnly; SameSite=None; Secure; Path=/; Domain=npmjs.org
< CF-Ray: a44f604d19c4a5b3-TIA
< CF-Cache-Status: HIT
< Access-Control-Allow-Origin: *
< Cache-Control: public, max-age=300
< ETag: "dfb9a47ad9137415b6bfb12aed7fa7ee"
< Last-Modified: Fri, 29 May 2026 13:49:14 GMT
< Server: cloudflare

[PackageManager] waiting for 8 tasks
    [427.85ms]
Downloaded @rollup/plugin-commonjs versions
   - "@rollup/plugin-commonjs": "^29.0.0" - @rollup/plugin-commonjs@29.0.3
Enqueue package manifest for download: commondir
Enqueue package manifest for download: estree-walker
   - "is-reference": "1.2.1" - is-reference@1.2.1
Enqueue package manifest for download: @types/estree
> HTTP/1.1 GET https://registry.npmjs.org/commondir
> If-None-Match: W/"97aa940f88d16f3d7d7a532ee3c441f2"
> Accept: application/vnd.npm.install-v1+json; q=1.0, application/json; q=0.8, */*
> Connection: keep-alive
> User-Agent: Bun/1.3.9
> Host: registry.npmjs.org
> Accept-Encoding: gzip, deflate, br, zstd

> HTTP/1.1 GET https://registry.npmjs.org/estree-walker
> If-None-Match: W/"775586db6485685196e23cc5323bc25a"
> Accept: application/vnd.npm.install-v1+json; q=1.0, application/json; q=0.8, */*
> Connection: keep-alive
> User-Agent: Bun/1.3.9
> Host: registry.npmjs.org
> Accept-Encoding: gzip, deflate, br, zstd

> HTTP/1.1 GET https://registry.npmjs.org/@types%2festree
> If-None-Match: W/"d5a589992beaea4c774a55d38656e3e8"
> Accept: application/vnd.npm.install-v1+json; q=1.0, application/json; q=0.8, */*
> Connection: keep-alive
> User-Agent: Bun/1.3.9
> Host: registry.npmjs.org
> Accept-Encoding: gzip, deflate, br, zstd

< 304 Not Modified
< Date: Sat, 03 Oct 2026 22:27:47 GMT
< Connection: keep-alive
< set-cookie: __cf_bm=8wQbzLrsT029QPyPrsphYmtyJCw0Ystpr6BijkoDCqw-1791066467.634024-1.0.1.1-eEroaeYbXiTc_fJ0hqc1FHTCcScmaxp808kIydw0raQlNlFKKP4TW_.zmO9xj70g4PZpSCWDLQxTXzccjDAnjGQm4zjCrPjNJG1PdMv4gMs4rcdWzfnceaEaPdTkGa1f; HttpOnly; SameSite=None; Secure; Path=/; Domain=npmjs.org; Expires=Sat, 03 Oct 2026 22:57:47 GMT
< set-cookie: _cfuvid=W_FnOdvTLUsMTIcExsvOb3lUlWfOh.DVJNlsTCKPiHg-1791066467.634024-1.0.1.1-yY0volvJY4KKHk4sGpmmTXe8.DpcSwn2k4ZfQFEb9pk; HttpOnly; SameSite=None; Secure; Path=/; Domain=npmjs.org
< CF-Ray: a44f604ebe2ef474-TIA
< CF-Cache-Status: HIT
< Access-Control-Allow-Origin: *
< Cache-Control: public, max-age=300
< ETag: "2ba407ef3c81b7e138c1231a2133a293"
< Last-Modified: Thu, 16 Mar 2023 22:58:57 GMT
< Server: cloudflare

[PackageManager] waiting for 10 tasks
    [201.75ms]
Downloaded deepmerge versions
   - "deepmerge": "^4.2.2" - deepmerge@4.3.1
< 304 Not Modified
< Date: Sat, 03 Oct 2026 22:27:47 GMT
< Connection: keep-alive
< set-cookie: __cf_bm=QHet3WGsxPCQccEQUqn5WN8OdclfbpuYnRc5XH.2o7g-1791066467.6572309-1.0.1.1-AmUw70ivf5yf9BtMYYjxqUJ4bts30EJ_jLhZJqLCIymp60RpwKKcl_2no9X8wSbtLnt9PABLh3W5zyYF3QJOIaoGHkY_c33Nr5OTsu0XrU_nmbvhKAlUklC39JmIgoyf; HttpOnly; SameSite=None; Secure; Path=/; Domain=npmjs.org; Expires=Sat, 03 Oct 2026 22:57:47 GMT
< set-cookie: _cfuvid=FETEVZTFPdHYOsBvZd4yCscGz7s4P_wggTDr82RIV9A-1791066467.6572309-1.0.1.1-z994aIUMtIQ6kyQryiCcF89.gdhVOD91zwONXxWEN6g; HttpOnly; SameSite=None; Secure; Path=/; Domain=npmjs.org
< CF-Ray: a44f604ede50f474-TIA
< CF-Cache-Status: HIT
< Access-Control-Allow-Origin: *
< Cache-Control: public, max-age=300
< ETag: "f0c48805f74c670063bb468fd8df07fd"
< Last-Modified: Thu, 19 May 2022 01:59:55 GMT
< Server: cloudflare

< 304 Not Modified
< Date: Sat, 03 Oct 2026 22:27:47 GMT
< Connection: keep-alive
< set-cookie: __cf_bm=diQAGvjudxX._VG7I0SRYaWp0UToRDJFJmLKHUBlbL8-1791066467.657273-1.0.1.1-2THPKk_.FIwqRFdv.EaK9htRhh9Bl3cKj.9Xzdm0RKj9k9Xw24y9rqiim27vUKd0_hlz.tcWEbSFT0m2GvFkQ46SL62FEmKLG32o7dk0pQ_p2wkZyFqSMZO3FbsaWUKd; HttpOnly; SameSite=None; Secure; Path=/; Domain=npmjs.org; Expires=Sat, 03 Oct 2026 22:57:47 GMT
< set-cookie: _cfuvid=gXXXl_IKqhsI..Iv2t5SkcIMuO8vaH8SapWeG9_nXeg-1791066467.657273-1.0.1.1-CZbHpwLbapBlhteKy1XbQcgSrLnhGi2hlYPnQnNGwnY; HttpOnly; SameSite=None; Secure; Path=/; Domain=npmjs.org
< CF-Ray: a44f604edd0e51a4-TIA
< CF-Cache-Status: HIT
< Access-Control-Allow-Origin: *
< Cache-Control: public, max-age=300
< ETag: "b9ad5d645678e00d1e4827959ddbd429"
< Last-Modified: Mon, 05 Feb 2024 08:05:52 GMT
< Server: cloudflare

[PackageManager] waiting for 9 tasks
    [201.48ms]
Downloaded supports-preserve-symlinks-flag versions
   - "supports-preserve-symlinks-flag": "^1.0.0" - supports-preserve-symlinks-flag@1.0.0
    [201.68ms]
Downloaded es-errors versions
   - "es-errors": "^1.3.0" - es-errors@1.3.0
[PackageManager] waiting for 7 tasks
< 304 Not Modified
< Date: Sat, 03 Oct 2026 22:27:47 GMT
< Connection: keep-alive
< set-cookie: __cf_bm=ySoKZWDe77bzizLDoBPyxUpk7igjQ1oUg9vX67lilp4-1791066467.657143-1.0.1.1-iYYA7xZII9vsWWPJ25OhWqF3JDcJreLzjh0jqgaOHVbi4l3G5RhkqTgOmM1k7MHBSy.9rPjaCbAADl9akA6.kRPzcVXs.prIO1Q4X8tAJ9UUBPnvbQ0ELg_dN59bA6q0; HttpOnly; SameSite=None; Secure; Path=/; Domain=npmjs.org; Expires=Sat, 03 Oct 2026 22:57:47 GMT
< set-cookie: _cfuvid=Q9NUSp0Bg3c9krylwP9IPr1EJk6oNE7Zd7xoiceW0kM-1791066467.657143-1.0.1.1-S4KGSHTc2sMMpdVzYVMjkW_Zqe.wexSrgygP0pU_VS4; HttpOnly; SameSite=None; Secure; Path=/; Domain=npmjs.org
< CF-Ray: a44f604edd5d5f50-TIA
< CF-Cache-Status: HIT
< Access-Control-Allow-Origin: *
< Cache-Control: public, max-age=300
< ETag: "1eee5cb48de05dfdcab9cc48dd392bd7"
< Last-Modified: Thu, 23 Jun 2022 14:38:14 GMT
< Server: cloudflare

[PackageManager] waiting for 7 tasks
    [205.57ms]
Downloaded path-parse versions
   - "path-parse": "^1.0.7" - path-parse@1.0.7
< 304 Not Modified
< Date: Sat, 03 Oct 2026 22:27:47 GMT
< Connection: keep-alive
< set-cookie: __cf_bm=2WB.R3HjDV3aj0jGyWpmXMpvb_quNvLqOnlLcwGilGA-1791066467.633982-1.0.1.1-VUv3a4t0PjOiOXdBj8_qDmvlW7V530W5hd4yfyJ2MDIe64Uw.TkT5t5NrGI4gOgkkzsSrLwY2tmdO29tpE9K4SptgRqt1582bPYbUQaFRQCBSMKa3t54Kh.X3WgQhbtn; HttpOnly; SameSite=None; Secure; Path=/; Domain=npmjs.org; Expires=Sat, 03 Oct 2026 22:57:47 GMT
< set-cookie: _cfuvid=6Bwn5SFYrcGIGwsg5MFMUBrNtm86km8PtaBGs2pL9UU-1791066467.633982-1.0.1.1-1LmUG5GWAPCwbdJm0RpTy_lxlObtOBe1iclgWbzA6Qo; HttpOnly; SameSite=None; Secure; Path=/; Domain=npmjs.org
< CF-Ray: a44f604ebb7da5b3-TIA
< CF-Cache-Status: HIT
< Access-Control-Allow-Origin: *
< Cache-Control: public, max-age=300
< ETag: "5e417d3d978cc0059d8e39dd0c17b035"
< Last-Modified: Fri, 29 May 2026 13:28:14 GMT
< Server: cloudflare

[PackageManager] waiting for 6 tasks
    [258.52ms]
Downloaded @rollup/pluginutils versions
   - "@rollup/pluginutils": "^5.1.0" - @rollup/pluginutils@5.4.0
< 304 Not Modified
< Date: Sat, 03 Oct 2026 22:27:47 GMT
< Connection: keep-alive
< set-cookie: __cf_bm=gBH3Bv7P_8IS1DdaO7K4J3.nmCJaN8wHembtKQwTSJw-1791066467.8025734-1.0.1.1-cQogl5rCMCJqHPyG8_ip8Mrf3AGz8DJmIJ25airdQX4eo76bfzICCngliMQ3kFL72YZ6KqxP9m6DoBvcFruHX.Ne4IVANtDQghyP7XFGPS.jjjyeT3w6KlIidp2bD1bj; HttpOnly; SameSite=None; Secure; Path=/; Domain=npmjs.org; Expires=Sat, 03 Oct 2026 22:57:47 GMT
< set-cookie: _cfuvid=Nv7pvtkUJClKM6piw8FVYJAiBdqeMZBWsb2FAKuw3Vo-1791066467.8025734-1.0.1.1-ujScaVBo2HJUSyZDDHv0k._8qNW_.G2dbgF2B6h.KPY; HttpOnly; SameSite=None; Secure; Path=/; Domain=npmjs.org
< CF-Ray: a44f604fcc99a5b3-TIA
< CF-Cache-Status: HIT
< Access-Control-Allow-Origin: *
< Cache-Control: public, max-age=300
< ETag: "97aa940f88d16f3d7d7a532ee3c441f2"
< Last-Modified: Fri, 11 Nov 2022 06:34:05 GMT
< Server: cloudflare

< 304 Not Modified
< Date: Sat, 03 Oct 2026 22:27:47 GMT
< Connection: keep-alive
< set-cookie: __cf_bm=Uq6W7JbYrzSxWLle_DsNr6uCZMOWXrEqOYec.XRlK8o-1791066467.8028445-1.0.1.1-H0TarIRvdJO7n5AVHhjno8oQ_sF7CPoBZY5_DkWLUxcJ718R13d95gUCjxrJIApGAMODerZDKeN1u8yxbmLvRXaj0qkQJmDWejKivK.R87PlO1PMd7HE0u2KzlLLLp_Y; HttpOnly; SameSite=None; Secure; Path=/; Domain=npmjs.org; Expires=Sat, 03 Oct 2026 22:57:47 GMT
< set-cookie: _cfuvid=KoZUxmo4SSh0HaTaCZYKAMX5PGwlqSdvs9Nw0We44sU-1791066467.8028445-1.0.1.1-YlBq_VdI0osZ2Xrqt0NAtEXFjXgZkD2G7PW_B4gUXxk; HttpOnly; SameSite=None; Secure; Path=/; Domain=npmjs.org
< CF-Ray: a44f604fcc98a5b3-TIA
< CF-Cache-Status: HIT
< Access-Control-Allow-Origin: *
< Cache-Control: public, max-age=300
< ETag: "775586db6485685196e23cc5323bc25a"
< Last-Modified: Sun, 09 Jul 2023 22:05:08 GMT
< Server: cloudflare

< 304 Not Modified
< Date: Sat, 03 Oct 2026 22:27:47 GMT
< Connection: keep-alive
< set-cookie: __cf_bm=mAvSNxOPt1KBqx9mvzy0YELEMBnBq4jLgTYOobbyWLk-1791066467.80246-1.0.1.1-mFAO8CbmINiW0EU_tjl4SXJ7T7rGJ_2kKzSxDV78SVBNyUFEtksEyDlcYrIZaUPH753WZhy5v052gmfBJvrP5wMG.E7LnzdWI3wQvvpb6DCUsFWxX13yz93k..dxvvhz; HttpOnly; SameSite=None; Secure; Path=/; Domain=npmjs.org; Expires=Sat, 03 Oct 2026 22:57:47 GMT
< set-cookie: _cfuvid=wTJ8QFA9wklzJdmuzOFUEH5Xdt4PewJyQ1AGa2zyT5c-1791066467.80246-1.0.1.1-BHwq0HVJqruL45RefTIRSiDULkayo9u.MfR.M0s2aRA; HttpOnly; SameSite=None; Secure; Path=/; Domain=npmjs.org
< CF-Ray: a44f604fce015f50-TIA
< CF-Cache-Status: HIT
< Access-Control-Allow-Origin: *
< Age: 293
< Cache-Control: public, max-age=300
< ETag: "d5a589992beaea4c774a55d38656e3e8"
< Last-Modified: Wed, 06 May 2026 21:01:06 GMT
< Server: cloudflare

[PackageManager] waiting for 5 tasks
    [211.39ms]
Downloaded commondir versions
   - "commondir": "^1.0.1" - commondir@1.0.1
    [211.21ms]
Downloaded estree-walker versions
   - "estree-walker": "^2.0.2" - estree-walker@2.0.2
    [211.21ms]
Downloaded @types/estree versions
< 304 Not Modified
< Date: Sat, 03 Oct 2026 22:27:48 GMT
< Connection: keep-alive
< set-cookie: __cf_bm=Z8lmXPjRoohSXYKkxQHaVY4fX.FyZghC4FjxuDq62Lg-1791066467.5816956-1.0.1.1-_MElSU0VnM.SgNynqjC8V.uySNlVL89IvicatIATYjUuwFZw3dlPRBSorwRk5TW73aoR3DwAnEF_6V4xADi716HdFtZN3DRPC3bwWSGwkXn7eR0sRJQWoBnp_3t8D49J; HttpOnly; SameSite=None; Secure; Path=/; Domain=npmjs.org; Expires=Sat, 03 Oct 2026 22:57:48 GMT
< set-cookie: _cfuvid=8_5Q1KocrV36zIuvgzkdpeFsUlsDRI04AtTha1zi5L4-1791066467.5816956-1.0.1.1-VTrWlQFaWMJeSfh3gSyOuiCNCIoVZKj.rErp6OKHxSs; HttpOnly; SameSite=None; Secure; Path=/; Domain=npmjs.org
< CF-Ray: a44f604e6cb551a4-TIA
< CF-Cache-Status: HIT
< Access-Control-Allow-Origin: *
< Cache-Control: public, max-age=300
< ETag: "ee3c904ac269250eb1a364cdfc13ed93"
< Last-Modified: Tue, 12 Aug 2025 06:43:36 GMT
< Server: cloudflare

[PackageManager] waiting for 2 tasks
    [447.22ms]
Downloaded @jridgewell/remapping versions
   - "@jridgewell/remapping": "^2.3.5" - @jridgewell/remapping@2.3.5
< 304 Not Modified
< Date: Sat, 03 Oct 2026 22:27:48 GMT
< Connection: keep-alive
< set-cookie: __cf_bm=3jU1UO0Yj.vogg7bK6Kxotq3gMItX9MDkoqi8zBJkZM-1791066467.79118-1.0.1.1-4o1n8qUEd2KO0jkHP2ZPEF7qW1P48FDJVaxToFYvKglC6SbVmMpYf3FqggpAjbnm0Fn488ieYXOuj.bLcTGDY6f2yyjvkJ8M8tB7242493z1rUhgXI9LolHWIYYeVKQs; HttpOnly; SameSite=None; Secure; Path=/; Domain=npmjs.org; Expires=Sat, 03 Oct 2026 22:57:48 GMT
< set-cookie: _cfuvid=NlOUOwSXntN3ghjRj8z5mh38cp2pSOAclpDRCdnku7E-1791066467.79118-1.0.1.1-Y.D.BcMVTF2J6jFtd_dtFmMR8nxU942vAPQhiyLq2BU; HttpOnly; SameSite=None; Secure; Path=/; Domain=npmjs.org
< CF-Ray: a44f604fbb159b00-TIA
< CF-Cache-Status: HIT
< Access-Control-Allow-Origin: *
< Cache-Control: public, max-age=300
< ETag: "2900c4a821dfac9d24602f27f9a42877"
< Last-Modified: Fri, 18 Sep 2026 13:50:40 GMT
< Server: cloudflare

[PackageManager] waiting for 1 tasks
    [387.53ms]
Downloaded @babel/helper-validator-identifier versions
   - "@babel/helper-validator-identifier": "^8.0.6" - @babel/helper-validator-identifier@8.0.6
Resolved, downloaded and extracted [506]
warn: incorrect peer dependency "react-dom@19.3.0"

warn: incorrect peer dependency "react@19.3.0"

warn: incorrect peer dependency "circuit-json@0.0.511"

warn: incorrect peer dependency "@tscircuit/alphabet@0.0.25"

warn: incorrect peer dependency "circuit-json@0.0.511"

warn: incorrect peer dependency "circuit-json@0.0.511"
Clean lockfile: 696 packages - 689 packages in 2.3ms
error: @tscircuit/pcb-trace-linter@github:tscircuit/pcb-trace-linter#4c035f9d40ffb03ba547a08975b5e64b20371123 failed to resolve
