bun install v1.3.9 (cf6cdbbb)
   - "@biomejs/biome": "^1.8.3" - @biomejs/biome@1.9.4
   - "@resvg/resvg-js": "^2.6.2" - @resvg/resvg-js@2.6.2
   - "@tscircuit/alphabet": "0.0.25" - @tscircuit/alphabet@0.0.25
   - "@tscircuit/capacity-autorouter": "^0.0.954" - @tscircuit/capacity-autorouter@0.0.954
   - "@tscircuit/checks": "^0.0.236" - @tscircuit/checks@0.0.236
   - "@tscircuit/circuit-json-util": "^0.0.118" - @tscircuit/circuit-json-util@0.0.118
   - "@tscircuit/common": "^0.0.20" - @tscircuit/common@0.0.20
   - "@tscircuit/copper-pour-solver": "^0.0.67" - @tscircuit/copper-pour-solver@0.0.67
   - "@tscircuit/create-fdm-enclosure": "0.0.4" - @tscircuit/create-fdm-enclosure@0.0.4
   - "@tscircuit/fanout-solver": "0.0.78" - @tscircuit/fanout-solver@0.0.78
   - "@tscircuit/footprinter": "^0.0.430" - @tscircuit/footprinter@0.0.430
   - "@tscircuit/image-utils": "^0.0.8" - @tscircuit/image-utils@0.0.8
   - "@tscircuit/infer-cable-insertion-point": "^0.0.4" - @tscircuit/infer-cable-insertion-point@0.0.4
   - "@tscircuit/infgrid-ijump-astar": "^0.0.35" - @tscircuit/infgrid-ijump-astar@0.0.35
   - "@tscircuit/krt-wasm": "^0.1.1" - @tscircuit/krt-wasm@0.1.9
   - "@tscircuit/log-soup": "^1.0.2" - @tscircuit/log-soup@1.0.2
   - "@tscircuit/matchpack": "^0.0.97" - @tscircuit/matchpack@0.0.97
   - "@tscircuit/math-utils": "^0.0.36" - @tscircuit/math-utils@0.0.36
   - "@tscircuit/miniflex": "^0.0.4" - @tscircuit/miniflex@0.0.4
   - "@tscircuit/modelprinter": "^0.0.5" - @tscircuit/modelprinter@0.0.5
   - "@tscircuit/ngspice-spice-engine": "^0.0.20" - @tscircuit/ngspice-spice-engine@0.0.20
   - "@tscircuit/pcb-trace-linter": "file:../pcb-trace-linter-A22" - @tscircuit/pcb-trace-linter@../pcb-trace-linter-A22
   - "@tscircuit/props": "^0.0.682" - @tscircuit/props@0.0.682
   - "@tscircuit/schematic-match-adapt": "^0.0.18" - @tscircuit/schematic-match-adapt@0.0.18
   - "@tscircuit/solver-utils": "^0.0.16" - @tscircuit/solver-utils@0.0.16
   - "@tscircuit/soup-util": "^0.0.41" - @tscircuit/soup-util@0.0.41
   - "@types/bun": "^1.2.16" - @types/bun@1.4.2
   - "@types/debug": "^4.1.12" - @types/debug@4.1.13
   - "@types/react": "^19.1.8" - @types/react@19.3.0
   - "@types/react-dom": "^19.1.6" - @types/react-dom@19.3.0
   - "@types/react-reconciler": "^0.28.9" - @types/react-reconciler@0.28.9
   - "bpc-graph": "^0.0.57" - bpc-graph@0.0.57
   - "bun-match-svg": "0.0.12" - bun-match-svg@0.0.12
   - "calculate-elbow": "^0.0.12" - calculate-elbow@0.0.12
   - "chokidar-cli": "^3.0.0" - chokidar-cli@3.0.0
   - "circuit-json": "^0.0.511" - circuit-json@0.0.511
   - "circuit-json-to-bpc": "^0.0.13" - circuit-json-to-bpc@0.0.13
   - "circuit-json-to-connectivity-map": "^0.0.33" - circuit-json-to-connectivity-map@0.0.33
   - "circuit-json-to-gltf": "^0.0.141" - circuit-json-to-gltf@0.0.141
   - "circuit-json-to-spice": "^0.0.45" - circuit-json-to-spice@0.0.45
   - "circuit-to-svg": "^0.0.438" - circuit-to-svg@0.0.438
   - "concurrently": "^9.1.2" - concurrently@9.2.4
   - "connectivity-map": "^1.0.1" - connectivity-map@1.0.1
   - "debug": "^4.3.6" - debug@4.4.3
   - "flatbush": "^4.5.0" - flatbush@4.6.2
   - "graphics-debug": "^0.0.95" - graphics-debug@0.0.95
   - "howfat": "^0.3.8" - howfat@0.3.8
   - "kicad-to-circuit-json": "^0.0.142" - kicad-to-circuit-json@0.0.142
   - "kicadts": "^0.0.53" - kicadts@0.0.53
   - "live-server": "^1.2.2" - live-server@1.2.2
   - "minicssgrid": "^0.0.9" - minicssgrid@0.0.9
   - "pkg-pr-new": "^0.0.37" - pkg-pr-new@0.0.37
   - "poppygl": "0.0.30" - poppygl@0.0.30
   - "react": "^19.1.0" - react@19.3.0
   - "react-dom": "^19.1.0" - react-dom@19.3.0
   - "schematic-symbols": "^0.0.248" - schematic-symbols@0.0.248
   - "spicets": "^0.0.4" - spicets@0.0.4
   - "spicey": "^0.0.14" - spicey@0.0.14
   - "stack-svgs": "^0.0.1" - stack-svgs@0.0.1
   - "ts-expect": "^1.3.0" - ts-expect@1.3.0
   - "tsup": "^8.2.4" - tsup@8.5.1
   - "@flatten-js/core": "^1.6.2" - @flatten-js/core@1.6.14
   - "@lume/kiwi": "^0.4.3" - @lume/kiwi@0.4.4
   - "calculate-cell-boundaries": "^0.0.25" - calculate-cell-boundaries@0.0.25
   - "calculate-packing": "^0.0.90" - calculate-packing@0.0.90
   - "css-select": "5.1.0" - css-select@5.1.0
   - "format-si-unit": "^0.0.12" - format-si-unit@0.0.12
   - "nanoid": "^5.0.7" - nanoid@5.1.16
   - "performance-now": "^2.1.0" - performance-now@2.1.0
   - "react-reconciler": "^0.32.0" - react-reconciler@0.32.0
   - "svg-path-commander": "^2.1.11" - svg-path-commander@2.3.3
   - "transformation-matrix": "^2.16.1" - transformation-matrix@2.16.1
   - "zod": "^3.25.67" - zod@3.25.76
   - "@biomejs/cli-linux-x64": "1.9.4" - @biomejs/cli-linux-x64@1.9.4
   - "@biomejs/cli-win32-x64": "1.9.4" - @biomejs/cli-win32-x64@1.9.4
   - "@biomejs/cli-darwin-x64": "1.9.4" - @biomejs/cli-darwin-x64@1.9.4
   - "@biomejs/cli-linux-arm64": "1.9.4" - @biomejs/cli-linux-arm64@1.9.4
   - "@biomejs/cli-win32-arm64": "1.9.4" - @biomejs/cli-win32-arm64@1.9.4
   - "@biomejs/cli-darwin-arm64": "1.9.4" - @biomejs/cli-darwin-arm64@1.9.4
   - "@biomejs/cli-linux-x64-musl": "1.9.4" - @biomejs/cli-linux-x64-musl@1.9.4
   - "@biomejs/cli-linux-arm64-musl": "1.9.4" - @biomejs/cli-linux-arm64-musl@1.9.4
   - "@resvg/resvg-js-darwin-x64": "2.6.2" - @resvg/resvg-js-darwin-x64@2.6.2
   - "@resvg/resvg-js-darwin-arm64": "2.6.2" - @resvg/resvg-js-darwin-arm64@2.6.2
   - "@resvg/resvg-js-android-arm64": "2.6.2" - @resvg/resvg-js-android-arm64@2.6.2
   - "@resvg/resvg-js-linux-x64-gnu": "2.6.2" - @resvg/resvg-js-linux-x64-gnu@2.6.2
   - "@resvg/resvg-js-linux-x64-musl": "2.6.2" - @resvg/resvg-js-linux-x64-musl@2.6.2
   - "@resvg/resvg-js-win32-x64-msvc": "2.6.2" - @resvg/resvg-js-win32-x64-msvc@2.6.2
   - "@resvg/resvg-js-linux-arm64-gnu": "2.6.2" - @resvg/resvg-js-linux-arm64-gnu@2.6.2
   - "@resvg/resvg-js-win32-ia32-msvc": "2.6.2" - @resvg/resvg-js-win32-ia32-msvc@2.6.2
   - "@resvg/resvg-js-android-arm-eabi": "2.6.2" - @resvg/resvg-js-android-arm-eabi@2.6.2
   - "@resvg/resvg-js-linux-arm64-musl": "2.6.2" - @resvg/resvg-js-linux-arm64-musl@2.6.2
   - "@resvg/resvg-js-win32-arm64-msvc": "2.6.2" - @resvg/resvg-js-win32-arm64-msvc@2.6.2
   - "@resvg/resvg-js-linux-arm-gnueabihf": "2.6.2" - @resvg/resvg-js-linux-arm-gnueabihf@2.6.2
   - "object-hash": "^3.0.0" - object-hash@3.0.0
   - "fast-json-stable-stringify": "^2.1.0" - fast-json-stable-stringify@2.1.0
   - "parsel-js": "^1.1.2" - parsel-js@1.2.3
   - "@tscircuit/manifold-2d": "^0.0.6" - @tscircuit/manifold-2d@0.0.6
   - "jscad-planner": "^0.0.14" - jscad-planner@0.0.14
   - "graphics-debug": "^0.0.96" - graphics-debug@0.0.96
   - "@tscircuit/solver-utils": "^0.0.19" - @tscircuit/solver-utils@0.0.19
   - "graphics-debug": "0.0.99" - graphics-debug@0.0.99
   - "@tscircuit/capacity-autorouter": "0.0.718" - @tscircuit/capacity-autorouter@0.0.718
   - "@tscircuit/mm": "^0.0.8" - @tscircuit/mm@0.0.8
   - "fast-png": "^8.0.0" - fast-png@8.0.0
   - "color-diff": "^1.4.0" - color-diff@1.4.0
   - "redaxios": "^0.5.1" - redaxios@0.5.1
   - "@tscircuit/mm": "^0.0.9" - @tscircuit/mm@0.0.9
   - "@biomejs/biome": "^2.2.4" - @biomejs/biome@2.5.15
   - "@tscircuit/capacity-autorouter": "0.0.928" - @tscircuit/capacity-autorouter@0.0.928
Enqueue package manifest for download: bun-match-svg
   - "circuit-to-svg": "^0.0.430" - circuit-to-svg@0.0.430
Enqueue package manifest for download: react-cosmos
Enqueue package manifest for download: react-cosmos-plugin-vite
   - "typescript": "^5" - typescript@5.9.3
Enqueue package manifest for download: vite
   - "@tscircuit/copper-pour-solver": "^0.0.59" - @tscircuit/copper-pour-solver@0.0.59
   - "@tscircuit/core": "0.0.1974" - @tscircuit/core@0.0.1974
   - "@tscircuit/schematic-trace-solver": "^0.0.208" - @tscircuit/schematic-trace-solver@0.0.208
   - "@tscircuit/solver-utils": "^0.0.21" - @tscircuit/solver-utils@0.0.21
   - "calculate-elbow": "^0.0.13" - calculate-elbow@0.0.13
   - "circuit-json": "0.0.501" - circuit-json@0.0.501
   - "earcut": "^3.2.3" - earcut@3.2.4
   - "bun-types": "1.4.2" - bun-types@1.4.2
   - "@types/ms": "*" - @types/ms@2.1.0
   - "csstype": "^3.2.2" - csstype@3.2.3
   - "looks-same": "^9.0.1" - looks-same@9.0.1
   - "yargs": "^13.3.0" - yargs@13.3.2
   - "chokidar": "^3.5.2" - chokidar@3.6.0
   - "lodash.debounce": "^4.0.8" - lodash.debounce@4.0.8
   - "lodash.throttle": "^4.1.1" - lodash.throttle@4.1.1
   - "@tscircuit/math-utils": "^0.0.9" - @tscircuit/math-utils@0.0.9
   - "gl-matrix": "^3.4.4" - gl-matrix@3.4.4
   - "jscad-to-gltf": "^0.0.5" - jscad-to-gltf@0.0.5
   - "occt-import-js": "^0.0.23" - occt-import-js@0.0.23
   - "@jscad/modeling": "^2.12.6" - @jscad/modeling@2.13.0
   - "jscad-electronics": "^0.0.178" - jscad-electronics@0.0.178
   - "circuit-json-to-connectivity-map": "^0.0.22" - circuit-json-to-connectivity-map@0.0.22
   - "svgson": "^5.3.1" - svgson@5.3.1
   - "@types/node": "^22.5.5" - @types/node@22.20.5
   - "rxjs": "7.8.2" - rxjs@7.8.2
   - "chalk": "4.1.2" - chalk@4.1.2
   - "yargs": "17.7.2" - yargs@17.7.2
   - "tree-kill": "1.2.2" - tree-kill@1.2.2
   - "shell-quote": "1.9.0" - shell-quote@1.9.0
   - "supports-color": "8.1.1" - supports-color@8.1.1
   - "ms": "^2.1.3" - ms@2.1.3
   - "flatqueue": "^3.1.0" - flatqueue@3.1.0
   - "polished": "^4.3.1" - polished@4.3.1
   - "react-supergrid": "^1.0.10" - react-supergrid@1.0.10
   - "react-router-dom": "^6.28.0" - react-router-dom@6.30.6
   - "transformation-matrix": "^3.0.0" - transformation-matrix@3.1.0
   - "@types/react-router-dom": "^5.3.3" - @types/react-router-dom@5.3.3
   - "use-mouse-matrix-transform": "^1.3.0" - use-mouse-matrix-transform@1.3.5
   - "@react-hook/resize-observer": "^2.0.2" - @react-hook/resize-observer@2.0.2
   - "axios": "^0.26.1" - axios@0.26.1
   - "npm-package-arg": "^10.0.0" - npm-package-arg@10.1.0
   - "package-options": "^0.1.4" - package-options@0.1.5
   - "semver": "^7.3.8" - semver@7.8.5
   - "tar": "^6.1.12" - tar@6.2.1
   - "opn": "latest" - opn@6.0.0
   - "cors": "latest" - cors@2.8.6
   - "send": "latest" - send@1.2.1
   - "colors": "1.4.0" - colors@1.4.0
   - "morgan": "^1.9.1" - morgan@1.12.1
   - "connect": "^3.6.6" - connect@3.7.0
   - "chokidar": "^2.0.4" - chokidar@2.1.8
   - "http-auth": "3.1.x" - http-auth@3.1.3
   - "serve-index": "^1.9.1" - serve-index@1.9.2
   - "event-stream": "3.3.4" - event-stream@3.3.4
   - "object-assign": "latest" - object-assign@4.1.1
   - "faye-websocket": "0.11.x" - faye-websocket@0.11.4
   - "proxy-middleware": "latest" - proxy-middleware@0.15.0
   - "ignore": "^5.3.1" - ignore@5.3.2
   - "pkg-types": "^1.1.1" - pkg-types@1.3.1
   - "tinyglobby": "^0.2.9" - tinyglobby@0.2.17
   - "isbinaryfile": "^5.0.2" - isbinaryfile@5.0.7
   - "query-registry": "^3.0.1" - query-registry@3.0.1
   - "@octokit/action": "^6.1.0" - @octokit/action@6.1.0
   - "@jsdevtools/ez-spawn": "^3.0.4" - @jsdevtools/ez-spawn@3.0.4
   - "pureimage": "^0.4.18" - pureimage@0.4.20
   - "readable-stream": "^4.7.0" - readable-stream@4.7.0
   - "scheduler": "^0.28.0" - scheduler@0.28.0
   - "bundle-require": "^5.1.0" - bundle-require@5.1.0
   - "cac": "^6.7.14" - cac@6.7.14
   - "chokidar": "^4.0.3" - chokidar@4.0.3
   - "consola": "^3.4.0" - consola@3.4.2
   - "esbuild": "^0.27.0" - esbuild@0.27.7
   - "fix-dts-default-cjs-exports": "^1.0.0" - fix-dts-default-cjs-exports@1.0.1
   - "joycon": "^3.1.1" - joycon@3.1.1
   - "picocolors": "^1.1.1" - picocolors@1.1.1
   - "postcss-load-config": "^6.0.1" - postcss-load-config@6.0.1
   - "resolve-from": "^5.0.0" - resolve-from@5.0.0
   - "rollup": "^4.34.8" - rollup@4.64.0
   - "source-map": "^0.7.6" - source-map@0.7.6
   - "sucrase": "^3.35.0" - sucrase@3.35.1
   - "tinyexec": "^0.3.2" - tinyexec@0.3.2
   - "@flatten-js/interval-tree": "^2.0.0" - @flatten-js/interval-tree@2.0.3
   - "react": "^18.3.1" - react@18.3.1
   - "react-dom": "^18.3.1" - react-dom@18.3.1
   - "lucide-react": "^1.17.0" - lucide-react@1.51.0
   - "boolbase": "^1.0.0" - boolbase@1.0.0
   - "css-what": "^6.1.0" - css-what@6.2.2
   - "domutils": "^3.0.1" - domutils@3.2.2
   - "nth-check": "^2.0.1" - nth-check@2.1.1
   - "domhandler": "^5.0.2" - domhandler@5.0.3
   - "scheduler": "^0.26.0" - scheduler@0.26.0
   - "@thednp/dommatrix": "^3.1.2" - @thednp/dommatrix@3.1.2
   - "fflate": "^0.8.2" - fflate@0.8.3
   - "iobuffer": "^6.0.1" - iobuffer@6.0.1
   - "@biomejs/cli-linux-x64": "2.5.15" - @biomejs/cli-linux-x64@2.5.15
   - "@biomejs/cli-win32-x64": "2.5.15" - @biomejs/cli-win32-x64@2.5.15
   - "@biomejs/cli-darwin-x64": "2.5.15" - @biomejs/cli-darwin-x64@2.5.15
   - "@biomejs/cli-linux-arm64": "2.5.15" - @biomejs/cli-linux-arm64@2.5.15
   - "@biomejs/cli-win32-arm64": "2.5.15" - @biomejs/cli-win32-arm64@2.5.15
   - "@biomejs/cli-darwin-arm64": "2.5.15" - @biomejs/cli-darwin-arm64@2.5.15
   - "@biomejs/cli-linux-x64-musl": "2.5.15" - @biomejs/cli-linux-x64-musl@2.5.15
   - "@biomejs/cli-linux-arm64-musl": "2.5.15" - @biomejs/cli-linux-arm64-musl@2.5.15
   - "calculate-packing": "^0.0.89" - calculate-packing@0.0.89
   - "calculate-cell-boundaries": "^0.0.21" - calculate-cell-boundaries@0.0.21
   - "sharp": "0.32.6" - sharp@0.32.6
   - "lodash": "^4.17.3" - lodash@4.18.1
   - "fs-extra": "^8.1.0" - fs-extra@8.1.0
   - "parse-color": "^1.0.0" - parse-color@1.0.0
   - "js-graph-algorithms": "1.0.18" - js-graph-algorithms@1.0.18
   - "nested-error-stacks": "^2.1.0" - nested-error-stacks@2.1.1
   - "y18n": "^4.0.0" - y18n@4.0.3
   - "cliui": "^5.0.0" - cliui@5.0.0
   - "find-up": "^3.0.0" - find-up@3.0.0
   - "set-blocking": "^2.0.0" - set-blocking@2.0.0
   - "string-width": "^3.0.0" - string-width@3.1.0
   - "which-module": "^2.0.0" - which-module@2.0.1
   - "yargs-parser": "^13.1.2" - yargs-parser@13.1.2
   - "get-caller-file": "^2.0.1" - get-caller-file@2.0.5
   - "require-directory": "^2.1.1" - require-directory@2.1.1
   - "require-main-filename": "^2.0.0" - require-main-filename@2.0.0
   - "braces": "~3.0.2" - braces@3.0.3
   - "is-glob": "~4.0.1" - is-glob@4.0.3
   - "anymatch": "~3.1.2" - anymatch@3.1.3
   - "readdirp": "~3.6.0" - readdirp@3.6.0
   - "glob-parent": "~5.1.2" - glob-parent@5.1.2
   - "is-binary-path": "~2.1.0" - is-binary-path@2.1.0
   - "normalize-path": "~3.0.0" - normalize-path@3.0.0
   - "fsevents": "~2.3.2" - fsevents@2.3.3
   - "jscad-planner": "^0.0.13" - jscad-planner@0.0.13
   - "@tscircuit/modelprinter": "^0.0.2" - @tscircuit/modelprinter@0.0.2
   - "deep-rename-keys": "^0.2.1" - deep-rename-keys@0.2.1
   - "xml-reader": "2.4.3" - xml-reader@2.4.3
   - "undici-types": "~6.21.0" - undici-types@6.21.0
   - "tslib": "^2.1.0" - tslib@2.8.1
   - "ansi-styles": "^4.1.0" - ansi-styles@4.3.0
   - "supports-color": "^7.1.0" - supports-color@7.2.0
   - "y18n": "^5.0.5" - y18n@5.0.8
   - "cliui": "^8.0.1" - cliui@8.0.1
   - "escalade": "^3.1.1" - escalade@3.2.0
   - "string-width": "^4.2.3" - string-width@4.2.3
   - "yargs-parser": "^21.1.1" - yargs-parser@21.1.1
   - "has-flag": "^4.0.0" - has-flag@4.0.0
   - "@babel/runtime": "^7.17.8" - @babel/runtime@7.29.7
   - "react-router": "6.30.6" - react-router@6.30.6
   - "@remix-run/router": "1.23.4" - @remix-run/router@1.23.4
   - "@types/history": "^4.7.11" - @types/history@4.7.11
   - "@types/react-router": "*" - @types/react-router@5.1.20
   - "@react-hook/latest": "^1.0.2" - @react-hook/latest@1.0.3
   - "@react-hook/passive-layout-effect": "^1.2.0" - @react-hook/passive-layout-effect@1.2.1
   - "follow-redirects": "^1.14.8" - follow-redirects@1.16.1
   - "proc-log": "^3.0.0" - proc-log@3.0.0
   - "hosted-git-info": "^6.0.0" - hosted-git-info@6.1.3
   - "validate-npm-package-name": "^5.0.0" - validate-npm-package-name@5.0.1
   - "chownr": "^2.0.0" - chownr@2.0.0
   - "mkdirp": "^1.0.3" - mkdirp@1.0.4
   - "yallist": "^4.0.0" - yallist@4.0.0
   - "minipass": "^5.0.0" - minipass@5.0.0
   - "minizlib": "^2.1.1" - minizlib@2.1.2
   - "fs-minipass": "^2.0.0" - fs-minipass@2.1.0
   - "is-wsl": "^1.1.0" - is-wsl@1.1.0
   - "vary": "^1" - vary@1.1.2
   - "encodeurl": "^2.0.0" - encodeurl@2.0.0
   - "escape-html": "^1.0.3" - escape-html@1.0.3
   - "etag": "^1.8.1" - etag@1.8.1
   - "fresh": "^2.0.0" - fresh@2.0.0
   - "http-errors": "^2.0.1" - http-errors@2.0.1
   - "mime-types": "^3.0.2" - mime-types@3.0.2
   - "on-finished": "^2.4.1" - on-finished@2.4.1
   - "range-parser": "^1.2.1" - range-parser@1.3.0
   - "statuses": "^2.0.2" - statuses@2.0.2
   - "depd": "~2.0.0" - depd@2.0.0
   - "debug": "2.6.9" - debug@2.6.9
   - "basic-auth": "~2.0.1" - basic-auth@2.0.1
   - "on-headers": "~1.1.0" - on-headers@1.1.0
   - "finalhandler": "1.1.2" - finalhandler@1.1.2
   - "parseurl": "~1.3.3" - parseurl@1.3.3
   - "utils-merge": "1.0.1" - utils-merge@1.0.1
   - "upath": "^1.1.1" - upath@1.2.0
   - "braces": "^2.3.2" - braces@2.3.2
   - "anymatch": "^2.0.0" - anymatch@2.0.0
   - "inherits": "^2.0.3" - inherits@2.0.4
   - "readdirp": "^2.2.1" - readdirp@2.2.1
   - "async-each": "^1.0.1" - async-each@1.0.6
   - "glob-parent": "^3.1.0" - glob-parent@3.1.0
   - "is-binary-path": "^1.0.0" - is-binary-path@1.0.1
   - "path-is-absolute": "^1.0.0" - path-is-absolute@1.0.1
   - "fsevents": "^1.2.7" - fsevents@1.2.13
   - "uuid": "^3.0.0" - uuid@3.4.0
   - "bcryptjs": "^2.3.0" - bcryptjs@2.4.3
   - "apache-md5": "^1.0.6" - apache-md5@1.1.8
   - "apache-crypt": "^1.1.2" - apache-crypt@1.2.6
   - "accepts": "~1.3.8" - accepts@1.3.8
   - "batch": "0.6.1" - batch@0.6.1
   - "http-errors": "~1.8.0" - http-errors@1.8.1
   - "mime-types": "~2.1.35" - mime-types@2.1.35
   - "through": "~2.3.1" - through@2.3.8
   - "duplexer": "~0.1.1" - duplexer@0.1.2
   - "from": "~0" - from@0.1.7
   - "map-stream": "~0.1.0" - map-stream@0.1.0
   - "pause-stream": "0.0.11" - pause-stream@0.0.11
   - "split": "0.3" - split@0.3.3
   - "stream-combiner": "~0.0.4" - stream-combiner@0.0.4
   - "websocket-driver": ">=0.5.1" - websocket-driver@0.7.5
   - "mlly": "^1.7.4" - mlly@1.8.2
   - "pathe": "^2.0.1" - pathe@2.0.3
   - "confbox": "^0.1.8" - confbox@0.1.8
   - "fdir": "^6.5.0" - fdir@6.5.0
   - "picomatch": "^4.0.4" - picomatch@4.0.7
   - "url-join": "^5.0.0" - url-join@5.0.0
   - "quick-lru": "^7.0.0" - quick-lru@7.3.0
   - "query-string": "^9.0.0" - query-string@9.5.1
   - "zod-package-json": "^1.0.3" - zod-package-json@1.2.0
   - "undici": "^6.0.0" - undici@6.29.0
   - "@octokit/core": "^5.0.0" - @octokit/core@5.2.2
   - "@octokit/types": "^12.0.0" - @octokit/types@12.6.0
   - "@octokit/auth-action": "^4.0.0" - @octokit/auth-action@4.1.0
   - "@octokit/plugin-paginate-rest": "^9.0.0" - @octokit/plugin-paginate-rest@9.2.2
   - "@octokit/plugin-rest-endpoint-methods": "^10.0.0" - @octokit/plugin-rest-endpoint-methods@10.4.1
   - "cross-spawn": "^7.0.3" - cross-spawn@7.0.6
   - "string-argv": "^0.3.1" - string-argv@0.3.2
   - "type-detect": "^4.0.8" - type-detect@4.1.0
   - "call-me-maybe": "^1.0.1" - call-me-maybe@1.0.2
   - "jpeg-js": "^0.4.4" - jpeg-js@0.4.4
   - "opentype.js": "^0.4.3" - opentype.js@0.4.11
   - "pngjs": "^7.0.0" - pngjs@7.0.0
   - "abort-controller": "^3.0.0" - abort-controller@3.0.0
   - "buffer": "^6.0.3" - buffer@6.0.3
   - "events": "^3.3.0" - events@3.3.0
   - "process": "^0.11.10" - process@0.11.10
   - "string_decoder": "^1.3.0" - string_decoder@1.3.0
   - "load-tsconfig": "^0.2.3" - load-tsconfig@0.2.5
   - "readdirp": "^4.0.1" - readdirp@4.1.2
   - "@esbuild/aix-ppc64": "0.27.7" - @esbuild/aix-ppc64@0.27.7
   - "@esbuild/linux-arm": "0.27.7" - @esbuild/linux-arm@0.27.7
   - "@esbuild/linux-x64": "0.27.7" - @esbuild/linux-x64@0.27.7
   - "@esbuild/sunos-x64": "0.27.7" - @esbuild/sunos-x64@0.27.7
   - "@esbuild/win32-x64": "0.27.7" - @esbuild/win32-x64@0.27.7
   - "@esbuild/darwin-x64": "0.27.7" - @esbuild/darwin-x64@0.27.7
   - "@esbuild/linux-ia32": "0.27.7" - @esbuild/linux-ia32@0.27.7
   - "@esbuild/netbsd-x64": "0.27.7" - @esbuild/netbsd-x64@0.27.7
   - "@esbuild/win32-ia32": "0.27.7" - @esbuild/win32-ia32@0.27.7
   - "@esbuild/android-arm": "0.27.7" - @esbuild/android-arm@0.27.7
   - "@esbuild/android-x64": "0.27.7" - @esbuild/android-x64@0.27.7
   - "@esbuild/freebsd-x64": "0.27.7" - @esbuild/freebsd-x64@0.27.7
   - "@esbuild/linux-arm64": "0.27.7" - @esbuild/linux-arm64@0.27.7
   - "@esbuild/linux-ppc64": "0.27.7" - @esbuild/linux-ppc64@0.27.7
   - "@esbuild/linux-s390x": "0.27.7" - @esbuild/linux-s390x@0.27.7
   - "@esbuild/openbsd-x64": "0.27.7" - @esbuild/openbsd-x64@0.27.7
   - "@esbuild/win32-arm64": "0.27.7" - @esbuild/win32-arm64@0.27.7
   - "@esbuild/darwin-arm64": "0.27.7" - @esbuild/darwin-arm64@0.27.7
   - "@esbuild/netbsd-arm64": "0.27.7" - @esbuild/netbsd-arm64@0.27.7
   - "@esbuild/android-arm64": "0.27.7" - @esbuild/android-arm64@0.27.7
   - "@esbuild/freebsd-arm64": "0.27.7" - @esbuild/freebsd-arm64@0.27.7
   - "@esbuild/linux-loong64": "0.27.7" - @esbuild/linux-loong64@0.27.7
   - "@esbuild/linux-riscv64": "0.27.7" - @esbuild/linux-riscv64@0.27.7
   - "@esbuild/openbsd-arm64": "0.27.7" - @esbuild/openbsd-arm64@0.27.7
   - "@esbuild/linux-mips64el": "0.27.7" - @esbuild/linux-mips64el@0.27.7
   - "@esbuild/openharmony-arm64": "0.27.7" - @esbuild/openharmony-arm64@0.27.7
   - "magic-string": "^0.30.17" - magic-string@0.30.21
   - "lilconfig": "^3.1.1" - lilconfig@3.1.3
   - "@types/estree": "1.0.9" - @types/estree@1.0.9
   - "@rollup/rollup-darwin-x64": "4.64.0" - @rollup/rollup-darwin-x64@4.64.0
   - "@rollup/rollup-freebsd-x64": "4.64.0" - @rollup/rollup-freebsd-x64@4.64.0
   - "@rollup/rollup-openbsd-x64": "4.64.0" - @rollup/rollup-openbsd-x64@4.64.0
   - "@napi-rs/lzma-linux-x64-gnu": "1.5.1" - @napi-rs/lzma-linux-x64-gnu@1.5.1
   - "@rollup/rollup-darwin-arm64": "4.64.0" - @rollup/rollup-darwin-arm64@4.64.0
   - "@rollup/rollup-android-arm64": "4.64.0" - @rollup/rollup-android-arm64@4.64.0
   - "@rollup/rollup-freebsd-arm64": "4.64.0" - @rollup/rollup-freebsd-arm64@4.64.0
   - "@rollup/rollup-linux-x64-gnu": "4.64.0" - @rollup/rollup-linux-x64-gnu@4.64.0
   - "@rollup/rollup-win32-x64-gnu": "4.64.0" - @rollup/rollup-win32-x64-gnu@4.64.0
   - "@rollup/rollup-linux-x64-musl": "4.64.0" - @rollup/rollup-linux-x64-musl@4.64.0
   - "@rollup/rollup-win32-x64-msvc": "4.64.0" - @rollup/rollup-win32-x64-msvc@4.64.0
   - "@rollup/rollup-linux-arm64-gnu": "4.64.0" - @rollup/rollup-linux-arm64-gnu@4.64.0
   - "@rollup/rollup-linux-ppc64-gnu": "4.64.0" - @rollup/rollup-linux-ppc64-gnu@4.64.0
   - "@rollup/rollup-linux-s390x-gnu": "4.64.0" - @rollup/rollup-linux-s390x-gnu@4.64.0
   - "@rollup/rollup-win32-ia32-msvc": "4.64.0" - @rollup/rollup-win32-ia32-msvc@4.64.0
   - "@rollup/rollup-android-arm-eabi": "4.64.0" - @rollup/rollup-android-arm-eabi@4.64.0
   - "@rollup/rollup-linux-arm64-musl": "4.64.0" - @rollup/rollup-linux-arm64-musl@4.64.0
   - "@rollup/rollup-linux-ppc64-musl": "4.64.0" - @rollup/rollup-linux-ppc64-musl@4.64.0
   - "@rollup/rollup-win32-arm64-msvc": "4.64.0" - @rollup/rollup-win32-arm64-msvc@4.64.0
   - "@rollup/rollup-linux-loong64-gnu": "4.64.0" - @rollup/rollup-linux-loong64-gnu@4.64.0
   - "@rollup/rollup-linux-riscv64-gnu": "4.64.0" - @rollup/rollup-linux-riscv64-gnu@4.64.0
   - "@rollup/rollup-openharmony-arm64": "4.64.0" - @rollup/rollup-openharmony-arm64@4.64.0
   - "@rollup/rollup-linux-loong64-musl": "4.64.0" - @rollup/rollup-linux-loong64-musl@4.64.0
   - "@rollup/rollup-linux-riscv64-musl": "4.64.0" - @rollup/rollup-linux-riscv64-musl@4.64.0
   - "@rollup/rollup-linux-arm-gnueabihf": "4.64.0" - @rollup/rollup-linux-arm-gnueabihf@4.64.0
   - "@rollup/rollup-linux-arm-musleabihf": "4.64.0" - @rollup/rollup-linux-arm-musleabihf@4.64.0
   - "@jridgewell/gen-mapping": "^0.3.2" - @jridgewell/gen-mapping@0.3.13
   - "commander": "^4.0.0" - commander@4.1.1
   - "lines-and-columns": "^1.1.6" - lines-and-columns@1.2.4
   - "mz": "^2.7.0" - mz@2.7.0
   - "pirates": "^4.0.1" - pirates@4.0.7
   - "ts-interface-checker": "^0.1.9" - ts-interface-checker@0.1.13
   - "loose-envify": "^1.1.0" - loose-envify@1.4.0
   - "scheduler": "^0.23.2" - scheduler@0.23.2
   - "dom-serializer": "^2.0.0" - dom-serializer@2.0.0
   - "domelementtype": "^2.3.0" - domelementtype@2.3.0
   - "color": "^4.2.3" - color@4.2.3
   - "tar-fs": "^3.0.4" - tar-fs@3.1.3
   - "simple-get": "^4.0.1" - simple-get@4.0.1
   - "detect-libc": "^2.0.2" - detect-libc@2.1.2
   - "tunnel-agent": "^0.6.0" - tunnel-agent@0.6.0
   - "node-addon-api": "^6.1.0" - node-addon-api@6.1.0
   - "prebuild-install": "^7.1.1" - prebuild-install@7.1.3
   - "jsonfile": "^4.0.0" - jsonfile@4.0.0
   - "graceful-fs": "^4.2.0" - graceful-fs@4.2.11
   - "universalify": "^0.1.0" - universalify@0.1.2
   - "color-convert": "~0.5.0" - color-convert@0.5.3
   - "wrap-ansi": "^5.1.0" - wrap-ansi@5.1.0
   - "strip-ansi": "^5.2.0" - strip-ansi@5.2.0
   - "locate-path": "^3.0.0" - locate-path@3.0.0
   - "emoji-regex": "^7.0.1" - emoji-regex@7.0.3
   - "is-fullwidth-code-point": "^2.0.0" - is-fullwidth-code-point@2.0.0
   - "camelcase": "^5.0.0" - camelcase@5.3.1
   - "decamelize": "^1.2.0" - decamelize@1.2.0
   - "fill-range": "^7.1.1" - fill-range@7.1.1
   - "is-extglob": "^2.1.1" - is-extglob@2.1.1
   - "picomatch": "^2.0.4" - picomatch@2.3.2
   - "binary-extensions": "^2.0.0" - binary-extensions@2.3.0
   - "zod": "^4.4.3" - zod@4.6.5
   - "kind-of": "^3.0.2" - kind-of@3.2.2
   - "rename-keys": "^1.1.2" - rename-keys@1.2.0
   - "eventemitter3": "^2.0.0" - eventemitter3@2.0.3
   - "xml-lexer": "^0.2.2" - xml-lexer@0.2.2
   - "color-convert": "^2.0.1" - color-convert@2.0.1
   - "wrap-ansi": "^7.0.0" - wrap-ansi@7.0.0
   - "strip-ansi": "^6.0.1" - strip-ansi@6.0.1
   - "emoji-regex": "^8.0.0" - emoji-regex@8.0.0
   - "is-fullwidth-code-point": "^3.0.0" - is-fullwidth-code-point@3.0.0
   - "lru-cache": "^7.5.1" - lru-cache@7.18.3
   - "minipass": "^3.0.0" - minipass@3.3.6
   - "setprototypeof": "~1.2.0" - setprototypeof@1.2.0
   - "toidentifier": "~1.0.1" - toidentifier@1.0.1
   - "mime-db": "^1.54.0" - mime-db@1.54.0
   - "ee-first": "1.1.1" - ee-first@1.1.1
   - "ms": "2.0.0" - ms@2.0.0
   - "safe-buffer": "5.1.2" - safe-buffer@5.1.2
   - "unpipe": "~1.0.0" - unpipe@1.0.0
   - "statuses": "~1.5.0" - statuses@1.5.0
   - "encodeurl": "~1.0.2" - encodeurl@1.0.2
   - "on-finished": "~2.3.0" - on-finished@2.3.0
   - "isobject": "^3.0.1" - isobject@3.0.1
   - "to-regex": "^3.0.1" - to-regex@3.0.2
   - "fill-range": "^4.0.0" - fill-range@4.0.0
   - "snapdragon": "^0.8.1" - snapdragon@0.8.2
   - "arr-flatten": "^1.1.0" - arr-flatten@1.1.0
   - "array-unique": "^0.3.2" - array-unique@0.3.2
   - "split-string": "^3.0.2" - split-string@3.1.0
   - "extend-shallow": "^2.0.1" - extend-shallow@2.0.1
   - "repeat-element": "^1.1.2" - repeat-element@1.1.4
   - "snapdragon-node": "^2.0.1" - snapdragon-node@2.1.1
   - "micromatch": "^3.1.4" - micromatch@3.1.10
   - "normalize-path": "^2.1.1" - normalize-path@2.1.1
   - "readable-stream": "^2.0.2" - readable-stream@2.3.8
   - "is-glob": "^3.1.0" - is-glob@3.1.0
   - "path-dirname": "^1.0.0" - path-dirname@1.0.2
   - "binary-extensions": "^1.0.0" - binary-extensions@1.13.1
   - "nan": "^2.12.1" - nan@2.29.0
   - "bindings": "^1.5.0" - bindings@1.5.0
   - "unix-crypt-td-js": "^1.1.4" - unix-crypt-td-js@1.1.4
   - "negotiator": "0.6.3" - negotiator@0.6.3
   - "depd": "~1.1.2" - depd@1.1.2
   - "mime-db": "1.52.0" - mime-db@1.52.0
   - "http-parser-js": ">=0.5.1" - http-parser-js@0.5.10
   - "websocket-extensions": ">=0.1.1" - websocket-extensions@0.1.4
   - "acorn": "^8.16.0" - acorn@8.18.0
   - "ufo": "^1.6.3" - ufo@1.6.4
   - "filter-obj": "^5.1.0" - filter-obj@5.1.0
   - "split-on-first": "^3.0.0" - split-on-first@3.0.0
   - "decode-uri-component": "^0.5.0" - decode-uri-component@0.5.0
   - "@octokit/types": "^13.0.0" - @octokit/types@13.10.0
   - "@octokit/graphql": "^7.1.0" - @octokit/graphql@7.1.1
   - "@octokit/request": "^8.4.1" - @octokit/request@8.4.1
   - "before-after-hook": "^2.2.0" - before-after-hook@2.2.3
   - "@octokit/auth-token": "^4.0.0" - @octokit/auth-token@4.0.0
   - "universal-user-agent": "^6.0.0" - universal-user-agent@6.0.1
   - "@octokit/request-error": "^5.1.1" - @octokit/request-error@5.1.1
   - "@octokit/openapi-types": "^20.0.0" - @octokit/openapi-types@20.0.0
   - "which": "^2.0.1" - which@2.0.2
   - "path-key": "^3.1.0" - path-key@3.1.1
   - "shebang-command": "^2.0.0" - shebang-command@2.0.0
   - "event-target-shim": "^5.0.0" - event-target-shim@5.0.1
   - "base64-js": "^1.3.1" - base64-js@1.5.1
   - "ieee754": "^1.2.1" - ieee754@1.2.1
   - "safe-buffer": "~5.2.0" - safe-buffer@5.2.1
   - "@jridgewell/sourcemap-codec": "^1.5.5" - @jridgewell/sourcemap-codec@1.6.0
   - "@jridgewell/trace-mapping": "^0.3.24" - @jridgewell/trace-mapping@0.3.31
   - "any-promise": "^1.0.0" - any-promise@1.3.0
   - "thenify-all": "^1.0.0" - thenify-all@1.6.0
   - "js-tokens": "^3.0.0 || ^4.0.0" - js-tokens@4.0.0
   - "entities": "^4.2.0" - entities@4.5.0
   - "color-string": "^1.9.0" - color-string@1.9.1
   - "pump": "^3.0.0" - pump@3.0.4
   - "tar-stream": "^3.1.5" - tar-stream@3.2.2
   - "bare-fs": "^4.0.1" - bare-fs@4.8.2
   - "bare-path": "^3.0.0" - bare-path@3.1.2
   - "decompress-response": "^6.0.0" - decompress-response@6.0.0
   - "once": "^1.3.1" - once@1.4.0
   - "simple-concat": "^1.0.0" - simple-concat@1.0.1
   - "rc": "^1.2.7" - rc@1.2.8
   - "tar-fs": "^2.0.0" - tar-fs@2.1.5
   - "minimist": "^1.2.3" - minimist@1.2.8
   - "node-abi": "^3.3.0" - node-abi@3.96.0
   - "mkdirp-classic": "^0.5.3" - mkdirp-classic@0.5.3
   - "expand-template": "^2.0.3" - expand-template@2.0.3
   - "napi-build-utils": "^2.0.0" - napi-build-utils@2.0.0
   - "github-from-package": "0.0.0" - github-from-package@0.0.0
   - "ansi-styles": "^3.2.0" - ansi-styles@3.2.1
   - "ansi-regex": "^4.1.0" - ansi-regex@4.1.1
   - "p-locate": "^3.0.0" - p-locate@3.0.0
   - "path-exists": "^3.0.0" - path-exists@3.0.0
   - "to-regex-range": "^5.0.1" - to-regex-range@5.0.1
   - "is-buffer": "^1.1.5" - is-buffer@1.1.6
   - "color-name": "~1.1.4" - color-name@1.1.4
   - "ansi-regex": "^5.0.1" - ansi-regex@5.0.1
   - "define-property": "^2.0.2" - define-property@2.0.2
   - "extend-shallow": "^3.0.2" - extend-shallow@3.0.2
   - "regex-not": "^1.0.2" - regex-not@1.0.2
   - "safe-regex": "^1.1.0" - safe-regex@1.1.0
   - "is-number": "^3.0.0" - is-number@3.0.0
   - "repeat-string": "^1.6.1" - repeat-string@1.6.1
   - "to-regex-range": "^2.1.0" - to-regex-range@2.1.1
   - "base": "^0.11.1" - base@0.11.2
   - "define-property": "^0.2.5" - define-property@0.2.5
   - "map-cache": "^0.2.2" - map-cache@0.2.2
   - "source-map": "^0.5.6" - source-map@0.5.7
   - "source-map-resolve": "^0.5.0" - source-map-resolve@0.5.3
   - "use": "^3.1.0" - use@3.1.1
   - "is-extendable": "^0.1.0" - is-extendable@0.1.1
   - "define-property": "^1.0.0" - define-property@1.0.0
   - "snapdragon-util": "^3.0.1" - snapdragon-util@3.0.1
   - "extglob": "^2.0.4" - extglob@2.0.4
   - "kind-of": "^6.0.2" - kind-of@6.0.3
   - "arr-diff": "^4.0.0" - arr-diff@4.0.0
   - "nanomatch": "^1.2.9" - nanomatch@1.2.13
   - "object.pick": "^1.3.0" - object.pick@1.3.0
   - "fragment-cache": "^0.2.1" - fragment-cache@0.2.1
   - "remove-trailing-separator": "^1.0.1" - remove-trailing-separator@1.1.0
   - "isarray": "~1.0.0" - isarray@1.0.0
   - "core-util-is": "~1.0.0" - core-util-is@1.0.3
   - "string_decoder": "~1.1.1" - string_decoder@1.1.1
   - "util-deprecate": "~1.0.1" - util-deprecate@1.0.2
   - "process-nextick-args": "~2.0.0" - process-nextick-args@2.0.1
   - "file-uri-to-path": "1.0.0" - file-uri-to-path@1.0.0
   - "@octokit/openapi-types": "^24.2.0" - @octokit/openapi-types@24.2.0
   - "@octokit/endpoint": "^9.0.6" - @octokit/endpoint@9.0.6
   - "deprecation": "^2.0.0" - deprecation@2.3.1
   - "isexe": "^2.0.0" - isexe@2.0.0
   - "shebang-regex": "^3.0.0" - shebang-regex@3.0.0
   - "@jridgewell/resolve-uri": "^3.1.0" - @jridgewell/resolve-uri@3.1.2
   - "thenify": ">= 3.1.0 < 4" - thenify@3.3.1
   - "simple-swizzle": "^0.2.2" - simple-swizzle@0.2.4
   - "end-of-stream": "^1.1.0" - end-of-stream@1.4.5
   - "b4a": "^1.9.0" - b4a@1.9.0
   - "streamx": "^2.28.1" - streamx@2.28.1
   - "fast-fifo": "^1.3.2" - fast-fifo@1.3.2
   - "bare-url": "^2.2.2" - bare-url@2.5.4
   - "bare-events": "^2.5.4" - bare-events@2.9.2
   - "bare-stream": "^2.6.4" - bare-stream@2.13.4
   - "mimic-response": "^3.1.0" - mimic-response@3.1.0
   - "wrappy": "1" - wrappy@1.0.2
   - "ini": "~1.3.0" - ini@1.3.8
   - "deep-extend": "^0.6.0" - deep-extend@0.6.0
   - "strip-json-comments": "~2.0.1" - strip-json-comments@2.0.1
   - "chownr": "^1.1.1" - chownr@1.1.4
   - "tar-stream": "^2.1.4" - tar-stream@2.2.0
   - "color-convert": "^1.9.0" - color-convert@1.9.3
   - "p-limit": "^2.0.0" - p-limit@2.3.0
   - "is-number": "^7.0.0" - is-number@7.0.0
   - "is-descriptor": "^1.0.2" - is-descriptor@1.0.4
   - "assign-symbols": "^1.0.0" - assign-symbols@1.0.0
   - "is-extendable": "^1.0.1" - is-extendable@1.0.1
   - "ret": "~0.1.10" - ret@0.1.15
   - "cache-base": "^1.0.1" - cache-base@1.0.1
   - "class-utils": "^0.3.5" - class-utils@0.3.6
   - "component-emitter": "^1.2.1" - component-emitter@1.3.1
   - "mixin-deep": "^1.2.0" - mixin-deep@1.3.2
   - "pascalcase": "^0.1.1" - pascalcase@0.1.1
   - "is-descriptor": "^0.1.0" - is-descriptor@0.1.8
   - "atob": "^2.1.2" - atob@2.1.2
   - "decode-uri-component": "^0.2.0" - decode-uri-component@0.2.2
   - "resolve-url": "^0.2.1" - resolve-url@0.2.1
   - "source-map-url": "^0.4.0" - source-map-url@0.4.1
   - "urix": "^0.1.0" - urix@0.1.0
   - "expand-brackets": "^2.1.4" - expand-brackets@2.1.4
   - "is-windows": "^1.0.2" - is-windows@1.0.2
   - "is-arrayish": "^0.3.1" - is-arrayish@0.3.4
   - "text-decoder": "^1.1.0" - text-decoder@1.2.7
   - "events-universal": "^1.0.0" - events-universal@1.0.1
   - "teex": "^1.0.1" - teex@1.0.1
   - "bl": "^4.0.3" - bl@4.1.0
   - "fs-constants": "^1.0.0" - fs-constants@1.0.0
   - "readable-stream": "^3.1.1" - readable-stream@3.6.2
   - "color-name": "1.1.3" - color-name@1.1.3
   - "p-try": "^2.0.0" - p-try@2.2.0
   - "is-data-descriptor": "^1.0.1" - is-data-descriptor@1.0.1
   - "is-accessor-descriptor": "^1.0.2" - is-accessor-descriptor@1.0.2
   - "is-plain-object": "^2.0.4" - is-plain-object@2.0.4
   - "collection-visit": "^1.0.0" - collection-visit@1.0.0
   - "get-value": "^2.0.6" - get-value@2.0.6
   - "has-value": "^1.0.0" - has-value@1.0.0
   - "set-value": "^2.0.0" - set-value@2.0.1
   - "to-object-path": "^0.3.0" - to-object-path@0.3.0
   - "union-value": "^1.0.0" - union-value@1.0.1
   - "unset-value": "^1.0.0" - unset-value@1.0.0
   - "arr-union": "^3.1.0" - arr-union@3.1.0
   - "static-extend": "^0.1.1" - static-extend@0.1.2
   - "for-in": "^1.0.2" - for-in@1.0.2
   - "posix-character-classes": "^0.1.0" - posix-character-classes@0.1.1
   - "buffer": "^5.5.0" - buffer@5.7.1
   - "hasown": "^2.0.0" - hasown@2.0.4
   - "map-visit": "^1.0.0" - map-visit@1.0.0
   - "object-visit": "^1.0.0" - object-visit@1.0.1
   - "has-values": "^1.0.0" - has-values@1.0.0
   - "has-value": "^0.3.1" - has-value@0.3.1
   - "object-copy": "^0.1.0" - object-copy@0.1.0
   - "function-bind": "^1.1.2" - function-bind@1.1.2
   - "kind-of": "^4.0.0" - kind-of@4.0.0
   - "has-values": "^0.1.4" - has-values@0.1.4
   - "isobject": "^2.0.0" - isobject@2.1.0
   - "copy-descriptor": "^0.1.0" - copy-descriptor@0.1.1
Resolving dependencies
> HTTP/1.1 GET https://jscdn.tscircuit.com/@tscircuit/schematic-trace-solver/0.0.224.tgz
> Connection: keep-alive
> User-Agent: Bun/1.3.9
> Accept: */*
> Host: jscdn.tscircuit.com
> Accept-Encoding: gzip, deflate, br, zstd

> HTTP/1.1 GET https://jscdn.tscircuit.com/@tscircuit/flex-utils/0.0.8.tgz
> Connection: keep-alive
> User-Agent: Bun/1.3.9
> Accept: */*
> Host: jscdn.tscircuit.com
> Accept-Encoding: gzip, deflate, br, zstd

> HTTP/1.1 GET https://jscdn.tscircuit.com/@tscircuit/bus-lanes-solver/0.0.9.tgz
> Connection: keep-alive
> User-Agent: Bun/1.3.9
> Accept: */*
> Host: jscdn.tscircuit.com
> Accept-Encoding: gzip, deflate, br, zstd

> HTTP/1.1 GET https://jscdn.tscircuit.com/@tscircuit/dogbone-solver/0.0.1.tgz
> Connection: keep-alive
> User-Agent: Bun/1.3.9
> Accept: */*
> Host: jscdn.tscircuit.com
> Accept-Encoding: gzip, deflate, br, zstd

> HTTP/1.1 GET https://registry.npmjs.org/@biomejs/cli-darwin-arm64/-/cli-darwin-arm64-2.5.15.tgz
> Connection: keep-alive
> User-Agent: Bun/1.3.9
> Accept: */*
> Host: registry.npmjs.org
> Accept-Encoding: gzip, deflate, br, zstd

> HTTP/1.1 GET https://registry.npmjs.org/react-cosmos
> If-None-Match: W/"0a9bf76d7fe97b45ad9402462bd42108"
> Accept: application/vnd.npm.install-v1+json; q=1.0, application/json; q=0.8, */*
> Connection: keep-alive
> User-Agent: Bun/1.3.9
> Host: registry.npmjs.org
> Accept-Encoding: gzip, deflate, br, zstd

> HTTP/1.1 GET https://registry.npmjs.org/react-cosmos-plugin-vite
> If-None-Match: W/"13d04ec79bcb9a9cd3611560ffa0c9dd"
> Accept: application/vnd.npm.install-v1+json; q=1.0, application/json; q=0.8, */*
> Connection: keep-alive
> User-Agent: Bun/1.3.9
> Host: registry.npmjs.org
> Accept-Encoding: gzip, deflate, br, zstd

> HTTP/1.1 GET https://registry.npmjs.org/vite
> If-None-Match: W/"8694ad000981fc340b72bb7de707e79d"
> Accept: application/vnd.npm.install-v1+json; q=1.0, application/json; q=0.8, */*
> Connection: keep-alive
> User-Agent: Bun/1.3.9
> Host: registry.npmjs.org
> Accept-Encoding: gzip, deflate, br, zstd

> HTTP/1.1 GET https://registry.npmjs.org/@biomejs/biome/-/biome-2.5.15.tgz
> Connection: keep-alive
> User-Agent: Bun/1.3.9
> Accept: */*
> Host: registry.npmjs.org
> Accept-Encoding: gzip, deflate, br, zstd

> HTTP/1.1 GET https://registry.npmjs.org/bun-match-svg
> If-None-Match: W/"26eeb8c279fdb86cad1904e761b0b3f5"
> Accept: application/vnd.npm.install-v1+json; q=1.0, application/json; q=0.8, */*
> Connection: keep-alive
> User-Agent: Bun/1.3.9
> Host: registry.npmjs.org
> Accept-Encoding: gzip, deflate, br, zstd

> HTTP/1.1 GET https://registry.npmjs.org/@tscircuit/capacity-autorouter/-/capacity-autorouter-0.0.928.tgz
> Connection: keep-alive
> User-Agent: Bun/1.3.9
> Accept: */*
> Host: registry.npmjs.org
> Accept-Encoding: gzip, deflate, br, zstd

> HTTP/1.1 GET https://api.github.com/repos/tscircuit/implicit-copper-pour-solver/tarball/a5cbbda0cd65fd4707c5c1af25779837c25aba92
> Connection: keep-alive
> User-Agent: Bun/1.3.9
> Accept: */*
> Host: api.github.com
> Accept-Encoding: gzip, deflate, br, zstd

> HTTP/1.1 GET https://api.github.com/repos/tscircuit/pcb-trace-linter/tarball/4c035f9d40ffb03ba547a08975b5e64b20371123
> Connection: keep-alive
> User-Agent: Bun/1.3.9
> Accept: */*
> Host: api.github.com
> Accept-Encoding: gzip, deflate, br, zstd

> HTTP/1.1 GET https://api.github.com/repos/tscircuit/winding-breakout-point-solver/tarball/202dbe9eb0088633b6fa094120dba6f2f41f8803
> Connection: keep-alive
> User-Agent: Bun/1.3.9
> Accept: */*
> Host: api.github.com
> Accept-Encoding: gzip, deflate, br, zstd

> HTTP/1.1 GET https://api.github.com/repos/tscircuit/ti/tarball/57e314be4b2b06bc546d4def7453e619604d1157
> Connection: keep-alive
> User-Agent: Bun/1.3.9
> Accept: */*
> Host: api.github.com
> Accept-Encoding: gzip, deflate, br, zstd

> HTTP/1.1 GET https://api.github.com/repos/tscircuit/via-stitch-solver/tarball/64f2ac7781b795bdc0d74ba411988e60767fa653
> Connection: keep-alive
> User-Agent: Bun/1.3.9
> Accept: */*
> Host: api.github.com
> Accept-Encoding: gzip, deflate, br, zstd

> HTTP/1.1 GET https://api.github.com/repos/tscircuit/jlcpcb-manufacturing-specs/tarball/23260504fceffff2d64bf11720f74e974d1d9321
> Connection: keep-alive
> User-Agent: Bun/1.3.9
> Accept: */*
> Host: api.github.com
> Accept-Encoding: gzip, deflate, br, zstd

> HTTP/1.1 GET https://api.github.com/repos/tscircuit/bga-fanout-solver/tarball/247c835cb8d69b65e53891dcf869731079415b39
> Connection: keep-alive
> User-Agent: Bun/1.3.9
> Accept: */*
> Host: api.github.com
> Accept-Encoding: gzip, deflate, br, zstd

< 304 Not Modified
< Date: Sat, 03 Oct 2026 22:31:12 GMT
< Connection: keep-alive
< set-cookie: __cf_bm=pvZyTUgfhYIv5bPsUUXZItMq0yoBoXdxPVRCxfRX_1c-1791066672.1830118-1.0.1.1-65V10SbzGOwhuR0e87w7VE9ciRBMu.32vxNcJP.9Z901uDuG8rxSeOFDXkMyqVyKfIQ8R54Z473OQVfAfCZD8WwSZrPpnRqDZgQ0.VFSHoWZv.ROuAri3Ns1obhPcMwM; HttpOnly; SameSite=None; Secure; Path=/; Domain=npmjs.org; Expires=Sat, 03 Oct 2026 23:01:12 GMT
< set-cookie: _cfuvid=sD1862hWEAhNcvNVU8fzlFAXlWI5OQKWFWDHawzdFDA-1791066672.1830118-1.0.1.1-zEu0giJ4cZMUH7yp8sjxzfmfMlMjs7um9cGE_STrfqE; HttpOnly; SameSite=None; Secure; Path=/; Domain=npmjs.org
< CF-Ray: a44f654d2ef0a5b3-TIA
< CF-Cache-Status: HIT
< Access-Control-Allow-Origin: *
< Cache-Control: public, max-age=300
< ETag: "13d04ec79bcb9a9cd3611560ffa0c9dd"
< Last-Modified: Tue, 22 Sep 2026 19:41:35 GMT
< Server: cloudflare

[PackageManager] waiting for 18 tasks
< 304 Not Modified
< Date: Sat, 03 Oct 2026 22:31:12 GMT
< Connection: keep-alive
< set-cookie: __cf_bm=ylYr7c69uzAKBm1YmtjfWOA6JUik9HMeHmZEzOpTkZA-1791066672.183094-1.0.1.1-KsqH3r1cwAJp48h2AgUFpbfivzH8UeMTyFRfMbilm5LiI2auvLO2kmSCBjGzFURBnWIXoHizj6sBFfjnI9WcOxXhcyt_uSlbq4nMae0rnQlUVDs0qmzI.pR07hXxcJJ4; HttpOnly; SameSite=None; Secure; Path=/; Domain=npmjs.org; Expires=Sat, 03 Oct 2026 23:01:12 GMT
< set-cookie: _cfuvid=Qi64IJduv0e9EiV4a20VE881tkJP.AbdfBu49sKprPs-1791066672.183094-1.0.1.1-KYPKySQI4hDJXiyeW1x95QCVev8s7FnzLzc8fQobyzs; HttpOnly; SameSite=None; Secure; Path=/; Domain=npmjs.org
< CF-Ray: a44f654d29647c08-TIA
< CF-Cache-Status: HIT
< Access-Control-Allow-Origin: *
< Cache-Control: public, max-age=300
< ETag: "8694ad000981fc340b72bb7de707e79d"
< Last-Modified: Thu, 01 Oct 2026 10:17:52 GMT
< Server: cloudflare

< 304 Not Modified
< Date: Sat, 03 Oct 2026 22:31:12 GMT
< Connection: keep-alive
< set-cookie: __cf_bm=MuDNBo95yI6vzxxKFH6ZzPiw2rrBnIhQUKMy3G3dc5Y-1791066672.1829686-1.0.1.1-nb4cKyAa9jdaU9D21_oAaL8obA_gsINbBcriA5bQ0703Oa1Oz_r0sFEwenJbYtUpj.9inFmNosawruewIFvA9Jb4nP6wFetvU61jfa.Eywt_DS.2_byo1LCMkqh6g0NA; HttpOnly; SameSite=None; Secure; Path=/; Domain=npmjs.org; Expires=Sat, 03 Oct 2026 23:01:12 GMT
< set-cookie: _cfuvid=WykuJ.GVFSCPb4Ed.EsuzudFSNY5nxq9r4MMaqhkUHg-1791066672.1829686-1.0.1.1-pIWayg4NQw6eY6VU8kAHCghcNbI2Q0cRShuQF0Bdouc; HttpOnly; SameSite=None; Secure; Path=/; Domain=npmjs.org
< CF-Ray: a44f654d28f45f50-TIA
< CF-Cache-Status: HIT
< Access-Control-Allow-Origin: *
< Cache-Control: public, max-age=300
< ETag: "26eeb8c279fdb86cad1904e761b0b3f5"
< Last-Modified: Wed, 19 Aug 2026 22:22:41 GMT
< Server: cloudflare

< 200 OK
< Date: Sat, 03 Oct 2026 22:31:12 GMT
< Content-Type: application/octet-stream
< Content-Length: 12105
< Connection: keep-alive
< Report-To: {"group":"cf-nel","max_age":604800,"endpoints":[{"url":"https://a.nel.cloudflare.com/report/v4?s=BpvtYMtaL4QIrxncBZA4%2BOwxe5rSO0qHwOG2U55yxKM5aOtCX3zqnayEyVQYY10hd3YDVJFgEyOl9%2FmKBj6E4015Ubnw9SZ1UW5yHkoqTxP8RreTnH1whu5PXX%2Bu%2FpVciu%2FT26s%3D"}]}
< Nel: {"report_to":"cf-nel","success_fraction":0.0,"max_age":604800}
< Server: cloudflare
< CF-RAY: a44f654d0b6c9b00-TIA

    [257.17ms]
Downloaded react-cosmos-plugin-vite versions
   - "react-cosmos-plugin-vite": "^7" - react-cosmos-plugin-vite@7.4.0
Enqueue package manifest for download: parse5
Enqueue package manifest for download: react-cosmos-dom
Enqueue package manifest for download: react-cosmos-core
[PackageManager] waiting for 21 tasks
    [257.27ms]
Downloaded vite versions
> HTTP/1.1 GET https://registry.npmjs.org/parse5
> Accept: application/vnd.npm.install-v1+json; q=1.0, application/json; q=0.8, */*
> Connection: keep-alive
> User-Agent: Bun/1.3.9
> Host: registry.npmjs.org
> Accept-Encoding: gzip, deflate, br, zstd

> HTTP/1.1 GET https://registry.npmjs.org/react-cosmos-dom
> If-None-Match: W/"b0a30aede560cbfc549ebeefe6faf0df"
> Accept: application/vnd.npm.install-v1+json; q=1.0, application/json; q=0.8, */*
> Connection: keep-alive
> User-Agent: Bun/1.3.9
> Host: registry.npmjs.org
> Accept-Encoding: gzip, deflate, br, zstd

> HTTP/1.1 GET https://registry.npmjs.org/react-cosmos-core
> If-None-Match: W/"34b834572740cb8fc95fcbbddddf40c5"
> Accept: application/vnd.npm.install-v1+json; q=1.0, application/json; q=0.8, */*
> Connection: keep-alive
> User-Agent: Bun/1.3.9
> Host: registry.npmjs.org
> Accept-Encoding: gzip, deflate, br, zstd

   - "vite": "^7" - vite@7.3.6
    [257.51ms]
Downloaded bun-match-svg versions
< 304 Not Modified
< Date: Sat, 03 Oct 2026 22:31:12 GMT
< Connection: keep-alive
< set-cookie: __cf_bm=afJjLMUS5zhcGBtPxTQ_iCJEwmNaD8q1krTTZLoAC3M-1791066672.1830864-1.0.1.1-8tQMeS9utnEiSn0fRhK4dd_m4yX3m9ERHlLbQXxfwpiwaVQWBgdJF.9UQrTTMMdKdp_xwcqU4EGOD27_I9iAk7QoapyLIArWfDVVgMEK_kBUmyFQAmCZ5X62tWGBBS.F; HttpOnly; SameSite=None; Secure; Path=/; Domain=npmjs.org; Expires=Sat, 03 Oct 2026 23:01:12 GMT
< set-cookie: _cfuvid=EAlR41lr5o43JoZP3Ib4RXHPvz6.S_.SdsWhphxoRN0-1791066672.1830864-1.0.1.1-iGLeKxgO4TP4ttExBsEgSFkeMG24i2x_8VDlreBCx8E; HttpOnly; SameSite=None; Secure; Path=/; Domain=npmjs.org
< CF-Ray: a44f654d29627c08-TIA
< CF-Cache-Status: HIT
< Access-Control-Allow-Origin: *
< Cache-Control: public, max-age=300
< ETag: "0a9bf76d7fe97b45ad9402462bd42108"
< Last-Modified: Tue, 22 Sep 2026 19:43:45 GMT
< Server: cloudflare

< 200 OK
< Date: Sat, 03 Oct 2026 22:31:12 GMT
< Content-Type: application/octet-stream
< Content-Length: 293251
< Connection: keep-alive
< Report-To: {"group":"cf-nel","max_age":604800,"endpoints":[{"url":"https://a.nel.cloudflare.com/report/v4?s=%2FNmv8G5PxIwSm2%2BXO%2BS3YilVYLGXwVJ%2F1lnj8VA3yjLR0o5HvHou8IujNujhQjtEYBXbwptVkAPgOi%2BnfR%2B4xK62hq7AmPSMCRAmrWgoIrduA76jt2bflLZNzkxUYvmYiQ547l8%3D"}]}
< Nel: {"report_to":"cf-nel","success_fraction":0.0,"max_age":604800}
< Server: cloudflare
< CF-RAY: a44f654d1ecef474-TIA

< 200 OK
< Date: Sat, 03 Oct 2026 22:31:12 GMT
< Content-Type: application/octet-stream
< Content-Length: 177316
< Connection: keep-alive
< Report-To: {"group":"cf-nel","max_age":604800,"endpoints":[{"url":"https://a.nel.cloudflare.com/report/v4?s=KsDppriFfoS%2FfoUweluNGDRLOSHtlZDp9pFNdu7Ch7UK8agFgclUe%2F%2B1ek07Qoh7u994%2BiVjMH96EzlUKq%2BKmjYcQJluYHP2VdjTDie0aZ8Yu%2FO55h1XWSHvcANbAozz3QGeV0I%3D"}]}
< Nel: {"report_to":"cf-nel","success_fraction":0.0,"max_age":604800}
< Server: cloudflare
< CF-RAY: a44f654d098951a4-TIA

   - "bun-match-svg": "^0.0.14" - bun-match-svg@0.0.14
Enqueue package manifest for download: postcss
[PackageManager] waiting for 20 tasks
    [260.46ms]
Downloaded react-cosmos versions
> HTTP/1.1 GET https://registry.npmjs.org/postcss
> If-None-Match: W/"17095e9adcc233c1062b9f8257dc1bb0"
> Accept: application/vnd.npm.install-v1+json; q=1.0, application/json; q=0.8, */*
> Connection: keep-alive
> User-Agent: Bun/1.3.9
> Host: registry.npmjs.org
> Accept-Encoding: gzip, deflate, br, zstd

   - "react-cosmos": "^7" - react-cosmos@7.4.1
    [260.49ms] Downloaded @tscircuit/flex-utils tarball
< 200 OK
< Date: Sat, 03 Oct 2026 22:31:12 GMT
< Content-Type: application/octet-stream
< Content-Length: 9797
< Connection: keep-alive
< Report-To: {"group":"cf-nel","max_age":604800,"endpoints":[{"url":"https://a.nel.cloudflare.com/report/v4?s=LVP9mkrHjMyiwZTAdpXIwp5v4Ak0LZ6YEAU56LRdWVuJdqOAxKd%2Fc1D1kH0nI766RYdIg32AwOpXK7Gph4Rl4UCzSIACx4q8iDPVm2vBce1GwpTVNyGbwi6tekRLA16BOLxMZ7I%3D"}]}
< Nel: {"report_to":"cf-nel","success_fraction":0.0,"max_age":604800}
< Server: cloudflare
< CF-RAY: a44f654d1b789b00-TIA

   - "ws": "8.21.3" - ws@8.21.3
   - "pem": "1.14.8" - pem@1.14.8
   - "glob": "13.0.6" - glob@13.0.6
   - "open": "11.0.0" - open@11.0.0
   - "yargs": "18.1.0" - yargs@18.1.0
   - "express": "5.2.1" - express@5.2.1
   - "chokidar": "5.0.0" - chokidar@5.0.0
   - "micromatch": "4.0.8" - micromatch@4.0.8
Enqueue package manifest for download: react-cosmos-ui
   - "http-proxy-middleware": "3.0.7" - http-proxy-middleware@3.0.7
Enqueue package manifest for download: react-cosmos-renderer
   - "@skidding/launch-editor": "2.13.2" - @skidding/launch-editor@2.13.2
Enqueue package manifest for download: es6-promisify
Enqueue package manifest for download: md5
Enqueue package manifest for download: os-tmpdir
Enqueue package manifest for download: minimatch
   - "minipass": "^7.1.3" - minipass@7.1.3
Enqueue package manifest for download: path-scurry
Enqueue package manifest for download: is-in-ssh
Enqueue package manifest for download: wsl-utils
Enqueue package manifest for download: default-browser
Enqueue package manifest for download: define-lazy-prop
Enqueue package manifest for download: powershell-utils
Enqueue package manifest for download: is-inside-container
   - "cliui": "^9.0.1" - cliui@9.0.1
   - "string-width": "^8.2.1" - string-width@8.3.0
   - "yargs-parser": "^22.0.0" - yargs-parser@22.0.0
Enqueue package manifest for download: qs
Enqueue package manifest for download: cookie
Enqueue package manifest for download: router
   - "accepts": "^2.0.0" - accepts@2.0.0
Enqueue package manifest for download: type-is
Enqueue package manifest for download: proxy-addr
Enqueue package manifest for download: body-parser
Enqueue package manifest for download: content-type
Enqueue package manifest for download: finalhandler
Enqueue package manifest for download: serve-static
Enqueue package manifest for download: cookie-signature
Enqueue package manifest for download: merge-descriptors
Enqueue package manifest for download: content-disposition
   - "readdirp": "^5.0.0" - readdirp@5.1.1
Enqueue package manifest for download: http-proxy
   - "is-plain-object": "^5.0.0" - is-plain-object@5.1.0
Enqueue package manifest for download: @types/http-proxy
Enqueue package manifest for download: shell-quote
   - "string-width": "^7.2.0" - string-width@7.2.0
   - "strip-ansi": "^7.1.0" - strip-ansi@7.2.0
   - "wrap-ansi": "^9.0.0" - wrap-ansi@9.0.2
Enqueue package manifest for download: get-east-asian-width
Enqueue package manifest for download: negotiator
   - "emoji-regex": "^10.3.0" - emoji-regex@10.6.0
   - "ansi-regex": "^6.2.2" - ansi-regex@6.4.0
   - "ansi-styles": "^6.2.1" - ansi-styles@6.2.3
[PackageManager] waiting for 65 tasks
    [273.78ms] Downloaded @tscircuit/dogbone-solver tarball
 dist/index.js
 package.json
 README.md
 dist/index.d.ts
[@tscircuit/flex-utils] Extract .b9fbadff6b7ddbe9-00000001.flex-utils (decompressed 12.11 KB tgz file in 712.083us)
[@tscircuit/flex-utils] Extracted to .b9fbadff6b7ddbe9-00000001.flex-utils (4.297ms)
 LICENSE
 package.json
 README.md
 lib/dogbone-autorouter.ts
 lib/dogbone-fanout-solver.ts
 lib/generic-local-autorouter.ts
 lib/get-via-board-layers.ts
 lib/index.ts
 lib/obstacle.ts
 lib/types.ts
[@tscircuit/dogbone-solver] Extract .daff3feee74dd6f9-00000002.dogbone-solver (decompressed 9.80 KB tgz file in 734.834us)
[@tscircuit/dogbone-solver] Extracted to .daff3feee74dd6f9-00000002.dogbone-solver (4.71ms)
[PackageManager] waiting for 65 tasks
   - "@tscircuit/capacity-autorouter": "0.0.941" - @tscircuit/capacity-autorouter@0.0.941
   - "@tscircuit/fanout-solver": "0.0.79" - @tscircuit/fanout-solver@0.0.79
   - "circuit-json": "0.0.507" - circuit-json@0.0.507
< 302 Found
< Date: Sat, 03 Oct 2026 22:31:12 GMT
< Content-Type: text/html;charset=utf-8
< Content-Length: 0
< Cache-Control: public, must-revalidate, max-age=0
< expires: Sat, 03 Oct 2026 22:31:12 GMT
< Location: https://codeload.github.com/tscircuit/ti/legacy.tar.gz/57e314be4b2b06bc546d4def7453e619604d1157
< x-github-api-version-selected: 2022-11-28
< X-RateLimit-Limit: 60
< X-RateLimit-Remaining: 60
< X-RateLimit-Reset: 1791070272
< X-RateLimit-Used: 0
< X-RateLimit-Resource: core
< Access-Control-Expose-Headers: ETag, Link, Location, Retry-After, X-GitHub-OTP, X-RateLimit-Limit, X-RateLimit-Remaining, X-RateLimit-Used, X-RateLimit-Resource, X-RateLimit-Reset, X-OAuth-Scopes, X-Accepted-OAuth-Scopes, X-Poll-Interval, X-GitHub-Media-Type, X-GitHub-SSO, X-GitHub-Request-Id, Deprecation, Sunset, Warning
< Access-Control-Allow-Origin: *
< Strict-Transport-Security: max-age=31536000; includeSubdomains; preload
< X-Frame-Options: deny
< X-Content-Type-Options: nosniff
< X-XSS-Protection: 0
< Referrer-Policy: origin-when-cross-origin, strict-origin-when-cross-origin
< Content-Security-Policy: default-src 'none'
< Vary: Accept-Encoding, Accept, X-Requested-With
< Server: github.com
< X-GitHub-Request-Id: EE7B:332077:2B4F32C:2B15C65:6AC18230
< x-github-edge-region: fra

< 302 Found
< Date: Sat, 03 Oct 2026 22:31:12 GMT
< Content-Type: text/html;charset=utf-8
< Content-Length: 0
< Cache-Control: public, must-revalidate, max-age=0
< expires: Sat, 03 Oct 2026 22:31:12 GMT
< Location: https://codeload.github.com/tscircuit/pcb-trace-linter/legacy.tar.gz/4c035f9d40ffb03ba547a08975b5e64b20371123
< x-github-api-version-selected: 2022-11-28
< X-RateLimit-Limit: 60
< X-RateLimit-Remaining: 60
< X-RateLimit-Reset: 1791070272
< X-RateLimit-Used: 0
< X-RateLimit-Resource: core
< Access-Control-Expose-Headers: ETag, Link, Location, Retry-After, X-GitHub-OTP, X-RateLimit-Limit, X-RateLimit-Remaining, X-RateLimit-Used, X-RateLimit-Resource, X-RateLimit-Reset, X-OAuth-Scopes, X-Accepted-OAuth-Scopes, X-Poll-Interval, X-GitHub-Media-Type, X-GitHub-SSO, X-GitHub-Request-Id, Deprecation, Sunset, Warning
< Access-Control-Allow-Origin: *
< Strict-Transport-Security: max-age=31536000; includeSubdomains; preload
< X-Frame-Options: deny
< X-Content-Type-Options: nosniff
< X-XSS-Protection: 0
< Referrer-Policy: origin-when-cross-origin, strict-origin-when-cross-origin
< Content-Security-Policy: default-src 'none'
< Vary: Accept-Encoding, Accept, X-Requested-With
< Server: github.com
< X-GitHub-Request-Id: F096:31602E:2E2CF0A:2DF4B58:6AC18230
< x-github-edge-region: fra

< 302 Found
< Date: Sat, 03 Oct 2026 22:31:12 GMT
< Content-Type: text/html;charset=utf-8
< Content-Length: 0
< Cache-Control: public, must-revalidate, max-age=0
< expires: Sat, 03 Oct 2026 22:31:12 GMT
< Location: https://codeload.github.com/tscircuit/winding-breakout-point-solver/legacy.tar.gz/202dbe9eb0088633b6fa094120dba6f2f41f8803
< x-github-api-version-selected: 2022-11-28
< X-RateLimit-Limit: 60
< X-RateLimit-Remaining: 60
< X-RateLimit-Reset: 1791070272
< X-RateLimit-Used: 0
< X-RateLimit-Resource: core
< Access-Control-Expose-Headers: ETag, Link, Location, Retry-After, X-GitHub-OTP, X-RateLimit-Limit, X-RateLimit-Remaining, X-RateLimit-Used, X-RateLimit-Resource, X-RateLimit-Reset, X-OAuth-Scopes, X-Accepted-OAuth-Scopes, X-Poll-Interval, X-GitHub-Media-Type, X-GitHub-SSO, X-GitHub-Request-Id, Deprecation, Sunset, Warning
< Access-Control-Allow-Origin: *
< Strict-Transport-Security: max-age=31536000; includeSubdomains; preload
< X-Frame-Options: deny
< X-Content-Type-Options: nosniff
< X-XSS-Protection: 0
< Referrer-Policy: origin-when-cross-origin, strict-origin-when-cross-origin
< Content-Security-Policy: default-src 'none'
< Vary: Accept-Encoding, Accept, X-Requested-With
< Server: github.com
< X-GitHub-Request-Id: EE83:3C3BD5:2E6DDA2:2E34BD9:6AC18230
< x-github-edge-region: fra

< 200 OK
< Date: Sat, 03 Oct 2026 22:31:12 GMT
< Content-Type: application/octet-stream
< Content-Length: 22812698
< Connection: keep-alive
< set-cookie: __cf_bm=nRVXHxiophep8eNv6rKM_mlH8AZv.e5s0j82kUmQU7k-1791066672.1720364-1.0.1.1-HRGNrWWlGn8ADReke4hsXVBL9gbRo801RPi2RZq8Cw00Iw.CLnwPJL_JE6CLS8smNHhMMEdBqOiJmBKPEllNTBvrQVLI4u4UZUwIw61.XbKoh4kJaBB6cEwqErN_4e8g; HttpOnly; SameSite=None; Secure; Path=/; Domain=npmjs.org; Expires=Sat, 03 Oct 2026 23:01:12 GMT
< set-cookie: _cfuvid=Izm8QcxPORe5h4YBjODtbtiraT2PsXoSMbDuUGsmDx8-1791066672.1720364-1.0.1.1-U_OF_Ol1gKZQGZazZpIUz5m9CPFiztXKexqk5bSUgIE; HttpOnly; SameSite=None; Secure; Path=/; Domain=npmjs.org
< CF-Ray: a44f654d199351a4-TIA
< CF-Cache-Status: HIT
< Accept-Ranges: bytes
< Access-Control-Allow-Origin: *
< Age: 284889
< Cache-Control: public, must-revalidate, max-age=31557600
< ETag: "013c61e85b8253d9361a41506f62318e"
< Last-Modified: Wed, 30 Sep 2026 15:23:02 GMT
< Server: cloudflare

< 200 OK
< Date: Sat, 03 Oct 2026 22:31:12 GMT
< Content-Type: application/octet-stream
< Content-Length: 94301
< Connection: keep-alive
< set-cookie: __cf_bm=pJOVx9sSLxldwhbbgiNB7rd4OsgJZDa6K_nkVmgTHRM-1791066672.1831985-1.0.1.1-bSLcfcTpuRuyQfzB4yLcPvAW7OuqswJWtLFg_9D5sSQ3j8TFUcjmGu9Y5LCFGn2G0Q6PxqG9iBgmqG9X9o5Rmn0.gDFs4uCc5YXlft2hMDUzfDftuP.imjSnhh5wkLVO; HttpOnly; SameSite=None; Secure; Path=/; Domain=npmjs.org; Expires=Sat, 03 Oct 2026 23:01:12 GMT
< set-cookie: _cfuvid=EhFvsaHC4NB46PL550vXNzb508ZzPXAbmwVlHP.xFgc-1791066672.1831985-1.0.1.1-.osQtcyjjDAkUKq7n6mv4_2safYGOtkoEH.5OJjRCKY; HttpOnly; SameSite=None; Secure; Path=/; Domain=npmjs.org
< CF-Ray: a44f654d29637c08-TIA
< CF-Cache-Status: HIT
< Accept-Ranges: bytes
< Access-Control-Allow-Origin: *
< Age: 284871
< Cache-Control: public, must-revalidate, max-age=31557600
< ETag: "746e496bd695e81638663fbe6f1dd145"
< Last-Modified: Wed, 30 Sep 2026 15:23:20 GMT
< Server: cloudflare

< 302 Found
< Date: Sat, 03 Oct 2026 22:31:12 GMT
< Content-Type: text/html;charset=utf-8
< Content-Length: 0
< Cache-Control: public, must-revalidate, max-age=0
< expires: Sat, 03 Oct 2026 22:31:12 GMT
< Location: https://codeload.github.com/tscircuit/implicit-copper-pour-solver/legacy.tar.gz/a5cbbda0cd65fd4707c5c1af25779837c25aba92
< x-github-api-version-selected: 2022-11-28
< X-RateLimit-Limit: 60
< X-RateLimit-Remaining: 60
< X-RateLimit-Reset: 1791070272
< X-RateLimit-Used: 0
< X-RateLimit-Resource: core
< Access-Control-Expose-Headers: ETag, Link, Location, Retry-After, X-GitHub-OTP, X-RateLimit-Limit, X-RateLimit-Remaining, X-RateLimit-Used, X-RateLimit-Resource, X-RateLimit-Reset, X-OAuth-Scopes, X-Accepted-OAuth-Scopes, X-Poll-Interval, X-GitHub-Media-Type, X-GitHub-SSO, X-GitHub-Request-Id, Deprecation, Sunset, Warning
< Access-Control-Allow-Origin: *
< Strict-Transport-Security: max-age=31536000; includeSubdomains; preload
< X-Frame-Options: deny
< X-Content-Type-Options: nosniff
< X-XSS-Protection: 0
< Referrer-Policy: origin-when-cross-origin, strict-origin-when-cross-origin
< Content-Security-Policy: default-src 'none'
< Vary: Accept-Encoding, Accept, X-Requested-With
< Server: github.com
< X-GitHub-Request-Id: F520:C8C41:2E52A5C:2E19E9D:6AC18230
< x-github-edge-region: fra

< 302 Found
< Date: Sat, 03 Oct 2026 22:31:12 GMT
< Content-Type: text/html;charset=utf-8
< Content-Length: 0
< Cache-Control: public, must-revalidate, max-age=0
< expires: Sat, 03 Oct 2026 22:31:12 GMT
< Location: https://codeload.github.com/tscircuit/jlcpcb-manufacturing-specs/legacy.tar.gz/23260504fceffff2d64bf11720f74e974d1d9321
< x-github-api-version-selected: 2022-11-28
< X-RateLimit-Limit: 60
< X-RateLimit-Remaining: 60
< X-RateLimit-Reset: 1791070272
< X-RateLimit-Used: 0
< X-RateLimit-Resource: core
< Access-Control-Expose-Headers: ETag, Link, Location, Retry-After, X-GitHub-OTP, X-RateLimit-Limit, X-RateLimit-Remaining, X-RateLimit-Used, X-RateLimit-Resource, X-RateLimit-Reset, X-OAuth-Scopes, X-Accepted-OAuth-Scopes, X-Poll-Interval, X-GitHub-Media-Type, X-GitHub-SSO, X-GitHub-Request-Id, Deprecation, Sunset, Warning
< Access-Control-Allow-Origin: *
< Strict-Transport-Security: max-age=31536000; includeSubdomains; preload
< X-Frame-Options: deny
< X-Content-Type-Options: nosniff
< X-XSS-Protection: 0
< Referrer-Policy: origin-when-cross-origin, strict-origin-when-cross-origin
< Content-Security-Policy: default-src 'none'
< Vary: Accept-Encoding, Accept, X-Requested-With
< Server: github.com
< X-GitHub-Request-Id: EE6F:3AB40A:307E35C:3045AB1:6AC18230
< x-github-edge-region: fra

< 302 Found
< Date: Sat, 03 Oct 2026 22:31:12 GMT
< Content-Type: text/html;charset=utf-8
< Content-Length: 0
< Cache-Control: public, must-revalidate, max-age=0
< expires: Sat, 03 Oct 2026 22:31:12 GMT
< Location: https://codeload.github.com/tscircuit/bga-fanout-solver/legacy.tar.gz/247c835cb8d69b65e53891dcf869731079415b39
< x-github-api-version-selected: 2022-11-28
< X-RateLimit-Limit: 60
< X-RateLimit-Remaining: 60
< X-RateLimit-Reset: 1791070272
< X-RateLimit-Used: 0
< X-RateLimit-Resource: core
< Access-Control-Expose-Headers: ETag, Link, Location, Retry-After, X-GitHub-OTP, X-RateLimit-Limit, X-RateLimit-Remaining, X-RateLimit-Used, X-RateLimit-Resource, X-RateLimit-Reset, X-OAuth-Scopes, X-Accepted-OAuth-Scopes, X-Poll-Interval, X-GitHub-Media-Type, X-GitHub-SSO, X-GitHub-Request-Id, Deprecation, Sunset, Warning
< Access-Control-Allow-Origin: *
< Strict-Transport-Security: max-age=31536000; includeSubdomains; preload
< X-Frame-Options: deny
< X-Content-Type-Options: nosniff
< X-XSS-Protection: 0
< Referrer-Policy: origin-when-cross-origin, strict-origin-when-cross-origin
< Content-Security-Policy: default-src 'none'
< Vary: Accept-Encoding, Accept, X-Requested-With
< Server: github.com
< X-GitHub-Request-Id: EF40:132F0E:2E30985:2DF789A:6AC18230
< x-github-edge-region: fra

< 302 Found
< Date: Sat, 03 Oct 2026 22:31:12 GMT
< Content-Type: text/html;charset=utf-8
< Content-Length: 0
< Cache-Control: public, must-revalidate, max-age=0
< expires: Sat, 03 Oct 2026 22:31:12 GMT
< Location: https://codeload.github.com/tscircuit/via-stitch-solver/legacy.tar.gz/64f2ac7781b795bdc0d74ba411988e60767fa653
< x-github-api-version-selected: 2022-11-28
< X-RateLimit-Limit: 60
< X-RateLimit-Remaining: 60
< X-RateLimit-Reset: 1791070272
< X-RateLimit-Used: 0
< X-RateLimit-Resource: core
< Access-Control-Expose-Headers: ETag, Link, Location, Retry-After, X-GitHub-OTP, X-RateLimit-Limit, X-RateLimit-Remaining, X-RateLimit-Used, X-RateLimit-Resource, X-RateLimit-Reset, X-OAuth-Scopes, X-Accepted-OAuth-Scopes, X-Poll-Interval, X-GitHub-Media-Type, X-GitHub-SSO, X-GitHub-Request-Id, Deprecation, Sunset, Warning
< Access-Control-Allow-Origin: *
< Strict-Transport-Security: max-age=31536000; includeSubdomains; preload
< X-Frame-Options: deny
< X-Content-Type-Options: nosniff
< X-XSS-Protection: 0
< Referrer-Policy: origin-when-cross-origin, strict-origin-when-cross-origin
< Content-Security-Policy: default-src 'none'
< Vary: Accept-Encoding, Accept, X-Requested-With
< Server: github.com
< X-GitHub-Request-Id: F160:2B757:2D688F4:2D30F27:6AC18230
< x-github-edge-region: fra

[PackageManager] waiting for 63 tasks
    [377.21ms] Downloaded @tscircuit/schematic-trace-solver tarball
 LICENSE
 dist/index.js
 package.json
 README.md
 dist/index.d.ts
[@tscircuit/schematic-trace-solver] Extract .1eff7fafbff1efd4-00000003.schematic-trace-solver (decompressed 177.32 KB tgz file in 340.083us)
[@tscircuit/schematic-trace-solver] Extracted to .1eff7fafbff1efd4-00000003.schematic-trace-solver (2.129ms)
[PackageManager] waiting for 63 tasks
[PackageManager] waiting for 62 tasks
    [382.39ms] Downloaded @biomejs/biome tarball
 bin/biome
 LICENSE-APACHE
 LICENSE-MIT
 ROME-LICENSE-MIT
 configuration_schema.json
 package.json
 README.es.md
 README.fr.md
 README.hi.md
 README.ja.md
 README.kr.md
 README.md
 README.pl.md
 README.pt-BR.md
 README.ru.md
 README.uk.md
 README.zh-CN.md
 README.zh-TW.md
[@biomejs/biome] Extract .3cfff5e6e9b8edb9-00000004.biome (decompressed 94.30 KB tgz file in 543.791us)
[@biomejs/biome] Extracted to .3cfff5e6e9b8edb9-00000004.biome (3.297ms)
[PackageManager] waiting for 62 tasks
[PackageManager] waiting for 61 tasks
    [391.85ms] Downloaded @tscircuit/bus-lanes-solver tarball
 LICENSE
 dist/index.js
 package.json
 README.md
 dist/index.d.ts
[@tscircuit/bus-lanes-solver] Extract .fffba7b6edffffb6-00000005.bus-lanes-solver (decompressed 0.29 MB tgz file in 1.226ms)
[@tscircuit/bus-lanes-solver] Extracted to .fffba7b6edffffb6-00000005.bus-lanes-solver (3.051ms)
[PackageManager] waiting for 61 tasks
> HTTP/1.1 GET https://registry.npmjs.org/react-cosmos-plugin-vite/-/react-cosmos-plugin-vite-7.4.0.tgz
> Connection: keep-alive
> User-Agent: Bun/1.3.9
> Accept: */*
> Host: registry.npmjs.org
> Accept-Encoding: gzip, deflate, br, zstd

> HTTP/1.1 GET https://registry.npmjs.org/cliui/-/cliui-9.0.1.tgz
> Connection: keep-alive
> User-Agent: Bun/1.3.9
> Accept: */*
> Host: registry.npmjs.org
> Accept-Encoding: gzip, deflate, br, zstd

> HTTP/1.1 GET https://registry.npmjs.org/string-width/-/string-width-8.3.0.tgz
> Connection: keep-alive
> User-Agent: Bun/1.3.9
> Accept: */*
> Host: registry.npmjs.org
> Accept-Encoding: gzip, deflate, br, zstd

> HTTP/1.1 GET https://registry.npmjs.org/is-plain-object/-/is-plain-object-5.1.0.tgz
> Connection: keep-alive
> User-Agent: Bun/1.3.9
> Accept: */*
> Host: registry.npmjs.org
> Accept-Encoding: gzip, deflate, br, zstd

> HTTP/1.1 GET https://registry.npmjs.org/negotiator
> If-None-Match: W/"924f468023877492ac531981e91c37c4"
> Accept: application/vnd.npm.install-v1+json; q=1.0, application/json; q=0.8, */*
> Connection: keep-alive
> User-Agent: Bun/1.3.9
> Host: registry.npmjs.org
> Accept-Encoding: gzip, deflate, br, zstd

> HTTP/1.1 GET https://registry.npmjs.org/@skidding/launch-editor/-/launch-editor-2.13.2.tgz
> Connection: keep-alive
> User-Agent: Bun/1.3.9
> Accept: */*
> Host: registry.npmjs.org
> Accept-Encoding: gzip, deflate, br, zstd

> HTTP/1.1 GET https://registry.npmjs.org/glob/-/glob-13.0.6.tgz
> Connection: keep-alive
> User-Agent: Bun/1.3.9
> Accept: */*
> Host: registry.npmjs.org
> Accept-Encoding: gzip, deflate, br, zstd

> HTTP/1.1 GET https://registry.npmjs.org/yargs-parser/-/yargs-parser-22.0.0.tgz
> Connection: keep-alive
> User-Agent: Bun/1.3.9
> Accept: */*
> Host: registry.npmjs.org
> Accept-Encoding: gzip, deflate, br, zstd

> HTTP/1.1 GET https://registry.npmjs.org/http-proxy-middleware/-/http-proxy-middleware-3.0.7.tgz
> Connection: keep-alive
> User-Agent: Bun/1.3.9
> Accept: */*
> Host: registry.npmjs.org
> Accept-Encoding: gzip, deflate, br, zstd

> HTTP/1.1 GET https://registry.npmjs.org/readdirp/-/readdirp-5.1.1.tgz
> Connection: keep-alive
> User-Agent: Bun/1.3.9
> Accept: */*
> Host: registry.npmjs.org
> Accept-Encoding: gzip, deflate, br, zstd

> HTTP/1.1 GET https://registry.npmjs.org/accepts/-/accepts-2.0.0.tgz
> Connection: keep-alive
> User-Agent: Bun/1.3.9
> Accept: */*
> Host: registry.npmjs.org
> Accept-Encoding: gzip, deflate, br, zstd

> HTTP/1.1 GET https://registry.npmjs.org/open/-/open-11.0.0.tgz
> Connection: keep-alive
> User-Agent: Bun/1.3.9
> Accept: */*
> Host: registry.npmjs.org
> Accept-Encoding: gzip, deflate, br, zstd

> HTTP/1.1 GET https://registry.npmjs.org/wrap-ansi/-/wrap-ansi-9.0.2.tgz
> Connection: keep-alive
> User-Agent: Bun/1.3.9
> Accept: */*
> Host: registry.npmjs.org
> Accept-Encoding: gzip, deflate, br, zstd

> HTTP/1.1 GET https://registry.npmjs.org/chokidar/-/chokidar-5.0.0.tgz
> Connection: keep-alive
> User-Agent: Bun/1.3.9
> Accept: */*
> Host: registry.npmjs.org
> Accept-Encoding: gzip, deflate, br, zstd

< 304 Not Modified
< Date: Sat, 03 Oct 2026 22:31:12 GMT
< Connection: keep-alive
< set-cookie: __cf_bm=V9DB8Em1XCcxDtO.g.dNhY.1pkyZ4aRuN4_CvMUXGqA-1791066672.4019356-1.0.1.1-B3g2ChQ1HPpet5IEORR.2fcUbR33CvggJV1yCykbjV8S3ibk_fVqfAfvWiem7WM2esCLMzgDexIPC.C7azkSnS11yO5Nvve1_mKJ8BIEKAkbamjNpfTmxV3BaiPTy.k8; HttpOnly; SameSite=None; Secure; Path=/; Domain=npmjs.org; Expires=Sat, 03 Oct 2026 23:01:12 GMT
< set-cookie: _cfuvid=1NmOdm3zGB_zJCWz55NSGenBNN8z1W84ZsLqutUWTIk-1791066672.4019356-1.0.1.1-MC.gfxwlWo_arsSnEe4QMffWvn_4z58OAYtN3lHmbgQ; HttpOnly; SameSite=None; Secure; Path=/; Domain=npmjs.org
< CF-Ray: a44f654e8a0b5f50-TIA
< CF-Cache-Status: HIT
< Access-Control-Allow-Origin: *
< Cache-Control: public, max-age=300
< ETag: "34b834572740cb8fc95fcbbddddf40c5"
< Last-Modified: Tue, 22 Sep 2026 19:41:24 GMT
< Server: cloudflare

[PackageManager] waiting for 60 tasks
    [217.93ms]
Downloaded react-cosmos-core versions
   - "react-cosmos-core": "^7.4.0" - react-cosmos-core@7.4.0
   - "js-base64": "3.9.2" - js-base64@3.9.2
> HTTP/1.1 GET https://registry.npmjs.org/react-cosmos-core/-/react-cosmos-core-7.4.0.tgz
> Connection: keep-alive
> User-Agent: Bun/1.3.9
> Accept: */*
> Host: registry.npmjs.org
> Accept-Encoding: gzip, deflate, br, zstd

> HTTP/1.1 GET https://registry.npmjs.org/js-base64/-/js-base64-3.9.2.tgz
> Connection: keep-alive
> User-Agent: Bun/1.3.9
> Accept: */*
> Host: registry.npmjs.org
> Accept-Encoding: gzip, deflate, br, zstd

> HTTP/1.1 GET https://registry.npmjs.org/wsl-utils
> Accept: application/vnd.npm.install-v1+json; q=1.0, application/json; q=0.8, */*
> Connection: keep-alive
> User-Agent: Bun/1.3.9
> Host: registry.npmjs.org
> Accept-Encoding: gzip, deflate, br, zstd

> HTTP/1.1 GET https://registry.npmjs.org/react-cosmos/-/react-cosmos-7.4.1.tgz
> Connection: keep-alive
> User-Agent: Bun/1.3.9
> Accept: */*
> Host: registry.npmjs.org
> Accept-Encoding: gzip, deflate, br, zstd

> HTTP/1.1 GET https://registry.npmjs.org/yargs/-/yargs-18.1.0.tgz
> Connection: keep-alive
> User-Agent: Bun/1.3.9
> Accept: */*
> Host: registry.npmjs.org
> Accept-Encoding: gzip, deflate, br, zstd

> HTTP/1.1 GET https://registry.npmjs.org/express/-/express-5.2.1.tgz
> Connection: keep-alive
> User-Agent: Bun/1.3.9
> Accept: */*
> Host: registry.npmjs.org
> Accept-Encoding: gzip, deflate, br, zstd

> HTTP/1.1 GET https://registry.npmjs.org/is-inside-container
> If-None-Match: W/"bbecb2c0a3efee3afa4cf5e744583702"
> Accept: application/vnd.npm.install-v1+json; q=1.0, application/json; q=0.8, */*
> Connection: keep-alive
> User-Agent: Bun/1.3.9
> Host: registry.npmjs.org
> Accept-Encoding: gzip, deflate, br, zstd

< 200 OK
< Date: Sat, 03 Oct 2026 22:31:12 GMT
< Content-Type: application/vnd.npm.install-v1+json
< Transfer-Encoding: chunked
< Connection: keep-alive
< set-cookie: __cf_bm=bB0hqwa1szVw4shkc9Os33DEYLSjub0jsqldSqlk7T4-1791066672.4018202-1.0.1.1-noA9nQjzb3ZsN0oFZcJTfO3Fwj9DtwzDZtU5rPUriOVd1jVPd55VwEnDTrkDS0Gj4zH45TVCs7nc0Y8DufyBfx5MBnWbi6lb6gAFN.i7wv52rKSVSrhPRn8jsXDfxZp3; HttpOnly; SameSite=None; Secure; Path=/; Domain=npmjs.org; Expires=Sat, 03 Oct 2026 23:01:12 GMT
< set-cookie: _cfuvid=Lq9JRqLmuMVz6ueBezLXPkfSSRNqdehYxaHrLRFjzYs-1791066672.4018202-1.0.1.1-m6Onw_UCdDZHixKr9sw3rG2BvOvEmimuXryjX4GBAQY; HttpOnly; SameSite=None; Secure; Path=/; Domain=npmjs.org
< CF-Ray: a44f654e88aba5b3-TIA
< CF-Cache-Status: HIT
< ETag: W/"4c6a1ec8705e1f39d6ed5e6a82dc0913"
< Access-Control-Allow-Origin: *
< Cache-Control: public, max-age=300
< Last-Modified: Sun, 19 Apr 2026 20:16:18 GMT
< Server: cloudflare
< Vary: accept-encoding, accept
< Content-Encoding: br

[PackageManager] waiting for 61 tasks
< 304 Not Modified
< Date: Sat, 03 Oct 2026 22:31:12 GMT
< Connection: keep-alive
< set-cookie: __cf_bm=AeiQ.HyRbgeF2UfDKTVuhatcuGXgNV8NfSSy_iTnLx4-1791066672.4020088-1.0.1.1-LGym9Wk2P.RcUoOoVPagfRs4CSRrJZjBYp5h3wfz.2XOJDKnihOVogBjXykwASLNaPI7RCmCwTDPNVemA4go132a9n8TLoICfX0Q5ed_RdE8GxeiO3KPbkiZcX7AruMy; HttpOnly; SameSite=None; Secure; Path=/; Domain=npmjs.org; Expires=Sat, 03 Oct 2026 23:01:12 GMT
< set-cookie: _cfuvid=aiZdRyIUTLCeqWDJt8j_iSi9DB10.EbwPyWTt3URlNE-1791066672.4020088-1.0.1.1-9sHTMh.OxG.wXZ.dw2BSZCUd0ddcudwKwoAXSMPftn4; HttpOnly; SameSite=None; Secure; Path=/; Domain=npmjs.org
< CF-Ray: a44f654e8a817c08-TIA
< CF-Cache-Status: HIT
< Access-Control-Allow-Origin: *
< Cache-Control: public, max-age=300
< ETag: "b0a30aede560cbfc549ebeefe6faf0df"
< Last-Modified: Tue, 22 Sep 2026 19:41:35 GMT
< Server: cloudflare

    [222.67ms]
Downloaded parse5 versions
< 304 Not Modified
< Date: Sat, 03 Oct 2026 22:31:12 GMT
< Connection: keep-alive
< set-cookie: __cf_bm=f0MRnvEcGpY5rnVHpIXS9fMu1gzMOoHmc3L.2UIYFfI-1791066672.4028697-1.0.1.1-mQC.s8s19.sEJ1ZW.GMXgwMhVBhKlufvxjVJr9zL5sqcPbdG64UGC3_.ZLdlGcnyLk1o4xfKigjcud1gIAHpXQh2H7pBQHNG3FVZCdDb2Yxz0ZSvDsC.T.0UzgBQw2RV; HttpOnly; SameSite=None; Secure; Path=/; Domain=npmjs.org; Expires=Sat, 03 Oct 2026 23:01:12 GMT
< set-cookie: _cfuvid=2ZaEkJrkvQ_UnxFRlVGB7WdK8vizYHC570K3KrsEBGk-1791066672.4028697-1.0.1.1-_5k3JLC.sueaBbm9Isr1F4iVK0Jro.1_7P9mssAGO4c; HttpOnly; SameSite=None; Secure; Path=/; Domain=npmjs.org
< CF-Ray: a44f654e8a847c08-TIA
< CF-Cache-Status: HIT
< Access-Control-Allow-Origin: *
< Cache-Control: public, max-age=300
< ETag: "17095e9adcc233c1062b9f8257dc1bb0"
< Last-Modified: Thu, 03 Sep 2026 15:14:01 GMT
< Server: cloudflare

[PackageManager] waiting for 61 tasks
    [222.57ms]
Downloaded react-cosmos-dom versions
> HTTP/1.1 GET https://registry.npmjs.org/@types%2fhttp-proxy
> If-None-Match: W/"34979c735a4efc528b64b03a68025111"
> Accept: application/vnd.npm.install-v1+json; q=1.0, application/json; q=0.8, */*
> Connection: keep-alive
> User-Agent: Bun/1.3.9
> Host: registry.npmjs.org
> Accept-Encoding: gzip, deflate, br, zstd

> HTTP/1.1 GET https://registry.npmjs.org/merge-descriptors
> If-None-Match: W/"1f2bf4fae6f0bef45d6ea1b82f6f959c"
> Accept: application/vnd.npm.install-v1+json; q=1.0, application/json; q=0.8, */*
> Connection: keep-alive
> User-Agent: Bun/1.3.9
> Host: registry.npmjs.org
> Accept-Encoding: gzip, deflate, br, zstd

> HTTP/1.1 GET https://registry.npmjs.org/react-cosmos-renderer
> If-None-Match: W/"d225bb20da050225caad163d7e1a8d92"
> Accept: application/vnd.npm.install-v1+json; q=1.0, application/json; q=0.8, */*
> Connection: keep-alive
> User-Agent: Bun/1.3.9
> Host: registry.npmjs.org
> Accept-Encoding: gzip, deflate, br, zstd

> HTTP/1.1 GET https://registry.npmjs.org/shell-quote
> If-None-Match: W/"426d553134ac6e39968037c90d4b40ee"
> Accept: application/vnd.npm.install-v1+json; q=1.0, application/json; q=0.8, */*
> Connection: keep-alive
> User-Agent: Bun/1.3.9
> Host: registry.npmjs.org
> Accept-Encoding: gzip, deflate, br, zstd

> HTTP/1.1 GET https://registry.npmjs.org/content-disposition
> If-None-Match: W/"94a7f72ee81f66f60f2e0c9d5d6600fb"
> Accept: application/vnd.npm.install-v1+json; q=1.0, application/json; q=0.8, */*
> Connection: keep-alive
> User-Agent: Bun/1.3.9
> Host: registry.npmjs.org
> Accept-Encoding: gzip, deflate, br, zstd

> HTTP/1.1 GET https://registry.npmjs.org/ws/-/ws-8.21.3.tgz
> Connection: keep-alive
> User-Agent: Bun/1.3.9
> Accept: */*
> Host: registry.npmjs.org
> Accept-Encoding: gzip, deflate, br, zstd

   - "react-cosmos-dom": "^7.4.0" - react-cosmos-dom@7.4.0
    [219.55ms]
Downloaded postcss versions
   - "postcss": "^8.5.6" - postcss@8.5.28
   - "nanoid": "^3.3.18" - nanoid@3.3.19
Enqueue package manifest for download: source-map-js
[PackageManager] waiting for 61 tasks
[PackageManager] waiting for 61 tasks
   - "parse5": "8.0.1" - parse5@8.0.1
   - "entities": "^8.0.0" - entities@8.1.0
> HTTP/1.1 GET https://registry.npmjs.org/source-map-js
> If-None-Match: W/"6dedb546045c9b51d508c7b8d7da3846"
> Accept: application/vnd.npm.install-v1+json; q=1.0, application/json; q=0.8, */*
> Connection: keep-alive
> User-Agent: Bun/1.3.9
> Host: registry.npmjs.org
> Accept-Encoding: gzip, deflate, br, zstd

> HTTP/1.1 GET https://registry.npmjs.org/react-cosmos-dom/-/react-cosmos-dom-7.4.0.tgz
> Connection: keep-alive
> User-Agent: Bun/1.3.9
> Accept: */*
> Host: registry.npmjs.org
> Accept-Encoding: gzip, deflate, br, zstd

> HTTP/1.1 GET https://registry.npmjs.org/parse5/-/parse5-8.0.1.tgz
> Connection: keep-alive
> User-Agent: Bun/1.3.9
> Accept: */*
> Host: registry.npmjs.org
> Accept-Encoding: gzip, deflate, br, zstd

> HTTP/1.1 GET https://registry.npmjs.org/cookie-signature
> If-None-Match: W/"8231503bc93d58fef9f874066b5a35d6"
> Accept: application/vnd.npm.install-v1+json; q=1.0, application/json; q=0.8, */*
> Connection: keep-alive
> User-Agent: Bun/1.3.9
> Host: registry.npmjs.org
> Accept-Encoding: gzip, deflate, br, zstd

> HTTP/1.1 GET https://registry.npmjs.org/qs
> If-None-Match: W/"5f8fcbdb5ecc9025e3ac559d87763f4a"
> Accept: application/vnd.npm.install-v1+json; q=1.0, application/json; q=0.8, */*
> Connection: keep-alive
> User-Agent: Bun/1.3.9
> Host: registry.npmjs.org
> Accept-Encoding: gzip, deflate, br, zstd

> HTTP/1.1 GET https://registry.npmjs.org/proxy-addr
> If-None-Match: W/"8912b0f2f91bca593ac446a6515f659f"
> Accept: application/vnd.npm.install-v1+json; q=1.0, application/json; q=0.8, */*
> Connection: keep-alive
> User-Agent: Bun/1.3.9
> Host: registry.npmjs.org
> Accept-Encoding: gzip, deflate, br, zstd

> HTTP/1.1 GET https://registry.npmjs.org/is-in-ssh
> Accept: application/vnd.npm.install-v1+json; q=1.0, application/json; q=0.8, */*
> Connection: keep-alive
> User-Agent: Bun/1.3.9
> Host: registry.npmjs.org
> Accept-Encoding: gzip, deflate, br, zstd

> HTTP/1.1 GET https://registry.npmjs.org/powershell-utils
> Accept: application/vnd.npm.install-v1+json; q=1.0, application/json; q=0.8, */*
> Connection: keep-alive
> User-Agent: Bun/1.3.9
> Host: registry.npmjs.org
> Accept-Encoding: gzip, deflate, br, zstd

> HTTP/1.1 GET https://registry.npmjs.org/body-parser
> If-None-Match: W/"8a6d8048ddf04b01568ef40f95feb85d"
> Accept: application/vnd.npm.install-v1+json; q=1.0, application/json; q=0.8, */*
> Connection: keep-alive
> User-Agent: Bun/1.3.9
> Host: registry.npmjs.org
> Accept-Encoding: gzip, deflate, br, zstd

> HTTP/1.1 GET https://registry.npmjs.org/path-scurry
> If-None-Match: W/"346ea7d7797af383b204fe477d2b86ae"
> Accept: application/vnd.npm.install-v1+json; q=1.0, application/json; q=0.8, */*
> Connection: keep-alive
> User-Agent: Bun/1.3.9
> Host: registry.npmjs.org
> Accept-Encoding: gzip, deflate, br, zstd

> HTTP/1.1 GET https://registry.npmjs.org/minimatch
> If-None-Match: W/"9f0b0c16ecd842e11fece6bf52282ce2"
> Accept: application/vnd.npm.install-v1+json; q=1.0, application/json; q=0.8, */*
> Connection: keep-alive
> User-Agent: Bun/1.3.9
> Host: registry.npmjs.org
> Accept-Encoding: gzip, deflate, br, zstd

> HTTP/1.1 GET https://registry.npmjs.org/finalhandler
> If-None-Match: W/"c081ca037029a5a7f8844c5aacf68173"
> Accept: application/vnd.npm.install-v1+json; q=1.0, application/json; q=0.8, */*
> Connection: keep-alive
> User-Agent: Bun/1.3.9
> Host: registry.npmjs.org
> Accept-Encoding: gzip, deflate, br, zstd

> HTTP/1.1 GET https://registry.npmjs.org/content-type
> If-None-Match: W/"5cb712101931153f8ebfcc1e0318a0aa"
> Accept: application/vnd.npm.install-v1+json; q=1.0, application/json; q=0.8, */*
> Connection: keep-alive
> User-Agent: Bun/1.3.9
> Host: registry.npmjs.org
> Accept-Encoding: gzip, deflate, br, zstd

> HTTP/1.1 GET https://registry.npmjs.org/cookie
> If-None-Match: W/"9b7a10cb78d460ab148fceb33db91c96"
> Accept: application/vnd.npm.install-v1+json; q=1.0, application/json; q=0.8, */*
> Connection: keep-alive
> User-Agent: Bun/1.3.9
> Host: registry.npmjs.org
> Accept-Encoding: gzip, deflate, br, zstd

> HTTP/1.1 GET https://registry.npmjs.org/type-is
> If-None-Match: W/"f07f7cdbc39078f0aa3cf27f2e4963a2"
> Accept: application/vnd.npm.install-v1+json; q=1.0, application/json; q=0.8, */*
> Connection: keep-alive
> User-Agent: Bun/1.3.9
> Host: registry.npmjs.org
> Accept-Encoding: gzip, deflate, br, zstd

> HTTP/1.1 GET https://registry.npmjs.org/router
> Accept: application/vnd.npm.install-v1+json; q=1.0, application/json; q=0.8, */*
> Connection: keep-alive
> User-Agent: Bun/1.3.9
> Host: registry.npmjs.org
> Accept-Encoding: gzip, deflate, br, zstd

> HTTP/1.1 GET https://registry.npmjs.org/react-cosmos-ui
> If-None-Match: W/"a8de3677baf4176485a6919461bd19a1"
> Accept: application/vnd.npm.install-v1+json; q=1.0, application/json; q=0.8, */*
> Connection: keep-alive
> User-Agent: Bun/1.3.9
> Host: registry.npmjs.org
> Accept-Encoding: gzip, deflate, br, zstd

> HTTP/1.1 GET https://registry.npmjs.org/http-proxy
> If-None-Match: W/"b16722e38f3bc93f52f6d87ce6c3fd6d"
> Accept: application/vnd.npm.install-v1+json; q=1.0, application/json; q=0.8, */*
> Connection: keep-alive
> User-Agent: Bun/1.3.9
> Host: registry.npmjs.org
> Accept-Encoding: gzip, deflate, br, zstd

> HTTP/1.1 GET https://registry.npmjs.org/md5
> If-None-Match: W/"3b59c3327dd206a7590212ab567bf1c9"
> Accept: application/vnd.npm.install-v1+json; q=1.0, application/json; q=0.8, */*
> Connection: keep-alive
> User-Agent: Bun/1.3.9
> Host: registry.npmjs.org
> Accept-Encoding: gzip, deflate, br, zstd

> HTTP/1.1 GET https://registry.npmjs.org/es6-promisify
> If-None-Match: W/"b134eb4e402686992cff0f7e491e9864"
> Accept: application/vnd.npm.install-v1+json; q=1.0, application/json; q=0.8, */*
> Connection: keep-alive
> User-Agent: Bun/1.3.9
> Host: registry.npmjs.org
> Accept-Encoding: gzip, deflate, br, zstd

> HTTP/1.1 GET https://registry.npmjs.org/serve-static
> If-None-Match: W/"9d8bf5eaed6fc61d165d2e277f006921"
> Accept: application/vnd.npm.install-v1+json; q=1.0, application/json; q=0.8, */*
> Connection: keep-alive
> User-Agent: Bun/1.3.9
> Host: registry.npmjs.org
> Accept-Encoding: gzip, deflate, br, zstd

< 200 OK
< Date: Sat, 03 Oct 2026 22:31:12 GMT
< Content-Type: application/octet-stream
< Content-Length: 2546
< Connection: keep-alive
< set-cookie: __cf_bm=KXbsrrhIau5m.81VQBSxpIux7ztGvIJapjv7.lKxoZc-1791066672.604384-1.0.1.1-qlxSQuwZ_6DlYllTOJ0Z___wvb2V2SsOFJ1Mwpp.UOaiePVY_8NIpoQg9C1OjxgMuBzgFgRGSKOhr.tTt4jPIIBvzll.qEvdeVaKeIM_d6sI7cicbFPrx7oL_j2n7C0Z; HttpOnly; SameSite=None; Secure; Path=/; Domain=npmjs.org; Expires=Sat, 03 Oct 2026 23:01:12 GMT
< set-cookie: _cfuvid=O.cXzGzXh4.OXJlSUVwcM.JfDisS.i3K6lnSwTPeNfM-1791066672.604384-1.0.1.1-t0Ak9rkILzt_V4.jpUpo7THHBE96tSFulTs38gTpnOA; HttpOnly; SameSite=None; Secure; Path=/; Domain=npmjs.org
< CF-Ray: a44f654fcbb27c08-TIA
< CF-Cache-Status: HIT
< Accept-Ranges: bytes
< Access-Control-Allow-Origin: *
< Age: 214270
< Cache-Control: public, immutable, max-age=31557600
< ETag: "f92d5bd32f5d7671a63a65aefe807264"
< Last-Modified: Fri, 21 Aug 2026 10:21:20 GMT
< Server: cloudflare

< 200 OK
< Date: Sat, 03 Oct 2026 22:31:12 GMT
< Content-Type: application/octet-stream
< Content-Length: 4316
< Connection: keep-alive
< set-cookie: __cf_bm=Tx8FtRkQUaoSYXEYh53hXFmo68nICyPLrX.w3LYN4wI-1791066672.6044898-1.0.1.1-EjgTRnoktpuSYc1XW0wf4ZRxTwJeo8cw.9PAUgHRfhesP9lcySoxqI2iUWcmIaLeGgMfuOo4eLEG3SnY1176fhLwZnwb6U.sbzi1MiTbzpL0yqS0iISGpUu7xyRh3kWv; HttpOnly; SameSite=None; Secure; Path=/; Domain=npmjs.org; Expires=Sat, 03 Oct 2026 23:01:12 GMT
< set-cookie: _cfuvid=0u25NJ18jZagFP_Tpeb5llEjDtOFJr0pv1XHkArSXN4-1791066672.6044898-1.0.1.1-hm9pX9MI_idZuZiDmCrsOrRGM3LUjh1GMezELKpM1OM; HttpOnly; SameSite=None; Secure; Path=/; Domain=npmjs.org
< CF-Ray: a44f654fc9c5a5b3-TIA
< CF-Cache-Status: HIT
< Accept-Ranges: bytes
< Access-Control-Allow-Origin: *
< Age: 2463050
< Cache-Control: public, immutable, max-age=31557600
< ETag: "fff9fbb2bbbde2eef7e12af24dcc4def"
< Last-Modified: Mon, 08 Sep 2025 19:09:14 GMT
< Server: cloudflare

[PackageManager] waiting for 62 tasks
< 200 OK
< Date: Sat, 03 Oct 2026 22:31:12 GMT
< Content-Type: application/octet-stream
< Content-Length: 364690
< Connection: keep-alive
< set-cookie: __cf_bm=117Xocwag3Ui2KzPpTfrPiq.2LNOgiN.kT6oPyP5RPU-1791066672.6041899-1.0.1.1-i2E45jaDhlrIvhfEIiyDgfxnF7_3yMSqfP98XCLD2CV6SQW3au7X0TzcL0.ova8cfdWWhbCyAjjMFjfS0gYd38eb9Qck8D2s2u9B1NSKk6tX1cD4fFERoKjHq3dx.0RD; HttpOnly; SameSite=None; Secure; Path=/; Domain=npmjs.org; Expires=Sat, 03 Oct 2026 23:01:12 GMT
< set-cookie: _cfuvid=vJyes8zsdPNFznHeu1d69r0yd6TKsiiq4fk5PoDRkpA-1791066672.6041899-1.0.1.1-5eGlmv7lPcaNlyncMjAJ981cDyvXFxl9vREjVvRnjks; HttpOnly; SameSite=None; Secure; Path=/; Domain=npmjs.org
< CF-Ray: a44f654fcb8151a4-TIA
< CF-Cache-Status: HIT
< Accept-Ranges: bytes
< Access-Control-Allow-Origin: *
< Age: 2192277
< Cache-Control: public, immutable, max-age=31557600
< ETag: "9497169d6ebcee1ba1d8ddb206d222dd"
< Last-Modified: Thu, 19 Feb 2026 17:26:35 GMT
< Server: cloudflare

    [222.56ms] Downloaded is-plain-object tarball
 LICENSE
 dist/is-plain-object.js
 package.json
 README.md
 dist/is-plain-object.mjs
 is-plain-object.d.ts
[is-plain-object] Extract .dffbafbebef397f6-00000006.is-plain-object (decompressed 2.55 KB tgz file in 189.208us)
[is-plain-object] Extracted to .dffbafbebef397f6-00000006.is-plain-object (769.792us)
[PackageManager] waiting for 62 tasks
[PackageManager] waiting for 61 tasks
    [224.81ms] Downloaded wrap-ansi tarball
< 200 OK
< Date: Sat, 03 Oct 2026 22:31:12 GMT
< Content-Type: application/octet-stream
< Content-Length: 25255
< Connection: keep-alive
< set-cookie: __cf_bm=yEHDpkd5yyL5CJlz77o904CRGg6cbVCEWyvvUwdExFU-1791066672.6043153-1.0.1.1-z.nhaa6NWDt0LnOpj_5BrT6Po.7zBAhZQM7UO5fag1uMK4MVvX7dEnHSiM43.ZJ2rNISYehy07DTe.SPgiD83wfWVTiZLHl6bHcMTPt__Y3uzOKwWwHnZ6t1SvI30OMm; HttpOnly; SameSite=None; Secure; Path=/; Domain=npmjs.org; Expires=Sat, 03 Oct 2026 23:01:12 GMT
< set-cookie: _cfuvid=FHlIe.HPZCo8er_WP8euvu6Nl9dcpJl1.NASFhWYwyA-1791066672.6043153-1.0.1.1-A6QrQbEkD2zRUHyFgzavFvZbJIJkkpyiRTuZcYJ.92E; HttpOnly; SameSite=None; Secure; Path=/; Domain=npmjs.org
< CF-Ray: a44f654fcdd09b00-TIA
< CF-Cache-Status: HIT
< Accept-Ranges: bytes
< Access-Control-Allow-Origin: *
< Age: 40855
< Cache-Control: public, immutable, max-age=31557600
< ETag: "0f14905f625a7dee3fefda0861869d04"
< Last-Modified: Sun, 14 Jun 2026 20:55:46 GMT
< Server: cloudflare

< 200 OK
< Date: Sat, 03 Oct 2026 22:31:12 GMT
< Content-Type: application/octet-stream
< Content-Length: 9058
< Connection: keep-alive
< set-cookie: __cf_bm=icWEGC7I_h_eJ.SlA4olAUgmKfem4Ze24z2dJMwQqco-1791066672.6040869-1.0.1.1-UxEMgG4j28.EzRpCh2Tlf_NaLfQHwUdDDTrZVY653vSFd9FQnTa9uSw0D06wEMv_q58Ph_VcufGyeUkB5Afs4AsjHRpPaHZMeCdg8YnKT4Przu2qenhuXdhbWGoFAXVr; HttpOnly; SameSite=None; Secure; Path=/; Domain=npmjs.org; Expires=Sat, 03 Oct 2026 23:01:12 GMT
< set-cookie: _cfuvid=sLb1rkTxpwV1Nc6TnmFW0a2dsoqYs1wLqz8vcl1yFj0-1791066672.6040869-1.0.1.1-NmmqAr93rPHS0NRImirTVcCgc9ji8q3RSsoX.kVltjc; HttpOnly; SameSite=None; Secure; Path=/; Domain=npmjs.org
< CF-Ray: a44f654fcbaabd99-TIA
< CF-Cache-Status: HIT
< Accept-Ranges: bytes
< Access-Control-Allow-Origin: *
< Age: 2111052
< Cache-Control: public, immutable, max-age=31557600
< ETag: "2144deeb310554fedd9612d37f96f4e4"
< Last-Modified: Thu, 06 Aug 2026 06:26:40 GMT
< Server: cloudflare

[PackageManager] waiting for 61 tasks
< 200 OK
< Date: Sat, 03 Oct 2026 22:31:12 GMT
< Content-Type: application/octet-stream
< Content-Length: 21743
< Connection: keep-alive
< set-cookie: __cf_bm=qEUtVBpuviK7qVsvI5XpHphGRoIgZYZmikM1MTrSLgo-1791066672.604252-1.0.1.1-7Z1OhxDvK9K.7SUs5YAYWm0V9fP8VCZ5ToZBmOlzC6ZKzeo_AKkHBSZX6H.KdqXV92omFl6r3ZxC02.qZ7ouqQ5Zs1d7pnqJ9R6Wqcpz4OXAsLi86HclJNNC388EVRJm; HttpOnly; SameSite=None; Secure; Path=/; Domain=npmjs.org; Expires=Sat, 03 Oct 2026 23:01:12 GMT
< set-cookie: _cfuvid=0NRk81TmcJH9DSuPyN1jVoyPl3A8GLzIZGzQyIjBjQg-1791066672.604252-1.0.1.1-IcUnxttqIFeCuJZca_eBRtxWcKT72zxHusfCNDzgBXE; HttpOnly; SameSite=None; Secure; Path=/; Domain=npmjs.org
< CF-Ray: a44f654fcbb07c08-TIA
< CF-Cache-Status: HIT
< Accept-Ranges: bytes
< Access-Control-Allow-Origin: *
< Age: 2213853
< Cache-Control: public, immutable, max-age=31557600
< ETag: "262f886b8258e06c5b536176848f0974"
< Last-Modified: Mon, 26 May 2025 20:12:03 GMT
< Server: cloudflare

    [224.87ms] Downloaded readdirp tarball
< 200 OK
< Date: Sat, 03 Oct 2026 22:31:12 GMT
< Content-Type: application/octet-stream
< Content-Length: 4510
< Connection: keep-alive
< set-cookie: __cf_bm=eADTBQiWDyZt.k_agrDx25q0MpwbewSMWPAhux.KN7U-1791066672.6045833-1.0.1.1-B9hLukoCc7y6W0iRrIEGCigzG3OsfnH.eJ1PznjSUpemmhbXHXMYrYQmviEjr3Znm3uDDX97Bhs47nUoqwkP1x642Tlsew.C4d1e4f8jvTg54SYmnVOSNI7aYLMslXld; HttpOnly; SameSite=None; Secure; Path=/; Domain=npmjs.org; Expires=Sat, 03 Oct 2026 23:01:12 GMT
< set-cookie: _cfuvid=loKOR2x_Qs7Ymq1BKlRFbuW2ohskonGwLVf93zucYvM-1791066672.6045833-1.0.1.1-GvxuulSOZtuMegcP8FUzCYWMJ8P202ceoxsJEpDBMZE; HttpOnly; SameSite=None; Secure; Path=/; Domain=npmjs.org
< CF-Ray: a44f654fcdcf9b00-TIA
< CF-Cache-Status: HIT
< Accept-Ranges: bytes
< Access-Control-Allow-Origin: *
< Age: 805999
< Cache-Control: public, immutable, max-age=31557600
< ETag: "4cfd7f4e9decf6ab770030fe77b8ad78"
< Last-Modified: Thu, 24 Sep 2026 14:37:53 GMT
< Server: cloudflare

[PackageManager] waiting for 61 tasks
    [224.96ms] Downloaded string-width tarball
< 200 OK
< Date: Sat, 03 Oct 2026 22:31:12 GMT
< Content-Type: application/octet-stream
< Content-Length: 5460
< Connection: keep-alive
< set-cookie: __cf_bm=j3P2MABdux4GgKFCwFRBXQtGC4nNXkWTo996ObmEjrU-1791066672.604085-1.0.1.1-XPvhg7hx2UU_E9jmFxAlgDONGe8Xp2.eSeIBi9ecyOKYt4VeFcg_WRAU4okN0ELXe4U90KjQedIIEbrGfxT9eV.ol0WbQvl2WL8JHlRzo9Xyda7_8FPci9AWFuos3sb3; HttpOnly; SameSite=None; Secure; Path=/; Domain=npmjs.org; Expires=Sat, 03 Oct 2026 23:01:12 GMT
< set-cookie: _cfuvid=h2fbFSNLSHyftWCCW0DAcKsjD7pC5u7t2MTsV3iOu7Y-1791066672.604085-1.0.1.1-NQ0t3UeZO7ocmDS2h4BgUsyu3OY2544hMZHDyeEsxJo; HttpOnly; SameSite=None; Secure; Path=/; Domain=npmjs.org
< CF-Ray: a44f654fcbacbd99-TIA
< CF-Cache-Status: HIT
< Accept-Ranges: bytes
< Access-Control-Allow-Origin: *
< Age: 306721
< Cache-Control: public, immutable, max-age=31557600
< ETag: "8ed18169cc83a366308e557b5843d6db"
< Last-Modified: Sat, 31 Aug 2024 15:50:07 GMT
< Server: cloudflare

< 200 OK
< Date: Sat, 03 Oct 2026 22:31:12 GMT
< Content-Type: application/octet-stream
< Content-Length: 23399
< Connection: keep-alive
< set-cookie: __cf_bm=zDyScBx3.DFRDOrGQ2gyJzBSzF7LsLTj8qb_R4XpseQ-1791066672.6042132-1.0.1.1-5ING0iEwx9DNsFE.ViIE2RAt91is4Ouln9DWubjyA8n.Kd8wOw1JsWBuEHNsQr.BZxhPwMq2JqYz3v.U6V8.U_JttjCnLvCCkoqgsy33wXgTMC2pdDBVsjwYNmxfgd5Z; HttpOnly; SameSite=None; Secure; Path=/; Domain=npmjs.org; Expires=Sat, 03 Oct 2026 23:01:12 GMT
< set-cookie: _cfuvid=L_SUz9UcHuTi2uDbR_kdLJnbVZ1KVy2p9QaBdKfwTn4-1791066672.6042132-1.0.1.1-1YihQhlHscqPvnSkeTTvAa0lyFfOl6VeG0VkQpu06j0; HttpOnly; SameSite=None; Secure; Path=/; Domain=npmjs.org
< CF-Ray: a44f654fcbb17c08-TIA
< CF-Cache-Status: HIT
< Accept-Ranges: bytes
< Access-Control-Allow-Origin: *
< Age: 2209836
< Cache-Control: public, immutable, max-age=31557600
< ETag: "4974af51a4c2c76f26a285f8af392eae"
< Last-Modified: Tue, 25 Nov 2025 23:28:08 GMT
< Server: cloudflare

< 200 OK
< Date: Sat, 03 Oct 2026 22:31:12 GMT
< Content-Type: application/octet-stream
< Content-Length: 19175
< Connection: keep-alive
< set-cookie: __cf_bm=zrz3Bt9XhqxyOmBqDaIEYo7YxEfUfu93TW_px_WYljY-1791066672.6041574-1.0.1.1-Hdb3B1pZRrelHYTr7m1P8XVR4oJI_y7HwqP96oVRBAGqJytMtEliuPIXtdMMGyfz832oV18y2ZCiHcgX4yTJubvL5PDMgHTW3H40Z.tWJus7ULKWm0KpHpTCapr5qacb; HttpOnly; SameSite=None; Secure; Path=/; Domain=npmjs.org; Expires=Sat, 03 Oct 2026 23:01:12 GMT
< set-cookie: _cfuvid=5CSltkPn9UOdTwcFlecIJnCHw.zvxJ.b_qVvo8j7eI4-1791066672.6041574-1.0.1.1-NwjNIrGVsvHVAXxjpCj8l0yG896JkU8lGdTIzg5.xuQ; HttpOnly; SameSite=None; Secure; Path=/; Domain=npmjs.org
< CF-Ray: a44f654fcbabbd99-TIA
< CF-Cache-Status: HIT
< Accept-Ranges: bytes
< Access-Control-Allow-Origin: *
< Age: 2546143
< Cache-Control: public, immutable, max-age=31557600
< ETag: "94f062f5c170af98cf80437aa0ff1b15"
< Last-Modified: Mon, 17 Mar 2025 02:36:27 GMT
< Server: cloudflare

[PackageManager] waiting for 61 tasks
    [225.02ms] Downloaded yargs-parser tarball
    [225.05ms] Downloaded accepts tarball
< 200 OK
< Date: Sat, 03 Oct 2026 22:31:12 GMT
< Content-Type: application/octet-stream
< Content-Length: 16322
< Connection: keep-alive
< set-cookie: __cf_bm=mOCOGbo2avyc1djgQxk4AGnQgxpaITGXvR_jLes61yM-1791066672.6040206-1.0.1.1-46ajUkKLcOrZcKznOVvaq0WTbdJOT8eQo7dJsUoXIQg1ic_llO4LrQyXvn1X4DtzHEwX0R6PVqPcINq2MAZBlfLNMIVO1hsauqeS9isHp1Qzquw32WHjJoLDu.pcBjBG; HttpOnly; SameSite=None; Secure; Path=/; Domain=npmjs.org; Expires=Sat, 03 Oct 2026 23:01:12 GMT
< set-cookie: _cfuvid=azISyKqCHeXdSNxsao7lxpRZDLyE7w0cOCmSXnnqjKA-1791066672.6040206-1.0.1.1-x1o9fyilvdrFuMSq_T5G2oWLpXkhq9MtcVe_X8Yp9zQ; HttpOnly; SameSite=None; Secure; Path=/; Domain=npmjs.org
< CF-Ray: a44f654fcb365f50-TIA
< CF-Cache-Status: HIT
< Accept-Ranges: bytes
< Access-Control-Allow-Origin: *
< Age: 214310
< Cache-Control: public, immutable, max-age=31557600
< ETag: "86d5117d6945476c13b8af7c290da049"
< Last-Modified: Sat, 15 Nov 2025 08:22:56 GMT
< Server: cloudflare

    [225.08ms] Downloaded chokidar tarball
    [225.13ms] Downloaded cliui tarball
[PackageManager] waiting for 61 tasks
    [225.39ms] Downloaded open tarball
< 200 OK
< Date: Sat, 03 Oct 2026 22:31:12 GMT
< Content-Type: application/octet-stream
< Content-Length: 17780
< Connection: keep-alive
< set-cookie: __cf_bm=_nahw9m3u4hoUJJTHbdO15AskXGGP6TAgxZwT_O5aKI-1791066672.6083004-1.0.1.1-kTUgljVhk7Tzddf3a5qziX8qZSymAElsd90SU_Kvlbk.BHjhYJdpfKFC17nOOn0MoojfwYb3rh0ZwsG6KbQI6DzdOF.1kNex98Ps1KLvsBzKenXub7Zln39oJdSF2XS8; HttpOnly; SameSite=None; Secure; Path=/; Domain=npmjs.org; Expires=Sat, 03 Oct 2026 23:01:12 GMT
< set-cookie: _cfuvid=zRyYBekcEpu7HeRjKoPslwrxEyCTqjTwYe87MnE592Q-1791066672.6083004-1.0.1.1-aQ7ZClRIyE7k6ijkzaCeU5XNlbDTeDFszvkLuxidF4E; HttpOnly; SameSite=None; Secure; Path=/; Domain=npmjs.org
< CF-Ray: a44f654fcbb77c08-TIA
< CF-Cache-Status: HIT
< Accept-Ranges: bytes
< Access-Control-Allow-Origin: *
< Age: 215082
< Cache-Control: public, immutable, max-age=31557600
< ETag: "c8ba9692c925719ad45abfa053dfd5a7"
< Last-Modified: Mon, 17 Aug 2026 19:16:18 GMT
< Server: cloudflare

[PackageManager] waiting for 61 tasks
< 200 OK
< Date: Sat, 03 Oct 2026 22:31:12 GMT
< Content-Type: application/octet-stream
< Content-Length: 22560
< Connection: keep-alive
< set-cookie: __cf_bm=eHNbvt7aiM1xdsAs87Wtd2W6.f1fg3xnSgPDOkk9Rtk-1791066672.608154-1.0.1.1-k3cUcUmVl8fxbOPBmhi.p2eRBiqXRcGmK9i0V0yBH2ZsBBOSjiKwuRAKtj4jLE.dgcsPR8GxtzT8mvosfRNQhHIYwM7Wb6App9M1AwSAZOgBK1rtLrqdKN68e_0mFDrn; HttpOnly; SameSite=None; Secure; Path=/; Domain=npmjs.org; Expires=Sat, 03 Oct 2026 23:01:12 GMT
< set-cookie: _cfuvid=9yN8nYx7GKJJNzNjK7LjbvBtzeC5.FQB3FPBgR5GvmU-1791066672.608154-1.0.1.1-A.bvTjOdX43qD.oI.wGwZ3T6cOkVEVgDG67p.F9X_RQ; HttpOnly; SameSite=None; Secure; Path=/; Domain=npmjs.org
< CF-Ray: a44f654fc88bf474-TIA
< CF-Cache-Status: HIT
< Accept-Ranges: bytes
< Access-Control-Allow-Origin: *
< Age: 308810
< Cache-Control: public, immutable, max-age=31557600
< ETag: "6adc7fe86346fee338add2825a5dc48c"
< Last-Modified: Mon, 01 Dec 2025 20:49:45 GMT
< Server: cloudflare

    [24.33ms] Downloaded react-cosmos-core tarball
< 200 OK
< Date: Sat, 03 Oct 2026 22:31:12 GMT
< Content-Type: application/octet-stream
< Content-Length: 48638
< Connection: keep-alive
< set-cookie: __cf_bm=gduFVaVpQvF7zX3LId37XZcxNpMJ9kPwfBLfkKP7xcg-1791066672.6083014-1.0.1.1-9Cli6B3b5L89yn.G2rZKg3UpXFkVWY4cEaPosm1mzq6langSk.D55mtGUyz3.UiydZkDPgMIP82uxwEd_ZhvE7scvv_HpBC2DJ81bE3Sx2cWaAne.3.rsjW6mgC78A9X; HttpOnly; SameSite=None; Secure; Path=/; Domain=npmjs.org; Expires=Sat, 03 Oct 2026 23:01:12 GMT
< set-cookie: _cfuvid=RKf3LIuaRQCJA8z0CsRR0aboXcVw1_QTYQOtlo2I53s-1791066672.6083014-1.0.1.1-BY0TqMU2W9lPTqXg7o9d5qypiWBedwAJH2aS1E6SHkQ; HttpOnly; SameSite=None; Secure; Path=/; Domain=npmjs.org
< CF-Ray: a44f654fcdd49b00-TIA
< CF-Cache-Status: HIT
< Accept-Ranges: bytes
< Access-Control-Allow-Origin: *
< Age: 2280448
< Cache-Control: public, immutable, max-age=31557600
< ETag: "7965eaa1e5349f9f486f088fc8d0e220"
< Last-Modified: Sun, 26 Jul 2026 04:07:50 GMT
< Server: cloudflare

[PackageManager] waiting for 61 tasks
    [225.50ms] Downloaded http-proxy-middleware tarball
< 200 OK
< Date: Sat, 03 Oct 2026 22:31:12 GMT
< Content-Type: application/octet-stream
< Content-Length: 8477
< Connection: keep-alive
< set-cookie: __cf_bm=LjFKGA95n.jTUHobakzzgJBbt6vkE6Z01a4Ifki_7tg-1791066672.6093748-1.0.1.1-9DDlGvsANEQypuPuvPu7bGLVdnSwGa390PKkTYIKMIEdyCWWVbXOQarboYNEqu6BrT22.U6yeE3E6EEelgjf7ZibJcTeg0nn8zfxLnZYZSYPSLCR3tYqmJjVHcIjLkfc; HttpOnly; SameSite=None; Secure; Path=/; Domain=npmjs.org; Expires=Sat, 03 Oct 2026 23:01:12 GMT
< set-cookie: _cfuvid=a5O3O0xkGDa3QJ7F6QjAbvHkwE6DhDmruiblxLX5Ukg-1791066672.6093748-1.0.1.1-_ouDQOFc9VqLMYF2nOYwUDIfEZxbaAJEhOzS5OhOl7A; HttpOnly; SameSite=None; Secure; Path=/; Domain=npmjs.org
< CF-Ray: a44f654fcb3d5f50-TIA
< CF-Cache-Status: HIT
< Accept-Ranges: bytes
< Access-Control-Allow-Origin: *
< Age: 507809
< Cache-Control: public, immutable, max-age=31557600
< ETag: "40abe730c82d93f06ee3b7dfd25039cf"
< Last-Modified: Mon, 27 Jul 2026 09:56:47 GMT
< Server: cloudflare

[PackageManager] waiting for 61 tasks
    [24.44ms] Downloaded js-base64 tarball
 license
 index.js
 package.json
 readme.md
 index.d.ts
[wrap-ansi] Extract .1cff37a6f9f4cebd-00000007.wrap-ansi (decompressed 4.32 KB tgz file in 26.833us)
[wrap-ansi] Extracted to .1cff37a6f9f4cebd-00000007.wrap-ansi (2.06ms)
 LICENSE
 index.js
 package.json
 README.md
 index.d.ts
[readdirp] Extract .1adf67bffc76b8fa-00000008.readdirp (decompressed 9.1 KB tgz file in 45.833us)
[readdirp] Extracted to .1adf67bffc76b8fa-00000008.readdirp (2.323ms)
[PackageManager] waiting for 61 tasks
 LICENSE
 index.js
 package.json
 HISTORY.md
 README.md
> HTTP/1.1 GET https://registry.npmjs.org/os-tmpdir
> If-None-Match: W/"0ba82ea017a1210141bcb9487ba274cd"
> Accept: application/vnd.npm.install-v1+json; q=1.0, application/json; q=0.8, */*
> Connection: keep-alive
> User-Agent: Bun/1.3.9
> Host: registry.npmjs.org
> Accept-Encoding: gzip, deflate, br, zstd

 license
 index.js
 package.json
 readme.md
 index.d.ts
[accepts] Extract .bafbefffb77dbfb3-0000000C.accepts (decompressed 5.46 KB tgz file in 45.125us)
[accepts] Extracted to .bafbefffb77dbfb3-0000000C.accepts (2.378ms)
[PackageManager] waiting for 60 tasks
> HTTP/1.1 GET https://registry.npmjs.org/default-browser
> If-None-Match: W/"c3d0f6d36da81b956b45e803dc884e4b"
> Accept: application/vnd.npm.install-v1+json; q=1.0, application/json; q=0.8, */*
> Connection: keep-alive
> User-Agent: Bun/1.3.9
> Host: registry.npmjs.org
> Accept-Encoding: gzip, deflate, br, zstd

> HTTP/1.1 GET https://registry.npmjs.org/define-lazy-prop
> If-None-Match: W/"44a29df324f652387c4dff8bfc563cfb"
> Accept: application/vnd.npm.install-v1+json; q=1.0, application/json; q=0.8, */*
> Connection: keep-alive
> User-Agent: Bun/1.3.9
> Host: registry.npmjs.org
> Accept-Encoding: gzip, deflate, br, zstd

> HTTP/1.1 GET https://registry.npmjs.org/get-east-asian-width
> If-None-Match: W/"55ce6edc2d1ade1944f69b4a683a963d"
> Accept: application/vnd.npm.install-v1+json; q=1.0, application/json; q=0.8, */*
> Connection: keep-alive
> User-Agent: Bun/1.3.9
> Host: registry.npmjs.org
> Accept-Encoding: gzip, deflate, br, zstd

 license
 xdg-open
 index.js
 package.json
 readme.md
 index.d.ts
[open] Extract .badb35e77b7ff9ae-0000000B.open (decompressed 16.32 KB tgz file in 71.042us)
[open] Extracted to .badb35e77b7ff9ae-0000000B.open (3.357ms)
[string-width] Extract .fcdfe7f6fdfffd4b-00000009.string-width (decompressed 4.51 KB tgz file in 33.792us)
[string-width] Extracted to .fcdfe7f6fdfffd4b-00000009.string-width (3.192ms)
 base64.js
 package.json
 LICENSE.md
 README.md
 base64.mjs
 base64.d.mts
 base64.d.ts
[js-base64] Extract .dcdb37a7748f3bde-0000000F.js-base64 (decompressed 8.48 KB tgz file in 119.958us)
[js-base64] Extracted to .dcdb37a7748f3bde-0000000F.js-base64 (2.714ms)
[PackageManager] waiting for 59 tasks
    [229.63ms] Downloaded express tarball
[PackageManager] waiting for 58 tasks
 build/lib/index.js
 package.json
 CHANGELOG.md
 README.md
 index.mjs
 build/tsconfig.tsbuildinfo
 LICENSE.txt
[cliui] Extract .3efbf7fe73fffff6-0000000A.cliui (decompressed 19.18 KB tgz file in 124.916us)
[cliui] Extracted to .3efbf7fe73fffff6-0000000A.cliui (4.365ms)
[PackageManager] waiting for 58 tasks
 LICENSE
 handler.js
 index.js
 package.json
 README.md
 handler.d.ts
 index.d.ts
[chokidar] Extract .9bdbf7a7f69ededa-00000011.chokidar (decompressed 23.40 KB tgz file in 346.083us)
[chokidar] Extracted to .9bdbf7a7f69ededa-00000011.chokidar (2.953ms)
[PackageManager] waiting for 57 tasks
[PackageManager] waiting for 54 tasks
[PackageManager] waiting for 54 tasks
 browser.js
 build/lib/index.js
 build/lib/string-utils.js
 build/lib/tokenize-arg-string.js
 build/lib/yargs-parser-types.js
 build/lib/yargs-parser.js
 package.json
 CHANGELOG.md
 README.md
 LICENSE.txt
[yargs-parser] Extract .5dff2fa7b0e70afd-00000010.yargs-parser (decompressed 21.74 KB tgz file in 122.25us)
[yargs-parser] Extracted to .5dff2fa7b0e70afd-00000010.yargs-parser (5.328ms)
[PackageManager] waiting for 53 tasks
 LICENSE
 lib/application.js
 lib/express.js
 index.js
 lib/request.js
 lib/response.js
 lib/utils.js
 lib/view.js
 package.json
 Readme.md
[express] Extract .79fb27b774c3fab1-00000012.express (decompressed 22.56 KB tgz file in 197.208us)
[express] Extracted to .79fb27b774c3fab1-00000012.express (2.716ms)
[PackageManager] waiting for 52 tasks
 LICENSE
 dist/configuration.js
 dist/legacy/create-proxy-middleware.js
 dist/plugins/default/debug-proxy-errors-plugin.js
 dist/debug.js
 dist/plugins/default/error-response-plugin.js
 dist/errors.js
 dist/factory.js
 dist/handlers/fix-request-body.js
 dist/utils/function.js
 dist/get-plugins.js
 dist/http-proxy-middleware.js
 dist/handlers/index.js
 dist/index.js
 dist/legacy/index.js
 dist/plugins/default/index.js
 dist/plugins/default/logger-plugin.js
 dist/utils/logger-plugin.js
 dist/logger.js
 dist/legacy/options-adapter.js
 dist/path-filter.js
 dist/path-rewriter.js
 dist/plugins/default/proxy-events.js
 dist/handlers/public.js
 dist/legacy/public.js
 dist/handlers/response-interceptor.js
 dist/router.js
 dist/utils/sanitize.js
 dist/status-code.js
 dist/handlers/fix-request-body-utils/stringify-form-data.js
 dist/legacy/types.js
 dist/types.js
 package.json
 README.md
 dist/configuration.d.ts
 dist/legacy/create-proxy-middleware.d.ts
 dist/plugins/default/debug-proxy-errors-plugin.d.ts
 dist/debug.d.ts
 dist/plugins/default/error-response-plugin.d.ts
 dist/errors.d.ts
 dist/factory.d.ts
 dist/handlers/fix-request-body.d.ts
 dist/utils/function.d.ts
 dist/get-plugins.d.ts
 dist/http-proxy-middleware.d.ts
 dist/handlers/index.d.ts
 dist/index.d.ts
 dist/legacy/index.d.ts
 dist/plugins/default/index.d.ts
 dist/plugins/default/logger-plugin.d.ts
 dist/utils/logger-plugin.d.ts
 dist/logger.d.ts
 dist/legacy/options-adapter.d.ts
 dist/path-filter.d.ts
 dist/path-rewriter.d.ts
 dist/plugins/default/proxy-events.d.ts
 dist/handlers/public.d.ts
 dist/legacy/public.d.ts
 dist/handlers/response-interceptor.d.ts
 dist/router.d.ts
 dist/utils/sanitize.d.ts
 dist/status-code.d.ts
 dist/handlers/fix-request-body-utils/stringify-form-data.d.ts
 dist/legacy/types.d.ts
 dist/types.d.ts
[http-proxy-middleware] Extract .1ddb65b6b8f3fddc-0000000E.http-proxy-middleware (decompressed 25.26 KB tgz file in 726.541us)
[http-proxy-middleware] Extracted to .1ddb65b6b8f3fddc-0000000E.http-proxy-middleware (11.396ms)
[PackageManager] waiting for 51 tasks
< 200 OK
< Date: Sat, 03 Oct 2026 22:31:12 GMT
< Content-Type: application/octet-stream
< Content-Length: 4443
< Connection: keep-alive
< set-cookie: __cf_bm=9hQHIZpY4g6MPmuz.4o40wSeAsPPRu1wPQMRGOlXbVA-1791066672.6207166-1.0.1.1-1t05x0Be_YdotXLeRWUci1yuK2e5xfH_cVEaE8r1_D5GClchxqxQS3blKmRkOYh.GyDFcf6En3fEzbvTDRQe6et5spwn.fSGi9pkkPDTSRR_FxnC3qYr_56dRPGx_2Z3; HttpOnly; SameSite=None; Secure; Path=/; Domain=npmjs.org; Expires=Sat, 03 Oct 2026 23:01:12 GMT
< set-cookie: _cfuvid=2VP4rZGKmbPY92jFMRvxCl5F.DpL4_0skgmL6PtDM_A-1791066672.6207166-1.0.1.1-pmcfJkEg5EFLuAwQhudBvV8VsTQgNc.q1UxZGpLAcbg; HttpOnly; SameSite=None; Secure; Path=/; Domain=npmjs.org
< CF-Ray: a44f654febc87c08-TIA
< CF-Cache-Status: HIT
< Accept-Ranges: bytes
< Access-Control-Allow-Origin: *
< Age: 1195000
< Cache-Control: public, immutable, max-age=31557600
< ETag: "54e7cbf99b1a1ea7223e7704c91412b8"
< Last-Modified: Mon, 17 Aug 2026 19:16:22 GMT
< Server: cloudflare

[PackageManager] waiting for 50 tasks
    [36.30ms] Downloaded react-cosmos-dom tarball
< 200 OK
< Date: Sat, 03 Oct 2026 22:31:12 GMT
< Content-Type: application/octet-stream
< Content-Length: 35016
< Connection: keep-alive
< set-cookie: __cf_bm=.chCxSMHJ4KrVjBur57a9vwx1p6_5xwMI8B8Au9bGGs-1791066672.62088-1.0.1.1-IdFYY41.pKGMyiY4iMy2nDJrXtndwFxJ1cqrd13xquKx0Cus0clYf12.JUCle27VVaCDHUz5fMkRSK4OUCXOV2Yl__9iKwrO2RZJslZCGt36ji2SkLAZf1zDJ0jKNjrz; HttpOnly; SameSite=None; Secure; Path=/; Domain=npmjs.org; Expires=Sat, 03 Oct 2026 23:01:12 GMT
< set-cookie: _cfuvid=t41JVUEe3n3hQtqfPMXpyVGB2QVzElcxcMwRf3Tndmk-1791066672.62088-1.0.1.1-EP5pP9alNAS8DUvzk7RmXyYe9oKeyKU3y5vQCGCIVtQ; HttpOnly; SameSite=None; Secure; Path=/; Domain=npmjs.org
< CF-Ray: a44f654febae793f-TIA
< CF-Cache-Status: HIT
< Accept-Ranges: bytes
< Access-Control-Allow-Origin: *
< Age: 304509
< Cache-Control: public, immutable, max-age=31557600
< ETag: "7a7becd625206efb7489f5d9a051408d"
< Last-Modified: Fri, 07 Aug 2026 14:10:27 GMT
< Server: cloudflare

[PackageManager] waiting for 50 tasks
    [244.19ms] Downloaded yargs tarball
 LICENSE
 dist/utils/react/areNodesEqual.js
 dist/utils/array.js
 dist/fixtureState/classState.js
 dist/fixtureState/classStateTypes.js
 dist/fixtureTree/createFixtureTree/collapseFixtureDirs.js
 dist/fixtureTree/createFixtureTree/collapseIndexes.js
 dist/fixtureTree/createFixtureTree/collapseNamedIndexes.js
 dist/fixtureTree/createFixtureTree/collapseOuterDirs.js
 dist/plugin/cosmosPluginConfig.js
 dist/fixtureTree/createFixtureTree/createRawFixtureTree.js
 dist/fixtureState/createValues.js
 dist/utils/data.js
 dist/utils/react/DelayRender.js
 dist/fixtureState/extendWithValues.js
 dist/fixtureState/fixtureState.js
 dist/userModules/fixtureTypes.js
 dist/fixtureTree/fixtureUtils.js
 dist/fixtureTree/flattenFixtureTree.js
 dist/utils/react/getComponentName.js
 dist/userModules/getFixtureFromExport.js
 dist/userModules/getFixtureList.js
 dist/userModules/getSortedDecoratorsForFixturePath.js
 dist/fixtureTree/createFixtureTree/hideFixtureSuffix.js
 dist/fixtureTree/createFixtureTree/index.js
 dist/index.js
 dist/fixtureState/inputsTypes.js
 dist/utils/isEqual.js
 dist/userModules/isMultiFixture.js
 dist/utils/react/isReactElement.js
 dist/utils/keys.js
 dist/utils/mapValues.js
 dist/playground/notifications.js
 dist/utils/pathUtils.js
 dist/playground/playgroundParams.js
 dist/playground/playgroundQueryString.js
 dist/fixtureState/props.js
 dist/fixtureState/propsTypes.js
 dist/utils/queryString.js
 dist/playground/registerPlaygroundShortcuts.js
 dist/renderer/rendererConfig.js
 dist/renderer/rendererConnect.js
 dist/renderer/rendererQueryString.js
 dist/renderer/rendererUrl.js
 dist/utils/serializable.js
 dist/message/serverMessage.js
 dist/server/serverTypes.js
 dist/message/socketMessage.js
 dist/utils/state.js
 dist/utils/string.js
 dist/userModules/stringifyFixtureId.js
 dist/utils/tree.js
 dist/fixtureState/types.js
 dist/fixtureTree/types.js
 dist/userModules/userModuleTypes.js
 dist/utils/uuid.js
 dist/fixtureState/viewport.js
 dist/utils/window.js
 package.json
 dist/utils/react/areNodesEqual.d.ts
 dist/utils/array.d.ts
 dist/fixtureState/classState.d.ts
 dist/fixtureState/classStateTypes.d.ts
 dist/fixtureTree/createFixtureTree/collapseFixtureDirs.d.ts
 dist/fixtureTree/createFixtureTree/collapseIndexes.d.ts
 dist/fixtureTree/createFixtureTree/collapseNamedIndexes.d.ts
 dist/fixtureTree/createFixtureTree/collapseOuterDirs.d.ts
 dist/plugin/cosmosPluginConfig.d.ts
 dist/fixtureTree/createFixtureTree/createRawFixtureTree.d.ts
 dist/fixtureState/createValues.d.ts
 dist/utils/data.d.ts
 dist/utils/react/DelayRender.d.ts
 dist/fixtureState/extendWithValues.d.ts
 dist/fixtureState/fixtureState.d.ts
 dist/userModules/fixtureTypes.d.ts
 dist/fixtureTree/fixtureUtils.d.ts
 dist/fixtureTree/flattenFixtureTree.d.ts
 dist/utils/react/getComponentName.d.ts
 dist/userModules/getFixtureFromExport.d.ts
 dist/userModules/getFixtureList.d.ts
 dist/userModules/getSortedDecoratorsForFixturePath.d.ts
 dist/fixtureTree/createFixtureTree/hideFixtureSuffix.d.ts
 dist/fixtureTree/createFixtureTree/index.d.ts
 dist/index.d.ts
 dist/fixtureState/inputsTypes.d.ts
 dist/utils/isEqual.d.ts
 dist/userModules/isMultiFixture.d.ts
 dist/utils/react/isReactElement.d.ts
 dist/utils/keys.d.ts
 dist/utils/mapValues.d.ts
 dist/playground/notifications.d.ts
 dist/utils/pathUtils.d.ts
 dist/playground/playgroundParams.d.ts
 dist/playground/playgroundQueryString.d.ts
 dist/fixtureState/props.d.ts
 dist/fixtureState/propsTypes.d.ts
 dist/utils/queryString.d.ts
 dist/playground/registerPlaygroundShortcuts.d.ts
 dist/renderer/rendererConfig.d.ts
 dist/renderer/rendererConnect.d.ts
 dist/renderer/rendererQueryString.d.ts
 dist/renderer/rendererUrl.d.ts
 dist/utils/serializable.d.ts
 dist/message/serverMessage.d.ts
 dist/server/serverTypes.d.ts
 dist/message/socketMessage.d.ts
 dist/utils/state.d.ts
 dist/utils/string.d.ts
 dist/userModules/stringifyFixtureId.d.ts
 dist/utils/tree.d.ts
 dist/fixtureState/types.d.ts
 dist/fixtureTree/types.d.ts
 dist/userModules/userModuleTypes.d.ts
 dist/utils/uuid.d.ts
 dist/fixtureState/viewport.d.ts
 dist/utils/window.d.ts
[react-cosmos-core] Extract .1fff2fb6797edf60-0000000D.react-cosmos-core (decompressed 17.78 KB tgz file in 114.791us)
[react-cosmos-core] Extracted to .1fff2fb6797edf60-0000000D.react-cosmos-core (19.515ms)
 LICENSE
 dist/DomFixtureLoader.js
 dist/DomRendererConfig.js
 dist/DomRendererProvider.js
 dist/ErrorCatch.js
 dist/getDomContainer.js
 dist/GlobalErrorHandler.js
 dist/index.js
 dist/mountDomRenderer.js
 dist/reloadDomRenderer.js
 dist/useDomRendererConnect.js
 dist/useDomRendererId.js
 package.json
 dist/DomFixtureLoader.d.ts
 dist/DomRendererConfig.d.ts
 dist/DomRendererProvider.d.ts
 dist/ErrorCatch.d.ts
 dist/getDomContainer.d.ts
 dist/GlobalErrorHandler.d.ts
 dist/index.d.ts
 dist/mountDomRenderer.d.ts
 dist/reloadDomRenderer.d.ts
 dist/useDomRendererConnect.d.ts
 dist/useDomRendererId.d.ts
[react-cosmos-dom] Extract .9edfbfe73f7b7ff2-00000013.react-cosmos-dom (decompressed 4.44 KB tgz file in 52.583us)
[react-cosmos-dom] Extracted to .9edfbfe73f7b7ff2-00000013.react-cosmos-dom (3.383ms)
[PackageManager] waiting for 50 tasks
[PackageManager] waiting for 49 tasks
< 200 OK
< Date: Sat, 03 Oct 2026 22:31:12 GMT
< Content-Type: application/octet-stream
< Content-Length: 56234
< Connection: keep-alive
< set-cookie: __cf_bm=hYCcaUDi62CFCG08uzuNU4PrXw8XA00ig7WNYNsz7m0-1791066672.6211905-1.0.1.1-UPV0ZUh3M4bc8lgm6RS4kuL4PjvlIuaJTO4i.qatw21E74BG4hfdnrf5hBC6S8KSJ7MBKt5wS0XXcuxXjQgU0rBWL9bhRvzZCauv0YRaLh0etk12WYzrRjnhBFajnpsg; HttpOnly; SameSite=None; Secure; Path=/; Domain=npmjs.org; Expires=Sat, 03 Oct 2026 23:01:12 GMT
< set-cookie: _cfuvid=WwDCbTL0KDXTwSOwgeOZGRyVVZT4EWdjMlZDwQkKU9U-1791066672.6211905-1.0.1.1-Zx.7zN9SjUcO5vHfzvtsusfz925IyxBhYjXr7Pr7tiY; HttpOnly; SameSite=None; Secure; Path=/; Domain=npmjs.org
< CF-Ray: a44f654febcc7c08-TIA
< CF-Cache-Status: HIT
< Accept-Ranges: bytes
< Access-Control-Allow-Origin: *
< Age: 2126400
< Cache-Control: public, immutable, max-age=31557600
< ETag: "b53fed1d3dc456e5fd606ce0bfc57e35"
< Last-Modified: Sun, 19 Apr 2026 20:16:18 GMT
< Server: cloudflare

[PackageManager] waiting for 48 tasks
    [47.64ms] Downloaded parse5 tarball
    [253.46ms] Downloaded ws tarball
> HTTP/1.1 GET https://codeload.github.com/tscircuit/ti/legacy.tar.gz/57e314be4b2b06bc546d4def7453e619604d1157
> Connection: keep-alive
> User-Agent: Bun/1.3.9
> Accept: */*
> Host: codeload.github.com
> Accept-Encoding: gzip, deflate, br, zstd

 LICENSE
 build/lib/utils/apply-extends.js
 build/lib/argsert.js
 build/lib/command.js
 build/lib/typings/common-types.js
 build/lib/completion-templates.js
 build/lib/completion.js
 build/lib/utils/is-promise.js
 build/lib/utils/levenshtein.js
 build/lib/utils/maybe-async-result.js
 build/lib/middleware.js
 build/lib/utils/obj-filter.js
 build/lib/parse-command.js
 build/lib/utils/process-argv.js
 build/lib/utils/set-blocking.js
 build/lib/usage.js
 build/lib/validation.js
 build/lib/utils/which-module.js
 build/lib/yargs-factory.js
 build/lib/typings/yargs-parser-types.js
 build/lib/yerror.js
 locales/be.json
 locales/cs.json
 locales/de.json
 locales/en.json
 locales/es.json
 locales/fi.json
 locales/fr.json
 locales/he.json
 locales/hi.json
 locales/hu.json
 locales/id.json
 locales/it.json
 locales/ja.json
 locales/ka.json
 locales/ko.json
 locales/nb.json
 locales/nl.json
 locales/nn.json
 helpers/package.json
 package.json
 locales/pirate.json
 locales/pl.json
 locales/pt_BR.json
 locales/pt.json
 locales/ru.json
 locales/th.json
 locales/tr.json
 locales/uk_UA.json
 locales/uz.json
 locales/zh_CN.json
 locales/zh_TW.json
 README.md
 browser.mjs
 lib/platform-shims/browser.mjs
 lib/platform-shims/esm.mjs
 helpers/helpers.mjs
 index.mjs
 browser.d.ts
[yargs] Extract .dcfba7a7b1fefbb9-00000014.yargs (decompressed 48.64 KB tgz file in 283.541us)
[yargs] Extracted to .dcfba7a7b1fefbb9-00000014.yargs (10.816ms)
[PackageManager] waiting for 48 tasks
> HTTP/1.1 GET https://codeload.github.com/tscircuit/bga-fanout-solver/legacy.tar.gz/247c835cb8d69b65e53891dcf869731079415b39
> Connection: keep-alive
> User-Agent: Bun/1.3.9
> Accept: */*
> Host: codeload.github.com
> Accept-Encoding: gzip, deflate, br, zstd

 LICENSE
 browser.js
 lib/buffer-util.js
 lib/constants.js
 lib/event-target.js
 lib/extension.js
 index.js
 lib/limiter.js
 lib/permessage-deflate.js
 lib/receiver.js
 lib/sender.js
 lib/stream.js
 lib/subprotocol.js
 lib/validation.js
 lib/websocket-server.js
 lib/websocket.js
 package.json
 README.md
 wrapper.mjs
[ws] Extract .badb35f73377b698-00000015.ws (decompressed 35.0 KB tgz file in 221.375us)
[ws] Extracted to .badb35f73377b698-00000015.ws (6.161ms)
[PackageManager] waiting for 47 tasks
 LICENSE
 dist/tree-adapters/default.js
 dist/common/doctype.js
 dist/common/error-codes.js
 dist/common/foreign-content.js
 dist/parser/formatting-element-list.js
 dist/common/html.js
 dist/index.js
 dist/parser/index.js
 dist/serializer/index.js
 dist/tokenizer/index.js
 dist/tree-adapters/interface.js
 dist/parser/open-element-stack.js
 dist/tokenizer/preprocessor.js
 dist/common/token.js
 dist/common/unicode.js
 package.json
 README.md
 dist/tree-adapters/default.d.ts
 dist/common/doctype.d.ts
 dist/common/error-codes.d.ts
 dist/common/foreign-content.d.ts
 dist/parser/formatting-element-list.d.ts
 dist/common/html.d.ts
 dist/index.d.ts
 dist/parser/index.d.ts
 dist/serializer/index.d.ts
 dist/tokenizer/index.d.ts
 dist/tree-adapters/interface.d.ts
 dist/parser/open-element-stack.d.ts
 dist/tokenizer/preprocessor.d.ts
 dist/common/token.d.ts
 dist/common/unicode.d.ts
[parse5] Extract .5affe7eff63dffbd-00000016.parse5 (decompressed 56.23 KB tgz file in 311.125us)
[parse5] Extracted to .5affe7eff63dffbd-00000016.parse5 (7.224ms)
[PackageManager] waiting for 46 tasks
< 200 OK
< Date: Sat, 03 Oct 2026 22:31:12 GMT
< Content-Type: application/octet-stream
< Content-Length: 3417175
< Connection: keep-alive
< set-cookie: __cf_bm=gBCaToGNUn5huYQHcPiYP4rKWGSuiv4MmOW6giTwujg-1791066672.1832764-1.0.1.1-lKecPyOn201130.4ekVvQwq9wKoC9dQ8FfHjewSh9pM0aYEfNQy0g_zH2yV.OghlFUGA6wko3W8htbh5lye0DSPNG48fVelv6MX09e0YbIVzRwbhL1R6W0Y15D.JzMDB; HttpOnly; SameSite=None; Secure; Path=/; Domain=npmjs.org; Expires=Sat, 03 Oct 2026 23:01:12 GMT
< set-cookie: _cfuvid=1QHxIbHHrXk3vyImoVvQQv5RFVS7Ic0fM51BIpS3qoE-1791066672.1832764-1.0.1.1-_jNutxmlSv_fwYJ2tzjvgmZ01_enFlDUzP3QNDt7uTA; HttpOnly; SameSite=None; Secure; Path=/; Domain=npmjs.org
< CF-Ray: a44f654d2ef1a5b3-TIA
< CF-Cache-Status: HIT
< Accept-Ranges: bytes
< Access-Control-Allow-Origin: *
< Cache-Control: public, must-revalidate, max-age=31557600
< ETag: "f792e528b3e9ff3ec0d98bc20154606d"
< Last-Modified: Wed, 23 Sep 2026 18:59:26 GMT
< Server: cloudflare

> HTTP/1.1 GET https://registry.npmjs.org/entities/-/entities-8.1.0.tgz
> Connection: keep-alive
> User-Agent: Bun/1.3.9
> Accept: */*
> Host: registry.npmjs.org
> Accept-Encoding: gzip, deflate, br, zstd

> HTTP/1.1 GET https://codeload.github.com/tscircuit/jlcpcb-manufacturing-specs/legacy.tar.gz/23260504fceffff2d64bf11720f74e974d1d9321
> Connection: keep-alive
> User-Agent: Bun/1.3.9
> Accept: */*
> Host: codeload.github.com
> Accept-Encoding: gzip, deflate, br, zstd

> HTTP/1.1 GET https://codeload.github.com/tscircuit/winding-breakout-point-solver/legacy.tar.gz/202dbe9eb0088633b6fa094120dba6f2f41f8803
> Connection: keep-alive
> User-Agent: Bun/1.3.9
> Accept: */*
> Host: codeload.github.com
> Accept-Encoding: gzip, deflate, br, zstd

> HTTP/1.1 GET https://codeload.github.com/tscircuit/pcb-trace-linter/legacy.tar.gz/4c035f9d40ffb03ba547a08975b5e64b20371123
> Connection: keep-alive
> User-Agent: Bun/1.3.9
> Accept: */*
> Host: codeload.github.com
> Accept-Encoding: gzip, deflate, br, zstd

> HTTP/1.1 GET https://codeload.github.com/tscircuit/via-stitch-solver/legacy.tar.gz/64f2ac7781b795bdc0d74ba411988e60767fa653
> Connection: keep-alive
> User-Agent: Bun/1.3.9
> Accept: */*
> Host: codeload.github.com
> Accept-Encoding: gzip, deflate, br, zstd

> HTTP/1.1 GET https://codeload.github.com/tscircuit/implicit-copper-pour-solver/legacy.tar.gz/a5cbbda0cd65fd4707c5c1af25779837c25aba92
> Connection: keep-alive
> User-Agent: Bun/1.3.9
> Accept: */*
> Host: codeload.github.com
> Accept-Encoding: gzip, deflate, br, zstd

[PackageManager] waiting for 45 tasks
    [308.55ms] Downloaded glob tarball
< 200 OK
< Date: Sat, 03 Oct 2026 22:31:12 GMT
< Content-Type: application/octet-stream
< Content-Length: 100412
< Connection: keep-alive
< set-cookie: __cf_bm=qXSEA8PRbN5RtqCd17XdSAexa9mCtVdFMyHaPcGy6fg-1791066672.6912358-1.0.1.1-blLIyEiKdPeguRphmgbwX7iiVIHye.bbaTl_D.8Pk8sE3xup1H3CHe1kQEqSy6Z5fpnAN7kR7xW1ESJ2nxjguhpPx.abHCYnzW4H0cODcKsXS1J1fYsEM4.1aRvEh0vx; HttpOnly; SameSite=None; Secure; Path=/; Domain=npmjs.org; Expires=Sat, 03 Oct 2026 23:01:12 GMT
< set-cookie: _cfuvid=arvu19A2rgzdivglW2ZEF65nd.7sJTxVciZxJIRj12Y-1791066672.6912358-1.0.1.1-IBlkQGIgetXe6kWAaF.VUWQSkgQk2seSIHcbdSh5JuM; HttpOnly; SameSite=None; Secure; Path=/; Domain=npmjs.org
< CF-Ray: a44f655058e4f474-TIA
< CF-Cache-Status: HIT
< Accept-Ranges: bytes
< Access-Control-Allow-Origin: *
< Age: 2245746
< Cache-Control: public, immutable, max-age=31557600
< ETag: "363da40af8359f98e65167d8de5aeaa5"
< Last-Modified: Mon, 07 Sep 2026 22:42:06 GMT
< Server: cloudflare

 dist/commonjs/glob.js
 dist/esm/glob.js
 dist/commonjs/has-magic.js
 dist/esm/has-magic.js
 dist/commonjs/ignore.js
 dist/esm/ignore.js
 dist/commonjs/index.js
 dist/esm/index.js
 dist/commonjs/index.min.js
 dist/esm/index.min.js
 dist/commonjs/pattern.js
 dist/esm/pattern.js
 dist/commonjs/processor.js
 dist/esm/processor.js
 dist/commonjs/walker.js
 dist/esm/walker.js
 dist/commonjs/package.json
 dist/esm/package.json
 package.json
 dist/commonjs/glob.d.ts.map
 dist/esm/glob.d.ts.map
 dist/commonjs/glob.js.map
 dist/esm/glob.js.map
 dist/commonjs/has-magic.d.ts.map
 dist/esm/has-magic.d.ts.map
 dist/commonjs/has-magic.js.map
 dist/esm/has-magic.js.map
 dist/commonjs/ignore.d.ts.map
 dist/esm/ignore.d.ts.map
 dist/commonjs/ignore.js.map
 dist/esm/ignore.js.map
 dist/commonjs/index.d.ts.map
 dist/esm/index.d.ts.map
 dist/commonjs/index.js.map
 dist/esm/index.js.map
 dist/commonjs/index.min.js.map
 dist/esm/index.min.js.map
 dist/commonjs/pattern.d.ts.map
 dist/esm/pattern.d.ts.map
 dist/commonjs/pattern.js.map
 dist/esm/pattern.js.map
 dist/commonjs/processor.d.ts.map
 dist/esm/processor.d.ts.map
 dist/commonjs/processor.js.map
 dist/esm/processor.js.map
 dist/commonjs/walker.d.ts.map
 dist/esm/walker.d.ts.map
 dist/commonjs/walker.js.map
 dist/esm/walker.js.map
 LICENSE.md
 README.md
 dist/commonjs/glob.d.ts
 dist/esm/glob.d.ts
 dist/commonjs/has-magic.d.ts
 dist/esm/has-magic.d.ts
 dist/commonjs/ignore.d.ts
 dist/esm/ignore.d.ts
 dist/commonjs/index.d.ts
 dist/esm/index.d.ts
 dist/commonjs/pattern.d.ts
 dist/esm/pattern.d.ts
 dist/commonjs/processor.d.ts
 dist/esm/processor.d.ts
 dist/commonjs/walker.d.ts
 dist/esm/walker.d.ts
[glob] Extract .7ddb3fbeb7f76d94-00000017.glob (decompressed 0.36 MB tgz file in 2.078ms)
[glob] Extracted to .7ddb3fbeb7f76d94-00000017.glob (15.077ms)
[PackageManager] waiting for 45 tasks
[PackageManager] waiting for 44 tasks
    [156.03ms] Downloaded entities tarball
 LICENSE
 dist/internal/bin-trie-flags.js
 dist/decode-codepoint.js
 dist/generated/decode-data-html.js
 dist/generated/decode-data-xml.js
 dist/internal/decode-shared.js
 dist/decode.js
 dist/generated/encode-html.js
 dist/encode.js
 dist/escape.js
 dist/index.js
 package.json
 dist/internal/bin-trie-flags.d.ts.map
 dist/internal/bin-trie-flags.js.map
 dist/decode-codepoint.d.ts.map
 dist/decode-codepoint.js.map
 dist/generated/decode-data-html.d.ts.map
 dist/generated/decode-data-html.js.map
 dist/generated/decode-data-xml.d.ts.map
 dist/generated/decode-data-xml.js.map
 dist/internal/decode-shared.d.ts.map
 dist/internal/decode-shared.js.map
 dist/decode.d.ts.map
 dist/decode.js.map
 dist/generated/encode-html.d.ts.map
 dist/generated/encode-html.js.map
 dist/encode.d.ts.map
 dist/encode.js.map
 dist/escape.d.ts.map
 dist/escape.js.map
 dist/index.d.ts.map
 dist/index.js.map
 readme.md
 dist/internal/bin-trie-flags.d.ts
 src/internal/bin-trie-flags.ts
 dist/decode-codepoint.d.ts
 src/decode-codepoint.ts
 dist/generated/decode-data-html.d.ts
 src/generated/decode-data-html.ts
 dist/generated/decode-data-xml.d.ts
 src/generated/decode-data-xml.ts
 dist/internal/decode-shared.d.ts
 src/internal/decode-shared.ts
 dist/decode.d.ts
 src/decode.ts
 dist/generated/encode-html.d.ts
 src/generated/encode-html.ts
 dist/encode.d.ts
 src/encode.ts
 dist/escape.d.ts
 src/escape.ts
 dist/index.d.ts
 src/index.ts
[entities] Extract .5cdba7ee3fe8fadc-00000018.entities (decompressed 100.41 KB tgz file in 378.625us)
[entities] Extracted to .5cdba7ee3fe8fadc-00000018.entities (6.765ms)
[PackageManager] waiting for 44 tasks
< 200 OK
< Date: Sat, 03 Oct 2026 22:31:12 GMT
< Content-Type: application/octet-stream
< Content-Length: 6076
< Connection: keep-alive
< set-cookie: __cf_bm=WNKgG9UpHCjSmLRku2M4KQS3H49kVk_hWC6LrYtF2Uk-1791066672.587888-1.0.1.1-ANXxKKv1wbOA6ZDOJDjj02gSYCvdXgnBxeC.5tzHo5llOA2bHwYb7LDtimvsfjPBf1sqgy7Z5F06yVfgjBRtvtn5hzGivJysnWB2KpM74a5aq9Dkpu4GxPOHvlyCh.r_; HttpOnly; SameSite=None; Secure; Path=/; Domain=npmjs.org; Expires=Sat, 03 Oct 2026 23:01:12 GMT
< set-cookie: _cfuvid=.4mzcLcgsypzGq9otvoUHa0Lx5007LWv5TW1wMt5j20-1791066672.587888-1.0.1.1-4iLDUjaXzkTa5Hqvzkv0DT9NP5huSz6BaOK17UozVS8; HttpOnly; SameSite=None; Secure; Path=/; Domain=npmjs.org
< CF-Ray: a44f654fab1d5f50-TIA
< CF-Cache-Status: HIT
< Accept-Ranges: bytes
< Access-Control-Allow-Origin: *
< Cache-Control: public, immutable, max-age=31557600
< ETag: "a730a00f4b5dedcd8c0a43279252d531"
< Last-Modified: Mon, 17 Aug 2026 19:16:24 GMT
< Server: cloudflare

[PackageManager] waiting for 43 tasks
    [431.73ms] Downloaded react-cosmos-plugin-vite tarball
 LICENSE
 dist/constants.js
 dist/createCosmosViteConfig.js
 dist/indexHtml/createIndexHtml.js
 dist/createViteRendererIndex.js
 dist/indexHtml/defaultMainScriptUrl.js
 dist/dom.js
 dom.js
 dist/indexHtml/ensureMainScriptUrl.js
 dist/indexHtml/findMainScriptUrl.js
 dist/indexHtml/getHtmlScriptUrls.js
 dist/reactCosmosViteRollupPlugin.js
 dist/viteConfigPlugin.js
 dist/viteDevServerPlugin.js
 dist/viteExportPlugin.js
 dist/viteServerPlugin.js
 cosmos.plugin.json
 package.json
 dist/constants.d.ts
 dist/createCosmosViteConfig.d.ts
 dist/indexHtml/createIndexHtml.d.ts
 dist/createViteRendererIndex.d.ts
 dist/indexHtml/defaultMainScriptUrl.d.ts
 dist/dom.d.ts
 dist/indexHtml/ensureMainScriptUrl.d.ts
 dist/indexHtml/findMainScriptUrl.d.ts
 dist/indexHtml/getHtmlScriptUrls.d.ts
 dist/reactCosmosViteRollupPlugin.d.ts
 dist/viteConfigPlugin.d.ts
 dist/viteDevServerPlugin.d.ts
 dist/viteExportPlugin.d.ts
 dist/viteServerPlugin.d.ts
[react-cosmos-plugin-vite] Extract .fddfefaf7ff7fbed-00000019.react-cosmos-plugin-vite (decompressed 6.1 KB tgz file in 65.583us)
[react-cosmos-plugin-vite] Extracted to .fddfefaf7ff7fbed-00000019.react-cosmos-plugin-vite (3.755ms)
[PackageManager] waiting for 43 tasks
< 304 Not Modified
< Date: Sat, 03 Oct 2026 22:31:12 GMT
< Connection: keep-alive
< set-cookie: __cf_bm=XPt6N5clA6kt6Sr3kbPfLcJRrirefcIxS80wtc3R4r4-1791066672.6042628-1.0.1.1-5i6nmN9osG.nFzQKFkBI_dzX3b14g5v7B5zTBCT3.4wlJIZCs45oJB_l6AspGLKcTBdpLPSu39pqFNR2sskS0zV.Qb4tvOyONki6iH5l_FehIFZEeVLxa4esD7yQnJu2; HttpOnly; SameSite=None; Secure; Path=/; Domain=npmjs.org; Expires=Sat, 03 Oct 2026 23:01:12 GMT
< set-cookie: _cfuvid=_LUA51UCH47NS08hUJ9hGV9ZGtVTgokkNPa8uE2KLog-1791066672.6042628-1.0.1.1-BdnbhRdqtEMUbq.lyr8HukDtnP79KdQrjflZpANeOrI; HttpOnly; SameSite=None; Secure; Path=/; Domain=npmjs.org
< CF-Ray: a44f654fcb8051a4-TIA
< CF-Cache-Status: HIT
< Access-Control-Allow-Origin: *
< Cache-Control: public, max-age=300
< ETag: "924f468023877492ac531981e91c37c4"
< Last-Modified: Thu, 20 Aug 2026 16:45:06 GMT
< Server: cloudflare

[PackageManager] waiting for 42 tasks
    [452.56ms]
Downloaded negotiator versions
   - "negotiator": "^1.0.0" - negotiator@1.1.0
> HTTP/1.1 GET https://registry.npmjs.org/negotiator/-/negotiator-1.1.0.tgz
> Connection: keep-alive
> User-Agent: Bun/1.3.9
> Accept: */*
> Host: registry.npmjs.org
> Accept-Encoding: gzip, deflate, br, zstd

< 304 Not Modified
< Date: Sat, 03 Oct 2026 22:31:12 GMT
< Connection: keep-alive
< set-cookie: __cf_bm=L612aW8xsBUKLB9178VcuV2PxPu2kaSfUrygz4.n4mA-1791066672.6083345-1.0.1.1-g9H0gpbRl3uVWigIYQfTglLtzS_IwMi5E76chl.yk9K5m1QjWsrWjKT1hLMtXfziW1ZuK8rVLb8cG4KDpWXyRVOA.ajdZhSnQPnEeAHVarMJnjzXWuZ4eJaBV1I0f5YP; HttpOnly; SameSite=None; Secure; Path=/; Domain=npmjs.org; Expires=Sat, 03 Oct 2026 23:01:12 GMT
< set-cookie: _cfuvid=RT.KeDrG1eDcgnzE8uTXqaTEonTaBqtzeyNIea5nRZ8-1791066672.6083345-1.0.1.1-2TxBOubyiaxBpSJ6X1e4mUu1ioHY_APHGv2D1hgMNps; HttpOnly; SameSite=None; Secure; Path=/; Domain=npmjs.org
< CF-Ray: a44f654fcdd59b00-TIA
< CF-Cache-Status: HIT
< Access-Control-Allow-Origin: *
< Cache-Control: public, max-age=300
< ETag: "bbecb2c0a3efee3afa4cf5e744583702"
< Last-Modified: Wed, 15 Feb 2023 06:50:50 GMT
< Server: cloudflare

[PackageManager] waiting for 42 tasks
    [462.44ms]
Downloaded is-inside-container versions
   - "is-inside-container": "^1.0.0" - is-inside-container@1.0.0
Enqueue package manifest for download: is-docker
> HTTP/1.1 GET https://registry.npmjs.org/is-docker
> If-None-Match: W/"ae59df794869e054a4c8d572e5d24b25"
> Accept: application/vnd.npm.install-v1+json; q=1.0, application/json; q=0.8, */*
> Connection: keep-alive
> User-Agent: Bun/1.3.9
> Host: registry.npmjs.org
> Accept-Encoding: gzip, deflate, br, zstd

< 200 OK
< Date: Sat, 03 Oct 2026 22:31:12 GMT
< Content-Type: application/vnd.npm.install-v1+json
< Transfer-Encoding: chunked
< Connection: keep-alive
< set-cookie: __cf_bm=iFt3VMP6ma0fiROiPnqCO690gKRL.DKf4BwNdssv7RM-1791066672.6082718-1.0.1.1-evOcHrSJLuzVAtJE4mb5cVDBXFKzksQh5BiVLvb9Yq3TjqHEiG0qNfbXhPjGiwkyJJXrddww2110KwoJb2ha4eNX.id7N.489iU61BWnABTOaO.jjv9r8CGQLuzfFl5S; HttpOnly; SameSite=None; Secure; Path=/; Domain=npmjs.org; Expires=Sat, 03 Oct 2026 23:01:12 GMT
< set-cookie: _cfuvid=DlVDb6RbraeoE1XsRbHPZsBCjxqZxHf_LnGTERoHgi8-1791066672.6082718-1.0.1.1-lwz_B_DAD5ZAE_Luw9nIeVyBv0wI7Od.qeJD79nuRpU; HttpOnly; SameSite=None; Secure; Path=/; Domain=npmjs.org
< CF-Ray: a44f654fcbb2bd99-TIA
< CF-Cache-Status: HIT
< ETag: W/"47c4b07ae17f0533fdbbc0f0e69c8cb4"
< Access-Control-Allow-Origin: *
< Cache-Control: public, max-age=300
< Last-Modified: Wed, 30 Sep 2026 04:38:29 GMT
< Server: cloudflare
< Vary: accept-encoding, accept
< Content-Encoding: br

[PackageManager] waiting for 42 tasks
< 200 OK
< Date: Sat, 03 Oct 2026 22:31:12 GMT
< Content-Type: application/octet-stream
< Content-Length: 30633
< Connection: keep-alive
< set-cookie: __cf_bm=FJMhSZXYJfnf1X2vF1F7oEiUYEFGzYThlFNwVco99ak-1791066672.608538-1.0.1.1-_FFfCmcCpn4jAMwXI.Xelck9BPZvUUGic0lj4YngsnPFlchsQ5wrta8iwpiZncEAwl6Hodh5kO9iSgPGJMyWEdcr1052Yl9qovCtR0HI5I6Q_ibpDH.08SmD7YygGfed; HttpOnly; SameSite=None; Secure; Path=/; Domain=npmjs.org; Expires=Sat, 03 Oct 2026 23:01:12 GMT
< set-cookie: _cfuvid=5sQN9QzFHTMaDEUJK4Ss3tJDEPYKUyStz5lduvtKgmY-1791066672.608538-1.0.1.1-tXrLJbLXCRwhzWmFVEEN9Cy8I.jlfO7MHEWLnoKZP1Q; HttpOnly; SameSite=None; Secure; Path=/; Domain=npmjs.org
< CF-Ray: a44f654fcbb87c08-TIA
< CF-Cache-Status: HIT
< Accept-Ranges: bytes
< Access-Control-Allow-Origin: *
< Cache-Control: public, immutable, max-age=31557600
< ETag: "789210ec026fee2077338e5e833e4bfb"
< Last-Modified: Mon, 31 Aug 2026 20:01:57 GMT
< Server: cloudflare

    [471.34ms]
Downloaded wsl-utils versions
[PackageManager] waiting for 42 tasks
   - "wsl-utils": "^0.3.0" - wsl-utils@0.3.1
   - "is-wsl": "^3.1.0" - is-wsl@3.1.1
> HTTP/1.1 GET https://registry.npmjs.org/wsl-utils/-/wsl-utils-0.3.1.tgz
> Connection: keep-alive
> User-Agent: Bun/1.3.9
> Accept: */*
> Host: registry.npmjs.org
> Accept-Encoding: gzip, deflate, br, zstd

< 304 Not Modified
< Date: Sat, 03 Oct 2026 22:31:12 GMT
< Connection: keep-alive
< set-cookie: __cf_bm=nBi8unVTHEkbCvLClxmUaPT8xI6E4HFk.r.ss1LyaX8-1791066672.6208591-1.0.1.1-6Z5MwX83gt_R8PLrsKBpv8_r_FKAgkfeJqHCRUnHS4unajJ9Fm3QnSwDiIPJX5pSsyEZhJFybbYdGqF_P4JfQqf5ONXdG1ObWeyaJHtOX8yplQW59aCm8hYC0U0bh9vk; HttpOnly; SameSite=None; Secure; Path=/; Domain=npmjs.org; Expires=Sat, 03 Oct 2026 23:01:12 GMT
< set-cookie: _cfuvid=dcpfn3rmdLG6J74.DhRVHwScxaLm7hCaoxGooHNly4g-1791066672.6208591-1.0.1.1-Z4hjMqWOURwwlwkKxbUOfKYknzvrVBsCaLGLd3fbcvw; HttpOnly; SameSite=None; Secure; Path=/; Domain=npmjs.org
< CF-Ray: a44f654febc47c08-TIA
< CF-Cache-Status: HIT
< Access-Control-Allow-Origin: *
< Cache-Control: public, max-age=300
< ETag: "94a7f72ee81f66f60f2e0c9d5d6600fb"
< Last-Modified: Thu, 13 Aug 2026 20:29:18 GMT
< Server: cloudflare

[PackageManager] waiting for 42 tasks
    [479.02ms]
Downloaded content-disposition versions
   - "content-disposition": "^1.0.0" - content-disposition@1.1.0
> HTTP/1.1 GET https://registry.npmjs.org/content-disposition/-/content-disposition-1.1.0.tgz
> Connection: keep-alive
> User-Agent: Bun/1.3.9
> Accept: */*
> Host: registry.npmjs.org
> Accept-Encoding: gzip, deflate, br, zstd

[PackageManager] waiting for 42 tasks
< 304 Not Modified
< Date: Sat, 03 Oct 2026 22:31:12 GMT
< Connection: keep-alive
< set-cookie: __cf_bm=97eFka2MIykpfAfYz0PKU83D.IxmsFzWyuGCwGtt0xc-1791066672.620716-1.0.1.1-HEcABMZt.wvg6wnbp9kQFhrCdRK1f2S3TOnvVLGE3NThZ.ov05WIOm6ZZs2diIRuqvdxgTfTrNdcafg2zC8MZJMS_yC1aCmob1VlHOnwnpwJXjFt9tvawt3dbLv2.3NV; HttpOnly; SameSite=None; Secure; Path=/; Domain=npmjs.org; Expires=Sat, 03 Oct 2026 23:01:12 GMT
< set-cookie: _cfuvid=l9xGXd71uTkZXDWsBN9Gg1ZtDcbNg4cliEQvL2W9CpE-1791066672.620716-1.0.1.1-DNlehoHM5adXJ9_eLZVbJsLIon3vBio6.JOFOwXjSxI; HttpOnly; SameSite=None; Secure; Path=/; Domain=npmjs.org
< CF-Ray: a44f654feb9951a4-TIA
< CF-Cache-Status: HIT
< Access-Control-Allow-Origin: *
< Cache-Control: public, max-age=300
< ETag: "f07f7cdbc39078f0aa3cf27f2e4963a2"
< Last-Modified: Mon, 21 Sep 2026 23:32:10 GMT
< Server: cloudflare

    [481.87ms] Downloaded react-cosmos tarball
[PackageManager] waiting for 42 tasks
< 304 Not Modified
< Date: Sat, 03 Oct 2026 22:31:12 GMT
< Connection: keep-alive
< set-cookie: __cf_bm=xvhnF7vLPe_Jr4QVPrML6.T1wLlwL_OxpxaF1TFASeY-1791066672.6208403-1.0.1.1-CzkVHVtaqYm8RoESQOX3wEGD8CDiwzGd3l.JJL3VsUV1ImdidKXAHkic.B3lLa.yHgS14LTqHKs4hMnv_na8FIVF_CmJvhI.gm5vU5N9nkTpVB.QDsIxtC9DuNvhOJNS; HttpOnly; SameSite=None; Secure; Path=/; Domain=npmjs.org; Expires=Sat, 03 Oct 2026 23:01:12 GMT
< set-cookie: _cfuvid=y.oIJVTdRDugSn.YCebypbr1ngyB2pyVXZXXtz2rFm8-1791066672.6208403-1.0.1.1-jIgxjcbas1gp6vtrw3MeLFDpG2y8SULTWtN9x2QEFC0; HttpOnly; SameSite=None; Secure; Path=/; Domain=npmjs.org
< CF-Ray: a44f654febaf793f-TIA
< CF-Cache-Status: HIT
< Access-Control-Allow-Origin: *
< Cache-Control: public, max-age=300
< ETag: "8912b0f2f91bca593ac446a6515f659f"
< Last-Modified: Tue, 15 Sep 2026 06:12:47 GMT
< Server: cloudflare

    [481.99ms]
Downloaded type-is versions
< 304 Not Modified
< Date: Sat, 03 Oct 2026 22:31:12 GMT
< Connection: keep-alive
< set-cookie: __cf_bm=bk9Rz8MiDOZOa1ourfOPqz3wKRjNOYgiAlm1Sjg0Csg-1791066672.6208832-1.0.1.1-SYxonQFEtfTeT5g77.I0cuKpQuYAhqIrs2yBY7.EYtQum5NpmIku2xroBIRq06b3B9GiBYVUYLXVXhzrplsYcGlG1mHji6d7Y9jjulXEtmWJmOVZ9pL0zt7zama_eoJi; HttpOnly; SameSite=None; Secure; Path=/; Domain=npmjs.org; Expires=Sat, 03 Oct 2026 23:01:12 GMT
< set-cookie: _cfuvid=ebup5zO257F8ThXVsvHdLujjaigGZRkDDabwi3tzj0o-1791066672.6208832-1.0.1.1-6rHqcGxrry8leWM_lnpVI9ndZgP6AKOxHtJxcBVCx0M; HttpOnly; SameSite=None; Secure; Path=/; Domain=npmjs.org
< CF-Ray: a44f654fedec9b00-TIA
< CF-Cache-Status: HIT
< Access-Control-Allow-Origin: *
< Cache-Control: public, max-age=300
< ETag: "426d553134ac6e39968037c90d4b40ee"
< Last-Modified: Fri, 02 Oct 2026 14:58:25 GMT
< Server: cloudflare

< 304 Not Modified
< Date: Sat, 03 Oct 2026 22:31:12 GMT
< Connection: keep-alive
< set-cookie: __cf_bm=ym690YqtLaOUd8k53lkccyHp5bWqKDLNJp2MJJrdrp8-1791066672.620999-1.0.1.1-wp6ZE7EkuKL0DUk4_7gZmSDfeYiwx2dk5qR9JAkRiRddsDCF8Eje7nBIzxkRKC7KVzyZXmhZe9f.GP6NZ0WqFUPP62L1dR6IM7i7lTyhjAJvLhRncBbPU4IeB86bbZZv; HttpOnly; SameSite=None; Secure; Path=/; Domain=npmjs.org; Expires=Sat, 03 Oct 2026 23:01:12 GMT
< set-cookie: _cfuvid=orpelpd7Av4Sq7ROkaj7SbuyRw7NPLRS4rDhFbmf9Zw-1791066672.620999-1.0.1.1-kBdl_K3nKfqO46hCxCUyoiBx8NFu4T8eqouVLhXyXMI; HttpOnly; SameSite=None; Secure; Path=/; Domain=npmjs.org
< CF-Ray: a44f654febc77c08-TIA
< CF-Cache-Status: HIT
< Access-Control-Allow-Origin: *
< Cache-Control: public, max-age=300
< ETag: "5f8fcbdb5ecc9025e3ac559d87763f4a"
< Last-Modified: Sat, 29 Aug 2026 23:50:17 GMT
< Server: cloudflare

< 304 Not Modified
< Date: Sat, 03 Oct 2026 22:31:12 GMT
< Connection: keep-alive
< set-cookie: __cf_bm=Bv3_ru5Kd6qyLowkA8LHmmgXHgT0YE2s7QtWd8Z.1UM-1791066672.6208808-1.0.1.1-wC8D4vJ_.2jZ8e.rTZdlIiq9wILEs35IM0aFm6YiafPCW1P4__246JE04wI4aIYF.efI7YPhDYy_ixk_le5qHP34hQfjes15dqlCrov9aKdBkTirTYp5JY6Mz.icLdy.; HttpOnly; SameSite=None; Secure; Path=/; Domain=npmjs.org; Expires=Sat, 03 Oct 2026 23:01:12 GMT
< set-cookie: _cfuvid=wpca9CXdAGowHJ6ruuvuVfiNUJBlLF17PoRp6y0Jl9c-1791066672.6208808-1.0.1.1-rNTKD2QofegER8wu8xVAK9ESMVCz3MSO7vO13i7bzdQ; HttpOnly; SameSite=None; Secure; Path=/; Domain=npmjs.org
< CF-Ray: a44f654fedf09b00-TIA
< CF-Cache-Status: HIT
< Access-Control-Allow-Origin: *
< Cache-Control: public, max-age=300
< ETag: "9b7a10cb78d460ab148fceb33db91c96"
< Last-Modified: Tue, 30 Jun 2026 22:15:15 GMT
< Server: cloudflare

< 304 Not Modified
< Date: Sat, 03 Oct 2026 22:31:12 GMT
< Connection: keep-alive
< set-cookie: __cf_bm=gaVzEZtJSxmHyLfHTkpPUdyXhoc_r10uUaIoKihP6ZE-1791066672.6211412-1.0.1.1-MmkGIerfMbmxkR6pNOukmbGImL8desLkdz2V9BXZFbHch3y9Nz_LGHJgzIzXEBHm0o7TAnhmpI.nmfnH4ZfBNTpALqhkk5pLVLR5MqYgjSqJnMLBlMZec_qECeC3JjIt; HttpOnly; SameSite=None; Secure; Path=/; Domain=npmjs.org; Expires=Sat, 03 Oct 2026 23:01:12 GMT
< set-cookie: _cfuvid=zEGeZlVjZyTPRbGPpbOhSMEdcBGpBhYLxRaTZJ_UvOc-1791066672.6211412-1.0.1.1-z7lZ5yDg5vlhyfPZv5UvWr1rBimWIUuPsaMxeRRO5mI; HttpOnly; SameSite=None; Secure; Path=/; Domain=npmjs.org
< CF-Ray: a44f654feb515f50-TIA
< CF-Cache-Status: HIT
< Access-Control-Allow-Origin: *
< Cache-Control: public, max-age=300
< ETag: "9d8bf5eaed6fc61d165d2e277f006921"
< Last-Modified: Mon, 15 Dec 2025 19:17:33 GMT
< Server: cloudflare

< 304 Not Modified
< Date: Sat, 03 Oct 2026 22:31:12 GMT
< Connection: keep-alive
< set-cookie: __cf_bm=Gzm8eqIuPhU2ronOtgX2fo36s6ZbVAB6iulUTU8KDow-1791066672.6207707-1.0.1.1-2YjVcJwkekSJK_CO73DMeD2V89qoYIlKWBq8ko5MPhWoQkrl7gPtrZC891eSBwSTMrEzKh6ewHFQMbDgoIesFl9WWcf1_U3lqDLms3G2Ivfn0nj6sYR.RZ644nXKFHk6; HttpOnly; SameSite=None; Secure; Path=/; Domain=npmjs.org; Expires=Sat, 03 Oct 2026 23:01:12 GMT
< set-cookie: _cfuvid=2a2mxPfJKjJD8C5n3jjQjmBcXJTDwKq87frKIcea4VA-1791066672.6207707-1.0.1.1-EA52mR7mzdgsRY_.fQ6ibsJugE4Rm_lXIu0glsRHyR0; HttpOnly; SameSite=None; Secure; Path=/; Domain=npmjs.org
< CF-Ray: a44f654febc57c08-TIA
< CF-Cache-Status: HIT
< Access-Control-Allow-Origin: *
< Cache-Control: public, max-age=300
< ETag: "9f0b0c16ecd842e11fece6bf52282ce2"
< Last-Modified: Mon, 27 Jul 2026 19:00:11 GMT
< Server: cloudflare

   - "type-is": "^2.0.1" - type-is@2.1.0
Enqueue package manifest for download: media-typer
[PackageManager] waiting for 43 tasks
    [481.99ms]
Downloaded proxy-addr versions
> HTTP/1.1 GET https://registry.npmjs.org/media-typer
> If-None-Match: W/"e427dbb4d99aa65f8708b289fa2bf6c7"
> Accept: application/vnd.npm.install-v1+json; q=1.0, application/json; q=0.8, */*
> Connection: keep-alive
> User-Agent: Bun/1.3.9
> Host: registry.npmjs.org
> Accept-Encoding: gzip, deflate, br, zstd

> HTTP/1.1 GET https://registry.npmjs.org/type-is/-/type-is-2.1.0.tgz
> Connection: keep-alive
> User-Agent: Bun/1.3.9
> Accept: */*
> Host: registry.npmjs.org
> Accept-Encoding: gzip, deflate, br, zstd

< 304 Not Modified
< Date: Sat, 03 Oct 2026 22:31:12 GMT
< Connection: keep-alive
< set-cookie: __cf_bm=Y8G43vECDhAX5tMn86NBK6Cvqe02n6D6.Z2lztebZCA-1791066672.6209753-1.0.1.1-AXwYZI45klEnNkRD_EEivvvKHQC.W3UjGNPuOzhlq3wQesCc65nFVD10rhMGpQqqMZRDXM6ZSxm8d6TMV9JxmjoSX98EZNPk5vriPHqO_px4KCVZnnsCunpN1dLFa4sX; HttpOnly; SameSite=None; Secure; Path=/; Domain=npmjs.org; Expires=Sat, 03 Oct 2026 23:01:12 GMT
< set-cookie: _cfuvid=aPd9L.D2fyL5UdDh0AXKGHTc09okPNk1SdrIVDPzN7U-1791066672.6209753-1.0.1.1-Cxj0V7zgXR6OBHG7B4atNULgL1AORWcxFG0M0LGUW6Y; HttpOnly; SameSite=None; Secure; Path=/; Domain=npmjs.org
< CF-Ray: a44f654fe9e7a5b3-TIA
< CF-Cache-Status: HIT
< Access-Control-Allow-Origin: *
< Cache-Control: public, max-age=300
< ETag: "b16722e38f3bc93f52f6d87ce6c3fd6d"
< Last-Modified: Fri, 13 Dec 2024 19:06:03 GMT
< Server: cloudflare

< 304 Not Modified
< Date: Sat, 03 Oct 2026 22:31:12 GMT
< Connection: keep-alive
< set-cookie: __cf_bm=CyU8EtKITrL2rrbgc9ihnNvDKb_nlZD0f10caASmGKk-1791066672.6207821-1.0.1.1-gxht4J3fZkasyCtJ8QXF67xvIdf8QiAmJdWD6_dCOJ1dBh9sIQDYHb0qfKbfyqdhSEllrN2tVR_5SZZMFZLoFmAhlpEVj6oLgduYxT6frPhJDLGJ4Kjnex.0NTtZVFQb; HttpOnly; SameSite=None; Secure; Path=/; Domain=npmjs.org; Expires=Sat, 03 Oct 2026 23:01:12 GMT
< set-cookie: _cfuvid=GlIoT6WCUHGrCQu7BMOTQbt7PCru3k0VNhiuPRyXf5U-1791066672.6207821-1.0.1.1-YRJhkZzzQGOdIIGL7uI1iiu.I2Bf7ngMHXJIX0XB51s; HttpOnly; SameSite=None; Secure; Path=/; Domain=npmjs.org
< CF-Ray: a44f654fe9e5a5b3-TIA
< CF-Cache-Status: HIT
< Access-Control-Allow-Origin: *
< Cache-Control: public, max-age=300
< ETag: "6dedb546045c9b51d508c7b8d7da3846"
< Last-Modified: Wed, 30 Sep 2026 14:10:29 GMT
< Server: cloudflare

< 304 Not Modified
< Date: Sat, 03 Oct 2026 22:31:12 GMT
< Connection: keep-alive
< set-cookie: __cf_bm=eT3gJsP0RJ2Ljgh64hd6kdF_RTffkseXnWdn882LLDw-1791066672.6208239-1.0.1.1-TKb83tIcYqxYV1Y9.IctDefC8xsoV_dYKf__ZC.XxfR3_Nf9D649CJjtLOTXsnSYvzeRjcGoDD4wYbrAhEPfexRZm874oOlchTM0Axkzp_LwtpsxJCb7Kc1wnKqEo54e; HttpOnly; SameSite=None; Secure; Path=/; Domain=npmjs.org; Expires=Sat, 03 Oct 2026 23:01:12 GMT
< set-cookie: _cfuvid=4Kx1M8nL6SDl_FFnvnn_jH05WBqCl4Xy_qgt02DeJdI-1791066672.6208239-1.0.1.1-F6NPt4dCMCTq.Fvl6ktQ5TSdZlj_Ps97.I31zo9t.vI; HttpOnly; SameSite=None; Secure; Path=/; Domain=npmjs.org
< CF-Ray: a44f654fedee9b00-TIA
< CF-Cache-Status: HIT
< Access-Control-Allow-Origin: *
< Cache-Control: public, max-age=300
< ETag: "8a6d8048ddf04b01568ef40f95feb85d"
< Last-Modified: Tue, 08 Sep 2026 10:32:16 GMT
< Server: cloudflare

< 304 Not Modified
< Date: Sat, 03 Oct 2026 22:31:12 GMT
< Connection: keep-alive
< set-cookie: __cf_bm=WdLnlXY6NXZ2HSgQ_nFUxbCEG6X4CFpTrrDtX6mkrpY-1791066672.6209328-1.0.1.1-1oGZ2kJASHxkEr6yr9howk.EyipddjREICUxwv6NDTW9k2RoBxb7NYKD1BfeLRo5Jc9FrxAlzPLnr97xA84126L76tklg5Bj6_8yBjrQM41E3JbPlXD_Q4.GY9hX.haP; HttpOnly; SameSite=None; Secure; Path=/; Domain=npmjs.org; Expires=Sat, 03 Oct 2026 23:01:12 GMT
< set-cookie: _cfuvid=ESceL3A5j0n0lHoT68pzsdOn.C7scz8FpKJ8IszhZUc-1791066672.6209328-1.0.1.1-JeUhWxSm66xUBL9p6POSiihzkK7ITTDdITtIeGXhDXM; HttpOnly; SameSite=None; Secure; Path=/; Domain=npmjs.org
< CF-Ray: a44f654feb9a51a4-TIA
< CF-Cache-Status: HIT
< Access-Control-Allow-Origin: *
< Cache-Control: public, max-age=300
< ETag: "a8de3677baf4176485a6919461bd19a1"
< Last-Modified: Tue, 22 Sep 2026 19:42:39 GMT
< Server: cloudflare

   - "proxy-addr": "^2.0.7" - proxy-addr@2.0.8
    [482.05ms]
Downloaded shell-quote versions
    [482.25ms]
Downloaded qs versions
   - "qs": "^6.14.0" - qs@6.16.0
    [482.26ms]
Downloaded cookie versions
   - "cookie": "^0.7.1" - cookie@0.7.2
    [482.21ms]
Downloaded serve-static versions
   - "serve-static": "^2.2.0" - serve-static@2.2.1
    [482.30ms]
Downloaded minimatch versions
< 304 Not Modified
< Date: Sat, 03 Oct 2026 22:31:12 GMT
< Connection: keep-alive
< set-cookie: __cf_bm=6gHt4f2M7zrh1Hmuk.Prdf58PSQ_OpLGbIKO.fiIg6k-1791066672.6211176-1.0.1.1-aW0sACXBXjl12w2mPfsdS4EuocArXdBp1DcBXWj3VHOGl.NPho6Fyc6LmtjHshOLLKAvBUcyD66boobeIFr7lVXh3O70uFHmFqf.j77osgJ3G4vJ2oPgxyR.QD_LnT6c; HttpOnly; SameSite=None; Secure; Path=/; Domain=npmjs.org; Expires=Sat, 03 Oct 2026 23:01:12 GMT
< set-cookie: _cfuvid=mhOLUkzNnjg53_c4oe58XzN78MYCLjZx04t8pYr2y84-1791066672.6211176-1.0.1.1-.8dAxSbKeNabz288k91f6fROtJ7nTCNdsegvbRdonJA; HttpOnly; SameSite=None; Secure; Path=/; Domain=npmjs.org
< CF-Ray: a44f654fe9e8a5b3-TIA
< CF-Cache-Status: HIT
< Access-Control-Allow-Origin: *
< Cache-Control: public, max-age=300
< ETag: "b134eb4e402686992cff0f7e491e9864"
< Last-Modified: Fri, 17 Jun 2022 17:01:49 GMT
< Server: cloudflare

< 200 OK
< Date: Sat, 03 Oct 2026 22:31:12 GMT
< Content-Type: application/vnd.npm.install-v1+json
< Transfer-Encoding: chunked
< Connection: keep-alive
< set-cookie: __cf_bm=mCmcY6QMntDXyjFpu.gxehL9cqJ9gvc68RDVxi1zrtI-1791066672.6212018-1.0.1.1-uV3HPWSYtxTGhAk_zmHcvZiO6rw55HNmGEELq4A.vvreFcrPXGv2vSfHgUjZLf_QTu_NLMPjMKCLu4ycCoPu6BUSpp1vAI1HAXmGZD0XfVrRvqLy0HyoTGNEdsXr5hIj; HttpOnly; SameSite=None; Secure; Path=/; Domain=npmjs.org; Expires=Sat, 03 Oct 2026 23:01:12 GMT
< set-cookie: _cfuvid=Ofq.8ThZS0TUUJKxJPM89PrchIyuvqzNXgqHFo50UdE-1791066672.6212018-1.0.1.1-sHC7itf45RkJmEV.IAWisXb5XyWmfRUJvNgW6eYcUdQ; HttpOnly; SameSite=None; Secure; Path=/; Domain=npmjs.org
< CF-Ray: a44f654febbdbd99-TIA
< CF-Cache-Status: HIT
< ETag: W/"100c7d4177a1ad81357e566137198857"
< Access-Control-Allow-Origin: *
< Cache-Control: public, max-age=300
< Last-Modified: Wed, 12 Nov 2025 15:31:50 GMT
< Server: cloudflare
< Vary: accept-encoding, accept
< Content-Encoding: br

< 304 Not Modified
< Date: Sat, 03 Oct 2026 22:31:12 GMT
< Connection: keep-alive
< set-cookie: __cf_bm=HA28oFVrNXORcyCBTGiH9SBbvfJjus45CKqWNx4csNY-1791066672.6208508-1.0.1.1-8oYqzh1wGDrDxr0TXEw3nCDPISXRt0WUe5n1BPDEknb0CR0i5In7yxnTn5LRtv2e6tmdkNbyf8BK6flrGO.fTtoPFi3osXHsoYxHB7yM9Hr4heRHF58Q_XsEZSVAdbaO; HttpOnly; SameSite=None; Secure; Path=/; Domain=npmjs.org; Expires=Sat, 03 Oct 2026 23:01:12 GMT
< set-cookie: _cfuvid=_7LC_eq.D8mYyLlrk78aBO2a23RbPdzhZY3lklasgxw-1791066672.6208508-1.0.1.1-NZf5RABXCKR3K6OVYoyDGOfq6UX1pFzrFdF7PbfJxrA; HttpOnly; SameSite=None; Secure; Path=/; Domain=npmjs.org
< CF-Ray: a44f654feb9b51a4-TIA
< CF-Cache-Status: HIT
< Access-Control-Allow-Origin: *
< Cache-Control: public, max-age=300
< ETag: "346ea7d7797af383b204fe477d2b86ae"
< Last-Modified: Thu, 19 Feb 2026 17:20:01 GMT
< Server: cloudflare

< 304 Not Modified
< Date: Sat, 03 Oct 2026 22:31:12 GMT
< Connection: keep-alive
< set-cookie: __cf_bm=O6UNm7lQwD5.fPR5KnGjmpOepE5n_4tmFNWcGIY5SqY-1791066672.6208246-1.0.1.1-qzCMK3SIKC.nulvlb37hcEqYtue8ydO6sI3XJZOsJn2AaufLq_lKitCHZocU6G5cqKpb3CrRrMCwQM6YjC6_Tm6gNL0hCchKa8PE3PagBCWGFWHCAov_QD7fEQO6ZaYw; HttpOnly; SameSite=None; Secure; Path=/; Domain=npmjs.org; Expires=Sat, 03 Oct 2026 23:01:12 GMT
< set-cookie: _cfuvid=w6JmkJrcJqlUyvyg9gU3BonFMgQlxSdGkHaEu6.kx5Q-1791066672.6208246-1.0.1.1-F9mCm5z_yDFBOBhtxc_2f70AQVaLkyFKHRKjTzIOfks; HttpOnly; SameSite=None; Secure; Path=/; Domain=npmjs.org
< CF-Ray: a44f654fedef9b00-TIA
< CF-Cache-Status: HIT
< Access-Control-Allow-Origin: *
< Cache-Control: public, max-age=300
< ETag: "8231503bc93d58fef9f874066b5a35d6"
< Last-Modified: Tue, 29 Oct 2024 19:39:49 GMT
< Server: cloudflare

< 304 Not Modified
< Date: Sat, 03 Oct 2026 22:31:12 GMT
< Connection: keep-alive
< set-cookie: __cf_bm=ZlUCvLHiw6zeL3v5zqVUEG.GUm2P39E58oPEUMEiWRY-1791066672.620812-1.0.1.1-Tr2E2Nnc0wvQ7.k1UgLPfZ_fjS5lO0Dh8t.Nr.jAiYYIN8xaN7B_PpvG0dfFWIg0M_Ybdos3ZWnL0N5Hya0IhEEIwVN5BET1AlDcuxZBwbnalx4Sw_zMPwlXqMk9kXkL; HttpOnly; SameSite=None; Secure; Path=/; Domain=npmjs.org; Expires=Sat, 03 Oct 2026 23:01:12 GMT
< set-cookie: _cfuvid=ELCQME1kgNVOU1IJ5UOl2yEG743jt7T5JD7aWCO0Mpg-1791066672.620812-1.0.1.1-QaYpQKpUQMcD51boNiBDB06C3kp36XgemqPJg6_iE0k; HttpOnly; SameSite=None; Secure; Path=/; Domain=npmjs.org
< CF-Ray: a44f654fe9e6a5b3-TIA
< CF-Cache-Status: HIT
< Access-Control-Allow-Origin: *
< Cache-Control: public, max-age=300
< ETag: "c081ca037029a5a7f8844c5aacf68173"
< Last-Modified: Mon, 01 Dec 2025 16:05:03 GMT
< Server: cloudflare

< 304 Not Modified
< Date: Sat, 03 Oct 2026 22:31:12 GMT
< Connection: keep-alive
< set-cookie: __cf_bm=7G7butdwSEFeU.I2Qgz19t0nII5xDyKCtLhLgIMOl9s-1791066672.6210406-1.0.1.1-iLNRzCUcOfLq.yOlcVQYENnT_LqdCFt4brE.PyfIH1speSlYfk5vYuqf0CERmf0SA1o38n.ROmOe3lz7A6X.Ez0804SPemz_6EfmXPnpY4WaGb4qwMdzsUv_YgJ0FyfG; HttpOnly; SameSite=None; Secure; Path=/; Domain=npmjs.org; Expires=Sat, 03 Oct 2026 23:01:12 GMT
< set-cookie: _cfuvid=h705QZJHZWiFQc4RycAoPoAC7tulVL26xAlYnExmSc4-1791066672.6210406-1.0.1.1-dfcASKGHMlhlzfumvDm4kIsAWJfjMOIWHlcim8BJR0k; HttpOnly; SameSite=None; Secure; Path=/; Domain=npmjs.org
< CF-Ray: a44f654feb9c51a4-TIA
< CF-Cache-Status: HIT
< Access-Control-Allow-Origin: *
< Cache-Control: public, max-age=300
< ETag: "5cb712101931153f8ebfcc1e0318a0aa"
< Last-Modified: Thu, 17 Sep 2026 17:22:59 GMT
< Server: cloudflare

   - "minimatch": "^10.2.2" - minimatch@10.2.6
   - "forwarded": "0.2.0" - forwarded@0.2.0
   - "ipaddr.js": "1.9.1" - ipaddr.js@1.9.1
Enqueue package manifest for download: side-channel
Enqueue package manifest for download: es-define-property
Enqueue package manifest for download: brace-expansion
[PackageManager] waiting for 43 tasks
    [482.80ms]
Downloaded http-proxy versions
> HTTP/1.1 GET https://registry.npmjs.org/side-channel
> If-None-Match: W/"ca4008ff6e52369fc9b8da06bb81b574"
> Accept: application/vnd.npm.install-v1+json; q=1.0, application/json; q=0.8, */*
> Connection: keep-alive
> User-Agent: Bun/1.3.9
> Host: registry.npmjs.org
> Accept-Encoding: gzip, deflate, br, zstd

> HTTP/1.1 GET https://registry.npmjs.org/es-define-property
> If-None-Match: W/"388350fc257968d7b6d33f7668a96f2e"
> Accept: application/vnd.npm.install-v1+json; q=1.0, application/json; q=0.8, */*
> Connection: keep-alive
> User-Agent: Bun/1.3.9
> Host: registry.npmjs.org
> Accept-Encoding: gzip, deflate, br, zstd

> HTTP/1.1 GET https://registry.npmjs.org/brace-expansion
> If-None-Match: W/"527125b96c7ceeaf03c5a0db2e56fd68"
> Accept: application/vnd.npm.install-v1+json; q=1.0, application/json; q=0.8, */*
> Connection: keep-alive
> User-Agent: Bun/1.3.9
> Host: registry.npmjs.org
> Accept-Encoding: gzip, deflate, br, zstd

> HTTP/1.1 GET https://registry.npmjs.org/qs/-/qs-6.16.0.tgz
> Connection: keep-alive
> User-Agent: Bun/1.3.9
> Accept: */*
> Host: registry.npmjs.org
> Accept-Encoding: gzip, deflate, br, zstd

> HTTP/1.1 GET https://registry.npmjs.org/cookie/-/cookie-0.7.2.tgz
> Connection: keep-alive
> User-Agent: Bun/1.3.9
> Accept: */*
> Host: registry.npmjs.org
> Accept-Encoding: gzip, deflate, br, zstd

> HTTP/1.1 GET https://registry.npmjs.org/serve-static/-/serve-static-2.2.1.tgz
> Connection: keep-alive
> User-Agent: Bun/1.3.9
> Accept: */*
> Host: registry.npmjs.org
> Accept-Encoding: gzip, deflate, br, zstd

   - "http-proxy": "^1.18.1" - http-proxy@1.18.1
    [277.08ms]
Downloaded source-map-js versions
   - "source-map-js": "^1.2.1" - source-map-js@1.2.2
    [482.83ms]
Downloaded body-parser versions
   - "body-parser": "^2.2.1" - body-parser@2.3.0
    [482.93ms]
Downloaded react-cosmos-ui versions
   - "react-cosmos-ui": "^7.4.0" - react-cosmos-ui@7.4.0
    [483.99ms]
Downloaded es6-promisify versions
   - "es6-promisify": "^7.0.0" - es6-promisify@7.0.0
    [484.85ms]
Downloaded is-in-ssh versions
    [484.93ms]
Downloaded path-scurry versions
   - "path-scurry": "^2.0.2" - path-scurry@2.0.2
    [484.90ms]
Downloaded cookie-signature versions
   - "cookie-signature": "^1.2.1" - cookie-signature@1.2.2
    [485.04ms]
Downloaded finalhandler versions
   - "finalhandler": "^2.1.0" - finalhandler@2.1.1
    [485.15ms]
Downloaded content-type versions
< 304 Not Modified
< Date: Sat, 03 Oct 2026 22:31:12 GMT
< Connection: keep-alive
< set-cookie: __cf_bm=4ZvwmfFQlFkMH2Z7BomDN_wGfZzhWNGHhYK1ktfVJF8-1791066672.621074-1.0.1.1-.TzYImUh3yE1H4MKCwL5IrJLywnj8bpHwPmS2.UljneuOA_zD7NUVUHhdxKalv2fK84mvXCNMEDFHRrgKLqmWkRusUdHgiNdaJQEuldiVXKTZ19MedgeVbWRZZy5hY..; HttpOnly; SameSite=None; Secure; Path=/; Domain=npmjs.org; Expires=Sat, 03 Oct 2026 23:01:12 GMT
< set-cookie: _cfuvid=vQRYJCxiR8PBfC5f9ublBHsutaJ26FCsPxRf4DEKzjQ-1791066672.621074-1.0.1.1-ZLDPNNsOJaHgzurGgN8zpbr5pgXwIwnUzO9Ng2nWRMU; HttpOnly; SameSite=None; Secure; Path=/; Domain=npmjs.org
< CF-Ray: a44f654febad793f-TIA
< CF-Cache-Status: HIT
< Access-Control-Allow-Origin: *
< Cache-Control: public, max-age=300
< ETag: "1f2bf4fae6f0bef45d6ea1b82f6f959c"
< Last-Modified: Fri, 17 Nov 2023 16:22:02 GMT
< Server: cloudflare

< 304 Not Modified
< Date: Sat, 03 Oct 2026 22:31:12 GMT
< Connection: keep-alive
< set-cookie: __cf_bm=FySGP_zvpJEYZZEXgafgdOmJR3gSgkrEbMyWJJHtJAc-1791066672.6209688-1.0.1.1-30wrSMWL1dGluWRU4Lb5k90dfQTiv40_hbKtyszd0f5Iw1wmDb9jMmy7tGwvOOdXWV2gwYzQ2g.B0xizhZUp7zXskAWf5L4Wu_8gArHHCJaIQSH3wNLcOsKqmv0nbWVR; HttpOnly; SameSite=None; Secure; Path=/; Domain=npmjs.org; Expires=Sat, 03 Oct 2026 23:01:12 GMT
< set-cookie: _cfuvid=ktaQLNef0G9mAZoNtnFEPrSepyGHJZOJ_Op3tiVebLw-1791066672.6209688-1.0.1.1-6HUM3mBrlv2nzjibvXrsuvT_LCwXBvsuuIRub56g3SU; HttpOnly; SameSite=None; Secure; Path=/; Domain=npmjs.org
< CF-Ray: a44f654fe898f474-TIA
< CF-Cache-Status: HIT
< Access-Control-Allow-Origin: *
< Cache-Control: public, max-age=300
< ETag: "3b59c3327dd206a7590212ab567bf1c9"
< Last-Modified: Mon, 31 Aug 2026 05:28:39 GMT
< Server: cloudflare

< 304 Not Modified
< Date: Sat, 03 Oct 2026 22:31:12 GMT
< Connection: keep-alive
< set-cookie: __cf_bm=0ajECBe2rpa7C1.VYVOHpRvKnLuvDcHryeeT3J7CphQ-1791066672.6211631-1.0.1.1-x3pk8yqR4oheqKhsWdgjSxXBrgpdMukb_3x_7I7mfiijEBGUIUu56Frn0lJ18n002RHQs7PBPcpj46BBORJDlH8Trs3VzwE_21EXO9aBAd2DxKVwblWbtAGvNULGPJz7; HttpOnly; SameSite=None; Secure; Path=/; Domain=npmjs.org; Expires=Sat, 03 Oct 2026 23:01:12 GMT
< set-cookie: _cfuvid=1D3ikYUOSHw3IGkUxi2SG4_VPu1y_d88bOPm5_8KFQA-1791066672.6211631-1.0.1.1-vgo8wLu4Vhp21Lw6Rrd_nAw1.jlcz_2dO6eHqF8p9QE; HttpOnly; SameSite=None; Secure; Path=/; Domain=npmjs.org
< CF-Ray: a44f654feb505f50-TIA
< CF-Cache-Status: HIT
< Access-Control-Allow-Origin: *
< Cache-Control: public, max-age=300
< ETag: "d225bb20da050225caad163d7e1a8d92"
< Last-Modified: Tue, 22 Sep 2026 19:41:47 GMT
< Server: cloudflare

< 200 OK
< Date: Sat, 03 Oct 2026 22:31:12 GMT
< Content-Type: application/vnd.npm.install-v1+json
< Transfer-Encoding: chunked
< Connection: keep-alive
< set-cookie: __cf_bm=6vGBP8DHkMU9CSWe.YpDoo1ErRc5Y3O67tz1jkjdi_s-1791066672.6215148-1.0.1.1-a9uyu9u_zGI1U93h7ayXhNuFC5WAof7oD9AtDOc0eLQ5LlzMaKRnH3mwXOhOU2FlRVKgWmiiJyRPxukh1nbs6hAX0y52VpkQcpxT_v6g5oVQOYanG_ny62xI1z09qRMy; HttpOnly; SameSite=None; Secure; Path=/; Domain=npmjs.org; Expires=Sat, 03 Oct 2026 23:01:12 GMT
< set-cookie: _cfuvid=tB87irmHJ6OcvN9MQr21HFHlgwtOWJMKhLPJIDIf8Ng-1791066672.6215148-1.0.1.1-cnqWHiP8KnwghwLvH7PnOTCorfPQ8okKeBcJGGZZNOk; HttpOnly; SameSite=None; Secure; Path=/; Domain=npmjs.org
< CF-Ray: a44f654fe897f474-TIA
< CF-Cache-Status: HIT
< ETag: W/"62ae0e222086cdf966e05bf78d248bc6"
< Access-Control-Allow-Origin: *
< Cache-Control: public, max-age=300
< Last-Modified: Thu, 27 Mar 2025 00:38:20 GMT
< Server: cloudflare
< Vary: accept-encoding, accept
< Content-Encoding: br

< 200 OK
< Date: Sat, 03 Oct 2026 22:31:12 GMT
< Content-Type: application/vnd.npm.install-v1+json
< Transfer-Encoding: chunked
< Connection: keep-alive
< set-cookie: __cf_bm=hmWlksBsbDw76XmZNWtlDkVU3up92UqHGMC86o7grA8-1791066672.620849-1.0.1.1-PB6170IsA5bKsciNm5d5HokQCd2k_SuO_Zvmcsdhk1xusFXQSeA9LakLmz3nzj._Nr8wde78Q4MPKJfKzYf8wBd17TB69Wn5xfc9Oi.zunEY17V2GpcdG2xcETSlBwzn; HttpOnly; SameSite=None; Secure; Path=/; Domain=npmjs.org; Expires=Sat, 03 Oct 2026 23:01:12 GMT
< set-cookie: _cfuvid=aW8l2HWrAJv_zpokLngKHQJ1b93Bfs7KIhZgk9hpxNQ-1791066672.620849-1.0.1.1-kKcIc8jAl0RVlJtCjsaJZwIGxf.qCTOZJi3rqPZVjLo; HttpOnly; SameSite=None; Secure; Path=/; Domain=npmjs.org
< CF-Ray: a44f654febc67c08-TIA
< CF-Cache-Status: HIT
< ETag: W/"5fee5b77499e91faeac4a529ca441f30"
< Access-Control-Allow-Origin: *
< Cache-Control: public, max-age=300
< Last-Modified: Sat, 29 Aug 2026 12:58:16 GMT
< Server: cloudflare
< Vary: accept-encoding, accept
< Content-Encoding: br

   - "content-type": "^1.0.5" - content-type@1.0.5
   - "content-type": "^2.1.0" - content-type@2.1.0
   - "eventemitter3": "^4.0.0" - eventemitter3@4.0.7
Enqueue package manifest for download: requires-port
Enqueue package manifest for download: bytes
Enqueue package manifest for download: raw-body
Enqueue package manifest for download: iconv-lite
   - "lru-cache": "^11.0.0" - lru-cache@11.5.3
[PackageManager] waiting for 45 tasks
    [487.88ms]
Downloaded merge-descriptors versions
   - "merge-descriptors": "^2.0.0" - merge-descriptors@2.0.0
    [487.99ms]
Downloaded md5 versions
> HTTP/1.1 GET https://registry.npmjs.org/requires-port
> If-None-Match: W/"0cc989246122bc34d22b430b3603646d"
> Accept: application/vnd.npm.install-v1+json; q=1.0, application/json; q=0.8, */*
> Connection: keep-alive
> User-Agent: Bun/1.3.9
> Host: registry.npmjs.org
> Accept-Encoding: gzip, deflate, br, zstd

> HTTP/1.1 GET https://registry.npmjs.org/bytes
> If-None-Match: W/"bc3589179ef97c30169c67e77455ed46"
> Accept: application/vnd.npm.install-v1+json; q=1.0, application/json; q=0.8, */*
> Connection: keep-alive
> User-Agent: Bun/1.3.9
> Host: registry.npmjs.org
> Accept-Encoding: gzip, deflate, br, zstd

> HTTP/1.1 GET https://registry.npmjs.org/raw-body
> If-None-Match: W/"f0b8925859de5e8f12570447fbedc5df"
> Accept: application/vnd.npm.install-v1+json; q=1.0, application/json; q=0.8, */*
> Connection: keep-alive
> User-Agent: Bun/1.3.9
> Host: registry.npmjs.org
> Accept-Encoding: gzip, deflate, br, zstd

> HTTP/1.1 GET https://registry.npmjs.org/iconv-lite
> If-None-Match: W/"64c00b7558a38ebb7908487709f8307b"
> Accept: application/vnd.npm.install-v1+json; q=1.0, application/json; q=0.8, */*
> Connection: keep-alive
> User-Agent: Bun/1.3.9
> Host: registry.npmjs.org
> Accept-Encoding: gzip, deflate, br, zstd

> HTTP/1.1 GET https://registry.npmjs.org/body-parser/-/body-parser-2.3.0.tgz
> Connection: keep-alive
> User-Agent: Bun/1.3.9
> Accept: */*
> Host: registry.npmjs.org
> Accept-Encoding: gzip, deflate, br, zstd

> HTTP/1.1 GET https://registry.npmjs.org/react-cosmos-ui/-/react-cosmos-ui-7.4.0.tgz
> Connection: keep-alive
> User-Agent: Bun/1.3.9
> Accept: */*
> Host: registry.npmjs.org
> Accept-Encoding: gzip, deflate, br, zstd

> HTTP/1.1 GET https://registry.npmjs.org/path-scurry/-/path-scurry-2.0.2.tgz
> Connection: keep-alive
> User-Agent: Bun/1.3.9
> Accept: */*
> Host: registry.npmjs.org
> Accept-Encoding: gzip, deflate, br, zstd

> HTTP/1.1 GET https://registry.npmjs.org/cookie-signature/-/cookie-signature-1.2.2.tgz
> Connection: keep-alive
> User-Agent: Bun/1.3.9
> Accept: */*
> Host: registry.npmjs.org
> Accept-Encoding: gzip, deflate, br, zstd

> HTTP/1.1 GET https://registry.npmjs.org/finalhandler/-/finalhandler-2.1.1.tgz
> Connection: keep-alive
> User-Agent: Bun/1.3.9
> Accept: */*
> Host: registry.npmjs.org
> Accept-Encoding: gzip, deflate, br, zstd

> HTTP/1.1 GET https://registry.npmjs.org/content-type/-/content-type-2.1.0.tgz
> Connection: keep-alive
> User-Agent: Bun/1.3.9
> Accept: */*
> Host: registry.npmjs.org
> Accept-Encoding: gzip, deflate, br, zstd

> HTTP/1.1 GET https://registry.npmjs.org/lru-cache/-/lru-cache-11.5.3.tgz
> Connection: keep-alive
> User-Agent: Bun/1.3.9
> Accept: */*
> Host: registry.npmjs.org
> Accept-Encoding: gzip, deflate, br, zstd

   - "md5": "^2.3.0" - md5@2.3.0
    [488.02ms]
Downloaded react-cosmos-renderer versions
   - "react-cosmos-renderer": "^7.4.0" - react-cosmos-renderer@7.4.0
    [488.49ms]
Downloaded powershell-utils versions
   - "is-in-ssh": "^1.0.0" - is-in-ssh@1.0.0
   - "crypt": "0.0.2" - crypt@0.0.2
   - "charenc": "0.0.2" - charenc@0.0.2
[PackageManager] waiting for 44 tasks
    [491.06ms]
Downloaded router versions
> HTTP/1.1 GET https://registry.npmjs.org/merge-descriptors/-/merge-descriptors-2.0.0.tgz
> Connection: keep-alive
> User-Agent: Bun/1.3.9
> Accept: */*
> Host: registry.npmjs.org
> Accept-Encoding: gzip, deflate, br, zstd

[PackageManager] waiting for 44 tasks
> HTTP/1.1 GET https://registry.npmjs.org/react-cosmos-renderer/-/react-cosmos-renderer-7.4.0.tgz
> Connection: keep-alive
> User-Agent: Bun/1.3.9
> Accept: */*
> Host: registry.npmjs.org
> Accept-Encoding: gzip, deflate, br, zstd

   - "powershell-utils": "^0.1.0" - powershell-utils@0.1.0
> HTTP/1.1 GET https://registry.npmjs.org/is-in-ssh/-/is-in-ssh-1.0.0.tgz
> Connection: keep-alive
> User-Agent: Bun/1.3.9
> Accept: */*
> Host: registry.npmjs.org
> Accept-Encoding: gzip, deflate, br, zstd

> HTTP/1.1 GET https://registry.npmjs.org/powershell-utils/-/powershell-utils-0.1.0.tgz
> Connection: keep-alive
> User-Agent: Bun/1.3.9
> Accept: */*
> Host: registry.npmjs.org
> Accept-Encoding: gzip, deflate, br, zstd

[PackageManager] waiting for 44 tasks
   - "router": "^2.2.0" - router@2.2.0
Enqueue package manifest for download: is-promise
Enqueue package manifest for download: path-to-regexp
> HTTP/1.1 GET https://registry.npmjs.org/is-promise
> Accept: application/vnd.npm.install-v1+json; q=1.0, application/json; q=0.8, */*
> Connection: keep-alive
> User-Agent: Bun/1.3.9
> Host: registry.npmjs.org
> Accept-Encoding: gzip, deflate, br, zstd

> HTTP/1.1 GET https://registry.npmjs.org/path-to-regexp
> If-None-Match: W/"a1e7024216d83d0b689b2537bdf6c4c3"
> Accept: application/vnd.npm.install-v1+json; q=1.0, application/json; q=0.8, */*
> Connection: keep-alive
> User-Agent: Bun/1.3.9
> Host: registry.npmjs.org
> Accept-Encoding: gzip, deflate, br, zstd

> HTTP/1.1 GET https://registry.npmjs.org/router/-/router-2.2.0.tgz
> Connection: keep-alive
> User-Agent: Bun/1.3.9
> Accept: */*
> Host: registry.npmjs.org
> Accept-Encoding: gzip, deflate, br, zstd

< 304 Not Modified
< Date: Sat, 03 Oct 2026 22:31:12 GMT
< Connection: keep-alive
< set-cookie: __cf_bm=CCRuV5lkjIJtjd_BymP3W2C.Bkn9lrpD3nvhdklohJA-1791066672.64515-1.0.1.1-YWXSIWtCg4ucV.qbydlmMQFTq6zmYO7DXm3oJvUVqCKSeyojSfJZ2QkjvQcAuMuiuNzNLdWZYVZnbdjgs_AhbiYbXYIF3_NkSbfeilecDCt_BNU3uxOo_pEJxMb6avGo; HttpOnly; SameSite=None; Secure; Path=/; Domain=npmjs.org; Expires=Sat, 03 Oct 2026 23:01:12 GMT
< set-cookie: _cfuvid=jIGCniLqPkD2HkSA.S2uG3JbVOhkBqQuA3Pibtwe2YU-1791066672.64515-1.0.1.1-bsD3MAWd4LxGHg2YVA4Rn3ihNUCXOvo0t7cxpaskvo0; HttpOnly; SameSite=None; Secure; Path=/; Domain=npmjs.org
< CF-Ray: a44f65500b6c5f50-TIA
< CF-Cache-Status: HIT
< Access-Control-Allow-Origin: *
< Cache-Control: public, max-age=300
< ETag: "c3d0f6d36da81b956b45e803dc884e4b"
< Last-Modified: Sun, 16 Aug 2026 19:49:10 GMT
< Server: cloudflare

[PackageManager] waiting for 46 tasks
< 304 Not Modified
< Date: Sat, 03 Oct 2026 22:31:12 GMT
< Connection: keep-alive
< set-cookie: __cf_bm=COktgA6Ge5fpAE7iC4mkl7nAMa1pSCZrkW41dWFAt4M-1791066672.644906-1.0.1.1-kMnTZQ4L.CV27i.jLhAOVA4mNPZbn985rw7rKXAzVHLb2Uat5_RHaa9fV6rzgJ5Jqp9f2lG0CtumfQ7qOLBVHiTQjneF2PnaPxsrCmJf4JVU_Tqxab0oXdpTWGamNNfg; HttpOnly; SameSite=None; Secure; Path=/; Domain=npmjs.org; Expires=Sat, 03 Oct 2026 23:01:12 GMT
< set-cookie: _cfuvid=tRHjTYQqixnbsHg4sOBL_MydEC97wEw27Zf9YgaVSOk-1791066672.644906-1.0.1.1-Gbfnd5ILHupuUsf.E4VNcRATlmtBwt5tUX6qP4NJl4c; HttpOnly; SameSite=None; Secure; Path=/; Domain=npmjs.org
< CF-Ray: a44f65500be57c08-TIA
< CF-Cache-Status: HIT
< Access-Control-Allow-Origin: *
< Cache-Control: public, max-age=300
< ETag: "44a29df324f652387c4dff8bfc563cfb"
< Last-Modified: Tue, 14 Jun 2022 23:27:39 GMT
< Server: cloudflare

    [493.50ms]
Downloaded default-browser versions
< 304 Not Modified
< Date: Sat, 03 Oct 2026 22:31:12 GMT
< Connection: keep-alive
< set-cookie: __cf_bm=4YqoNzppf2DmZEH2kCx9FBvlRWu6gV.cyjBWsVKS8sM-1791066672.6449127-1.0.1.1-7deZHpV0z8vKXcIjOB3l85jAsrfqmPda5qeD0kUIySGyF.I.aKlrA3HBv.xnjJNdDYV2WiOSDHHXQvf1LdJmp6lWkkd9IWEJrhlXlvHfPq8IgcJ6SNLVxuYOs.LrpWdd; HttpOnly; SameSite=None; Secure; Path=/; Domain=npmjs.org; Expires=Sat, 03 Oct 2026 23:01:12 GMT
< set-cookie: _cfuvid=qAeingbtnUV8YamjOOqNLUhN8FtRefxpr9ytGeUCjjc-1791066672.6449127-1.0.1.1-IfFv026AVnV1j_SgeYVh_QuEMMilJ7rc7eDrM5gM2sY; HttpOnly; SameSite=None; Secure; Path=/; Domain=npmjs.org
< CF-Ray: a44f65500be47c08-TIA
< CF-Cache-Status: HIT
< Access-Control-Allow-Origin: *
< Cache-Control: public, max-age=300
< ETag: "0ba82ea017a1210141bcb9487ba274cd"
< Last-Modified: Fri, 16 Jun 2023 22:43:54 GMT
< Server: cloudflare

< 304 Not Modified
< Date: Sat, 03 Oct 2026 22:31:12 GMT
< Connection: keep-alive
< set-cookie: __cf_bm=cbl.ri5dmBmvlO7E.s_kQpStF9OTThkE4t8Hu3Q7uOk-1791066672.64501-1.0.1.1-qabGNjxSTxItz263CMFLK_u6UeU4LukixnGCXxJfdHEGj29sxgYj4Lh8yZ4w91Pn_WZWHppFKOhgUWpkp3Uhh3WSsMW4Kp2GBeUxkWPtwzm921savMtyNGK_PcAhotMB; HttpOnly; SameSite=None; Secure; Path=/; Domain=npmjs.org; Expires=Sat, 03 Oct 2026 23:01:12 GMT
< set-cookie: _cfuvid=yvCmuXrMaJ1NgKelP8Y4uZ0pr2kDiBRARkbPswC02so-1791066672.64501-1.0.1.1-I6EyzcNPKwGb96hR00O42pddql714idHetmo2qxjAEc; HttpOnly; SameSite=None; Secure; Path=/; Domain=npmjs.org
< CF-Ray: a44f65500b6b5f50-TIA
< CF-Cache-Status: HIT
< Access-Control-Allow-Origin: *
< Cache-Control: public, max-age=300
< ETag: "55ce6edc2d1ade1944f69b4a683a963d"
< Last-Modified: Thu, 17 Sep 2026 05:04:31 GMT
< Server: cloudflare

< 200 OK
< Access-Control-Allow-Origin: https://render.githubusercontent.com
< content-disposition: attachment; filename=tscircuit-ti-57e314b.tar.gz
< Content-Length: 2477409
< Content-Security-Policy: default-src 'none'; style-src 'unsafe-inline'; sandbox
< Content-Type: application/x-gzip
< cross-origin-resource-policy: cross-origin
< ETag: W/"a3dba63780bb3ab0bceb4af5f527090d72ec5f618aa33b2055514e41afadd32e"
< Strict-Transport-Security: max-age=31536000
< Vary: Authorization,Accept-Encoding
< X-Content-Type-Options: nosniff
< X-Frame-Options: deny
< X-XSS-Protection: 1; mode=block
< Date: Sat, 03 Oct 2026 22:31:12 GMT
< X-GitHub-Request-Id: F011:5A9A3:499882:79D766:6AC18230
< x-github-edge-region: fra

   - "default-browser": "^5.4.0" - default-browser@5.5.1
Enqueue package manifest for download: bundle-name
Enqueue package manifest for download: default-browser-id
< 200 OK
< Access-Control-Allow-Origin: https://render.githubusercontent.com
< content-disposition: attachment; filename=tscircuit-bga-fanout-solver-247c835.tar.gz
< Content-Length: 1132375
< Content-Security-Policy: default-src 'none'; style-src 'unsafe-inline'; sandbox
< Content-Type: application/x-gzip
< cross-origin-resource-policy: cross-origin
< ETag: W/"0027278be45e56665f5ec396e5147332c9c77ee2817d83ed6d2e1f3089b9f6cf"
< Strict-Transport-Security: max-age=31536000
< Vary: Authorization,Accept-Encoding
< X-Content-Type-Options: nosniff
< X-Frame-Options: deny
< X-XSS-Protection: 1; mode=block
< Date: Sat, 03 Oct 2026 22:31:12 GMT
< X-GitHub-Request-Id: F122:1583:8A7A9:EE443:6AC18230
< x-github-edge-region: fra

[PackageManager] waiting for 47 tasks
    [493.54ms]
Downloaded define-lazy-prop versions
> HTTP/1.1 GET https://registry.npmjs.org/bundle-name
> If-None-Match: W/"b12fa9cfd927797d7f442d1e53924121"
> Accept: application/vnd.npm.install-v1+json; q=1.0, application/json; q=0.8, */*
> Connection: keep-alive
> User-Agent: Bun/1.3.9
> Host: registry.npmjs.org
> Accept-Encoding: gzip, deflate, br, zstd

> HTTP/1.1 GET https://registry.npmjs.org/default-browser-id
> If-None-Match: W/"820d4556127d0f6c226de98bbaf967e8"
> Accept: application/vnd.npm.install-v1+json; q=1.0, application/json; q=0.8, */*
> Connection: keep-alive
> User-Agent: Bun/1.3.9
> Host: registry.npmjs.org
> Accept-Encoding: gzip, deflate, br, zstd

   - "define-lazy-prop": "^3.0.0" - define-lazy-prop@3.0.0
    [493.60ms]
Downloaded os-tmpdir versions
< 200 OK
< Access-Control-Allow-Origin: https://render.githubusercontent.com
< content-disposition: attachment; filename=tscircuit-pcb-trace-linter-4c035f9.tar.gz
< Content-Length: 265736
< Content-Security-Policy: default-src 'none'; style-src 'unsafe-inline'; sandbox
< Content-Type: application/x-gzip
< cross-origin-resource-policy: cross-origin
< ETag: W/"0a015d3c35ec6200c84fe575a6ec7731a567c0e5fc00f7b31bc59c691b6b6b16"
< Strict-Transport-Security: max-age=31536000
< Vary: Authorization,Accept-Encoding
< X-Content-Type-Options: nosniff
< X-Frame-Options: deny
< X-XSS-Protection: 1; mode=block
< Date: Sat, 03 Oct 2026 22:31:12 GMT
< X-GitHub-Request-Id: F5EA:BC877:514FC2:81785F:6AC18230
< x-github-edge-region: fra

< 200 OK
< Access-Control-Allow-Origin: https://render.githubusercontent.com
< content-disposition: attachment; filename=tscircuit-winding-breakout-point-solver-202dbe9.tar.gz
< Content-Length: 57059
< Content-Security-Policy: default-src 'none'; style-src 'unsafe-inline'; sandbox
< Content-Type: application/x-gzip
< cross-origin-resource-policy: cross-origin
< ETag: W/"b3de3485058857bc090c2e5006abd693971c75fb9ddf7dc75aa7d276dc8534e2"
< Strict-Transport-Security: max-age=31536000
< Vary: Authorization,Accept-Encoding
< X-Content-Type-Options: nosniff
< X-Frame-Options: deny
< X-XSS-Protection: 1; mode=block
< Date: Sat, 03 Oct 2026 22:31:12 GMT
< X-GitHub-Request-Id: F18F:1ED707:48A2B5:78E37D:6AC18230
< x-github-edge-region: fra

< 200 OK
< Access-Control-Allow-Origin: https://render.githubusercontent.com
< content-disposition: attachment; filename=tscircuit-jlcpcb-manufacturing-specs-2326050.tar.gz
< Content-Length: 3930
< Content-Security-Policy: default-src 'none'; style-src 'unsafe-inline'; sandbox
< Content-Type: application/x-gzip
< cross-origin-resource-policy: cross-origin
< ETag: W/"da60da8bc55569e6b6baf1137d2b8fedb53100f18b2caf1a4425d7f100627603"
< Strict-Transport-Security: max-age=31536000
< Vary: Authorization,Accept-Encoding
< X-Content-Type-Options: nosniff
< X-Frame-Options: deny
< X-XSS-Protection: 1; mode=block
< Date: Sat, 03 Oct 2026 22:31:12 GMT
< X-GitHub-Request-Id: F547:268E4B:49AC4A:79EF4D:6AC18230
< x-github-edge-region: fra

< 200 OK
< Access-Control-Allow-Origin: https://render.githubusercontent.com
< content-disposition: attachment; filename=tscircuit-implicit-copper-pour-solver-a5cbbda.tar.gz
< Content-Length: 183699
< Content-Security-Policy: default-src 'none'; style-src 'unsafe-inline'; sandbox
< Content-Type: application/x-gzip
< cross-origin-resource-policy: cross-origin
< ETag: W/"bb49b14e28f2153af599265e4d3559756f86698ca235631a9d509a6eb31f64ed"
< Strict-Transport-Security: max-age=31536000
< Vary: Authorization,Accept-Encoding
< X-Content-Type-Options: nosniff
< X-Frame-Options: deny
< X-XSS-Protection: 1; mode=block
< Date: Sat, 03 Oct 2026 22:31:12 GMT
< X-GitHub-Request-Id: F09E:4EDA4:4E06EA:7E3C5F:6AC18230
< x-github-edge-region: fra

< 200 OK
< Date: Sat, 03 Oct 2026 22:31:12 GMT
< Content-Type: application/octet-stream
< Content-Length: 6277
< Connection: keep-alive
< set-cookie: __cf_bm=Vlgv8CqLLMG0BxsSZqCYq8rrrEePC6rymUKfUY5mrIg-1791066672.604531-1.0.1.1-3uBVC_hbQHf9OnceRXZ05oDliqkmPu2fs7UK4Mf9D3ZyxahaIgeNdvxDTO61fNWRvDhYHeRGQYYNhcMlHNeh1gZ7iCYnqkUgvLYBrnfUcLb_mwXwAgrznFEFQHp9eHZ0; HttpOnly; SameSite=None; Secure; Path=/; Domain=npmjs.org; Expires=Sat, 03 Oct 2026 23:01:12 GMT
< set-cookie: _cfuvid=gyf.cCuZtRm0R.JK6Vag9td0Ac2pKWnFplaIW2pYFWI-1791066672.604531-1.0.1.1-e3UOZSuUXSfWfrT_x93QgYgvE.pciPRueBi4o77aQLI; HttpOnly; SameSite=None; Secure; Path=/; Domain=npmjs.org
< CF-Ray: a44f654fcbb37c08-TIA
< CF-Cache-Status: HIT
< Accept-Ranges: bytes
< Access-Control-Allow-Origin: *
< Age: 135070
< Cache-Control: public, must-revalidate, max-age=31557600
< ETag: "f7e525726b1d53257743145f71a548d7"
< Last-Modified: Fri, 17 Apr 2026 12:15:02 GMT
< Server: cloudflare

   - "os-tmpdir": "^1.0.2" - os-tmpdir@1.0.2
    [493.53ms]
Downloaded get-east-asian-width versions
   - "get-east-asian-width": "^1.5.0" - get-east-asian-width@1.7.0
[PackageManager] waiting for 44 tasks
    [787.05ms] Downloaded @tscircuit/jlcpcb-manufacturing-specs tarball
    [507.68ms] Downloaded @skidding/launch-editor tarball
 LICENSE
 dist/static/index.html
 dist/static/favicon.ico
 dist/shared/applyServerConfigPlugins.js
 dist/utils/cli.js
 client.js
 dist/client.js
 bin/cosmos-export.js
 bin/cosmos-native.js
 bin/cosmos.js
 dist/cosmosConfig/createCosmosConfig.js
 dist/testHelpers/cwd.js
 dist/cosmosConfig/detectCosmosConfig.js
 dist/devServer/expressApp.js
 dist/cosmosPlugin/findCosmosPluginConfigs.js
 dist/shared/findNextAvailablePort.js
 dist/utils/findUp.js
 dist/userModules/findUserModulePaths.js
 dist/corePlugins/fixturesJsonPlugin.js
 dist/userModules/fixtureWatcher.js
 dist/corePlugins/fixtureWatcherPlugin.js
 dist/utils/fs.js
 dist/export/generateExport.js
 dist/userModules/generateUserImports.js
 dist/cosmosConfig/getCosmosConfigAtPath.js
 dist/getFixtures/getFixtures.js
 dist/shared/getServerPlugins.js
 dist/corePlugins/httpProxyPlugin.js
 dist/devServer/httpsCreds.js
 dist/devServer/httpServer.js
 dist/shared/importServerPlugins.js
 dist/getFixtures/importUserModules.js
 dist/corePlugins/index.js
 dist/index.js
 index.js
 dist/utils/isNodeError.js
 dist/utils/json.js
 dist/shared/logPluginInfo.js
 dist/devServer/messageHandler.js
 dist/testHelpers/mockConsole.js
 dist/testHelpers/mockFetch.js
 dist/testHelpers/mockFs.js
 dist/testHelpers/mockYargs.js
 dist/corePlugins/openFilePlugin.js
 dist/shared/playgroundHtml.js
 dist/shared/playgroundUrl.js
 dist/cosmosPlugin/pluginConfigs.js
 dist/corePlugins/pluginEndpointPlugin.js
 dist/corePlugins/portRetryPlugin.js
 dist/cosmosPlugin/readCosmosPluginConfig.js
 dist/shared/remoteRendererUrl.js
 dist/corePlugins/remoteRendererUrlPlugin.js
 dist/utils/requireModule.js
 dist/utils/resolve.js
 dist/utils/resolveLoose.js
 dist/utils/resolveSilent.js
 dist/shared/sendFile.js
 dist/shared/serverAddress.js
 dist/shared/serverFixtureList.js
 dist/cosmosConfig/shared.js
 dist/userModules/shared.js
 dist/utils/slash.js
 dist/devServer/startDevServer.js
 dist/shared/staticPath.js
 dist/shared/staticServer.js
 dist/cosmosConfig/types.js
 dist/cosmosPlugin/types.js
 dist/userModules/userImportsLazyTemplate.js
 dist/userModules/userImportsTemplate.js
 dist/vitest.js
 vitest.js
 dist/shared/webSocketUrl.js
 config.schema.json
 package.json
 README.md
 dist/shared/applyServerConfigPlugins.d.ts
 dist/utils/cli.d.ts
 client.d.ts
 dist/client.d.ts
 dist/cosmosConfig/createCosmosConfig.d.ts
 dist/testHelpers/cwd.d.ts
 dist/cosmosConfig/detectCosmosConfig.d.ts
 dist/devServer/expressApp.d.ts
 dist/cosmosPlugin/findCosmosPluginConfigs.d.ts
 dist/shared/findNextAvailablePort.d.ts
 dist/utils/findUp.d.ts
 dist/userModules/findUserModulePaths.d.ts
 dist/corePlugins/fixturesJsonPlugin.d.ts
 dist/userModules/fixtureWatcher.d.ts
 dist/corePlugins/fixtureWatcherPlugin.d.ts
 dist/utils/fs.d.ts
 dist/export/generateExport.d.ts
 dist/userModules/generateUserImports.d.ts
 dist/cosmosConfig/getCosmosConfigAtPath.d.ts
 dist/getFixtures/getFixtures.d.ts
 dist/shared/getServerPlugins.d.ts
 dist/corePlugins/httpProxyPlugin.d.ts
 dist/devServer/httpsCreds.d.ts
 dist/devServer/httpServer.d.ts
 dist/shared/importServerPlugins.d.ts
 dist/getFixtures/importUserModules.d.ts
 dist/corePlugins/index.d.ts
 dist/index.d.ts
 index.d.ts
 dist/utils/isNodeError.d.ts
 dist/utils/json.d.ts
 dist/shared/logPluginInfo.d.ts
 dist/devServer/messageHandler.d.ts
 dist/testHelpers/mockConsole.d.ts
 dist/testHelpers/mockFetch.d.ts
 dist/testHelpers/mockFs.d.ts
 dist/testHelpers/mockYargs.d.ts
 dist/corePlugins/openFilePlugin.d.ts
 dist/shared/playgroundHtml.d.ts
 dist/shared/playgroundUrl.d.ts
 dist/cosmosPlugin/pluginConfigs.d.ts
 dist/corePlugins/pluginEndpointPlugin.d.ts
 dist/corePlugins/portRetryPlugin.d.ts
 dist/cosmosPlugin/readCosmosPluginConfig.d.ts
 dist/shared/remoteRendererUrl.d.ts
 dist/corePlugins/remoteRendererUrlPlugin.d.ts
 dist/utils/requireModule.d.ts
 dist/utils/resolve.d.ts
 dist/utils/resolveLoose.d.ts
 dist/utils/resolveSilent.d.ts
 dist/shared/sendFile.d.ts
 dist/shared/serverAddress.d.ts
 dist/shared/serverFixtureList.d.ts
 dist/cosmosConfig/shared.d.ts
 dist/userModules/shared.d.ts
 dist/utils/slash.d.ts
  .github/
 .github/workflows/
 .github/workflows/bun-formatcheck.yml
 .github/workflows/bun-typecheck.yml
 .gitignore
 LICENSE
 README.md
 biome.json
 bunfig.toml
 index.ts
 lib/
 lib/jlcpcb-manufacturing-specs.ts
 package.json
 tsconfig.json
[@tscircuit/jlcpcb-manufacturing-specs] Extract .3afb37ef5566d948-0000001C.jlcpcb-manufacturing-specs (decompressed 3.93 KB tgz file in 33.416us)
[@tscircuit/jlcpcb-manufacturing-specs] Extracted to .3afb37ef5566d948-0000001C.jlcpcb-manufacturing-specs (1.646ms)
 LICENSE
 get-args.js
 guess.js
 index.js
 editor-info/linux.js
 editor-info/macos.js
 editor-info/windows.js
 package.json
 index.d.ts
[@skidding/launch-editor] Extract .fbdfbdbfc57ff65a-0000001B.launch-editor (decompressed 6.28 KB tgz file in 63.375us)
[@skidding/launch-editor] Extracted to .fbdfbdbfc57ff65a-0000001B.launch-editor (2.195ms)
[PackageManager] waiting for 44 tasks
dist/devServer/startDevServer.d.ts
 dist/shared/staticPath.d.ts
 dist/shared/staticServer.d.ts
 dist/cosmosConfig/types.d.ts
 dist/cosmosPlugin/types.d.ts
 dist/userModules/userImportsLazyTemplate.d.ts
 dist/userModules/userImportsTemplate.d.ts
 dist/vitest.d.ts
 vitest.d.ts
 dist/shared/webSocketUrl.d.ts
[react-cosmos] Extract .fbdbbfaf3fdfefee-0000001A.react-cosmos (decompressed 30.63 KB tgz file in 176.292us)
[react-cosmos] Extracted to .fbdbbfaf3fdfefee-0000001A.react-cosmos (29.83ms)
< 200 OK
< Access-Control-Allow-Origin: https://render.githubusercontent.com
< content-disposition: attachment; filename=tscircuit-via-stitch-solver-64f2ac7.tar.gz
< Content-Length: 60294
< Content-Security-Policy: default-src 'none'; style-src 'unsafe-inline'; sandbox
< Content-Type: application/x-gzip
< cross-origin-resource-policy: cross-origin
< ETag: W/"d6317dd1c53479937038d3249784296c6bf71520c5ec06ff80dbb9edbf1cefc0"
< Strict-Transport-Security: max-age=31536000
< Vary: Authorization,Accept-Encoding
< X-Content-Type-Options: nosniff
< X-Frame-Options: deny
< X-XSS-Protection: 1; mode=block
< Date: Sat, 03 Oct 2026 22:31:12 GMT
< X-GitHub-Request-Id: F00F:8CD5D:594DE1:8993EC:6AC18230
< x-github-edge-region: fra

[PackageManager] waiting for 43 tasks
[PackageManager] waiting for 42 tasks
< 200 OK
< Date: Sat, 03 Oct 2026 22:31:12 GMT
< Content-Type: application/octet-stream
< Content-Length: 5630
< Connection: keep-alive
< set-cookie: __cf_bm=TeTeOrax6TaVJgBIta.T55XwFiyemHvOYy2_um1WTk4-1791066672.8713775-1.0.1.1-HhcGZqhK.CbhTkFLQeKeEMC0dYJWEhnSOuxA3JWh0PYnT1KfK.kVu_IpuGkHLLWCH1j_fhcS7xe_WH1B3jhQ9AQUQ1YpDIo9stfP5.SQt35hKG4YGqfMXlJ_d54F1Spb; HttpOnly; SameSite=None; Secure; Path=/; Domain=npmjs.org; Expires=Sat, 03 Oct 2026 23:01:12 GMT
< set-cookie: _cfuvid=y8lhdjIiobZr1HNgYBy.Aw_f.M_rETiu9HIZb8AeYVk-1791066672.8713775-1.0.1.1-sCHzGnagYKlIBmQ79cIoYgjRCHzJui9yFSBVdKV5VMU; HttpOnly; SameSite=None; Secure; Path=/; Domain=npmjs.org
< CF-Ray: a44f65517cfc7c08-TIA
< CF-Cache-Status: HIT
< Accept-Ranges: bytes
< Access-Control-Allow-Origin: *
< Age: 1230366
< Cache-Control: public, immutable, max-age=31557600
< ETag: "4def415e44b9ef8d57333430e4e58eb4"
< Last-Modified: Thu, 20 Aug 2026 16:45:06 GMT
< Server: cloudflare

[PackageManager] waiting for 41 tasks
    [64.93ms] Downloaded negotiator tarball
 LICENSE
 lib/accept.js
 lib/charset.js
 lib/encoding.js
 index.js
 lib/language.js
 lib/mediaType.js
 package.json
 README.md
[negotiator] Extract .98ffadbf43fffd78-0000001D.negotiator (decompressed 5.63 KB tgz file in 13.791us)
[negotiator] Extracted to .98ffadbf43fffd78-0000001D.negotiator (707.458us)
[PackageManager] waiting for 41 tasks
< 200 OK
< Date: Sat, 03 Oct 2026 22:31:12 GMT
< Content-Type: application/octet-stream
< Content-Length: 3578
< Connection: keep-alive
< set-cookie: __cf_bm=YXBRR3FxMdUYHlgRzzD3hmwQs1TsE5NI2VdXDvmnhgQ-1791066672.8767796-1.0.1.1-MUYhshVTilAWWj1U5YyTj8FIDl0KBlaVbj0ve7ZgLOFE3X9PWcL.Zw6vcy5GKCdKNyqIlFNH_XnY.EPkMSmjrnQPyobG4r_vsWAChJWXjaGx8sa2yr_qDj4moZ453fMA; HttpOnly; SameSite=None; Secure; Path=/; Domain=npmjs.org; Expires=Sat, 03 Oct 2026 23:01:12 GMT
< set-cookie: _cfuvid=DoFpsWsBDNCP6z7VEIdrqWO6EFmf9.AsYFjlg0u9xSU-1791066672.8767796-1.0.1.1-cckQx1xVb6guIdRREVJq2WervoOqjJ_pBcYaKJkMMiI; HttpOnly; SameSite=None; Secure; Path=/; Domain=npmjs.org
< CF-Ray: a44f65517d17bd99-TIA
< CF-Cache-Status: HIT
< Accept-Ranges: bytes
< Access-Control-Allow-Origin: *
< Age: 418149
< Cache-Control: public, immutable, max-age=31557600
< ETag: "5e15ca3eae89129f09e24a1bd3c8a969"
< Last-Modified: Fri, 02 Jan 2026 13:12:05 GMT
< Server: cloudflare

[PackageManager] waiting for 40 tasks
    [134.19ms] Downloaded wsl-utils tarball
 license
 index.js
 utilities.js
 package.json
 readme.md
 index.d.ts
[wsl-utils] Extract .dfff67a6ff3feb9d-0000001E.wsl-utils (decompressed 3.58 KB tgz file in 20.708us)
[wsl-utils] Extracted to .dfff67a6ff3feb9d-0000001E.wsl-utils (455.792us)
[PackageManager] waiting for 40 tasks
< 200 OK
< Date: Sat, 03 Oct 2026 22:31:12 GMT
< Content-Type: application/octet-stream
< Content-Length: 7066
< Connection: keep-alive
< set-cookie: __cf_bm=8dN7QjwkyMfPwFFsmfmgjTW8Y4hywGKPOP5eiJMpaJU-1791066672.8893697-1.0.1.1-V6xXyWdumPMPGTk8huxIESdOCzX3_.P0RpeOOG8SzgjpA47vED9pVCxauxZDag9YIjFHja0h9R0GfvDxanfUnrCv.UJCP6GtQCam9de5yecfjDSk7XaTyScsW4iDfzZb; HttpOnly; SameSite=None; Secure; Path=/; Domain=npmjs.org; Expires=Sat, 03 Oct 2026 23:01:12 GMT
< set-cookie: _cfuvid=CF13TuFqYYcsOj.IDeIpCs1EM7UrSW3wTJ6hDa8ksHU-1791066672.8893697-1.0.1.1-TYQK4gghWGRqreottTvVWUmk9CBRPdL_CiOFDPix4U0; HttpOnly; SameSite=None; Secure; Path=/; Domain=npmjs.org
< CF-Ray: a44f65518d147c08-TIA
< CF-Cache-Status: HIT
< Accept-Ranges: bytes
< Access-Control-Allow-Origin: *
< Age: 1745378
< Cache-Control: public, immutable, max-age=31557600
< ETag: "cbf9bffc565741603fc1642ab7824024"
< Last-Modified: Tue, 07 Apr 2026 21:07:55 GMT
< Server: cloudflare

[PackageManager] waiting for 39 tasks
    [137.94ms] Downloaded content-disposition tarball
 LICENSE
 index.js
 package.json
 README.md
[content-disposition] Extract .5dff35bec7d53def-0000001F.content-disposition (decompressed 7.1 KB tgz file in 0ns)
[content-disposition] Extracted to .5dff35bec7d53def-0000001F.content-disposition (518.083us)
[PackageManager] waiting for 39 tasks
< 200 OK
< Date: Sat, 03 Oct 2026 22:31:12 GMT
< Content-Type: application/octet-stream
< Content-Length: 6752
< Connection: keep-alive
< set-cookie: __cf_bm=9z4lWrOUdw0vf43Z5WqUHRWPEvBtN6Auph8YgKzploc-1791066672.890135-1.0.1.1-GB6LhYXpgbablvkpyKH6obqXM.PVRP17BBtfyq3j0mzA8fIlYQ2.f1gtlMVxze8O0465QXINkwQS.8rVrRbNNnqsupPyZNCHvctwHbnlfUigC0dClJghYzPBQu6A8egJ; HttpOnly; SameSite=None; Secure; Path=/; Domain=npmjs.org; Expires=Sat, 03 Oct 2026 23:01:12 GMT
< set-cookie: _cfuvid=aLrS1Ecm.1.TLghlvdztLJauemO5fK0A1ERvzsqnfqA-1791066672.890135-1.0.1.1-YcKqEC1cmMnU6FxnTBUoLSmIjV3V2UvBKcECWOvhhxc; HttpOnly; SameSite=None; Secure; Path=/; Domain=npmjs.org
< CF-Ray: a44f65518b4ca5b3-TIA
< CF-Cache-Status: HIT
< Accept-Ranges: bytes
< Access-Control-Allow-Origin: *
< Age: 168169
< Cache-Control: public, immutable, max-age=31557600
< ETag: "4266b6adaa521082425b3419409ddb0e"
< Last-Modified: Wed, 13 May 2026 15:30:26 GMT
< Server: cloudflare

[PackageManager] waiting for 38 tasks
    [138.38ms] Downloaded type-is tarball
 LICENSE
 index.js
 package.json
 HISTORY.md
 README.md
[type-is] Extract .1aff2fa7cdb5e6f6-00000020.type-is (decompressed 6.75 KB tgz file in 39.542us)
[type-is] Extracted to .1aff2fa7cdb5e6f6-00000020.type-is (418.25us)
[PackageManager] waiting for 38 tasks
< 200 OK
< Date: Sat, 03 Oct 2026 22:31:12 GMT
< Content-Type: application/octet-stream
< Content-Length: 101468
< Connection: keep-alive
< set-cookie: __cf_bm=e7bVBD0dJthGyqydx8xxD9MMgNi0bnY88HhITx4zVBA-1791066672.899974-1.0.1.1-zy9.OXJxeGX.FqFl5Db9s1LNlFUQWY0od3fQJ03I_HE2.z9KOGEGKjUkKyhwWdqIAoDghJuB_lOREY8_5lxCxBZ1Xq.UMv5KzJCNwIPi6llIWmLSJIupUpKY0wSPXLpu; HttpOnly; SameSite=None; Secure; Path=/; Domain=npmjs.org; Expires=Sat, 03 Oct 2026 23:01:12 GMT
< set-cookie: _cfuvid=KXGPNymfr9tsiUzJLQQiWztj89_nvxNThGJGa1w2D5g-1791066672.899974-1.0.1.1-bCLQPTgfXKViqj7JZEzv7cPgSp2kFPoaG_pfJca4R.M; HttpOnly; SameSite=None; Secure; Path=/; Domain=npmjs.org
< CF-Ray: a44f65519d38bd99-TIA
< CF-Cache-Status: HIT
< Accept-Ranges: bytes
< Access-Control-Allow-Origin: *
< Age: 397048
< Cache-Control: public, immutable, max-age=31557600
< ETag: "9eaa09bfd65a4ae38559d2dad80b8e59"
< Last-Modified: Thu, 19 Feb 2026 17:20:01 GMT
< Server: cloudflare

< 200 OK
< Date: Sat, 03 Oct 2026 22:31:12 GMT
< Content-Type: application/octet-stream
< Content-Length: 20655
< Connection: keep-alive
< set-cookie: __cf_bm=o7wSqijfa6nGzC6pYyvEEyVV8luM65NKuLQYXwCbqoc-1791066672.9001951-1.0.1.1-t9wRAu4LYTyAUISOmDV5RrKbToxzUiH5aExfExwAUtXExxtztks8guLnpO9.32VrlpjzCyDlqyhV1RHV.Gjpp73ByEmtzb84liJKH58fsmp7Nipqm9tjh5eXPw7CXFAk; HttpOnly; SameSite=None; Secure; Path=/; Domain=npmjs.org; Expires=Sat, 03 Oct 2026 23:01:12 GMT
< set-cookie: _cfuvid=qifvctvJHl1SXsDdGWJB9fQGfS1DRAJWcj21GW53P28-1791066672.9001951-1.0.1.1-bgQoRNzV9zN4FZzaTGNUx2QB1MnD0.a7jIQA_p4Tt.s; HttpOnly; SameSite=None; Secure; Path=/; Domain=npmjs.org
< CF-Ray: a44f65519d397c08-TIA
< CF-Cache-Status: HIT
< Accept-Ranges: bytes
< Access-Control-Allow-Origin: *
< Age: 1480432
< Cache-Control: public, immutable, max-age=31557600
< ETag: "45da8347e1e3e241c0fd28aef4264bd9"
< Last-Modified: Mon, 17 Aug 2026 19:16:20 GMT
< Server: cloudflare

< 200 OK
< Date: Sat, 03 Oct 2026 22:31:12 GMT
< Content-Type: application/octet-stream
< Content-Length: 5463
< Connection: keep-alive
< set-cookie: __cf_bm=mV7XrBUaY9IBwtgJjvwrvUcFTR8RcoE9m2ojBQJ4JZU-1791066672.9000642-1.0.1.1-yhXBmcJeffAy3sKaDjpbxL2sXS6j0v2kBJKpqaHXNtc3H0k_L.gcRlfTtxoO8x2YoOZuRZrbh3xl2H_jGhykX5jsPRRGWxKpf0ET.kHh3NY_fgJEpK.yqSUN.kCIsM8Q; HttpOnly; SameSite=None; Secure; Path=/; Domain=npmjs.org; Expires=Sat, 03 Oct 2026 23:01:12 GMT
< set-cookie: _cfuvid=tMi4HCI.0w7TV4dIxyAApR8nnCIMNzxnpIkS0gDSJMY-1791066672.9000642-1.0.1.1-jaDkzfA__YpymYT_HaIOtUgd7EkSFTylfqgSkinY4ds; HttpOnly; SameSite=None; Secure; Path=/; Domain=npmjs.org
< CF-Ray: a44f65519d37bd99-TIA
< CF-Cache-Status: HIT
< Accept-Ranges: bytes
< Access-Control-Allow-Origin: *
< Age: 405994
< Cache-Control: public, immutable, max-age=31557600
< ETag: "859edb117b12e26369adb4c319462684"
< Last-Modified: Mon, 15 Dec 2025 19:17:33 GMT
< Server: cloudflare

< 200 OK
< Date: Sat, 03 Oct 2026 22:31:12 GMT
< Content-Type: application/octet-stream
< Content-Length: 697866
< Connection: keep-alive
< set-cookie: __cf_bm=TBsZLFEAPZJyIfPcCcAp4WanEs3IuZ_G1q99BdgDoaA-1791066672.9000132-1.0.1.1-_OadU8k8GIspmeva8iloZg3tR8fgMDMyoskB7ixJb4OX45xPLoPHv69w._KhKxxsVEuheTZfCK.Jzs_47o72LYOHrv0gsmzjTDmpAuGhFrpPdfdqoyZolneOFtUnQY7E; HttpOnly; SameSite=None; Secure; Path=/; Domain=npmjs.org; Expires=Sat, 03 Oct 2026 23:01:12 GMT
< set-cookie: _cfuvid=2JlIc9c3mjcsJL36.Rhik.s_I9JJn3vPGAt.fVTxWYc-1791066672.9000132-1.0.1.1-q26ABkw5rQQpHfJGDmuBeHbOJzRwT0jJV0fcupIrifs; HttpOnly; SameSite=None; Secure; Path=/; Domain=npmjs.org
< CF-Ray: a44f65519d235f50-TIA
< CF-Cache-Status: HIT
< Accept-Ranges: bytes
< Access-Control-Allow-Origin: *
< Age: 1291478
< Cache-Control: public, immutable, max-age=31557600
< ETag: "c46533e6fd5e22bc24a7990bdd6aee5e"
< Last-Modified: Fri, 18 Sep 2026 23:46:34 GMT
< Server: cloudflare

[PackageManager] waiting for 37 tasks
< 200 OK
< Date: Sat, 03 Oct 2026 22:31:12 GMT
< Content-Type: application/octet-stream
< Content-Length: 14251
< Connection: keep-alive
< set-cookie: __cf_bm=3D7HDgeNNBQvKP6MKZ9grsg2hXjwgCItINOiGLx2P.I-1791066672.9001987-1.0.1.1-wofLgUvBXsHnzKwtp9wMyvGViQNZntnNlH1ahbmsGTr7Z4QDtgmAKlcJlNQQnZjqA6yIzBaemU5H0JJoaWx1XlVBm8ii6jCeyDlCQw.uD5GbZz3l9Ayb9vvIU8eMcTf6; HttpOnly; SameSite=None; Secure; Path=/; Domain=npmjs.org; Expires=Sat, 03 Oct 2026 23:01:12 GMT
< set-cookie: _cfuvid=IumeIjGLcSDibnjhC_o3lMlUKgUf5RAaRdvn056HvNE-1791066672.9001987-1.0.1.1-3QnFC0tw4CJi2UHxMH_sqdZm4S213A42JXgYtFggjnk; HttpOnly; SameSite=None; Secure; Path=/; Domain=npmjs.org
< CF-Ray: a44f655199c2f474-TIA
< CF-Cache-Status: HIT
< Accept-Ranges: bytes
< Access-Control-Allow-Origin: *
< Age: 206976
< Cache-Control: public, immutable, max-age=31557600
< ETag: "2471ff2a8186ba8144669f3bb7e158ad"
< Last-Modified: Thu, 27 Mar 2025 00:38:20 GMT
< Server: cloudflare

    [143.65ms] Downloaded react-cosmos-renderer tarball
    [149.50ms] Downloaded serve-static tarball
[PackageManager] waiting for 37 tasks
< 200 OK
< Date: Sat, 03 Oct 2026 22:31:12 GMT
< Content-Type: application/octet-stream
< Content-Length: 6227
< Connection: keep-alive
< set-cookie: __cf_bm=50qgZZ2bp8VuF3BLxOaALaRwjPgRaFwK0MlJYP6Ehe4-1791066672.900191-1.0.1.1-4W7BvJJXG.hldgIu7vp9AHB1bNGyapDoyRXF9OZOLo6DwlKL5QkaQytXtFRgUz8y92_nBdaM3hw27sGUSsZeRFK.yG9ticLPl.KJ7h6yuujempij5mbYMajIBkmh1wSn; HttpOnly; SameSite=None; Secure; Path=/; Domain=npmjs.org; Expires=Sat, 03 Oct 2026 23:01:12 GMT
< set-cookie: _cfuvid=7cI0Gw26eCmPitdwYSmnaWfw5X9tgKGguGzQyqrLK9U-1791066672.900191-1.0.1.1-a2yRhafuKX8sOJKJYRvGJgWRmC2.OynFKh9MXdMmueo; HttpOnly; SameSite=None; Secure; Path=/; Domain=npmjs.org
< CF-Ray: a44f65519f699b00-TIA
< CF-Cache-Status: HIT
< Accept-Ranges: bytes
< Access-Control-Allow-Origin: *
< Age: 332836
< Cache-Control: public, immutable, max-age=31557600
< ETag: "71145c55e4f7883b173ea98556a7acf8"
< Last-Modified: Thu, 13 Aug 2026 20:32:59 GMT
< Server: cloudflare

< 200 OK
< Date: Sat, 03 Oct 2026 22:31:12 GMT
< Content-Type: application/octet-stream
< Content-Length: 2013
< Connection: keep-alive
< set-cookie: __cf_bm=visZAZRuvOqFIanFr4JcusbwnZifWTQe0GgzHEhT5hc-1791066672.8999836-1.0.1.1-bkwfYnKmdqwzGvwWdy8ZmBSgRFObzxwgL3Wh_VFXNRlvKEBwxF0QOJD5peJRyqjUifY2h_EOxwqVwWbgbiem3qNCuqfNDpA1F0NNypFpgrY1c8jyfXV8gLnTgOGetGXa; HttpOnly; SameSite=None; Secure; Path=/; Domain=npmjs.org; Expires=Sat, 03 Oct 2026 23:01:12 GMT
< set-cookie: _cfuvid=dT69ZKwB_mkZESrX5I8xVeepJQHP0FHFpTtm78zi0Zk-1791066672.8999836-1.0.1.1-lcLYjMfZ9SwFdnraO4_OYiJNXjr10ocgwmPIaWGB3NU; HttpOnly; SameSite=None; Secure; Path=/; Domain=npmjs.org
< CF-Ray: a44f655199bff474-TIA
< CF-Cache-Status: HIT
< Accept-Ranges: bytes
< Access-Control-Allow-Origin: *
< Age: 389028
< Cache-Control: public, immutable, max-age=31557600
< ETag: "4f21f0176cf0bc84bce3c2d118d258c8"
< Last-Modified: Thu, 16 Nov 2023 18:49:22 GMT
< Server: cloudflare

[PackageManager] waiting for 37 tasks
    [143.92ms] Downloaded merge-descriptors tarball
[PackageManager] waiting for 37 tasks
< 200 OK
< Date: Sat, 03 Oct 2026 22:31:12 GMT
< Content-Type: application/octet-stream
< Content-Length: 11135
< Connection: keep-alive
< set-cookie: __cf_bm=HXbws6Y8D3EWgpePar6xV0YAJrxV3jHeNPbRUAoclqY-1791066672.8999717-1.0.1.1-n6O2YJm1Jk.q0w3aqbFWrB1jhaYritkbFUWaU_WxxW_5aOaJQnw_Rs3akRWr5blKRagpF34aD5Iu_sQVEOvTXalTeXirbzNoO6ctWYMwiAl8s7xLMNurPXSyrdhnxuKh; HttpOnly; SameSite=None; Secure; Path=/; Domain=npmjs.org; Expires=Sat, 03 Oct 2026 23:01:12 GMT
< set-cookie: _cfuvid=JIrTCkpJVpXpKWtvLnTw4DEYcZMG.Po3WQi21cuTwcg-1791066672.8999717-1.0.1.1-PECctGtdiUscSYUU1Y0PZ1m4dr062YyPk0eexa9slI8; HttpOnly; SameSite=None; Secure; Path=/; Domain=npmjs.org
< CF-Ray: a44f655199c3f474-TIA
< CF-Cache-Status: HIT
< Accept-Ranges: bytes
< Access-Control-Allow-Origin: *
< Age: 104493
< Cache-Control: public, immutable, max-age=31557600
< ETag: "2c57d380a4197da51584c441ddee937c"
< Last-Modified: Mon, 15 Jun 2026 10:46:14 GMT
< Server: cloudflare

    [143.26ms] Downloaded router tarball
< 200 OK
< Date: Sat, 03 Oct 2026 22:31:12 GMT
< Content-Type: application/octet-stream
< Content-Length: 2524
< Connection: keep-alive
< set-cookie: __cf_bm=GD5WIAVxQfgYZ6VJKrB6gnNRwLMrFYBiUR1ylV4Zrmo-1791066672.900019-1.0.1.1-Eyl_WJ95oeorhSY1GgOU1jsy69qiHX42yxo5MXq9cUDWPBQKCXmhR4bfK49jtDp53evm9QKRVtv7Hhpt_GmEFgD7g.CwO9BDbYLI2BaspFDwLcTbx0qjMT0e8F12KWyA; HttpOnly; SameSite=None; Secure; Path=/; Domain=npmjs.org; Expires=Sat, 03 Oct 2026 23:01:12 GMT
< set-cookie: _cfuvid=TUMg2WNwQ6kZLQU1x4b5Nr3pY_ehzqxfeE2OMJXa8dw-1791066672.900019-1.0.1.1-HcbH6ohPFLLPH58GwdYDzsyLn9XaiYj4gyJTEqPa_kc; HttpOnly; SameSite=None; Secure; Path=/; Domain=npmjs.org
< CF-Ray: a44f65519d215f50-TIA
< CF-Cache-Status: HIT
< Accept-Ranges: bytes
< Access-Control-Allow-Origin: *
< Age: 2299070
< Cache-Control: public, immutable, max-age=31557600
< ETag: "523e4a46cbe67f11a67b8e460b798fd8"
< Last-Modified: Tue, 29 Oct 2024 19:39:49 GMT
< Server: cloudflare

[PackageManager] waiting for 37 tasks
    [145.12ms] Downloaded cookie-signature tarball
< 200 OK
< Date: Sat, 03 Oct 2026 22:31:12 GMT
< Content-Type: application/octet-stream
< Content-Length: 1891
< Connection: keep-alive
< set-cookie: __cf_bm=aZQdHh6FHGk1z96mBf8Uln3SzC08dMkQ74WGeBQx7lc-1791066672.9000738-1.0.1.1-Cxx8_.KO0Hgi_Spw9jynogB3eHHuEWPwfbTDHvRQWobZGNcfLUkmVIQVWSdTf29fwDu5KCuNX9VbY8RKf8w67t_LXfJjN_r6sS.bHJ6sQc6cp3f4cSXc8gzeULo1xJFV; HttpOnly; SameSite=None; Secure; Path=/; Domain=npmjs.org; Expires=Sat, 03 Oct 2026 23:01:12 GMT
< set-cookie: _cfuvid=H6enf5FX3svQcwnIhZpKjDXFC9YnJbv5BeUBa73cP74-1791066672.9000738-1.0.1.1-PRIaE.6d2htFO.SmXryY1K3fRZUdoOEufFpICsc3_Nc; HttpOnly; SameSite=None; Secure; Path=/; Domain=npmjs.org
< CF-Ray: a44f65519f689b00-TIA
< CF-Cache-Status: HIT
< Accept-Ranges: bytes
< Access-Control-Allow-Origin: *
< Age: 2371435
< Cache-Control: public, immutable, max-age=31557600
< ETag: "1779b0ee5932d0193754046dc700a8f3"
< Last-Modified: Wed, 12 Nov 2025 15:31:50 GMT
< Server: cloudflare

[PackageManager] waiting for 37 tasks
    [145.14ms] Downloaded is-in-ssh tarball
[PackageManager] waiting for 37 tasks
    [146.32ms] Downloaded content-type tarball
< 200 OK
< Date: Sat, 03 Oct 2026 22:31:12 GMT
< Content-Type: application/octet-stream
< Content-Length: 76475
< Connection: keep-alive
< set-cookie: __cf_bm=JgW.vAq3b5HKNxqJYk5rRrNRsnTId11cCe3aHtS7YJQ-1791066672.900697-1.0.1.1-oKeBjcF0ZRLScWSOiL9fEhQBMPD2CN.BcSDwecVGkO261q_9TEhNxP3tRRaYqVb59llhhHKVrsnCIPIZKCVwtPsoQmbus4qmf3W4fg5u5yXeJvnKhHLEMFU1rQqt8rXm; HttpOnly; SameSite=None; Secure; Path=/; Domain=npmjs.org; Expires=Sat, 03 Oct 2026 23:01:12 GMT
< set-cookie: _cfuvid=kdaoAOnajLFRXg0CWDal8kfa8h9Zz.UtCVURtonrOEo-1791066672.900697-1.0.1.1-0Oelo1jvM1tePX5wCh38Gtr5E2xOYhu9b59nwz8J9J8; HttpOnly; SameSite=None; Secure; Path=/; Domain=npmjs.org
< CF-Ray: a44f65519f669b00-TIA
< CF-Cache-Status: HIT
< Accept-Ranges: bytes
< Access-Control-Allow-Origin: *
< Age: 2291854
< Cache-Control: public, immutable, max-age=31557600
< ETag: "b85040775bbb0e4cf19ea4fabc7b7f0a"
< Last-Modified: Sat, 29 Aug 2026 23:50:17 GMT
< Server: cloudflare

 LICENSE
 index.js
 package.json
 README.md
[serve-static] Extract .19fffdaecdfcbfbd-00000021.serve-static (decompressed 5.46 KB tgz file in 27.542us)
[serve-static] Extracted to .19fffdaecdfcbfbd-00000021.serve-static (2.115ms)
< 200 OK
< Date: Sat, 03 Oct 2026 22:31:12 GMT
< Content-Type: application/octet-stream
< Content-Length: 755647
< Connection: keep-alive
< set-cookie: __cf_bm=2rFkxHiwB1VayQfwEP3Cd3gq6Dz0OjKeKa0i5V.JUM8-1791066672.9000883-1.0.1.1-Ht.S48OC3Dan3DvKua1dSWepfWIlrCbHM9cH7y0D23NiFoh4kCYFZyp8NOC6KohFUzm6yoyNPPb.7_aGQpGSrXNhAm3HHlbEkcXijbIOndnVddoQbl81ja8kpbrAFxDd; HttpOnly; SameSite=None; Secure; Path=/; Domain=npmjs.org; Expires=Sat, 03 Oct 2026 23:01:12 GMT
< set-cookie: _cfuvid=IpoXos5ilmwvmbRSqmyI7Eq6GZhDdOUgSx67JMk9kSc-1791066672.9000883-1.0.1.1-nPox5sVsE3Wfk46B6An0H2erQH7D9sm4B6ajqqzeePw; HttpOnly; SameSite=None; Secure; Path=/; Domain=npmjs.org
< CF-Ray: a44f65519d377c08-TIA
< CF-Cache-Status: HIT
< Accept-Ranges: bytes
< Access-Control-Allow-Origin: *
< Age: 1941019
< Cache-Control: public, immutable, max-age=31557600
< ETag: "d6576b9c718d61617cc851616684964a"
< Last-Modified: Mon, 17 Aug 2026 19:16:21 GMT
< Server: cloudflare

 LICENSE
 dist/index.js
 package.json
 dist/index.js.map
 README.md
 dist/index.d.ts
 license
 index.js
 package.json
 readme.md
 index.d.ts
[is-in-ssh] Extract .5dfb25a7d94ffe9b-00000026.is-in-ssh (decompressed 1.89 KB tgz file in 11.625us)
[is-in-ssh] Extracted to .5dfb25a7d94ffe9b-00000026.is-in-ssh (1.115ms)
[content-type] Extract .dcff77eff9ef6e7b-00000027.content-type (decompressed 6.23 KB tgz file in 0ns)
[content-type] Extracted to .dcff77eff9ef6e7b-00000027.content-type (790.416us)
 LICENSE
 index.js
 package.json
 History.md
 Readme.md
[PackageManager] waiting for 37 tasks
[cookie-signature] Extract .58fbe5eecefb3f6c-00000025.cookie-signature (decompressed 2.52 KB tgz file in 0ns)
[cookie-signature] Extracted to .58fbe5eecefb3f6c-00000025.cookie-signature (2.121ms)
 license
 index.js
 package.json
 readme.md
 index.d.ts
[merge-descriptors] Extract .fcdf2da75ff7df79-00000023.merge-descriptors (decompressed 2.0 KB tgz file in 3.583us)
[merge-descriptors] Extracted to .fcdf2da75ff7df79-00000023.merge-descriptors (2.611ms)
< 200 OK
< Date: Sat, 03 Oct 2026 22:31:12 GMT
< Content-Type: application/octet-stream
< Content-Length: 8220
< Connection: keep-alive
< set-cookie: __cf_bm=.9wVENtX38YjUVGeUXVwS7VJH_Ect306BAMRz_ojlsA-1791066672.9001331-1.0.1.1-2iprsO6A87uEce1qNc_19SoNN4OS2u5aPXLCE3pSazsbFyRZpmwbwhbqsMnEvAik0cLl3oi9FUGN7vghpDHrO2qyS0lPaDFmayqv1utBxQvIXjrczeHvFIpHjN0AjuxB; HttpOnly; SameSite=None; Secure; Path=/; Domain=npmjs.org; Expires=Sat, 03 Oct 2026 23:01:12 GMT
< set-cookie: _cfuvid=7QR3g6w4g0hixnJIXQnmM57SSoeM9ttt7cLGCfxdjwY-1791066672.9001331-1.0.1.1-JM__6zPwT0z0bnvTyt_eI3ofCUtvVm6kl4d6xeVzRQA; HttpOnly; SameSite=None; Secure; Path=/; Domain=npmjs.org
< CF-Ray: a44f65519d367c08-TIA
< CF-Cache-Status: HIT
< Accept-Ranges: bytes
< Access-Control-Allow-Origin: *
< Age: 207685
< Cache-Control: public, immutable, max-age=31557600
< ETag: "733ab516f94a2b57236feec90ceaa2bc"
< Last-Modified: Mon, 07 Oct 2024 03:41:30 GMT
< Server: cloudflare

 LICENSE
 index.js
 lib/layer.js
 lib/route.js
 package.json
 HISTORY.md
 README.md
[router] Extract .9edb3de6fffff7f0-00000024.router (decompressed 14.25 KB tgz file in 0ns)
[router] Extracted to .9edb3de6fffff7f0-00000024.router (2.653ms)
[PackageManager] waiting for 36 tasks
[PackageManager] waiting for 35 tasks
[PackageManager] waiting for 34 tasks
[PackageManager] waiting for 33 tasks
[PackageManager] waiting for 32 tasks
< 200 OK
< Date: Sat, 03 Oct 2026 22:31:12 GMT
< Content-Type: application/octet-stream
< Content-Length: 3230
< Connection: keep-alive
< set-cookie: __cf_bm=hmxXr3lVr2B5lsG_UGoRigRD5g3EWCuyPpM5LcbvKqw-1791066672.9000807-1.0.1.1-VvC__40eGzolafJKVbhn5egMhecT5XEX4rjBBhwJbbRyhTMTGiQl2jhGduhZzHmm6dpuYGv2MqpxUBPNMXWqpc_OAkkeVut6oxZpvaKk5qbv2CT4sPsfzHMgs4L__g0n; HttpOnly; SameSite=None; Secure; Path=/; Domain=npmjs.org; Expires=Sat, 03 Oct 2026 23:01:12 GMT
< set-cookie: _cfuvid=eU9Lq.PtuqbLPPsLQP6LBLPERh4Gm8CMTYK..9AEo2w-1791066672.9000807-1.0.1.1-KhsX_yT4PjR5wUHCpfAzeElZ7c0g.147TXMZ.mTfg6M; HttpOnly; SameSite=None; Secure; Path=/; Domain=npmjs.org
< CF-Ray: a44f65519d3a7c08-TIA
< CF-Cache-Status: HIT
< Accept-Ranges: bytes
< Access-Control-Allow-Origin: *
< Age: 64170
< Cache-Control: public, immutable, max-age=31557600
< ETag: "d226623cf0580dc5a7ee9ed1064d2dee"
< Last-Modified: Sat, 15 Nov 2025 08:10:26 GMT
< Server: cloudflare

[PackageManager] waiting for 31 tasks
    [149.16ms] Downloaded powershell-utils tarball
[PackageManager] waiting for 31 tasks
    [150.26ms] Downloaded body-parser tarball
< 200 OK
< Date: Sat, 03 Oct 2026 22:31:12 GMT
< Content-Type: application/octet-stream
< Content-Length: 6341
< Connection: keep-alive
< set-cookie: __cf_bm=aXcx8IZUADOy0zfgJiCFKwXB8el2gJFefXI6BNtB90U-1791066672.900208-1.0.1.1-ax7ugK4.OkkzcV2Rz42GUw_7ShiudrDppuHmkUBltXBplSNxGUjpZaGygKwAsBF7XDd96dczt_kpL7yV2STStRo2KqPYXdmjcqXTjF4sHMnohb4cLRa70mpe5nIKeLNR; HttpOnly; SameSite=None; Secure; Path=/; Domain=npmjs.org; Expires=Sat, 03 Oct 2026 23:01:12 GMT
< set-cookie: _cfuvid=uXGSu7RG_ZqvpcYKwDgIVlrGlqEablkzeLWvS.bNBoI-1791066672.900208-1.0.1.1-dAJoZ7ZIte22mjIiTI4waOZQBYSErjhLLCv4UoEf9QM; HttpOnly; SameSite=None; Secure; Path=/; Domain=npmjs.org
< CF-Ray: a44f65519d387c08-TIA
< CF-Cache-Status: HIT
< Accept-Ranges: bytes
< Access-Control-Allow-Origin: *
< Age: 386749
< Cache-Control: public, immutable, max-age=31557600
< ETag: "3daf7f44f610b32b82750341ac58f2d2"
< Last-Modified: Mon, 01 Dec 2025 16:05:03 GMT
< Server: cloudflare

[PackageManager] waiting for 31 tasks
    [150.25ms] Downloaded finalhandler tarball
[PackageManager] waiting for 31 tasks
    [155.36ms] Downloaded cookie tarball
 LICENSE
 index.js
 package.json
 HISTORY.md
 README.md
[finalhandler] Extract .7bdb75ffd96dfffd-0000002A.finalhandler (decompressed 6.34 KB tgz file in 29.709us)
[finalhandler] Extracted to .7bdb75ffd96dfffd-0000002A.finalhandler (624.625us)
 license
 index.js
 package.json
 readme.md
 index.d.ts
[powershell-utils] Extract .bcfb77a779febffe-00000028.powershell-utils (decompressed 3.23 KB tgz file in 30.958us)
[powershell-utils] Extracted to .bcfb77a779febffe-00000028.powershell-utils (839.667us)
[PackageManager] waiting for 31 tasks
 LICENSE
 index.js
 package.json
 README.md
 SECURITY.md
[cookie] Extract .dddbbdb75fd7fdcf-0000002B.cookie (decompressed 8.22 KB tgz file in 45.291us)
[cookie] Extracted to .dddbbdb75fd7fdcf-0000002B.cookie (1.931ms)
 LICENSE
 index.js
 lib/types/json.js
 lib/types/raw.js
 lib/read.js
 lib/types/text.js
 lib/types/urlencoded.js
 lib/utils.js
 package.json
 README.md
[body-parser] Extract .1ffb65a77feed3fc-00000029.body-parser (decompressed 11.14 KB tgz file in 75.709us)
[body-parser] Extracted to .1ffb65a77feed3fc-00000029.body-parser (3.558ms)
[PackageManager] waiting for 29 tasks
[PackageManager] waiting for 28 tasks
    [158.98ms] Downloaded qs tarball
[PackageManager] waiting for 28 tasks
 .editorconfig
 .nycrc
 test/empty-keys-cases.js
 lib/formats.js
 lib/index.js
 lib/parse.js
 test/parse.js
 dist/qs.js
 lib/stringify.js
 test/stringify.js
 lib/utils.js
 test/utils.js
 package.json
 CHANGELOG.md
 LICENSE.md
 README.md
 .github/SECURITY.md
 .github/THREAT_MODEL.md
 eslint.config.mjs
 .github/FUNDING.yml
[qs] Extract .d9dbede7cbddb738-0000002C.qs (decompressed 76.48 KB tgz file in 288.166us)
[qs] Extracted to .d9dbede7cbddb738-0000002C.qs (6.574ms)
[PackageManager] waiting for 27 tasks
 LICENSE
 dist/moduleLoaders/AsyncModuleLoader.js
 dist/fixture/ClassStateMock.js
 client.js
 dist/client.js
 dist/fixtureLoaders/ClientFixtureLoader.js
 dist/fixtureModule/createFixtureNode.js
 dist/rendererConnect/createNoopRendererConnect.js
 dist/rendererConnect/createPostMessageConnect.js
 dist/rendererConnect/createWebSocketsConnect.js
 dist/fixtureModule/DecoratedFixture.js
 dist/fixtureModule/decorateFixture.js
 dist/fixtureLoaders/defaultRenderMessage.js
 dist/fixture/FixtureCapture/shared/nodeTree/elPath.js
 dist/fixture/FixtureCapture/shared/nodeTree/findElementPaths.js
 dist/fixture/FixtureCapture/shared/findRelevantElementPaths.js
 dist/fixture/FixtureCapture/FixtureCapture.js
 dist/fixture/FixtureContext.js
 dist/fixtureLoaders/FixtureLoaderConnect.js
 dist/fixtureModule/FixtureModule.js
 dist/fixtureModule/FixtureProvider.js
 dist/fixture/FixtureCapture/shared/nodeTree/getElementAtPath.js
 dist/moduleLoaders/importLazyFixtureModules.js
 dist/fixture/FixtureCapture/classState/decorateFixtureRefs/index.js
 dist/fixture/FixtureCapture/classState/index.js
 dist/fixture/FixtureCapture/props/index.js
 dist/fixture/FixtureCapture/shared/nodeTree/index.js
 dist/index.js
 index.js
 dist/fixture/FixtureCapture/classState/decorateFixtureRefs/isRefSupported.js
 dist/moduleLoaders/LazyModuleLoader.js
 dist/rendererConnect/RendererContext.js
 dist/rendererConnect/RendererProvider.js
 dist/fixtureLoaders/RendererSync.js
 dist/fixtureLoaders/SelectedFixture.js
 dist/fixtureLoaders/ServerFixtureLoader.js
 dist/fixture/FixtureCapture/shared/nodeTree/setElementAtPath.js
 dist/fixture/FixtureCapture/classState/shared.js
 dist/fixture/useFixtureSelect/shared.js
 dist/rendererConnect/StatefulRendererProvider.js
 dist/moduleLoaders/StaticModuleLoader.js
 dist/fixture/useCosmosNotification/useCosmosNotification.js
 dist/fixture/useFixtureInput/useCurrentInputValue.js
 dist/fixture/useFixtureSelect/useCurrentSelectValue.js
 dist/fixture/FixtureCapture/classState/useFixtureClassState.js
 dist/fixture/useFixtureInput/useFixtureInput.js
 dist/fixture/FixtureCapture/props/useFixtureProps.js
 dist/fixture/useFixtureSelect/useFixtureSelect.js
 dist/fixture/useFixtureState.js
 dist/fixture/useFixtureInput/useInputFixtureState.js
 dist/fixture/FixtureCapture/classState/useReadClassState.js
 dist/fixture/useFixtureSelect/useSelect.js
 dist/fixture/useFixtureSelect/useSelectFixtureState.js
 dist/fixture/useFixtureInput/useSetInputValue.js
 dist/fixture/useFixtureSelect/useSetSelectValue.js
 dist/fixture/useFixtureInput/useValue.js
 dist/fixture/Viewport.js
 dist/wrapSetTimeoutAct.js
 package.json
 dist/moduleLoaders/AsyncModuleLoader.d.ts
 dist/fixture/ClassStateMock.d.ts
 client.d.ts
 dist/client.d.ts
 dist/fixtureLoaders/ClientFixtureLoader.d.ts
 dist/fixtureModule/createFixtureNode.d.ts
 dist/rendererConnect/createNoopRendererConnect.d.ts
 dist/rendererConnect/createPostMessageConnect.d.ts
 dist/rendererConnect/createWebSocketsConnect.d.ts
 dist/fixtureModule/DecoratedFixture.d.ts
 dist/fixtureModule/decorateFixture.d.ts
 dist/fixtureLoaders/defaultRenderMessage.d.ts
 dist/fixture/FixtureCapture/shared/nodeTree/elPath.d.ts
 dist/fixture/FixtureCapture/shared/nodeTree/findElementPaths.d.ts
 dist/fixture/FixtureCapture/shared/findRelevantElementPaths.d.ts
 dist/fixture/FixtureCapture/FixtureCapture.d.ts
 dist/fixture/FixtureContext.d.ts
 dist/fixtureLoaders/FixtureLoaderConnect.d.ts
 dist/fixtureModule/FixtureModule.d.ts
 dist/fixtureModule/FixtureProvider.d.ts
 dist/fixture/FixtureCapture/shared/nodeTree/getElementAtPath.d.ts
 dist/moduleLoaders/importLazyFixtureModules.d.ts
 dist/fixture/FixtureCapture/classState/decorateFixtureRefs/index.d.ts
 dist/fixture/FixtureCapture/classState/index.d.ts
 dist/fixture/FixtureCapture/props/index.d.ts
 dist/fixture/FixtureCapture/shared/nodeTree/index.d.ts
 dist/index.d.ts
 index.d.ts
 dist/fixture/FixtureCapture/classState/decorateFixtureRefs/isRefSupported.d.ts
 dist/moduleLoaders/LazyModuleLoader.d.ts
 dist/rendererConnect/RendererContext.d.ts
 dist/rendererConnect/RendererProvider.d.ts
 dist/fixtureLoaders/RendererSync.d.ts
 dist/fixtureLoaders/SelectedFixture.d.ts
 dist/fixtureLoaders/ServerFixtureLoader.d.ts
 dist/fixture/FixtureCapture/shared/nodeTree/setElementAtPath.d.ts
 dist/fixture/FixtureCapture/classState/shared.d.ts
 dist/fixture/useFixtureSelect/shared.d.ts
 dist/rendererConnect/StatefulRendererProvider.d.ts
 dist/moduleLoaders/StaticModuleLoader.d.ts
 dist/fixture/useCosmosNotification/useCosmosNotification.d.ts
 dist/fixture/useFixtureInput/useCurrentInputValue.d.ts
 dist/fixture/useFixtureSelect/useCurrentSelectValue.d.ts
 dist/fixture/FixtureCapture/classState/useFixtureClassState.d.ts
 dist/fixture/useFixtureInput/useFixtureInput.d.ts
 dist/fixture/FixtureCapture/props/useFixtureProps.d.ts
 dist/fixture/useFixtureSelect/useFixtureSelect.d.ts
 dist/fixture/useFixtureState.d.ts
 dist/fixture/useFixtureInput/useInputFixtureState.d.ts
 dist/fixture/FixtureCapture/classState/useReadClassState.d.ts
 dist/fixture/useFixtureSelect/useSelect.d.ts
 dist/fixture/useFixtureSelect/useSelectFixtureState.d.ts
 dist/fixture/useFixtureInput/useSetInputValue.d.ts
 dist/fixture/useFixtureSelect/useSetSelectValue.d.ts
 dist/fixture/useFixtureInput/useValue.d.ts
 dist/fixture/Viewport.d.ts
 dist/wrapSetTimeoutAct.d.ts
[react-cosmos-renderer] Extract .7ddbe7ff49fcdf75-00000022.react-cosmos-renderer (decompressed 20.66 KB tgz file in 92.625us)
[react-cosmos-renderer] Extracted to .7ddbe7ff49fcdf75-00000022.react-cosmos-renderer (18.877ms)
[PackageManager] waiting for 26 tasks
< 304 Not Modified
< Date: Sat, 03 Oct 2026 22:31:13 GMT
< Connection: keep-alive
< set-cookie: __cf_bm=DK7vCWft8w6QvlnOTbv0bKQ_.D3jGZhPCaHXFirn0Wg-1791066672.6208704-1.0.1.1-fFS0TbwlxWPQxifgbmhXXYkhSVU17RLUsp06YRWM5MqGYJ.8HbVF48jzJUiXl07.haJXcPSOLGbGlubpk4rVRmeO3v6hWK4nu6_Ggy_MYKHt0WpIIvw5BVReRA6iU2qK; HttpOnly; SameSite=None; Secure; Path=/; Domain=npmjs.org; Expires=Sat, 03 Oct 2026 23:01:13 GMT
< set-cookie: _cfuvid=gPG6n2OPqcUCt5bwUsd8vGYOLNImWySJLMHYd1Md5xo-1791066672.6208704-1.0.1.1-zWSapuqZD2uEKKNLoC5x8rqs.rR.UZtF10O91JLnWJQ; HttpOnly; SameSite=None; Secure; Path=/; Domain=npmjs.org
< CF-Ray: a44f654feb9851a4-TIA
< CF-Cache-Status: HIT
< Access-Control-Allow-Origin: *
< Cache-Control: public, max-age=300
< ETag: "34979c735a4efc528b64b03a68025111"
< Last-Modified: Fri, 24 Oct 2025 04:14:56 GMT
< Server: cloudflare

[PackageManager] waiting for 25 tasks
    [657.23ms]
Downloaded @types/http-proxy versions
   - "@types/http-proxy": "^1.17.15" - @types/http-proxy@1.17.17
[PackageManager] waiting for 24 tasks
    [177.84ms] Downloaded path-scurry tarball
< 304 Not Modified
< Date: Sat, 03 Oct 2026 22:31:13 GMT
< Connection: keep-alive
< set-cookie: __cf_bm=gX9ZJy9YZe8J2E2f6tqyVeCEBKv1M.5FF3aV.cv6MyY-1791066672.8727849-1.0.1.1-SqCzeDhlViyk7Vmc6zlX97V4c_Eir8fl2qd5UstoSpBnMgzJBO7F6jP_x0GJQXb7UtQdJ9kb09dXbu_P9VSP8RyYKWfCrngy2rylVctO.4fqeQHqbt0JvXsOq_meUwt4; HttpOnly; SameSite=None; Secure; Path=/; Domain=npmjs.org; Expires=Sat, 03 Oct 2026 23:01:13 GMT
< set-cookie: _cfuvid=L.Xp_Ffxlc02ByazkPQ7OcnaoJga57P9o_TPnu8Q36Y-1791066672.8727849-1.0.1.1-hwnfCkjed62_pWBinZAvdxgUe.XxejCOyX_AGl.kycY; HttpOnly; SameSite=None; Secure; Path=/; Domain=npmjs.org
< CF-Ray: a44f65517f329b00-TIA
< CF-Cache-Status: HIT
< Access-Control-Allow-Origin: *
< Cache-Control: public, max-age=300
< ETag: "ae59df794869e054a4c8d572e5d24b25"
< Last-Modified: Mon, 15 Sep 2025 21:04:09 GMT
< Server: cloudflare

[PackageManager] waiting for 24 tasks
    [209.01ms]
Downloaded is-docker versions
   - "is-docker": "^3.0.0" - is-docker@3.0.0
 dist/commonjs/index.js
 dist/esm/index.js
 dist/commonjs/package.json
 dist/esm/package.json
 package.json
 dist/commonjs/index.d.ts.map
 dist/esm/index.d.ts.map
 dist/commonjs/index.js.map
 dist/esm/index.js.map
 LICENSE.md
 README.md
 dist/commonjs/index.d.ts
 dist/esm/index.d.ts
[path-scurry] Extract .1cdfe5bfdeffbd7f-0000002D.path-scurry (decompressed 101.47 KB tgz file in 546.25us)
[path-scurry] Extracted to .1cdfe5bfdeffbd7f-0000002D.path-scurry (3.069ms)
[PackageManager] waiting for 23 tasks
< 304 Not Modified
< Date: Sat, 03 Oct 2026 22:31:13 GMT
< Connection: keep-alive
< set-cookie: __cf_bm=G6TglBVv3dblb6fnJK7fJHmjYFQxK25V0h5vWwHVakg-1791066672.8895538-1.0.1.1-tULXD9wYcc.jJ_WxePoq7UPARU7sytXiqWMpJfRLDzkcbO6DECJQZXNvPilQODzuFrs6Set5vcvoOWsrNXe35dLzj_9quY7YEmKXv9zxVGT5jR456Tpuix_CNIjdgX.5; HttpOnly; SameSite=None; Secure; Path=/; Domain=npmjs.org; Expires=Sat, 03 Oct 2026 23:01:13 GMT
< set-cookie: _cfuvid=RG_02l1qtXzIHw_v95d8tzKRfs017.2TWtrxk9wDhc4-1791066672.8895538-1.0.1.1-bYIeIpNK2L9XAX4upLpA.DcU0CMenKnM27ezHOaLnGQ; HttpOnly; SameSite=None; Secure; Path=/; Domain=npmjs.org
< CF-Ray: a44f65518d157c08-TIA
< CF-Cache-Status: HIT
< Access-Control-Allow-Origin: *
< Cache-Control: public, max-age=300
< ETag: "e427dbb4d99aa65f8708b289fa2bf6c7"
< Last-Modified: Thu, 23 Jul 2026 20:20:27 GMT
< Server: cloudflare

[PackageManager] waiting for 22 tasks
    [218.69ms]
Downloaded media-typer versions
< 304 Not Modified
< Date: Sat, 03 Oct 2026 22:31:13 GMT
< Connection: keep-alive
< set-cookie: __cf_bm=8SllZm7T.XDh4QcuwjxXhu8jwG1nSZFVJG5124Q1lrs-1791066672.9000528-1.0.1.1-O36JIpKu102toSuVPKSdKakI2DhI7XTkxzYQUWzJ.Dv2swQ0E97TnKnW0pi3UvHfk1bXlmxEl8lk3RI1oZM3cIeKpqOcbx_TkP8JZ6uYqSmcm0fXsH7RovbCGjyyKuzR; HttpOnly; SameSite=None; Secure; Path=/; Domain=npmjs.org; Expires=Sat, 03 Oct 2026 23:01:13 GMT
< set-cookie: _cfuvid=8Zj.Lw37kjJWAZWczQV_0RnFCbxWFmWZEQ3MEUwdIMI-1791066672.9000528-1.0.1.1-I0mQdXv8eg4jj4snTOtng6qBmG20uduWAo463ThM4fs; HttpOnly; SameSite=None; Secure; Path=/; Domain=npmjs.org
< CF-Ray: a44f65519d0351a4-TIA
< CF-Cache-Status: HIT
< Access-Control-Allow-Origin: *
< Cache-Control: public, max-age=300
< ETag: "a1e7024216d83d0b689b2537bdf6c4c3"
< Last-Modified: Wed, 01 Apr 2026 21:17:06 GMT
< Server: cloudflare

< 304 Not Modified
< Date: Sat, 03 Oct 2026 22:31:13 GMT
< Connection: keep-alive
< set-cookie: __cf_bm=bCqa3qPdqgbLuH6XPtaRVlFl6ococJPYTq04gVBERCA-1791066672.8999903-1.0.1.1-BhuPy_cpHD3U71NnEkdI5dc0TDuAQlm8uRyxqUQHPVaeWg2LKi_LWqq3DjhlXXNRJb8F0E9SwlxUv54vS3QPWvVlTkhuQeCf1gfFYR1UOpkSFzPv_qOl0get_0qb9r5y; HttpOnly; SameSite=None; Secure; Path=/; Domain=npmjs.org; Expires=Sat, 03 Oct 2026 23:01:13 GMT
< set-cookie: _cfuvid=7Va0L5B9.utVjbQwk.8a885JDMX3.ldm9W8GktD_biM-1791066672.8999903-1.0.1.1-JmFkHiKDKNoKsb3bKClx28SwYlzDzzvnvGTi7wAkRLQ; HttpOnly; SameSite=None; Secure; Path=/; Domain=npmjs.org
< CF-Ray: a44f65519d36bd99-TIA
< CF-Cache-Status: HIT
< Access-Control-Allow-Origin: *
< Cache-Control: public, max-age=300
< ETag: "527125b96c7ceeaf03c5a0db2e56fd68"
< Last-Modified: Mon, 14 Sep 2026 22:03:00 GMT
< Server: cloudflare

< 304 Not Modified
< Date: Sat, 03 Oct 2026 22:31:13 GMT
< Connection: keep-alive
< set-cookie: __cf_bm=q3.KOizda_jY8d7q3ue_8VAYf3vkHiaWG6u9OLuilFw-1791066672.900109-1.0.1.1-SQujY97xXFEe9mItyfaysY9rwaTnoDRxQzJNy5uqzifCwN80C76meuWa4M1HlqdCszRftZ.SYHv_qFHJKj29QqWJN40QUAreNV3ijan06pemDTy21MZgW1ox.xGkhuYf; HttpOnly; SameSite=None; Secure; Path=/; Domain=npmjs.org; Expires=Sat, 03 Oct 2026 23:01:13 GMT
< set-cookie: _cfuvid=N8iLe9iuJ60VJPfRvXOFNvje3VviC7w6pL2PHT80uaI-1791066672.900109-1.0.1.1-ebm3ofpnYqx4lCE5oSxp6LkTvPNWwe2bG39671y6fcA; HttpOnly; SameSite=None; Secure; Path=/; Domain=npmjs.org
< CF-Ray: a44f65519cf8793f-TIA
< CF-Cache-Status: HIT
< Access-Control-Allow-Origin: *
< Cache-Control: public, max-age=300
< ETag: "0cc989246122bc34d22b430b3603646d"
< Last-Modified: Sun, 26 Jun 2022 11:43:57 GMT
< Server: cloudflare

< 304 Not Modified
< Date: Sat, 03 Oct 2026 22:31:13 GMT
< Connection: keep-alive
< set-cookie: __cf_bm=NjASEUG0cBtFsiqCJrzUC6iRv73PTiUwqUEfGzkfNMg-1791066672.9000545-1.0.1.1-wzzCDtib89MbB01HKlX8LI5r2bEbxKXqMjGZDHX9XFfC_3vF1tEpjKQaRXGfgHKpOlYHwGT4MKxsleiTjLgauxp5LRN1w3dlb2YL7w9kl6NEe34LMcAritnv4ruWjzdA; HttpOnly; SameSite=None; Secure; Path=/; Domain=npmjs.org; Expires=Sat, 03 Oct 2026 23:01:13 GMT
< set-cookie: _cfuvid=KnIEnhif8Z_weCUFqBRxPHfOzuIqbCQypYClKk.Sq4k-1791066672.9000545-1.0.1.1-7T1L7bqn77XuXAt42OBTwE11aA5we7ABvzlmAd55VsA; HttpOnly; SameSite=None; Secure; Path=/; Domain=npmjs.org
< CF-Ray: a44f65519b61a5b3-TIA
< CF-Cache-Status: HIT
< Access-Control-Allow-Origin: *
< Cache-Control: public, max-age=300
< ETag: "ca4008ff6e52369fc9b8da06bb81b574"
< Last-Modified: Mon, 08 Jun 2026 20:34:48 GMT
< Server: cloudflare

< 304 Not Modified
< Date: Sat, 03 Oct 2026 22:31:13 GMT
< Connection: keep-alive
< set-cookie: __cf_bm=Wh.d0lRaslQaoiIoqDg_xmVkVjxn62i_u11veXygzeI-1791066672.9001815-1.0.1.1-ODeA0rgbGywJ4zeYIloLhJiZefGjlU.9BwFCpUZJvPiB7peYqivWIUiuTR4iu_1fal.y4RsD_.yBVbZaRfLiZNSDOiG_H_zU9f4BonHPdNKSQ9W.6Vi2Nd5Dw3eo3K0o; HttpOnly; SameSite=None; Secure; Path=/; Domain=npmjs.org; Expires=Sat, 03 Oct 2026 23:01:13 GMT
< set-cookie: _cfuvid=TreeRur6rs2iFRHjdvXkvoEOlADGTU20OvzcIBTYlPA-1791066672.9001815-1.0.1.1-s9SLsAnlztReR4x79CGwAXvjwH85jXayebge65EfVu4; HttpOnly; SameSite=None; Secure; Path=/; Domain=npmjs.org
< CF-Ray: a44f65519d225f50-TIA
< CF-Cache-Status: HIT
< Access-Control-Allow-Origin: *
< Cache-Control: public, max-age=300
< ETag: "f0b8925859de5e8f12570447fbedc5df"
< Last-Modified: Sun, 12 Jul 2026 02:58:20 GMT
< Server: cloudflare

< 304 Not Modified
< Date: Sat, 03 Oct 2026 22:31:13 GMT
< Connection: keep-alive
< set-cookie: __cf_bm=_NypRcj8lE.RSpTsY5VyAnf1ei5A23.HEQbEa.afVCg-1791066672.9001584-1.0.1.1-h5iLituol9WXmwm1AJReqWWuKap1GZEov8gGQJ28Vwz5_HYakMwWM81RHABbxeKTU2MD_NbjvCZF13iuqojwOXLRwzIzOI0AVplC8fUdGe1GK81SY1kPi88jCKXCQzzP; HttpOnly; SameSite=None; Secure; Path=/; Domain=npmjs.org; Expires=Sat, 03 Oct 2026 23:01:13 GMT
< set-cookie: _cfuvid=XnwOSjOT7GEc3Hm2QOTf25EGp4ftzf4I2AMkeI85Fh0-1791066672.9001584-1.0.1.1-9XQuWeHRJOmzoygGFPMQ44wDhyQ0QeCV2MJXdzyZnys; HttpOnly; SameSite=None; Secure; Path=/; Domain=npmjs.org
< CF-Ray: a44f655199c1f474-TIA
< CF-Cache-Status: HIT
< Access-Control-Allow-Origin: *
< Cache-Control: public, max-age=300
< ETag: "bc3589179ef97c30169c67e77455ed46"
< Last-Modified: Wed, 12 Jul 2023 19:06:35 GMT
< Server: cloudflare

< 200 OK
< Date: Sat, 03 Oct 2026 22:31:13 GMT
< Content-Type: application/vnd.npm.install-v1+json
< Transfer-Encoding: chunked
< Connection: keep-alive
< set-cookie: __cf_bm=Dy8pRAiiuW4z5LYgPtdGZ_7i6Xvh6fMOCjYkfQdrliw-1791066672.9001677-1.0.1.1-b8Yb8w37UIfESYI9txZ2nxgyoGgpgYrXszD7fiR6gpdRxP7ooqMnTg.pPGEu2pU3p_X8V0qJd1o8CZw2UJtt.XFW2VExRwaVTWttjGv3uDnC2bcH27v9WFvnRCAxxogf; HttpOnly; SameSite=None; Secure; Path=/; Domain=npmjs.org; Expires=Sat, 03 Oct 2026 23:01:13 GMT
< set-cookie: _cfuvid=2ugrbbrecH7.81esiTRSFhdO5XqMKr7n.EFZvHZs.R4-1791066672.9001677-1.0.1.1-SkKALO_bKlTPpqT7DosOv.Dnw2Yq2eVF866l95fGJcQ; HttpOnly; SameSite=None; Secure; Path=/; Domain=npmjs.org
< CF-Ray: a44f65519cf9793f-TIA
< CF-Cache-Status: HIT
< ETag: W/"b92a66e3eec8f96cdd342b0cfdf5578f"
< Access-Control-Allow-Origin: *
< Cache-Control: public, max-age=300
< Last-Modified: Fri, 09 Jun 2023 21:38:00 GMT
< Server: cloudflare
< Vary: accept-encoding, accept
< Content-Encoding: br

< 304 Not Modified
< Date: Sat, 03 Oct 2026 22:31:13 GMT
< Connection: keep-alive
< set-cookie: __cf_bm=1sF4xCWdzMMlMS.4Lku1dqUz1zQgZ9KZ2wWpvt30.ZU-1791066672.9000616-1.0.1.1-rAODPsfNB0bIGwzST_FaPNQQFBkxHUxn9yDVPJi.yBe5pg_zBUuQf5GvOgrJRtaRzKqSG3FVVlkUciBLZp9R.5lBjJDQCSHuRPQecZrV8DbrQIUJAO2sN9hjgnR7XYcp; HttpOnly; SameSite=None; Secure; Path=/; Domain=npmjs.org; Expires=Sat, 03 Oct 2026 23:01:13 GMT
< set-cookie: _cfuvid=nmS6Q8HkiAs_jESr8EzDmVukw58ctN67D3GcDN7zs_I-1791066672.9000616-1.0.1.1-3HjYfW4VpA328lBKLt1krJnpPwRPc8YiVEuoPT0MQGc; HttpOnly; SameSite=None; Secure; Path=/; Domain=npmjs.org
< CF-Ray: a44f65519b62a5b3-TIA
< CF-Cache-Status: HIT
< Access-Control-Allow-Origin: *
< Cache-Control: public, max-age=300
< ETag: "388350fc257968d7b6d33f7668a96f2e"
< Last-Modified: Fri, 06 Dec 2024 18:16:03 GMT
< Server: cloudflare

< 304 Not Modified
< Date: Sat, 03 Oct 2026 22:31:13 GMT
< Connection: keep-alive
< set-cookie: __cf_bm=0bjffqVln1bG1I6MkVkv8PT._4GUnU1684qEDbA15EQ-1791066672.900245-1.0.1.1-oICbfhlhX9qBmVHGHzuG3rf7YLZx9cGZ.LM6BDGm6J5qMMrra8RxG5UHjs.LT2gJtGaoZoN3k4sJDo200NdB0EymI3i8Mjy34bvjEQ8OKX02IaVfX82Gq3CW2y7riqif; HttpOnly; SameSite=None; Secure; Path=/; Domain=npmjs.org; Expires=Sat, 03 Oct 2026 23:01:13 GMT
< set-cookie: _cfuvid=DrNlKGdiMwA3f9Ui9q9bi6fZRsIBlKDzjkHLfMgvAH0-1791066672.900245-1.0.1.1-7cUTh8ZWRheqvmPy7W9XX8LAsKt3gWnYGG8JGvkt9HM; HttpOnly; SameSite=None; Secure; Path=/; Domain=npmjs.org
< CF-Ray: a44f65519d3b7c08-TIA
< CF-Cache-Status: HIT
< Access-Control-Allow-Origin: *
< Cache-Control: public, max-age=300
< ETag: "64c00b7558a38ebb7908487709f8307b"
< Last-Modified: Fri, 17 Jul 2026 17:10:13 GMT
< Server: cloudflare

   - "media-typer": "^1.1.0" - media-typer@1.1.1
[PackageManager] waiting for 22 tasks
    [980.77ms] Downloaded @biomejs/cli-darwin-arm64 tarball
    [208.43ms]
Downloaded path-to-regexp versions
   - "path-to-regexp": "^8.0.0" - path-to-regexp@8.4.2
    [215.13ms]
Downloaded brace-expansion versions
> HTTP/1.1 GET https://registry.npmjs.org/media-typer/-/media-typer-1.1.1.tgz
> Connection: keep-alive
> User-Agent: Bun/1.3.9
> Accept: */*
> Host: registry.npmjs.org
> Accept-Encoding: gzip, deflate, br, zstd

   - "brace-expansion": "^5.0.8" - brace-expansion@5.0.12
    [210.43ms]
Downloaded requires-port versions
   - "requires-port": "^1.0.0" - requires-port@1.0.0
    [215.28ms]
Downloaded side-channel versions
   - "side-channel": "^1.1.1" - side-channel@1.1.1
    [210.39ms]
Downloaded raw-body versions
   - "raw-body": "^3.0.2" - raw-body@3.0.2
    [210.43ms]
Downloaded bytes versions
   - "bytes": "^3.1.2" - bytes@3.1.2
    [208.68ms]
Downloaded is-promise versions
    [215.34ms]
Downloaded es-define-property versions
   - "es-define-property": "^1.0.1" - es-define-property@1.0.1
    [210.50ms]
Downloaded iconv-lite versions
   - "iconv-lite": "^0.7.2" - iconv-lite@0.7.3
Enqueue package manifest for download: balanced-match
   - "es-errors": "^1.3.0" - es-errors@1.3.0
Enqueue package manifest for download: object-inspect
Enqueue package manifest for download: side-channel-list
Enqueue package manifest for download: side-channel-map
Enqueue package manifest for download: side-channel-weakmap
Enqueue package manifest for download: safer-buffer
[PackageManager] waiting for 23 tasks
    [984.02ms] Downloaded @tscircuit/winding-breakout-point-solver tarball
> HTTP/1.1 GET https://registry.npmjs.org/balanced-match
> If-None-Match: W/"1ca94649c10a862602d1b8c752a536de"
> Accept: application/vnd.npm.install-v1+json; q=1.0, application/json; q=0.8, */*
> Connection: keep-alive
> User-Agent: Bun/1.3.9
> Host: registry.npmjs.org
> Accept-Encoding: gzip, deflate, br, zstd

> HTTP/1.1 GET https://registry.npmjs.org/object-inspect
> If-None-Match: W/"488cd8fb8910e16c9885eda5ba2cfb9d"
> Accept: application/vnd.npm.install-v1+json; q=1.0, application/json; q=0.8, */*
> Connection: keep-alive
> User-Agent: Bun/1.3.9
> Host: registry.npmjs.org
> Accept-Encoding: gzip, deflate, br, zstd

> HTTP/1.1 GET https://registry.npmjs.org/side-channel-list
> If-None-Match: W/"02aeb72ee63cbfe65e0e1aabaa2dad62"
> Accept: application/vnd.npm.install-v1+json; q=1.0, application/json; q=0.8, */*
> Connection: keep-alive
> User-Agent: Bun/1.3.9
> Host: registry.npmjs.org
> Accept-Encoding: gzip, deflate, br, zstd

> HTTP/1.1 GET https://registry.npmjs.org/side-channel-map
> If-None-Match: W/"f5711399bae6e6dfc4a3e6b09c2041c7"
> Accept: application/vnd.npm.install-v1+json; q=1.0, application/json; q=0.8, */*
> Connection: keep-alive
> User-Agent: Bun/1.3.9
> Host: registry.npmjs.org
> Accept-Encoding: gzip, deflate, br, zstd

> HTTP/1.1 GET https://registry.npmjs.org/side-channel-weakmap
> If-None-Match: W/"b704fb359dd65fa71bb505a85e07070f"
> Accept: application/vnd.npm.install-v1+json; q=1.0, application/json; q=0.8, */*
> Connection: keep-alive
> User-Agent: Bun/1.3.9
> Host: registry.npmjs.org
> Accept-Encoding: gzip, deflate, br, zstd

> HTTP/1.1 GET https://registry.npmjs.org/safer-buffer
> If-None-Match: W/"a0fa4896b8d9de946313612f8cd639ec"
> Accept: application/vnd.npm.install-v1+json; q=1.0, application/json; q=0.8, */*
> Connection: keep-alive
> User-Agent: Bun/1.3.9
> Host: registry.npmjs.org
> Accept-Encoding: gzip, deflate, br, zstd

> HTTP/1.1 GET https://registry.npmjs.org/path-to-regexp/-/path-to-regexp-8.4.2.tgz
> Connection: keep-alive
> User-Agent: Bun/1.3.9
> Accept: */*
> Host: registry.npmjs.org
> Accept-Encoding: gzip, deflate, br, zstd

> HTTP/1.1 GET https://registry.npmjs.org/raw-body/-/raw-body-3.0.2.tgz
> Connection: keep-alive
> User-Agent: Bun/1.3.9
> Accept: */*
> Host: registry.npmjs.org
> Accept-Encoding: gzip, deflate, br, zstd

> HTTP/1.1 GET https://registry.npmjs.org/iconv-lite/-/iconv-lite-0.7.3.tgz
> Connection: keep-alive
> User-Agent: Bun/1.3.9
> Accept: */*
> Host: registry.npmjs.org
> Accept-Encoding: gzip, deflate, br, zstd

[PackageManager] waiting for 23 tasks
   - "is-promise": "^4.0.0" - is-promise@4.0.0
> HTTP/1.1 GET https://registry.npmjs.org/is-promise/-/is-promise-4.0.0.tgz
> Connection: keep-alive
> User-Agent: Bun/1.3.9
> Accept: */*
> Host: registry.npmjs.org
> Accept-Encoding: gzip, deflate, br, zstd

[PackageManager] waiting for 23 tasks
    [986.87ms] Downloaded @tscircuit/via-stitch-solver tarball
 .github/
 .github/workflows/
 .github/workflows/bun-formatcheck.yml
 .github/workflows/bun-test.yml
 .github/workflows/bun-typecheck.yml
 .gitignore
 LICENSE
 README.md
 biome.json
 bunfig.toml
 cosmos.config.json
 examples/
 examples/copper-pour-via-stitching-circuits.tsx
 lib/
 lib/geometry/
 lib/geometry/brep-point-containment.ts
 lib/geometry/circuit-element-obstacles.ts
 lib/index.ts
 lib/solvers/
 lib/solvers/ViaStitchSolver.ts
 lib/types.ts
 package.json
 site/
 site/Welcome.page.tsx
 tests/
 tests/__snapshots__/
 tests/__snapshots__/copper-pour-via-stitching-circuits-qfn32.snap.svg
 tests/__snapshots__/copper-pour-via-stitching-circuits-qfp16.snap.svg
 tests/__snapshots__/copper-pour-via-stitching-circuits-soic16.snap.svg
 tests/__snapshots__/copper-pour-via-stitching-circuits-soic8.snap.svg
 tests/__snapshots__/copper-pour-via-stitching-circuits-tssop20.snap.svg
 tests/__snapshots__/copper-pour-via-stitching.snap.svg
 tests/__snapshots__/polygon-copper-pour-via-stitching-concave.snap.svg
 tests/__snapshots__/polygon-copper-pour-via-stitching-convex.snap.svg
 tests/copper-pour-via-stitching-circuits.test.tsx
 tests/copper-pour-via-stitching.test.tsx
 tests/fixtures/
 tests/fixtures/create-ground-pour-circuit.tsx
 tests/fixtures/preload.ts
 tests/options-validation.test.ts
 tests/polygon-copper-pour-via-stitching.test.tsx
 tsconfig.json
 vercel.json
[@tscircuit/via-stitch-solver] Extract .7adf6ffffff76679-0000002F.via-stitch-solver (decompressed 60.29 KB tgz file in 313.708us)
[@tscircuit/via-stitch-solver] Extracted to .7adf6ffffff76679-0000002F.via-stitch-solver (8.352ms)
[PackageManager] waiting for 23 tasks
 .agents/
 .agents/roles/
 .agents/roles/adversarial-reviewer.md
 .agents/roles/black-box-qa.md
 .agents/roles/context-auditor.md
 .agents/roles/lead.md
 .agents/roles/solver-engineer.md
 .agents/roles/visualization-engineer.md
 .gitignore
 README.md
 biome.json
 bun.lock
 bunfig.toml
 cosmos.config.json
 examples/
 examples/am62l/
 examples/am62l/am62l-example-data.ts
 examples/am62l/control-bus-example.ts
 examples/am62l/ddr-byte0-example.ts
 examples/am62l/ddr-byte1-example.ts
 examples/am62l/full-ddr-example.ts
 examples/am62l/index.ts
 examples/padding/
 examples/padding/one-millimeter-padding-input.ts
 examples/region-count/
 examples/region-count/index.ts
 examples/region-count/region-count-examples.ts
 index.html
 lib/
 lib/WindingBreakoutSolver.ts
 lib/gate-placement/
 lib/gate-placement/place-breakout-gates.ts
 lib/get-layer-names.ts
 lib/index.ts
 lib/input/
 lib/input/errors.ts
 lib/input/get-bus-layer-candidates.ts
 lib/input/get-canonical-connections.ts
 lib/input/validate-winding-breakout-input.ts
 lib/layer-assignment/
 lib/layer-assignment/assign-connection-layers.ts
 lib/ordering/
 lib/ordering/get-natural-winding-order.ts
 lib/ordering/get-reference-winding-order.ts
 lib/solvers/
 lib/solvers/GatePlacementSolver.ts
 lib/solvers/ReferenceOrderingSolver.ts
 lib/types.ts
 lib/validation/
 lib/validation/finalize-winding-breakout-output.ts
 lib/validation/validate-breakout-points.ts
 lib/visualization/
 lib/visualization/create-input-graphics.ts
 lib/visualization/create-solver-phase-visualization.ts
 lib/visualization/create-state-graphics.ts
 lib/visualization/create-winding-breakout-visualization.ts
 lib/visualization/get-connection-color.ts
 lib/visualization/get-graphics-layer.ts
 package.json
 pages/
 pages/1mm Padding.page.tsx
 pages/am62l-lpddr4-ram/
 pages/am62l-lpddr4-ram/AM62L LPDDR4 RAM.page.tsx
 pages/am62l-lpddr4-ram/WindingBreakoutSolverFixture.tsx
 pages/region-count-breakdown/
 pages/region-count-breakdown/OneRegionDestinationVisualizationSolver.ts
 pages/region-count-breakdown/Region Count Breakdown.page.tsx
 tests/
 tests/determinism.test.ts
 tests/fixtures/
 tests/fixtures/solver-test-utils.ts
 tests/get-output-before-solved.test.ts
 tests/input-api.test.ts
 tests/input-immutability.test.ts
 tests/padding-input.test.ts
 tests/preload.ts
 tests/region-count.test.ts
 tsconfig.json
 vercel.json
 vite.config.ts
[@tscircuit/winding-breakout-point-solver] Extract .59ff2dbedf17ffbc-0000002E.winding-breakout-point-solver (decompressed 57.1 KB tgz file in 251.25us)
[@tscircuit/winding-breakout-point-solver] Extracted to .59ff2dbedf17ffbc-0000002E.winding-breakout-point-solver (11.001ms)
[PackageManager] waiting for 22 tasks
< 200 OK
< Date: Sat, 03 Oct 2026 22:31:13 GMT
< Content-Type: application/octet-stream
< Content-Length: 3751
< Connection: keep-alive
< set-cookie: __cf_bm=5SNXdB7dq9y.MHxnbrwxno.MnP5kGQWaAd0TBNhZGLI-1791066673.110345-1.0.1.1-VbgOZTgzE0PCjVUC8wITJaTEHXp9lxLMNufvSgr24SWjS2OAqK6HnNTt0yoNakFWD6DIuPbMJQkaGqDHfCzdQnb1bkDwRPdmTlR8V3CwJr2Z2n7M9aBMSH4gEaI1O_UK; HttpOnly; SameSite=None; Secure; Path=/; Domain=npmjs.org; Expires=Sat, 03 Oct 2026 23:01:13 GMT
< set-cookie: _cfuvid=Z4Ewj8Xs2DcIAf80qj2Wz7cXy0eT1C4VM9HD6uttsI0-1791066673.110345-1.0.1.1-edYM_SE79ka3m3.tcAh8YX51WRxP4MslovNhnkysG5A; HttpOnly; SameSite=None; Secure; Path=/; Domain=npmjs.org
< CF-Ray: a44f6552ee3c7c08-TIA
< CF-Cache-Status: HIT
< Accept-Ranges: bytes
< Access-Control-Allow-Origin: *
< Age: 291533
< Cache-Control: public, immutable, max-age=31557600
< ETag: "f0bb19828424cf6561fd15a4e28474ba"
< Last-Modified: Thu, 23 Jul 2026 20:20:27 GMT
< Server: cloudflare

[PackageManager] waiting for 21 tasks
    [19.79ms] Downloaded media-typer tarball
 LICENSE
 index.js
 package.json
 HISTORY.md
 README.md
[media-typer] Extract .19df35bede13a5fa-00000030.media-typer (decompressed 3.75 KB tgz file in 27.625us)
[media-typer] Extracted to .19df35bede13a5fa-00000030.media-typer (448.083us)
[PackageManager] waiting for 21 tasks
< 200 OK
< Date: Sat, 03 Oct 2026 22:31:13 GMT
< Content-Type: application/octet-stream
< Content-Length: 14900
< Connection: keep-alive
< set-cookie: __cf_bm=pqhJ_QZ7LQUVkpoRJtj9d.KBVq6CalmOQK5keGSjTF4-1791066673.1159081-1.0.1.1-UHPlCujSI83Ye6eOCPB5rD.BXSYRykBpcU9UP65sX22zViZEwXs0JLvS1EAFLkrSKj0vbYAus5tFmDUa3e9872T2Gu2vUs2izO7i7TDMIzdQPzjHFPQWwogKkMLCroNR; HttpOnly; SameSite=None; Secure; Path=/; Domain=npmjs.org; Expires=Sat, 03 Oct 2026 23:01:13 GMT
< set-cookie: _cfuvid=c94BpJwtxLMOK6_7_VBkYD1K5Oope5E6Or1ptJct1k8-1791066673.1159081-1.0.1.1-pOODXrUy3QZBEbSmQhGWTbutrcTJWowItmi.KDLmt1A; HttpOnly; SameSite=None; Secure; Path=/; Domain=npmjs.org
< CF-Ray: a44f6552fe497c08-TIA
< CF-Cache-Status: HIT
< Accept-Ranges: bytes
< Access-Control-Allow-Origin: *
< Age: 308974
< Cache-Control: public, immutable, max-age=31557600
< ETag: "0563814794217ed2a2aece97b0ceab84"
< Last-Modified: Wed, 01 Apr 2026 21:17:06 GMT
< Server: cloudflare

< 200 OK
< Date: Sat, 03 Oct 2026 22:31:13 GMT
< Content-Type: application/octet-stream
< Content-Length: 1620
< Connection: keep-alive
< set-cookie: __cf_bm=Ah94kvLmk_Xu6Ecf8U.hp11I8NvEKZK1FYimNXIvbnA-1791066673.1158693-1.0.1.1-ORPP7Eo3Jh.dIlLwGDHtKNfPzdwycgmja6KBqGXWaRiaHYwYQ1Dogj5vKLtLjWPsLxG.yncZ.wcA5_Ak6Sade5Brvadd91bqv3eLyMEZL.Wg8Fgj_Ca.RNvijr.Z0229; HttpOnly; SameSite=None; Secure; Path=/; Domain=npmjs.org; Expires=Sat, 03 Oct 2026 23:01:13 GMT
< set-cookie: _cfuvid=FWnpEj1UlJdZcC0ixHzU250GwXJR1WF8_5iMvublKfQ-1791066673.1158693-1.0.1.1-gBsz5oxebrlX.yAFfM.yrM_G_gxicVWbKgnh8fkBhiE; HttpOnly; SameSite=None; Secure; Path=/; Domain=npmjs.org
< CF-Ray: a44f6552fac2f474-TIA
< CF-Cache-Status: HIT
< Accept-Ranges: bytes
< Access-Control-Allow-Origin: *
< Age: 224296
< Cache-Control: public, immutable, max-age=31557600
< ETag: "6a7b3c7d6d9ebdaf2593cd3f0d8dc553"
< Last-Modified: Mon, 27 Apr 2020 15:34:26 GMT
< Server: cloudflare

[PackageManager] waiting for 20 tasks
    [20.18ms] Downloaded is-promise tarball
< 200 OK
< Date: Sat, 03 Oct 2026 22:31:13 GMT
< Content-Type: application/octet-stream
< Content-Length: 189859
< Connection: keep-alive
< set-cookie: __cf_bm=Bmjtk0lp8AVYjo3UocvdV9wTYDx_5C8eBzejke8qXRI-1791066673.1157227-1.0.1.1-8._7hHQW5Eq4mWhoe1hqWzESwOh4jCcXySTXndqqOhZDmdRYC13wEjJFlo13kf6il_YwMm_wFshvSJtLHymI3jd2vjngQokbR.Qmadgq4acAvPsXwy8e0RkoG3_1Joov; HttpOnly; SameSite=None; Secure; Path=/; Domain=npmjs.org; Expires=Sat, 03 Oct 2026 23:01:13 GMT
< set-cookie: _cfuvid=4rf6EuVANF1E0X5W2yaEMaLNphKEMskW94DUV_UqRU8-1791066673.1157227-1.0.1.1-jV4RXBq1FmqMYiHFTA9i7doLzCbdT0Zw6Sv4j0YsU_A; HttpOnly; SameSite=None; Secure; Path=/; Domain=npmjs.org
< CF-Ray: a44f6552fac1f474-TIA
< CF-Cache-Status: HIT
< Accept-Ranges: bytes
< Access-Control-Allow-Origin: *
< Age: 310944
< Cache-Control: public, immutable, max-age=31557600
< ETag: "e67990ba1fd556805a61b0497f0a2498"
< Last-Modified: Fri, 03 Jul 2026 17:53:12 GMT
< Server: cloudflare

[PackageManager] waiting for 20 tasks
    [20.40ms] Downloaded path-to-regexp tarball
< 200 OK
< Date: Sat, 03 Oct 2026 22:31:13 GMT
< Content-Type: application/octet-stream
< Content-Length: 6308
< Connection: keep-alive
< set-cookie: __cf_bm=QqWziVeUwlIWrk525EegeVdMK6VCkLuqAa8rmZhEruo-1791066673.1158922-1.0.1.1-Huhy9DQ7TWxrVyhXverLkh5djLW.z6H.VhFhkvWAeMplylPIsJXlAsqaUWtmfYqVnlMU6mwE4ETHKWp2b2IaQPKHh9BjULhGUAXWudWzpegOTbWlto9k._Or_DLN43.K; HttpOnly; SameSite=None; Secure; Path=/; Domain=npmjs.org; Expires=Sat, 03 Oct 2026 23:01:13 GMT
< set-cookie: _cfuvid=bFpCrXxHu7lKHS8zATHWFhcIGgk4Vh5QF0cohH6feK0-1791066673.1158922-1.0.1.1-fsuCMWqQ7h29ryaVB6F9ccSbftNwpa9HDxS9KP1m5ek; HttpOnly; SameSite=None; Secure; Path=/; Domain=npmjs.org
< CF-Ray: a44f6552fe75bd99-TIA
< CF-Cache-Status: HIT
< Accept-Ranges: bytes
< Access-Control-Allow-Origin: *
< Age: 1092728
< Cache-Control: public, immutable, max-age=31557600
< ETag: "317cfb51b497e632e0fcda57a461d3ff"
< Last-Modified: Fri, 21 Nov 2025 20:47:29 GMT
< Server: cloudflare

[PackageManager] waiting for 20 tasks
    [23.00ms] Downloaded raw-body tarball
< 304 Not Modified
< Date: Sat, 03 Oct 2026 22:31:13 GMT
< Connection: keep-alive
< set-cookie: __cf_bm=nOub8BXaV1dhZ3bvKxydl0.OOybU_8fU0SqiGys6I1k-1791066672.935853-1.0.1.1-1vIQs7poLDDANjKtw_tGbdq6u0yEEbzlFpuRlyutbvfP819KTU9xcJEcUwJ8BIuUR1tD6CgwruI9MjnLGSvDLQBAW.7X8OeHN4nLspMLgv_mXY6E1Te3ON7Zv6D3vQIS; HttpOnly; SameSite=None; Secure; Path=/; Domain=npmjs.org; Expires=Sat, 03 Oct 2026 23:01:13 GMT
< set-cookie: _cfuvid=iJC1m0bngdsaeaz29Q6Ob0vaR.jf5ztELEIMpZKK3K0-1791066672.935853-1.0.1.1-AmPzN9gtxnm2C_MNaOgwr5wy3tS2cnEXbKWDmyD3NpM; HttpOnly; SameSite=None; Secure; Path=/; Domain=npmjs.org
< CF-Ray: a44f6551dd6b7c08-TIA
< CF-Cache-Status: HIT
< Access-Control-Allow-Origin: *
< Cache-Control: public, max-age=300
< ETag: "820d4556127d0f6c226de98bbaf967e8"
< Last-Modified: Fri, 14 Nov 2025 07:11:39 GMT
< Server: cloudflare

[PackageManager] waiting for 20 tasks
    [221.29ms]
Downloaded default-browser-id versions
   - "default-browser-id": "^5.0.0" - default-browser-id@5.0.1
 LICENSE
 index.js
 package.json
 readme.md
 index.mjs
 index.d.ts
[is-promise] Extract .f8db27f7ef6fd8f3-00000032.is-promise (decompressed 1.62 KB tgz file in 6.083us)
[is-promise] Extracted to .f8db27f7ef6fd8f3-00000032.is-promise (3.387ms)
 LICENSE
 dist/index.js
 package.json
 dist/index.js.map
 Readme.md
 dist/index.d.ts
[path-to-regexp] Extract .bcdb37effe52fe38-00000033.path-to-regexp (decompressed 14.90 KB tgz file in 45.542us)
[path-to-regexp] Extracted to .bcdb37effe52fe38-00000033.path-to-regexp (3.62ms)
[PackageManager] waiting for 19 tasks
 LICENSE
 index.js
 package.json
 README.md
 index.d.ts
[raw-body] Extract .fedfa7aefe7b5df7-00000034.raw-body (decompressed 6.31 KB tgz file in 78.084us)
[raw-body] Extracted to .fedfa7aefe7b5df7-00000034.raw-body (1.218ms)
[PackageManager] waiting for 18 tasks
[PackageManager] waiting for 17 tasks
< 304 Not Modified
< Date: Sat, 03 Oct 2026 22:31:13 GMT
< Connection: keep-alive
< set-cookie: __cf_bm=SfRtJHEnQ_7Wt0XWXrA6dr1HoCJHTmKp3ejc4j2bL5A-1791066672.9359636-1.0.1.1-Rn_flRhnl5y2vy0MGtnXsxr4LDBkgAM6aM_W_zHu8DgYRpGkMRZx.14f8I0v_K1c.QmF877wfUdbWGRsgHTonvRFQ3BY4s4KnDnZuF6pEBob.TJCK4NeFoppWQrwL_RY; HttpOnly; SameSite=None; Secure; Path=/; Domain=npmjs.org; Expires=Sat, 03 Oct 2026 23:01:13 GMT
< set-cookie: _cfuvid=pc68SI._O5OmCSbNvSny_H2o_GyKWx0b5uqNjpN6A7I-1791066672.9359636-1.0.1.1-jZOA2wNavmHdCpfUy5GTte699JLnsIlMZRHTxc2O3_o; HttpOnly; SameSite=None; Secure; Path=/; Domain=npmjs.org
< CF-Ray: a44f6551dd545f50-TIA
< CF-Cache-Status: HIT
< Access-Control-Allow-Origin: *
< Cache-Control: public, max-age=300
< ETag: "b12fa9cfd927797d7f442d1e53924121"
< Last-Modified: Fri, 25 Sep 2026 18:08:23 GMT
< Server: cloudflare

[PackageManager] waiting for 16 tasks
    [226.62ms]
Downloaded bundle-name versions
   - "bundle-name": "^4.1.0" - bundle-name@4.1.1
Enqueue package manifest for download: run-applescript
> HTTP/1.1 GET https://registry.npmjs.org/run-applescript
> If-None-Match: W/"b054be38e1bb36db0fe538cb2e5a0099"
> Accept: application/vnd.npm.install-v1+json; q=1.0, application/json; q=0.8, */*
> Connection: keep-alive
> User-Agent: Bun/1.3.9
> Host: registry.npmjs.org
> Accept-Encoding: gzip, deflate, br, zstd

[PackageManager] waiting for 16 tasks
    [243.17ms] Downloaded lru-cache tarball
[PackageManager] waiting for 16 tasks
    [254.01ms] Downloaded react-cosmos-ui tarball
 dist/commonjs/browser/diagnostics-channel.js
 dist/commonjs/diagnostics-channel.js
 dist/commonjs/node/diagnostics-channel.js
 dist/commonjs/react-native/diagnostics-channel.js
 dist/esm/browser/diagnostics-channel.js
 dist/esm/diagnostics-channel.js
 dist/esm/node/diagnostics-channel.js
 dist/esm/react-native/diagnostics-channel.js
 dist/commonjs/browser/index.js
 dist/commonjs/index.js
 dist/commonjs/node/index.js
 dist/commonjs/react-native/index.js
 dist/esm/browser/index.js
 dist/esm/index.js
 dist/esm/node/index.js
 dist/esm/react-native/index.js
 dist/commonjs/browser/index.min.js
 dist/commonjs/index.min.js
 dist/commonjs/node/index.min.js
 dist/esm/browser/index.min.js
 dist/esm/index.min.js
 dist/esm/node/index.min.js
 dist/commonjs/browser/perf.js
 dist/commonjs/node/perf.js
 dist/commonjs/perf.js
 dist/commonjs/react-native/perf.js
 dist/esm/browser/perf.js
 dist/esm/node/perf.js
 dist/esm/perf.js
 dist/esm/react-native/perf.js
 dist/commonjs/package.json
 dist/esm/package.json
 package.json
 dist/commonjs/browser/diagnostics-channel-browser.d.ts.map
 dist/esm/browser/diagnostics-channel-browser.d.ts.map
 dist/commonjs/browser/diagnostics-channel-browser.js.map
 dist/esm/browser/diagnostics-channel-browser.js.map
 dist/commonjs/diagnostics-channel-cjs.cjs.map
 dist/commonjs/diagnostics-channel-cjs.d.cts.map
 dist/esm/diagnostics-channel-esm.d.mts.map
 dist/esm/diagnostics-channel-esm.mjs.map
 dist/commonjs/node/diagnostics-channel-node.d.ts.map
 dist/esm/node/diagnostics-channel-node.d.ts.map
 dist/commonjs/node/diagnostics-channel-node.js.map
 dist/esm/node/diagnostics-channel-node.js.map
 dist/commonjs/react-native/diagnostics-channel-react-native.d.ts.map
 dist/esm/react-native/diagnostics-channel-react-native.d.ts.map
 dist/commonjs/react-native/diagnostics-channel-react-native.js.map
 dist/esm/react-native/diagnostics-channel-react-native.js.map
 dist/commonjs/browser/index.d.ts.map
 dist/commonjs/index.d.ts.map
 dist/commonjs/node/index.d.ts.map
 dist/commonjs/react-native/index.d.ts.map
 dist/esm/browser/index.d.ts.map
 dist/esm/index.d.ts.map
 dist/esm/node/index.d.ts.map
 dist/esm/react-native/index.d.ts.map
 dist/commonjs/browser/index.js.map
 dist/commonjs/index.js.map
 dist/commonjs/node/index.js.map
 dist/commonjs/react-native/index.js.map
 dist/esm/browser/index.js.map
 dist/esm/index.js.map
 dist/esm/node/index.js.map
 dist/esm/react-native/index.js.map
 dist/commonjs/browser/index.min.js.map
 dist/commonjs/index.min.js.map
 dist/commonjs/node/index.min.js.map
 dist/esm/browser/index.min.js.map
 dist/esm/index.min.js.map
 dist/esm/node/index.min.js.map
 dist/commonjs/browser/perf.d.ts.map
 dist/commonjs/node/perf.d.ts.map
 dist/commonjs/perf.d.ts.map
 dist/commonjs/react-native/perf.d.ts.map
 dist/esm/browser/perf.d.ts.map
 dist/esm/node/perf.d.ts.map
 dist/esm/perf.d.ts.map
 dist/esm/react-native/perf.d.ts.map
 dist/commonjs/browser/perf.js.map
 dist/commonjs/node/perf.js.map
 dist/commonjs/perf.js.map
 dist/commonjs/react-native/perf.js.map
 dist/esm/browser/perf.js.map
 dist/esm/node/perf.js.map
 dist/esm/perf.js.map
 dist/esm/react-native/perf.js.map
 LICENSE.md
 README.md
 dist/commonjs/browser/diagnostics-channel.d.ts
 dist/commonjs/diagnostics-channel.d.ts
 dist/commonjs/node/diagnostics-channel.d.ts
 dist/commonjs/react-native/diagnostics-channel.d.ts
 dist/esm/browser/diagnostics-channel.d.ts
 dist/esm/diagnostics-channel.d.ts
 dist/esm/node/diagnostics-channel.d.ts
 dist/esm/react-native/diagnostics-channel.d.ts
 dist/commonjs/browser/index.d.ts
 dist/commonjs/index.d.ts
 dist/commonjs/node/index.d.ts
 dist/commonjs/react-native/index.d.ts
 dist/esm/browser/index.d.ts
 dist/esm/index.d.ts
 dist/esm/node/index.d.ts
 dist/esm/react-native/index.d.ts
 dist/commonjs/browser/perf.d.ts
 dist/commonjs/node/perf.d.ts
 dist/commonjs/perf.d.ts
 dist/commonjs/react-native/perf.d.ts
 dist/esm/browser/perf.d.ts
 dist/esm/node/perf.d.ts
 dist/esm/perf.d.ts
 dist/esm/react-native/perf.d.ts
[lru-cache] Extract .18df6ff6eefedff9-00000035.lru-cache (decompressed 0.70 MB tgz file in 2.144ms)
[lru-cache] Extracted to .18df6ff6eefedff9-00000035.lru-cache (15.238ms)
[PackageManager] waiting for 16 tasks
[PackageManager] waiting for 15 tasks
    [1034.21ms] Downloaded @tscircuit/implicit-copper-pour-solver tarball
 .github/
 .github/workflows/
 .github/workflows/bun-formatcheck.yml
 .github/workflows/bun-test.yml
 .github/workflows/bun-typecheck.yml
 .gitignore
 LICENSE
 README.md
 biome.json
 bunfig.toml
 cosmos.config.json
 lib/
 lib/geometry.ts
 lib/grid-solver.ts
 lib/implicit-copper-pour-pipeline-solver.ts
 lib/index.ts
 lib/prepare-circuit-json.ts
 lib/simplify-polygon-edges.ts
 lib/types.ts
 lib/visualize.ts
 package.json
 site/
 site/solver.page.tsx
 tests/
 tests/__snapshots__/
 tests/__snapshots__/implicit-copper-pour-pipeline-solver-nrf52810-bottom-layer-after-solve.snap.svg
 tests/__snapshots__/implicit-copper-pour-pipeline-solver-nrf52810-full-board-after-solve.snap.svg
 tests/__snapshots__/implicit-copper-pour-pipeline-solver-nrf52810-full-board-before-solve.snap.svg
 tests/__snapshots__/implicit-copper-pour-pipeline-solver-nrf52810-top-layer-after-solve.snap.svg
 tests/fixtures/
 tests/fixtures/filter-graphics-by-layer.ts
 tests/fixtures/nrf52810-board.ts
 tests/fixtures/nrf52810.json
 tests/fixtures/preload.ts
 tests/fixtures/simple-power-board.ts
 tests/implicit-copper-pour-pipeline-solver.test.ts
 tests/simplify-polygon-edges.test.ts
 tsconfig.json
 vercel.json
 vite.config.ts
[@tscircuit/implicit-copper-pour-solver] Extract .fdffafaedf7fffb6-00000037.implicit-copper-pour-solver (decompressed 183.70 KB tgz file in 790.667us)
[@tscircuit/implicit-copper-pour-solver] Extracted to .fdffafaedf7fffb6-00000037.implicit-copper-pour-solver (7.141ms)
[PackageManager] waiting for 15 tasks
   - "@tscircuit/math-utils": "^0.0.38" - @tscircuit/math-utils@0.0.38
[PackageManager] waiting for 14 tasks
    [58.83ms] Downloaded iconv-lite tarball
 LICENSE
 dist/components/BaseSvg.js
 dist/plugins/FixtureTree/BlankState.js
 dist/plugins/PropsPanel/BlankState.js
 dist/plugins/FixtureBookmark/BookmarkFixtureButton.js
 dist/components/ValueInputTree/ValueInput/BooleanValueInput.js
 dist/components/buttons/Button32.js
 dist/components/buttons/Button8.js
 dist/style/colors.js
 dist/plugins/ClassStatePanel/ClassStatePanel/ComponentClassState.js
 dist/plugins/PropsPanel/PropsPanel/ComponentProps.js
 dist/plugins/Root/ControlPanel.js
 dist/plugins/Root/persistentState/controlPanelOpen.js
 dist/slots/ControlPanelRowSlot.js
 dist/plugins/Root/persistentState/controlPanelWidth.js
 dist/plugins/RemoteRenderer/RemoteButton/copyToClipboard.js
 dist/cosmos.decorator.js
 dist/cosmos.loadPlugins.js
 dist/shared/defaultPluginConfig.js
 dist/plugins/Root/persistentState/drawerPanels.js
 dist/components/ValueInputTree/ExpandCollapseValues.js
 dist/slots/FixtureActionSlot.js
 dist/plugins/FixtureBookmark/FixtureBookmarks.js
 dist/plugins/FixtureTree/FixtureTree/FixtureButton.js
 dist/plugins/RendererCore/receiveResponse/fixtureChange.js
 dist/plugins/FixtureTree/FixtureTree/FixtureDir.js
 dist/plugins/FixtureTree/FixtureTree/FixtureLink.js
 dist/plugins/RendererCore/receiveResponse/fixtureListUpdate.js
 dist/plugins/FixtureSearch/FixtureSearchHeader.js
 dist/plugins/FixtureSearch/FixtureSearchOverlay.js
 dist/plugins/FixtureSearch/FixtureSearchResult.js
 dist/plugins/FixtureSearch/FixtureSearchShortcuts.js
 dist/plugins/FixtureTree/FixtureSelectContext.js
 dist/plugins/RendererCore/receiveResponse/fixtureStateChange.js
 dist/plugins/FixtureTree/FixtureTree/FixtureTree.js
 dist/shared/fixtureTree.js
 dist/plugins/FixtureTree/FixtureTreeContainer.js
 dist/plugins/FixtureTree/FixtureTreeHeader.js
 dist/plugins/FixtureTree/FixtureTree/FixtureTreeItem.js
 dist/plugins/FullScreenButton/FullScreenButton.js
 dist/style/globalStyle.js
 dist/shared/groupedOptions.js
 dist/plugins/RendererPreview/handleRendererRequests.js
 dist/plugins/RendererPreview/handleWindowMessages.js
 dist/plugins/Root/HomeOverlay/HomeOverlay.js
 dist/components/Icon.js
 dist/components/buttons/IconButton32.js
 dist/components/buttons/IconButton8.js
 dist/components/Illustration.js
 dist/components/buttons/index.js
 dist/components/icons/index.js
 dist/components/ValueInputTree/index.js
 dist/index.js
 dist/plugins/BuildNotifications/index.js
 dist/plugins/ClassStatePanel/ClassStatePanel/index.js
 dist/plugins/ClassStatePanel/index.js
 dist/plugins/Core/index.js
 dist/plugins/FixtureBookmark/index.js
 dist/plugins/FixtureSearch/index.js
 dist/plugins/FixtureTree/index.js
 dist/plugins/FullScreenButton/index.js
 dist/plugins/InputsPanel/index.js
 dist/plugins/MessageHandler/index.js
 dist/plugins/Notifications/index.js
 dist/plugins/PluginList/index.js
 dist/plugins/PropsPanel/index.js
 dist/plugins/PropsPanel/PropsPanel/index.js
 dist/plugins/RemoteRenderer/index.js
 dist/plugins/RemoteRenderer/RemoteButton/index.js
 dist/plugins/RendererCore/index.js
 dist/plugins/RendererCore/receiveResponse/index.js
 dist/plugins/RendererCore/shared/index.js
 dist/plugins/RendererPreview/index.js
 dist/plugins/RendererSelect/index.js
 dist/plugins/ResponsivePreview/index.js
 dist/plugins/ResponsivePreview/ToggleButton/index.js
 dist/plugins/Root/index.js
 dist/plugins/Router/index.js
 dist/plugins/SelectInput/index.js
 dist/plugins/StandardInput/index.js
 dist/plugins/Storage/index.js
 dist/slots/InputsActionSlot.js
 dist/slots/InputSlot.js
 dist/plugins/InputsPanel/InputsPanel.js
 dist/components/KeyBox.js
 dist/plugins/FixtureTree/FixtureTree/MultiFixtureButton.js
 dist/plugins/FixtureTree/FixtureTree/MultiFixtureChildButton.js
 dist/plugins/Root/NavPanel.js
 dist/plugins/Root/persistentState/navPanelOpen.js
 dist/slots/NavPanelRowSlot.js
 dist/plugins/Root/persistentState/navPanelWidth.js
 dist/plugins/Notifications/Notifications.js
 dist/components/ValueInputTree/ValueInput/NullValueInput.js
 dist/components/inputs/NumberInput.js
 dist/components/ValueInputTree/ValueInput/NumberValueInput.js
  LICENSE
 lib/bom-handling.js
 encodings/dbcs-codec.js
 encodings/dbcs-data.js
 encodings/index.js
 lib/index.js
 encodings/internal.js
 lib/helpers/merge-exports.js
 encodings/sbcs-codec.js
 encodings/sbcs-data-generated.js
 encodings/sbcs-data.js
 lib/streams.js
 encodings/utf16.js
 encodings/utf32.js
 encodings/utf7.js
 encodings/tables/big5-added.json
 encodings/tables/cp936.json
 encodings/tables/cp949.json
 encodings/tables/cp950.json
 encodings/tables/eucjp.json
 encodings/tables/gb18030-ranges.json
 encodings/tables/gbk-added.json
 package.json
 encodings/tables/shiftjis.json
 README.md
 types/encodings.d.ts
 lib/index.d.ts
[iconv-lite] Extract .79fb3def50ff6dfc-00000038.iconv-lite (decompressed 189.86 KB tgz file in 596.458us)
[iconv-lite] Extracted to .79fb3def50ff6dfc-00000038.iconv-lite (3.911ms)
[PackageManager] waiting for 14 tasks
dist/plugins/RendererCore/onRouterFixtureReselect.js
 dist/plugins/RendererCore/onRouterFixtureSelect.js
 dist/plugins/RendererCore/onRouterFixtureUnselect.js
 dist/playground.bundle.js
 dist/playground.js
 dist/plugins/RendererCore/receiveResponse/playgroundCommand.js
 dist/playgroundConfig.js
 dist/plugins/pluginEntry.js
 dist/testHelpers/pluginHelpers.js
 dist/plugins/PluginList/PluginList.js
 dist/pluginMocks.js
 dist/testHelpers/pluginMocks.js
 pluginMocks.js
 dist/plugins/RendererCore/shared/postRequest.js
 dist/plugins/Notifications/pushNotification.js
 dist/plugins/RendererCore/receiveResponse/pushStickyNotification.js
 dist/plugins/RendererCore/receiveResponse/pushTimedNotification.js
 dist/plugins/RendererCore/reloadRenderer.js
 dist/plugins/RendererPreview/RendererOverlay/RemoteRendererConnected.js
 dist/plugins/RendererPreview/RendererOverlay/RemoteRendererOverlay.js
 dist/plugins/RendererCore/receiveResponse/removeStickyNotification.js
 dist/slots/RendererActionSlot.js
 dist/plugins/Root/RendererHeader.js
 dist/plugins/RendererPreview/RendererOverlay/RendererOverlay.js
 dist/plugins/RendererPreview/RendererOverlay/rendererOverlayShared.js
 dist/plugins/RendererPreview/RendererPreview.js
 dist/plugins/RendererCore/receiveResponse/rendererReady.js
 dist/plugins/ResponsivePreview/ResponsivePreview/ResponsiveHeader.js
 dist/plugins/ResponsivePreview/ResponsivePreview/ResponsivePreview.js
 dist/plugins/FixtureTree/revealFixture.js
 dist/plugins/Root/Root.js
 dist/plugins/RendererCore/shared/router.js
 dist/components/inputs/Select.js
 dist/plugins/SelectInput/SelectValueInput.js
 dist/plugins/RendererCore/setFixtureState.js
 dist/plugins/RendererCore/setGlobalFixtureState.js
 dist/components/buttons/shared.js
 dist/components/inputs/shared.js
 dist/components/ValueInputTree/shared.js
 dist/components/ValueInputTree/ValueInput/shared.js
 dist/plugins/ClassStatePanel/ClassStatePanel/shared.js
 dist/plugins/ClassStatePanel/shared.js
 dist/plugins/FixtureTree/shared.js
 dist/plugins/InputsPanel/shared.js
 dist/plugins/MessageHandler/shared.js
 dist/plugins/Notifications/shared.js
 dist/plugins/PropsPanel/PropsPanel/shared.js
 dist/plugins/PropsPanel/shared.js
 dist/plugins/RemoteRenderer/shared.js
 dist/plugins/RendererPreview/shared.js
 dist/plugins/ResponsivePreview/shared.js
 dist/plugins/Root/shared.js
 dist/components/SidePanel.js
 dist/plugins/MessageHandler/socket.js
 dist/components/Space.js
 dist/plugins/BuildNotifications/spec.js
 dist/plugins/ClassStatePanel/spec.js
 dist/plugins/Core/spec.js
 dist/plugins/FixtureBookmark/spec.js
 dist/plugins/FixtureSearch/spec.js
 dist/plugins/FixtureTree/spec.js
 dist/plugins/FullScreenButton/spec.js
 dist/plugins/InputsPanel/spec.js
 dist/plugins/MessageHandler/spec.js
 dist/plugins/Notifications/spec.js
 dist/plugins/PluginList/spec.js
 dist/plugins/PropsPanel/spec.js
 dist/plugins/RemoteRenderer/spec.js
 dist/plugins/RendererCore/spec.js
 dist/plugins/RendererPreview/spec.js
 dist/plugins/RendererSelect/spec.js
 dist/plugins/ResponsivePreview/spec.js
 dist/plugins/Root/spec.js
 dist/plugins/Router/spec.js
 dist/plugins/SelectInput/spec.js
 dist/plugins/StandardInput/spec.js
 dist/plugins/Storage/spec.js
 dist/plugins/StandardInput/storage.js
 dist/components/ValueInputTree/ValueInput/StringValueInput.js
 dist/plugins/ResponsivePreview/ResponsivePreview/style.js
 dist/shared/treeExpansion.js
 dist/components/TreeView.js
 dist/components/ValueInputTree/ValueInput/UndefinedValueInput.js
 dist/components/ValueInputTree/ValueInput/UnserializableValueInput.js
 dist/shared/url.js
 dist/hooks/useDrag.js
 dist/hooks/useFocus.js
 dist/plugins/FixtureTree/useScrollToSelected.js
 dist/components/ValueInputTree/valueGroups.js
 dist/components/ValueInputTree/ValueInput/ValueInput.js
 dist/components/ValueInputTree/ValueInputDir.js
 dist/slots/ValueInputSlot.js
 dist/components/ValueInputTree/ValueInputTree.js
 dist/components/ValueInputTree/valueTree.js
 dist/components/ValueInputTree/valueTreeExpansion.js
 dist/style/vars.js
 dist/plugins/RendererPreview/RendererOverlay/WaitingForRenderer.js
 package.json
 dist/playground.bundle.js.map
 dist/components/BaseSvg.d.ts
 dist/plugins/FixtureTree/BlankState.d.ts
 dist/plugins/PropsPanel/BlankState.d.ts
 dist/plugins/FixtureBookmark/BookmarkFixtureButton.d.ts
 dist/components/ValueInputTree/ValueInput/BooleanValueInput.d.ts
 dist/components/buttons/Button32.d.ts
 dist/components/buttons/Button8.d.ts
 dist/style/colors.d.ts
 dist/plugins/ClassStatePanel/ClassStatePanel/ComponentClassState.d.ts
 dist/plugins/PropsPanel/PropsPanel/ComponentProps.d.ts
 dist/plugins/Root/ControlPanel.d.ts
 dist/plugins/Root/persistentState/controlPanelOpen.d.ts
 dist/slots/ControlPanelRowSlot.d.ts
 dist/plugins/Root/persistentState/controlPanelWidth.d.ts
 dist/plugins/RemoteRenderer/RemoteButton/copyToClipboard.d.ts
 dist/cosmos.decorator.d.ts
 dist/cosmos.loadPlugins.d.ts
 dist/shared/defaultPluginConfig.d.ts
 dist/plugins/Root/persistentState/drawerPanels.d.ts
 dist/components/ValueInputTree/ExpandCollapseValues.d.ts
 dist/slots/FixtureActionSlot.d.ts
 dist/plugins/FixtureBookmark/FixtureBookmarks.d.ts
 dist/plugins/FixtureTree/FixtureTree/FixtureButton.d.ts
 dist/plugins/RendererCore/receiveResponse/fixtureChange.d.ts
 dist/plugins/FixtureTree/FixtureTree/FixtureDir.d.ts
 dist/plugins/FixtureTree/FixtureTree/FixtureLink.d.ts
 dist/plugins/RendererCore/receiveResponse/fixtureListUpdate.d.ts
 dist/plugins/FixtureSearch/FixtureSearchHeader.d.ts
 dist/plugins/FixtureSearch/FixtureSearchOverlay.d.ts
 dist/plugins/FixtureSearch/FixtureSearchResult.d.ts
 dist/plugins/FixtureSearch/FixtureSearchShortcuts.d.ts
 dist/plugins/FixtureTree/FixtureSelectContext.d.ts
 dist/plugins/RendererCore/receiveResponse/fixtureStateChange.d.ts
 dist/plugins/FixtureTree/FixtureTree/FixtureTree.d.ts
 dist/shared/fixtureTree.d.ts
 dist/plugins/FixtureTree/FixtureTreeContainer.d.ts
 dist/plugins/FixtureTree/FixtureTreeHeader.d.ts
 dist/plugins/FixtureTree/FixtureTree/FixtureTreeItem.d.ts
 dist/plugins/FullScreenButton/FullScreenButton.d.ts
 dist/style/globalStyle.d.ts
 dist/shared/groupedOptions.d.ts
 dist/plugins/RendererPreview/handleRendererRequests.d.ts
 dist/plugins/RendererPreview/handleWindowMessages.d.ts
 dist/plugins/Root/HomeOverlay/HomeOverlay.d.ts
 dist/components/Icon.d.ts
 dist/components/buttons/IconButton32.d.ts
 dist/components/buttons/IconButton8.d.ts
 dist/components/Illustration.d.ts
 dist/components/buttons/index.d.ts
 dist/components/icons/index.d.ts
 dist/components/ValueInputTree/index.d.ts
 dist/index.d.ts
 dist/plugins/BuildNotifications/index.d.ts
 dist/plugins/ClassStatePanel/ClassStatePanel/index.d.ts
 dist/plugins/ClassStatePanel/index.d.ts
 dist/plugins/Core/index.d.ts
 dist/plugins/FixtureBookmark/index.d.ts
 dist/plugins/FixtureSearch/index.d.ts
 dist/plugins/FixtureTree/index.d.ts
 dist/plugins/FullScreenButton/index.d.ts
 dist/plugins/InputsPanel/index.d.ts
 dist/plugins/MessageHandler/index.d.ts
 dist/plugins/Notifications/index.d.ts
 dist/plugins/PluginList/index.d.ts
 dist/plugins/PropsPanel/index.d.ts
 dist/plugins/PropsPanel/PropsPanel/index.d.ts
 dist/plugins/RemoteRenderer/index.d.ts
 dist/plugins/RemoteRenderer/RemoteButton/index.d.ts
 dist/plugins/RendererCore/index.d.ts
 dist/plugins/RendererCore/receiveResponse/index.d.ts
 dist/plugins/RendererCore/shared/index.d.ts
 dist/plugins/RendererPreview/index.d.ts
 dist/plugins/RendererSelect/index.d.ts
 dist/plugins/ResponsivePreview/index.d.ts
 dist/plugins/ResponsivePreview/ToggleButton/index.d.ts
 dist/plugins/Root/index.d.ts
 dist/plugins/Router/index.d.ts
 dist/plugins/SelectInput/index.d.ts
 dist/plugins/StandardInput/index.d.ts
 dist/plugins/Storage/index.d.ts
 dist/slots/InputsActionSlot.d.ts
 dist/slots/InputSlot.d.ts
 dist/plugins/InputsPanel/InputsPanel.d.ts
 dist/components/KeyBox.d.ts
 dist/plugins/FixtureTree/FixtureTree/MultiFixtureButton.d.ts
 dist/plugins/FixtureTree/FixtureTree/MultiFixtureChildButton.d.ts
 dist/plugins/Root/NavPanel.d.ts
 dist/plugins/Root/persistentState/navPanelOpen.d.ts
 dist/slots/NavPanelRowSlot.d.ts
 [PackageManager] waiting for 13 tasks
    [1067.53ms] Downloaded @tscircuit/pcb-trace-linter tarball
dist/plugins/Root/persistentState/navPanelWidth.d.ts
 dist/plugins/Notifications/Notifications.d.ts
 dist/components/ValueInputTree/ValueInput/NullValueInput.d.ts
 dist/components/inputs/NumberInput.d.ts
 dist/components/ValueInputTree/ValueInput/NumberValueInput.d.ts
 dist/plugins/RendererCore/onRouterFixtureReselect.d.ts
 dist/plugins/RendererCore/onRouterFixtureSelect.d.ts
 dist/plugins/RendererCore/onRouterFixtureUnselect.d.ts
 dist/playground.d.ts
 dist/plugins/RendererCore/receiveResponse/playgroundCommand.d.ts
 dist/playgroundConfig.d.ts
 dist/plugins/pluginEntry.d.ts
 dist/testHelpers/pluginHelpers.d.ts
 dist/plugins/PluginList/PluginList.d.ts
 dist/pluginMocks.d.ts
 dist/testHelpers/pluginMocks.d.ts
 pluginMocks.d.ts
 dist/plugins/RendererCore/shared/postRequest.d.ts
 dist/plugins/Notifications/pushNotification.d.ts
 dist/plugins/RendererCore/receiveResponse/pushStickyNotification.d.ts
 dist/plugins/RendererCore/receiveResponse/pushTimedNotification.d.ts
 dist/plugins/RendererCore/reloadRenderer.d.ts
 dist/plugins/RendererPreview/RendererOverlay/RemoteRendererConnected.d.ts
 dist/plugins/RendererPreview/RendererOverlay/RemoteRendererOverlay.d.ts
 dist/plugins/RendererCore/receiveResponse/removeStickyNotification.d.ts
 dist/slots/RendererActionSlot.d.ts
 dist/plugins/Root/RendererHeader.d.ts
 dist/plugins/RendererPreview/RendererOverlay/RendererOverlay.d.ts
 dist/plugins/RendererPreview/RendererOverlay/rendererOverlayShared.d.ts
 dist/plugins/RendererPreview/RendererPreview.d.ts
 dist/plugins/RendererCore/receiveResponse/rendererReady.d.ts
 dist/plugins/ResponsivePreview/ResponsivePreview/ResponsiveHeader.d.ts
 dist/plugins/ResponsivePreview/ResponsivePreview/ResponsivePreview.d.ts
 dist/plugins/FixtureTree/revealFixture.d.ts
 dist/plugins/Root/Root.d.ts
 dist/plugins/RendererCore/shared/router.d.ts
 dist/components/inputs/Select.d.ts
 dist/plugins/SelectInput/SelectValueInput.d.ts
 dist/plugins/RendererCore/setFixtureState.d.ts
 dist/plugins/RendererCore/setGlobalFixtureState.d.ts
 dist/components/buttons/shared.d.ts
 dist/components/inputs/shared.d.ts
 dist/components/ValueInputTree/shared.d.ts
 dist/components/ValueInputTree/ValueInput/shared.d.ts
 dist/plugins/ClassStatePanel/ClassStatePanel/shared.d.ts
 dist/plugins/ClassStatePanel/shared.d.ts
 dist/plugins/FixtureTree/shared.d.ts
 dist/plugins/InputsPanel/shared.d.ts
 dist/plugins/MessageHandler/shared.d.ts
 dist/plugins/Notifications/shared.d.ts
 dist/plugins/PropsPanel/PropsPanel/shared.d.ts
 dist/plugins/PropsPanel/shared.d.ts
 dist/plugins/RemoteRenderer/shared.d.ts
 dist/plugins/RendererPreview/shared.d.ts
 dist/plugins/ResponsivePreview/shared.d.ts
 dist/plugins/Root/shared.d.ts
 dist/components/SidePanel.d.ts
 dist/plugins/MessageHandler/socket.d.ts
 dist/components/Space.d.ts
 dist/plugins/BuildNotifications/spec.d.ts
 dist/plugins/ClassStatePanel/spec.d.ts
 dist/plugins/Core/spec.d.ts
 dist/plugins/FixtureBookmark/spec.d.ts
 dist/plugins/FixtureSearch/spec.d.ts
 dist/plugins/FixtureTree/spec.d.ts
 dist/plugins/FullScreenButton/spec.d.ts
 dist/plugins/InputsPanel/spec.d.ts
 dist/plugins/MessageHandler/spec.d.ts
 dist/plugins/Notifications/spec.d.ts
 dist/plugins/PluginList/spec.d.ts
 dist/plugins/PropsPanel/spec.d.ts
 dist/plugins/RemoteRenderer/spec.d.ts
 dist/plugins/RendererCore/spec.d.ts
 dist/plugins/RendererPreview/spec.d.ts
 dist/plugins/RendererSelect/spec.d.ts
 dist/plugins/ResponsivePreview/spec.d.ts
 dist/plugins/Root/spec.d.ts
 dist/plugins/Router/spec.d.ts
 dist/plugins/SelectInput/spec.d.ts
 dist/plugins/StandardInput/spec.d.ts
 dist/plugins/Storage/spec.d.ts
 dist/plugins/StandardInput/storage.d.ts
 dist/components/ValueInputTree/ValueInput/StringValueInput.d.ts
 dist/plugins/ResponsivePreview/ResponsivePreview/style.d.ts
 dist/shared/treeExpansion.d.ts
 dist/components/TreeView.d.ts
 dist/components/ValueInputTree/ValueInput/UndefinedValueInput.d.ts
 dist/components/ValueInputTree/ValueInput/UnserializableValueInput.d.ts
 dist/shared/url.d.ts
 dist/hooks/useDrag.d.ts
 dist/hooks/useFocus.d.ts
 dist/plugins/FixtureTree/useScrollToSelected.d.ts
 dist/components/ValueInputTree/valueGroups.d.ts
 dist/components/ValueInputTree/ValueInput/ValueInput.d.ts
 dist/components/ValueInputTree/ValueInputDir.d.ts
 dist/slots/ValueInputSlot.d.ts
 dist/components/ValueInputTree/ValueInputTree.d.ts
 dist/components/ValueInputTree/valueTree.d.ts
 dist/components/ValueInputTree/valueTreeExpansion.d.ts
 dist/style/vars.d.ts
 dist/plugins/RendererPreview/RendererOverlay/WaitingForRenderer.d.ts
 dist/playground.bundle.js.LICENSE.txt
[react-cosmos-ui] Extract .bffff7e6efbb7f2f-00000036.react-cosmos-ui (decompressed 0.76 MB tgz file in 4.68ms)
[react-cosmos-ui] Extracted to .bffff7e6efbb7f2f-00000036.react-cosmos-ui (51.115ms)
[PackageManager] waiting for 13 tasks
 .github/
 .github/workflows/
 .github/workflows/bun-formatcheck.yml
 .github/workflows/bun-test.yml
 .github/workflows/bun-typecheck.yml
 .gitignore
 LICENSE
 README.md
 biome.json
 bunfig.toml
 cosmos.config.json
 cosmos.decorator.tsx
 index.html
 lib/
 lib/CircuitJsonPcbTraceLinter.ts
 lib/OddAngleFinder.ts
 lib/PcbTraceLinter.ts
 lib/index.ts
 lib/normalizeInput.ts
 lib/segments.ts
 lib/srj.ts
 lib/types.ts
 lib/validateSimpleRouteJson.ts
 lib/visualizeIssues.ts
 package.json
 pages/
 pages/_welcome.page.tsx
 pages/dataset-srj18.page.tsx
 scripts/
 scripts/generate-fixture.ts
 tests/
 tests/__snapshots__/
 tests/__snapshots__/pipeline9-sample003-issue-001.snap.svg
 tests/__snapshots__/pipeline9-sample003-issue-002.snap.svg
 tests/__snapshots__/pipeline9-sample003-issue-003.snap.svg
 tests/__snapshots__/pipeline9-sample003-issue-004.snap.svg
 tests/__snapshots__/pipeline9-sample003-issue-005.snap.svg
 tests/__snapshots__/pipeline9-sample003-issue-006.snap.svg
 tests/__snapshots__/pipeline9-sample003-issue-007.snap.svg
 tests/__snapshots__/pipeline9-sample003-issue-008.snap.svg
 tests/__snapshots__/pipeline9-sample003-issue-009.snap.svg
 tests/__snapshots__/pipeline9-sample003-issue-010.snap.svg
 tests/__snapshots__/pipeline9-sample003-issue-011.snap.svg
 tests/__snapshots__/pipeline9-sample003-issue-012.snap.svg
 tests/__snapshots__/pipeline9-sample003-issue-013.snap.svg
 tests/__snapshots__/pipeline9-sample003-issue-014.snap.svg
 tests/__snapshots__/pipeline9-sample003-issue-015.snap.svg
 tests/__snapshots__/pipeline9-sample003-issue-016.snap.svg
 tests/__snapshots__/pipeline9-sample003-issue-017.snap.svg
 tests/__snapshots__/pipeline9-sample003-issue-018.snap.svg
 tests/__snapshots__/pipeline9-sample003-issue-019.snap.svg
 tests/__snapshots__/pipeline9-sample003-issue-020.snap.svg
 tests/__snapshots__/pipeline9-sample003-issue-021.snap.svg
 tests/__snapshots__/pipeline9-sample003-issue-022.snap.svg
 tests/__snapshots__/pipeline9-sample003-issue-023.snap.svg
 tests/__snapshots__/pipeline9-sample003-issue-024.snap.svg
 tests/__snapshots__/pipeline9-sample003-issue-025.snap.svg
 tests/__snapshots__/pipeline9-sample003-issue-026.snap.svg
 tests/__snapshots__/pipeline9-sample003-issue-027.snap.svg
 tests/__snapshots__/pipeline9-sample003-issue-028.snap.svg
 tests/__snapshots__/pipeline9-sample003-issue-029.snap.svg
 tests/__snapshots__/pipeline9-sample003-issue-030.snap.svg
 tests/__snapshots__/pipeline9-sample003-issue-031.snap.svg
 tests/__snapshots__/pipeline9-sample003-issue-032.snap.svg
 tests/__snapshots__/pipeline9-sample003-issue-033.snap.svg
 tests/__snapshots__/pipeline9-sample003-issue-034.snap.svg
 tests/__snapshots__/pipeline9-sample003-issue-035.snap.svg
 tests/__snapshots__/pipeline9-sample003-issue-036.snap.svg
 tests/__snapshots__/pipeline9-sample003-issue-037.snap.svg
 tests/__snapshots__/pipeline9-sample003-issue-038.snap.svg
 tests/__snapshots__/pipeline9-sample003-issue-039.snap.svg
 tests/__snapshots__/pipeline9-sample003-issue-040.snap.svg
 tests/__snapshots__/pipeline9-sample003-issue-041.snap.svg
 tests/__snapshots__/pipeline9-sample003-issue-042.snap.svg
 tests/__snapshots__/pipeline9-sample003-issue-043.snap.svg
 tests/__snapshots__/pipeline9-sample003-issue-044.snap.svg
 tests/__snapshots__/pipeline9-sample003-issue-045.snap.svg
 tests/__snapshots__/pipeline9-sample003-issue-046.snap.svg
 tests/__snapshots__/pipeline9-sample003-issue-047.snap.svg
 tests/__snapshots__/pipeline9-sample003-issue-048.snap.svg
 tests/__snapshots__/pipeline9-sample003-issue-049.snap.svg
 tests/__snapshots__/pipeline9-sample003-issue-050.snap.svg
 tests/__snapshots__/pipeline9-sample003-issue-051.snap.svg
 tests/__snapshots__/pipeline9-sample003-issue-052.snap.svg
 tests/__snapshots__/pipeline9-sample003-issue-053.snap.svg
 tests/__snapshots__/pipeline9-sample003-issue-054.snap.svg
 tests/__snapshots__/pipeline9-sample003-issue-055.snap.svg
 tests/__snapshots__/pipeline9-sample003-issue-056.snap.svg
 tests/__snapshots__/pipeline9-sample003-issue-057.snap.svg
 tests/__snapshots__/pipeline9-sample003-issue-058.snap.svg
 tests/__snapshots__/pipeline9-sample003-issue-059.snap.svg
 tests/__snapshots__/pipeline9-sample003-issue-060.snap.svg
 tests/__snapshots__/pipeline9-sample003-issue-061.snap.svg
 tests/__snapshots__/pipeline9-sample003-issue-062.snap.svg
 tests/__snapshots__/pipeline9-sample003-issue-063.snap.svg
 tests/__snapshots__/pipeline9-sample003-issue-064.snap.svg
 tests/__snapshots__/pipeline9-sample003-issue-065.snap.svg
 tests/__snapshots__/pipeline9-sample003-issue-066.snap.svg
 tests/__snapshots__/pipeline9-sample003-issue-067.snap.svg
 tests/__snapshots__/pipeline9-sample003-issue-068.snap.svg
 tests/__snapshots__/pipeline9-sample003-issue-069.snap.svg
 tests/__snapshots__/pipeline9-sample003-issue-070.snap.svg
 tests/__snapshots__/pipeline9-sample003-issue-071.snap.svg
 tests/__snapshots__/pipeline9-sample003-issue-072.snap.svg
 tests/__snapshots__/pipeline9-sample003-issue-073.snap.svg
 tests/__snapshots__/pipeline9-sample003-issue-074.snap.svg
 tests/__snapshots__/pipeline9-sample003-issue-075.snap.svg
 tests/__snapshots__/pipeline9-sample003-issue-076.snap.svg
 tests/__snapshots__/pipeline9-sample003-issue-077.snap.svg
 tests/__snapshots__/pipeline9-sample003-issue-078.snap.svg
 tests/__snapshots__/pipeline9-sample003-issue-079.snap.svg
 tests/__snapshots__/pipeline9-sample003-issue-080.snap.svg
 tests/__snapshots__/pipeline9-sample003-issue-081.snap.svg
 tests/__snapshots__/pipeline9-sample003-issue-082.snap.svg
 tests/__snapshots__/pipeline9-sample003-issue-083.snap.svg
 tests/__snapshots__/pipeline9-sample003-issue-084.snap.svg
 tests/__snapshots__/pipeline9-sample003-issue-085.snap.svg
 tests/__snapshots__/pipeline9-sample003-issue-086.snap.svg
 tests/__snapshots__/pipeline9-sample003-issue-087.snap.svg
 tests/__snapshots__/pipeline9-sample003-issue-088.snap.svg
 tests/__snapshots__/pipeline9-sample003-issue-089.snap.svg
 tests/__snapshots__/pipeline9-sample003-issue-090.snap.svg
 tests/__snapshots__/pipeline9-sample003-issue-091.snap.svg
 tests/__snapshots__/pipeline9-sample003-issue-092.snap.svg
 tests/__snapshots__/pipeline9-sample003-issue-093.snap.svg
 tests/__snapshots__/pipeline9-sample003-issue-094.snap.svg
 tests/__snapshots__/pipeline9-sample003-issue-095.snap.svg
 tests/__snapshots__/pipeline9-sample003-issue-096.snap.svg
 tests/__snapshots__/pipeline9-sample003-issue-097.snap.svg
 tests/__snapshots__/pipeline9-sample003-issue-098.snap.svg
 tests/__snapshots__/pipeline9-sample003-issue-099.snap.svg
 tests/__snapshots__/pipeline9-sample003-issue-100.snap.svg
 tests/__snapshots__/pipeline9-sample003-issue-101.snap.svg
 tests/__snapshots__/pipeline9-sample003-issue-102.snap.svg
 tests/__snapshots__/pipeline9-sample003-issue-103.snap.svg
 tests/__snapshots__/pipeline9-sample003-issue-104.snap.svg
 tests/__snapshots__/pipeline9-sample003-issue-105.snap.svg
 tests/__snapshots__/pipeline9-sample003-issue-106.snap.svg
 tests/__snapshots__/pipeline9-sample003-issue-107.snap.svg
 tests/__snapshots__/pipeline9-sample003-issue-108.snap.svg
 tests/__snapshots__/pipeline9-sample003-issue-109.snap.svg
 tests/__snapshots__/pipeline9-sample003-issue-110.snap.svg
 tests/__snapshots__/pipeline9-sample003-issue-111.snap.svg
 tests/__snapshots__/pipeline9-sample003-issue-112.snap.svg
 tests/__snapshots__/pipeline9-sample003-issue-113.snap.svg
 tests/__snapshots__/pipeline9-sample003-issue-114.snap.svg
 tests/__snapshots__/pipeline9-sample003-issue-115.snap.svg
 tests/__snapshots__/pipeline9-sample003-issue-116.snap.svg
 tests/__snapshots__/pipeline9-sample003-issue-117.snap.svg
 tests/__snapshots__/pipeline9-sample003-issue-118.snap.svg
 tests/__snapshots__/pipeline9-sample003-issue-119.snap.svg
 tests/__snapshots__/pipeline9-sample003-issue-120.snap.svg
 tests/__snapshots__/pipeline9-sample003-issue-121.snap.svg
 tests/__snapshots__/pipeline9-sample003-issue-122.snap.svg
 tests/__snapshots__/pipeline9-sample003-issue-123.snap.svg
 tests/__snapshots__/pipeline9-sample003-issue-124.snap.svg
 tests/__snapshots__/pipeline9-sample003-issue-125.snap.svg
 tests/__snapshots__/pipeline9-sample003-issue-126.snap.svg
 tests/__snapshots__/pipeline9-sample003-issue-127.snap.svg
 tests/__snapshots__/pipeline9-sample003-issue-128.snap.svg
 tests/__snapshots__/pipeline9-sample003-issue-129.snap.svg
 tests/__snapshots__/pipeline9-sample003-issue-130.snap.svg
 tests/__snapshots__/pipeline9-sample003-issue-131.snap.svg
 tests/__snapshots__/pipeline9-sample003-issue-132.snap.svg
 tests/__snapshots__/pipeline9-sample003-issue-133.snap.svg
 tests/__snapshots__/pipeline9-sample003-issue-134.snap.svg
 tests/__snapshots__/pipeline9-sample003-issue-135.snap.svg
 tests/__snapshots__/pipeline9-sample003-issue-136.snap.svg
 tests/__snapshots__/pipeline9-sample003-issue-137.snap.svg
 tests/__snapshots__/pipeline9-sample003-issue-138.snap.svg
 tests/__snapshots__/pipeline9-sample003-issue-139.snap.svg
 tests/__snapshots__/pipeline9-sample003-issue-140.snap.svg
 tests/__snapshots__/pipeline9-sample003-issue-141.snap.svg
 tests/__snapshots__/pipeline9-sample003-issue-142.snap.svg
 tests/__snapshots__/pipeline9-sample003-issue-143.snap.svg
 tests/__snapshots__/pipeline9-sample003-issue-144.snap.svg
 tests/__snapshots__/pipeline9-sample003-issue-145.snap.svg
 tests/__snapshots__/pipeline9-sample003-issue-146.snap.svg
 tests/__snapshots__/pipeline9-sample003-issue-147.snap.svg
 tests/__snapshots__/pipeline9-sample003-issue-148.snap.svg
 tests/__snapshots__/pipeline9-sample003-issue-149.snap.svg
 tests/__snapshots__/pipeline9-sample003-issue-150.snap.svg
 tests/__snapshots__/pipeline9-sample003-issue-151.snap.svg
 tests/__snapshots__/pipeline9-sample003-issue-152.snap.svg
 tests/__snapshots__/pipeline9-sample003-issue-153.snap.svg
 tests/__snapshots__/pipeline9-sample003-issue-154.snap.svg
 tests/__snapshots__/pipeline9-sample003-issue-155.snap.svg
 tests/__snapshots__/pipeline9-sample003-issue-156.snap.svg
 tests/__snapshots__/pipeline9-sample003-issue-157.snap.svg
 tests/__snapshots__/pipeline9-sample003-issue-158.snap.svg
 tests/__snapshots__/pipeline9-sample003-issue-159.snap.svg
 tests/__snapshots__/pipeline9-sample003-issue-160.snap.svg
 tests/__snapshots__/pipeline9-sample003-issue-161.snap.svg
 tests/__snapshots__/pipeline9-sample003-issue-162.snap.svg
 tests/__snapshots__/pipeline9-sample003-issue-163.snap.svg
 tests/__snapshots__/pipeline9-sample003-issue-164.snap.svg
 tests/__snapshots__/pipeline9-sample003-issue-165.snap.svg
 tests/__snapshots__/pipeline9-sample003-issue-166.snap.svg
 tests/__snapshots__/pipeline9-sample003-issue-167.snap.svg
 tests/__snapshots__/pipeline9-sample003-issue-168.snap.svg
 tests/__snapshots__/pipeline9-sample003-issue-169.snap.svg
 tests/__snapshots__/pipeline9-sample003-issue-170.snap.svg
 tests/__snapshots__/pipeline9-sample003-issue-171.snap.svg
 tests/__snapshots__/pipeline9-sample003-issue-172.snap.svg
 tests/__snapshots__/pipeline9-sample003-issue-173.snap.svg
 tests/__snapshots__/pipeline9-sample003-issue-174.snap.svg
 tests/__snapshots__/pipeline9-sample003-issue-175.snap.svg
 tests/__snapshots__/pipeline9-sample003-issue-176.snap.svg
 tests/__snapshots__/pipeline9-sample003-issue-177.snap.svg
 tests/__snapshots__/pipeline9-sample003-issue-178.snap.svg
 tests/__snapshots__/pipeline9-sample003-issue-179.snap.svg
 tests/__snapshots__/pipeline9-sample003-issue-180.snap.svg
 tests/__snapshots__/pipeline9-sample003-issue-181.snap.svg
 tests/__snapshots__/pipeline9-sample003-issue-182.snap.svg
 tests/__snapshots__/pipeline9-sample003-issue-183.snap.svg
 tests/__snapshots__/pipeline9-sample003-issue-184.snap.svg
 tests/__snapshots__/pipeline9-sample003-issue-185.snap.svg
 tests/__snapshots__/pipeline9-sample003-issue-186.snap.svg
 tests/__snapshots__/pipeline9-sample003-issue-187.snap.svg
 tests/__snapshots__/pipeline9-sample003-issue-188.snap.svg
 tests/__snapshots__/pipeline9-sample003-issue-189.snap.svg
 tests/__snapshots__/pipeline9-sample003-issue-190.snap.svg
 tests/__snapshots__/pipeline9-sample003-issue-191.snap.svg
 tests/__snapshots__/pipeline9-sample003-issue-192.snap.svg
 tests/__snapshots__/pipeline9-sample003-issue-193.snap.svg
 tests/__snapshots__/pipeline9-sample003-issue-194.snap.svg
 tests/__snapshots__/pipeline9-sample003-issue-195.snap.svg
 tests/__snapshots__/pipeline9-sample003-issue-196.snap.svg
 tests/__snapshots__/pipeline9-sample003-issue-197.snap.svg
 tests/__snapshots__/pipeline9-sample003-issue-198.snap.svg
 tests/__snapshots__/pipeline9-sample003-issue-199.snap.svg
 tests/__snapshots__/pipeline9-sample003-issue-200.snap.svg
 tests/__snapshots__/pipeline9-sample003-issue-201.snap.svg
 tests/__snapshots__/pipeline9-sample003-issue-202.snap.svg
 tests/__snapshots__/pipeline9-sample003-issue-203.snap.svg
 tests/__snapshots__/pipeline9-sample003-issue-204.snap.svg
 tests/__snapshots__/pipeline9-sample003-issue-205.snap.svg
 tests/__snapshots__/pipeline9-sample003-issue-206.snap.svg
 tests/__snapshots__/pipeline9-sample003-issue-207.snap.svg
 tests/__snapshots__/pipeline9-sample003-issue-208.snap.svg
 tests/__snapshots__/pipeline9-sample003-issue-209.snap.svg
 tests/__snapshots__/pipeline9-sample003-issue-210.snap.svg
 tests/__snapshots__/pipeline9-sample003-issue-211.snap.svg
 tests/__snapshots__/pipeline9-sample003-issue-212.snap.svg
 tests/__snapshots__/pipeline9-sample003-issue-213.snap.svg
 tests/__snapshots__/pipeline9-sample003-issue-214.snap.svg
 tests/__snapshots__/pipeline9-sample003-issue-215.snap.svg
 tests/__snapshots__/pipeline9-sample003-issue-216.snap.svg
 tests/__snapshots__/pipeline9-sample003-issue-217.snap.svg
 tests/__snapshots__/pipeline9-sample003-issue-218.snap.svg
 tests/__snapshots__/pipeline9-sample003-issue-219.snap.svg
 tests/__snapshots__/pipeline9-sample003-issue-220.snap.svg
 tests/__snapshots__/pipeline9-sample003-issue-221.snap.svg
 tests/__snapshots__/pipeline9-sample003-issue-222.snap.svg
 tests/__snapshots__/pipeline9-sample003-issue-223.snap.svg
 tests/__snapshots__/pipeline9-sample003-issue-224.snap.svg
 tests/__snapshots__/pipeline9-sample003-issue-225.snap.svg
 tests/__snapshots__/pipeline9-sample003-issue-226.snap.svg
 tests/__snapshots__/pipeline9-sample003-issue-227.snap.svg
 tests/__snapshots__/pipeline9-sample003-issue-228.snap.svg
 tests/__snapshots__/pipeline9-sample003-issue-229.snap.svg
 tests/__snapshots__/pipeline9-sample003-issue-230.snap.svg
 tests/__snapshots__/pipeline9-sample003-issue-231.snap.svg
 tests/__snapshots__/pipeline9-sample003-issue-232.snap.svg
 tests/__snapshots__/pipeline9-sample003-issue-233.snap.svg
 tests/__snapshots__/pipeline9-sample003-issue-234.snap.svg
 tests/__snapshots__/pipeline9-sample003-issue-235.snap.svg
 tests/__snapshots__/pipeline9-sample003-issue-236.snap.svg
 tests/__snapshots__/pipeline9-sample003-issue-237.snap.svg
 tests/__snapshots__/pipeline9-sample003-issue-238.snap.svg
 tests/__snapshots__/pipeline9-sample003-issue-239.snap.svg
 tests/__snapshots__/pipeline9-sample003-issue-240.snap.svg
 tests/__snapshots__/pipeline9-sample003-issue-241.snap.svg
 tests/__snapshots__/pipeline9-sample003-issue-242.snap.svg
 tests/__snapshots__/pipeline9-sample003-issue-243.snap.svg
 tests/__snapshots__/pipeline9-sample003-issue-244.snap.svg
 tests/__snapshots__/pipeline9-sample003-issue-245.snap.svg
 tests/__snapshots__/pipeline9-sample003-issue-246.snap.svg
 tests/__snapshots__/pipeline9-sample003-issue-247.snap.svg
 tests/__snapshots__/pipeline9-sample003-issue-248.snap.svg
 tests/__snapshots__/pipeline9-sample003-issue-249.snap.svg
 tests/__snapshots__/pipeline9-sample003-issue-250.snap.svg
 tests/__snapshots__/pipeline9-sample003-issue-251.snap.svg
 tests/__snapshots__/pipeline9-sample003-issue-252.snap.svg
 tests/__snapshots__/pipeline9-sample003-issue-253.snap.svg
 tests/__snapshots__/pipeline9-sample003-issue-254.snap.svg
 tests/__snapshots__/pipeline9-sample003-issue-255.snap.svg
 tests/__snapshots__/pipeline9-sample003-issue-256.snap.svg
 tests/__snapshots__/pipeline9-sample003-issue-257.snap.svg
 tests/__snapshots__/pipeline9-sample003-issue-258.snap.svg
 tests/__snapshots__/pipeline9-sample003-issue-259.snap.svg
 tests/__snapshots__/pipeline9-sample003-issue-260.snap.svg
 tests/__snapshots__/pipeline9-sample003-issue-261.snap.svg
 tests/__snapshots__/pipeline9-sample003-issue-262.snap.svg
 [PackageManager] waiting for 12 tasks
    [1142.54ms] Downloaded @tscircuit/bga-fanout-solver tarball
tests/__snapshots__/pipeline9-sample003-issue-263.snap.svg
 tests/__snapshots__/pipeline9-sample003-issue-264.snap.svg
 tests/__snapshots__/pipeline9-sample003-issue-265.snap.svg
 tests/__snapshots__/pipeline9-sample003-issue-266.snap.svg
 tests/__snapshots__/pipeline9-sample003-issue-267.snap.svg
 tests/__snapshots__/pipeline9-sample003-issue-268.snap.svg
 tests/__snapshots__/pipeline9-sample003-issue-269.snap.svg
 tests/__snapshots__/pipeline9-sample003-issue-270.snap.svg
 tests/__snapshots__/pipeline9-sample003-issue-271.snap.svg
 tests/__snapshots__/pipeline9-sample003-issue-272.snap.svg
 tests/__snapshots__/pipeline9-sample003-issue-273.snap.svg
 tests/__snapshots__/pipeline9-sample003-issue-274.snap.svg
 tests/__snapshots__/pipeline9-sample003-issue-275.snap.svg
 tests/__snapshots__/pipeline9-sample003-issue-276.snap.svg
 tests/__snapshots__/pipeline9-sample003-issue-277.snap.svg
 tests/__snapshots__/pipeline9-sample003-issue-278.snap.svg
 tests/__snapshots__/pipeline9-sample003-issue-279.snap.svg
 tests/__snapshots__/pipeline9-sample003-issue-280.snap.svg
 tests/__snapshots__/pipeline9-sample003-issue-281.snap.svg
 tests/__snapshots__/pipeline9-sample003-issue-282.snap.svg
 tests/__snapshots__/pipeline9-sample003-issue-283.snap.svg
 tests/__snapshots__/pipeline9-sample003-issue-284.snap.svg
 tests/__snapshots__/pipeline9-sample003-issue-285.snap.svg
 tests/__snapshots__/pipeline9-sample003-issue-286.snap.svg
 tests/__snapshots__/pipeline9-sample003-issue-287.snap.svg
 tests/__snapshots__/pipeline9-sample003-issue-288.snap.svg
 tests/__snapshots__/pipeline9-sample003-issue-289.snap.svg
 tests/__snapshots__/pipeline9-sample003-issue-290.snap.svg
 tests/__snapshots__/pipeline9-sample003-issue-291.snap.svg
 tests/__snapshots__/pipeline9-sample003-issue-292.snap.svg
 tests/__snapshots__/pipeline9-sample003-issue-293.snap.svg
 tests/__snapshots__/pipeline9-sample003-issue-294.snap.svg
 tests/__snapshots__/pipeline9-sample003-issue-295.snap.svg
 tests/__snapshots__/pipeline9-sample003-issue-296.snap.svg
 tests/__snapshots__/pipeline9-sample003-issue-297.snap.svg
 tests/__snapshots__/pipeline9-sample003-issue-298.snap.svg
 tests/__snapshots__/pipeline9-sample003-issue-299.snap.svg
 tests/__snapshots__/pipeline9-sample003-issue-300.snap.svg
 tests/__snapshots__/pipeline9-sample003-issue-301.snap.svg
 tests/__snapshots__/pipeline9-sample003-issue-302.snap.svg
 tests/__snapshots__/pipeline9-sample003-issue-303.snap.svg
 tests/__snapshots__/pipeline9-sample003-issue-304.snap.svg
 tests/__snapshots__/pipeline9-sample003-issue-305.snap.svg
 tests/__snapshots__/pipeline9-sample003-issue-306.snap.svg
 tests/__snapshots__/pipeline9-sample003-issue-307.snap.svg
 tests/__snapshots__/pipeline9-sample003-issue-308.snap.svg
 tests/__snapshots__/pipeline9-sample003-issue-309.snap.svg
 tests/__snapshots__/pipeline9-sample003-issue-310.snap.svg
 tests/__snapshots__/pipeline9-sample003-issue-311.snap.svg
 tests/__snapshots__/pipeline9-sample003-issue-312.snap.svg
 tests/__snapshots__/pipeline9-sample003-issue-313.snap.svg
 tests/__snapshots__/pipeline9-sample003-issue-314.snap.svg
 tests/__snapshots__/pipeline9-sample003-issue-315.snap.svg
 tests/__snapshots__/pipeline9-sample003-issue-316.snap.svg
 tests/__snapshots__/pipeline9-sample003-issue-317.snap.svg
 tests/__snapshots__/pipeline9-sample003-issue-318.snap.svg
 tests/__snapshots__/pipeline9-sample003-issue-319.snap.svg
 tests/__snapshots__/pipeline9-sample003-issue-320.snap.svg
 tests/__snapshots__/pipeline9-sample003-overview.snap.svg
 tests/__snapshots__/pipeline9-visual.test.ts.snap
 tests/fixtures/
 tests/fixtures/README.md
 tests/fixtures/dataset-srj18-sample003.input.json
 tests/fixtures/dataset-srj18-sample003.routed.json
 tests/fixtures/make-srj.ts
 tests/fixtures/preload.ts
 tests/input.test.ts
 tests/odd-angle.test.ts
 tests/pipeline9-visual.test.ts
 tests/srj-entry.test.ts
 tsconfig.json
 vite.config.ts
[@tscircuit/pcb-trace-linter] Extract .7edff5bfdf46bff9-00000039.pcb-trace-linter (decompressed 0.27 MB tgz file in 2.319ms)
[@tscircuit/pcb-trace-linter] Extracted to .7edff5bfdf46bff9-00000039.pcb-trace-linter (103.964ms)
[PackageManager] waiting for 12 tasks
 biome
 package.json
 CHANGELOG.md
[@biomejs/cli-darwin-arm64] Extract .1edf37eefffcad9f-00000031.cli-darwin-arm64 (decompressed 22.81 MB tgz file in 92.434ms)
[@biomejs/cli-darwin-arm64] Extracted to .1edf37eefffcad9f-00000031.cli-darwin-arm64 (168.261ms)
   - "@tscircuit/pcb-trace-linter": "file:../pcb-trace-linter-A22" - @tscircuit/pcb-trace-linter@../pcb-trace-linter-A22
   - "@tscircuit/pcb-trace-linter": "file:../pcb-trace-linter-A22" - @tscircuit/pcb-trace-linter@../pcb-trace-linter-A22
[PackageManager] waiting for 11 tasks
[PackageManager] waiting for 10 tasks
    [1185.65ms] Downloaded @tsci/tscircuit.ti tarball
< 304 Not Modified
< Date: Sat, 03 Oct 2026 22:31:13 GMT
< Connection: keep-alive
< set-cookie: __cf_bm=9kb61yY8s5fJvhX.coDE3SHA2n0rnGsWbmHAixEA9pY-1791066673.1159163-1.0.1.1-nUDscY8tHUow384Xt19kyHF75lFe6NRcz10goqnkMrl1Cm1P8G9nF94ZXjru190Peb0pLuMnwpJ9Xb2kyQ.MLGiVkaRHQocvKQf9Atjl7FYmhXbyOxSCxL28w4sgY7M_; HttpOnly; SameSite=None; Secure; Path=/; Domain=npmjs.org; Expires=Sat, 03 Oct 2026 23:01:13 GMT
< set-cookie: _cfuvid=QrARdw6BFJ_w8Tirl9g1JokIQ58ud.GgxBvQ8I2SIrI-1791066673.1159163-1.0.1.1-IuxqJHsBEr.J36uqfQdKcxu2H4TmaQpMHbUvZrv4V_4; HttpOnly; SameSite=None; Secure; Path=/; Domain=npmjs.org
< CF-Ray: a44f6552fcaaa5b3-TIA
< CF-Cache-Status: HIT
< Access-Control-Allow-Origin: *
< Cache-Control: public, max-age=300
< ETag: "a0fa4896b8d9de946313612f8cd639ec"
< Last-Modified: Mon, 16 May 2022 10:23:01 GMT
< Server: cloudflare

< 304 Not Modified
< Date: Sat, 03 Oct 2026 22:31:13 GMT
< Connection: keep-alive
< set-cookie: __cf_bm=IuuIPCqDk.t03U5.TSHl4QFGE1PApQxQaWiL.q3sv8A-1791066673.1158757-1.0.1.1-d_1JqUd48vo_ccJYiBeL1iCsCfyk1JZz1s8EhPaM8DngGRq0_sMf.8I2ahE9N5NYrRsBHZJTNrlDuR6098RDD8refp7lzW1K4JvfF3wmHcv24xK2vDnebpuB7Q7XuL.5; HttpOnly; SameSite=None; Secure; Path=/; Domain=npmjs.org; Expires=Sat, 03 Oct 2026 23:01:13 GMT
< set-cookie: _cfuvid=Y8AX1u29W_.v4M76HpZBStAMP_bcQ.TFpI6_rGkiQr4-1791066673.1158757-1.0.1.1-jD48RPyj9v9oa7qLgSoMmpPydDpzEjs3TGDVNxHxoM4; HttpOnly; SameSite=None; Secure; Path=/; Domain=npmjs.org
< CF-Ray: a44f6552fe74bd99-TIA
< CF-Cache-Status: HIT
< Access-Control-Allow-Origin: *
< Cache-Control: public, max-age=300
< ETag: "f5711399bae6e6dfc4a3e6b09c2041c7"
< Last-Modified: Wed, 11 Dec 2024 04:53:20 GMT
< Server: cloudflare

[PackageManager] waiting for 10 tasks
< 304 Not Modified
< Date: Sat, 03 Oct 2026 22:31:13 GMT
< Connection: keep-alive
< set-cookie: __cf_bm=CPOtOZdhYvfcJyIdVV4W3x0gHKYSJ88LFJkTvF_ZeDY-1791066673.1157002-1.0.1.1-4Gtk68COOMYwTIYmeU3xRhznDRA9JEsttpjWhbc7rTQAUjtt2AHIaE8Eq.RWrossMa7uFL_ITHcAV0EAVgcrrxxnigG7dgq0p.OPr49xmv.Wg_vBhXzCT9tiXWXmoRmb; HttpOnly; SameSite=None; Secure; Path=/; Domain=npmjs.org; Expires=Sat, 03 Oct 2026 23:01:13 GMT
< set-cookie: _cfuvid=jdX7s7AgqqKEpEub4UZRIkvr5aBIYbxmKXC2yl6caTY-1791066673.1157002-1.0.1.1-aEhFFwv5_nHZFTD7EZO_inshX4Ndn.XyrWvlz7nb07g; HttpOnly; SameSite=None; Secure; Path=/; Domain=npmjs.org
< CF-Ray: a44f6552fe467c08-TIA
< CF-Cache-Status: HIT
< Access-Control-Allow-Origin: *
< Cache-Control: public, max-age=300
< ETag: "1ca94649c10a862602d1b8c752a536de"
< Last-Modified: Sun, 22 Feb 2026 11:38:27 GMT
< Server: cloudflare

    [203.51ms]
Downloaded safer-buffer versions
< 304 Not Modified
< Date: Sat, 03 Oct 2026 22:31:13 GMT
< Connection: keep-alive
< set-cookie: __cf_bm=h4hTOKbToqapVDsptesz5s9S2t29d.UA2BpblWcpXo4-1791066673.115721-1.0.1.1-l9IlNKtezKVGtiowLp7U.QcgYXnjuX515tw0QG8hlcqVVpVuy0_At_Mq7sX5Szh4Yqt8t5TU2HcCjq5zzJxwZIOGzi34f923UfJnXYWKWztpMC8YxbmvMkayOhoSZqJ4; HttpOnly; SameSite=None; Secure; Path=/; Domain=npmjs.org; Expires=Sat, 03 Oct 2026 23:01:13 GMT
< set-cookie: _cfuvid=wunCz32ktVGIFdcq1Af6e2haU8C6P_l6KeB5SW3PfOU-1791066673.115721-1.0.1.1-q7gdZ3u8qflkFyRt2A9RMq3C65LUZIY6Amn4zdpknrM; HttpOnly; SameSite=None; Secure; Path=/; Domain=npmjs.org
< CF-Ray: a44f6552fe487c08-TIA
< CF-Cache-Status: HIT
< Access-Control-Allow-Origin: *
< Cache-Control: public, max-age=300
< ETag: "b704fb359dd65fa71bb505a85e07070f"
< Last-Modified: Wed, 11 Dec 2024 05:39:13 GMT
< Server: cloudflare

< 304 Not Modified
< Date: Sat, 03 Oct 2026 22:31:13 GMT
< Connection: keep-alive
< set-cookie: __cf_bm=TH44qGQduDiebzvO2xVimFq7EcCsbhBKfVT4KQMJggc-1791066673.1161947-1.0.1.1-iDs.ybuKZAEuW_dek.WvK_twlDp.2jHB9KuAoGInNn_SIRVAqULGAKgdTwwfYaGeoYasJ3MbOQdHURrOTsXCxPZwrIi64gDZU_4H2tIetOGuR7htSyYeSDGK77oSG1zt; HttpOnly; SameSite=None; Secure; Path=/; Domain=npmjs.org; Expires=Sat, 03 Oct 2026 23:01:13 GMT
< set-cookie: _cfuvid=BlDvuzCi7BUQ4tuMT5Wz9vS.rN0gvAYIOJJX7PgoDVI-1791066673.1161947-1.0.1.1-yMHwxN658W95CR.bhmw7nHnq5pdQHaaPESLp2hT8OXc; HttpOnly; SameSite=None; Secure; Path=/; Domain=npmjs.org
< CF-Ray: a44f6552fe477c08-TIA
< CF-Cache-Status: HIT
< Access-Control-Allow-Origin: *
< Cache-Control: public, max-age=300
< ETag: "02aeb72ee63cbfe65e0e1aabaa2dad62"
< Last-Modified: Wed, 08 Apr 2026 16:55:15 GMT
< Server: cloudflare

   - "safer-buffer": ">= 2.1.2 < 3.0.0" - safer-buffer@2.1.2
    [203.79ms]
Downloaded side-channel-map versions
< 304 Not Modified
< Date: Sat, 03 Oct 2026 22:31:13 GMT
< Connection: keep-alive
< set-cookie: __cf_bm=lFV9ChExayfmL32JFpc3gSfbMVr0PYiVVYXVLlSUokc-1791066673.1157868-1.0.1.1-.uNdFFNFLqninA81xs6kQDjp2nKAdzOYxPTbzeAF8zUyoJvlcdEMssDFW7TDnbRlc5u_cwYi2q4oiRWWSDcRpE1TmaYaPT98GzusDqs6KzwEDdeVJKLJBuBUxSuyV2oL; HttpOnly; SameSite=None; Secure; Path=/; Domain=npmjs.org; Expires=Sat, 03 Oct 2026 23:01:13 GMT
< set-cookie: _cfuvid=SssXtVsnpQcdEHhXhblCST7hx20lutajfnD3yeUbttA-1791066673.1157868-1.0.1.1-UsZ2wlRiEsWDgWI4T9BiL14oXClkGu6uYMe9ykPfWa8; HttpOnly; SameSite=None; Secure; Path=/; Domain=npmjs.org
< CF-Ray: a44f6552feb45f50-TIA
< CF-Cache-Status: HIT
< Access-Control-Allow-Origin: *
< Cache-Control: public, max-age=300
< ETag: "488cd8fb8910e16c9885eda5ba2cfb9d"
< Last-Modified: Wed, 22 Jul 2026 05:49:41 GMT
< Server: cloudflare

   - "side-channel-map": "^1.0.1" - side-channel-map@1.0.1
Enqueue package manifest for download: call-bound
Enqueue package manifest for download: get-intrinsic
[PackageManager] waiting for 10 tasks
    [203.87ms]
Downloaded balanced-match versions
> HTTP/1.1 GET https://registry.npmjs.org/call-bound
> If-None-Match: W/"6d2541358b24d83df290545335c38b8c"
> Accept: application/vnd.npm.install-v1+json; q=1.0, application/json; q=0.8, */*
> Connection: keep-alive
> User-Agent: Bun/1.3.9
> Host: registry.npmjs.org
> Accept-Encoding: gzip, deflate, br, zstd

> HTTP/1.1 GET https://registry.npmjs.org/get-intrinsic
> If-None-Match: W/"7329b8f2fc8132d4f89cfba3fb40dd8f"
> Accept: application/vnd.npm.install-v1+json; q=1.0, application/json; q=0.8, */*
> Connection: keep-alive
> User-Agent: Bun/1.3.9
> Host: registry.npmjs.org
> Accept-Encoding: gzip, deflate, br, zstd

   - "balanced-match": "^4.0.2" - balanced-match@4.0.4
    [203.83ms]
Downloaded side-channel-weakmap versions
   - "side-channel-weakmap": "^1.0.2" - side-channel-weakmap@1.0.2
    [203.89ms]
Downloaded side-channel-list versions
   - "side-channel-list": "^1.0.1" - side-channel-list@1.0.1
    [208.22ms]
Downloaded object-inspect versions
   - "object-inspect": "^1.13.4" - object-inspect@1.13.4
< 304 Not Modified
< Date: Sat, 03 Oct 2026 22:31:13 GMT
< Connection: keep-alive
< set-cookie: __cf_bm=8Z5sjcOFKrWIsDTXVBHrqnqmTzeXqtgT0DliyS_7uwc-1791066673.1430984-1.0.1.1-fwWdBZmjac6ZbKwKeo8KrGYDEPaE7acvULihrn3giDjG3uiTWuxG_klTi7ONSK342T80D1pAA9JVse26ikHW8b7CfOjUKB0flBN0tQ5YMuvu0aMbH1CMBcG_OkB8lNPj; HttpOnly; SameSite=None; Secure; Path=/; Domain=npmjs.org; Expires=Sat, 03 Oct 2026 23:01:13 GMT
< set-cookie: _cfuvid=K_hJk0s7P8SIvpnxKjQjLmcnm1Itb4QK_siLsLVOipo-1791066673.1430984-1.0.1.1-yp5ybKrgzSnQNZvAMbrQvD2P7Cc2uA_wfy77b.ZIJhc; HttpOnly; SameSite=None; Secure; Path=/; Domain=npmjs.org
< CF-Ray: a44f65532e707c08-TIA
< CF-Cache-Status: HIT
< Access-Control-Allow-Origin: *
< Cache-Control: public, max-age=300
< ETag: "b054be38e1bb36db0fe538cb2e5a0099"
< Last-Modified: Tue, 09 Sep 2025 13:42:38 GMT
< Server: cloudflare

[PackageManager] waiting for 6 tasks
    [202.98ms]
Downloaded run-applescript versions
   - "run-applescript": "^7.0.0" - run-applescript@7.1.0
 .github/
 .github/workflows/
 .github/workflows/bun-formatcheck.yml
 .github/workflows/bun-test.yml
 .github/workflows/bun-typecheck.yml
 .gitignore
 AGENTS.md
 LICENSE
 README.md
 biome.json
 bun.lock
 cosmos.config.json
 fixtures/
 fixtures/am62l-soc-fanout.srj.json
 fixtures/create-simplified-am62l-ddr-fixed-layer-distribution.ts
 fixtures/expanded-breakpoint-spacing-1.25-ram.srj.json
 fixtures/expanded-breakpoint-spacing-1.25-soc.srj.json
 fixtures/full-am62l-soc-failing-repro.problem.json
 fixtures/lpddr4-ram-fanout.srj.json
 fixtures/provenance.json
 fixtures/simplified-am62l-ddr-ram-repro-fixed-layer-distribution.ts
 fixtures/simplified-am62l-ddr-ram-repro.srj.json
 fixtures/simplified-am62l-ddr-soc-repro-fixed-layer-distribution.ts
 fixtures/simplified-am62l-ddr-soc-repro.srj.json
 index.html
 lib/
 lib/FixedTargetBgaFanoutSolver.ts
 lib/index.ts
 lib/model/
 lib/model/bestValidPowerSignalSolution.ts
 lib/model/boundedViaLinePathSearch.ts
 lib/model/buildFanoutModel.ts
 lib/model/geometry.ts
 lib/model/powerPlanePlanning.ts
 lib/model/powerSignalCoRouting.ts
 lib/model/signalViaRelocationCandidates.ts
 lib/model/types.ts
 lib/model/viaLineCandidates.ts
 lib/private/
 lib/private/CompatibilityRouteSolver.ts
 lib/private/reference/
 lib/private/reference/am62l-free-space-fanout.ts
 lib/private/reference/create-in-process-autorouter.ts
 lib/private/reference/solve-am62l-free-space-fanout.ts
 lib/private/reference/squared-distance.ts
 lib/stages/
 lib/stages/BuildFanoutModelSolver.ts
 lib/stages/FindFreeSpaceSolver.ts
 lib/stages/PlanCopperPourViaDropsSolver.ts
 lib/stages/PlanSameNetPadClustersSolver.ts
 lib/stages/RankFanoutNetsSolver.ts
 lib/stages/ReferenceRoutingStageSolvers.ts
 lib/stages/ResolvePowerSignalConflictsSolver.ts
 lib/visualize/
 lib/visualize/clampLayerOffset.ts
 lib/visualize/cleanCosmosGraphics.ts
 lib/visualize/getGraphicsLayerIndex.ts
 lib/visualize/getGraphicsLayerOffset.ts
 lib/visualize/inputVisuals.ts
 lib/visualize/layerVisuals.ts
 lib/visualize/modelVisuals.ts
 lib/visualize/offsetGraphicsLayers.ts
 lib/visualize/offsetGraphicsPoint.ts
 lib/visualize/powerPlaneVisuals.ts
 lib/visualize/promoteTraceLinework.ts
 lib/visualize/simpleRouteJsonVisuals.ts
 package.json
 pages/
 pages/FixedTargetFanoutPage.tsx
 pages/LayerOffsetSolverPage.tsx
 pages/expanded-breakpoint-spacing-1.25.page.tsx
 pages/full-am62l-soc-failing-repro.page.tsx
 pages/full-am62l-soc-failing-repro/
 pages/full-am62l-soc-failing-repro/FullAm62lSocFailingReproSolver.ts
 pages/full-am62l-soc-failing-repro/types.ts
 pages/full-am62l-soc-failing-repro/visualizeFullSocProblem.ts
 pages/layer-offset/
 pages/layer-offset/LayerOffsetFixedTargetBgaFanoutSolver.ts
 pages/layer-offset/LayerOffsetFullAm62lSocFailingReproSolver.ts
 pages/layer-offset/normalizeLayerOffsetInput.ts
 pages/layer-offset/parseLayerOffsetInput.ts
 pages/ram-bga.page.tsx
 pages/simplified-am62l-ddr-ram-repro-fixed-layer-distribution.page.tsx
 pages/simplified-am62l-ddr-ram-repro.page.tsx
 pages/simplified-am62l-ddr-soc-repro-fixed-layer-distribution.page.tsx
 pages/simplified-am62l-ddr-soc-repro.page.tsx
 pages/soc-bga.page.tsx
 scripts/
 scripts/derive-fixtures.ts
 scripts/generate-parity-goldens.ts
 scripts/import-simplified-am62l-ddr-repro.ts
 scripts/render-expanded-breakpoint-spacing-1.25.ts
 scripts/sweep-breakout-target-spacing.ts
 scripts/validate-cosmos-export.ts
 tests/
 tests/best-valid-power-signal-solution.test.ts
 tests/breakout-target-spacing-input-normalization.test.ts
 tests/build-fanout-model.test.ts
 tests/complete-top-layer-routes-outward-bends.test.ts
 tests/expanded-spacing-miter-regression.test.ts
 tests/expanded-target-spacing-local-repair.test.ts
 tests/fixed-layer-distribution-helpers.ts
 tests/fixtures/
 tests/fixtures/am62l-soc-fanout.expected-traces.json
 tests/fixtures/lpddr4-ram-fanout.expected-traces.json
 tests/full-am62l-soc-failing-repro.test.ts
 tests/general-via-line-candidates.test.ts
 tests/generic-translated-progression.test.ts
 tests/granular-pipeline-visibility.test.ts
 tests/helpers.ts
 tests/input-immutability.test.ts
 tests/layer-offset-input.test.ts
 tests/lifecycle-guards.test.ts
 tests/offset-graphics-layers.test.ts
 tests/power-plane-outward-edge-via-search.test.ts
 tests/power-plane-signal-priority.test.ts
 tests/ram-output-parity.test.ts
 tests/reversed-connection-order.test.ts
 tests/setup-validation.test.ts
 tests/shuffled-connection-order.test.ts
 tests/simple-route-json-visuals.test.ts
 tests/simplified-am62l-ddr-ram-repro-fixed-layer-distribution.test.ts
 tests/simplified-am62l-ddr-ram-repro.test.ts
 tests/simplified-am62l-ddr-repro.test.ts
 tests/simplified-am62l-ddr-soc-repro-fixed-layer-distribution.test.ts
 tests/soc-output-parity.test.ts
 tests/squared-distance-order.test.ts
 tests/symmetric-via-line-depths.test.ts
 tests/trace-linework-stacking.test.ts
 tsconfig.json
 vercel.json
 vite.config.ts
[@tscircuit/bga-fanout-solver] Extract .dfdb3def5a5e6753-0000003A.bga-fanout-solver (decompressed 1.13 MB tgz file in 7.711ms)
[@tscircuit/bga-fanout-solver] Extracted to .dfdb3def5a5e6753-0000003A.bga-fanout-solver (52.029ms)
[PackageManager] waiting for 5 tasks
   - "@tscircuit/core": "0.0.1736" - @tscircuit/core@0.0.1736
   - "calculate-packing": "^0.0.86" - calculate-packing@0.0.86
   - "calculate-cell-boundaries": "^0.0.19" - calculate-cell-boundaries@0.0.19
 .github/
 .github/workflows/
 .github/workflows/bun-formatcheck.yml
 .gitignore
 .npmrc
 README.md
 biome.json
 bunfig.toml
 index.ts
 lib/
 lib/chips/
 lib/chips/BQ24074.circuit.tsx
 lib/chips/BQ24074RGTR.circuit.tsx
 lib/chips/BQ25895.circuit.tsx
 lib/chips/BQ25895RTWR.circuit.tsx
 lib/chips/BQ27441DRZR_G1B.circuit.tsx
 lib/chips/BQ27441G1.circuit.tsx
 lib/chips/BQ32002.circuit.tsx
 lib/chips/CC2340R5.circuit.tsx
 lib/chips/CC2745R10.circuit.tsx
 lib/chips/CC2745R10E0WRHARQ1.circuit.tsx
 lib/chips/CC3235SF.circuit.tsx
 lib/chips/CC3235SF12RGKR.circuit.tsx
 lib/chips/CoaxialTestPort.circuit.tsx
 lib/chips/DRV8833.circuit.tsx
 lib/chips/DRV8876.circuit.tsx
 lib/chips/HDC2080.circuit.tsx
 lib/chips/HDC2080DMBR.circuit.tsx
 lib/chips/HDC3020.circuit.tsx
 lib/chips/HDC3020DEFR.circuit.tsx
 lib/chips/HDC3022.circuit.tsx
 lib/chips/HDC3022DEJR.circuit.tsx
 lib/chips/Header2x10.circuit.tsx
 lib/chips/INA237.circuit.tsx
 lib/chips/INA237AQDGSRQ1.circuit.tsx
 lib/chips/MSPM0G3507.circuit.tsx
 lib/chips/MSPM0G3507SPMR.circuit.tsx
 lib/chips/MSPM33C3x.circuit.tsx
 lib/chips/OscillatorCrystal4.circuit.tsx
 lib/chips/TLC59116.circuit.tsx
 lib/chips/TMP1075.circuit.tsx
 lib/chips/TMP1075DSGR.circuit.tsx
 lib/chips/TMP1827.circuit.tsx
 lib/chips/TPS22919.circuit.tsx
 lib/chips/TPS61222.circuit.tsx
 lib/chips/TPS61299DRLR.circuit.tsx
 lib/chips/TPS61299X.circuit.tsx
 lib/chips/TPS6293.circuit.tsx
 lib/chips/TPS63802.circuit.tsx
 lib/chips/TPS63802DLAR.circuit.tsx
 lib/chips/TPS6521835.circuit.tsx
 lib/chips/TPS7A02.circuit.tsx
 lib/chips/TPS7A0230PDBVR.circuit.tsx
 lib/chips/TPSM82823.circuit.tsx
 lib/chips/TRF7960RHB.circuit.tsx
 lib/chips/TXB0104.circuit.tsx
 lib/chips/TXB0104RGYR.circuit.tsx
 lib/chips/TXS0102.circuit.tsx
 lib/chips/TXS0102DCUR.circuit.tsx
 lib/chips/W25Q128JVSIQ.circuit.tsx
 lib/chips/index.tsx
 lib/chips/spice-models/
 lib/chips/spice-models/BQ24074-spice-model.encrypted.json
 lib/chips/spice-models/BQ24074-spice-model.json
 lib/chips/spice-models/DRV8876-spice-model.json
 lib/chips/spice-models/TPS22919-spice-model.json
 lib/chips/spice-models/TPS62933P-spice-model.json
 lib/chips/spice-models/TPS63802-spice-model.json
 lib/chips/spice-models/TPS7A02-spice-model.json
 lib/chips/spice-models/TPSM82823-spice-model.json
 lib/simulations/
 lib/simulations/BQ24074-ovp-fault.circuit.tsx
 lib/simulations/BQ24075-system-on-off-input-disconnected.circuit.tsx
 lib/simulations/DRV8876-driver-pwm-operation-ph-en.circuit.tsx
 lib/simulations/DRV8876-driver-pwm-operation-with-current-feedback.circuit.tsx
 lib/simulations/TPS22919-turn-off-small-load-capacitance.circuit.tsx
 lib/simulations/TPS63802-switching-waveforms-pfm-buck-operation.circuit.tsx
 lib/simulations/__snapshots__/
 lib/simulations/__snapshots__/BQ24074-ovp-fault.circuit-schematic-simulation.snap.svg
 lib/simulations/__snapshots__/BQ24074-ovp-fault.circuit-simulation.snap.svg
 lib/simulations/__snapshots__/BQ24075-system-on-off-input-disconnected.circuit-schematic-simulation.snap.svg
 lib/simulations/__snapshots__/BQ24075-system-on-off-input-disconnected.circuit-simulation.snap.svg
 lib/simulations/__snapshots__/DRV8876-driver-pwm-operation-ph-en.circuit-schematic-simulation.snap.svg
 lib/simulations/__snapshots__/DRV8876-driver-pwm-operation-ph-en.circuit-simulation.snap.svg
 lib/simulations/__snapshots__/DRV8876-driver-pwm-operation-with-current-feedback.circuit-schematic-simulation.snap.svg
 lib/simulations/__snapshots__/DRV8876-driver-pwm-operation-with-current-feedback.circuit-simulation.snap.svg
 lib/simulations/__snapshots__/TPS22919-turn-off-small-load-capacitance.circuit-schematic-simulation.snap.svg
 lib/simulations/__snapshots__/TPS22919-turn-off-small-load-capacitance.circuit-simulation.snap.svg
 lib/simulations/__snapshots__/TPS63802-switching-waveforms-pfm-buck-operation.circuit-schematic-simulation.snap.svg
 lib/simulations/__snapshots__/TPS63802-switching-waveforms-pfm-buck-operation.circuit-simulation.snap.svg
 lib/spice/
 lib/spice/create-encrypted-pspice-ngspice-engine.ts
 lib/spice/encrypted-pspice-model.ts
 lib/subcircuits/
 lib/subcircuits/BatteryManagement_BQ24074.circuit.tsx
 lib/subcircuits/BatteryManagement_BQ25895.circuit.tsx
 lib/subcircuits/BatteryManagement_BQ27441G1.circuit.tsx
 lib/subcircuits/BoostConverter_TPS61299X.circuit.tsx
 lib/subcircuits/BuckBoostConverter_TPS63802.circuit.tsx
 lib/subcircuits/BuckConverter_TPS62933.circuit.tsx
 lib/subcircuits/EnvironmentalSensor_HDC2080.circuit.tsx
 lib/subcircuits/EnvironmentalSensor_HDC3020.circuit.tsx
 lib/subcircuits/EnvironmentalSensor_HDC3022.circuit.tsx
 lib/subcircuits/FlashMemory_W25Q128JVSIQ.circuit.tsx
 lib/subcircuits/LEDDriver_TLC59116.circuit.tsx
 lib/subcircuits/LevelShifter_TXB0104.circuit.tsx
 lib/subcircuits/LevelShifter_TXS0102.circuit.tsx
 lib/subcircuits/LoadSwitch_TPS22919.circuit.tsx
 lib/subcircuits/Microcontroller_MSPM0G3507.circuit.tsx
 lib/subcircuits/Microcontroller_MSPM33C3x.circuit.tsx
 lib/subcircuits/MotorDriver_DRV8833.circuit.tsx
 lib/subcircuits/MotorDriver_DRV8876.circuit.tsx
 lib/subcircuits/PowerManagement_TPS6521835.circuit.tsx
 lib/subcircuits/PowerManagement_TPS7A02.circuit.tsx
 lib/subcircuits/PowerModule_TPSM82823.circuit.tsx
 lib/subcircuits/PowerMonitor_INA237.circuit.tsx
 lib/subcircuits/RFIDReader_TRF7960.circuit.tsx
 lib/subcircuits/RealTimeClock_BQ32002.circuit.tsx
 lib/subcircuits/TemperatureSensor_TMP1075.circuit.tsx
 lib/subcircuits/TemperatureSensor_TMP1827.circuit.tsx
 lib/subcircuits/WirelessMCU_CC2340R5.circuit.tsx
 lib/subcircuits/WirelessMCU_CC2745R10.circuit.tsx
 lib/subcircuits/WirelessMCU_CC3235SF.circuit.tsx
 lib/subcircuits/__snapshots__/
 lib/subcircuits/__snapshots__/BatteryManagement_BQ24074.circuit-pcb.snap.svg
 lib/subcircuits/__snapshots__/BatteryManagement_BQ24074.circuit-schematic.snap.svg
 lib/subcircuits/__snapshots__/BatteryManagement_BQ25895.circuit-pcb.snap.svg
 lib/subcircuits/__snapshots__/BatteryManagement_BQ25895.circuit-schematic.snap.svg
 lib/subcircuits/__snapshots__/BatteryManagement_BQ27441G1.circuit-pcb.snap.svg
 lib/subcircuits/__snapshots__/BatteryManagement_BQ27441G1.circuit-schematic.snap.svg
 lib/subcircuits/__snapshots__/BoostConverter_TPS61299X.circuit-pcb.snap.svg
 lib/subcircuits/__snapshots__/BoostConverter_TPS61299X.circuit-schematic.snap.svg
 lib/subcircuits/__snapshots__/BuckBoostConverter_TPS63802.circuit-pcb.snap.svg
 lib/subcircuits/__snapshots__/BuckBoostConverter_TPS63802.circuit-schematic.snap.svg
 lib/subcircuits/__snapshots__/BuckConverter_TPS62933.circuit-pcb.snap.svg
 lib/subcircuits/__snapshots__/BuckConverter_TPS62933.circuit-schematic.snap.svg
 lib/subcircuits/__snapshots__/EnvironmentalSensor_HDC2080.circuit-pcb.snap.svg
 lib/subcircuits/__snapshots__/EnvironmentalSensor_HDC2080.circuit-schematic.snap.svg
 lib/subcircuits/__snapshots__/EnvironmentalSensor_HDC3020.circuit-pcb.snap.svg
 lib/subcircuits/__snapshots__/EnvironmentalSensor_HDC3020.circuit-schematic.snap.svg
 lib/subcircuits/__snapshots__/EnvironmentalSensor_HDC3022.circuit-pcb.snap.svg
 lib/subcircuits/__snapshots__/EnvironmentalSensor_HDC3022.circuit-schematic.snap.svg
 lib/subcircuits/__snapshots__/FlashMemory_W25Q128JVSIQ.circuit-pcb.snap.svg
 lib/subcircuits/__snapshots__/FlashMemory_W25Q128JVSIQ.circuit-schematic.snap.svg
 lib/subcircuits/__snapshots__/LEDDriver_TLC59116.circuit-schematic.snap.svg
 lib/subcircuits/__snapshots__/LevelShifter_TXB0104.circuit-schematic.snap.svg
 lib/subcircuits/__snapshots__/LevelShifter_TXS0102.circuit-schematic.snap.svg
 lib/subcircuits/__snapshots__/LoadSwitch_TPS22919.circuit-pcb.snap.svg
 lib/subcircuits/__snapshots__/LoadSwitch_TPS22919.circuit-schematic.snap.svg
 lib/subcircuits/__snapshots__/Microcontroller_MSPM0G3507.circuit-pcb.snap.svg
 lib/subcircuits/__snapshots__/Microcontroller_MSPM0G3507.circuit-schematic.snap.svg
 lib/subcircuits/__snapshots__/Microcontroller_MSPM33C3x.circuit-schematic.snap.svg
 lib/subcircuits/__snapshots__/MotorDriver_DRV8833.circuit-pcb.snap.svg
 lib/subcircuits/__snapshots__/MotorDriver_DRV8833.circuit-schematic.snap.svg
 lib/subcircuits/__snapshots__/MotorDriver_DRV8876.circuit-pcb.snap.svg
 lib/subcircuits/__snapshots__/MotorDriver_DRV8876.circuit-schematic.snap.svg
 lib/subcircuits/__snapshots__/PowerManagement_TPS6521835.circuit-schematic.snap.svg
 lib/subcircuits/__snapshots__/PowerManagement_TPS7A02.circuit-pcb.snap.svg
 lib/subcircuits/__snapshots__/PowerManagement_TPS7A02.circuit-schematic.snap.svg
 lib/subcircuits/__snapshots__/PowerModule_TPSM82823.circuit-pcb.snap.svg
 lib/subcircuits/__snapshots__/PowerModule_TPSM82823.circuit-schematic.snap.svg
 lib/subcircuits/__snapshots__/PowerMonitor_INA237.circuit-pcb.snap.svg
 lib/subcircuits/__snapshots__/PowerMonitor_INA237.circuit-schematic.snap.svg
 lib/subcircuits/__snapshots__/RFIDReader_TRF7960.circuit-schematic.snap.svg
 lib/subcircuits/__snapshots__/RealTimeClock_BQ32002.circuit-schematic.snap.svg
 lib/subcircuits/__snapshots__/TemperatureSensor_TMP1075.circuit-pcb.snap.svg
 lib/subcircuits/__snapshots__/TemperatureSensor_TMP1075.circuit-schematic.snap.svg
 lib/subcircuits/__snapshots__/TemperatureSensor_TMP1827.circuit-schematic.snap.svg
 lib/subcircuits/__snapshots__/WirelessMCU_CC2340R5.circuit-pcb.snap.svg
 lib/subcircuits/__snapshots__/WirelessMCU_CC2340R5.circuit-schematic.snap.svg
 lib/subcircuits/__snapshots__/WirelessMCU_CC2745R10.circuit-schematic.snap.svg
 lib/subcircuits/__snapshots__/WirelessMCU_CC3235SF.circuit-pcb.snap.svg
 lib/subcircuits/__snapshots__/WirelessMCU_CC3235SF.circuit-schematic.snap.svg
 package.json
 scripts/
 scripts/encrypt-bq24074-spice-model.ts
 tscircuit.config.json
 tscircuit.config.ts
 tsconfig.json
[@tsci/tscircuit.ti] Extract .99dba7efdf4f7fbe-0000003B.tscircuit.ti (decompressed 2.48 MB tgz file in 14.004ms)
[@tsci/tscircuit.ti] Extracted to .99dba7efdf4f7fbe-0000003B.tscircuit.ti (60.936ms)
[PackageManager] waiting for 4 tasks
< 304 Not Modified
< Date: Sat, 03 Oct 2026 22:31:13 GMT
< Connection: keep-alive
< set-cookie: __cf_bm=6JH7O0_2f.OYesOCTCiO686z.FDkXHv20WjwlwZexeM-1791066673.3198316-1.0.1.1-LuFqOyEkyNBPHecjpWuy1VW3m.EDnQOS7yzmAUMttRb7wIHFjr6uptU7ZgBhYp6GlTDRhNdmovIZlQku7PV45RDpig4p7K5_J7AdTVerIozV19gZZf71xvUOdFp7XmUB; HttpOnly; SameSite=None; Secure; Path=/; Domain=npmjs.org; Expires=Sat, 03 Oct 2026 23:01:13 GMT
< set-cookie: _cfuvid=_r79X4jmlA2z8n0B9bG5qbHhxNiNGVoQz274NL.gj_0-1791066673.3198316-1.0.1.1-5Z9_rTqHrfiFmSAGVOJM8_aovQ89AhVoQ6yWoTqaOvI; HttpOnly; SameSite=None; Secure; Path=/; Domain=npmjs.org
< CF-Ray: a44f65543ba4f474-TIA
< CF-Cache-Status: HIT
< Access-Control-Allow-Origin: *
< Cache-Control: public, max-age=300
< ETag: "7329b8f2fc8132d4f89cfba3fb40dd8f"
< Last-Modified: Tue, 30 Sep 2025 16:34:36 GMT
< Server: cloudflare

< 304 Not Modified
< Date: Sat, 03 Oct 2026 22:31:13 GMT
< Connection: keep-alive
< set-cookie: __cf_bm=kUwAljxn8M7ua3b18wl0GL7Llwq8aY2eHMkdb3MwlEk-1791066673.3196583-1.0.1.1-RkDM3QSBLGxkfuAXibQxlYWpZBCANwQIpcfu8r1MNq_JeNrNXENST7kT9hpLg_e_BjCAFYktSp2FTYPihEQFbxttMi96OMy465H.SST17d0Q0_Y9QBfu9KltrkO1ahW4; HttpOnly; SameSite=None; Secure; Path=/; Domain=npmjs.org; Expires=Sat, 03 Oct 2026 23:01:13 GMT
< set-cookie: _cfuvid=4Zxxukr.tw81YZdezfqPP_boCV9Ygb6ErnBlTXtV_no-1791066673.3196583-1.0.1.1-n768AGWLxKc7yrEF7loQGU5mA9TilJ2xnIxmb1o.gvc; HttpOnly; SameSite=None; Secure; Path=/; Domain=npmjs.org
< CF-Ray: a44f65543f9d5f50-TIA
< CF-Cache-Status: HIT
< Access-Control-Allow-Origin: *
< Cache-Control: public, max-age=300
< ETag: "6d2541358b24d83df290545335c38b8c"
< Last-Modified: Mon, 03 Mar 2025 17:50:05 GMT
< Server: cloudflare

[PackageManager] waiting for 3 tasks
    [228.33ms]
Downloaded get-intrinsic versions
   - "get-intrinsic": "^1.2.5" - get-intrinsic@1.3.0
    [228.47ms]
Downloaded call-bound versions
   - "call-bound": "^1.0.2" - call-bound@1.0.4
Enqueue package manifest for download: gopd
Enqueue package manifest for download: get-proto
Enqueue package manifest for download: has-symbols
Enqueue package manifest for download: es-object-atoms
Enqueue package manifest for download: math-intrinsics
Enqueue package manifest for download: call-bind-apply-helpers
[PackageManager] waiting for 7 tasks
> HTTP/1.1 GET https://registry.npmjs.org/gopd
> If-None-Match: W/"2ee3edd8a2ae33e92598835538e27e1f"
> Accept: application/vnd.npm.install-v1+json; q=1.0, application/json; q=0.8, */*
> Connection: keep-alive
> User-Agent: Bun/1.3.9
> Host: registry.npmjs.org
> Accept-Encoding: gzip, deflate, br, zstd

> HTTP/1.1 GET https://registry.npmjs.org/get-proto
> If-None-Match: W/"03015df6f1612ee86ec1f496cdf93bee"
> Accept: application/vnd.npm.install-v1+json; q=1.0, application/json; q=0.8, */*
> Connection: keep-alive
> User-Agent: Bun/1.3.9
> Host: registry.npmjs.org
> Accept-Encoding: gzip, deflate, br, zstd

> HTTP/1.1 GET https://registry.npmjs.org/has-symbols
> If-None-Match: W/"cfe44a9efcffffffd560781d9f268ab3"
> Accept: application/vnd.npm.install-v1+json; q=1.0, application/json; q=0.8, */*
> Connection: keep-alive
> User-Agent: Bun/1.3.9
> Host: registry.npmjs.org
> Accept-Encoding: gzip, deflate, br, zstd

> HTTP/1.1 GET https://registry.npmjs.org/es-object-atoms
> If-None-Match: W/"6d0ec226a496b1f6cd4676f33de07314"
> Accept: application/vnd.npm.install-v1+json; q=1.0, application/json; q=0.8, */*
> Connection: keep-alive
> User-Agent: Bun/1.3.9
> Host: registry.npmjs.org
> Accept-Encoding: gzip, deflate, br, zstd

> HTTP/1.1 GET https://registry.npmjs.org/math-intrinsics
> If-None-Match: W/"c3199910ac9343709ee4d7723501e14a"
> Accept: application/vnd.npm.install-v1+json; q=1.0, application/json; q=0.8, */*
> Connection: keep-alive
> User-Agent: Bun/1.3.9
> Host: registry.npmjs.org
> Accept-Encoding: gzip, deflate, br, zstd

> HTTP/1.1 GET https://registry.npmjs.org/call-bind-apply-helpers
> If-None-Match: W/"013a61dba0aea8572bead0b3acf120b6"
> Accept: application/vnd.npm.install-v1+json; q=1.0, application/json; q=0.8, */*
> Connection: keep-alive
> User-Agent: Bun/1.3.9
> Host: registry.npmjs.org
> Accept-Encoding: gzip, deflate, br, zstd

[PackageManager] waiting for 7 tasks
    [1.58s] Downloaded @tscircuit/capacity-autorouter tarball
< 304 Not Modified
< Date: Sat, 03 Oct 2026 22:31:13 GMT
< Connection: keep-alive
< set-cookie: __cf_bm=BhzqG1Guhnh4Tn3NRNIwnPbgcrGPMN8MB8DekQK.Kyw-1791066673.5515738-1.0.1.1-84W5UW_rQxtTak7gbYed4JgGBMJjmTEdj_UbLxqUGuq2aEvDLv_K8MYDnhId4XQCFmkotBwrpWMiPanFoI6FoLrugqhwGqRSnLjaPJMYRKVSctB16COJkYtH.UX2C0fa; HttpOnly; SameSite=None; Secure; Path=/; Domain=npmjs.org; Expires=Sat, 03 Oct 2026 23:01:13 GMT
< set-cookie: _cfuvid=9DKeUYkVJCeIBvUyI0QjfJ2tv6fUSs1De2fJractDlc-1791066673.5515738-1.0.1.1-hPn93s1di8yd7rZf6jg2KvntQHK7BCCrXGvBBA_lJDs; HttpOnly; SameSite=None; Secure; Path=/; Domain=npmjs.org
< CF-Ray: a44f6555b8ad5f50-TIA
< CF-Cache-Status: HIT
< Access-Control-Allow-Origin: *
< Cache-Control: public, max-age=300
< ETag: "013a61dba0aea8572bead0b3acf120b6"
< Last-Modified: Wed, 12 Feb 2025 19:24:58 GMT
< Server: cloudflare

[PackageManager] waiting for 7 tasks
    [206.89ms]
Downloaded call-bind-apply-helpers versions
< 304 Not Modified
< Date: Sat, 03 Oct 2026 22:31:13 GMT
< Connection: keep-alive
< set-cookie: __cf_bm=6R_gOMkH2gJk_M2Wf4pcx62py9CQFX9H9EF72zZxxkA-1791066673.5514984-1.0.1.1-t5IgiAZBRZoaFsjWw85TlUBKq3uzCbKvSryK1REf5CFNAyiGRD9Bx7L2AEzDbaItv1OINmapaRSRDaPIpfvx.p783nSYX7X_zKQRjxyoB.af.fH_mAr72jZsWIW2eM9m; HttpOnly; SameSite=None; Secure; Path=/; Domain=npmjs.org; Expires=Sat, 03 Oct 2026 23:01:13 GMT
< set-cookie: _cfuvid=M99g_JNCAZpr2ZlA2LFEY3mwWawXWrbGLe_0eXgrT2I-1791066673.5514984-1.0.1.1-vAUiYbJZSqUP6TZTxnZh1RZ6waqAnaxXajkKfStu8Gg; HttpOnly; SameSite=None; Secure; Path=/; Domain=npmjs.org
< CF-Ray: a44f6555bc9cf474-TIA
< CF-Cache-Status: HIT
< Access-Control-Allow-Origin: *
< Cache-Control: public, max-age=300
< ETag: "03015df6f1612ee86ec1f496cdf93bee"
< Last-Modified: Thu, 02 Jan 2025 20:08:04 GMT
< Server: cloudflare

< 304 Not Modified
< Date: Sat, 03 Oct 2026 22:31:13 GMT
< Connection: keep-alive
< set-cookie: __cf_bm=dH_r5t1QOup8t9xLrvxrDNXqlHtxcmRAf.uCKisksPA-1791066673.5516586-1.0.1.1-6GmzmjKp96R7e.teFIVRkVS7cxo4rufkNdP3iixLYZvCcW0meTvHi2kbRjVQNPb62tOw3b8p04W3_1_DEQ8KlAZdBuEtBkvWGJ3HrosElposTGilyy2f7SJU.4CFU9Uh; HttpOnly; SameSite=None; Secure; Path=/; Domain=npmjs.org; Expires=Sat, 03 Oct 2026 23:01:13 GMT
< set-cookie: _cfuvid=k6alEgN_V.gLRcaOY9_f6v2qpPdn4C9pOd_83c7.kVY-1791066673.5516586-1.0.1.1-XVMq0FxbBiROwFAqxVObLJEyim03q.IKu6VI4wLaUEI; HttpOnly; SameSite=None; Secure; Path=/; Domain=npmjs.org
< CF-Ray: a44f6555b8a9bd99-TIA
< CF-Cache-Status: HIT
< Access-Control-Allow-Origin: *
< Cache-Control: public, max-age=300
< ETag: "6d0ec226a496b1f6cd4676f33de07314"
< Last-Modified: Fri, 22 May 2026 14:40:05 GMT
< Server: cloudflare

< 304 Not Modified
< Date: Sat, 03 Oct 2026 22:31:13 GMT
< Connection: keep-alive
< set-cookie: __cf_bm=E8tigcnu39fFyihMC1tJVevUp0RZGgxEwYDDfffnloY-1791066673.5515635-1.0.1.1-qzS83aEVNPx1nKdUIDdIShIRX3koeX6q_PENRUw0b4CDeLKXBpvmPXhMmDXWCvdtD4Mk0MXmWcO5gCC8a.Vqb3ZtgNiK4An1wLrwXX8wwYCAh393qRKlJEpkFHncgr3F; HttpOnly; SameSite=None; Secure; Path=/; Domain=npmjs.org; Expires=Sat, 03 Oct 2026 23:01:13 GMT
< set-cookie: _cfuvid=9SGyD2fQgUHtSCYfkf2cSJkl6X82IZeSeyKtdSY_b9I-1791066673.5515635-1.0.1.1-eOzy4JzmDaHZK79ddwPBlvV6bSnnnAJu97UIjZ4e8js; HttpOnly; SameSite=None; Secure; Path=/; Domain=npmjs.org
< CF-Ray: a44f6555b8917c08-TIA
< CF-Cache-Status: HIT
< Access-Control-Allow-Origin: *
< Cache-Control: public, max-age=300
< ETag: "2ee3edd8a2ae33e92598835538e27e1f"
< Last-Modified: Sat, 11 Jul 2026 11:42:52 GMT
< Server: cloudflare

< 304 Not Modified
< Date: Sat, 03 Oct 2026 22:31:13 GMT
< Connection: keep-alive
< set-cookie: __cf_bm=AVO6FdUhAVpKMyiP2nQY.sjApbJliQ0fmgQuXqrbiX8-1791066673.5515623-1.0.1.1-SUPQFOkRbFDtLd7AvO6YbbW35uf4o.TsCbE0spOo1RqZ6cRP1W13WiB4HtmLdW6vhL4cVcoa8g._rfrjafMWzQ1vs5nSoQyzRcEp52sTvFY9hDvF7IL2TSUB6Gh7s9kg; HttpOnly; SameSite=None; Secure; Path=/; Domain=npmjs.org; Expires=Sat, 03 Oct 2026 23:01:13 GMT
< set-cookie: _cfuvid=EJQ9nmFBzfOhlz7Nk.TRwCElKi5kVE_zhrULV9Vv48Y-1791066673.5515623-1.0.1.1-rxG6eO8Zh0rpzTFFvhH7eOU_Gk2a7x527xZW5jVYNH4; HttpOnly; SameSite=None; Secure; Path=/; Domain=npmjs.org
< CF-Ray: a44f6555b8937c08-TIA
< CF-Cache-Status: HIT
< Access-Control-Allow-Origin: *
< Cache-Control: public, max-age=300
< ETag: "cfe44a9efcffffffd560781d9f268ab3"
< Last-Modified: Mon, 02 Dec 2024 16:34:19 GMT
< Server: cloudflare

< 304 Not Modified
< Date: Sat, 03 Oct 2026 22:31:13 GMT
< Connection: keep-alive
< set-cookie: __cf_bm=MA339_NojdHTj1Louc9C3wrUvCdHBsSLLns82.mMyJY-1791066673.5517154-1.0.1.1-DO18vDWnx1PFd7tlXyNJiPdk7bX_8X3OroMVVe3n49ivnnfeoDxJZlQDJNUKbwtPxhoWhuWcsKVBEu.kcVX1V2Ln8sSASINELT3dInd1cbK32twBoEBEnB5G9mBuoACV; HttpOnly; SameSite=None; Secure; Path=/; Domain=npmjs.org; Expires=Sat, 03 Oct 2026 23:01:13 GMT
< set-cookie: _cfuvid=IwIukIK8JFZWzX_xPnkWFMic6g5zvKXL6GbYftttHy8-1791066673.5517154-1.0.1.1-Qfh.6hmc7ddKlbfeQw0J44F520XRVY9oC4RLMW7mx.0; HttpOnly; SameSite=None; Secure; Path=/; Domain=npmjs.org
< CF-Ray: a44f6555b8927c08-TIA
< CF-Cache-Status: HIT
< Access-Control-Allow-Origin: *
< Cache-Control: public, max-age=300
< ETag: "c3199910ac9343709ee4d7723501e14a"
< Last-Modified: Thu, 19 Dec 2024 05:58:11 GMT
< Server: cloudflare

   - "call-bind-apply-helpers": "^1.0.2" - call-bind-apply-helpers@1.0.2
[PackageManager] waiting for 6 tasks
    [207.02ms]
Downloaded get-proto versions
 LICENSE
 dist/index.js
 package.json
 dist/index.js.map
 README.md
 dist/index.d.ts
[@tscircuit/capacity-autorouter] Extract .dcdb27a7f8dffbac-0000003C.capacity-autorouter (decompressed 3.42 MB tgz file in 23.218ms)
[@tscircuit/capacity-autorouter] Extracted to .dcdb27a7f8dffbac-0000003C.capacity-autorouter (48.149ms)
   - "get-proto": "^1.0.1" - get-proto@1.0.1
    [207.02ms]
Downloaded es-object-atoms versions
   - "es-object-atoms": "^1.1.1" - es-object-atoms@1.1.2
    [207.12ms]
Downloaded gopd versions
   - "gopd": "^1.2.0" - gopd@1.2.0
    [207.08ms]
Downloaded has-symbols versions
   - "has-symbols": "^1.1.0" - has-symbols@1.1.0
    [207.07ms]
Downloaded math-intrinsics versions
   - "math-intrinsics": "^1.1.0" - math-intrinsics@1.1.0
Enqueue package manifest for download: dunder-proto
[PackageManager] waiting for 1 tasks
> HTTP/1.1 GET https://registry.npmjs.org/dunder-proto
> If-None-Match: W/"586299f9f240af2b9a9ace8e45d20404"
> Accept: application/vnd.npm.install-v1+json; q=1.0, application/json; q=0.8, */*
> Connection: keep-alive
> User-Agent: Bun/1.3.9
> Host: registry.npmjs.org
> Accept-Encoding: gzip, deflate, br, zstd

< 304 Not Modified
< Date: Sat, 03 Oct 2026 22:31:13 GMT
< Connection: keep-alive
< set-cookie: __cf_bm=m43Y6K3vX_0odq05XSvk1yX8rwfzaRe9WbYMcETcAf0-1791066673.7606418-1.0.1.1-nfAzjrzHuAk1c1A0dEmJVWoITze9yRNvvrEkv6wdYwED3uk8HIeowRi0map02RMl8B41PowayQV0USgrhCyigHKtoimsc6CyXbH70gz3F7DZN.xk9S.wYPwKLM8gtXTQ; HttpOnly; SameSite=None; Secure; Path=/; Domain=npmjs.org; Expires=Sat, 03 Oct 2026 23:01:13 GMT
< set-cookie: _cfuvid=QQz_WegxbKQYw.SH1hqsYNGZhpjDBSzRbfep2RX2aak-1791066673.7606418-1.0.1.1-QEnArdWH9dfQtBzouy_BTKyUAWjHaAHjYb.RDSpErG4; HttpOnly; SameSite=None; Secure; Path=/; Domain=npmjs.org
< CF-Ray: a44f65570874a5b3-TIA
< CF-Cache-Status: HIT
< Access-Control-Allow-Origin: *
< Cache-Control: public, max-age=300
< ETag: "586299f9f240af2b9a9ace8e45d20404"
< Last-Modified: Tue, 17 Dec 2024 02:12:48 GMT
< Server: cloudflare

[PackageManager] waiting for 1 tasks
    [198.24ms]
Downloaded dunder-proto versions
   - "dunder-proto": "^1.0.1" - dunder-proto@1.0.1
   - "tscircuit": "*" - tscircuit@0.0.2742
   - "@tscircuit/schematic-corpus": "*" - @tscircuit/schematic-corpus@0.0.114
   - "three": "^0.179.1" - three@0.179.1
   - "comlink": "^4.4.2" - comlink@4.4.2
   - "poppygl": "0.0.29" - poppygl@0.0.29
   - "circuit-json": "^0.0.510" - circuit-json@0.0.510
   - "s-expression": "^3.1.1" - s-expression@3.1.1
   - "@tscircuit/cli": "^0.1.2235" - @tscircuit/cli@0.1.2237
   - "@tscircuit/core": "^0.0.2056" - @tscircuit/core@0.0.2056
   - "@tscircuit/eval": "^0.0.1522" - @tscircuit/eval@0.0.1522
   - "@tscircuit/props": "^0.0.677" - @tscircuit/props@0.0.677
   - "@tscircuit/checks": "^0.0.233" - @tscircuit/checks@0.0.233
   - "rollup-plugin-dts": "^6.2.3" - rollup-plugin-dts@6.5.1
   - "@rollup/plugin-json": "^6.1.0" - @rollup/plugin-json@6.1.0
   - "@tscircuit/runframe": "^0.0.2887" - @tscircuit/runframe@0.0.2887
   - "@rollup/plugin-commonjs": "^29.0.0" - @rollup/plugin-commonjs@29.0.3
   - "circuit-json-to-pnp-csv": "^0.0.16" - circuit-json-to-pnp-csv@0.0.16
   - "@tscircuit/simple-3d-svg": "^0.0.41" - @tscircuit/simple-3d-svg@0.0.41
   - "@rollup/plugin-typescript": "^12.3.0" - @rollup/plugin-typescript@12.3.0
   - "circuit-json-to-simple-3d": "^0.0.9" - circuit-json-to-simple-3d@0.0.9
   - "kicad-component-converter": "^0.1.40" - kicad-component-converter@0.1.41
   - "@rollup/plugin-node-resolve": "^16.0.3" - @rollup/plugin-node-resolve@16.0.3
   - "@tscircuit/copper-pour-solver": "^0.0.62" - @tscircuit/copper-pour-solver@0.0.62
   - "@tscircuit/capacity-autorouter": "^0.0.953" - @tscircuit/capacity-autorouter@0.0.953
   - "@tscircuit/internal-dynamic-import": "^0.0.11" - @tscircuit/internal-dynamic-import@0.0.11
   - "convert-source-map": "^2.0.0" - convert-source-map@2.0.0
   - "@jridgewell/remapping": "^2.3.5" - @jridgewell/remapping@2.3.5
   - "@babel/code-frame": "^8.0.0" - @babel/code-frame@8.0.6
   - "@rollup/pluginutils": "^5.1.0" - @rollup/pluginutils@5.4.0
   - "@tscircuit/core": "^0.0.1911" - @tscircuit/core@0.0.1911
   - "@tscircuit/eval": "0.0.1521" - @tscircuit/eval@0.0.1521
   - "commondir": "^1.0.1" - commondir@1.0.1
   - "estree-walker": "^2.0.2" - estree-walker@2.0.2
   - "is-reference": "1.2.1" - is-reference@1.2.1
   - "papaparse": "^5.4.1" - papaparse@5.7.0
   - "@tscircuit/circuit-json-util": "^0.0.113" - @tscircuit/circuit-json-util@0.0.113
   - "fast-xml-parser": "^5.2.5" - fast-xml-parser@5.11.2
   - "resolve": "^1.22.1" - resolve@1.22.12
   - "@types/resolve": "1.20.2" - @types/resolve@1.20.2
   - "deepmerge": "^4.2.2" - deepmerge@4.3.1
   - "is-module": "^1.0.0" - is-module@1.0.0
   - "js-tokens": "^10.0.0" - js-tokens@10.0.0
   - "@babel/helper-validator-identifier": "^8.0.6" - @babel/helper-validator-identifier@8.0.6
   - "strnum": "^2.4.2" - strnum@2.4.2
   - "is-unsafe": "^2.0.0" - is-unsafe@2.0.2
   - "xml-naming": "^0.3.0" - xml-naming@0.3.0
   - "fast-xml-builder": "^1.2.0" - fast-xml-builder@1.3.1
   - "@nodable/entities": "^3.0.1" - @nodable/entities@3.1.0
   - "path-expression-matcher": "^1.6.2" - path-expression-matcher@1.6.2
   - "path-parse": "^1.0.7" - path-parse@1.0.7
   - "is-core-module": "^2.16.1" - is-core-module@2.17.0
   - "supports-preserve-symlinks-flag": "^1.0.0" - supports-preserve-symlinks-flag@1.0.0
   - "anynum": "^1.0.1" - anynum@1.0.1
> HTTP/1.1 GET https://jscdn.tscircuit.com/@tscircuit/schematic-trace-solver/0.0.223.tgz
> Connection: keep-alive
> User-Agent: Bun/1.3.9
> Accept: */*
> Host: jscdn.tscircuit.com
> Accept-Encoding: gzip, deflate, br, zstd

< 200 OK
< Date: Sat, 03 Oct 2026 22:31:14 GMT
< Content-Type: application/octet-stream
< Content-Length: 177133
< Connection: keep-alive
< Report-To: {"group":"cf-nel","max_age":604800,"endpoints":[{"url":"https://a.nel.cloudflare.com/report/v4?s=i7MPtjzhKG%2FdsGK4kN1SpbVxP2hFVHO9KRPGcXyF8tZK%2BIt2Jz1O7hsvr%2FH0uvqfIIHYbAuoMAPLNikY3pBbpe%2BO6SLXeO2DTQ19mB3jZBPfFqLnixHuCXojKPrzaHAqNOfeG9Q%3D"}]}
< Nel: {"report_to":"cf-nel","success_fraction":0.0,"max_age":604800}
< Server: cloudflare
< CF-RAY: a44f6558deef9b00-TIA

[PackageManager] waiting for 1 tasks
    [315.20ms] Downloaded @tscircuit/schematic-trace-solver tarball
 LICENSE
 dist/index.js
 package.json
 README.md
 dist/index.d.ts
[@tscircuit/schematic-trace-solver] Extract .bbdb37afbb19bf62-0000003D.schematic-trace-solver (decompressed 177.13 KB tgz file in 409.958us)
[@tscircuit/schematic-trace-solver] Extracted to .bbdb37afbb19bf62-0000003D.schematic-trace-solver (2.265ms)
[PackageManager] waiting for 1 tasks
Resolved, downloaded and extracted [196]
warn: incorrect peer dependency "react-dom@19.3.0"

warn: incorrect peer dependency "react@19.3.0"

warn: incorrect peer dependency "circuit-json@0.0.511"

warn: incorrect peer dependency "@tscircuit/alphabet@0.0.25"

warn: incorrect peer dependency "circuit-json@0.0.511"

warn: incorrect peer dependency "circuit-json@0.0.511"
Clean lockfile: 809 packages - 808 packages in 1.6ms
error: @tscircuit/pcb-trace-linter@github:tscircuit/pcb-trace-linter#4c035f9d40ffb03ba547a08975b5e64b20371123 failed to resolve
