$ biome format .
.tscircuit/cache/98dda1ba89-ced2b330c5883f3f902822aaedb472ad.json format ━━━━━━━━━━━━━━━━━━━━━━━━━━━

  ! The size of the file is 1.8 MiB, which exceeds the configured maximum of 1.0 MiB for this project.
    Use the `files.maxSize` configuration to change the maximum size of files processed, or `files.includes` to ignore the file.
  

.tscircuit/cache/9eb429ea67-72a8e394bfaa09286b5a9b0bb6e5483c.json format ━━━━━━━━━━━━━━━━━━━━━━━━━━━

  ! The size of the file is 1.4 MiB, which exceeds the configured maximum of 1.0 MiB for this project.
    Use the `files.maxSize` configuration to change the maximum size of files processed, or `files.includes` to ignore the file.
  

.tscircuit/cache/9eb429ea67-c4c47867b355990853748a6fbc74b4cd.json format ━━━━━━━━━━━━━━━━━━━━━━━━━━━

  ! The size of the file is 1.5 MiB, which exceeds the configured maximum of 1.0 MiB for this project.
    Use the `files.maxSize` configuration to change the maximum size of files processed, or `files.includes` to ignore the file.
  

.tscircuit/cache/b_C1849461-5fcf514c269c431c01781ade1842e04e.json format ━━━━━━━━━━━━━━━━━━━━━━━━━━━

  × Formatter would have printed the following content:
  
    1     │ - ...{"x":-4.030967799999871,"y":3.946639799999957}]}]}
        1 │ + {
        2 │ + ··"fetchedAtMs":·1791079910137,
        3 │ + ··"elements":·[
        4 │ + ····{
        5 │ + ······"type":·"source_component",
        6 │ + ······"ftype":·"simple_chip",
        7 │ + ······"source_component_id":·"source_component_1",
        8 │ + ······"name":·"U1"
        9 │ + ····},
       10 │ + ····{
       11 │ + ······"type":·"pcb_component",
       12 │ + ······"pcb_component_id":·"pcb_component_1",
       13 │ + ······"source_component_id":·"source_component_1",
       14 │ + ······"center":·{·"x":·0,·"y":·0·},
       15 │ + ······"layer":·"top",
       16 │ + ······"rotation":·0,
       17 │ + ······"width":·7.49350800000002,
       18 │ + ······"height":·6.7955667999999605,
       19 │ + ······"obstructs_within_bounds":·true
       20 │ + ····},
       21 │ + ····{
       22 │ + ······"type":·"source_port",
       23 │ + ······"source_port_id":·"source_port_1",
       24 │ + ······"source_component_id":·"source_component_1",
       25 │ + ······"name":·"pin1",
       26 │ + ······"pin_number":·1,
       27 │ + ······"port_hints":·["IN1"]
       28 │ + ····},
       29 │ + ····{
       30 │ + ······"type":·"pcb_smtpad",
       31 │ + ······"shape":·"pill",
       32 │ + ······"pcb_smtpad_id":·"pcb_smtpad_1",
       33 │ + ······"x":·-2.8732479999999896,
       34 │ + ······"y":·2.9250640000000203,
       35 │ + ······"width":·1.747012,
       36 │ + ······"height":·0.3430016,
       37 │ + ······"radius":·0.1715008,
       38 │ + ······"layer":·"top",
       39 │ + ······"port_hints":·["pin1"],
       40 │ + ······"pcb_component_id":·"pcb_component_1",
       41 │ + ······"pcb_port_id":·"pcb_port_1"
       42 │ + ····},
       43 │ + ····{
       44 │ + ······"type":·"source_port",
       45 │ + ······"source_port_id":·"source_port_2",
       46 │ + ······"source_component_id":·"source_component_1",
       47 │ + ······"name":·"pin2",
       48 │ + ······"pin_number":·2,
       49 │ + ······"port_hints":·["IN2"]
       50 │ + ····},
       51 │ + ····{
       52 │ + ······"type":·"pcb_smtpad",
       53 │ + ······"shape":·"pill",
       54 │ + ······"pcb_smtpad_id":·"pcb_smtpad_2",
       55 │ + ······"x":·-2.8732479999999896,
       56 │ + ······"y":·2.2750780000000077,
       57 │ + ······"width":·1.747012,
       58 │ + ······"height":·0.3430016,
       59 │ + ······"radius":·0.1715008,
       60 │ + ······"layer":·"top",
       61 │ + ······"port_hints":·["pin2"],
       62 │ + ······"pcb_component_id":·"pcb_component_1",
       63 │ + ······"pcb_port_id":·"pcb_port_2"
       64 │ + ····},
       65 │ + ····{
       66 │ + ······"type":·"source_port",
       67 │ + ······"source_port_id":·"source_port_3",
       68 │ + ······"source_component_id":·"source_component_1",
       69 │ + ······"name":·"pin3",
       70 │ + ······"pin_number":·3,
       71 │ + ······"port_hints":·["IN3"]
       72 │ + ····},
       73 │ + ····{
       74 │ + ······"type":·"pcb_smtpad",
       75 │ + ······"shape":·"pill",
       76 │ + ······"pcb_smtpad_id":·"pcb_smtpad_3",
       77 │ + ······"x":·-2.8732479999999896,
       78 │ + ······"y":·1.625091999999995,
       79 │ + ······"width":·1.747012,
       80 │ + ······"height":·0.3430016,
       81 │ + ······"radius":·0.1715008,
       82 │ + ······"layer":·"top",
       83 │ + ······"port_hints":·["pin3"],
       84 │ + ······"pcb_component_id":·"pcb_component_1",
       85 │ + ······"pcb_port_id":·"pcb_port_3"
       86 │ + ····},
       87 │ + ····{
       88 │ + ······"type":·"source_port",
       89 │ + ······"source_port_id":·"source_port_4",
       90 │ + ······"source_component_id":·"source_component_1",
       91 │ + ······"name":·"pin4",
       92 │ + ······"pin_number":·4,
       93 │ + ······"port_hints":·[]
       94 │ + ····},
       95 │ + ····{
       96 │ + ······"type":·"pcb_smtpad",
       97 │ + ······"shape":·"pill",
       98 │ + ······"pcb_smtpad_id":·"pcb_smtpad_4",
       99 │ + ······"x":·-2.8732479999999896,
      100 │ + ······"y":·0.9751060000000962,
      101 │ + ······"width":·1.747012,
      102 │ + ······"height":·0.3430016,
      103 │ + ······"radius":·0.1715008,
      104 │ + ······"layer":·"top",
      105 │ + ······"port_hints":·["pin4"],
      106 │ + ······"pcb_component_id":·"pcb_component_1",
      107 │ + ······"pcb_port_id":·"pcb_port_4"
      108 │ + ····},
      109 │ + ····{
      110 │ + ······"type":·"source_port",
      111 │ + ······"source_port_id":·"source_port_5",
      112 │ + ······"source_component_id":·"source_component_1",
      113 │ + ······"name":·"pin5",
      114 │ + ······"pin_number":·5,
      115 │ + ······"port_hints":·[]
      116 │ + ····},
      117 │ + ····{
      118 │ + ······"type":·"pcb_smtpad",
      119 │ + ······"shape":·"pill",
      120 │ + ······"pcb_smtpad_id":·"pcb_smtpad_5",
      121 │ + ······"x":·-2.8732479999999896,
      122 │ + ······"y":·0.32486600000004273,
      123 │ + ······"width":·1.747012,
      124 │ + ······"height":·0.3430016,
      125 │ + ······"radius":·0.1715008,
      126 │ + ······"layer":·"top",
      127 │ + ······"port_hints":·["pin5"],
      128 │ + ······"pcb_component_id":·"pcb_component_1",
      129 │ + ······"pcb_port_id":·"pcb_port_5"
      130 │ + ····},
      131 │ + ····{
      132 │ + ······"type":·"source_port",
      133 │ + ······"source_port_id":·"source_port_6",
      134 │ + ······"source_component_id":·"source_component_1",
      135 │ + ······"name":·"pin6",
      136 │ + ······"pin_number":·6,
      137 │ + ······"port_hints":·["P_IN"]
      138 │ + ····},
      139 │ + ····{
      140 │ + ······"type":·"pcb_smtpad",
      141 │ + ······"shape":·"pill",
      142 │ + ······"pcb_smtpad_id":·"pcb_smtpad_6",
      143 │ + ······"x":·-2.8732479999999896,
      144 │ + ······"y":·-0.3251199999999699,
      145 │ + ······"width":·1.747012,
      146 │ + ······"height":·0.3430016,
      147 │ + ······"radius":·0.1715008,
      148 │ + ······"layer":·"top",
      149 │ + ······"port_hints":·["pin6"],
  426 more lines truncated
  

.tscircuit/cache/b_C1855818-947c039ff68032f94ad479cc6e07dc6c.json format ━━━━━━━━━━━━━━━━━━━━━━━━━━━

  × Formatter would have printed the following content:
  
    1     │ - ..."x":-3.298000000000002,"y":3.8314000000000306}]}]}
        1 │ + {
        2 │ + ··"fetchedAtMs":·1791079910125,
        3 │ + ··"elements":·[
        4 │ + ····{
        5 │ + ······"type":·"source_component",
        6 │ + ······"ftype":·"simple_chip",
        7 │ + ······"source_component_id":·"source_component_1",
        8 │ + ······"name":·"U1"
        9 │ + ····},
       10 │ + ····{
       11 │ + ······"type":·"pcb_component",
       12 │ + ······"pcb_component_id":·"pcb_component_1",
       13 │ + ······"source_component_id":·"source_component_1",
       14 │ + ······"center":·{·"x":·0,·"y":·0·},
       15 │ + ······"layer":·"top",
       16 │ + ······"rotation":·0,
       17 │ + ······"width":·5.495594800000163,
       18 │ + ······"height":·7.492999999999938,
       19 │ + ······"obstructs_within_bounds":·true
       20 │ + ····},
       21 │ + ····{
       22 │ + ······"type":·"source_port",
       23 │ + ······"source_port_id":·"source_port_1",
       24 │ + ······"source_component_id":·"source_component_1",
       25 │ + ······"name":·"pin1",
       26 │ + ······"pin_number":·1,
       27 │ + ······"port_hints":·[]
       28 │ + ····},
       29 │ + ····{
       30 │ + ······"type":·"pcb_smtpad",
       31 │ + ······"shape":·"pill",
       32 │ + ······"pcb_smtpad_id":·"pcb_smtpad_1",
       33 │ + ······"x":·-2.2750780000000077,
       34 │ + ······"y":·-2.8732479999999896,
       35 │ + ······"width":·0.3430016,
       36 │ + ······"height":·1.746504,
       37 │ + ······"radius":·0.1715008,
       38 │ + ······"layer":·"top",
       39 │ + ······"port_hints":·["pin1"],
       40 │ + ······"pcb_component_id":·"pcb_component_1",
       41 │ + ······"pcb_port_id":·"pcb_port_1"
       42 │ + ····},
       43 │ + ····{
       44 │ + ······"type":·"source_port",
       45 │ + ······"source_port_id":·"source_port_2",
       46 │ + ······"source_component_id":·"source_component_1",
       47 │ + ······"name":·"pin2",
       48 │ + ······"pin_number":·2,
       49 │ + ······"port_hints":·[]
       50 │ + ····},
       51 │ + ····{
       52 │ + ······"type":·"pcb_smtpad",
       53 │ + ······"shape":·"pill",
       54 │ + ······"pcb_smtpad_id":·"pcb_smtpad_2",
       55 │ + ······"x":·-1.6250920000001088,
       56 │ + ······"y":·-2.8732479999999896,
       57 │ + ······"width":·0.3430016,
       58 │ + ······"height":·1.746504,
       59 │ + ······"radius":·0.1715008,
       60 │ + ······"layer":·"top",
       61 │ + ······"port_hints":·["pin2"],
       62 │ + ······"pcb_component_id":·"pcb_component_1",
       63 │ + ······"pcb_port_id":·"pcb_port_2"
       64 │ + ····},
       65 │ + ····{
       66 │ + ······"type":·"source_port",
       67 │ + ······"source_port_id":·"source_port_3",
       68 │ + ······"source_component_id":·"source_component_1",
       69 │ + ······"name":·"pin3",
       70 │ + ······"pin_number":·3,
       71 │ + ······"port_hints":·["nSLEEP"]
       72 │ + ····},
       73 │ + ····{
       74 │ + ······"type":·"pcb_smtpad",
       75 │ + ······"shape":·"pill",
       76 │ + ······"pcb_smtpad_id":·"pcb_smtpad_3",
       77 │ + ······"x":·-0.9751059999999825,
       78 │ + ······"y":·-2.8732479999999896,
       79 │ + ······"width":·0.3430016,
       80 │ + ······"height":·1.746504,
       81 │ + ······"radius":·0.1715008,
       82 │ + ······"layer":·"top",
       83 │ + ······"port_hints":·["pin3"],
       84 │ + ······"pcb_component_id":·"pcb_component_1",
       85 │ + ······"pcb_port_id":·"pcb_port_3"
       86 │ + ····},
       87 │ + ····{
       88 │ + ······"type":·"source_port",
       89 │ + ······"source_port_id":·"source_port_4",
       90 │ + ······"source_component_id":·"source_component_1",
       91 │ + ······"name":·"pin4",
       92 │ + ······"pin_number":·4,
       93 │ + ······"port_hints":·["nFAULT"]
       94 │ + ····},
       95 │ + ····{
       96 │ + ······"type":·"pcb_smtpad",
       97 │ + ······"shape":·"pill",
       98 │ + ······"pcb_smtpad_id":·"pcb_smtpad_4",
       99 │ + ······"x":·-0.32486600000004273,
      100 │ + ······"y":·-2.8732479999999896,
      101 │ + ······"width":·0.3430016,
      102 │ + ······"height":·1.746504,
      103 │ + ······"radius":·0.1715008,
      104 │ + ······"layer":·"top",
      105 │ + ······"port_hints":·["pin4"],
      106 │ + ······"pcb_component_id":·"pcb_component_1",
      107 │ + ······"pcb_port_id":·"pcb_port_4"
      108 │ + ····},
      109 │ + ····{
      110 │ + ······"type":·"source_port",
      111 │ + ······"source_port_id":·"source_port_5",
      112 │ + ······"source_component_id":·"source_component_1",
      113 │ + ······"name":·"pin5",
      114 │ + ······"pin_number":·5,
      115 │ + ······"port_hints":·["VREF"]
      116 │ + ····},
      117 │ + ····{
      118 │ + ······"type":·"pcb_smtpad",
      119 │ + ······"shape":·"pill",
      120 │ + ······"pcb_smtpad_id":·"pcb_smtpad_5",
      121 │ + ······"x":·0.32512000000008356,
      122 │ + ······"y":·-2.8732479999999896,
      123 │ + ······"width":·0.3430016,
      124 │ + ······"height":·1.746504,
      125 │ + ······"radius":·0.1715008,
      126 │ + ······"layer":·"top",
      127 │ + ······"port_hints":·["pin5"],
      128 │ + ······"pcb_component_id":·"pcb_component_1",
      129 │ + ······"pcb_port_id":·"pcb_port_5"
      130 │ + ····},
      131 │ + ····{
      132 │ + ······"type":·"source_port",
      133 │ + ······"source_port_id":·"source_port_6",
      134 │ + ······"source_component_id":·"source_component_1",
      135 │ + ······"name":·"pin6",
      136 │ + ······"pin_number":·6,
      137 │ + ······"port_hints":·["IPROPI"]
      138 │ + ····},
      139 │ + ····{
      140 │ + ······"type":·"pcb_smtpad",
      141 │ + ······"shape":·"pill",
      142 │ + ······"pcb_smtpad_id":·"pcb_smtpad_6",
      143 │ + ······"x":·0.9751059999999825,
      144 │ + ······"y":·-2.8732479999999896,
      145 │ + ······"width":·0.3430016,
      146 │ + ······"height":·1.746504,
      147 │ + ······"radius":·0.1715008,
      148 │ + ······"layer":·"top",
      149 │ + ······"port_hints":·["pin6"],
  343 more lines truncated
  

.tscircuit/cache/b_C2074262-837a758931255382b6b42a14e85c8b23.json format ━━━━━━━━━━━━━━━━━━━━━━━━━━━

  × Formatter would have printed the following content:
  
    1     │ - ...x":-2.5614000000000487,"y":1.3167999999999438}]}]}
        1 │ + {
        2 │ + ··"fetchedAtMs":·1791079910138,
        3 │ + ··"elements":·[
        4 │ + ····{
        5 │ + ······"type":·"source_component",
        6 │ + ······"ftype":·"simple_chip",
        7 │ + ······"source_component_id":·"source_component_1",
        8 │ + ······"name":·"U1"
        9 │ + ····},
       10 │ + ····{
       11 │ + ······"type":·"pcb_component",
       12 │ + ······"pcb_component_id":·"pcb_component_1",
       13 │ + ······"source_component_id":·"source_component_1",
       14 │ + ······"center":·{·"x":·0,·"y":·0·},
       15 │ + ······"layer":·"top",
       16 │ + ······"rotation":·0,
       17 │ + ······"width":·4.165092000000072,
       18 │ + ······"height":·1.7010126000000128,
       19 │ + ······"obstructs_within_bounds":·true
       20 │ + ····},
       21 │ + ····{
       22 │ + ······"type":·"source_port",
       23 │ + ······"source_port_id":·"source_port_1",
       24 │ + ······"source_component_id":·"source_component_1",
       25 │ + ······"name":·"pin2",
       26 │ + ······"pin_number":·2,
       27 │ + ······"port_hints":·[]
       28 │ + ····},
       29 │ + ····{
       30 │ + ······"type":·"pcb_smtpad",
       31 │ + ······"shape":·"rect",
       32 │ + ······"pcb_smtpad_id":·"pcb_smtpad_1",
       33 │ + ······"x":·1.4787880000000087,
       34 │ + ······"y":·0,
       35 │ + ······"width":·1.2075159999999998,
       36 │ + ······"height":·1.7010126,
       37 │ + ······"layer":·"top",
       38 │ + ······"port_hints":·["pin2"],
       39 │ + ······"pcb_component_id":·"pcb_component_1",
       40 │ + ······"pcb_port_id":·"pcb_port_1"
       41 │ + ····},
       42 │ + ····{
       43 │ + ······"type":·"source_port",
       44 │ + ······"source_port_id":·"source_port_2",
       45 │ + ······"source_component_id":·"source_component_1",
       46 │ + ······"name":·"pin1",
       47 │ + ······"pin_number":·1,
       48 │ + ······"port_hints":·[]
       49 │ + ····},
       50 │ + ····{
       51 │ + ······"type":·"pcb_smtpad",
       52 │ + ······"shape":·"rect",
       53 │ + ······"pcb_smtpad_id":·"pcb_smtpad_2",
       54 │ + ······"x":·-1.4787880000001223,
       55 │ + ······"y":·0,
       56 │ + ······"width":·1.2075159999999998,
       57 │ + ······"height":·1.7010126,
       58 │ + ······"layer":·"top",
       59 │ + ······"port_hints":·["pin1"],
       60 │ + ······"pcb_component_id":·"pcb_component_1",
       61 │ + ······"pcb_port_id":·"pcb_port_2"
       62 │ + ····},
       63 │ + ····{
       64 │ + ······"type":·"pcb_silkscreen_path",
       65 │ + ······"pcb_silkscreen_path_id":·"pcb_silkscreen_path_5",
       66 │ + ······"pcb_component_id":·"pcb_component_1",
       67 │ + ······"layer":·"top",
       68 │ + ······"route":·[
       69 │ + ········{·"x":·0.9512045999999827,·"y":·-1.0790935999999647·},
       70 │ + ········{·"x":·2.311120599999981,·"y":·-1.0790935999999647·},
       71 │ + ········{·"x":·2.311120599999981,·"y":·1.0790936000000784·},
       72 │ + ········{·"x":·0.9512045999999827,·"y":·1.0790936000000784·}
       73 │ + ······],
       74 │ + ······"stroke_width":·0.15239999999999998
       75 │ + ····},
       76 │ + ····{
       77 │ + ······"type":·"pcb_silkscreen_path",
       78 │ + ······"pcb_silkscreen_path_id":·"pcb_silkscreen_path_6",
       79 │ + ······"pcb_component_id":·"pcb_component_1",
       80 │ + ······"layer":·"top",
       81 │ + ······"route":·[
       82 │ + ········{·"x":·-0.9512046000000964,·"y":·-1.0790935999999647·},
       83 │ + ········{·"x":·-2.311120600000095,·"y":·-1.0790935999999647·},
       84 │ + ········{·"x":·-2.311120600000095,·"y":·1.0790936000000784·},
       85 │ + ········{·"x":·-0.9512046000000964,·"y":·1.0790936000000784·}
       86 │ + ······],
       87 │ + ······"stroke_width":·0.15239999999999998
       88 │ + ····},
       89 │ + ····{
       90 │ + ······"type":·"cad_component",
       91 │ + ······"cad_component_id":·"cad_component_1",
       92 │ + ······"pcb_component_id":·"pcb_component_1",
       93 │ + ······"source_component_id":·"source_component_1",
       94 │ + ······"position":·{·"x":·0,·"y":·0,·"z":·0·},
       95 │ + ······"rotation":·{·"x":·0,·"y":·0,·"z":·0·},
       96 │ + ······"model_obj_url":·"https://modules.easyeda.com/3dmodel/da5f078ee43c429f91838a456f48f0a8",
       97 │ + ······"model_step_url":·"https://modules.easyeda.com/qAxj6KHrDKw4blvCG8QJPs7Y/da5f078ee43c429f91838a456f48f0a8",
       98 │ + ······"model_origin_position":·{·"x":·0,·"y":·0,·"z":·0·},
       99 │ + ······"model_origin_alignment":·"center_of_component_on_board_surface",
      100 │ + ······"model_object_fit":·"contain_within_bounds",
      101 │ + ······"anchor_alignment":·"center_of_component_on_board_surface",
      102 │ + ······"size":·{·"x":·3.2,·"y":·1.6,·"z":·0.56·}
      103 │ + ····},
      104 │ + ····{
      105 │ + ······"type":·"pcb_courtyard_outline",
      106 │ + ······"pcb_courtyard_outline_id":·"pcb_courtyard_outline_C2074262_1",
      107 │ + ······"pcb_component_id":·"pcb_component_1",
      108 │ + ······"layer":·"top",
      109 │ + ······"outline":·[
      110 │ + ········{·"x":·-2.5614000000000487,·"y":·1.3167999999999438·},
      111 │ + ········{·"x":·2.561399999999935,·"y":·1.3167999999999438·},
      112 │ + ········{·"x":·2.561399999999935,·"y":·-1.3421999999999343·},
      113 │ + ········{·"x":·-2.5614000000000487,·"y":·-1.3421999999999343·},
      114 │ + ········{·"x":·-2.5614000000000487,·"y":·1.3167999999999438·}
      115 │ + ······]
      116 │ + ····}
      117 │ + ··]
      118 │ + }
      119 │ + 
  

.tscircuit/cache/b_C2678061-54573ed7055f54f14c39df14c45bdf69.json format ━━━━━━━━━━━━━━━━━━━━━━━━━━━

  × Formatter would have printed the following content:
  
    1     │ - ...x":-2.5995000000000346,"y":2.5934040000000778}]}]}
        1 │ + {
        2 │ + ··"fetchedAtMs":·1791079910141,
        3 │ + ··"elements":·[
        4 │ + ····{
        5 │ + ······"type":·"source_component",
        6 │ + ······"ftype":·"simple_chip",
        7 │ + ······"source_component_id":·"source_component_1",
        8 │ + ······"name":·"U1"
        9 │ + ····},
       10 │ + ····{
       11 │ + ······"type":·"pcb_component",
       12 │ + ······"pcb_component_id":·"pcb_component_1",
       13 │ + ······"source_component_id":·"source_component_1",
       14 │ + ······"center":·{·"x":·0,·"y":·0·},
       15 │ + ······"layer":·"top",
       16 │ + ······"rotation":·0,
       17 │ + ······"width":·4.699990600000206,
       18 │ + ······"height":·4.699990600000092,
       19 │ + ······"obstructs_within_bounds":·true
       20 │ + ····},
       21 │ + ····{
       22 │ + ······"type":·"source_port",
       23 │ + ······"source_port_id":·"source_port_1",
       24 │ + ······"source_component_id":·"source_component_1",
       25 │ + ······"name":·"pin1",
       26 │ + ······"pin_number":·1,
       27 │ + ······"port_hints":·["CC1DB"]
       28 │ + ····},
       29 │ + ····{
       30 │ + ······"type":·"pcb_smtpad",
       31 │ + ······"shape":·"pill",
       32 │ + ······"pcb_smtpad_id":·"pcb_smtpad_1",
       33 │ + ······"x":·-1.249934000000053,
       34 │ + ······"y":·-1.99999600000001,
       35 │ + ······"width":·0.2800096,
       36 │ + ······"height":·0.6999986,
       37 │ + ······"radius":·0.1400048,
       38 │ + ······"layer":·"top",
       39 │ + ······"port_hints":·["pin1"],
       40 │ + ······"pcb_component_id":·"pcb_component_1",
       41 │ + ······"pcb_port_id":·"pcb_port_1"
       42 │ + ····},
       43 │ + ····{
       44 │ + ······"type":·"source_port",
       45 │ + ······"source_port_id":·"source_port_2",
       46 │ + ······"source_component_id":·"source_component_1",
       47 │ + ······"name":·"pin2",
       48 │ + ······"pin_number":·2,
       49 │ + ······"port_hints":·["CC1"]
       50 │ + ····},
       51 │ + ····{
       52 │ + ······"type":·"pcb_smtpad",
       53 │ + ······"shape":·"pill",
       54 │ + ······"pcb_smtpad_id":·"pcb_smtpad_2",
       55 │ + ······"x":·-0.7500620000000708,
       56 │ + ······"y":·-1.99999600000001,
       57 │ + ······"width":·0.2800096,
       58 │ + ······"height":·0.6999986,
       59 │ + ······"radius":·0.1400048,
       60 │ + ······"layer":·"top",
       61 │ + ······"port_hints":·["pin2"],
       62 │ + ······"pcb_component_id":·"pcb_component_1",
       63 │ + ······"pcb_port_id":·"pcb_port_2"
       64 │ + ····},
       65 │ + ····{
       66 │ + ······"type":·"source_port",
       67 │ + ······"source_port_id":·"source_port_3",
       68 │ + ······"source_component_id":·"source_component_1",
       69 │ + ······"name":·"pin3",
       70 │ + ······"pin_number":·3,
       71 │ + ······"port_hints":·["NC"]
       72 │ + ····},
       73 │ + ····{
       74 │ + ······"type":·"pcb_smtpad",
       75 │ + ······"shape":·"pill",
       76 │ + ······"pcb_smtpad_id":·"pcb_smtpad_3",
       77 │ + ······"x":·-0.2499359999999342,
       78 │ + ······"y":·-1.99999600000001,
       79 │ + ······"width":·0.2800096,
       80 │ + ······"height":·0.6999986,
       81 │ + ······"radius":·0.1400048,
       82 │ + ······"layer":·"top",
       83 │ + ······"port_hints":·["pin3"],
       84 │ + ······"pcb_component_id":·"pcb_component_1",
       85 │ + ······"pcb_port_id":·"pcb_port_3"
       86 │ + ····},
       87 │ + ····{
       88 │ + ······"type":·"source_port",
       89 │ + ······"source_port_id":·"source_port_4",
       90 │ + ······"source_component_id":·"source_component_1",
       91 │ + ······"name":·"pin4",
       92 │ + ······"pin_number":·4,
       93 │ + ······"port_hints":·["CC2"]
       94 │ + ····},
       95 │ + ····{
       96 │ + ······"type":·"pcb_smtpad",
       97 │ + ······"shape":·"pill",
       98 │ + ······"pcb_smtpad_id":·"pcb_smtpad_4",
       99 │ + ······"x":·0.24993599999982052,
      100 │ + ······"y":·-1.99999600000001,
      101 │ + ······"width":·0.2800096,
      102 │ + ······"height":·0.6999986,
      103 │ + ······"radius":·0.1400048,
      104 │ + ······"layer":·"top",
      105 │ + ······"port_hints":·["pin4"],
      106 │ + ······"pcb_component_id":·"pcb_component_1",
      107 │ + ······"pcb_port_id":·"pcb_port_4"
      108 │ + ····},
      109 │ + ····{
      110 │ + ······"type":·"source_port",
      111 │ + ······"source_port_id":·"source_port_5",
      112 │ + ······"source_component_id":·"source_component_1",
      113 │ + ······"name":·"pin5",
      114 │ + ······"pin_number":·5,
      115 │ + ······"port_hints":·["CC2DB"]
      116 │ + ····},
      117 │ + ····{
      118 │ + ······"type":·"pcb_smtpad",
      119 │ + ······"shape":·"pill",
      120 │ + ······"pcb_smtpad_id":·"pcb_smtpad_5",
      121 │ + ······"x":·0.7500619999999572,
      122 │ + ······"y":·-1.99999600000001,
      123 │ + ······"width":·0.2800096,
      124 │ + ······"height":·0.6999986,
      125 │ + ······"radius":·0.1400048,
      126 │ + ······"layer":·"top",
      127 │ + ······"port_hints":·["pin5"],
      128 │ + ······"pcb_component_id":·"pcb_component_1",
      129 │ + ······"pcb_port_id":·"pcb_port_5"
      130 │ + ····},
      131 │ + ····{
      132 │ + ······"type":·"source_port",
      133 │ + ······"source_port_id":·"source_port_6",
      134 │ + ······"source_component_id":·"source_component_1",
      135 │ + ······"name":·"pin6",
      136 │ + ······"pin_number":·6,
      137 │ + ······"port_hints":·["RESET"]
      138 │ + ····},
      139 │ + ····{
      140 │ + ······"type":·"pcb_smtpad",
      141 │ + ······"shape":·"pill",
      142 │ + ······"pcb_smtpad_id":·"pcb_smtpad_6",
      143 │ + ······"x":·1.2499339999999393,
      144 │ + ······"y":·-1.99999600000001,
      145 │ + ······"width":·0.2800096,
      146 │ + ······"height":·0.6999986,
      147 │ + ······"radius":·0.1400048,
      148 │ + ······"layer":·"top",
      149 │ + ······"port_hints":·["pin6"],
  503 more lines truncated
  

.tscircuit/cache/b_C2906768-1cd1105cb3dd50aaa18af7644dc89085.json format ━━━━━━━━━━━━━━━━━━━━━━━━━━━

  × Formatter would have printed the following content:
  
    1    │ - ...,{"x":-2.20579999999984,"y":1.393000000000029}]}]}
       1 │ + {
       2 │ + ··"fetchedAtMs":·1791079910100,
       3 │ + ··"elements":·[
       4 │ + ····{
       5 │ + ······"type":·"source_component",
       6 │ + ······"ftype":·"simple_chip",
       7 │ + ······"source_component_id":·"source_component_1",
       8 │ + ······"name":·"U1"
       9 │ + ····},
      10 │ + ····{
      11 │ + ······"type":·"pcb_component",
      12 │ + ······"pcb_component_id":·"pcb_component_1",
      13 │ + ······"source_component_id":·"source_component_1",
      14 │ + ······"center":·{·"x":·0,·"y":·0·},
      15 │ + ······"layer":·"top",
      16 │ + ······"rotation":·0,
      17 │ + ······"width":·3.936999999999898,
      18 │ + ······"height":·2.286000000000058,
      19 │ + ······"obstructs_within_bounds":·true
      20 │ + ····},
      21 │ + ····{
      22 │ + ······"type":·"source_port",
      23 │ + ······"source_port_id":·"source_port_1",
      24 │ + ······"source_component_id":·"source_component_1",
      25 │ + ······"name":·"pin1",
      26 │ + ······"pin_number":·1,
      27 │ + ······"port_hints":·[]
      28 │ + ····},
      29 │ + ····{
      30 │ + ······"type":·"pcb_smtpad",
      31 │ + ······"shape":·"rect",
      32 │ + ······"pcb_smtpad_id":·"pcb_smtpad_1",
      33 │ + ······"x":·1.1368683772161603e-13,
      34 │ + ······"y":·0,
      35 │ + ······"width":·3.4299905999999996,
      36 │ + ······"height":·1.7800066,
      37 │ + ······"layer":·"top",
      38 │ + ······"port_hints":·["pin1"],
      39 │ + ······"pcb_component_id":·"pcb_component_1",
      40 │ + ······"pcb_port_id":·"pcb_port_1"
      41 │ + ····},
      42 │ + ····{
      43 │ + ······"type":·"pcb_silkscreen_rect",
      44 │ + ······"pcb_silkscreen_rect_id":·"pcb_silkscreen_rect_5",
      45 │ + ······"pcb_component_id":·"pcb_component_1",
      46 │ + ······"center":·{·"x":·0,·"y":·0·},
      47 │ + ······"width":·3.937,
      48 │ + ······"height":·2.286,
      49 │ + ······"layer":·"top",
      50 │ + ······"stroke_width":·0.254,
      51 │ + ······"is_filled":·false,
      52 │ + ······"has_stroke":·true,
      53 │ + ······"ccw_rotation":·0
      54 │ + ····},
      55 │ + ····{
      56 │ + ······"type":·"cad_component",
      57 │ + ······"cad_component_id":·"cad_component_1",
      58 │ + ······"pcb_component_id":·"pcb_component_1",
      59 │ + ······"source_component_id":·"source_component_1",
      60 │ + ······"position":·{·"x":·0,·"y":·0,·"z":·0·},
      61 │ + ······"rotation":·{·"x":·0,·"y":·0,·"z":·0·},
      62 │ + ······"model_obj_url":·"https://modules.easyeda.com/3dmodel/81281eb29232457a940d4ddaa05136d7",
      63 │ + ······"model_step_url":·"https://modules.easyeda.com/qAxj6KHrDKw4blvCG8QJPs7Y/81281eb29232457a940d4ddaa05136d7",
      64 │ + ······"model_origin_position":·{
      65 │ + ········"x":·-0.0007610000001135875,
      66 │ + ········"y":·0.7620127000000703,
      67 │ + ········"z":·-0.762
      68 │ + ······},
      69 │ + ······"model_origin_alignment":·"center_of_component_on_board_surface",
      70 │ + ······"model_object_fit":·"contain_within_bounds",
      71 │ + ······"anchor_alignment":·"center_of_component_on_board_surface",
      72 │ + ······"size":·{·"x":·2.6654780000000002,·"y":·1.016,·"z":·1.524·}
      73 │ + ····},
      74 │ + ····{
      75 │ + ······"type":·"pcb_courtyard_outline",
      76 │ + ······"pcb_courtyard_outline_id":·"pcb_courtyard_outline_C2906768_1",
      77 │ + ······"pcb_component_id":·"pcb_component_1",
      78 │ + ······"layer":·"top",
      79 │ + ······"outline":·[
      80 │ + ········{·"x":·-2.20579999999984,·"y":·1.393000000000029·},
      81 │ + ········{·"x":·2.231200000000058,·"y":·1.393000000000029·},
      82 │ + ········{·"x":·2.231200000000058,·"y":·-1.393000000000029·},
      83 │ + ········{·"x":·-2.20579999999984,·"y":·-1.393000000000029·},
      84 │ + ········{·"x":·-2.20579999999984,·"y":·1.393000000000029·}
      85 │ + ······]
      86 │ + ····}
      87 │ + ··]
      88 │ + }
      89 │ + 
  

.tscircuit/cache/b_C2986030-fc531a7df3fea2e5cb4e50e626767d06.json format ━━━━━━━━━━━━━━━━━━━━━━━━━━━

  × Formatter would have printed the following content:
  
    1     │ - ...x":-1.8112110000000712,"y":1.0119999999999436}]}]}
        1 │ + {
        2 │ + ··"fetchedAtMs":·1791079910130,
        3 │ + ··"elements":·[
        4 │ + ····{
        5 │ + ······"type":·"source_component",
        6 │ + ······"ftype":·"simple_chip",
        7 │ + ······"source_component_id":·"source_component_1",
        8 │ + ······"name":·"U1"
        9 │ + ····},
       10 │ + ····{
       11 │ + ······"type":·"pcb_component",
       12 │ + ······"pcb_component_id":·"pcb_component_1",
       13 │ + ······"source_component_id":·"source_component_1",
       14 │ + ······"center":·{·"x":·0,·"y":·0·},
       15 │ + ······"layer":·"top",
       16 │ + ······"rotation":·0,
       17 │ + ······"width":·2.5999440000000504,
       18 │ + ······"height":·0.999998000000005,
       19 │ + ······"obstructs_within_bounds":·true
       20 │ + ····},
       21 │ + ····{
       22 │ + ······"type":·"source_port",
       23 │ + ······"source_port_id":·"source_port_1",
       24 │ + ······"source_component_id":·"source_component_1",
       25 │ + ······"name":·"pin1",
       26 │ + ······"pin_number":·1,
       27 │ + ······"port_hints":·["A"]
       28 │ + ····},
       29 │ + ····{
       30 │ + ······"type":·"pcb_smtpad",
       31 │ + ······"shape":·"rect",
       32 │ + ······"pcb_smtpad_id":·"pcb_smtpad_1",
       33 │ + ······"x":·-0.850010999999995,
       34 │ + ······"y":·0,
       35 │ + ······"width":·0.899922,
       36 │ + ······"height":·0.9999979999999999,
       37 │ + ······"layer":·"top",
       38 │ + ······"port_hints":·["pin1",·"anode",·"pos"],
       39 │ + ······"pcb_component_id":·"pcb_component_1",
       40 │ + ······"pcb_port_id":·"pcb_port_1"
       41 │ + ····},
       42 │ + ····{
       43 │ + ······"type":·"source_port",
       44 │ + ······"source_port_id":·"source_port_2",
       45 │ + ······"source_component_id":·"source_component_1",
       46 │ + ······"name":·"pin2",
       47 │ + ······"pin_number":·2,
       48 │ + ······"port_hints":·["K"]
       49 │ + ····},
       50 │ + ····{
       51 │ + ······"type":·"pcb_smtpad",
       52 │ + ······"shape":·"rect",
       53 │ + ······"pcb_smtpad_id":·"pcb_smtpad_2",
       54 │ + ······"x":·0.850010999999995,
       55 │ + ······"y":·0,
       56 │ + ······"width":·0.899922,
       57 │ + ······"height":·0.9999979999999999,
       58 │ + ······"layer":·"top",
       59 │ + ······"port_hints":·["pin2",·"cathode",·"neg"],
       60 │ + ······"pcb_component_id":·"pcb_component_1",
       61 │ + ······"pcb_port_id":·"pcb_port_2"
       62 │ + ····},
       63 │ + ····{
       64 │ + ······"type":·"pcb_silkscreen_path",
       65 │ + ······"pcb_silkscreen_path_id":·"pcb_silkscreen_path_5",
       66 │ + ······"pcb_component_id":·"pcb_component_1",
       67 │ + ······"layer":·"top",
       68 │ + ······"route":·[
       69 │ + ········{·"x":·1.7500599999999622,·"y":·0.35001199999999244·},
       70 │ + ········{·"x":·1.7500599999999622,·"y":·0.45003719999988334·},
       71 │ + ········{·"x":·1.4501114000000825,·"y":·0.7500619999999572·}
       72 │ + ······],
       73 │ + ······"stroke_width":·0.15001240000000002
       74 │ + ····},
       75 │ + ····{
       76 │ + ······"type":·"pcb_silkscreen_path",
       77 │ + ······"pcb_silkscreen_path_id":·"pcb_silkscreen_path_6",
       78 │ + ······"pcb_component_id":·"pcb_component_1",
       79 │ + ······"layer":·"top",
       80 │ + ······"route":·[
       81 │ + ········{·"x":·1.7500599999999622,·"y":·-0.34991039999999884·},
       82 │ + ········{·"x":·1.7500599999999622,·"y":·-0.45006260000013754·},
       83 │ + ········{·"x":·1.4501114000000825,·"y":·-0.7500112000000172·}
       84 │ + ······],
       85 │ + ······"stroke_width":·0.15001240000000002
       86 │ + ····},
       87 │ + ····{
       88 │ + ······"type":·"pcb_silkscreen_path",
       89 │ + ······"pcb_silkscreen_path_id":·"pcb_silkscreen_path_7",
       90 │ + ······"pcb_component_id":·"pcb_component_1",
       91 │ + ······"layer":·"top",
       92 │ + ······"route":·[
       93 │ + ········{·"x":·1.7500599999999622,·"y":·-0.34991039999999884·},
       94 │ + ········{·"x":·1.7500599999999622,·"y":·0.35001199999999244·}
       95 │ + ······],
       96 │ + ······"stroke_width":·0.15001240000000002
       97 │ + ····},
       98 │ + ····{
       99 │ + ······"type":·"pcb_silkscreen_path",
      100 │ + ······"pcb_silkscreen_path_id":·"pcb_silkscreen_path_8",
      101 │ + ······"pcb_component_id":·"pcb_component_1",
      102 │ + ······"layer":·"top",
      103 │ + ······"route":·[
      104 │ + ········{·"x":·-1.549958800000013,·"y":·-0.7498841999999968·},
      105 │ + ········{·"x":·-1.549958800000013,·"y":·0.7300213999999414·}
      106 │ + ······],
      107 │ + ······"stroke_width":·0.15001240000000002
      108 │ + ····},
      109 │ + ····{
      110 │ + ······"type":·"pcb_silkscreen_path",
      111 │ + ······"pcb_silkscreen_path_id":·"pcb_silkscreen_path_9",
      112 │ + ······"pcb_component_id":·"pcb_component_1",
      113 │ + ······"layer":·"top",
      114 │ + ······"route":·[
      115 │ + ········{·"x":·0.3001009999999269,·"y":·0.7500619999999572·},
      116 │ + ········{·"x":·1.4501114000000825,·"y":·0.7500619999999572·}
      117 │ + ······],
      118 │ + ······"stroke_width":·0.15001240000000002
      119 │ + ····},
      120 │ + ····{
      121 │ + ······"type":·"pcb_silkscreen_path",
      122 │ + ······"pcb_silkscreen_path_id":·"pcb_silkscreen_path_10",
      123 │ + ······"pcb_component_id":·"pcb_component_1",
      124 │ + ······"layer":·"top",
      125 │ + ······"route":·[
      126 │ + ········{·"x":·0.3001009999999269,·"y":·-0.7500112000000172·},
      127 │ + ········{·"x":·1.4501114000000825,·"y":·-0.7500112000000172·}
      128 │ + ······],
      129 │ + ······"stroke_width":·0.15001240000000002
      130 │ + ····},
      131 │ + ····{
      132 │ + ······"type":·"pcb_silkscreen_path",
      133 │ + ······"pcb_silkscreen_path_id":·"pcb_silkscreen_path_11",
      134 │ + ······"pcb_component_id":·"pcb_component_1",
      135 │ + ······"layer":·"top",
      136 │ + ······"route":·[
      137 │ + ········{·"x":·-0.29992319999985284,·"y":·0.7500619999999572·},
      138 │ + ········{·"x":·-1.549958800000013,·"y":·0.7500619999999572·}
      139 │ + ······],
      140 │ + ······"stroke_width":·0.15001240000000002
      141 │ + ····},
      142 │ + ····{
      143 │ + ······"type":·"pcb_silkscreen_path",
      144 │ + ······"pcb_silkscreen_path_id":·"pcb_silkscreen_path_12",
      145 │ + ······"pcb_component_id":·"pcb_component_1",
      146 │ + ······"layer":·"top",
      147 │ + ······"route":·[
      148 │ + ········{·"x":·-0.29992319999985284,·"y":·-0.7500112000000172·},
      149 │ + ········{·"x":·-1.549958800000013,·"y":·-0.7500112000000172·}
  98 more lines truncated
  

.tscircuit/cache/b_C2991665-b99f9d3e8b9295ce3174fd05991be618.json format ━━━━━━━━━━━━━━━━━━━━━━━━━━━

  × Formatter would have printed the following content:
  
    1     │ - ..."x":-4.187000000000012,"y":2.2058000000000675}]}]}
        1 │ + {
        2 │ + ··"fetchedAtMs":·1791079910144,
        3 │ + ··"elements":·[
        4 │ + ····{
        5 │ + ······"type":·"source_component",
        6 │ + ······"ftype":·"simple_chip",
        7 │ + ······"source_component_id":·"source_component_1",
        8 │ + ······"name":·"U1"
        9 │ + ····},
       10 │ + ····{
       11 │ + ······"type":·"pcb_component",
       12 │ + ······"pcb_component_id":·"pcb_component_1",
       13 │ + ······"source_component_id":·"source_component_1",
       14 │ + ······"center":·{·"x":·0,·"y":·0·},
       15 │ + ······"layer":·"top",
       16 │ + ······"rotation":·0,
       17 │ + ······"width":·7.4150981999999885,
       18 │ + ······"height":·3.4560002000000623,
       19 │ + ······"obstructs_within_bounds":·true
       20 │ + ····},
       21 │ + ····{
       22 │ + ······"type":·"source_port",
       23 │ + ······"source_port_id":·"source_port_1",
       24 │ + ······"source_component_id":·"source_component_1",
       25 │ + ······"name":·"pin2",
       26 │ + ······"pin_number":·2,
       27 │ + ······"port_hints":·[]
       28 │ + ····},
       29 │ + ····{
       30 │ + ······"type":·"pcb_smtpad",
       31 │ + ······"shape":·"rect",
       32 │ + ······"pcb_smtpad_id":·"pcb_smtpad_1",
       33 │ + ······"x":·3.066287999999986,
       34 │ + ······"y":·0,
       35 │ + ······"width":·1.2825221999999998,
       36 │ + ······"height":·3.4560001999999996,
       37 │ + ······"layer":·"top",
       38 │ + ······"port_hints":·["pin2"],
       39 │ + ······"pcb_component_id":·"pcb_component_1",
       40 │ + ······"pcb_port_id":·"pcb_port_1"
       41 │ + ····},
       42 │ + ····{
       43 │ + ······"type":·"source_port",
       44 │ + ······"source_port_id":·"source_port_2",
       45 │ + ······"source_component_id":·"source_component_1",
       46 │ + ······"name":·"pin1",
       47 │ + ······"pin_number":·1,
       48 │ + ······"port_hints":·[]
       49 │ + ····},
       50 │ + ····{
       51 │ + ······"type":·"pcb_smtpad",
       52 │ + ······"shape":·"rect",
       53 │ + ······"pcb_smtpad_id":·"pcb_smtpad_2",
       54 │ + ······"x":·-3.0662880000000996,
       55 │ + ······"y":·0,
       56 │ + ······"width":·1.2825221999999998,
       57 │ + ······"height":·3.4560001999999996,
       58 │ + ······"layer":·"top",
       59 │ + ······"port_hints":·["pin1"],
       60 │ + ······"pcb_component_id":·"pcb_component_1",
       61 │ + ······"pcb_port_id":·"pcb_port_2"
       62 │ + ····},
       63 │ + ····{
       64 │ + ······"type":·"pcb_silkscreen_path",
       65 │ + ······"pcb_silkscreen_path_id":·"pcb_silkscreen_path_1",
       66 │ + ······"pcb_component_id":·"pcb_component_1",
       67 │ + ······"layer":·"top",
       68 │ + ······"route":·[
       69 │ + ········{·"x":·2.501188799999909,·"y":·-1.9565873999999894·},
       70 │ + ········{·"x":·3.9361363999998957,·"y":·-1.9565873999999894·},
       71 │ + ········{·"x":·3.9361363999998957,·"y":·1.9565874000001031·},
       72 │ + ········{·"x":·2.501188799999909,·"y":·1.9565874000001031·}
       73 │ + ······],
       74 │ + ······"stroke_width":·0.15239999999999998
       75 │ + ····},
       76 │ + ····{
       77 │ + ······"type":·"pcb_silkscreen_path",
       78 │ + ······"pcb_silkscreen_path_id":·"pcb_silkscreen_path_2",
       79 │ + ······"pcb_component_id":·"pcb_component_1",
       80 │ + ······"layer":·"top",
       81 │ + ······"route":·[
       82 │ + ········{·"x":·-2.5011888000001363,·"y":·-1.9565873999999894·},
       83 │ + ········{·"x":·-3.9361364000000094,·"y":·-1.9565873999999894·},
       84 │ + ········{·"x":·-3.9361364000000094,·"y":·1.9565874000001031·},
       85 │ + ········{·"x":·-2.5011888000001363,·"y":·1.9565874000001031·}
       86 │ + ······],
       87 │ + ······"stroke_width":·0.15239999999999998
       88 │ + ····},
       89 │ + ····{
       90 │ + ······"type":·"cad_component",
       91 │ + ······"cad_component_id":·"cad_component_1",
       92 │ + ······"pcb_component_id":·"pcb_component_1",
       93 │ + ······"source_component_id":·"source_component_1",
       94 │ + ······"position":·{·"x":·0,·"y":·0,·"z":·0·},
       95 │ + ······"rotation":·{·"x":·0,·"y":·0,·"z":·0·},
       96 │ + ······"model_obj_url":·"https://modules.easyeda.com/3dmodel/311a5ea298274ff3b9740151e78a7465",
       97 │ + ······"model_step_url":·"https://modules.easyeda.com/qAxj6KHrDKw4blvCG8QJPs7Y/311a5ea298274ff3b9740151e78a7465",
       98 │ + ······"model_origin_position":·{·"x":·0.000012700000070253736,·"y":·0,·"z":·0·},
       99 │ + ······"model_origin_alignment":·"center_of_component_on_board_surface",
      100 │ + ······"model_object_fit":·"contain_within_bounds",
      101 │ + ······"anchor_alignment":·"center_of_component_on_board_surface",
      102 │ + ······"size":·{·"x":·6.3,·"y":·3.2,·"z":·0.61·}
      103 │ + ····},
      104 │ + ····{
      105 │ + ······"type":·"pcb_courtyard_outline",
      106 │ + ······"pcb_courtyard_outline_id":·"pcb_courtyard_outline_C2991665_1",
      107 │ + ······"pcb_component_id":·"pcb_component_1",
      108 │ + ······"layer":·"top",
      109 │ + ······"outline":·[
      110 │ + ········{·"x":·-4.187000000000012,·"y":·2.2058000000000675·},
      111 │ + ········{·"x":·4.186999999999898,·"y":·2.2058000000000675·},
      112 │ + ········{·"x":·4.186999999999898,·"y":·-2.2058000000000675·},
      113 │ + ········{·"x":·-4.187000000000012,·"y":·-2.2058000000000675·},
      114 │ + ········{·"x":·-4.187000000000012,·"y":·2.2058000000000675·}
      115 │ + ······]
      116 │ + ····}
      117 │ + ··]
      118 │ + }
      119 │ + 
  

.tscircuit/cache/b_C3293142-3634e52766a5b9650ddc6245d6197d9e.json format ━━━━━━━━━━━━━━━━━━━━━━━━━━━

  × Formatter would have printed the following content:
  
    1     │ - ..."x":-2.3582000000001244,"y":4.822000000000003}]}]}
        1 │ + {
        2 │ + ··"fetchedAtMs":·1791079910150,
        3 │ + ··"elements":·[
        4 │ + ····{
        5 │ + ······"type":·"source_component",
        6 │ + ······"ftype":·"simple_chip",
        7 │ + ······"source_component_id":·"source_component_1",
        8 │ + ······"name":·"U1"
        9 │ + ····},
       10 │ + ····{
       11 │ + ······"type":·"pcb_component",
       12 │ + ······"pcb_component_id":·"pcb_component_1",
       13 │ + ······"source_component_id":·"source_component_1",
       14 │ + ······"center":·{·"x":·0,·"y":·0·},
       15 │ + ······"layer":·"top",
       16 │ + ······"rotation":·0,
       17 │ + ······"width":·2.0319999999999254,
       18 │ + ······"height":·9.143999999999892,
       19 │ + ······"obstructs_within_bounds":·true
       20 │ + ····},
       21 │ + ····{
       22 │ + ······"type":·"source_port",
       23 │ + ······"source_port_id":·"source_port_1",
       24 │ + ······"source_component_id":·"source_component_1",
       25 │ + ······"name":·"pin3",
       26 │ + ······"pin_number":·3,
       27 │ + ······"port_hints":·[]
       28 │ + ····},
       29 │ + ····{
       30 │ + ······"type":·"pcb_smtpad",
       31 │ + ······"shape":·"rect",
       32 │ + ······"pcb_smtpad_id":·"pcb_smtpad_1",
       33 │ + ······"x":·0.6349999999999909,
       34 │ + ······"y":·3.810000000000059,
       35 │ + ······"width":·0.762,
       36 │ + ······"height":·1.524,
       37 │ + ······"layer":·"top",
       38 │ + ······"port_hints":·["pin3"],
       39 │ + ······"pcb_component_id":·"pcb_component_1",
       40 │ + ······"pcb_port_id":·"pcb_port_1"
       41 │ + ····},
       42 │ + ····{
       43 │ + ······"type":·"source_port",
       44 │ + ······"source_port_id":·"source_port_2",
       45 │ + ······"source_component_id":·"source_component_1",
       46 │ + ······"name":·"pin2",
       47 │ + ······"pin_number":·2,
       48 │ + ······"port_hints":·[]
       49 │ + ····},
       50 │ + ····{
       51 │ + ······"type":·"pcb_smtpad",
       52 │ + ······"shape":·"rect",
       53 │ + ······"pcb_smtpad_id":·"pcb_smtpad_2",
       54 │ + ······"x":·0.6349999999999909,
       55 │ + ······"y":·-3.8099999999999454,
       56 │ + ······"width":·0.762,
       57 │ + ······"height":·1.524,
       58 │ + ······"layer":·"top",
       59 │ + ······"port_hints":·["pin2"],
       60 │ + ······"pcb_component_id":·"pcb_component_1",
       61 │ + ······"pcb_port_id":·"pcb_port_2"
       62 │ + ····},
       63 │ + ····{
       64 │ + ······"type":·"source_port",
       65 │ + ······"source_port_id":·"source_port_3",
       66 │ + ······"source_component_id":·"source_component_1",
       67 │ + ······"name":·"pin1",
       68 │ + ······"pin_number":·1,
       69 │ + ······"port_hints":·[]
       70 │ + ····},
       71 │ + ····{
       72 │ + ······"type":·"pcb_smtpad",
       73 │ + ······"shape":·"rect",
       74 │ + ······"pcb_smtpad_id":·"pcb_smtpad_3",
       75 │ + ······"x":·-0.6349999999999909,
       76 │ + ······"y":·-3.8099999999999454,
       77 │ + ······"width":·0.762,
       78 │ + ······"height":·1.524,
       79 │ + ······"layer":·"top",
       80 │ + ······"port_hints":·["pin1"],
       81 │ + ······"pcb_component_id":·"pcb_component_1",
       82 │ + ······"pcb_port_id":·"pcb_port_3"
       83 │ + ····},
       84 │ + ····{
       85 │ + ······"type":·"source_port",
       86 │ + ······"source_port_id":·"source_port_4",
       87 │ + ······"source_component_id":·"source_component_1",
       88 │ + ······"name":·"pin4",
       89 │ + ······"pin_number":·4,
       90 │ + ······"port_hints":·[]
       91 │ + ····},
       92 │ + ····{
       93 │ + ······"type":·"pcb_smtpad",
       94 │ + ······"shape":·"rect",
       95 │ + ······"pcb_smtpad_id":·"pcb_smtpad_4",
       96 │ + ······"x":·-0.6349999999999909,
       97 │ + ······"y":·3.810000000000059,
       98 │ + ······"width":·0.762,
       99 │ + ······"height":·1.524,
      100 │ + ······"layer":·"top",
      101 │ + ······"port_hints":·["pin4"],
      102 │ + ······"pcb_component_id":·"pcb_component_1",
      103 │ + ······"pcb_port_id":·"pcb_port_4"
      104 │ + ····},
      105 │ + ····{
      106 │ + ······"type":·"pcb_silkscreen_path",
      107 │ + ······"pcb_silkscreen_path_id":·"pcb_silkscreen_path_11",
      108 │ + ······"pcb_component_id":·"pcb_component_1",
      109 │ + ······"layer":·"top",
      110 │ + ······"route":·[
      111 │ + ········{·"x":·-1.1368683772161603e-13,·"y":·2.3999952000001485·},
      112 │ + ········{·"x":·-1.1368683772161603e-13,·"y":·2.699994600000082·}
      113 │ + ······],
      114 │ + ······"stroke_width":·0.254
      115 │ + ····},
      116 │ + ····{
      117 │ + ······"type":·"pcb_silkscreen_path",
      118 │ + ······"pcb_silkscreen_path_id":·"pcb_silkscreen_path_12",
      119 │ + ······"pcb_component_id":·"pcb_component_1",
      120 │ + ······"layer":·"top",
      121 │ + ······"route":·[
      122 │ + ········{·"x":·-1.1368683772161603e-13,·"y":·2.3999952000001485·},
      123 │ + ········{·"x":·-1.1368683772161603e-13,·"y":·-2.6999945999998545·}
      124 │ + ······],
      125 │ + ······"stroke_width":·0.254
      126 │ + ····},
      127 │ + ····{
      128 │ + ······"type":·"pcb_silkscreen_path",
      129 │ + ······"pcb_silkscreen_path_id":·"pcb_silkscreen_path_13",
      130 │ + ······"pcb_component_id":·"pcb_component_1",
      131 │ + ······"layer":·"top",
      132 │ + ······"route":·[
      133 │ + ········{·"x":·2.099995799999988,·"y":·2.699994600000082·},
      134 │ + ········{·"x":·2.099995799999988,·"y":·-2.6999945999998545·},
      135 │ + ········{·"x":·-2.099995799999988,·"y":·-2.6999945999998545·},
      136 │ + ········{·"x":·-2.099995799999988,·"y":·2.699994600000082·},
      137 │ + ········{·"x":·2.099995799999988,·"y":·2.699994600000082·}
      138 │ + ······],
      139 │ + ······"stroke_width":·0.254
      140 │ + ····},
      141 │ + ····{
      142 │ + ······"type":·"pcb_silkscreen_path",
      143 │ + ······"pcb_silkscreen_path_id":·"pcb_silkscreen_path_14",
      144 │ + ······"pcb_component_id":·"pcb_component_1",
      145 │ + ······"layer":·"top",
      146 │ + ······"route":·[
      147 │ + ········{·"x":·-1.2699999999999818,·"y":·-0.6349999999998772·},
      148 │ + ········{·"x":·-1.9050000000000864,·"y":·-0.6349999999998772·}
      149 │ + ······],
  363 more lines truncated
  

.tscircuit/cache/b_C5710902-6363cefb743a26162898b9a51a5373bc.json format ━━━━━━━━━━━━━━━━━━━━━━━━━━━

  × Formatter would have printed the following content:
  
    1     │ - ...{"x":-5.979604999999992,"y":9.722206050000068}]}]}
        1 │ + {
        2 │ + ··"fetchedAtMs":·1791079910067,
        3 │ + ··"elements":·[
        4 │ + ····{
        5 │ + ······"type":·"source_component",
        6 │ + ······"ftype":·"simple_chip",
        7 │ + ······"source_component_id":·"source_component_1",
        8 │ + ······"name":·"U1"
        9 │ + ····},
       10 │ + ····{
       11 │ + ······"type":·"pcb_component",
       12 │ + ······"pcb_component_id":·"pcb_component_1",
       13 │ + ······"source_component_id":·"source_component_1",
       14 │ + ······"center":·{·"x":·0,·"y":·0·},
       15 │ + ······"layer":·"top",
       16 │ + ······"rotation":·0,
       17 │ + ······"width":·8.70018600000003,
       18 │ + ······"height":·12.624346100000025,
       19 │ + ······"obstructs_within_bounds":·true
       20 │ + ····},
       21 │ + ····{
       22 │ + ······"type":·"source_port",
       23 │ + ······"source_port_id":·"source_port_1",
       24 │ + ······"source_component_id":·"source_component_1",
       25 │ + ······"name":·"pin1",
       26 │ + ······"pin_number":·1,
       27 │ + ······"port_hints":·[]
       28 │ + ····},
       29 │ + ····{
       30 │ + ······"type":·"pcb_plated_hole",
       31 │ + ······"shape":·"circle",
       32 │ + ······"outer_diameter":·1.8999962,
       33 │ + ······"hole_diameter":·1.3000228,
       34 │ + ······"x":·-2.4999950000000126,
       35 │ + ······"y":·-3.0499939500000437,
       36 │ + ······"layers":·["top",·"bottom"],
       37 │ + ······"port_hints":·["pin1"],
       38 │ + ······"pcb_component_id":·"pcb_component_1",
       39 │ + ······"pcb_port_id":·"pcb_port_1",
       40 │ + ······"pcb_plated_hole_id":·"pcb_plated_hole_1"
       41 │ + ····},
       42 │ + ····{
       43 │ + ······"type":·"source_port",
       44 │ + ······"source_port_id":·"source_port_2",
       45 │ + ······"source_component_id":·"source_component_1",
       46 │ + ······"name":·"pin2",
       47 │ + ······"pin_number":·2,
       48 │ + ······"port_hints":·[]
       49 │ + ····},
       50 │ + ····{
       51 │ + ······"type":·"pcb_plated_hole",
       52 │ + ······"shape":·"circle",
       53 │ + ······"outer_diameter":·1.8999962,
       54 │ + ······"hole_diameter":·1.3000228,
       55 │ + ······"x":·0.00012700000002041634,
       56 │ + ······"y":·-3.0499939500000437,
       57 │ + ······"layers":·["top",·"bottom"],
       58 │ + ······"port_hints":·["pin2"],
       59 │ + ······"pcb_component_id":·"pcb_component_1",
       60 │ + ······"pcb_port_id":·"pcb_port_2",
       61 │ + ······"pcb_plated_hole_id":·"pcb_plated_hole_2"
       62 │ + ····},
       63 │ + ····{
       64 │ + ······"type":·"source_port",
       65 │ + ······"source_port_id":·"source_port_3",
       66 │ + ······"source_component_id":·"source_component_1",
       67 │ + ······"name":·"pin3",
       68 │ + ······"pin_number":·3,
       69 │ + ······"port_hints":·[]
       70 │ + ····},
       71 │ + ····{
       72 │ + ······"type":·"pcb_plated_hole",
       73 │ + ······"shape":·"circle",
       74 │ + ······"outer_diameter":·1.8999962,
       75 │ + ······"hole_diameter":·1.3000228,
       76 │ + ······"x":·2.4999950000000126,
       77 │ + ······"y":·-3.0499939500000437,
       78 │ + ······"layers":·["top",·"bottom"],
       79 │ + ······"port_hints":·["pin3"],
       80 │ + ······"pcb_component_id":·"pcb_component_1",
       81 │ + ······"pcb_port_id":·"pcb_port_3",
       82 │ + ······"pcb_plated_hole_id":·"pcb_plated_hole_3"
       83 │ + ····},
       84 │ + ····{
       85 │ + ······"type":·"source_port",
       86 │ + ······"source_port_id":·"source_port_4",
       87 │ + ······"source_component_id":·"source_component_1",
       88 │ + ······"name":·"pin4",
       89 │ + ······"pin_number":·4,
       90 │ + ······"port_hints":·[]
       91 │ + ····},
       92 │ + ····{
       93 │ + ······"type":·"pcb_plated_hole",
       94 │ + ······"shape":·"pill",
       95 │ + ······"outer_width":·2.7999944,
       96 │ + ······"outer_height":·2.999994,
       97 │ + ······"hole_width":·1.9999959999999999,
       98 │ + ······"hole_height":·2.1999956,
       99 │ + ······"x":·-4.300093000000061,
      100 │ + ······"y":·3.9499920500001053,
      101 │ + ······"ccw_rotation":·0,
      102 │ + ······"layers":·["top",·"bottom"],
      103 │ + ······"port_hints":·["pin4"],
      104 │ + ······"pcb_component_id":·"pcb_component_1",
      105 │ + ······"pcb_port_id":·"pcb_port_4",
      106 │ + ······"pcb_plated_hole_id":·"pcb_plated_hole_4"
      107 │ + ····},
      108 │ + ····{
      109 │ + ······"type":·"source_port",
      110 │ + ······"source_port_id":·"source_port_5",
      111 │ + ······"source_component_id":·"source_component_1",
      112 │ + ······"name":·"pin5",
      113 │ + ······"pin_number":·5,
      114 │ + ······"port_hints":·[]
      115 │ + ····},
      116 │ + ····{
      117 │ + ······"type":·"pcb_plated_hole",
      118 │ + ······"shape":·"pill",
      119 │ + ······"outer_width":·2.7999944,
      120 │ + ······"outer_height":·2.999994,
      121 │ + ······"hole_width":·1.9999959999999999,
      122 │ + ······"hole_height":·2.1999956,
      123 │ + ······"x":·4.300093000000061,
      124 │ + ······"y":·3.9499920500001053,
      125 │ + ······"ccw_rotation":·0,
      126 │ + ······"layers":·["top",·"bottom"],
      127 │ + ······"port_hints":·["pin5"],
      128 │ + ······"pcb_component_id":·"pcb_component_1",
      129 │ + ······"pcb_port_id":·"pcb_port_5",
      130 │ + ······"pcb_plated_hole_id":·"pcb_plated_hole_5"
      131 │ + ····},
      132 │ + ····{
      133 │ + ······"type":·"pcb_silkscreen_path",
      134 │ + ······"pcb_silkscreen_path_id":·"pcb_silkscreen_path_11",
      135 │ + ······"pcb_component_id":·"pcb_component_1",
      136 │ + ······"layer":·"top",
      137 │ + ······"route":·[
      138 │ + ········{·"x":·-5.029987399999982,·"y":·2.1300058500000887·},
      139 │ + ········{·"x":·-4.999990000000139,·"y":·-2.539987349999933·},
      140 │ + ········{·"x":·-3.5650678000000653,·"y":·-2.539987349999933·}
      141 │ + ······],
      142 │ + ······"stroke_width":·0.254
      143 │ + ····},
      144 │ + ····{
      145 │ + ······"type":·"pcb_silkscreen_path",
      146 │ + ······"pcb_silkscreen_path_id":·"pcb_silkscreen_path_12",
      147 │ + ······"pcb_component_id":·"pcb_component_1",
      148 │ + ······"layer":·"top",
      149 │ + ······"route":·[
  112 more lines truncated
  

.tscircuit/cache/b_C7420353-5b350ae10dcb99bcd62c31de105b03a0.json format ━━━━━━━━━━━━━━━━━━━━━━━━━━━

  × Formatter would have printed the following content:
  
    1     │ - ...{"x":-1.748600000000124,"y":1.774000000000001}]}]}
        1 │ + {
        2 │ + ··"fetchedAtMs":·1791079910098,
        3 │ + ··"elements":·[
        4 │ + ····{
        5 │ + ······"type":·"source_component",
        6 │ + ······"ftype":·"simple_chip",
        7 │ + ······"source_component_id":·"source_component_1",
        8 │ + ······"name":·"U1"
        9 │ + ····},
       10 │ + ····{
       11 │ + ······"type":·"pcb_component",
       12 │ + ······"pcb_component_id":·"pcb_component_1",
       13 │ + ······"source_component_id":·"source_component_1",
       14 │ + ······"center":·{·"x":·0,·"y":·0·},
       15 │ + ······"layer":·"top",
       16 │ + ······"rotation":·0,
       17 │ + ······"width":·2.9999939999997878,
       18 │ + ······"height":·2.5499313999998776,
       19 │ + ······"obstructs_within_bounds":·true
       20 │ + ····},
       21 │ + ····{
       22 │ + ······"type":·"source_port",
       23 │ + ······"source_port_id":·"source_port_1",
       24 │ + ······"source_component_id":·"source_component_1",
       25 │ + ······"name":·"pin1",
       26 │ + ······"pin_number":·1,
       27 │ + ······"port_hints":·["B"]
       28 │ + ····},
       29 │ + ····{
       30 │ + ······"type":·"pcb_smtpad",
       31 │ + ······"shape":·"rect",
       32 │ + ······"pcb_smtpad_id":·"pcb_smtpad_1",
       33 │ + ······"x":·0.9999979999998914,
       34 │ + ······"y":·-0.9499599999999191,
       35 │ + ······"width":·0.9999979999999999,
       36 │ + ······"height":·0.6500114,
       37 │ + ······"layer":·"top",
       38 │ + ······"port_hints":·["pin1"],
       39 │ + ······"pcb_component_id":·"pcb_component_1",
       40 │ + ······"pcb_port_id":·"pcb_port_1"
       41 │ + ····},
       42 │ + ····{
       43 │ + ······"type":·"source_port",
       44 │ + ······"source_port_id":·"source_port_2",
       45 │ + ······"source_component_id":·"source_component_1",
       46 │ + ······"name":·"pin2",
       47 │ + ······"pin_number":·2,
       48 │ + ······"port_hints":·["E"]
       49 │ + ····},
       50 │ + ····{
       51 │ + ······"type":·"pcb_smtpad",
       52 │ + ······"shape":·"rect",
       53 │ + ······"pcb_smtpad_id":·"pcb_smtpad_2",
       54 │ + ······"x":·0.9999979999998914,
       55 │ + ······"y":·0.9499599999999191,
       56 │ + ······"width":·0.9999979999999999,
       57 │ + ······"height":·0.6500114,
       58 │ + ······"layer":·"top",
       59 │ + ······"port_hints":·["pin2"],
       60 │ + ······"pcb_component_id":·"pcb_component_1",
       61 │ + ······"pcb_port_id":·"pcb_port_2"
       62 │ + ····},
       63 │ + ····{
       64 │ + ······"type":·"source_port",
       65 │ + ······"source_port_id":·"source_port_3",
       66 │ + ······"source_component_id":·"source_component_1",
       67 │ + ······"name":·"pin3",
       68 │ + ······"pin_number":·3,
       69 │ + ······"port_hints":·["C"]
       70 │ + ····},
       71 │ + ····{
       72 │ + ······"type":·"pcb_smtpad",
       73 │ + ······"shape":·"rect",
       74 │ + ······"pcb_smtpad_id":·"pcb_smtpad_3",
       75 │ + ······"x":·-0.9999979999998914,
       76 │ + ······"y":·0,
       77 │ + ······"width":·0.9999979999999999,
       78 │ + ······"height":·0.6500114,
       79 │ + ······"layer":·"top",
       80 │ + ······"port_hints":·["pin3"],
       81 │ + ······"pcb_component_id":·"pcb_component_1",
       82 │ + ······"pcb_port_id":·"pcb_port_3"
       83 │ + ····},
       84 │ + ····{
       85 │ + ······"type":·"pcb_silkscreen_path",
       86 │ + ······"pcb_silkscreen_path_id":·"pcb_silkscreen_path_4",
       87 │ + ······"pcb_component_id":·"pcb_component_1",
       88 │ + ······"layer":·"top",
       89 │ + ······"route":·[
       90 │ + ········{·"x":·0.726211400000011,·"y":·1.5262098000000606·},
       91 │ + ········{·"x":·-0.726211400000011,·"y":·1.5262098000000606·},
       92 │ + ········{·"x":·-0.726211400000011,·"y":·0.49458879999997407·}
       93 │ + ······],
       94 │ + ······"stroke_width":·0.15239999999999998
       95 │ + ····},
       96 │ + ····{
       97 │ + ······"type":·"pcb_silkscreen_path",
       98 │ + ······"pcb_silkscreen_path_id":·"pcb_silkscreen_path_5",
       99 │ + ······"pcb_component_id":·"pcb_component_1",
      100 │ + ······"layer":·"top",
      101 │ + ······"route":·[
      102 │ + ········{·"x":·0.726211400000011,·"y":·-1.5262097999999469·},
      103 │ + ········{·"x":·-0.726211400000011,·"y":·-1.5262097999999469·},
      104 │ + ········{·"x":·-0.726211400000011,·"y":·-0.49458879999997407·}
      105 │ + ······],
      106 │ + ······"stroke_width":·0.15239999999999998
      107 │ + ····},
      108 │ + ····{
      109 │ + ······"type":·"pcb_silkscreen_path",
      110 │ + ······"pcb_silkscreen_path_id":·"pcb_silkscreen_path_6",
      111 │ + ······"pcb_component_id":·"pcb_component_1",
      112 │ + ······"layer":·"top",
      113 │ + ······"route":·[
      114 │ + ········{·"x":·0.726211400000011,·"y":·0.45539659999997184·},
      115 │ + ········{·"x":·0.726211400000011,·"y":·-0.45539659999985815·}
      116 │ + ······],
      117 │ + ······"stroke_width":·0.15239999999999998
      118 │ + ····},
      119 │ + ····{
      120 │ + ······"type":·"cad_component",
      121 │ + ······"cad_component_id":·"cad_component_1",
      122 │ + ······"pcb_component_id":·"pcb_component_1",
      123 │ + ······"source_component_id":·"source_component_1",
      124 │ + ······"position":·{·"x":·0,·"y":·0,·"z":·0·},
      125 │ + ······"rotation":·{·"x":·0,·"y":·0,·"z":·180·},
      126 │ + ······"model_obj_url":·"https://modules.easyeda.com/3dmodel/d777607a152f4f3aac9bb0d0c14ed6fd",
      127 │ + ······"model_step_url":·"https://modules.easyeda.com/qAxj6KHrDKw4blvCG8QJPs7Y/d777607a152f4f3aac9bb0d0c14ed6fd",
      128 │ + ······"model_origin_position":·{
      129 │ + ········"x":·0.000012700000070253736,
      130 │ + ········"y":·-0.000012699999956566899,
      131 │ + ········"z":·0.050795
      132 │ + ······},
      133 │ + ······"model_origin_alignment":·"center_of_component_on_board_surface",
      134 │ + ······"model_object_fit":·"contain_within_bounds",
      135 │ + ······"anchor_alignment":·"center_of_component_on_board_surface",
      136 │ + ······"size":·{·"x":·2.50558,·"y":·2.9,·"z":·1.0492050000000002·}
      137 │ + ····},
      138 │ + ····{
      139 │ + ······"type":·"pcb_courtyard_outline",
      140 │ + ······"pcb_courtyard_outline_id":·"pcb_courtyard_outline_C7420353_1",
      141 │ + ······"pcb_component_id":·"pcb_component_1",
      142 │ + ······"layer":·"top",
      143 │ + ······"outline":·[
      144 │ + ········{·"x":·-1.748600000000124,·"y":·1.774000000000001·},
      145 │ + ········{·"x":·1.7993999999998778,·"y":·1.774000000000001·},
      146 │ + ········{·"x":·1.7993999999998778,·"y":·-1.774000000000001·},
      147 │ + ········{·"x":·-1.748600000000124,·"y":·-1.774000000000001·},
      148 │ + ········{·"x":·-1.748600000000124,·"y":·1.774000000000001·}
      149 │ + ······]
  4 more lines truncated
  

.tscircuit/cache/cb_C138687-9f637ea8f0ec0e9c846867be970c8956.json format ━━━━━━━━━━━━━━━━━━━━━━━━━━━

  × Formatter would have printed the following content:
  
    1     │ - ..."x":-2.815400000000068,"y":1.8248000000000957}]}]}
        1 │ + {
        2 │ + ··"fetchedAtMs":·1791079910069,
        3 │ + ··"elements":·[
        4 │ + ····{
        5 │ + ······"type":·"source_component",
        6 │ + ······"ftype":·"simple_chip",
        7 │ + ······"source_component_id":·"source_component_1",
        8 │ + ······"name":·"U1"
        9 │ + ····},
       10 │ + ····{
       11 │ + ······"type":·"pcb_component",
       12 │ + ······"pcb_component_id":·"pcb_component_1",
       13 │ + ······"source_component_id":·"source_component_1",
       14 │ + ······"center":·{·"x":·0,·"y":·0·},
       15 │ + ······"layer":·"top",
       16 │ + ······"rotation":·0,
       17 │ + ······"width":·4.669790000000262,
       18 │ + ······"height":·2.699994600000082,
       19 │ + ······"obstructs_within_bounds":·true
       20 │ + ····},
       21 │ + ····{
       22 │ + ······"type":·"source_port",
       23 │ + ······"source_port_id":·"source_port_1",
       24 │ + ······"source_component_id":·"source_component_1",
       25 │ + ······"name":·"pin2",
       26 │ + ······"pin_number":·2,
       27 │ + ······"port_hints":·[]
       28 │ + ····},
       29 │ + ····{
       30 │ + ······"type":·"pcb_smtpad",
       31 │ + ······"shape":·"rect",
       32 │ + ······"pcb_smtpad_id":·"pcb_smtpad_1",
       33 │ + ······"x":·1.5173960000000761,
       34 │ + ······"y":·0,
       35 │ + ······"width":·1.634998,
       36 │ + ······"height":·2.6999945999999997,
       37 │ + ······"layer":·"top",
       38 │ + ······"port_hints":·["pin2"],
       39 │ + ······"pcb_component_id":·"pcb_component_1",
       40 │ + ······"pcb_port_id":·"pcb_port_1"
       41 │ + ····},
       42 │ + ····{
       43 │ + ······"type":·"source_port",
       44 │ + ······"source_port_id":·"source_port_2",
       45 │ + ······"source_component_id":·"source_component_1",
       46 │ + ······"name":·"pin1",
       47 │ + ······"pin_number":·1,
       48 │ + ······"port_hints":·[]
       49 │ + ····},
       50 │ + ····{
       51 │ + ······"type":·"pcb_smtpad",
       52 │ + ······"shape":·"rect",
       53 │ + ······"pcb_smtpad_id":·"pcb_smtpad_2",
       54 │ + ······"x":·-1.5173960000001898,
       55 │ + ······"y":·0,
       56 │ + ······"width":·1.634998,
       57 │ + ······"height":·2.6999945999999997,
       58 │ + ······"layer":·"top",
       59 │ + ······"port_hints":·["pin1"],
       60 │ + ······"pcb_component_id":·"pcb_component_1",
       61 │ + ······"pcb_port_id":·"pcb_port_2"
       62 │ + ····},
       63 │ + ····{
       64 │ + ······"type":·"pcb_silkscreen_path",
       65 │ + ······"pcb_silkscreen_path_id":·"pcb_silkscreen_path_9",
       66 │ + ······"pcb_component_id":·"pcb_component_1",
       67 │ + ······"layer":·"top",
       68 │ + ······"route":·[
       69 │ + ········{·"x":·2.5635965999999826,·"y":·-1.4262099999999691·},
       70 │ + ········{·"x":·2.5635965999999826,·"y":·1.4262100000000828·}
       71 │ + ······],
       72 │ + ······"stroke_width":·0.15239999999999998
       73 │ + ····},
       74 │ + ····{
       75 │ + ······"type":·"pcb_silkscreen_path",
       76 │ + ······"pcb_silkscreen_path_id":·"pcb_silkscreen_path_10",
       77 │ + ······"pcb_component_id":·"pcb_component_1",
       78 │ + ······"layer":·"top",
       79 │ + ······"route":·[
       80 │ + ········{·"x":·2.4111966000000393,·"y":·1.578610000000026·},
       81 │ + ········{·"x":·0.7761985999999297,·"y":·1.578610000000026·}
       82 │ + ······],
       83 │ + ······"stroke_width":·0.15239999999999998
       84 │ + ····},
       85 │ + ····{
       86 │ + ······"type":·"pcb_silkscreen_path",
       87 │ + ······"pcb_silkscreen_path_id":·"pcb_silkscreen_path_11",
       88 │ + ······"pcb_component_id":·"pcb_component_1",
       89 │ + ······"layer":·"top",
       90 │ + ······"route":·[
       91 │ + ········{·"x":·0.7761985999999297,·"y":·-1.578610000000026·},
       92 │ + ········{·"x":·2.4111966000000393,·"y":·-1.578610000000026·}
       93 │ + ······],
       94 │ + ······"stroke_width":·0.15239999999999998
       95 │ + ····},
       96 │ + ····{
       97 │ + ······"type":·"pcb_silkscreen_path",
       98 │ + ······"pcb_silkscreen_path_id":·"pcb_silkscreen_path_12",
       99 │ + ······"pcb_component_id":·"pcb_component_1",
      100 │ + ······"layer":·"top",
      101 │ + ······"route":·[
      102 │ + ········{·"x":·-2.411196600000153,·"y":·1.578610000000026·},
      103 │ + ········{·"x":·-0.7761986000000434,·"y":·1.578610000000026·}
      104 │ + ······],
      105 │ + ······"stroke_width":·0.15239999999999998
      106 │ + ····},
      107 │ + ····{
      108 │ + ······"type":·"pcb_silkscreen_path",
      109 │ + ······"pcb_silkscreen_path_id":·"pcb_silkscreen_path_13",
      110 │ + ······"pcb_component_id":·"pcb_component_1",
      111 │ + ······"layer":·"top",
      112 │ + ······"route":·[
      113 │ + ········{·"x":·-0.7761986000000434,·"y":·-1.578610000000026·},
      114 │ + ········{·"x":·-2.411196600000153,·"y":·-1.578610000000026·}
      115 │ + ······],
      116 │ + ······"stroke_width":·0.15239999999999998
      117 │ + ····},
      118 │ + ····{
      119 │ + ······"type":·"pcb_silkscreen_path",
      120 │ + ······"pcb_silkscreen_path_id":·"pcb_silkscreen_path_14",
      121 │ + ······"pcb_component_id":·"pcb_component_1",
      122 │ + ······"layer":·"top",
      123 │ + ······"route":·[
      124 │ + ········{·"x":·-2.5635966000000963,·"y":·-1.4262099999999691·},
      125 │ + ········{·"x":·-2.5635966000000963,·"y":·1.4262100000000828·}
      126 │ + ······],
      127 │ + ······"stroke_width":·0.15239999999999998
      128 │ + ····},
      129 │ + ····{
      130 │ + ······"type":·"pcb_silkscreen_path",
      131 │ + ······"pcb_silkscreen_path_id":·"pcb_silkscreen_arc_15",
      132 │ + ······"pcb_component_id":·"pcb_component_1",
      133 │ + ······"layer":·"top",
      134 │ + ······"route":·[
      135 │ + ········{·"x":·2.4111966000000393,·"y":·-1.578610000000026·},
      136 │ + ········{·"x":·2.518959673452855,·"y":·-1.5339730734527848·},
      137 │ + ········{·"x":·2.5635965999999826,·"y":·-1.4262099999999691·}
      138 │ + ······],
      139 │ + ······"stroke_width":·0.15239999999999998
      140 │ + ····},
      141 │ + ····{
      142 │ + ······"type":·"pcb_silkscreen_path",
      143 │ + ······"pcb_silkscreen_path_id":·"pcb_silkscreen_arc_16",
      144 │ + ······"pcb_component_id":·"pcb_component_1",
      145 │ + ······"layer":·"top",
      146 │ + ······"route":·[
      147 │ + ········{·"x":·2.5635965999999826,·"y":·1.4262100000000828·},
      148 │ + ········{·"x":·2.518959673452855,·"y":·1.5339730734528985·},
      149 │ + ········{·"x":·2.4111966000000393,·"y":·1.578610000000026·}
  62 more lines truncated
  

.tscircuit/cache/cb_C165948-abc68d4d2d26b8bc06367ad06d349d74.json format ━━━━━━━━━━━━━━━━━━━━━━━━━━━

  × Formatter would have printed the following content:
  
    1     │ - ..."x":-5.174805999999876,"y":3.0786011999998664}]}]}
        1 │ + {
        2 │ + ··"fetchedAtMs":·1791079910051,
        3 │ + ··"elements":·[
        4 │ + ····{
        5 │ + ······"type":·"source_component",
        6 │ + ······"ftype":·"simple_chip",
        7 │ + ······"source_component_id":·"source_component_1",
        8 │ + ······"name":·"U1"
        9 │ + ····},
       10 │ + ····{
       11 │ + ······"type":·"pcb_component",
       12 │ + ······"pcb_component_id":·"pcb_component_1",
       13 │ + ······"source_component_id":·"source_component_1",
       14 │ + ······"center":·{·"x":·0,·"y":·0·},
       15 │ + ······"layer":·"top",
       16 │ + ······"rotation":·0,
       17 │ + ······"width":·8.75022399999989,
       18 │ + ······"height":·5.648261599999842,
       19 │ + ······"obstructs_within_bounds":·true
       20 │ + ····},
       21 │ + ····{
       22 │ + ······"type":·"source_port",
       23 │ + ······"source_port_id":·"source_port_1",
       24 │ + ······"source_component_id":·"source_component_1",
       25 │ + ······"name":·"pin5",
       26 │ + ······"pin_number":·5,
       27 │ + ······"port_hints":·["B8",·"SBU2"]
       28 │ + ····},
       29 │ + ····{
       30 │ + ······"type":·"pcb_smtpad",
       31 │ + ······"shape":·"rect",
       32 │ + ······"pcb_smtpad_id":·"pcb_smtpad_1",
       33 │ + ······"x":·-1.7500600000000759,
       34 │ + ······"y":·2.1740431999999146,
       35 │ + ······"width":·0.29999939999999997,
       36 │ + ······"height":·1.2999973999999999,
       37 │ + ······"layer":·"top",
       38 │ + ······"port_hints":·["pin5"],
       39 │ + ······"pcb_component_id":·"pcb_component_1",
       40 │ + ······"pcb_port_id":·"pcb_port_1"
       41 │ + ····},
       42 │ + ····{
       43 │ + ······"type":·"source_port",
       44 │ + ······"source_port_id":·"source_port_2",
       45 │ + ······"source_component_id":·"source_component_1",
       46 │ + ······"name":·"pin6",
       47 │ + ······"pin_number":·6,
       48 │ + ······"port_hints":·["A5",·"CC1"]
       49 │ + ····},
       50 │ + ····{
       51 │ + ······"type":·"pcb_smtpad",
       52 │ + ······"shape":·"rect",
       53 │ + ······"pcb_smtpad_id":·"pcb_smtpad_2",
       54 │ + ······"x":·-1.2499339999999393,
       55 │ + ······"y":·2.1740431999999146,
       56 │ + ······"width":·0.29999939999999997,
       57 │ + ······"height":·1.2999973999999999,
       58 │ + ······"layer":·"top",
       59 │ + ······"port_hints":·["pin6"],
       60 │ + ······"pcb_component_id":·"pcb_component_1",
       61 │ + ······"pcb_port_id":·"pcb_port_2"
       62 │ + ····},
       63 │ + ····{
       64 │ + ······"type":·"source_port",
       65 │ + ······"source_port_id":·"source_port_3",
       66 │ + ······"source_component_id":·"source_component_1",
       67 │ + ······"name":·"pin7",
       68 │ + ······"pin_number":·7,
       69 │ + ······"port_hints":·["B7",·"DN2"]
       70 │ + ····},
       71 │ + ····{
       72 │ + ······"type":·"pcb_smtpad",
       73 │ + ······"shape":·"rect",
       74 │ + ······"pcb_smtpad_id":·"pcb_smtpad_3",
       75 │ + ······"x":·-0.7500619999999572,
       76 │ + ······"y":·2.1740431999999146,
       77 │ + ······"width":·0.29999939999999997,
       78 │ + ······"height":·1.2999973999999999,
       79 │ + ······"layer":·"top",
       80 │ + ······"port_hints":·["pin7"],
       81 │ + ······"pcb_component_id":·"pcb_component_1",
       82 │ + ······"pcb_port_id":·"pcb_port_3"
       83 │ + ····},
       84 │ + ····{
       85 │ + ······"type":·"source_port",
       86 │ + ······"source_port_id":·"source_port_4",
       87 │ + ······"source_component_id":·"source_component_1",
       88 │ + ······"name":·"pin8",
       89 │ + ······"pin_number":·8,
       90 │ + ······"port_hints":·["A6",·"DP1"]
       91 │ + ····},
       92 │ + ····{
       93 │ + ······"type":·"pcb_smtpad",
       94 │ + ······"shape":·"rect",
       95 │ + ······"pcb_smtpad_id":·"pcb_smtpad_4",
       96 │ + ······"x":·-0.2499359999999342,
       97 │ + ······"y":·2.1740431999999146,
       98 │ + ······"width":·0.29999939999999997,
       99 │ + ······"height":·1.2999973999999999,
      100 │ + ······"layer":·"top",
      101 │ + ······"port_hints":·["pin8"],
      102 │ + ······"pcb_component_id":·"pcb_component_1",
      103 │ + ······"pcb_port_id":·"pcb_port_4"
      104 │ + ····},
      105 │ + ····{
      106 │ + ······"type":·"source_port",
      107 │ + ······"source_port_id":·"source_port_5",
      108 │ + ······"source_component_id":·"source_component_1",
      109 │ + ······"name":·"pin9",
      110 │ + ······"pin_number":·9,
      111 │ + ······"port_hints":·["A7",·"DN1"]
      112 │ + ····},
      113 │ + ····{
      114 │ + ······"type":·"pcb_smtpad",
      115 │ + ······"shape":·"rect",
      116 │ + ······"pcb_smtpad_id":·"pcb_smtpad_5",
      117 │ + ······"x":·0.2499359999999342,
      118 │ + ······"y":·2.1740431999999146,
      119 │ + ······"width":·0.29999939999999997,
      120 │ + ······"height":·1.2999973999999999,
      121 │ + ······"layer":·"top",
      122 │ + ······"port_hints":·["pin9"],
      123 │ + ······"pcb_component_id":·"pcb_component_1",
      124 │ + ······"pcb_port_id":·"pcb_port_5"
      125 │ + ····},
      126 │ + ····{
      127 │ + ······"type":·"source_port",
      128 │ + ······"source_port_id":·"source_port_6",
      129 │ + ······"source_component_id":·"source_component_1",
      130 │ + ······"name":·"pin10",
      131 │ + ······"pin_number":·10,
      132 │ + ······"port_hints":·["B6",·"DP2"]
      133 │ + ····},
      134 │ + ····{
      135 │ + ······"type":·"pcb_smtpad",
      136 │ + ······"shape":·"rect",
      137 │ + ······"pcb_smtpad_id":·"pcb_smtpad_6",
      138 │ + ······"x":·0.7500619999999572,
      139 │ + ······"y":·2.1740431999999146,
      140 │ + ······"width":·0.29999939999999997,
      141 │ + ······"height":·1.2999973999999999,
      142 │ + ······"layer":·"top",
      143 │ + ······"port_hints":·["pin10"],
      144 │ + ······"pcb_component_id":·"pcb_component_1",
      145 │ + ······"pcb_port_id":·"pcb_port_6"
      146 │ + ····},
      147 │ + ····{
      148 │ + ······"type":·"source_port",
      149 │ + ······"source_port_id":·"source_port_7",
  385 more lines truncated
  

.tscircuit/cache/cb_C178373-1df7da530533294160aa92abd3bfc954.json format ━━━━━━━━━━━━━━━━━━━━━━━━━━━

  × Formatter would have printed the following content:
  
    1     │ - ...{"x":-7.006400000000099,"y":5.482399999999984}]}]}
        1 │ + {
        2 │ + ··"fetchedAtMs":·1791079910146,
        3 │ + ··"elements":·[
        4 │ + ····{
        5 │ + ······"type":·"source_component",
        6 │ + ······"ftype":·"simple_chip",
        7 │ + ······"source_component_id":·"source_component_1",
        8 │ + ······"name":·"U1"
        9 │ + ····},
       10 │ + ····{
       11 │ + ······"type":·"pcb_component",
       12 │ + ······"pcb_component_id":·"pcb_component_1",
       13 │ + ······"source_component_id":·"source_component_1",
       14 │ + ······"center":·{·"x":·0,·"y":·0·},
       15 │ + ······"layer":·"top",
       16 │ + ······"rotation":·0,
       17 │ + ······"width":·13.499718999999686,
       18 │ + ······"height":·1.6500094000000445,
       19 │ + ······"obstructs_within_bounds":·true
       20 │ + ····},
       21 │ + ····{
       22 │ + ······"type":·"source_port",
       23 │ + ······"source_port_id":·"source_port_1",
       24 │ + ······"source_component_id":·"source_component_1",
       25 │ + ······"name":·"pin1",
       26 │ + ······"pin_number":·1,
       27 │ + ······"port_hints":·[]
       28 │ + ····},
       29 │ + ····{
       30 │ + ······"type":·"pcb_smtpad",
       31 │ + ······"shape":·"rect",
       32 │ + ······"pcb_smtpad_id":·"pcb_smtpad_1",
       33 │ + ······"x":·-4.499863999999889,
       34 │ + ······"y":·0,
       35 │ + ······"width":·4.499991,
       36 │ + ······"height":·1.6500093999999998,
       37 │ + ······"layer":·"top",
       38 │ + ······"port_hints":·["pin1"],
       39 │ + ······"pcb_component_id":·"pcb_component_1",
       40 │ + ······"pcb_port_id":·"pcb_port_1"
       41 │ + ····},
       42 │ + ····{
       43 │ + ······"type":·"source_port",
       44 │ + ······"source_port_id":·"source_port_2",
       45 │ + ······"source_component_id":·"source_component_1",
       46 │ + ······"name":·"pin2",
       47 │ + ······"pin_number":·2,
       48 │ + ······"port_hints":·[]
       49 │ + ····},
       50 │ + ····{
       51 │ + ······"type":·"pcb_smtpad",
       52 │ + ······"shape":·"rect",
       53 │ + ······"pcb_smtpad_id":·"pcb_smtpad_2",
       54 │ + ······"x":·4.499863999999889,
       55 │ + ······"y":·0,
       56 │ + ······"width":·4.499991,
       57 │ + ······"height":·1.6500093999999998,
       58 │ + ······"layer":·"top",
       59 │ + ······"port_hints":·["pin2"],
       60 │ + ······"pcb_component_id":·"pcb_component_1",
       61 │ + ······"pcb_port_id":·"pcb_port_2"
       62 │ + ····},
       63 │ + ····{
       64 │ + ······"type":·"pcb_fabrication_note_path",
       65 │ + ······"pcb_fabrication_note_path_id":·"pcb_fabrication_note_solid_region_2",
       66 │ + ······"pcb_component_id":·"pcb_component_1",
       67 │ + ······"layer":·"top",
       68 │ + ······"route":·[
       69 │ + ········{·"x":·4.841011399999957,·"y":·0.1545082000000093·},
       70 │ + ········{·"x":·4.841011399999957,·"y":·-0.15450819999989562·},
       71 │ + ········{·"x":·3.6049966000000495,·"y":·-0.15450819999989562·},
       72 │ + ········{·"x":·3.6049966000000495,·"y":·0.1545082000000093·},
       73 │ + ········{·"x":·4.841011399999957,·"y":·0.1545082000000093·}
       74 │ + ······],
       75 │ + ······"stroke_width":·0.254
       76 │ + ····},
       77 │ + ····{
       78 │ + ······"type":·"pcb_fabrication_note_path",
       79 │ + ······"pcb_fabrication_note_path_id":·"pcb_fabrication_note_solid_region_3",
       80 │ + ······"pcb_component_id":·"pcb_component_1",
       81 │ + ······"layer":·"top",
       82 │ + ······"route":·[
       83 │ + ········{·"x":·-4.84101140000007,·"y":·0.1545082000000093·},
       84 │ + ········{·"x":·-4.84101140000007,·"y":·-0.15450819999989562·},
       85 │ + ········{·"x":·-3.604996600000163,·"y":·-0.15450819999989562·},
       86 │ + ········{·"x":·-3.604996600000163,·"y":·0.1545082000000093·},
       87 │ + ········{·"x":·-4.84101140000007,·"y":·0.1545082000000093·}
       88 │ + ······],
       89 │ + ······"stroke_width":·0.254
       90 │ + ····},
       91 │ + ····{
       92 │ + ······"type":·"pcb_fabrication_note_path",
       93 │ + ······"pcb_fabrication_note_path_id":·"pcb_fabrication_note_solid_region_4",
       94 │ + ······"pcb_component_id":·"pcb_component_1",
       95 │ + ······"layer":·"top",
       96 │ + ······"route":·[
       97 │ + ········{·"x":·-4.377512200000069,·"y":·1.0299953999999616·},
       98 │ + ········{·"x":·-4.377512200000069,·"y":·-1.0299953999999616·},
       99 │ + ········{·"x":·-4.068495799999937,·"y":·-1.0299953999999616·},
      100 │ + ········{·"x":·-4.068495799999937,·"y":·1.0299953999999616·},
      101 │ + ········{·"x":·-4.377512200000069,·"y":·1.0299953999999616·}
      102 │ + ······],
      103 │ + ······"stroke_width":·0.254
      104 │ + ····},
      105 │ + ····{
      106 │ + ······"type":·"pcb_silkscreen_path",
      107 │ + ······"pcb_silkscreen_path_id":·"pcb_silkscreen_path_6",
      108 │ + ······"pcb_component_id":·"pcb_component_1",
      109 │ + ······"layer":·"top",
      110 │ + ······"route":·[
      111 │ + ········{·"x":·5.226227799999833,·"y":·0.8524240000001555·},
      112 │ + ········{·"x":·5.226227799999833,·"y":·5.226227800000061·},
      113 │ + ········{·"x":·-3.0899861999999985,·"y":·5.226227800000061·},
      114 │ + ········{·"x":·-5.226227799999947,·"y":·3.089986200000112·},
      115 │ + ········{·"x":·-5.226227799999947,·"y":·0.8524240000001555·}
      116 │ + ······],
      117 │ + ······"stroke_width":·0.15239999999999998
      118 │ + ····},
      119 │ + ····{
      120 │ + ······"type":·"pcb_silkscreen_path",
      121 │ + ······"pcb_silkscreen_path_id":·"pcb_silkscreen_path_7",
      122 │ + ······"pcb_component_id":·"pcb_component_1",
      123 │ + ······"layer":·"top",
      124 │ + ······"route":·[
      125 │ + ········{·"x":·5.226227799999833,·"y":·-0.8524240000000418·},
      126 │ + ········{·"x":·5.226227799999833,·"y":·-5.226227799999947·},
      127 │ + ········{·"x":·-3.0899861999999985,·"y":·-5.226227799999947·},
      128 │ + ········{·"x":·-5.226227799999947,·"y":·-3.0899861999999985·},
      129 │ + ········{·"x":·-5.226227799999947,·"y":·-0.8524240000000418·}
      130 │ + ······],
      131 │ + ······"stroke_width":·0.15239999999999998
      132 │ + ····},
      133 │ + ····{
      134 │ + ······"type":·"cad_component",
      135 │ + ······"cad_component_id":·"cad_component_1",
      136 │ + ······"pcb_component_id":·"pcb_component_1",
      137 │ + ······"source_component_id":·"source_component_1",
      138 │ + ······"position":·{·"x":·0,·"y":·0,·"z":·0·},
      139 │ + ······"rotation":·{·"x":·0,·"y":·0,·"z":·180·},
      140 │ + ······"model_obj_url":·"https://modules.easyeda.com/3dmodel/f9399d38f4bf4dafaa6a7aeba7f82438",
      141 │ + ······"model_step_url":·"https://modules.easyeda.com/qAxj6KHrDKw4blvCG8QJPs7Y/f9399d38f4bf4dafaa6a7aeba7f82438",
      142 │ + ······"model_origin_position":·{
      143 │ + ········"x":·0,
      144 │ + ········"y":·0.000012700000070253736,
      145 │ + ········"z":·-0.05
      146 │ + ······},
      147 │ + ······"model_origin_alignment":·"center_of_component_on_board_surface",
      148 │ + ······"model_object_fit":·"contain_within_bounds",
      149 │ + ······"anchor_alignment":·"center_of_component_on_board_surface",
  18 more lines truncated
  

.tscircuit/cache/cb_C181239-f9ceb6a92afded9019f3edffae378c49.json format ━━━━━━━━━━━━━━━━━━━━━━━━━━━

  × Formatter would have printed the following content:
  
    1     │ - ..."x":-2.0026000000000295,"y":3.018600000000106}]}]}
        1 │ + {
        2 │ + ··"fetchedAtMs":·1791079910120,
        3 │ + ··"elements":·[
        4 │ + ····{
        5 │ + ······"type":·"source_component",
        6 │ + ······"ftype":·"simple_chip",
        7 │ + ······"source_component_id":·"source_component_1",
        8 │ + ······"name":·"U1"
        9 │ + ····},
       10 │ + ····{
       11 │ + ······"type":·"pcb_component",
       12 │ + ······"pcb_component_id":·"pcb_component_1",
       13 │ + ······"source_component_id":·"source_component_1",
       14 │ + ······"center":·{·"x":·0,·"y":·0·},
       15 │ + ······"layer":·"top",
       16 │ + ······"rotation":·0,
       17 │ + ······"width":·2.9165676999999732,
       18 │ + ······"height":·5.924118199999839,
       19 │ + ······"obstructs_within_bounds":·true
       20 │ + ····},
       21 │ + ····{
       22 │ + ······"type":·"source_port",
       23 │ + ······"source_port_id":·"source_port_1",
       24 │ + ······"source_component_id":·"source_component_1",
       25 │ + ······"name":·"pin1",
       26 │ + ······"pin_number":·1,
       27 │ + ······"port_hints":·["OUT"]
       28 │ + ····},
       29 │ + ····{
       30 │ + ······"type":·"pcb_smtpad",
       31 │ + ······"shape":·"pill",
       32 │ + ······"pcb_smtpad_id":·"pcb_smtpad_1",
       33 │ + ······"x":·-0.9751059999999825,
       34 │ + ······"y":·-2.131059999999934,
       35 │ + ······"width":·0.3640074,
       36 │ + ······"height":·1.6619982000000002,
       37 │ + ······"radius":·0.1820037,
       38 │ + ······"layer":·"top",
       39 │ + ······"port_hints":·["pin1"],
       40 │ + ······"pcb_component_id":·"pcb_component_1",
       41 │ + ······"pcb_port_id":·"pcb_port_1"
       42 │ + ····},
       43 │ + ····{
       44 │ + ······"type":·"source_port",
       45 │ + ······"source_port_id":·"source_port_2",
       46 │ + ······"source_component_id":·"source_component_1",
       47 │ + ······"name":·"pin2",
       48 │ + ······"pin_number":·2,
       49 │ + ······"port_hints":·[]
       50 │ + ····},
       51 │ + ····{
       52 │ + ······"type":·"pcb_smtpad",
       53 │ + ······"shape":·"pill",
       54 │ + ······"pcb_smtpad_id":·"pcb_smtpad_2",
       55 │ + ······"x":·-0.32486600000004273,
       56 │ + ······"y":·-2.131059999999934,
       57 │ + ······"width":·0.3640074,
       58 │ + ······"height":·1.6619982000000002,
       59 │ + ······"radius":·0.1820037,
       60 │ + ······"layer":·"top",
       61 │ + ······"port_hints":·["pin2"],
       62 │ + ······"pcb_component_id":·"pcb_component_1",
       63 │ + ······"pcb_port_id":·"pcb_port_2"
       64 │ + ····},
       65 │ + ····{
       66 │ + ······"type":·"source_port",
       67 │ + ······"source_port_id":·"source_port_3",
       68 │ + ······"source_component_id":·"source_component_1",
       69 │ + ······"name":·"pin3",
       70 │ + ······"pin_number":·3,
       71 │ + ······"port_hints":·["PG"]
       72 │ + ····},
       73 │ + ····{
       74 │ + ······"type":·"pcb_smtpad",
       75 │ + ······"shape":·"pill",
       76 │ + ······"pcb_smtpad_id":·"pcb_smtpad_3",
       77 │ + ······"x":·0.32512000000008356,
       78 │ + ······"y":·-2.131059999999934,
       79 │ + ······"width":·0.3640074,
       80 │ + ······"height":·1.6619982000000002,
       81 │ + ······"radius":·0.1820037,
       82 │ + ······"layer":·"top",
       83 │ + ······"port_hints":·["pin3"],
       84 │ + ······"pcb_component_id":·"pcb_component_1",
       85 │ + ······"pcb_port_id":·"pcb_port_3"
       86 │ + ····},
       87 │ + ····{
       88 │ + ······"type":·"source_port",
       89 │ + ······"source_port_id":·"source_port_4",
       90 │ + ······"source_component_id":·"source_component_1",
       91 │ + ······"name":·"pin4",
       92 │ + ······"pin_number":·4,
       93 │ + ······"port_hints":·["GND"]
       94 │ + ····},
       95 │ + ····{
       96 │ + ······"type":·"pcb_smtpad",
       97 │ + ······"shape":·"pill",
       98 │ + ······"pcb_smtpad_id":·"pcb_smtpad_4",
       99 │ + ······"x":·0.9751059999999825,
      100 │ + ······"y":·-2.131059999999934,
      101 │ + ······"width":·0.3640074,
      102 │ + ······"height":·1.6619982000000002,
      103 │ + ······"radius":·0.1820037,
      104 │ + ······"layer":·"top",
      105 │ + ······"port_hints":·["pin4"],
      106 │ + ······"pcb_component_id":·"pcb_component_1",
      107 │ + ······"pcb_port_id":·"pcb_port_4"
      108 │ + ····},
      109 │ + ····{
      110 │ + ······"type":·"source_port",
      111 │ + ······"source_port_id":·"source_port_5",
      112 │ + ······"source_component_id":·"source_component_1",
      113 │ + ······"name":·"pin8",
      114 │ + ······"pin_number":·8,
      115 │ + ······"port_hints":·["IN"]
      116 │ + ····},
      117 │ + ····{
      118 │ + ······"type":·"pcb_smtpad",
      119 │ + ······"shape":·"pill",
      120 │ + ······"pcb_smtpad_id":·"pcb_smtpad_5",
      121 │ + ······"x":·-0.9751059999999825,
      122 │ + ······"y":·2.131059999999934,
      123 │ + ······"width":·0.3640074,
      124 │ + ······"height":·1.6619982000000002,
      125 │ + ······"radius":·0.1820037,
      126 │ + ······"layer":·"top",
      127 │ + ······"port_hints":·["pin8"],
      128 │ + ······"pcb_component_id":·"pcb_component_1",
      129 │ + ······"pcb_port_id":·"pcb_port_5"
      130 │ + ····},
      131 │ + ····{
      132 │ + ······"type":·"source_port",
      133 │ + ······"source_port_id":·"source_port_6",
      134 │ + ······"source_component_id":·"source_component_1",
      135 │ + ······"name":·"pin7",
      136 │ + ······"pin_number":·7,
      137 │ + ······"port_hints":·["DELAY"]
      138 │ + ····},
      139 │ + ····{
      140 │ + ······"type":·"pcb_smtpad",
      141 │ + ······"shape":·"pill",
      142 │ + ······"pcb_smtpad_id":·"pcb_smtpad_6",
      143 │ + ······"x":·-0.32486600000004273,
      144 │ + ······"y":·2.131059999999934,
      145 │ + ······"width":·0.3640074,
      146 │ + ······"height":·1.6619982000000002,
      147 │ + ······"radius":·0.1820037,
      148 │ + ······"layer":·"top",
      149 │ + ······"port_hints":·["pin7"],
  122 more lines truncated
  

.tscircuit/cache/cb_C211759-9883fe729bf490b3cb1b1db58f420a1b.json format ━━━━━━━━━━━━━━━━━━━━━━━━━━━

  × Formatter would have printed the following content:
  
    1     │ - ..."x":-3.653092000000015,"y":2.1549999999999727}]}]}
        1 │ + {
        2 │ + ··"fetchedAtMs":·1791079910147,
        3 │ + ··"elements":·[
        4 │ + ····{
        5 │ + ······"type":·"source_component",
        6 │ + ······"ftype":·"simple_chip",
        7 │ + ······"source_component_id":·"source_component_1",
        8 │ + ······"name":·"U1"
        9 │ + ····},
       10 │ + ····{
       11 │ + ······"type":·"pcb_component",
       12 │ + ······"pcb_component_id":·"pcb_component_1",
       13 │ + ······"source_component_id":·"source_component_1",
       14 │ + ······"center":·{·"x":·0,·"y":·0·},
       15 │ + ······"layer":·"top",
       16 │ + ······"rotation":·0,
       17 │ + ······"width":·6.829297999999767,
       18 │ + ······"height":·2.399995199999921,
       19 │ + ······"obstructs_within_bounds":·true
       20 │ + ····},
       21 │ + ····{
       22 │ + ······"type":·"source_port",
       23 │ + ······"source_port_id":·"source_port_1",
       24 │ + ······"source_component_id":·"source_component_1",
       25 │ + ······"name":·"pin2",
       26 │ + ······"pin_number":·2,
       27 │ + ······"port_hints":·[]
       28 │ + ····},
       29 │ + ····{
       30 │ + ······"type":·"pcb_smtpad",
       31 │ + ······"shape":·"rect",
       32 │ + ······"pcb_smtpad_id":·"pcb_smtpad_1",
       33 │ + ······"x":·2.3909019999999828,
       34 │ + ······"y":·0,
       35 │ + ······"width":·2.047494,
       36 │ + ······"height":·2.3999951999999998,
       37 │ + ······"layer":·"top",
       38 │ + ······"port_hints":·["pin2"],
       39 │ + ······"pcb_component_id":·"pcb_component_1",
       40 │ + ······"pcb_port_id":·"pcb_port_1"
       41 │ + ····},
       42 │ + ····{
       43 │ + ······"type":·"source_port",
       44 │ + ······"source_port_id":·"source_port_2",
       45 │ + ······"source_component_id":·"source_component_1",
       46 │ + ······"name":·"pin1",
       47 │ + ······"pin_number":·1,
       48 │ + ······"port_hints":·[]
       49 │ + ····},
       50 │ + ····{
       51 │ + ······"type":·"pcb_smtpad",
       52 │ + ······"shape":·"rect",
       53 │ + ······"pcb_smtpad_id":·"pcb_smtpad_2",
       54 │ + ······"x":·-2.390901999999869,
       55 │ + ······"y":·0,
       56 │ + ······"width":·2.047494,
       57 │ + ······"height":·2.3999951999999998,
       58 │ + ······"layer":·"top",
       59 │ + ······"port_hints":·["pin1"],
       60 │ + ······"pcb_component_id":·"pcb_component_1",
       61 │ + ······"pcb_port_id":·"pcb_port_2"
       62 │ + ····},
       63 │ + ····{
       64 │ + ······"type":·"pcb_silkscreen_path",
       65 │ + ······"pcb_silkscreen_path_id":·"pcb_silkscreen_path_5",
       66 │ + ······"pcb_component_id":·"pcb_component_1",
       67 │ + ······"layer":·"top",
       68 │ + ······"route":·[
       69 │ + ········{·"x":·2.666974600000003,·"y":·-1.9049999999999727·},
       70 │ + ········{·"x":·-2.599309000000062,·"y":·-1.8903695999999854·}
       71 │ + ······],
       72 │ + ······"stroke_width":·0.15239999999999998
       73 │ + ····},
       74 │ + ····{
       75 │ + ······"type":·"pcb_silkscreen_path",
       76 │ + ······"pcb_silkscreen_path_id":·"pcb_silkscreen_path_6",
       77 │ + ······"pcb_component_id":·"pcb_component_1",
       78 │ + ······"layer":·"top",
       79 │ + ······"route":·[
       80 │ + ········{·"x":·2.6627581999999848,·"y":·1.9049999999999727·},
       81 │ + ········{·"x":·-2.5907999999999447,·"y":·1.8871945999999298·}
       82 │ + ······],
       83 │ + ······"stroke_width":·0.15239999999999998
       84 │ + ····},
       85 │ + ····{
       86 │ + ······"type":·"pcb_fabrication_note_path",
       87 │ + ······"pcb_fabrication_note_path_id":·"pcb_fabrication_note_solid_region_15",
       88 │ + ······"pcb_component_id":·"pcb_component_1",
       89 │ + ······"layer":·"top",
       90 │ + ······"route":·[
       91 │ + ········{·"x":·0.7619999999999436,·"y":·-0.7619999999999436·},
       92 │ + ········{·"x":·-1.1368683772161603e-13,·"y":·0·},
       93 │ + ········{·"x":·0.7619999999999436,·"y":·0.7620000000000573·},
       94 │ + ········{·"x":·0.7619999999999436,·"y":·-0.7619999999999436·}
       95 │ + ······],
       96 │ + ······"stroke_width":·0.254
       97 │ + ····},
       98 │ + ····{
       99 │ + ······"type":·"pcb_fabrication_note_path",
      100 │ + ······"pcb_fabrication_note_path_id":·"pcb_fabrication_note_solid_region_16",
      101 │ + ······"pcb_component_id":·"pcb_component_1",
      102 │ + ······"layer":·"top",
      103 │ + ······"route":·[
      104 │ + ········{·"x":·-0.7620000000000573,·"y":·-0.7619999999999436·},
      105 │ + ········{·"x":·-0.7620000000000573,·"y":·0.7620000000000573·},
      106 │ + ········{·"x":·-1.1368683772161603e-13,·"y":·0·},
      107 │ + ········{·"x":·-0.7620000000000573,·"y":·-0.7619999999999436·}
      108 │ + ······],
      109 │ + ······"stroke_width":·0.254
      110 │ + ····},
      111 │ + ····{
      112 │ + ······"type":·"cad_component",
      113 │ + ······"cad_component_id":·"cad_component_1",
      114 │ + ······"pcb_component_id":·"pcb_component_1",
      115 │ + ······"source_component_id":·"source_component_1",
      116 │ + ······"position":·{·"x":·0,·"y":·0,·"z":·0·},
      117 │ + ······"rotation":·{·"x":·0,·"y":·0,·"z":·0·},
      118 │ + ······"model_obj_url":·"https://modules.easyeda.com/3dmodel/dfcbf83754944015b911a9e368f2919e",
      119 │ + ······"model_step_url":·"https://modules.easyeda.com/qAxj6KHrDKw4blvCG8QJPs7Y/dfcbf83754944015b911a9e368f2919e",
      120 │ + ······"model_origin_position":·{·"x":·0,·"y":·0,·"z":·-0.1·},
      121 │ + ······"model_origin_alignment":·"center_of_component_on_board_surface",
      122 │ + ······"model_object_fit":·"contain_within_bounds",
      123 │ + ······"anchor_alignment":·"center_of_component_on_board_surface",
      124 │ + ······"size":·{·"x":·5.4,·"y":·3.6,·"z":·2.1·}
      125 │ + ····},
      126 │ + ····{
      127 │ + ······"type":·"pcb_courtyard_outline",
      128 │ + ······"pcb_courtyard_outline_id":·"pcb_courtyard_outline_C211759_1",
      129 │ + ······"pcb_component_id":·"pcb_component_1",
      130 │ + ······"layer":·"top",
      131 │ + ······"outline":·[
      132 │ + ········{·"x":·-3.653092000000015,·"y":·2.1549999999999727·},
      133 │ + ········{·"x":·3.6795080000000553,·"y":·2.1549999999999727·},
      134 │ + ········{·"x":·3.6795080000000553,·"y":·-2.1549999999999727·},
      135 │ + ········{·"x":·-3.653092000000015,·"y":·-2.1549999999999727·},
      136 │ + ········{·"x":·-3.653092000000015,·"y":·2.1549999999999727·}
      137 │ + ······]
      138 │ + ····}
      139 │ + ··]
      140 │ + }
      141 │ + 
  

.tscircuit/cache/cb_C285788-0b48041523b23fa2d0a2a70dd79438c9.json format ━━━━━━━━━━━━━━━━━━━━━━━━━━━

  × Formatter would have printed the following content:
  
    1     │ - ...{"x":-6.803327000000081,"y":5.304600000000164}]}]}
        1 │ + {
        2 │ + ··"fetchedAtMs":·1791079910145,
        3 │ + ··"elements":·[
        4 │ + ····{
        5 │ + ······"type":·"source_component",
        6 │ + ······"ftype":·"simple_chip",
        7 │ + ······"source_component_id":·"source_component_1",
        8 │ + ······"name":·"U1"
        9 │ + ····},
       10 │ + ····{
       11 │ + ······"type":·"pcb_component",
       12 │ + ······"pcb_component_id":·"pcb_component_1",
       13 │ + ······"source_component_id":·"source_component_1",
       14 │ + ······"center":·{·"x":·0,·"y":·0·},
       15 │ + ······"layer":·"top",
       16 │ + ······"rotation":·0,
       17 │ + ······"width":·13.09992299999999,
       18 │ + ······"height":·3.99999200000002,
       19 │ + ······"obstructs_within_bounds":·true
       20 │ + ····},
       21 │ + ····{
       22 │ + ······"type":·"source_port",
       23 │ + ······"source_port_id":·"source_port_1",
       24 │ + ······"source_component_id":·"source_component_1",
       25 │ + ······"name":·"pin1",
       26 │ + ······"pin_number":·1,
       27 │ + ······"port_hints":·[]
       28 │ + ····},
       29 │ + ····{
       30 │ + ······"type":·"pcb_smtpad",
       31 │ + ······"shape":·"rect",
       32 │ + ······"pcb_smtpad_id":·"pcb_smtpad_1",
       33 │ + ······"x":·-4.799965000000043,
       34 │ + ······"y":·0,
       35 │ + ······"width":·3.4999930000000004,
       36 │ + ······"height":·3.9999919999999998,
       37 │ + ······"layer":·"top",
       38 │ + ······"port_hints":·["pin1"],
       39 │ + ······"pcb_component_id":·"pcb_component_1",
       40 │ + ······"pcb_port_id":·"pcb_port_1"
       41 │ + ····},
       42 │ + ····{
       43 │ + ······"type":·"source_port",
       44 │ + ······"source_port_id":·"source_port_2",
       45 │ + ······"source_component_id":·"source_component_1",
       46 │ + ······"name":·"pin2",
       47 │ + ······"pin_number":·2,
       48 │ + ······"port_hints":·[]
       49 │ + ····},
       50 │ + ····{
       51 │ + ······"type":·"pcb_smtpad",
       52 │ + ······"shape":·"rect",
       53 │ + ······"pcb_smtpad_id":·"pcb_smtpad_2",
       54 │ + ······"x":·4.799965000000043,
       55 │ + ······"y":·0,
       56 │ + ······"width":·3.4999930000000004,
       57 │ + ······"height":·3.9999919999999998,
       58 │ + ······"layer":·"top",
       59 │ + ······"port_hints":·["pin2"],
       60 │ + ······"pcb_component_id":·"pcb_component_1",
       61 │ + ······"pcb_port_id":·"pcb_port_2"
       62 │ + ····},
       63 │ + ····{
       64 │ + ······"type":·"pcb_silkscreen_path",
       65 │ + ······"pcb_silkscreen_path_id":·"pcb_silkscreen_path_5",
       66 │ + ······"pcb_component_id":·"pcb_component_1",
       67 │ + ······"layer":·"top",
       68 │ + ······"route":·[
       69 │ + ········{·"x":·5.800013799999874,·"y":·-5.049977199999944·},
       70 │ + ········{·"x":·-5.799962999999934,·"y":·-5.050002599999971·}
       71 │ + ······],
       72 │ + ······"stroke_width":·0.254
       73 │ + ····},
       74 │ + ····{
       75 │ + ······"type":·"pcb_silkscreen_path",
       76 │ + ······"pcb_silkscreen_path_id":·"pcb_silkscreen_path_6",
       77 │ + ······"pcb_component_id":·"pcb_component_1",
       78 │ + ······"layer":·"top",
       79 │ + ······"route":·[
       80 │ + ········{·"x":·-5.800217000000089,·"y":·5.049977200000058·},
       81 │ + ········{·"x":·5.799962999999934,·"y":·5.050002599999971·}
       82 │ + ······],
       83 │ + ······"stroke_width":·0.254
       84 │ + ····},
       85 │ + ····{
       86 │ + ······"type":·"pcb_silkscreen_path",
       87 │ + ······"pcb_silkscreen_path_id":·"pcb_silkscreen_path_7",
       88 │ + ······"pcb_component_id":·"pcb_component_1",
       89 │ + ······"layer":·"top",
       90 │ + ······"route":·[
       91 │ + ········{·"x":·-5.799962999999934,·"y":·-5.050002599999971·},
       92 │ + ········{·"x":·-5.799962999999934,·"y":·-2.2311359999998785·}
       93 │ + ······],
       94 │ + ······"stroke_width":·0.254
       95 │ + ····},
       96 │ + ····{
       97 │ + ······"type":·"pcb_silkscreen_path",
       98 │ + ······"pcb_silkscreen_path_id":·"pcb_silkscreen_path_8",
       99 │ + ······"pcb_component_id":·"pcb_component_1",
      100 │ + ······"layer":·"top",
      101 │ + ······"route":·[
      102 │ + ········{·"x":·-5.799962999999934,·"y":·2.2311359999999922·},
      103 │ + ········{·"x":·-5.799962999999934,·"y":·5.049977200000058·}
      104 │ + ······],
      105 │ + ······"stroke_width":·0.254
      106 │ + ····},
      107 │ + ····{
      108 │ + ······"type":·"pcb_silkscreen_path",
      109 │ + ······"pcb_silkscreen_path_id":·"pcb_silkscreen_path_9",
      110 │ + ······"pcb_component_id":·"pcb_component_1",
      111 │ + ······"layer":·"top",
      112 │ + ······"route":·[
      113 │ + ········{·"x":·5.799962999999934,·"y":·5.050002599999971·},
      114 │ + ········{·"x":·5.799962999999934,·"y":·2.2311359999999922·}
      115 │ + ······],
      116 │ + ······"stroke_width":·0.254
      117 │ + ····},
      118 │ + ····{
      119 │ + ······"type":·"pcb_silkscreen_path",
      120 │ + ······"pcb_silkscreen_path_id":·"pcb_silkscreen_path_10",
      121 │ + ······"pcb_component_id":·"pcb_component_1",
      122 │ + ······"layer":·"top",
      123 │ + ······"route":·[
      124 │ + ········{·"x":·5.799962999999934,·"y":·-2.2311359999998785·},
      125 │ + ········{·"x":·5.799962999999934,·"y":·-5.049977199999944·}
      126 │ + ······],
      127 │ + ······"stroke_width":·0.254
      128 │ + ····},
      129 │ + ····{
      130 │ + ······"type":·"cad_component",
      131 │ + ······"cad_component_id":·"cad_component_1",
      132 │ + ······"pcb_component_id":·"pcb_component_1",
      133 │ + ······"source_component_id":·"source_component_1",
      134 │ + ······"position":·{·"x":·0,·"y":·0,·"z":·0·},
      135 │ + ······"rotation":·{·"x":·0,·"y":·0,·"z":·0·},
      136 │ + ······"model_obj_url":·"https://modules.easyeda.com/3dmodel/09b06ecf0e944d06b4c387b4a681df1b",
      137 │ + ······"model_step_url":·"https://modules.easyeda.com/qAxj6KHrDKw4blvCG8QJPs7Y/09b06ecf0e944d06b4c387b4a681df1b",
      138 │ + ······"model_origin_position":·{·"x":·0,·"y":·0.00048729999992991324,·"z":·0·},
      139 │ + ······"model_origin_alignment":·"center_of_component_on_board_surface",
      140 │ + ······"model_object_fit":·"contain_within_bounds",
      141 │ + ······"anchor_alignment":·"center_of_component_on_board_surface",
      142 │ + ······"size":·{·"x":·11.6,·"y":·10.100999999999999,·"z":·4.2·}
      143 │ + ····},
      144 │ + ····{
      145 │ + ······"type":·"pcb_courtyard_outline",
      146 │ + ······"pcb_courtyard_outline_id":·"pcb_courtyard_outline_C285788_1",
      147 │ + ······"pcb_component_id":·"pcb_component_1",
      148 │ + ······"layer":·"top",
      149 │ + ······"outline":·[
  10 more lines truncated
  

.tscircuit/cache/cb_C395849-e1cdb22f4339e46bdaf2146b030b96d3.json format ━━━━━━━━━━━━━━━━━━━━━━━━━━━

  × Formatter would have printed the following content:
  
    1     │ - ...{"x":-5.660200000000032,"y":4.264850999999908}]}]}
        1 │ + {
        2 │ + ··"fetchedAtMs":·1791079910115,
        3 │ + ··"elements":·[
        4 │ + ····{
        5 │ + ······"type":·"source_component",
        6 │ + ······"ftype":·"simple_chip",
        7 │ + ······"source_component_id":·"source_component_1",
        8 │ + ······"name":·"U1"
        9 │ + ····},
       10 │ + ····{
       11 │ + ······"type":·"pcb_component",
       12 │ + ······"pcb_component_id":·"pcb_component_1",
       13 │ + ······"source_component_id":·"source_component_1",
       14 │ + ······"center":·{·"x":·0,·"y":·0·},
       15 │ + ······"layer":·"top",
       16 │ + ······"rotation":·0,
       17 │ + ······"width":·9.99998000000005,
       18 │ + ······"height":·7.800085999999965,
       19 │ + ······"obstructs_within_bounds":·true
       20 │ + ····},
       21 │ + ····{
       22 │ + ······"type":·"source_port",
       23 │ + ······"source_port_id":·"source_port_1",
       24 │ + ······"source_component_id":·"source_component_1",
       25 │ + ······"name":·"pin1",
       26 │ + ······"pin_number":·1,
       27 │ + ······"port_hints":·[]
       28 │ + ····},
       29 │ + ····{
       30 │ + ······"type":·"pcb_plated_hole",
       31 │ + ······"shape":·"circle",
       32 │ + ······"outer_diameter":·2.4999949999999997,
       33 │ + ······"hole_diameter":·1.5999967999999998,
       34 │ + ······"x":·-2.499867999999992,
       35 │ + ······"y":·-0.09994900000003781,
       36 │ + ······"layers":·["top",·"bottom"],
       37 │ + ······"port_hints":·["pin1"],
       38 │ + ······"pcb_component_id":·"pcb_component_1",
       39 │ + ······"pcb_port_id":·"pcb_port_1",
       40 │ + ······"pcb_plated_hole_id":·"pcb_plated_hole_1"
       41 │ + ····},
       42 │ + ····{
       43 │ + ······"type":·"source_port",
       44 │ + ······"source_port_id":·"source_port_2",
       45 │ + ······"source_component_id":·"source_component_1",
       46 │ + ······"name":·"pin2",
       47 │ + ······"pin_number":·2,
       48 │ + ······"port_hints":·[]
       49 │ + ····},
       50 │ + ····{
       51 │ + ······"type":·"pcb_plated_hole",
       52 │ + ······"shape":·"circle",
       53 │ + ······"outer_diameter":·2.4999949999999997,
       54 │ + ······"hole_diameter":·1.5999967999999998,
       55 │ + ······"x":·2.5001219999999194,
       56 │ + ······"y":·-0.09994900000003781,
       57 │ + ······"layers":·["top",·"bottom"],
       58 │ + ······"port_hints":·["pin2"],
       59 │ + ······"pcb_component_id":·"pcb_component_1",
       60 │ + ······"pcb_port_id":·"pcb_port_2",
       61 │ + ······"pcb_plated_hole_id":·"pcb_plated_hole_2"
       62 │ + ····},
       63 │ + ····{
       64 │ + ······"type":·"pcb_silkscreen_path",
       65 │ + ······"pcb_silkscreen_path_id":·"pcb_silkscreen_path_5",
       66 │ + ······"pcb_component_id":·"pcb_component_1",
       67 │ + ······"layer":·"top",
       68 │ + ······"route":·[
       69 │ + ········{·"x":·-3.810000000000059,·"y":·-3.7829490000000305·},
       70 │ + ········{·"x":·-3.810000000000059,·"y":·-2.0049490000000105·},
       71 │ + ········{·"x":·-1.143000000000029,·"y":·-2.0049490000000105·},
       72 │ + ········{·"x":·-1.143000000000029,·"y":·-3.7829490000000305·}
       73 │ + ······],
       74 │ + ······"stroke_width":·0.254
       75 │ + ····},
       76 │ + ····{
       77 │ + ······"type":·"pcb_silkscreen_path",
       78 │ + ······"pcb_silkscreen_path_id":·"pcb_silkscreen_path_6",
       79 │ + ······"pcb_component_id":·"pcb_component_1",
       80 │ + ······"layer":·"top",
       81 │ + ······"route":·[
       82 │ + ········{·"x":·1.1429999999999154,·"y":·-3.7829490000000305·},
       83 │ + ········{·"x":·1.1429999999999154,·"y":·-2.0049490000000105·},
       84 │ + ········{·"x":·3.8099999999999454,·"y":·-2.0049490000000105·},
       85 │ + ········{·"x":·3.8099999999999454,·"y":·-3.7829490000000305·}
       86 │ + ······],
       87 │ + ······"stroke_width":·0.254
       88 │ + ····},
       89 │ + ····{
       90 │ + ······"type":·"pcb_silkscreen_rect",
       91 │ + ······"pcb_silkscreen_rect_id":·"pcb_silkscreen_rect_7",
       92 │ + ······"pcb_component_id":·"pcb_component_1",
       93 │ + ······"center":·{·"x":·0,·"y":·0·},
       94 │ + ······"width":·9.999979999999999,
       95 │ + ······"height":·7.800085999999999,
       96 │ + ······"layer":·"top",
       97 │ + ······"stroke_width":·0.254,
       98 │ + ······"is_filled":·false,
       99 │ + ······"has_stroke":·true,
      100 │ + ······"ccw_rotation":·0
      101 │ + ····},
      102 │ + ····{
      103 │ + ······"type":·"cad_component",
      104 │ + ······"cad_component_id":·"cad_component_1",
      105 │ + ······"pcb_component_id":·"pcb_component_1",
      106 │ + ······"source_component_id":·"source_component_1",
      107 │ + ······"position":·{·"x":·0,·"y":·0,·"z":·0·},
      108 │ + ······"rotation":·{·"x":·0,·"y":·0,·"z":·180·},
      109 │ + ······"model_obj_url":·"https://modules.easyeda.com/3dmodel/6da7a3e4055f4f749492a0377ad92fa1",
      110 │ + ······"model_step_url":·"https://modules.easyeda.com/qAxj6KHrDKw4blvCG8QJPs7Y/6da7a3e4055f4f749492a0377ad92fa1",
      111 │ + ······"model_origin_position":·{
      112 │ + ········"x":·-2.490965599999935,
      113 │ + ········"y":·-0.11496059999999497,
      114 │ + ········"z":·-0.000006999999999646178
      115 │ + ······},
      116 │ + ······"model_origin_alignment":·"center_of_component_on_board_surface",
      117 │ + ······"model_object_fit":·"contain_within_bounds",
      118 │ + ······"anchor_alignment":·"center_of_component_on_board_surface",
      119 │ + ······"size":·{·"x":·10.417814,·"y":·7.8,·"z":·13.700001·}
      120 │ + ····},
      121 │ + ····{
      122 │ + ······"type":·"pcb_courtyard_outline",
      123 │ + ······"pcb_courtyard_outline_id":·"pcb_courtyard_outline_C395849_1",
      124 │ + ······"pcb_component_id":·"pcb_component_1",
      125 │ + ······"layer":·"top",
      126 │ + ······"outline":·[
      127 │ + ········{·"x":·-5.660200000000032,·"y":·4.264850999999908·},
      128 │ + ········{·"x":·5.380799999999908,·"y":·4.264850999999908·},
      129 │ + ········{·"x":·5.380799999999908,·"y":·-4.312349000000154·},
      130 │ + ········{·"x":·-5.660200000000032,·"y":·-4.312349000000154·},
      131 │ + ········{·"x":·-5.660200000000032,·"y":·4.264850999999908·}
      132 │ + ······]
      133 │ + ····}
      134 │ + ··]
      135 │ + }
      136 │ + 
  

The number of diagnostics exceeds the limit allowed. Use --max-diagnostics to increase it.
Diagnostics not shown: 41.
Checked 269 files in 52ms. No fixes applied.
Found 58 errors.
Found 3 warnings.
format ━━━━━━━━━━━━━━━━━━━━━━━━━━━━━━━━━━━━━━━━━━━━━━━━━━━━━━━━━━━━━━━━━━━━━━━━━━━━━━━━━━━━━━━━━━━━━

  × Some errors were emitted while running checks.
  

error: script "format:check" exited with code 1
