Building 1 file(s)...
Building index.circuit.tsx...
Generating circuit JSON...
Circuit JSON written to dist/index/circuit.json
The "J" prefix is being used with a <chip />, try using it with a <connector /> or <jumper />
The "S" prefix is being used with a <chip />, try using it with a <switch /> or <pushbutton />
The "Q" prefix is being used with a <chip />, try using it with a <transistor />
The "Q" prefix is being used with a <chip />, try using it with a <transistor />
The "Q" prefix is being used with a <chip />, try using it with a <transistor />
The "Q" prefix is being used with a <chip />, try using it with a <transistor />
The "R" prefix is being used with a <chip />, try using it with a <resistor />
The "S" prefix is being used with a <chip />, try using it with a <switch /> or <pushbutton />
The "J" prefix is being used with a <chip />, try using it with a <connector /> or <jumper />
The "Q" prefix is being used with a <chip />, try using it with a <transistor />
The "Q" prefix is being used with a <chip />, try using it with a <transistor />
The "Q" prefix is being used with a <chip />, try using it with a <transistor />
The "Q" prefix is being used with a <chip />, try using it with a <transistor />
All pins on D1 are underspecified (no pinAttributes set)
All pins on D2 are underspecified (no pinAttributes set)
All pins on SW2 are underspecified (no pinAttributes set)
All pins on Q6 are underspecified (no pinAttributes set)
All pins on Q7 are underspecified (no pinAttributes set)
All pins on Q8 are underspecified (no pinAttributes set)
All pins on Q1 are underspecified (no pinAttributes set)
All pins on RV1 are underspecified (no pinAttributes set)
All pins on SW1 are underspecified (no pinAttributes set)
All pins on U8 are underspecified (no pinAttributes set)
All pins on D10 are underspecified (no pinAttributes set)
All pins on D11 are underspecified (no pinAttributes set)
All pins on J2 are underspecified (no pinAttributes set)
All pins on Q2 are underspecified (no pinAttributes set)
All pins on Q3 are underspecified (no pinAttributes set)
All pins on Q4 are underspecified (no pinAttributes set)
All pins on Q5 are underspecified (no pinAttributes set)
J1 has no pin with requires_power=true
U2 has no pin with requires_power=true
U3 has no pin with requires_power=true
D1 has no pin with requires_power=true
D2 has no pin with requires_power=true
SW2 has no pin with requires_power=true
Q6 has no pin with requires_power=true
Q7 has no pin with requires_power=true
Q8 has no pin with requires_power=true
U4 has no pin with requires_power=true
Q1 has no pin with requires_power=true
RV1 has no pin with requires_power=true
SW1 has no pin with requires_power=true
U8 has no pin with requires_power=true
U10 has no pin with requires_power=true
D10 has no pin with requires_power=true
D11 has no pin with requires_power=true
J2 has no pin with requires_power=true
Q2 has no pin with requires_power=true
Q3 has no pin with requires_power=true
Q4 has no pin with requires_power=true
Q5 has no pin with requires_power=true
J1 has no pin with requires_ground=true
D1 has no pin with requires_ground=true
D2 has no pin with requires_ground=true
SW2 has no pin with requires_ground=true
Q6 has no pin with requires_ground=true
Q7 has no pin with requires_ground=true
Q8 has no pin with requires_ground=true
Q1 has no pin with requires_ground=true
RV1 has no pin with requires_ground=true
SW1 has no pin with requires_ground=true
U8 has no pin with requires_ground=true
D10 has no pin with requires_ground=true
D11 has no pin with requires_ground=true
J2 has no pin with requires_ground=true
Q2 has no pin with requires_ground=true
Q3 has no pin with requires_ground=true
Q4 has no pin with requires_ground=true
Q5 has no pin with requires_ground=true
D1 is missing schematic reference designator text. For a custom symbol, add name="{REFDES}" inside the symbol.
D2 is missing schematic reference designator text. For a custom symbol, add name="{REFDES}" inside the symbol.
Q6 is missing schematic reference designator text. For a custom symbol, add name="{REFDES}" inside the symbol.
Q7 is missing schematic reference designator text. For a custom symbol, add name="{REFDES}" inside the symbol.
Q8 is missing schematic reference designator text. For a custom symbol, add name="{REFDES}" inside the symbol.
Q1 is missing schematic reference designator text. For a custom symbol, add name="{REFDES}" inside the symbol.
RV1 is missing schematic reference designator text. For a custom symbol, add name="{REFDES}" inside the symbol.
U8 is missing schematic reference designator text. For a custom symbol, add name="{REFDES}" inside the symbol.
D10 is missing schematic reference designator text. For a custom symbol, add name="{REFDES}" inside the symbol.
D11 is missing schematic reference designator text. For a custom symbol, add name="{REFDES}" inside the symbol.
Q2 is missing schematic reference designator text. For a custom symbol, add name="{REFDES}" inside the symbol.
Q3 is missing schematic reference designator text. For a custom symbol, add name="{REFDES}" inside the symbol.
Q4 is missing schematic reference designator text. For a custom symbol, add name="{REFDES}" inside the symbol.
Q5 is missing schematic reference designator text. For a custom symbol, add name="{REFDES}" inside the symbol.
J1 overlaps U1: 6 footprint overlaps, 6 pad clearance violations, 1 courtyard conflict. Move the components apart.
J1 overlaps U2: 6 footprint overlaps, 8 pad clearance violations, 1 courtyard conflict. Move the components apart.
J1 overlaps U3: 6 footprint overlaps, 8 pad clearance violations, 1 courtyard conflict. Move the components apart.
J1 overlaps U11: 12 footprint overlaps, 18 pad clearance violations, 1 courtyard conflict. Move the components apart.
J1 overlaps D4: 2 footprint overlaps, 1 courtyard conflict. Move the components apart.
J1 overlaps U4: 28 footprint overlaps, 19 pad clearance violations, 1 courtyard conflict. Move the components apart.
J1 overlaps U5: 8 footprint overlaps, 8 pad clearance violations, 1 courtyard conflict. Move the components apart.
J1 overlaps D5: 2 footprint overlaps, 1 courtyard conflict. Move the components apart.
J1 overlaps L1: 10 footprint overlaps, 6 pad clearance violations, 1 courtyard conflict. Move the components apart.
J1 overlaps C18: 6 footprint overlaps, 1 pad clearance violation, 1 courtyard conflict. Move the components apart.
J1 overlaps U6: 8 footprint overlaps, 8 pad clearance violations, 1 courtyard conflict. Move the components apart.
J1 overlaps U9: 8 footprint overlaps, 8 pad clearance violations, 1 courtyard conflict. Move the components apart.
J1 overlaps U10: 10 footprint overlaps, 12 pad clearance violations, 1 courtyard conflict. Move the components apart.
J1 overlaps R45: 8 footprint overlaps, 6 pad clearance violations, 1 courtyard conflict. Move the components apart.
J1 overlaps R46: 8 footprint overlaps, 6 pad clearance violations, 1 courtyard conflict. Move the components apart.
J1 overlaps R47: 8 footprint overlaps, 6 pad clearance violations, 1 courtyard conflict. Move the components apart.
J1 overlaps R48: 8 footprint overlaps, 6 pad clearance violations, 1 courtyard conflict. Move the components apart.
J1 overlaps RV1: 11 footprint overlaps, 1 courtyard conflict. Move the components apart.
J1 overlaps SW1: 2 footprint overlaps, 1 courtyard conflict. Move the components apart.
J1 overlaps J2: 8 footprint overlaps, 1 courtyard conflict. Move the components apart.
U1 overlaps U2: 19 footprint overlaps, 19 pad clearance violations, 1 courtyard conflict. Move the components apart.
U1 overlaps U3: 19 footprint overlaps, 19 pad clearance violations, 1 courtyard conflict. Move the components apart.
U1 overlaps D1: 8 footprint overlaps, 11 pad clearance violations, 1 courtyard conflict. Move the components apart.
U1 overlaps D2: 2 footprint overlaps, 2 pad clearance violations, 1 courtyard conflict. Move the components apart.
U1 overlaps R1: 2 footprint overlaps, 2 pad clearance violations, 1 courtyard conflict. Move the components apart.
U1 overlaps D3: 4 footprint overlaps, 8 pad clearance violations, 1 courtyard conflict. Move the components apart.
U1 overlaps C1: 8 footprint overlaps, 8 pad clearance violations, 1 courtyard conflict. Move the components apart.
U1 overlaps C2: 1 footprint overlap, 1 pad clearance violation, 1 courtyard conflict. Move the components apart.
U1 overlaps C3: 1 footprint overlap, 1 pad clearance violation, 1 courtyard conflict. Move the components apart.
U1 overlaps C4: 1 footprint overlap, 1 pad clearance violation, 1 courtyard conflict. Move the components apart.
U1 overlaps C5: 1 footprint overlap, 1 pad clearance violation, 1 courtyard conflict. Move the components apart.
U1 overlaps C6: 7 footprint overlaps, 7 pad clearance violations, 1 courtyard conflict. Move the components apart.
U1 overlaps C7: 7 footprint overlaps, 7 pad clearance violations, 1 courtyard conflict. Move the components apart.
U1 overlaps C8: 1 footprint overlap, 1 pad clearance violation, 1 courtyard conflict. Move the components apart.
U1 overlaps R2: 2 footprint overlaps, 2 pad clearance violations, 1 courtyard conflict. Move the components apart.
U1 overlaps R3: 2 footprint overlaps, 2 pad clearance violations, 1 courtyard conflict. Move the components apart.
U1 overlaps R4: 1 footprint overlap, 1 pad clearance violation, 1 courtyard conflict. Move the components apart.
U1 overlaps U11: 12 footprint overlaps, 16 pad clearance violations, 1 courtyard conflict. Move the components apart.
U1 overlaps C30: 1 footprint overlap, 1 pad clearance violation, 1 courtyard conflict. Move the components apart.
U1 overlaps C31: 8 footprint overlaps, 8 pad clearance violations, 1 courtyard conflict. Move the components apart.
U1 overlaps C32: 1 footprint overlap, 1 pad clearance violation, 1 courtyard conflict. Move the components apart.
U1 overlaps R56: 1 footprint overlap, 1 pad clearance violation, 1 courtyard conflict. Move the components apart.
U1 overlaps R57: 2 footprint overlaps, 2 pad clearance violations, 1 courtyard conflict. Move the components apart.
U1 overlaps Q6: 2 footprint overlaps, 2 pad clearance violations, 1 courtyard conflict. Move the components apart.
U1 overlaps R58: 1 footprint overlap, 1 pad clearance violation, 1 courtyard conflict. Move the components apart.
U1 overlaps R59: 1 footprint overlap, 1 pad clearance violation, 1 courtyard conflict. Move the components apart.
U1 overlaps R60: 2 footprint overlaps, 2 pad clearance violations, 1 courtyard conflict. Move the components apart.
U1 overlaps R61: 1 footprint overlap, 1 pad clearance violation, 1 courtyard conflict. Move the components apart.
U1 overlaps C33: 1 footprint overlap, 1 pad clearance violation, 1 courtyard conflict. Move the components apart.
U1 overlaps R62: 2 footprint overlaps, 2 pad clearance violations, 1 courtyard conflict. Move the components apart.
U1 overlaps Q7: 2 footprint overlaps, 2 pad clearance violations, 1 courtyard conflict. Move the components apart.
U1 overlaps Q8: 2 footprint overlaps, 2 pad clearance violations, 1 courtyard conflict. Move the components apart.
U1 overlaps R63: 1 footprint overlap, 1 pad clearance violation, 1 courtyard conflict. Move the components apart.
U1 overlaps R64: 1 footprint overlap, 1 pad clearance violation, 1 courtyard conflict. Move the components apart.
U1 overlaps R66: 2 footprint overlaps, 2 pad clearance violations, 1 courtyard conflict. Move the components apart.
U1 overlaps R67: 1 footprint overlap, 1 pad clearance violation, 1 courtyard conflict. Move the components apart.
U1 overlaps C34: 1 footprint overlap, 1 pad clearance violation, 1 courtyard conflict. Move the components apart.
U1 overlaps D4: 8 footprint overlaps, 10 pad clearance violations, 1 courtyard conflict. Move the components apart.
U1 overlaps U4: 12 footprint overlaps, 16 pad clearance violations, 1 courtyard conflict. Move the components apart.
U1 overlaps Q1: 2 footprint overlaps, 2 pad clearance violations, 1 courtyard conflict. Move the components apart.
U1 overlaps R5: 2 footprint overlaps, 2 pad clearance violations, 1 courtyard conflict. Move the components apart.
U1 overlaps R6: 2 footprint overlaps, 2 pad clearance violations, 1 courtyard conflict. Move the components apart.
U1 overlaps R7: 2 footprint overlaps, 2 pad clearance violations, 1 courtyard conflict. Move the components apart.
U1 overlaps R8: 2 footprint overlaps, 2 pad clearance violations, 1 courtyard conflict. Move the components apart.
U1 overlaps R9: 1 footprint overlap, 1 pad clearance violation, 1 courtyard conflict. Move the components apart.
U1 overlaps R10: 2 footprint overlaps, 2 pad clearance violations, 1 courtyard conflict. Move the components apart.
U1 overlaps R11: 2 footprint overlaps, 2 pad clearance violations, 1 courtyard conflict. Move the components apart.
U1 overlaps R12: 1 footprint overlap, 1 pad clearance violation, 1 courtyard conflict. Move the components apart.
U1 overlaps R13: 1 footprint overlap, 1 pad clearance violation, 1 courtyard conflict. Move the components apart.
U1 overlaps R16: 2 footprint overlaps, 2 pad clearance violations, 1 courtyard conflict. Move the components apart.
U1 overlaps C9: 1 footprint overlap, 1 pad clearance violation, 1 courtyard conflict. Move the components apart.
U1 overlaps C10: 1 footprint overlap, 1 pad clearance violation, 1 courtyard conflict. Move the components apart.
U1 overlaps C11: 8 footprint overlaps, 8 pad clearance violations, 1 courtyard conflict. Move the components apart.
U1 overlaps U5: 8 footprint overlaps, 8 pad clearance violations, 1 courtyard conflict. Move the components apart.
U1 overlaps D5: 7 footprint overlaps, 8 pad clearance violations, 1 courtyard conflict. Move the components apart.
U1 overlaps C12: 2 footprint overlaps, 2 pad clearance violations, 1 courtyard conflict. Move the components apart.
U1 overlaps C13: 11 footprint overlaps, 11 pad clearance violations, 1 courtyard conflict. Move the components apart.
U1 overlaps C14: 11 footprint overlaps, 11 pad clearance violations, 1 courtyard conflict. Move the components apart.
U1 overlaps C15: 1 footprint overlap, 1 pad clearance violation, 1 courtyard conflict. Move the components apart.
U1 overlaps C16: 8 footprint overlaps, 8 pad clearance violations, 1 courtyard conflict. Move the components apart.
U1 overlaps C17: 8 footprint overlaps, 8 pad clearance violations, 1 courtyard conflict. Move the components apart.
U1 overlaps C18: 7 footprint overlaps, 7 pad clearance violations, 1 courtyard conflict. Move the components apart.
U1 overlaps R17: 1 footprint overlap, 1 pad clearance violation, 1 courtyard conflict. Move the components apart.
U1 overlaps R18: 2 footprint overlaps, 2 pad clearance violations, 1 courtyard conflict. Move the components apart.
U1 overlaps R55: 2 footprint overlaps, 2 pad clearance violations, 1 courtyard conflict. Move the components apart.
U1 overlaps R19: 1 footprint overlap, 1 pad clearance violation, 1 courtyard conflict. Move the components apart.
U1 overlaps R20: 2 footprint overlaps, 2 pad clearance violations, 1 courtyard conflict. Move the components apart.
U1 overlaps R21: 2 footprint overlaps, 2 pad clearance violations, 1 courtyard conflict. Move the components apart.
U1 overlaps R22: 2 footprint overlaps, 2 pad clearance violations, 1 courtyard conflict. Move the components apart.
U1 overlaps C19: 1 footprint overlap, 1 pad clearance violation, 1 courtyard conflict. Move the components apart.
U1 overlaps C20: 1 footprint overlap, 1 pad clearance violation, 1 courtyard conflict. Move the components apart.
U1 overlaps R23: 2 footprint overlaps, 2 pad clearance violations, 1 courtyard conflict. Move the components apart.
U1 overlaps R68: 8 footprint overlaps, 8 pad clearance violations, 1 courtyard conflict. Move the components apart.
U1 overlaps R24: 1 footprint overlap, 1 pad clearance violation, 1 courtyard conflict. Move the components apart.
U1 overlaps U6: 8 footprint overlaps, 8 pad clearance violations, 1 courtyard conflict. Move the components apart.
U1 overlaps R25: 2 footprint overlaps, 2 pad clearance violations, 1 courtyard conflict. Move the components apart.
U1 overlaps D6: 6 footprint overlaps, 6 pad clearance violations, 1 courtyard conflict. Move the components apart.
U1 overlaps D7: 6 footprint overlaps, 6 pad clearance violations, 1 courtyard conflict. Move the components apart.
U1 overlaps R26: 2 footprint overlaps, 2 pad clearance violations, 1 courtyard conflict. Move the components apart.
U1 overlaps C21: 1 footprint overlap, 1 pad clearance violation, 1 courtyard conflict. Move the components apart.
U1 overlaps C22: 1 footprint overlap, 1 pad clearance violation, 1 courtyard conflict. Move the components apart.
U1 overlaps C23: 1 footprint overlap, 1 pad clearance violation, 1 courtyard conflict. Move the components apart.
U1 overlaps R29: 2 footprint overlaps, 2 pad clearance violations, 1 courtyard conflict. Move the components apart.
U1 overlaps R30: 2 footprint overlaps, 2 pad clearance violations, 1 courtyard conflict. Move the components apart.
U1 overlaps LED2: 1 footprint overlap, 1 pad clearance violation, 1 courtyard conflict. Move the components apart.
U1 overlaps LED3: 1 footprint overlap, 1 pad clearance violation, 1 courtyard conflict. Move the components apart.
U1 overlaps U8: 7 footprint overlaps, 7 pad clearance violations, 1 courtyard conflict. Move the components apart.
U1 overlaps R31: 2 footprint overlaps, 2 pad clearance violations, 1 courtyard conflict. Move the components apart.
U1 overlaps U9: 8 footprint overlaps, 8 pad clearance violations, 1 courtyard conflict. Move the components apart.
U1 overlaps R32: 2 footprint overlaps, 2 pad clearance violations, 1 courtyard conflict. Move the components apart.
U1 overlaps R33: 1 footprint overlap, 1 pad clearance violation, 1 courtyard conflict. Move the components apart.
U1 overlaps R34: 2 footprint overlaps, 2 pad clearance violations, 1 courtyard conflict. Move the components apart.
U1 overlaps D8: 6 footprint overlaps, 6 pad clearance violations, 1 courtyard conflict. Move the components apart.
U1 overlaps R39: 2 footprint overlaps, 2 pad clearance violations, 1 courtyard conflict. Move the components apart.
U1 overlaps R65: 1 footprint overlap, 1 pad clearance violation, 1 courtyard conflict. Move the components apart.
U1 overlaps R40: 2 footprint overlaps, 2 pad clearance violations, 1 courtyard conflict. Move the components apart.
U1 overlaps C25: 1 footprint overlap, 1 pad clearance violation, 1 courtyard conflict. Move the components apart.
U1 overlaps U10: 21 footprint overlaps, 25 pad clearance violations, 1 courtyard conflict. Move the components apart.
U1 overlaps R50: 1 footprint overlap, 1 pad clearance violation, 1 courtyard conflict. Move the components apart.
U1 overlaps R51: 2 footprint overlaps, 2 pad clearance violations, 1 courtyard conflict. Move the components apart.
U1 overlaps C26: 2 footprint overlaps, 2 pad clearance violations, 1 courtyard conflict. Move the components apart.
U1 overlaps C27: 2 footprint overlaps, 2 pad clearance violations, 1 courtyard conflict. Move the components apart.
U1 overlaps C28: 1 footprint overlap, 1 pad clearance violation, 1 courtyard conflict. Move the components apart.
U1 overlaps C29: 8 footprint overlaps, 8 pad clearance violations, 1 courtyard conflict. Move the components apart.
U1 overlaps D10: 14 footprint overlaps, 14 pad clearance violations, 1 courtyard conflict. Move the components apart.
U1 overlaps D11: 11 footprint overlaps, 11 pad clearance violations, 1 courtyard conflict. Move the components apart.
U1 overlaps R54: 2 footprint overlaps, 2 pad clearance violations, 1 courtyard conflict. Move the components apart.
U1 overlaps LED1: 1 footprint overlap, 1 pad clearance violation, 1 courtyard conflict. Move the components apart.
U1 overlaps Q2: 3 footprint overlaps, 3 pad clearance violations, 1 courtyard conflict. Move the components apart.
U1 overlaps R41: 2 footprint overlaps, 2 pad clearance violations, 1 courtyard conflict. Move the components apart.
U1 overlaps R42: 2 footprint overlaps, 2 pad clearance violations, 1 courtyard conflict. Move the components apart.
U1 overlaps R43: 2 footprint overlaps, 2 pad clearance violations, 1 courtyard conflict. Move the components apart.
U1 overlaps R44: 1 footprint overlap, 1 pad clearance violation, 1 courtyard conflict. Move the components apart.
U1 overlaps D9: 4 footprint overlaps, 8 pad clearance violations, 1 courtyard conflict. Move the components apart.
U1 overlaps Q3: 2 footprint overlaps, 2 pad clearance violations, 1 courtyard conflict. Move the components apart.
U1 overlaps Q4: 2 footprint overlaps, 2 pad clearance violations, 1 courtyard conflict. Move the components apart.
U1 overlaps R49: 2 footprint overlaps, 2 pad clearance violations, 1 courtyard conflict. Move the components apart.
U1 overlaps Q5: 2 footprint overlaps, 2 pad clearance violations, 1 courtyard conflict. Move the components apart.
U1 overlaps RV1: 7 footprint overlaps, 4 pad clearance violations, 1 courtyard conflict. Move the components apart.
U1 overlaps SW1: 10 footprint overlaps, 5 pad clearance violations, 1 courtyard conflict. Move the components apart.
U1 overlaps J2: 16 footprint overlaps, 14 pad clearance violations, 1 courtyard conflict. Move the components apart.
U2 overlaps U3: 5 footprint overlaps, 5 pad clearance violations, 1 courtyard conflict. Move the components apart.
U2 overlaps D2: 2 footprint overlaps, 6 pad clearance violations, 1 courtyard conflict. Move the components apart.
U2 overlaps R1: 2 footprint overlaps, 2 pad clearance violations, 1 courtyard conflict. Move the components apart.
U2 overlaps C1: 1 footprint overlap, 1 pad clearance violation, 1 courtyard conflict. Move the components apart.
U2 overlaps C2: 1 footprint overlap, 1 pad clearance violation, 1 courtyard conflict. Move the components apart.
C3 overlaps U2: 1 footprint overlap, 1 pad clearance violation, 1 courtyard conflict. Move the components apart.
C4 overlaps U2: 1 footprint overlap, 1 pad clearance violation, 1 courtyard conflict. Move the components apart.
C5 overlaps U2: 1 footprint overlap, 1 pad clearance violation, 1 courtyard conflict. Move the components apart.
C6 overlaps U2: 1 footprint overlap, 1 pad clearance violation, 1 courtyard conflict. Move the components apart.
C7 overlaps U2: 1 footprint overlap, 1 pad clearance violation, 1 courtyard conflict. Move the components apart.
C8 overlaps U2: 1 footprint overlap, 1 pad clearance violation, 1 courtyard conflict. Move the components apart.
R2 overlaps U2: 2 footprint overlaps, 2 pad clearance violations, 1 courtyard conflict. Move the components apart.
R3 overlaps U2: 2 footprint overlaps, 2 pad clearance violations, 1 courtyard conflict. Move the components apart.
R4 overlaps U2: 1 footprint overlap, 1 pad clearance violation, 1 courtyard conflict. Move the components apart.
U11 overlaps U2: 8 footprint overlaps, 8 pad clearance violations, 1 courtyard conflict. Move the components apart.
U2 overlaps C30: 1 footprint overlap, 1 pad clearance violation, 1 courtyard conflict. Move the components apart.
U2 overlaps C31: 1 footprint overlap, 1 pad clearance violation, 1 courtyard conflict. Move the components apart.
U2 overlaps C32: 1 footprint overlap, 1 pad clearance violation, 1 courtyard conflict. Move the components apart.
U2 overlaps R56: 1 footprint overlap, 1 pad clearance violation, 1 courtyard conflict. Move the components apart.
U2 overlaps R57: 2 footprint overlaps, 2 pad clearance violations, 1 courtyard conflict. Move the components apart.
U2 overlaps Q6: 2 footprint overlaps, 6 pad clearance violations, 1 courtyard conflict. Move the components apart.
U2 overlaps R58: 1 footprint overlap, 1 pad clearance violation, 1 courtyard conflict. Move the components apart.
U2 overlaps R59: 1 footprint overlap, 1 pad clearance violation, 1 courtyard conflict. Move the components apart.
U2 overlaps R60: 2 footprint overlaps, 2 pad clearance violations, 1 courtyard conflict. Move the components apart.
U2 overlaps R61: 1 footprint overlap, 1 pad clearance violation, 1 courtyard conflict. Move the components apart.
U2 overlaps C33: 1 footprint overlap, 1 pad clearance violation, 1 courtyard conflict. Move the components apart.
U2 overlaps R62: 2 footprint overlaps, 2 pad clearance violations, 1 courtyard conflict. Move the components apart.
U2 overlaps Q7: 2 footprint overlaps, 6 pad clearance violations, 1 courtyard conflict. Move the components apart.
U2 overlaps Q8: 2 footprint overlaps, 6 pad clearance violations, 1 courtyard conflict. Move the components apart.
U2 overlaps R63: 1 footprint overlap, 1 pad clearance violation, 1 courtyard conflict. Move the components apart.
U2 overlaps R64: 1 footprint overlap, 1 pad clearance violation, 1 courtyard conflict. Move the components apart.
U2 overlaps R66: 2 footprint overlaps, 2 pad clearance violations, 1 courtyard conflict. Move the components apart.
U2 overlaps R67: 1 footprint overlap, 1 pad clearance violation, 1 courtyard conflict. Move the components apart.
U2 overlaps C34: 1 footprint overlap, 1 pad clearance violation, 1 courtyard conflict. Move the components apart.
U2 overlaps Q1: 2 footprint overlaps, 6 pad clearance violations, 1 courtyard conflict. Move the components apart.
U2 overlaps R5: 2 footprint overlaps, 2 pad clearance violations, 1 courtyard conflict. Move the components apart.
U2 overlaps R6: 2 footprint overlaps, 2 pad clearance violations, 1 courtyard conflict. Move the components apart.
U2 overlaps R7: 2 footprint overlaps, 2 pad clearance violations, 1 courtyard conflict. Move the components apart.
U2 overlaps R8: 2 footprint overlaps, 2 pad clearance violations, 1 courtyard conflict. Move the components apart.
U2 overlaps R9: 1 footprint overlap, 1 pad clearance violation, 1 courtyard conflict. Move the components apart.
U2 overlaps R10: 2 footprint overlaps, 2 pad clearance violations, 1 courtyard conflict. Move the components apart.
U2 overlaps R11: 2 footprint overlaps, 2 pad clearance violations, 1 courtyard conflict. Move the components apart.
U2 overlaps R12: 1 footprint overlap, 1 pad clearance violation, 1 courtyard conflict. Move the components apart.
U2 overlaps R13: 1 footprint overlap, 1 pad clearance violation, 1 courtyard conflict. Move the components apart.
U2 overlaps R16: 2 footprint overlaps, 2 pad clearance violations, 1 courtyard conflict. Move the components apart.
U2 overlaps C9: 1 footprint overlap, 1 pad clearance violation, 1 courtyard conflict. Move the components apart.
U2 overlaps C10: 1 footprint overlap, 1 pad clearance violation, 1 courtyard conflict. Move the components apart.
U2 overlaps C11: 1 footprint overlap, 1 pad clearance violation, 1 courtyard conflict. Move the components apart.
U2 overlaps U5: 8 footprint overlaps, 8 pad clearance violations, 1 courtyard conflict. Move the components apart.
U2 overlaps C12: 2 footprint overlaps, 2 pad clearance violations, 1 courtyard conflict. Move the components apart.
U2 overlaps C13: 4 footprint overlaps, 4 pad clearance violations, 1 courtyard conflict. Move the components apart.
U2 overlaps C14: 4 footprint overlaps, 4 pad clearance violations, 1 courtyard conflict. Move the components apart.
U2 overlaps C15: 1 footprint overlap, 1 pad clearance violation, 1 courtyard conflict. Move the components apart.
U2 overlaps C16: 1 footprint overlap, 1 pad clearance violation, 1 courtyard conflict. Move the components apart.
U2 overlaps C17: 1 footprint overlap, 1 pad clearance violation, 1 courtyard conflict. Move the components apart.
U2 overlaps R17: 1 footprint overlap, 1 pad clearance violation, 1 courtyard conflict. Move the components apart.
U2 overlaps R18: 2 footprint overlaps, 2 pad clearance violations, 1 courtyard conflict. Move the components apart.
U2 overlaps R55: 2 footprint overlaps, 2 pad clearance violations, 1 courtyard conflict. Move the components apart.
U2 overlaps R19: 1 footprint overlap, 1 pad clearance violation, 1 courtyard conflict. Move the components apart.
U2 overlaps R20: 2 footprint overlaps, 2 pad clearance violations, 1 courtyard conflict. Move the components apart.
U2 overlaps R21: 2 footprint overlaps, 2 pad clearance violations, 1 courtyard conflict. Move the components apart.
U2 overlaps R22: 2 footprint overlaps, 2 pad clearance violations, 1 courtyard conflict. Move the components apart.
U2 overlaps C19: 1 footprint overlap, 1 pad clearance violation, 1 courtyard conflict. Move the components apart.
U2 overlaps C20: 1 footprint overlap, 1 pad clearance violation, 1 courtyard conflict. Move the components apart.
U2 overlaps R23: 2 footprint overlaps, 2 pad clearance violations, 1 courtyard conflict. Move the components apart.
U2 overlaps R68: 1 footprint overlap, 1 pad clearance violation, 1 courtyard conflict. Move the components apart.
U2 overlaps R24: 1 footprint overlap, 1 pad clearance violation, 1 courtyard conflict. Move the components apart.
U2 overlaps U6: 8 footprint overlaps, 8 pad clearance violations, 1 courtyard conflict. Move the components apart.
U2 overlaps R25: 2 footprint overlaps, 2 pad clearance violations, 1 courtyard conflict. Move the components apart.
U2 overlaps R26: 2 footprint overlaps, 2 pad clearance violations, 1 courtyard conflict. Move the components apart.
U2 overlaps C21: 1 footprint overlap, 1 pad clearance violation, 1 courtyard conflict. Move the components apart.
U2 overlaps C22: 1 footprint overlap, 1 pad clearance violation, 1 courtyard conflict. Move the components apart.
U2 overlaps C23: 1 footprint overlap, 1 pad clearance violation, 1 courtyard conflict. Move the components apart.
U2 overlaps R29: 2 footprint overlaps, 2 pad clearance violations, 1 courtyard conflict. Move the components apart.
U2 overlaps R30: 2 footprint overlaps, 2 pad clearance violations, 1 courtyard conflict. Move the components apart.
U2 overlaps LED2: 1 footprint overlap, 1 pad clearance violation, 1 courtyard conflict. Move the components apart.
U2 overlaps LED3: 1 footprint overlap, 1 pad clearance violation, 1 courtyard conflict. Move the components apart.
U8 overlaps U2: 2 footprint overlaps, 4 pad clearance violations, 1 courtyard conflict. Move the components apart.
R31 overlaps U2: 2 footprint overlaps, 2 pad clearance violations, 1 courtyard conflict. Move the components apart.
U9 overlaps U2: 8 footprint overlaps, 8 pad clearance violations, 1 courtyard conflict. Move the components apart.
R32 overlaps U2: 2 footprint overlaps, 2 pad clearance violations, 1 courtyard conflict. Move the components apart.
R33 overlaps U2: 1 footprint overlap, 1 pad clearance violation, 1 courtyard conflict. Move the components apart.
R34 overlaps U2: 2 footprint overlaps, 2 pad clearance violations, 1 courtyard conflict. Move the components apart.
R39 overlaps U2: 2 footprint overlaps, 2 pad clearance violations, 1 courtyard conflict. Move the components apart.
R65 overlaps U2: 1 footprint overlap, 1 pad clearance violation, 1 courtyard conflict. Move the components apart.
R40 overlaps U2: 2 footprint overlaps, 2 pad clearance violations, 1 courtyard conflict. Move the components apart.
C25 overlaps U2: 1 footprint overlap, 1 pad clearance violation, 1 courtyard conflict. Move the components apart.
U10 overlaps U2: 8 footprint overlaps, 15 pad clearance violations, 1 courtyard conflict. Move the components apart.
R50 overlaps U2: 1 footprint overlap, 1 pad clearance violation, 1 courtyard conflict. Move the components apart.
R51 overlaps U2: 2 footprint overlaps, 2 pad clearance violations, 1 courtyard conflict. Move the components apart.
C26 overlaps U2: 2 footprint overlaps, 2 pad clearance violations, 1 courtyard conflict. Move the components apart.
C27 overlaps U2: 2 footprint overlaps, 2 pad clearance violations, 1 courtyard conflict. Move the components apart.
C28 overlaps U2: 1 footprint overlap, 1 pad clearance violation, 1 courtyard conflict. Move the components apart.
C29 overlaps U2: 1 footprint overlap, 1 pad clearance violation, 1 courtyard conflict. Move the components apart.
R54 overlaps U2: 2 footprint overlaps, 2 pad clearance violations, 1 courtyard conflict. Move the components apart.
LED1 overlaps U2: 1 footprint overlap, 1 pad clearance violation, 1 courtyard conflict. Move the components apart.
Q2 overlaps U2: 3 footprint overlaps, 7 pad clearance violations, 1 courtyard conflict. Move the components apart.
R41 overlaps U2: 2 footprint overlaps, 2 pad clearance violations, 1 courtyard conflict. Move the components apart.
R42 overlaps U2: 2 footprint overlaps, 2 pad clearance violations, 1 courtyard conflict. Move the components apart.
R43 overlaps U2: 2 footprint overlaps, 2 pad clearance violations, 1 courtyard conflict. Move the components apart.
R44 overlaps U2: 1 footprint overlap, 1 pad clearance violation, 1 courtyard conflict. Move the components apart.
Q3 overlaps U2: 2 footprint overlaps, 6 pad clearance violations, 1 courtyard conflict. Move the components apart.
Q4 overlaps U2: 2 footprint overlaps, 6 pad clearance violations, 1 courtyard conflict. Move the components apart.
R49 overlaps U2: 2 footprint overlaps, 2 pad clearance violations, 1 courtyard conflict. Move the components apart.
Q5 overlaps U2: 2 footprint overlaps, 6 pad clearance violations, 1 courtyard conflict. Move the components apart.
U2 overlaps RV1: 7 footprint overlaps, 4 pad clearance violations, 1 courtyard conflict. Move the components apart.
U2 overlaps SW1: 2 footprint overlaps, 1 pad clearance violation, 1 courtyard conflict. Move the components apart.
J2 overlaps U2: 2 footprint overlaps, 1 courtyard conflict. Move the components apart.
U3 overlaps D2: 2 footprint overlaps, 6 pad clearance violations, 1 courtyard conflict. Move the components apart.
U3 overlaps R1: 2 footprint overlaps, 2 pad clearance violations, 1 courtyard conflict. Move the components apart.
U3 overlaps C1: 1 footprint overlap, 1 pad clearance violation, 1 courtyard conflict. Move the components apart.
U3 overlaps C2: 1 footprint overlap, 1 pad clearance violation, 1 courtyard conflict. Move the components apart.
C3 overlaps U3: 1 footprint overlap, 1 pad clearance violation, 1 courtyard conflict. Move the components apart.
C4 overlaps U3: 1 footprint overlap, 1 pad clearance violation, 1 courtyard conflict. Move the components apart.
C5 overlaps U3: 1 footprint overlap, 1 pad clearance violation, 1 courtyard conflict. Move the components apart.
C6 overlaps U3: 1 footprint overlap, 1 pad clearance violation, 1 courtyard conflict. Move the components apart.
C7 overlaps U3: 1 footprint overlap, 1 pad clearance violation, 1 courtyard conflict. Move the components apart.
C8 overlaps U3: 1 footprint overlap, 1 pad clearance violation, 1 courtyard conflict. Move the components apart.
R2 overlaps U3: 2 footprint overlaps, 2 pad clearance violations, 1 courtyard conflict. Move the components apart.
R3 overlaps U3: 2 footprint overlaps, 2 pad clearance violations, 1 courtyard conflict. Move the components apart.
R4 overlaps U3: 1 footprint overlap, 1 pad clearance violation, 1 courtyard conflict. Move the components apart.
U11 overlaps U3: 7 footprint overlaps, 7 pad clearance violations, 1 courtyard conflict. Move the components apart.
C30 overlaps U3: 1 footprint overlap, 1 pad clearance violation, 1 courtyard conflict. Move the components apart.
C31 overlaps U3: 1 footprint overlap, 1 pad clearance violation, 1 courtyard conflict. Move the components apart.
C32 overlaps U3: 1 footprint overlap, 1 pad clearance violation, 1 courtyard conflict. Move the components apart.
R56 overlaps U3: 1 footprint overlap, 1 pad clearance violation, 1 courtyard conflict. Move the components apart.
R57 overlaps U3: 2 footprint overlaps, 2 pad clearance violations, 1 courtyard conflict. Move the components apart.
Q6 overlaps U3: 2 footprint overlaps, 6 pad clearance violations, 1 courtyard conflict. Move the components apart.
R58 overlaps U3: 1 footprint overlap, 1 pad clearance violation, 1 courtyard conflict. Move the components apart.
R59 overlaps U3: 1 footprint overlap, 1 pad clearance violation, 1 courtyard conflict. Move the components apart.
R60 overlaps U3: 2 footprint overlaps, 2 pad clearance violations, 1 courtyard conflict. Move the components apart.
U3 overlaps R61: 1 footprint overlap, 1 pad clearance violation, 1 courtyard conflict. Move the components apart.
U3 overlaps C33: 1 footprint overlap, 1 pad clearance violation, 1 courtyard conflict. Move the components apart.
U3 overlaps R62: 2 footprint overlaps, 2 pad clearance violations, 1 courtyard conflict. Move the components apart.
U3 overlaps Q7: 2 footprint overlaps, 6 pad clearance violations, 1 courtyard conflict. Move the components apart.
U3 overlaps Q8: 2 footprint overlaps, 6 pad clearance violations, 1 courtyard conflict. Move the components apart.
U3 overlaps R63: 1 footprint overlap, 1 pad clearance violation, 1 courtyard conflict. Move the components apart.
U3 overlaps R64: 1 footprint overlap, 1 pad clearance violation, 1 courtyard conflict. Move the components apart.
U3 overlaps R66: 2 footprint overlaps, 2 pad clearance violations, 1 courtyard conflict. Move the components apart.
U3 overlaps R67: 1 footprint overlap, 1 pad clearance violation, 1 courtyard conflict. Move the components apart.
U3 overlaps C34: 1 footprint overlap, 1 pad clearance violation, 1 courtyard conflict. Move the components apart.
U3 overlaps Q1: 2 footprint overlaps, 6 pad clearance violations, 1 courtyard conflict. Move the components apart.
U3 overlaps R5: 2 footprint overlaps, 2 pad clearance violations, 1 courtyard conflict. Move the components apart.
U3 overlaps R6: 2 footprint overlaps, 2 pad clearance violations, 1 courtyard conflict. Move the components apart.
U3 overlaps R7: 2 footprint overlaps, 2 pad clearance violations, 1 courtyard conflict. Move the components apart.
U3 overlaps R8: 2 footprint overlaps, 2 pad clearance violations, 1 courtyard conflict. Move the components apart.
U3 overlaps R9: 1 footprint overlap, 1 pad clearance violation, 1 courtyard conflict. Move the components apart.
U3 overlaps R10: 2 footprint overlaps, 2 pad clearance violations, 1 courtyard conflict. Move the components apart.
U3 overlaps R11: 2 footprint overlaps, 2 pad clearance violations, 1 courtyard conflict. Move the components apart.
U3 overlaps R12: 1 footprint overlap, 1 pad clearance violation, 1 courtyard conflict. Move the components apart.
U3 overlaps R13: 1 footprint overlap, 1 pad clearance violation, 1 courtyard conflict. Move the components apart.
U3 overlaps R16: 2 footprint overlaps, 2 pad clearance violations, 1 courtyard conflict. Move the components apart.
U3 overlaps C9: 1 footprint overlap, 1 pad clearance violation, 1 courtyard conflict. Move the components apart.
U3 overlaps C10: 1 footprint overlap, 1 pad clearance violation, 1 courtyard conflict. Move the components apart.
U3 overlaps C11: 1 footprint overlap, 1 pad clearance violation, 1 courtyard conflict. Move the components apart.
U3 overlaps U5: 8 footprint overlaps, 8 pad clearance violations, 1 courtyard conflict. Move the components apart.
U3 overlaps C12: 2 footprint overlaps, 2 pad clearance violations, 1 courtyard conflict. Move the components apart.
U3 overlaps C13: 4 footprint overlaps, 4 pad clearance violations, 1 courtyard conflict. Move the components apart.
U3 overlaps C14: 4 footprint overlaps, 4 pad clearance violations, 1 courtyard conflict. Move the components apart.
U3 overlaps C15: 1 footprint overlap, 1 pad clearance violation, 1 courtyard conflict. Move the components apart.
U3 overlaps C16: 1 footprint overlap, 1 pad clearance violation, 1 courtyard conflict. Move the components apart.
U3 overlaps C17: 1 footprint overlap, 1 pad clearance violation, 1 courtyard conflict. Move the components apart.
U3 overlaps R17: 1 footprint overlap, 1 pad clearance violation, 1 courtyard conflict. Move the components apart.
U3 overlaps R18: 2 footprint overlaps, 2 pad clearance violations, 1 courtyard conflict. Move the components apart.
U3 overlaps R55: 2 footprint overlaps, 2 pad clearance violations, 1 courtyard conflict. Move the components apart.
U3 overlaps R19: 1 footprint overlap, 1 pad clearance violation, 1 courtyard conflict. Move the components apart.
U3 overlaps R20: 2 footprint overlaps, 2 pad clearance violations, 1 courtyard conflict. Move the components apart.
U3 overlaps R21: 2 footprint overlaps, 2 pad clearance violations, 1 courtyard conflict. Move the components apart.
U3 overlaps R22: 2 footprint overlaps, 2 pad clearance violations, 1 courtyard conflict. Move the components apart.
U3 overlaps C19: 1 footprint overlap, 1 pad clearance violation, 1 courtyard conflict. Move the components apart.
U3 overlaps C20: 1 footprint overlap, 1 pad clearance violation, 1 courtyard conflict. Move the components apart.
U3 overlaps R23: 2 footprint overlaps, 2 pad clearance violations, 1 courtyard conflict. Move the components apart.
U3 overlaps R68: 1 footprint overlap, 1 pad clearance violation, 1 courtyard conflict. Move the components apart.
U3 overlaps R24: 1 footprint overlap, 1 pad clearance violation, 1 courtyard conflict. Move the components apart.
U3 overlaps U6: 8 footprint overlaps, 8 pad clearance violations, 1 courtyard conflict. Move the components apart.
U3 overlaps R25: 2 footprint overlaps, 2 pad clearance violations, 1 courtyard conflict. Move the components apart.
U3 overlaps R26: 2 footprint overlaps, 2 pad clearance violations, 1 courtyard conflict. Move the components apart.
U3 overlaps C21: 1 footprint overlap, 1 pad clearance violation, 1 courtyard conflict. Move the components apart.
U3 overlaps C22: 1 footprint overlap, 1 pad clearance violation, 1 courtyard conflict. Move the components apart.
U3 overlaps C23: 1 footprint overlap, 1 pad clearance violation, 1 courtyard conflict. Move the components apart.
U3 overlaps R29: 2 footprint overlaps, 2 pad clearance violations, 1 courtyard conflict. Move the components apart.
U3 overlaps R30: 2 footprint overlaps, 2 pad clearance violations, 1 courtyard conflict. Move the components apart.
U3 overlaps LED2: 1 footprint overlap, 1 pad clearance violation, 1 courtyard conflict. Move the components apart.
U3 overlaps LED3: 1 footprint overlap, 1 pad clearance violation, 1 courtyard conflict. Move the components apart.
U8 overlaps U3: 2 footprint overlaps, 4 pad clearance violations, 1 courtyard conflict. Move the components apart.
R31 overlaps U3: 2 footprint overlaps, 2 pad clearance violations, 1 courtyard conflict. Move the components apart.
U9 overlaps U3: 8 footprint overlaps, 8 pad clearance violations, 1 courtyard conflict. Move the components apart.
R32 overlaps U3: 2 footprint overlaps, 2 pad clearance violations, 1 courtyard conflict. Move the components apart.
R33 overlaps U3: 1 footprint overlap, 1 pad clearance violation, 1 courtyard conflict. Move the components apart.
R34 overlaps U3: 2 footprint overlaps, 2 pad clearance violations, 1 courtyard conflict. Move the components apart.
R39 overlaps U3: 2 footprint overlaps, 2 pad clearance violations, 1 courtyard conflict. Move the components apart.
R65 overlaps U3: 1 footprint overlap, 1 pad clearance violation, 1 courtyard conflict. Move the components apart.
R40 overlaps U3: 2 footprint overlaps, 2 pad clearance violations, 1 courtyard conflict. Move the components apart.
C25 overlaps U3: 1 footprint overlap, 1 pad clearance violation, 1 courtyard conflict. Move the components apart.
U10 overlaps U3: 8 footprint overlaps, 15 pad clearance violations, 1 courtyard conflict. Move the components apart.
R50 overlaps U3: 1 footprint overlap, 1 pad clearance violation, 1 courtyard conflict. Move the components apart.
R51 overlaps U3: 2 footprint overlaps, 2 pad clearance violations, 1 courtyard conflict. Move the components apart.
C26 overlaps U3: 2 footprint overlaps, 2 pad clearance violations, 1 courtyard conflict. Move the components apart.
C27 overlaps U3: 2 footprint overlaps, 2 pad clearance violations, 1 courtyard conflict. Move the components apart.
C28 overlaps U3: 1 footprint overlap, 1 pad clearance violation, 1 courtyard conflict. Move the components apart.
C29 overlaps U3: 1 footprint overlap, 1 pad clearance violation, 1 courtyard conflict. Move the components apart.
R54 overlaps U3: 2 footprint overlaps, 2 pad clearance violations, 1 courtyard conflict. Move the components apart.
LED1 overlaps U3: 1 footprint overlap, 1 pad clearance violation, 1 courtyard conflict. Move the components apart.
Q2 overlaps U3: 3 footprint overlaps, 7 pad clearance violations, 1 courtyard conflict. Move the components apart.
R41 overlaps U3: 2 footprint overlaps, 2 pad clearance violations, 1 courtyard conflict. Move the components apart.
R42 overlaps U3: 2 footprint overlaps, 2 pad clearance violations, 1 courtyard conflict. Move the components apart.
R43 overlaps U3: 2 footprint overlaps, 2 pad clearance violations, 1 courtyard conflict. Move the components apart.
R44 overlaps U3: 1 footprint overlap, 1 pad clearance violation, 1 courtyard conflict. Move the components apart.
Q3 overlaps U3: 2 footprint overlaps, 6 pad clearance violations, 1 courtyard conflict. Move the components apart.
Q4 overlaps U3: 2 footprint overlaps, 6 pad clearance violations, 1 courtyard conflict. Move the components apart.
R49 overlaps U3: 2 footprint overlaps, 2 pad clearance violations, 1 courtyard conflict. Move the components apart.
Q5 overlaps U3: 2 footprint overlaps, 6 pad clearance violations, 1 courtyard conflict. Move the components apart.
U3 overlaps RV1: 7 footprint overlaps, 4 pad clearance violations, 1 courtyard conflict. Move the components apart.
U3 overlaps SW1: 2 footprint overlaps, 1 pad clearance violation, 1 courtyard conflict. Move the components apart.
J2 overlaps U3: 2 footprint overlaps, 1 courtyard conflict. Move the components apart.
D1 overlaps D2: 3 footprint overlaps, 3 pad clearance violations, 1 courtyard conflict. Move the components apart.
D1 overlaps D3: 1 footprint overlap, 1 pad clearance violation, 1 courtyard conflict. Move the components apart.
C6 overlaps D1: 1 footprint overlap, 1 pad clearance violation, 1 courtyard conflict. Move the components apart.
C7 overlaps D1: 1 footprint overlap, 1 pad clearance violation, 1 courtyard conflict. Move the components apart.
C31 overlaps D1: 1 footprint overlap, 1 pad clearance violation, 1 courtyard conflict. Move the components apart.
Q6 overlaps D1: 2 footprint overlaps, 2 pad clearance violations, 1 courtyard conflict. Move the components apart.
Q7 overlaps D1: 2 footprint overlaps, 2 pad clearance violations, 1 courtyard conflict. Move the components apart.
Q8 overlaps D1: 2 footprint overlaps, 2 pad clearance violations, 1 courtyard conflict. Move the components apart.
D1 overlaps D4: 2 footprint overlaps, 2 pad clearance violations, 1 courtyard conflict. Move the components apart.
D1 overlaps U4: 8 footprint overlaps, 9 pad clearance violations, 1 courtyard conflict. Move the components apart.
D1 overlaps Q1: 2 footprint overlaps, 2 pad clearance violations, 1 courtyard conflict. Move the components apart.
D1 overlaps C11: 1 footprint overlap, 1 pad clearance violation, 1 courtyard conflict. Move the components apart.
D1 overlaps D5: 1 footprint overlap, 1 pad clearance violation, 1 courtyard conflict. Move the components apart.
D1 overlaps L1: 2 footprint overlaps, 2 pad clearance violations, 1 courtyard conflict. Move the components apart.
D1 overlaps C13: 1 footprint overlap, 1 pad clearance violation, 1 courtyard conflict. Move the components apart.
D1 overlaps C14: 1 footprint overlap, 1 pad clearance violation, 1 courtyard conflict. Move the components apart.
D1 overlaps C16: 1 footprint overlap, 1 pad clearance violation, 1 courtyard conflict. Move the components apart.
D1 overlaps C17: 1 footprint overlap, 1 pad clearance violation, 1 courtyard conflict. Move the components apart.
D1 overlaps C18: 1 footprint overlap, 1 pad clearance violation, 1 courtyard conflict. Move the components apart.
D1 overlaps R68: 1 footprint overlap, 1 pad clearance violation, 1 courtyard conflict. Move the components apart.
D1 overlaps D6: 2 footprint overlaps, 2 pad clearance violations, 1 courtyard conflict. Move the components apart.
D1 overlaps D7: 2 footprint overlaps, 2 pad clearance violations, 1 courtyard conflict. Move the components apart.
U8 overlaps D1: 3 footprint overlaps, 3 pad clearance violations, 1 courtyard conflict. Move the components apart.
D8 overlaps D1: 2 footprint overlaps, 2 pad clearance violations, 1 courtyard conflict. Move the components apart.
U10 overlaps D1: 1 footprint overlap, 1 pad clearance violation, 1 courtyard conflict. Move the components apart.
C29 overlaps D1: 1 footprint overlap, 1 pad clearance violation, 1 courtyard conflict. Move the components apart.
D10 overlaps D1: 2 footprint overlaps, 2 pad clearance violations, 1 courtyard conflict. Move the components apart.
D11 overlaps D1: 1 footprint overlap, 1 pad clearance violation, 1 courtyard conflict. Move the components apart.
Q2 overlaps D1: 3 footprint overlaps, 3 pad clearance violations, 1 courtyard conflict. Move the components apart.
D9 overlaps D1: 1 footprint overlap, 1 pad clearance violation, 1 courtyard conflict. Move the components apart.
Q3 overlaps D1: 2 footprint overlaps, 2 pad clearance violations, 1 courtyard conflict. Move the components apart.
R45 overlaps D1: 2 footprint overlaps, 2 pad clearance violations, 1 courtyard conflict. Move the components apart.
R46 overlaps D1: 2 footprint overlaps, 2 pad clearance violations, 1 courtyard conflict. Move the components apart.
R47 overlaps D1: 2 footprint overlaps, 2 pad clearance violations, 1 courtyard conflict. Move the components apart.
R48 overlaps D1: 2 footprint overlaps, 2 pad clearance violations, 1 courtyard conflict. Move the components apart.
Q4 overlaps D1: 2 footprint overlaps, 2 pad clearance violations, 1 courtyard conflict. Move the components apart.
Q5 overlaps D1: 2 footprint overlaps, 2 pad clearance violations, 1 courtyard conflict. Move the components apart.
D1 overlaps RV1: 3 footprint overlaps, 1 courtyard conflict. Move the components apart.
D1 overlaps SW1: 3 footprint overlaps, 2 pad clearance violations, 1 courtyard conflict. Move the components apart.
J2 overlaps D1: 4 footprint overlaps, 2 pad clearance violations, 1 courtyard conflict. Move the components apart.
D2 overlaps R1: 1 footprint overlap, 1 pad clearance violation, 1 courtyard conflict. Move the components apart.
D2 overlaps D3: 1 footprint overlap, 3 pad clearance violations, 1 courtyard conflict. Move the components apart.
D2 overlaps C1: 3 footprint overlaps, 3 pad clearance violations, 1 courtyard conflict. Move the components apart.
D2 overlaps C2: 1 footprint overlap, 1 pad clearance violation, 1 courtyard conflict. Move the components apart.
C3 overlaps D2: 1 footprint overlap, 1 pad clearance violation, 1 courtyard conflict. Move the components apart.
C4 overlaps D2: 1 footprint overlap, 1 pad clearance violation, 1 courtyard conflict. Move the components apart.
C5 overlaps D2: 1 footprint overlap, 1 pad clearance violation, 1 courtyard conflict. Move the components apart.
C6 overlaps D2: 3 footprint overlaps, 3 pad clearance violations, 1 courtyard conflict. Move the components apart.
C7 overlaps D2: 3 footprint overlaps, 3 pad clearance violations, 1 courtyard conflict. Move the components apart.
C8 overlaps D2: 1 footprint overlap, 1 pad clearance violation, 1 courtyard conflict. Move the components apart.
R2 overlaps D2: 1 footprint overlap, 1 pad clearance violation, 1 courtyard conflict. Move the components apart.
R3 overlaps D2: 1 footprint overlap, 1 pad clearance violation, 1 courtyard conflict. Move the components apart.
R4 overlaps D2: 1 footprint overlap, 1 pad clearance violation, 1 courtyard conflict. Move the components apart.
C30 overlaps D2: 1 footprint overlap, 1 pad clearance violation, 1 courtyard conflict. Move the components apart.
C31 overlaps D2: 3 footprint overlaps, 3 pad clearance violations, 1 courtyard conflict. Move the components apart.
C32 overlaps D2: 1 footprint overlap, 1 pad clearance violation, 1 courtyard conflict. Move the components apart.
R56 overlaps D2: 1 footprint overlap, 1 pad clearance violation, 1 courtyard conflict. Move the components apart.
R57 overlaps D2: 1 footprint overlap, 1 pad clearance violation, 1 courtyard conflict. Move the components apart.
Q6 overlaps D2: 3 footprint overlaps, 3 pad clearance violations, 1 courtyard conflict. Move the components apart.
R58 overlaps D2: 1 footprint overlap, 1 pad clearance violation, 1 courtyard conflict. Move the components apart.
R59 overlaps D2: 1 footprint overlap, 1 pad clearance violation, 1 courtyard conflict. Move the components apart.
R60 overlaps D2: 1 footprint overlap, 1 pad clearance violation, 1 courtyard conflict. Move the components apart.
R61 overlaps D2: 1 footprint overlap, 1 pad clearance violation, 1 courtyard conflict. Move the components apart.
C33 overlaps D2: 1 footprint overlap, 1 pad clearance violation, 1 courtyard conflict. Move the components apart.
R62 overlaps D2: 1 footprint overlap, 1 pad clearance violation, 1 courtyard conflict. Move the components apart.
Q7 overlaps D2: 3 footprint overlaps, 3 pad clearance violations, 1 courtyard conflict. Move the components apart.
Q8 overlaps D2: 3 footprint overlaps, 3 pad clearance violations, 1 courtyard conflict. Move the components apart.
R63 overlaps D2: 1 footprint overlap, 1 pad clearance violation, 1 courtyard conflict. Move the components apart.
R64 overlaps D2: 1 footprint overlap, 1 pad clearance violation, 1 courtyard conflict. Move the components apart.
R66 overlaps D2: 1 footprint overlap, 1 pad clearance violation, 1 courtyard conflict. Move the components apart.
R67 overlaps D2: 1 footprint overlap, 1 pad clearance violation, 1 courtyard conflict. Move the components apart.
C34 overlaps D2: 1 footprint overlap, 1 pad clearance violation, 1 courtyard conflict. Move the components apart.
D4 overlaps D2: 3 footprint overlaps, 3 pad clearance violations, 1 courtyard conflict. Move the components apart.
U4 overlaps D2: 2 footprint overlaps, 2 pad clearance violations, 1 courtyard conflict. Move the components apart.
Q1 overlaps D2: 3 footprint overlaps, 3 pad clearance violations, 1 courtyard conflict. Move the components apart.
R5 overlaps D2: 1 footprint overlap, 1 pad clearance violation, 1 courtyard conflict. Move the components apart.
R6 overlaps D2: 1 footprint overlap, 1 pad clearance violation, 1 courtyard conflict. Move the components apart.
R7 overlaps D2: 1 footprint overlap, 1 pad clearance violation, 1 courtyard conflict. Move the components apart.
D2 overlaps R8: 1 footprint overlap, 1 pad clearance violation, 1 courtyard conflict. Move the components apart.
D2 overlaps R9: 1 footprint overlap, 1 pad clearance violation, 1 courtyard conflict. Move the components apart.
D2 overlaps R10: 1 footprint overlap, 1 pad clearance violation, 1 courtyard conflict. Move the components apart.
D2 overlaps R11: 1 footprint overlap, 1 pad clearance violation, 1 courtyard conflict. Move the components apart.
D2 overlaps R12: 1 footprint overlap, 1 pad clearance violation, 1 courtyard conflict. Move the components apart.
D2 overlaps R13: 1 footprint overlap, 1 pad clearance violation, 1 courtyard conflict. Move the components apart.
D2 overlaps R16: 1 footprint overlap, 1 pad clearance violation, 1 courtyard conflict. Move the components apart.
D2 overlaps C9: 1 footprint overlap, 1 pad clearance violation, 1 courtyard conflict. Move the components apart.
D2 overlaps C10: 1 footprint overlap, 1 pad clearance violation, 1 courtyard conflict. Move the components apart.
D2 overlaps C11: 3 footprint overlaps, 3 pad clearance violations, 1 courtyard conflict. Move the components apart.
D2 overlaps U5: 2 footprint overlaps, 2 pad clearance violations, 1 courtyard conflict. Move the components apart.
D2 overlaps D5: 3 footprint overlaps, 3 pad clearance violations, 1 courtyard conflict. Move the components apart.
D2 overlaps C12: 1 footprint overlap, 1 pad clearance violation, 1 courtyard conflict. Move the components apart.
D2 overlaps C13: 3 footprint overlaps, 3 pad clearance violations, 1 courtyard conflict. Move the components apart.
D2 overlaps C14: 3 footprint overlaps, 3 pad clearance violations, 1 courtyard conflict. Move the components apart.
D2 overlaps C15: 1 footprint overlap, 1 pad clearance violation, 1 courtyard conflict. Move the components apart.
D2 overlaps C16: 3 footprint overlaps, 3 pad clearance violations, 1 courtyard conflict. Move the components apart.
D2 overlaps C17: 3 footprint overlaps, 3 pad clearance violations, 1 courtyard conflict. Move the components apart.
D2 overlaps R17: 1 footprint overlap, 1 pad clearance violation, 1 courtyard conflict. Move the components apart.
D2 overlaps R18: 1 footprint overlap, 1 pad clearance violation, 1 courtyard conflict. Move the components apart.
D2 overlaps R55: 1 footprint overlap, 1 pad clearance violation, 1 courtyard conflict. Move the components apart.
D2 overlaps R19: 1 footprint overlap, 1 pad clearance violation, 1 courtyard conflict. Move the components apart.
D2 overlaps R20: 1 footprint overlap, 1 pad clearance violation, 1 courtyard conflict. Move the components apart.
D2 overlaps R21: 1 footprint overlap, 1 pad clearance violation, 1 courtyard conflict. Move the components apart.
D2 overlaps R22: 1 footprint overlap, 1 pad clearance violation, 1 courtyard conflict. Move the components apart.
D2 overlaps C19: 1 footprint overlap, 1 pad clearance violation, 1 courtyard conflict. Move the components apart.
D2 overlaps C20: 1 footprint overlap, 1 pad clearance violation, 1 courtyard conflict. Move the components apart.
D2 overlaps R23: 1 footprint overlap, 1 pad clearance violation, 1 courtyard conflict. Move the components apart.
D2 overlaps R68: 3 footprint overlaps, 3 pad clearance violations, 1 courtyard conflict. Move the components apart.
D2 overlaps R24: 1 footprint overlap, 1 pad clearance violation, 1 courtyard conflict. Move the components apart.
D2 overlaps R25: 1 footprint overlap, 1 pad clearance violation, 1 courtyard conflict. Move the components apart.
D2 overlaps D6: 1 footprint overlap, 1 pad clearance violation, 1 courtyard conflict. Move the components apart.
D2 overlaps D7: 1 footprint overlap, 1 pad clearance violation, 1 courtyard conflict. Move the components apart.
D2 overlaps R26: 1 footprint overlap, 1 pad clearance violation, 1 courtyard conflict. Move the components apart.
D2 overlaps C21: 1 footprint overlap, 1 pad clearance violation, 1 courtyard conflict. Move the components apart.
D2 overlaps C22: 1 footprint overlap, 1 pad clearance violation, 1 courtyard conflict. Move the components apart.
D2 overlaps C23: 1 footprint overlap, 1 pad clearance violation, 1 courtyard conflict. Move the components apart.
D2 overlaps R29: 1 footprint overlap, 1 pad clearance violation, 1 courtyard conflict. Move the components apart.
D2 overlaps R30: 1 footprint overlap, 1 pad clearance violation, 1 courtyard conflict. Move the components apart.
D2 overlaps LED2: 1 footprint overlap, 1 pad clearance violation, 1 courtyard conflict. Move the components apart.
D2 overlaps LED3: 1 footprint overlap, 1 pad clearance violation, 1 courtyard conflict. Move the components apart.
U8 overlaps D2: 2 footprint overlaps, 2 pad clearance violations, 1 courtyard conflict. Move the components apart.
R31 overlaps D2: 1 footprint overlap, 1 pad clearance violation, 1 courtyard conflict. Move the components apart.
R32 overlaps D2: 1 footprint overlap, 1 pad clearance violation, 1 courtyard conflict. Move the components apart.
R33 overlaps D2: 1 footprint overlap, 1 pad clearance violation, 1 courtyard conflict. Move the components apart.
R34 overlaps D2: 1 footprint overlap, 1 pad clearance violation, 1 courtyard conflict. Move the components apart.
D8 overlaps D2: 1 footprint overlap, 1 pad clearance violation, 1 courtyard conflict. Move the components apart.
R39 overlaps D2: 1 footprint overlap, 1 pad clearance violation, 1 courtyard conflict. Move the components apart.
R65 overlaps D2: 1 footprint overlap, 1 pad clearance violation, 1 courtyard conflict. Move the components apart.
R40 overlaps D2: 1 footprint overlap, 1 pad clearance violation, 1 courtyard conflict. Move the components apart.
C25 overlaps D2: 1 footprint overlap, 1 pad clearance violation, 1 courtyard conflict. Move the components apart.
U10 overlaps D2: 2 footprint overlaps, 2 pad clearance violations, 1 courtyard conflict. Move the components apart.
R50 overlaps D2: 1 footprint overlap, 1 pad clearance violation, 1 courtyard conflict. Move the components apart.
R51 overlaps D2: 1 footprint overlap, 1 pad clearance violation, 1 courtyard conflict. Move the components apart.
C26 overlaps D2: 1 footprint overlap, 1 pad clearance violation, 1 courtyard conflict. Move the components apart.
C27 overlaps D2: 1 footprint overlap, 1 pad clearance violation, 1 courtyard conflict. Move the components apart.
C28 overlaps D2: 1 footprint overlap, 1 pad clearance violation, 1 courtyard conflict. Move the components apart.
C29 overlaps D2: 3 footprint overlaps, 3 pad clearance violations, 1 courtyard conflict. Move the components apart.
D10 overlaps D2: 3 footprint overlaps, 3 pad clearance violations, 1 courtyard conflict. Move the components apart.
D11 overlaps D2: 3 footprint overlaps, 3 pad clearance violations, 1 courtyard conflict. Move the components apart.
R54 overlaps D2: 1 footprint overlap, 1 pad clearance violation, 1 courtyard conflict. Move the components apart.
LED1 overlaps D2: 1 footprint overlap, 1 pad clearance violation, 1 courtyard conflict. Move the components apart.
Q2 overlaps D2: 3 footprint overlaps, 3 pad clearance violations, 1 courtyard conflict. Move the components apart.
R41 overlaps D2: 1 footprint overlap, 1 pad clearance violation, 1 courtyard conflict. Move the components apart.
R42 overlaps D2: 1 footprint overlap, 1 pad clearance violation, 1 courtyard conflict. Move the components apart.
R43 overlaps D2: 1 footprint overlap, 1 pad clearance violation, 1 courtyard conflict. Move the components apart.
R44 overlaps D2: 1 footprint overlap, 1 pad clearance violation, 1 courtyard conflict. Move the components apart.
D9 overlaps D2: 1 footprint overlap, 3 pad clearance violations, 1 courtyard conflict. Move the components apart.
Q3 overlaps D2: 3 footprint overlaps, 3 pad clearance violations, 1 courtyard conflict. Move the components apart.
Q4 overlaps D2: 3 footprint overlaps, 3 pad clearance violations, 1 courtyard conflict. Move the components apart.
R49 overlaps D2: 1 footprint overlap, 1 pad clearance violation, 1 courtyard conflict. Move the components apart.
Q5 overlaps D2: 3 footprint overlaps, 3 pad clearance violations, 1 courtyard conflict. Move the components apart.
D2 overlaps SW1: 4 footprint overlaps, 3 pad clearance violations, 1 courtyard conflict. Move the components apart.
J2 overlaps D2: 5 footprint overlaps, 3 pad clearance violations, 1 courtyard conflict. Move the components apart.
R1 overlaps C1: 1 footprint overlap, 1 pad clearance violation, 1 courtyard conflict. Move the components apart.
R1 overlaps C2: 1 footprint overlap, 1 pad clearance violation, 1 courtyard conflict. Move the components apart.
C3 overlaps R1: 1 footprint overlap, 1 pad clearance violation, 1 courtyard conflict. Move the components apart.
C4 overlaps R1: 2 footprint overlaps, 2 pad clearance violations, 1 courtyard conflict. Move the components apart.
C5 overlaps R1: 2 footprint overlaps, 2 pad clearance violations, 1 courtyard conflict. Move the components apart.
C6 overlaps R1: 2 footprint overlaps, 2 pad clearance violations, 1 courtyard conflict. Move the components apart.
C7 overlaps R1: 2 footprint overlaps, 2 pad clearance violations, 1 courtyard conflict. Move the components apart.
C8 overlaps R1: 2 footprint overlaps, 2 pad clearance violations, 1 courtyard conflict. Move the components apart.
R2 overlaps R1: 2 footprint overlaps, 2 pad clearance violations, 1 courtyard conflict. Move the components apart.
R3 overlaps R1: 2 footprint overlaps, 2 pad clearance violations, 1 courtyard conflict. Move the components apart.
R4 overlaps R1: 2 footprint overlaps, 2 pad clearance violations, 1 courtyard conflict. Move the components apart.
C30 overlaps R1: 2 footprint overlaps, 2 pad clearance violations, 1 courtyard conflict. Move the components apart.
C31 overlaps R1: 2 footprint overlaps, 2 pad clearance violations, 1 courtyard conflict. Move the components apart.
C32 overlaps R1: 2 footprint overlaps, 2 pad clearance violations, 1 courtyard conflict. Move the components apart.
R56 overlaps R1: 2 footprint overlaps, 2 pad clearance violations, 1 courtyard conflict. Move the components apart.
R57 overlaps R1: 2 footprint overlaps, 2 pad clearance violations, 1 courtyard conflict. Move the components apart.
Q6 overlaps R1: 1 footprint overlap, 1 pad clearance violation, 1 courtyard conflict. Move the components apart.
R58 overlaps R1: 2 footprint overlaps, 2 pad clearance violations, 1 courtyard conflict. Move the components apart.
R59 overlaps R1: 2 footprint overlaps, 2 pad clearance violations, 1 courtyard conflict. Move the components apart.
R60 overlaps R1: 1 footprint overlap, 1 pad clearance violation, 1 courtyard conflict. Move the components apart.
R61 overlaps R1: 2 footprint overlaps, 2 pad clearance violations, 1 courtyard conflict. Move the components apart.
C33 overlaps R1: 2 footprint overlaps, 2 pad clearance violations, 1 courtyard conflict. Move the components apart.
R62 overlaps R1: 2 footprint overlaps, 2 pad clearance violations, 1 courtyard conflict. Move the components apart.
Q7 overlaps R1: 1 footprint overlap, 1 pad clearance violation, 1 courtyard conflict. Move the components apart.
Q8 overlaps R1: 1 footprint overlap, 1 pad clearance violation, 1 courtyard conflict. Move the components apart.
R63 overlaps R1: 2 footprint overlaps, 2 pad clearance violations, 1 courtyard conflict. Move the components apart.
R64 overlaps R1: 2 footprint overlaps, 2 pad clearance violations, 1 courtyard conflict. Move the components apart.
R66 overlaps R1: 2 footprint overlaps, 2 pad clearance violations, 1 courtyard conflict. Move the components apart.
R67 overlaps R1: 2 footprint overlaps, 2 pad clearance violations, 1 courtyard conflict. Move the components apart.
C34 overlaps R1: 2 footprint overlaps, 2 pad clearance violations, 1 courtyard conflict. Move the components apart.
U4 overlaps R1: 2 footprint overlaps, 2 pad clearance violations, 1 courtyard conflict. Move the components apart.
Q1 overlaps R1: 1 footprint overlap, 1 pad clearance violation, 1 courtyard conflict. Move the components apart.
R5 overlaps R1: 2 footprint overlaps, 2 pad clearance violations, 1 courtyard conflict. Move the components apart.
R6 overlaps R1: 2 footprint overlaps, 2 pad clearance violations, 1 courtyard conflict. Move the components apart.
R7 overlaps R1: 2 footprint overlaps, 2 pad clearance violations, 1 courtyard conflict. Move the components apart.
R8 overlaps R1: 2 footprint overlaps, 2 pad clearance violations, 1 courtyard conflict. Move the components apart.
R9 overlaps R1: 2 footprint overlaps, 2 pad clearance violations, 1 courtyard conflict. Move the components apart.
R10 overlaps R1: 2 footprint overlaps, 2 pad clearance violations, 1 courtyard conflict. Move the components apart.
R11 overlaps R1: 2 footprint overlaps, 2 pad clearance violations, 1 courtyard conflict. Move the components apart.
R12 overlaps R1: 2 footprint overlaps, 2 pad clearance violations, 1 courtyard conflict. Move the components apart.
R13 overlaps R1: 2 footprint overlaps, 2 pad clearance violations, 1 courtyard conflict. Move the components apart.
R16 overlaps R1: 2 footprint overlaps, 2 pad clearance violations, 1 courtyard conflict. Move the components apart.
C9 overlaps R1: 2 footprint overlaps, 2 pad clearance violations, 1 courtyard conflict. Move the components apart.
C10 overlaps R1: 2 footprint overlaps, 2 pad clearance violations, 1 courtyard conflict. Move the components apart.
C11 overlaps R1: 2 footprint overlaps, 2 pad clearance violations, 1 courtyard conflict. Move the components apart.
R1 overlaps U5: 2 footprint overlaps, 2 pad clearance violations, 1 courtyard conflict. Move the components apart.
R1 overlaps C12: 2 footprint overlaps, 2 pad clearance violations, 1 courtyard conflict. Move the components apart.
R1 overlaps C13: 2 footprint overlaps, 2 pad clearance violations, 1 courtyard conflict. Move the components apart.
R1 overlaps C14: 2 footprint overlaps, 2 pad clearance violations, 1 courtyard conflict. Move the components apart.
R1 overlaps C15: 2 footprint overlaps, 2 pad clearance violations, 1 courtyard conflict. Move the components apart.
R1 overlaps C16: 2 footprint overlaps, 2 pad clearance violations, 1 courtyard conflict. Move the components apart.
R1 overlaps C17: 2 footprint overlaps, 2 pad clearance violations, 1 courtyard conflict. Move the components apart.
R1 overlaps R17: 2 footprint overlaps, 2 pad clearance violations, 1 courtyard conflict. Move the components apart.
R1 overlaps R18: 2 footprint overlaps, 2 pad clearance violations, 1 courtyard conflict. Move the components apart.
R1 overlaps R55: 2 footprint overlaps, 2 pad clearance violations, 1 courtyard conflict. Move the components apart.
R1 overlaps R19: 2 footprint overlaps, 2 pad clearance violations, 1 courtyard conflict. Move the components apart.
R1 overlaps R20: 2 footprint overlaps, 2 pad clearance violations, 1 courtyard conflict. Move the components apart.
R1 overlaps R21: 2 footprint overlaps, 2 pad clearance violations, 1 courtyard conflict. Move the components apart.
R1 overlaps R22: 2 footprint overlaps, 2 pad clearance violations, 1 courtyard conflict. Move the components apart.
R1 overlaps C19: 2 footprint overlaps, 2 pad clearance violations, 1 courtyard conflict. Move the components apart.
R1 overlaps C20: 2 footprint overlaps, 2 pad clearance violations, 1 courtyard conflict. Move the components apart.
R1 overlaps R23: 2 footprint overlaps, 2 pad clearance violations, 1 courtyard conflict. Move the components apart.
R1 overlaps R68: 2 footprint overlaps, 2 pad clearance violations, 1 courtyard conflict. Move the components apart.
R1 overlaps R24: 2 footprint overlaps, 2 pad clearance violations, 1 courtyard conflict. Move the components apart.
R1 overlaps R25: 2 footprint overlaps, 2 pad clearance violations, 1 courtyard conflict. Move the components apart.
R1 overlaps D6: 2 footprint overlaps, 2 pad clearance violations, 1 courtyard conflict. Move the components apart.
R1 overlaps D7: 2 footprint overlaps, 2 pad clearance violations, 1 courtyard conflict. Move the components apart.
R1 overlaps R26: 2 footprint overlaps, 2 pad clearance violations, 1 courtyard conflict. Move the components apart.
R1 overlaps C21: 2 footprint overlaps, 2 pad clearance violations, 1 courtyard conflict. Move the components apart.
R1 overlaps C22: 2 footprint overlaps, 2 pad clearance violations, 1 courtyard conflict. Move the components apart.
R1 overlaps C23: 2 footprint overlaps, 2 pad clearance violations, 1 courtyard conflict. Move the components apart.
R1 overlaps R29: 2 footprint overlaps, 2 pad clearance violations, 1 courtyard conflict. Move the components apart.
R1 overlaps R30: 2 footprint overlaps, 2 pad clearance violations, 1 courtyard conflict. Move the components apart.
R1 overlaps LED2: 2 footprint overlaps, 2 pad clearance violations, 1 courtyard conflict. Move the components apart.
R1 overlaps LED3: 2 footprint overlaps, 2 pad clearance violations, 1 courtyard conflict. Move the components apart.
U8 overlaps R1: 1 footprint overlap, 1 pad clearance violation, 1 courtyard conflict. Move the components apart.
R31 overlaps R1: 2 footprint overlaps, 2 pad clearance violations, 1 courtyard conflict. Move the components apart.
R32 overlaps R1: 2 footprint overlaps, 2 pad clearance violations, 1 courtyard conflict. Move the components apart.
R33 overlaps R1: 2 footprint overlaps, 2 pad clearance violations, 1 courtyard conflict. Move the components apart.
R34 overlaps R1: 2 footprint overlaps, 2 pad clearance violations, 1 courtyard conflict. Move the components apart.
D8 overlaps R1: 2 footprint overlaps, 2 pad clearance violations, 1 courtyard conflict. Move the components apart.
R39 overlaps R1: 2 footprint overlaps, 2 pad clearance violations, 1 courtyard conflict. Move the components apart.
R65 overlaps R1: 2 footprint overlaps, 2 pad clearance violations, 1 courtyard conflict. Move the components apart.
R40 overlaps R1: 2 footprint overlaps, 2 pad clearance violations, 1 courtyard conflict. Move the components apart.
C25 overlaps R1: 2 footprint overlaps, 2 pad clearance violations, 1 courtyard conflict. Move the components apart.
U10 overlaps R1: 2 footprint overlaps, 2 pad clearance violations, 1 courtyard conflict. Move the components apart.
R50 overlaps R1: 2 footprint overlaps, 2 pad clearance violations, 1 courtyard conflict. Move the components apart.
R51 overlaps R1: 2 footprint overlaps, 2 pad clearance violations, 1 courtyard conflict. Move the components apart.
C26 overlaps R1: 2 footprint overlaps, 2 pad clearance violations, 1 courtyard conflict. Move the components apart.
C27 overlaps R1: 2 footprint overlaps, 2 pad clearance violations, 1 courtyard conflict. Move the components apart.
C28 overlaps R1: 2 footprint overlaps, 2 pad clearance violations, 1 courtyard conflict. Move the components apart.
C29 overlaps R1: 2 footprint overlaps, 2 pad clearance violations, 1 courtyard conflict. Move the components apart.
R54 overlaps R1: 2 footprint overlaps, 2 pad clearance violations, 1 courtyard conflict. Move the components apart.
LED1 overlaps R1: 2 footprint overlaps, 2 pad clearance violations, 1 courtyard conflict. Move the components apart.
Q2 overlaps R1: 1 footprint overlap, 1 pad clearance violation, 1 courtyard conflict. Move the components apart.
R41 overlaps R1: 2 footprint overlaps, 2 pad clearance violations, 1 courtyard conflict. Move the components apart.
R42 overlaps R1: 2 footprint overlaps, 2 pad clearance violations, 1 courtyard conflict. Move the components apart.
R43 overlaps R1: 2 footprint overlaps, 2 pad clearance violations, 1 courtyard conflict. Move the components apart.
R44 overlaps R1: 2 footprint overlaps, 2 pad clearance violations, 1 courtyard conflict. Move the components apart.
Q3 overlaps R1: 1 footprint overlap, 1 pad clearance violation, 1 courtyard conflict. Move the components apart.
Q4 overlaps R1: 1 footprint overlap, 1 pad clearance violation, 1 courtyard conflict. Move the components apart.
R49 overlaps R1: 2 footprint overlaps, 2 pad clearance violations, 1 courtyard conflict. Move the components apart.
Q5 overlaps R1: 1 footprint overlap, 1 pad clearance violation, 1 courtyard conflict. Move the components apart.
R1 overlaps SW1: 3 footprint overlaps, 2 pad clearance violations, 1 courtyard conflict. Move the components apart.
J2 overlaps R1: 2 footprint overlaps, 2 pad clearance violations, 1 courtyard conflict. Move the components apart.
D3 overlaps C1: 1 footprint overlap, 1 pad clearance violation, 1 courtyard conflict. Move the components apart.
C6 overlaps D3: 1 footprint overlap, 1 pad clearance violation, 1 courtyard conflict. Move the components apart.
C7 overlaps D3: 1 footprint overlap, 1 pad clearance violation, 1 courtyard conflict. Move the components apart.
C31 overlaps D3: 1 footprint overlap, 1 pad clearance violation, 1 courtyard conflict. Move the components apart.
Q6 overlaps D3: 1 footprint overlap, 2 pad clearance violations, 1 courtyard conflict. Move the components apart.
Q7 overlaps D3: 1 footprint overlap, 2 pad clearance violations, 1 courtyard conflict. Move the components apart.
Q8 overlaps D3: 1 footprint overlap, 2 pad clearance violations, 1 courtyard conflict. Move the components apart.
D4 overlaps D3: 2 footprint overlaps, 2 pad clearance violations, 1 courtyard conflict. Move the components apart.
U4 overlaps D3: 5 footprint overlaps, 5 pad clearance violations, 1 courtyard conflict. Move the components apart.
Q1 overlaps D3: 1 footprint overlap, 2 pad clearance violations, 1 courtyard conflict. Move the components apart.
C11 overlaps D3: 1 footprint overlap, 1 pad clearance violation, 1 courtyard conflict. Move the components apart.
D5 overlaps D3: 1 footprint overlap, 1 pad clearance violation, 1 courtyard conflict. Move the components apart.
C13 overlaps D3: 1 footprint overlap, 1 pad clearance violation, 1 courtyard conflict. Move the components apart.
C14 overlaps D3: 1 footprint overlap, 1 pad clearance violation, 1 courtyard conflict. Move the components apart.
D3 overlaps C16: 1 footprint overlap, 1 pad clearance violation, 1 courtyard conflict. Move the components apart.
D3 overlaps C17: 1 footprint overlap, 1 pad clearance violation, 1 courtyard conflict. Move the components apart.
D3 overlaps R68: 1 footprint overlap, 1 pad clearance violation, 1 courtyard conflict. Move the components apart.
D3 overlaps D6: 2 footprint overlaps, 2 pad clearance violations, 1 courtyard conflict. Move the components apart.
D3 overlaps D7: 2 footprint overlaps, 2 pad clearance violations, 1 courtyard conflict. Move the components apart.
D3 overlaps LED2: 1 footprint overlap, 1 pad clearance violation, 1 courtyard conflict. Move the components apart.
D3 overlaps LED3: 1 footprint overlap, 1 pad clearance violation, 1 courtyard conflict. Move the components apart.
U8 overlaps D3: 1 footprint overlap, 3 pad clearance violations, 1 courtyard conflict. Move the components apart.
D8 overlaps D3: 2 footprint overlaps, 2 pad clearance violations, 1 courtyard conflict. Move the components apart.
U10 overlaps D3: 1 footprint overlap, 1 pad clearance violation, 1 courtyard conflict. Move the components apart.
C29 overlaps D3: 1 footprint overlap, 1 pad clearance violation, 1 courtyard conflict. Move the components apart.
D10 overlaps D3: 2 footprint overlaps, 2 pad clearance violations, 1 courtyard conflict. Move the components apart.
D11 overlaps D3: 1 footprint overlap, 1 pad clearance violation, 1 courtyard conflict. Move the components apart.
LED1 overlaps D3: 1 footprint overlap, 1 pad clearance violation, 1 courtyard conflict. Move the components apart.
Q2 overlaps D3: 1 footprint overlap, 3 pad clearance violations, 1 courtyard conflict. Move the components apart.
D9 overlaps D3: 1 footprint overlap, 1 pad clearance violation, 1 courtyard conflict. Move the components apart.
Q3 overlaps D3: 1 footprint overlap, 2 pad clearance violations, 1 courtyard conflict. Move the components apart.
Q4 overlaps D3: 1 footprint overlap, 2 pad clearance violations, 1 courtyard conflict. Move the components apart.
Q5 overlaps D3: 1 footprint overlap, 2 pad clearance violations, 1 courtyard conflict. Move the components apart.
D3 overlaps SW1: 3 footprint overlaps, 2 pad clearance violations, 1 courtyard conflict. Move the components apart.
J2 overlaps D3: 4 footprint overlaps, 2 pad clearance violations, 1 courtyard conflict. Move the components apart.
C4 overlaps C1: 1 footprint overlap, 1 pad clearance violation, 1 courtyard conflict. Move the components apart.
C5 overlaps C1: 1 footprint overlap, 1 pad clearance violation, 1 courtyard conflict. Move the components apart.
C6 overlaps C1: 1 footprint overlap, 1 pad clearance violation, 1 courtyard conflict. Move the components apart.
C7 overlaps C1: 1 footprint overlap, 1 pad clearance violation, 1 courtyard conflict. Move the components apart.
C8 overlaps C1: 1 footprint overlap, 1 pad clearance violation, 1 courtyard conflict. Move the components apart.
R2 overlaps C1: 2 footprint overlaps, 2 pad clearance violations, 1 courtyard conflict. Move the components apart.
R3 overlaps C1: 2 footprint overlaps, 2 pad clearance violations, 1 courtyard conflict. Move the components apart.
R4 overlaps C1: 1 footprint overlap, 1 pad clearance violation, 1 courtyard conflict. Move the components apart.
C30 overlaps C1: 1 footprint overlap, 1 pad clearance violation, 1 courtyard conflict. Move the components apart.
C31 overlaps C1: 1 footprint overlap, 1 pad clearance violation, 1 courtyard conflict. Move the components apart.
C32 overlaps C1: 1 footprint overlap, 1 pad clearance violation, 1 courtyard conflict. Move the components apart.
R56 overlaps C1: 1 footprint overlap, 1 pad clearance violation, 1 courtyard conflict. Move the components apart.
R57 overlaps C1: 2 footprint overlaps, 2 pad clearance violations, 1 courtyard conflict. Move the components apart.
Q6 overlaps C1: 2 footprint overlaps, 2 pad clearance violations, 1 courtyard conflict. Move the components apart.
R58 overlaps C1: 1 footprint overlap, 1 pad clearance violation, 1 courtyard conflict. Move the components apart.
R59 overlaps C1: 1 footprint overlap, 1 pad clearance violation, 1 courtyard conflict. Move the components apart.
R60 overlaps C1: 1 footprint overlap, 1 pad clearance violation, 1 courtyard conflict. Move the components apart.
R61 overlaps C1: 1 footprint overlap, 1 pad clearance violation, 1 courtyard conflict. Move the components apart.
C33 overlaps C1: 1 footprint overlap, 1 pad clearance violation, 1 courtyard conflict. Move the components apart.
R62 overlaps C1: 2 footprint overlaps, 2 pad clearance violations, 1 courtyard conflict. Move the components apart.
Q7 overlaps C1: 2 footprint overlaps, 2 pad clearance violations, 1 courtyard conflict. Move the components apart.
Q8 overlaps C1: 2 footprint overlaps, 2 pad clearance violations, 1 courtyard conflict. Move the components apart.
R63 overlaps C1: 1 footprint overlap, 1 pad clearance violation, 1 courtyard conflict. Move the components apart.
R64 overlaps C1: 1 footprint overlap, 1 pad clearance violation, 1 courtyard conflict. Move the components apart.
R66 overlaps C1: 2 footprint overlaps, 2 pad clearance violations, 1 courtyard conflict. Move the components apart.
R67 overlaps C1: 1 footprint overlap, 1 pad clearance violation, 1 courtyard conflict. Move the components apart.
C34 overlaps C1: 1 footprint overlap, 1 pad clearance violation, 1 courtyard conflict. Move the components apart.
D4 overlaps C1: 2 footprint overlaps, 2 pad clearance violations, 1 courtyard conflict. Move the components apart.
U4 overlaps C1: 1 footprint overlap, 1 pad clearance violation, 1 courtyard conflict. Move the components apart.
Q1 overlaps C1: 2 footprint overlaps, 2 pad clearance violations, 1 courtyard conflict. Move the components apart.
R5 overlaps C1: 2 footprint overlaps, 2 pad clearance violations, 1 courtyard conflict. Move the components apart.
R6 overlaps C1: 2 footprint overlaps, 2 pad clearance violations, 1 courtyard conflict. Move the components apart.
R7 overlaps C1: 2 footprint overlaps, 2 pad clearance violations, 1 courtyard conflict. Move the components apart.
R8 overlaps C1: 2 footprint overlaps, 2 pad clearance violations, 1 courtyard conflict. Move the components apart.
R9 overlaps C1: 1 footprint overlap, 1 pad clearance violation, 1 courtyard conflict. Move the components apart.
R10 overlaps C1: 2 footprint overlaps, 2 pad clearance violations, 1 courtyard conflict. Move the components apart.
R11 overlaps C1: 2 footprint overlaps, 2 pad clearance violations, 1 courtyard conflict. Move the components apart.
R12 overlaps C1: 1 footprint overlap, 1 pad clearance violation, 1 courtyard conflict. Move the components apart.
R13 overlaps C1: 1 footprint overlap, 1 pad clearance violation, 1 courtyard conflict. Move the components apart.
R16 overlaps C1: 2 footprint overlaps, 2 pad clearance violations, 1 courtyard conflict. Move the components apart.
C9 overlaps C1: 1 footprint overlap, 1 pad clearance violation, 1 courtyard conflict. Move the components apart.
C10 overlaps C1: 1 footprint overlap, 1 pad clearance violation, 1 courtyard conflict. Move the components apart.
C11 overlaps C1: 1 footprint overlap, 1 pad clearance violation, 1 courtyard conflict. Move the components apart.
U5 overlaps C1: 1 footprint overlap, 1 pad clearance violation, 1 courtyard conflict. Move the components apart.
D5 overlaps C1: 1 footprint overlap, 1 pad clearance violation, 1 courtyard conflict. Move the components apart.
C12 overlaps C1: 2 footprint overlaps, 2 pad clearance violations, 1 courtyard conflict. Move the components apart.
C13 overlaps C1: 1 footprint overlap, 1 pad clearance violation, 1 courtyard conflict. Move the components apart.
C14 overlaps C1: 1 footprint overlap, 1 pad clearance violation, 1 courtyard conflict. Move the components apart.
C15 overlaps C1: 1 footprint overlap, 1 pad clearance violation, 1 courtyard conflict. Move the components apart.
C16 overlaps C1: 1 footprint overlap, 1 pad clearance violation, 1 courtyard conflict. Move the components apart.
C17 overlaps C1: 1 footprint overlap, 1 pad clearance violation, 1 courtyard conflict. Move the components apart.
R17 overlaps C1: 1 footprint overlap, 1 pad clearance violation, 1 courtyard conflict. Move the components apart.
R18 overlaps C1: 2 footprint overlaps, 2 pad clearance violations, 1 courtyard conflict. Move the components apart.
R55 overlaps C1: 2 footprint overlaps, 2 pad clearance violations, 1 courtyard conflict. Move the components apart.
R19 overlaps C1: 1 footprint overlap, 1 pad clearance violation, 1 courtyard conflict. Move the components apart.
R20 overlaps C1: 2 footprint overlaps, 2 pad clearance violations, 1 courtyard conflict. Move the components apart.
R21 overlaps C1: 2 footprint overlaps, 2 pad clearance violations, 1 courtyard conflict. Move the components apart.
C1 overlaps R22: 2 footprint overlaps, 2 pad clearance violations, 1 courtyard conflict. Move the components apart.
C1 overlaps C19: 1 footprint overlap, 1 pad clearance violation, 1 courtyard conflict. Move the components apart.
C1 overlaps C20: 1 footprint overlap, 1 pad clearance violation, 1 courtyard conflict. Move the components apart.
C1 overlaps R23: 2 footprint overlaps, 2 pad clearance violations, 1 courtyard conflict. Move the components apart.
C1 overlaps R68: 1 footprint overlap, 1 pad clearance violation, 1 courtyard conflict. Move the components apart.
C1 overlaps R24: 1 footprint overlap, 1 pad clearance violation, 1 courtyard conflict. Move the components apart.
C1 overlaps R25: 2 footprint overlaps, 2 pad clearance violations, 1 courtyard conflict. Move the components apart.
C1 overlaps D6: 2 footprint overlaps, 2 pad clearance violations, 1 courtyard conflict. Move the components apart.
C1 overlaps D7: 2 footprint overlaps, 2 pad clearance violations, 1 courtyard conflict. Move the components apart.
C1 overlaps R26: 2 footprint overlaps, 2 pad clearance violations, 1 courtyard conflict. Move the components apart.
C1 overlaps C21: 1 footprint overlap, 1 pad clearance violation, 1 courtyard conflict. Move the components apart.
C1 overlaps C22: 1 footprint overlap, 1 pad clearance violation, 1 courtyard conflict. Move the components apart.
C1 overlaps C23: 1 footprint overlap, 1 pad clearance violation, 1 courtyard conflict. Move the components apart.
C1 overlaps R29: 2 footprint overlaps, 2 pad clearance violations, 1 courtyard conflict. Move the components apart.
C1 overlaps R30: 2 footprint overlaps, 2 pad clearance violations, 1 courtyard conflict. Move the components apart.
C1 overlaps LED2: 1 footprint overlap, 1 pad clearance violation, 1 courtyard conflict. Move the components apart.
C1 overlaps LED3: 1 footprint overlap, 1 pad clearance violation, 1 courtyard conflict. Move the components apart.
U8 overlaps C1: 3 footprint overlaps, 3 pad clearance violations, 1 courtyard conflict. Move the components apart.
R31 overlaps C1: 2 footprint overlaps, 2 pad clearance violations, 1 courtyard conflict. Move the components apart.
R32 overlaps C1: 2 footprint overlaps, 2 pad clearance violations, 1 courtyard conflict. Move the components apart.
R33 overlaps C1: 1 footprint overlap, 1 pad clearance violation, 1 courtyard conflict. Move the components apart.
R34 overlaps C1: 2 footprint overlaps, 2 pad clearance violations, 1 courtyard conflict. Move the components apart.
D8 overlaps C1: 2 footprint overlaps, 2 pad clearance violations, 1 courtyard conflict. Move the components apart.
R39 overlaps C1: 2 footprint overlaps, 2 pad clearance violations, 1 courtyard conflict. Move the components apart.
R65 overlaps C1: 1 footprint overlap, 1 pad clearance violation, 1 courtyard conflict. Move the components apart.
R40 overlaps C1: 2 footprint overlaps, 2 pad clearance violations, 1 courtyard conflict. Move the components apart.
C25 overlaps C1: 1 footprint overlap, 1 pad clearance violation, 1 courtyard conflict. Move the components apart.
U10 overlaps C1: 1 footprint overlap, 1 pad clearance violation, 1 courtyard conflict. Move the components apart.
R50 overlaps C1: 1 footprint overlap, 1 pad clearance violation, 1 courtyard conflict. Move the components apart.
R51 overlaps C1: 2 footprint overlaps, 2 pad clearance violations, 1 courtyard conflict. Move the components apart.
C26 overlaps C1: 2 footprint overlaps, 2 pad clearance violations, 1 courtyard conflict. Move the components apart.
C27 overlaps C1: 2 footprint overlaps, 2 pad clearance violations, 1 courtyard conflict. Move the components apart.
C28 overlaps C1: 1 footprint overlap, 1 pad clearance violation, 1 courtyard conflict. Move the components apart.
C29 overlaps C1: 1 footprint overlap, 1 pad clearance violation, 1 courtyard conflict. Move the components apart.
D10 overlaps C1: 2 footprint overlaps, 2 pad clearance violations, 1 courtyard conflict. Move the components apart.
D11 overlaps C1: 1 footprint overlap, 1 pad clearance violation, 1 courtyard conflict. Move the components apart.
R54 overlaps C1: 2 footprint overlaps, 2 pad clearance violations, 1 courtyard conflict. Move the components apart.
LED1 overlaps C1: 1 footprint overlap, 1 pad clearance violation, 1 courtyard conflict. Move the components apart.
Q2 overlaps C1: 3 footprint overlaps, 3 pad clearance violations, 1 courtyard conflict. Move the components apart.
R41 overlaps C1: 2 footprint overlaps, 2 pad clearance violations, 1 courtyard conflict. Move the components apart.
R42 overlaps C1: 2 footprint overlaps, 2 pad clearance violations, 1 courtyard conflict. Move the components apart.
R43 overlaps C1: 2 footprint overlaps, 2 pad clearance violations, 1 courtyard conflict. Move the components apart.
R44 overlaps C1: 1 footprint overlap, 1 pad clearance violation, 1 courtyard conflict. Move the components apart.
D9 overlaps C1: 1 footprint overlap, 1 pad clearance violation, 1 courtyard conflict. Move the components apart.
Q3 overlaps C1: 2 footprint overlaps, 2 pad clearance violations, 1 courtyard conflict. Move the components apart.
Q4 overlaps C1: 2 footprint overlaps, 2 pad clearance violations, 1 courtyard conflict. Move the components apart.
R49 overlaps C1: 2 footprint overlaps, 2 pad clearance violations, 1 courtyard conflict. Move the components apart.
Q5 overlaps C1: 2 footprint overlaps, 2 pad clearance violations, 1 courtyard conflict. Move the components apart.
C1 overlaps SW1: 3 footprint overlaps, 2 pad clearance violations, 1 courtyard conflict. Move the components apart.
J2 overlaps C1: 4 footprint overlaps, 2 pad clearance violations, 1 courtyard conflict. Move the components apart.
C4 overlaps C2: 1 footprint overlap, 1 pad clearance violation, 1 courtyard conflict. Move the components apart.
C5 overlaps C2: 1 footprint overlap, 1 pad clearance violation, 1 courtyard conflict. Move the components apart.
C6 overlaps C2: 1 footprint overlap, 1 pad clearance violation, 1 courtyard conflict. Move the components apart.
C7 overlaps C2: 1 footprint overlap, 1 pad clearance violation, 1 courtyard conflict. Move the components apart.
C8 overlaps C2: 1 footprint overlap, 1 pad clearance violation, 1 courtyard conflict. Move the components apart.
R2 overlaps C2: 2 footprint overlaps, 2 pad clearance violations, 1 courtyard conflict. Move the components apart.
R3 overlaps C2: 2 footprint overlaps, 2 pad clearance violations, 1 courtyard conflict. Move the components apart.
R4 overlaps C2: 1 footprint overlap, 1 pad clearance violation, 1 courtyard conflict. Move the components apart.
C30 overlaps C2: 1 footprint overlap, 1 pad clearance violation, 1 courtyard conflict. Move the components apart.
C31 overlaps C2: 1 footprint overlap, 1 pad clearance violation, 1 courtyard conflict. Move the components apart.
C32 overlaps C2: 1 footprint overlap, 1 pad clearance violation, 1 courtyard conflict. Move the components apart.
R56 overlaps C2: 1 footprint overlap, 1 pad clearance violation, 1 courtyard conflict. Move the components apart.
R57 overlaps C2: 2 footprint overlaps, 2 pad clearance violations, 1 courtyard conflict. Move the components apart.
Q6 overlaps C2: 1 footprint overlap, 1 pad clearance violation, 1 courtyard conflict. Move the components apart.
R58 overlaps C2: 1 footprint overlap, 1 pad clearance violation, 1 courtyard conflict. Move the components apart.
R59 overlaps C2: 1 footprint overlap, 1 pad clearance violation, 1 courtyard conflict. Move the components apart.
R60 overlaps C2: 1 footprint overlap, 1 pad clearance violation, 1 courtyard conflict. Move the components apart.
R61 overlaps C2: 1 footprint overlap, 1 pad clearance violation, 1 courtyard conflict. Move the components apart.
C33 overlaps C2: 1 footprint overlap, 1 pad clearance violation, 1 courtyard conflict. Move the components apart.
R62 overlaps C2: 2 footprint overlaps, 2 pad clearance violations, 1 courtyard conflict. Move the components apart.
Q7 overlaps C2: 1 footprint overlap, 1 pad clearance violation, 1 courtyard conflict. Move the components apart.
Q8 overlaps C2: 1 footprint overlap, 1 pad clearance violation, 1 courtyard conflict. Move the components apart.
R63 overlaps C2: 1 footprint overlap, 1 pad clearance violation, 1 courtyard conflict. Move the components apart.
R64 overlaps C2: 1 footprint overlap, 1 pad clearance violation, 1 courtyard conflict. Move the components apart.
R66 overlaps C2: 2 footprint overlaps, 2 pad clearance violations, 1 courtyard conflict. Move the components apart.
R67 overlaps C2: 1 footprint overlap, 1 pad clearance violation, 1 courtyard conflict. Move the components apart.
C34 overlaps C2: 1 footprint overlap, 1 pad clearance violation, 1 courtyard conflict. Move the components apart.
U4 overlaps C2: 1 footprint overlap, 1 pad clearance violation, 1 courtyard conflict. Move the components apart.
Q1 overlaps C2: 1 footprint overlap, 1 pad clearance violation, 1 courtyard conflict. Move the components apart.
R5 overlaps C2: 2 footprint overlaps, 2 pad clearance violations, 1 courtyard conflict. Move the components apart.
R6 overlaps C2: 2 footprint overlaps, 2 pad clearance violations, 1 courtyard conflict. Move the components apart.
R7 overlaps C2: 2 footprint overlaps, 2 pad clearance violations, 1 courtyard conflict. Move the components apart.
R8 overlaps C2: 2 footprint overlaps, 2 pad clearance violations, 1 courtyard conflict. Move the components apart.
R9 overlaps C2: 1 footprint overlap, 1 pad clearance violation, 1 courtyard conflict. Move the components apart.
R10 overlaps C2: 2 footprint overlaps, 2 pad clearance violations, 1 courtyard conflict. Move the components apart.
R11 overlaps C2: 2 footprint overlaps, 2 pad clearance violations, 1 courtyard conflict. Move the components apart.
R12 overlaps C2: 1 footprint overlap, 1 pad clearance violation, 1 courtyard conflict. Move the components apart.
R13 overlaps C2: 1 footprint overlap, 1 pad clearance violation, 1 courtyard conflict. Move the components apart.
R16 overlaps C2: 2 footprint overlaps, 2 pad clearance violations, 1 courtyard conflict. Move the components apart.
C9 overlaps C2: 1 footprint overlap, 1 pad clearance violation, 1 courtyard conflict. Move the components apart.
C10 overlaps C2: 1 footprint overlap, 1 pad clearance violation, 1 courtyard conflict. Move the components apart.
C11 overlaps C2: 1 footprint overlap, 1 pad clearance violation, 1 courtyard conflict. Move the components apart.
U5 overlaps C2: 1 footprint overlap, 1 pad clearance violation, 1 courtyard conflict. Move the components apart.
C12 overlaps C2: 2 footprint overlaps, 2 pad clearance violations, 1 courtyard conflict. Move the components apart.
C13 overlaps C2: 1 footprint overlap, 1 pad clearance violation, 1 courtyard conflict. Move the components apart.
C14 overlaps C2: 1 footprint overlap, 1 pad clearance violation, 1 courtyard conflict. Move the components apart.
C15 overlaps C2: 1 footprint overlap, 1 pad clearance violation, 1 courtyard conflict. Move the components apart.
C16 overlaps C2: 1 footprint overlap, 1 pad clearance violation, 1 courtyard conflict. Move the components apart.
C17 overlaps C2: 1 footprint overlap, 1 pad clearance violation, 1 courtyard conflict. Move the components apart.
R17 overlaps C2: 1 footprint overlap, 1 pad clearance violation, 1 courtyard conflict. Move the components apart.
R18 overlaps C2: 2 footprint overlaps, 2 pad clearance violations, 1 courtyard conflict. Move the components apart.
R55 overlaps C2: 2 footprint overlaps, 2 pad clearance violations, 1 courtyard conflict. Move the components apart.
R19 overlaps C2: 1 footprint overlap, 1 pad clearance violation, 1 courtyard conflict. Move the components apart.
R20 overlaps C2: 2 footprint overlaps, 2 pad clearance violations, 1 courtyard conflict. Move the components apart.
R21 overlaps C2: 2 footprint overlaps, 2 pad clearance violations, 1 courtyard conflict. Move the components apart.
R22 overlaps C2: 2 footprint overlaps, 2 pad clearance violations, 1 courtyard conflict. Move the components apart.
C19 overlaps C2: 1 footprint overlap, 1 pad clearance violation, 1 courtyard conflict. Move the components apart.
C20 overlaps C2: 1 footprint overlap, 1 pad clearance violation, 1 courtyard conflict. Move the components apart.
R23 overlaps C2: 2 footprint overlaps, 2 pad clearance violations, 1 courtyard conflict. Move the components apart.
R68 overlaps C2: 1 footprint overlap, 1 pad clearance violation, 1 courtyard conflict. Move the components apart.
R24 overlaps C2: 1 footprint overlap, 1 pad clearance violation, 1 courtyard conflict. Move the components apart.
R25 overlaps C2: 2 footprint overlaps, 2 pad clearance violations, 1 courtyard conflict. Move the components apart.
D6 overlaps C2: 2 footprint overlaps, 2 pad clearance violations, 1 courtyard conflict. Move the components apart.
C2 overlaps D7: 2 footprint overlaps, 2 pad clearance violations, 1 courtyard conflict. Move the components apart.
C2 overlaps R26: 2 footprint overlaps, 2 pad clearance violations, 1 courtyard conflict. Move the components apart.
C2 overlaps C21: 1 footprint overlap, 1 pad clearance violation, 1 courtyard conflict. Move the components apart.
C2 overlaps C22: 1 footprint overlap, 1 pad clearance violation, 1 courtyard conflict. Move the components apart.
C2 overlaps C23: 1 footprint overlap, 1 pad clearance violation, 1 courtyard conflict. Move the components apart.
C2 overlaps R29: 2 footprint overlaps, 2 pad clearance violations, 1 courtyard conflict. Move the components apart.
C2 overlaps R30: 2 footprint overlaps, 2 pad clearance violations, 1 courtyard conflict. Move the components apart.
C2 overlaps LED2: 1 footprint overlap, 1 pad clearance violation, 1 courtyard conflict. Move the components apart.
C2 overlaps LED3: 1 footprint overlap, 1 pad clearance violation, 1 courtyard conflict. Move the components apart.
U8 overlaps C2: 1 footprint overlap, 1 pad clearance violation, 1 courtyard conflict. Move the components apart.
R31 overlaps C2: 2 footprint overlaps, 2 pad clearance violations, 1 courtyard conflict. Move the components apart.
R32 overlaps C2: 2 footprint overlaps, 2 pad clearance violations, 1 courtyard conflict. Move the components apart.
R33 overlaps C2: 1 footprint overlap, 1 pad clearance violation, 1 courtyard conflict. Move the components apart.
R34 overlaps C2: 2 footprint overlaps, 2 pad clearance violations, 1 courtyard conflict. Move the components apart.
D8 overlaps C2: 2 footprint overlaps, 2 pad clearance violations, 1 courtyard conflict. Move the components apart.
R39 overlaps C2: 2 footprint overlaps, 2 pad clearance violations, 1 courtyard conflict. Move the components apart.
R65 overlaps C2: 1 footprint overlap, 1 pad clearance violation, 1 courtyard conflict. Move the components apart.
R40 overlaps C2: 2 footprint overlaps, 2 pad clearance violations, 1 courtyard conflict. Move the components apart.
C25 overlaps C2: 1 footprint overlap, 1 pad clearance violation, 1 courtyard conflict. Move the components apart.
U10 overlaps C2: 1 footprint overlap, 1 pad clearance violation, 1 courtyard conflict. Move the components apart.
R50 overlaps C2: 1 footprint overlap, 1 pad clearance violation, 1 courtyard conflict. Move the components apart.
R51 overlaps C2: 2 footprint overlaps, 2 pad clearance violations, 1 courtyard conflict. Move the components apart.
C26 overlaps C2: 2 footprint overlaps, 2 pad clearance violations, 1 courtyard conflict. Move the components apart.
C27 overlaps C2: 2 footprint overlaps, 2 pad clearance violations, 1 courtyard conflict. Move the components apart.
C28 overlaps C2: 1 footprint overlap, 1 pad clearance violation, 1 courtyard conflict. Move the components apart.
C29 overlaps C2: 1 footprint overlap, 1 pad clearance violation, 1 courtyard conflict. Move the components apart.
R54 overlaps C2: 2 footprint overlaps, 2 pad clearance violations, 1 courtyard conflict. Move the components apart.
LED1 overlaps C2: 1 footprint overlap, 1 pad clearance violation, 1 courtyard conflict. Move the components apart.
Q2 overlaps C2: 1 footprint overlap, 1 pad clearance violation, 1 courtyard conflict. Move the components apart.
R41 overlaps C2: 2 footprint overlaps, 2 pad clearance violations, 1 courtyard conflict. Move the components apart.
R42 overlaps C2: 2 footprint overlaps, 2 pad clearance violations, 1 courtyard conflict. Move the components apart.
R43 overlaps C2: 2 footprint overlaps, 2 pad clearance violations, 1 courtyard conflict. Move the components apart.
R44 overlaps C2: 1 footprint overlap, 1 pad clearance violation, 1 courtyard conflict. Move the components apart.
Q3 overlaps C2: 1 footprint overlap, 1 pad clearance violation, 1 courtyard conflict. Move the components apart.
Q4 overlaps C2: 1 footprint overlap, 1 pad clearance violation, 1 courtyard conflict. Move the components apart.
R49 overlaps C2: 2 footprint overlaps, 2 pad clearance violations, 1 courtyard conflict. Move the components apart.
Q5 overlaps C2: 1 footprint overlap, 1 pad clearance violation, 1 courtyard conflict. Move the components apart.
C2 overlaps SW1: 3 footprint overlaps, 2 pad clearance violations, 1 courtyard conflict. Move the components apart.
J2 overlaps C2: 2 footprint overlaps, 1 courtyard conflict. Move the components apart.
C3 overlaps C4: 1 footprint overlap, 1 pad clearance violation, 1 courtyard conflict. Move the components apart.
C3 overlaps C5: 1 footprint overlap, 1 pad clearance violation, 1 courtyard conflict. Move the components apart.
C3 overlaps C6: 1 footprint overlap, 1 pad clearance violation, 1 courtyard conflict. Move the components apart.
C3 overlaps C7: 1 footprint overlap, 1 pad clearance violation, 1 courtyard conflict. Move the components apart.
C3 overlaps C8: 1 footprint overlap, 1 pad clearance violation, 1 courtyard conflict. Move the components apart.
C3 overlaps R2: 2 footprint overlaps, 2 pad clearance violations, 1 courtyard conflict. Move the components apart.
C3 overlaps R3: 2 footprint overlaps, 2 pad clearance violations, 1 courtyard conflict. Move the components apart.
C3 overlaps R4: 1 footprint overlap, 1 pad clearance violation, 1 courtyard conflict. Move the components apart.
C3 overlaps C30: 1 footprint overlap, 1 pad clearance violation, 1 courtyard conflict. Move the components apart.
C3 overlaps C31: 1 footprint overlap, 1 pad clearance violation, 1 courtyard conflict. Move the components apart.
C3 overlaps C32: 1 footprint overlap, 1 pad clearance violation, 1 courtyard conflict. Move the components apart.
C3 overlaps R56: 1 footprint overlap, 1 pad clearance violation, 1 courtyard conflict. Move the components apart.
C3 overlaps R57: 2 footprint overlaps, 2 pad clearance violations, 1 courtyard conflict. Move the components apart.
C3 overlaps Q6: 1 footprint overlap, 1 pad clearance violation, 1 courtyard conflict. Move the components apart.
C3 overlaps R58: 1 footprint overlap, 1 pad clearance violation, 1 courtyard conflict. Move the components apart.
C3 overlaps R59: 1 footprint overlap, 1 pad clearance violation, 1 courtyard conflict. Move the components apart.
C3 overlaps R60: 1 footprint overlap, 1 pad clearance violation, 1 courtyard conflict. Move the components apart.
C3 overlaps R61: 1 footprint overlap, 1 pad clearance violation, 1 courtyard conflict. Move the components apart.
C3 overlaps C33: 1 footprint overlap, 1 pad clearance violation, 1 courtyard conflict. Move the components apart.
C3 overlaps R62: 2 footprint overlaps, 2 pad clearance violations, 1 courtyard conflict. Move the components apart.
C3 overlaps Q7: 1 footprint overlap, 1 pad clearance violation, 1 courtyard conflict. Move the components apart.
C3 overlaps Q8: 1 footprint overlap, 1 pad clearance violation, 1 courtyard conflict. Move the components apart.
C3 overlaps R63: 1 footprint overlap, 1 pad clearance violation, 1 courtyard conflict. Move the components apart.
C3 overlaps R64: 1 footprint overlap, 1 pad clearance violation, 1 courtyard conflict. Move the components apart.
C3 overlaps R66: 2 footprint overlaps, 2 pad clearance violations, 1 courtyard conflict. Move the components apart.
C3 overlaps R67: 1 footprint overlap, 1 pad clearance violation, 1 courtyard conflict. Move the components apart.
C3 overlaps C34: 1 footprint overlap, 1 pad clearance violation, 1 courtyard conflict. Move the components apart.
C3 overlaps U4: 1 footprint overlap, 1 pad clearance violation, 1 courtyard conflict. Move the components apart.
C3 overlaps Q1: 1 footprint overlap, 1 pad clearance violation, 1 courtyard conflict. Move the components apart.
C3 overlaps R5: 2 footprint overlaps, 2 pad clearance violations, 1 courtyard conflict. Move the components apart.
C3 overlaps R6: 2 footprint overlaps, 2 pad clearance violations, 1 courtyard conflict. Move the components apart.
C3 overlaps R7: 2 footprint overlaps, 2 pad clearance violations, 1 courtyard conflict. Move the components apart.
C3 overlaps R8: 2 footprint overlaps, 2 pad clearance violations, 1 courtyard conflict. Move the components apart.
C3 overlaps R9: 1 footprint overlap, 1 pad clearance violation, 1 courtyard conflict. Move the components apart.
C3 overlaps R10: 2 footprint overlaps, 2 pad clearance violations, 1 courtyard conflict. Move the components apart.
C3 overlaps R11: 2 footprint overlaps, 2 pad clearance violations, 1 courtyard conflict. Move the components apart.
C3 overlaps R12: 1 footprint overlap, 1 pad clearance violation, 1 courtyard conflict. Move the components apart.
C3 overlaps R13: 1 footprint overlap, 1 pad clearance violation, 1 courtyard conflict. Move the components apart.
C3 overlaps R16: 2 footprint overlaps, 2 pad clearance violations, 1 courtyard conflict. Move the components apart.
C3 overlaps C9: 1 footprint overlap, 1 pad clearance violation, 1 courtyard conflict. Move the components apart.
C3 overlaps C10: 1 footprint overlap, 1 pad clearance violation, 1 courtyard conflict. Move the components apart.
C3 overlaps C11: 1 footprint overlap, 1 pad clearance violation, 1 courtyard conflict. Move the components apart.
C3 overlaps U5: 1 footprint overlap, 1 pad clearance violation, 1 courtyard conflict. Move the components apart.
C3 overlaps C12: 2 footprint overlaps, 2 pad clearance violations, 1 courtyard conflict. Move the components apart.
C3 overlaps C13: 1 footprint overlap, 1 pad clearance violation, 1 courtyard conflict. Move the components apart.
C3 overlaps C14: 1 footprint overlap, 1 pad clearance violation, 1 courtyard conflict. Move the components apart.
C3 overlaps C15: 1 footprint overlap, 1 pad clearance violation, 1 courtyard conflict. Move the components apart.
C3 overlaps C16: 1 footprint overlap, 1 pad clearance violation, 1 courtyard conflict. Move the components apart.
C3 overlaps C17: 1 footprint overlap, 1 pad clearance violation, 1 courtyard conflict. Move the components apart.
C3 overlaps R17: 1 footprint overlap, 1 pad clearance violation, 1 courtyard conflict. Move the components apart.
C3 overlaps R18: 2 footprint overlaps, 2 pad clearance violations, 1 courtyard conflict. Move the components apart.
C3 overlaps R55: 2 footprint overlaps, 2 pad clearance violations, 1 courtyard conflict. Move the components apart.
C3 overlaps R19: 1 footprint overlap, 1 pad clearance violation, 1 courtyard conflict. Move the components apart.
C3 overlaps R20: 2 footprint overlaps, 2 pad clearance violations, 1 courtyard conflict. Move the components apart.
C3 overlaps R21: 2 footprint overlaps, 2 pad clearance violations, 1 courtyard conflict. Move the components apart.
C3 overlaps R22: 2 footprint overlaps, 2 pad clearance violations, 1 courtyard conflict. Move the components apart.
C3 overlaps C19: 1 footprint overlap, 1 pad clearance violation, 1 courtyard conflict. Move the components apart.
C3 overlaps C20: 1 footprint overlap, 1 pad clearance violation, 1 courtyard conflict. Move the components apart.
C3 overlaps R23: 2 footprint overlaps, 2 pad clearance violations, 1 courtyard conflict. Move the components apart.
C3 overlaps R68: 1 footprint overlap, 1 pad clearance violation, 1 courtyard conflict. Move the components apart.
C3 overlaps R24: 1 footprint overlap, 1 pad clearance violation, 1 courtyard conflict. Move the components apart.
C3 overlaps R25: 2 footprint overlaps, 2 pad clearance violations, 1 courtyard conflict. Move the components apart.
C3 overlaps D6: 2 footprint overlaps, 2 pad clearance violations, 1 courtyard conflict. Move the components apart.
C3 overlaps D7: 2 footprint overlaps, 2 pad clearance violations, 1 courtyard conflict. Move the components apart.
C3 overlaps R26: 2 footprint overlaps, 2 pad clearance violations, 1 courtyard conflict. Move the components apart.
C3 overlaps C21: 1 footprint overlap, 1 pad clearance violation, 1 courtyard conflict. Move the components apart.
C3 overlaps C22: 1 footprint overlap, 1 pad clearance violation, 1 courtyard conflict. Move the components apart.
C3 overlaps C23: 1 footprint overlap, 1 pad clearance violation, 1 courtyard conflict. Move the components apart.
C3 overlaps R29: 2 footprint overlaps, 2 pad clearance violations, 1 courtyard conflict. Move the components apart.
C3 overlaps R30: 2 footprint overlaps, 2 pad clearance violations, 1 courtyard conflict. Move the components apart.
C3 overlaps LED2: 1 footprint overlap, 1 pad clearance violation, 1 courtyard conflict. Move the components apart.
C3 overlaps LED3: 1 footprint overlap, 1 pad clearance violation, 1 courtyard conflict. Move the components apart.
C3 overlaps U8: 1 footprint overlap, 1 pad clearance violation, 1 courtyard conflict. Move the components apart.
C3 overlaps R31: 2 footprint overlaps, 2 pad clearance violations, 1 courtyard conflict. Move the components apart.
C3 overlaps R32: 2 footprint overlaps, 2 pad clearance violations, 1 courtyard conflict. Move the components apart.
C3 overlaps R33: 1 footprint overlap, 1 pad clearance violation, 1 courtyard conflict. Move the components apart.
C3 overlaps R34: 2 footprint overlaps, 2 pad clearance violations, 1 courtyard conflict. Move the components apart.
C3 overlaps D8: 2 footprint overlaps, 2 pad clearance violations, 1 courtyard conflict. Move the components apart.
C3 overlaps R39: 2 footprint overlaps, 2 pad clearance violations, 1 courtyard conflict. Move the components apart.
C3 overlaps R65: 1 footprint overlap, 1 pad clearance violation, 1 courtyard conflict. Move the components apart.
C3 overlaps R40: 2 footprint overlaps, 2 pad clearance violations, 1 courtyard conflict. Move the components apart.
C3 overlaps C25: 1 footprint overlap, 1 pad clearance violation, 1 courtyard conflict. Move the components apart.
C3 overlaps U10: 1 footprint overlap, 1 pad clearance violation, 1 courtyard conflict. Move the components apart.
C3 overlaps R50: 1 footprint overlap, 1 pad clearance violation, 1 courtyard conflict. Move the components apart.
C3 overlaps R51: 2 footprint overlaps, 2 pad clearance violations, 1 courtyard conflict. Move the components apart.
C3 overlaps C26: 2 footprint overlaps, 2 pad clearance violations, 1 courtyard conflict. Move the components apart.
C3 overlaps C27: 2 footprint overlaps, 2 pad clearance violations, 1 courtyard conflict. Move the components apart.
C3 overlaps C28: 1 footprint overlap, 1 pad clearance violation, 1 courtyard conflict. Move the components apart.
C3 overlaps C29: 1 footprint overlap, 1 pad clearance violation, 1 courtyard conflict. Move the components apart.
C3 overlaps R54: 2 footprint overlaps, 2 pad clearance violations, 1 courtyard conflict. Move the components apart.
C3 overlaps LED1: 1 footprint overlap, 1 pad clearance violation, 1 courtyard conflict. Move the components apart.
C3 overlaps Q2: 1 footprint overlap, 1 pad clearance violation, 1 courtyard conflict. Move the components apart.
C3 overlaps R41: 2 footprint overlaps, 2 pad clearance violations, 1 courtyard conflict. Move the components apart.
C3 overlaps R42: 2 footprint overlaps, 2 pad clearance violations, 1 courtyard conflict. Move the components apart.
C3 overlaps R43: 2 footprint overlaps, 2 pad clearance violations, 1 courtyard conflict. Move the components apart.
C3 overlaps R44: 1 footprint overlap, 1 pad clearance violation, 1 courtyard conflict. Move the components apart.
C3 overlaps Q3: 1 footprint overlap, 1 pad clearance violation, 1 courtyard conflict. Move the components apart.
C3 overlaps Q4: 1 footprint overlap, 1 pad clearance violation, 1 courtyard conflict. Move the components apart.
C3 overlaps R49: 2 footprint overlaps, 2 pad clearance violations, 1 courtyard conflict. Move the components apart.
C3 overlaps Q5: 1 footprint overlap, 1 pad clearance violation, 1 courtyard conflict. Move the components apart.
C3 overlaps SW1: 3 footprint overlaps, 2 pad clearance violations, 1 courtyard conflict. Move the components apart.
C3 overlaps J2: 2 footprint overlaps, 1 courtyard conflict. Move the components apart.
C4 overlaps C5: 1 footprint overlap, 1 pad clearance violation, 1 courtyard conflict. Move the components apart.
C4 overlaps C6: 1 footprint overlap, 1 pad clearance violation, 1 courtyard conflict. Move the components apart.
C4 overlaps C7: 1 footprint overlap, 1 pad clearance violation, 1 courtyard conflict. Move the components apart.
C4 overlaps R2: 2 footprint overlaps, 2 pad clearance violations, 1 courtyard conflict. Move the components apart.
C4 overlaps R3: 2 footprint overlaps, 2 pad clearance violations, 1 courtyard conflict. Move the components apart.
C4 overlaps R4: 1 footprint overlap, 1 pad clearance violation, 1 courtyard conflict. Move the components apart.
C4 overlaps C30: 1 footprint overlap, 1 pad clearance violation, 1 courtyard conflict. Move the components apart.
C4 overlaps C31: 1 footprint overlap, 1 pad clearance violation, 1 courtyard conflict. Move the components apart.
C4 overlaps C32: 1 footprint overlap, 1 pad clearance violation, 1 courtyard conflict. Move the components apart.
C4 overlaps R56: 1 footprint overlap, 1 pad clearance violation, 1 courtyard conflict. Move the components apart.
C4 overlaps R57: 2 footprint overlaps, 2 pad clearance violations, 1 courtyard conflict. Move the components apart.
C4 overlaps Q6: 1 footprint overlap, 1 pad clearance violation, 1 courtyard conflict. Move the components apart.
C4 overlaps R58: 1 footprint overlap, 1 pad clearance violation, 1 courtyard conflict. Move the components apart.
C4 overlaps R59: 1 footprint overlap, 1 pad clearance violation, 1 courtyard conflict. Move the components apart.
C4 overlaps R60: 2 footprint overlaps, 2 pad clearance violations, 1 courtyard conflict. Move the components apart.
C4 overlaps R61: 1 footprint overlap, 1 pad clearance violation, 1 courtyard conflict. Move the components apart.
C4 overlaps C33: 1 footprint overlap, 1 pad clearance violation, 1 courtyard conflict. Move the components apart.
C4 overlaps R62: 2 footprint overlaps, 2 pad clearance violations, 1 courtyard conflict. Move the components apart.
C4 overlaps Q7: 1 footprint overlap, 1 pad clearance violation, 1 courtyard conflict. Move the components apart.
C4 overlaps Q8: 1 footprint overlap, 1 pad clearance violation, 1 courtyard conflict. Move the components apart.
C4 overlaps R63: 1 footprint overlap, 1 pad clearance violation, 1 courtyard conflict. Move the components apart.
C4 overlaps R64: 1 footprint overlap, 1 pad clearance violation, 1 courtyard conflict. Move the components apart.
C4 overlaps R66: 2 footprint overlaps, 2 pad clearance violations, 1 courtyard conflict. Move the components apart.
C4 overlaps R67: 1 footprint overlap, 1 pad clearance violation, 1 courtyard conflict. Move the components apart.
C4 overlaps C34: 1 footprint overlap, 1 pad clearance violation, 1 courtyard conflict. Move the components apart.
C4 overlaps U4: 1 footprint overlap, 1 pad clearance violation, 1 courtyard conflict. Move the components apart.
C4 overlaps Q1: 1 footprint overlap, 1 pad clearance violation, 1 courtyard conflict. Move the components apart.
C4 overlaps R5: 2 footprint overlaps, 2 pad clearance violations, 1 courtyard conflict. Move the components apart.
C4 overlaps R6: 2 footprint overlaps, 2 pad clearance violations, 1 courtyard conflict. Move the components apart.
C4 overlaps R7: 2 footprint overlaps, 2 pad clearance violations, 1 courtyard conflict. Move the components apart.
C4 overlaps R8: 2 footprint overlaps, 2 pad clearance violations, 1 courtyard conflict. Move the components apart.
C4 overlaps R9: 1 footprint overlap, 1 pad clearance violation, 1 courtyard conflict. Move the components apart.
C4 overlaps R10: 2 footprint overlaps, 2 pad clearance violations, 1 courtyard conflict. Move the components apart.
C4 overlaps R11: 2 footprint overlaps, 2 pad clearance violations, 1 courtyard conflict. Move the components apart.
C4 overlaps R12: 1 footprint overlap, 1 pad clearance violation, 1 courtyard conflict. Move the components apart.
C4 overlaps R13: 1 footprint overlap, 1 pad clearance violation, 1 courtyard conflict. Move the components apart.
C4 overlaps R16: 2 footprint overlaps, 2 pad clearance violations, 1 courtyard conflict. Move the components apart.
C4 overlaps C9: 1 footprint overlap, 1 pad clearance violation, 1 courtyard conflict. Move the components apart.
C4 overlaps C10: 1 footprint overlap, 1 pad clearance violation, 1 courtyard conflict. Move the components apart.
C4 overlaps C11: 1 footprint overlap, 1 pad clearance violation, 1 courtyard conflict. Move the components apart.
C4 overlaps U5: 1 footprint overlap, 1 pad clearance violation, 1 courtyard conflict. Move the components apart.
C4 overlaps C12: 2 footprint overlaps, 2 pad clearance violations, 1 courtyard conflict. Move the components apart.
C4 overlaps C13: 1 footprint overlap, 1 pad clearance violation, 1 courtyard conflict. Move the components apart.
C4 overlaps C14: 1 footprint overlap, 1 pad clearance violation, 1 courtyard conflict. Move the components apart.
C4 overlaps C15: 1 footprint overlap, 1 pad clearance violation, 1 courtyard conflict. Move the components apart.
C4 overlaps C16: 1 footprint overlap, 1 pad clearance violation, 1 courtyard conflict. Move the components apart.
C4 overlaps C17: 1 footprint overlap, 1 pad clearance violation, 1 courtyard conflict. Move the components apart.
C4 overlaps R17: 1 footprint overlap, 1 pad clearance violation, 1 courtyard conflict. Move the components apart.
C4 overlaps R18: 2 footprint overlaps, 2 pad clearance violations, 1 courtyard conflict. Move the components apart.
C4 overlaps R55: 2 footprint overlaps, 2 pad clearance violations, 1 courtyard conflict. Move the components apart.
C4 overlaps R19: 1 footprint overlap, 1 pad clearance violation, 1 courtyard conflict. Move the components apart.
C4 overlaps R20: 2 footprint overlaps, 2 pad clearance violations, 1 courtyard conflict. Move the components apart.
C4 overlaps R21: 2 footprint overlaps, 2 pad clearance violations, 1 courtyard conflict. Move the components apart.
C4 overlaps R22: 2 footprint overlaps, 2 pad clearance violations, 1 courtyard conflict. Move the components apart.
C4 overlaps C19: 1 footprint overlap, 1 pad clearance violation, 1 courtyard conflict. Move the components apart.
C4 overlaps C20: 1 footprint overlap, 1 pad clearance violation, 1 courtyard conflict. Move the components apart.
C4 overlaps R23: 2 footprint overlaps, 2 pad clearance violations, 1 courtyard conflict. Move the components apart.
C4 overlaps R68: 1 footprint overlap, 1 pad clearance violation, 1 courtyard conflict. Move the components apart.
C4 overlaps R24: 1 footprint overlap, 1 pad clearance violation, 1 courtyard conflict. Move the components apart.
C4 overlaps R25: 2 footprint overlaps, 2 pad clearance violations, 1 courtyard conflict. Move the components apart.
C4 overlaps D6: 2 footprint overlaps, 2 pad clearance violations, 1 courtyard conflict. Move the components apart.
C4 overlaps D7: 2 footprint overlaps, 2 pad clearance violations, 1 courtyard conflict. Move the components apart.
C4 overlaps R26: 2 footprint overlaps, 2 pad clearance violations, 1 courtyard conflict. Move the components apart.
C4 overlaps C21: 1 footprint overlap, 1 pad clearance violation, 1 courtyard conflict. Move the components apart.
C4 overlaps C22: 1 footprint overlap, 1 pad clearance violation, 1 courtyard conflict. Move the components apart.
C4 overlaps C23: 1 footprint overlap, 1 pad clearance violation, 1 courtyard conflict. Move the components apart.
C4 overlaps R29: 2 footprint overlaps, 2 pad clearance violations, 1 courtyard conflict. Move the components apart.
C4 overlaps R30: 2 footprint overlaps, 2 pad clearance violations, 1 courtyard conflict. Move the components apart.
C4 overlaps LED2: 1 footprint overlap, 1 pad clearance violation, 1 courtyard conflict. Move the components apart.
C4 overlaps LED3: 1 footprint overlap, 1 pad clearance violation, 1 courtyard conflict. Move the components apart.
U8 overlaps C4: 1 footprint overlap, 1 pad clearance violation, 1 courtyard conflict. Move the components apart.
R31 overlaps C4: 2 footprint overlaps, 2 pad clearance violations, 1 courtyard conflict. Move the components apart.
R32 overlaps C4: 2 footprint overlaps, 2 pad clearance violations, 1 courtyard conflict. Move the components apart.
R33 overlaps C4: 1 footprint overlap, 1 pad clearance violation, 1 courtyard conflict. Move the components apart.
R34 overlaps C4: 2 footprint overlaps, 2 pad clearance violations, 1 courtyard conflict. Move the components apart.
D8 overlaps C4: 2 footprint overlaps, 2 pad clearance violations, 1 courtyard conflict. Move the components apart.
R39 overlaps C4: 2 footprint overlaps, 2 pad clearance violations, 1 courtyard conflict. Move the components apart.
R65 overlaps C4: 1 footprint overlap, 1 pad clearance violation, 1 courtyard conflict. Move the components apart.
R40 overlaps C4: 2 footprint overlaps, 2 pad clearance violations, 1 courtyard conflict. Move the components apart.
C4 overlaps C25: 1 footprint overlap, 1 pad clearance violation, 1 courtyard conflict. Move the components apart.
C4 overlaps U10: 1 footprint overlap, 1 pad clearance violation, 1 courtyard conflict. Move the components apart.
C4 overlaps R50: 1 footprint overlap, 1 pad clearance violation, 1 courtyard conflict. Move the components apart.
C4 overlaps R51: 2 footprint overlaps, 2 pad clearance violations, 1 courtyard conflict. Move the components apart.
C4 overlaps C26: 2 footprint overlaps, 2 pad clearance violations, 1 courtyard conflict. Move the components apart.
C4 overlaps C27: 2 footprint overlaps, 2 pad clearance violations, 1 courtyard conflict. Move the components apart.
C4 overlaps C28: 1 footprint overlap, 1 pad clearance violation, 1 courtyard conflict. Move the components apart.
C4 overlaps C29: 1 footprint overlap, 1 pad clearance violation, 1 courtyard conflict. Move the components apart.
C4 overlaps R54: 2 footprint overlaps, 2 pad clearance violations, 1 courtyard conflict. Move the components apart.
C4 overlaps LED1: 1 footprint overlap, 1 pad clearance violation, 1 courtyard conflict. Move the components apart.
C4 overlaps Q2: 1 footprint overlap, 1 pad clearance violation, 1 courtyard conflict. Move the components apart.
C4 overlaps R41: 2 footprint overlaps, 2 pad clearance violations, 1 courtyard conflict. Move the components apart.
C4 overlaps R42: 2 footprint overlaps, 2 pad clearance violations, 1 courtyard conflict. Move the components apart.
C4 overlaps R43: 2 footprint overlaps, 2 pad clearance violations, 1 courtyard conflict. Move the components apart.
C4 overlaps R44: 1 footprint overlap, 1 pad clearance violation, 1 courtyard conflict. Move the components apart.
C4 overlaps Q3: 1 footprint overlap, 1 pad clearance violation, 1 courtyard conflict. Move the components apart.
C4 overlaps Q4: 1 footprint overlap, 1 pad clearance violation, 1 courtyard conflict. Move the components apart.
C4 overlaps R49: 2 footprint overlaps, 2 pad clearance violations, 1 courtyard conflict. Move the components apart.
C4 overlaps Q5: 1 footprint overlap, 1 pad clearance violation, 1 courtyard conflict. Move the components apart.
C4 overlaps SW1: 3 footprint overlaps, 2 pad clearance violations, 1 courtyard conflict. Move the components apart.
C4 overlaps J2: 2 footprint overlaps, 1 courtyard conflict. Move the components apart.
C5 overlaps C6: 1 footprint overlap, 1 pad clearance violation, 1 courtyard conflict. Move the components apart.
C5 overlaps C7: 1 footprint overlap, 1 pad clearance violation, 1 courtyard conflict. Move the components apart.
C5 overlaps C8: 1 footprint overlap, 1 pad clearance violation, 1 courtyard conflict. Move the components apart.
C5 overlaps R2: 1 footprint overlap, 1 pad clearance violation, 1 courtyard conflict. Move the components apart.
C5 overlaps R3: 1 footprint overlap, 1 pad clearance violation, 1 courtyard conflict. Move the components apart.
C5 overlaps R4: 1 footprint overlap, 1 pad clearance violation, 1 courtyard conflict. Move the components apart.
C5 overlaps C32: 1 footprint overlap, 1 pad clearance violation, 1 courtyard conflict. Move the components apart.
C5 overlaps R56: 1 footprint overlap, 1 pad clearance violation, 1 courtyard conflict. Move the components apart.
C5 overlaps R57: 1 footprint overlap, 1 pad clearance violation, 1 courtyard conflict. Move the components apart.
C5 overlaps Q6: 1 footprint overlap, 1 pad clearance violation, 1 courtyard conflict. Move the components apart.
C5 overlaps R58: 1 footprint overlap, 1 pad clearance violation, 1 courtyard conflict. Move the components apart.
C5 overlaps R59: 1 footprint overlap, 1 pad clearance violation, 1 courtyard conflict. Move the components apart.
C5 overlaps R60: 2 footprint overlaps, 2 pad clearance violations, 1 courtyard conflict. Move the components apart.
C5 overlaps R61: 1 footprint overlap, 1 pad clearance violation, 1 courtyard conflict. Move the components apart.
C5 overlaps C33: 1 footprint overlap, 1 pad clearance violation, 1 courtyard conflict. Move the components apart.
C5 overlaps R62: 1 footprint overlap, 1 pad clearance violation, 1 courtyard conflict. Move the components apart.
C5 overlaps Q7: 1 footprint overlap, 1 pad clearance violation, 1 courtyard conflict. Move the components apart.
C5 overlaps Q8: 1 footprint overlap, 1 pad clearance violation, 1 courtyard conflict. Move the components apart.
C5 overlaps R63: 1 footprint overlap, 1 pad clearance violation, 1 courtyard conflict. Move the components apart.
C5 overlaps R64: 1 footprint overlap, 1 pad clearance violation, 1 courtyard conflict. Move the components apart.
C5 overlaps R66: 2 footprint overlaps, 2 pad clearance violations, 1 courtyard conflict. Move the components apart.
C5 overlaps R67: 1 footprint overlap, 1 pad clearance violation, 1 courtyard conflict. Move the components apart.
C5 overlaps C34: 1 footprint overlap, 1 pad clearance violation, 1 courtyard conflict. Move the components apart.
C5 overlaps U4: 1 footprint overlap, 1 pad clearance violation, 1 courtyard conflict. Move the components apart.
C5 overlaps Q1: 1 footprint overlap, 1 pad clearance violation, 1 courtyard conflict. Move the components apart.
C5 overlaps R5: 1 footprint overlap, 1 pad clearance violation, 1 courtyard conflict. Move the components apart.
C5 overlaps R6: 2 footprint overlaps, 2 pad clearance violations, 1 courtyard conflict. Move the components apart.
C5 overlaps R7: 2 footprint overlaps, 2 pad clearance violations, 1 courtyard conflict. Move the components apart.
C5 overlaps R8: 2 footprint overlaps, 2 pad clearance violations, 1 courtyard conflict. Move the components apart.
C5 overlaps R9: 1 footprint overlap, 1 pad clearance violation, 1 courtyard conflict. Move the components apart.
C5 overlaps R10: 2 footprint overlaps, 2 pad clearance violations, 1 courtyard conflict. Move the components apart.
C5 overlaps R11: 2 footprint overlaps, 2 pad clearance violations, 1 courtyard conflict. Move the components apart.
C5 overlaps R12: 1 footprint overlap, 1 pad clearance violation, 1 courtyard conflict. Move the components apart.
C5 overlaps R13: 1 footprint overlap, 1 pad clearance violation, 1 courtyard conflict. Move the components apart.
C5 overlaps R16: 1 footprint overlap, 1 pad clearance violation, 1 courtyard conflict. Move the components apart.
C5 overlaps C9: 1 footprint overlap, 1 pad clearance violation, 1 courtyard conflict. Move the components apart.
C5 overlaps C10: 1 footprint overlap, 1 pad clearance violation, 1 courtyard conflict. Move the components apart.
C5 overlaps C11: 1 footprint overlap, 1 pad clearance violation, 1 courtyard conflict. Move the components apart.
C5 overlaps U5: 1 footprint overlap, 1 pad clearance violation, 1 courtyard conflict. Move the components apart.
C5 overlaps C12: 2 footprint overlaps, 2 pad clearance violations, 1 courtyard conflict. Move the components apart.
C5 overlaps C13: 1 footprint overlap, 1 pad clearance violation, 1 courtyard conflict. Move the components apart.
C5 overlaps C14: 1 footprint overlap, 1 pad clearance violation, 1 courtyard conflict. Move the components apart.
C5 overlaps C15: 1 footprint overlap, 1 pad clearance violation, 1 courtyard conflict. Move the components apart.
C5 overlaps C16: 1 footprint overlap, 1 pad clearance violation, 1 courtyard conflict. Move the components apart.
C5 overlaps C17: 1 footprint overlap, 1 pad clearance violation, 1 courtyard conflict. Move the components apart.
C5 overlaps R17: 1 footprint overlap, 1 pad clearance violation, 1 courtyard conflict. Move the components apart.
C5 overlaps R18: 2 footprint overlaps, 2 pad clearance violations, 1 courtyard conflict. Move the components apart.
C5 overlaps R55: 2 footprint overlaps, 2 pad clearance violations, 1 courtyard conflict. Move the components apart.
C5 overlaps R19: 1 footprint overlap, 1 pad clearance violation, 1 courtyard conflict. Move the components apart.
C5 overlaps R20: 2 footprint overlaps, 2 pad clearance violations, 1 courtyard conflict. Move the components apart.
C5 overlaps R21: 2 footprint overlaps, 2 pad clearance violations, 1 courtyard conflict. Move the components apart.
C5 overlaps R22: 2 footprint overlaps, 2 pad clearance violations, 1 courtyard conflict. Move the components apart.
C5 overlaps C19: 1 footprint overlap, 1 pad clearance violation, 1 courtyard conflict. Move the components apart.
C5 overlaps C20: 1 footprint overlap, 1 pad clearance violation, 1 courtyard conflict. Move the components apart.
C5 overlaps R23: 2 footprint overlaps, 2 pad clearance violations, 1 courtyard conflict. Move the components apart.
C5 overlaps R68: 1 footprint overlap, 1 pad clearance violation, 1 courtyard conflict. Move the components apart.
C5 overlaps R24: 1 footprint overlap, 1 pad clearance violation, 1 courtyard conflict. Move the components apart.
C5 overlaps R25: 1 footprint overlap, 1 pad clearance violation, 1 courtyard conflict. Move the components apart.
C5 overlaps D6: 2 footprint overlaps, 2 pad clearance violations, 1 courtyard conflict. Move the components apart.
C5 overlaps D7: 2 footprint overlaps, 2 pad clearance violations, 1 courtyard conflict. Move the components apart.
C5 overlaps R26: 2 footprint overlaps, 2 pad clearance violations, 1 courtyard conflict. Move the components apart.
C5 overlaps C21: 1 footprint overlap, 1 pad clearance violation, 1 courtyard conflict. Move the components apart.
C5 overlaps C22: 1 footprint overlap, 1 pad clearance violation, 1 courtyard conflict. Move the components apart.
C5 overlaps R29: 2 footprint overlaps, 2 pad clearance violations, 1 courtyard conflict. Move the components apart.
C5 overlaps R30: 2 footprint overlaps, 2 pad clearance violations, 1 courtyard conflict. Move the components apart.
C5 overlaps LED2: 1 footprint overlap, 1 pad clearance violation, 1 courtyard conflict. Move the components apart.
C5 overlaps LED3: 1 footprint overlap, 1 pad clearance violation, 1 courtyard conflict. Move the components apart.
U8 overlaps C5: 1 footprint overlap, 1 pad clearance violation, 1 courtyard conflict. Move the components apart.
R31 overlaps C5: 2 footprint overlaps, 2 pad clearance violations, 1 courtyard conflict. Move the components apart.
R32 overlaps C5: 2 footprint overlaps, 2 pad clearance violations, 1 courtyard conflict. Move the components apart.
R33 overlaps C5: 1 footprint overlap, 1 pad clearance violation, 1 courtyard conflict. Move the components apart.
R34 overlaps C5: 1 footprint overlap, 1 pad clearance violation, 1 courtyard conflict. Move the components apart.
D8 overlaps C5: 2 footprint overlaps, 2 pad clearance violations, 1 courtyard conflict. Move the components apart.
R39 overlaps C5: 2 footprint overlaps, 2 pad clearance violations, 1 courtyard conflict. Move the components apart.
R65 overlaps C5: 1 footprint overlap, 1 pad clearance violation, 1 courtyard conflict. Move the components apart.
R40 overlaps C5: 2 footprint overlaps, 2 pad clearance violations, 1 courtyard conflict. Move the components apart.
C25 overlaps C5: 1 footprint overlap, 1 pad clearance violation, 1 courtyard conflict. Move the components apart.
U10 overlaps C5: 1 footprint overlap, 1 pad clearance violation, 1 courtyard conflict. Move the components apart.
R50 overlaps C5: 1 footprint overlap, 1 pad clearance violation, 1 courtyard conflict. Move the components apart.
R51 overlaps C5: 1 footprint overlap, 1 pad clearance violation, 1 courtyard conflict. Move the components apart.
C26 overlaps C5: 2 footprint overlaps, 2 pad clearance violations, 1 courtyard conflict. Move the components apart.
C27 overlaps C5: 2 footprint overlaps, 2 pad clearance violations, 1 courtyard conflict. Move the components apart.
C5 overlaps C28: 1 footprint overlap, 1 pad clearance violation, 1 courtyard conflict. Move the components apart.
C5 overlaps C29: 1 footprint overlap, 1 pad clearance violation, 1 courtyard conflict. Move the components apart.
C5 overlaps R54: 2 footprint overlaps, 2 pad clearance violations, 1 courtyard conflict. Move the components apart.
C5 overlaps LED1: 1 footprint overlap, 1 pad clearance violation, 1 courtyard conflict. Move the components apart.
C5 overlaps Q2: 1 footprint overlap, 1 pad clearance violation, 1 courtyard conflict. Move the components apart.
C5 overlaps R41: 2 footprint overlaps, 2 pad clearance violations, 1 courtyard conflict. Move the components apart.
C5 overlaps R42: 2 footprint overlaps, 2 pad clearance violations, 1 courtyard conflict. Move the components apart.
C5 overlaps R43: 2 footprint overlaps, 2 pad clearance violations, 1 courtyard conflict. Move the components apart.
C5 overlaps R44: 1 footprint overlap, 1 pad clearance violation, 1 courtyard conflict. Move the components apart.
C5 overlaps Q3: 1 footprint overlap, 1 pad clearance violation, 1 courtyard conflict. Move the components apart.
C5 overlaps Q4: 1 footprint overlap, 1 pad clearance violation, 1 courtyard conflict. Move the components apart.
C5 overlaps R49: 2 footprint overlaps, 2 pad clearance violations, 1 courtyard conflict. Move the components apart.
C5 overlaps Q5: 1 footprint overlap, 1 pad clearance violation, 1 courtyard conflict. Move the components apart.
C5 overlaps SW1: 3 footprint overlaps, 2 pad clearance violations, 1 courtyard conflict. Move the components apart.
C5 overlaps J2: 2 footprint overlaps, 1 courtyard conflict. Move the components apart.
C6 overlaps C7: 1 footprint overlap, 1 pad clearance violation, 1 courtyard conflict. Move the components apart.
C6 overlaps C8: 1 footprint overlap, 1 pad clearance violation, 1 courtyard conflict. Move the components apart.
C6 overlaps R2: 2 footprint overlaps, 2 pad clearance violations, 1 courtyard conflict. Move the components apart.
C6 overlaps R3: 2 footprint overlaps, 2 pad clearance violations, 1 courtyard conflict. Move the components apart.
C6 overlaps R4: 1 footprint overlap, 1 pad clearance violation, 1 courtyard conflict. Move the components apart.
C6 overlaps C30: 1 footprint overlap, 1 pad clearance violation, 1 courtyard conflict. Move the components apart.
C6 overlaps C31: 1 footprint overlap, 1 pad clearance violation, 1 courtyard conflict. Move the components apart.
C6 overlaps C32: 1 footprint overlap, 1 pad clearance violation, 1 courtyard conflict. Move the components apart.
C6 overlaps R56: 1 footprint overlap, 1 pad clearance violation, 1 courtyard conflict. Move the components apart.
C6 overlaps R57: 2 footprint overlaps, 2 pad clearance violations, 1 courtyard conflict. Move the components apart.
C6 overlaps Q6: 2 footprint overlaps, 2 pad clearance violations, 1 courtyard conflict. Move the components apart.
C6 overlaps R58: 1 footprint overlap, 1 pad clearance violation, 1 courtyard conflict. Move the components apart.
C6 overlaps R59: 1 footprint overlap, 1 pad clearance violation, 1 courtyard conflict. Move the components apart.
C6 overlaps R60: 2 footprint overlaps, 2 pad clearance violations, 1 courtyard conflict. Move the components apart.
C6 overlaps R61: 1 footprint overlap, 1 pad clearance violation, 1 courtyard conflict. Move the components apart.
C6 overlaps C33: 1 footprint overlap, 1 pad clearance violation, 1 courtyard conflict. Move the components apart.
C6 overlaps R62: 2 footprint overlaps, 2 pad clearance violations, 1 courtyard conflict. Move the components apart.
C6 overlaps Q7: 2 footprint overlaps, 2 pad clearance violations, 1 courtyard conflict. Move the components apart.
C6 overlaps Q8: 2 footprint overlaps, 2 pad clearance violations, 1 courtyard conflict. Move the components apart.
C6 overlaps R63: 1 footprint overlap, 1 pad clearance violation, 1 courtyard conflict. Move the components apart.
C6 overlaps R64: 1 footprint overlap, 1 pad clearance violation, 1 courtyard conflict. Move the components apart.
C6 overlaps R66: 2 footprint overlaps, 2 pad clearance violations, 1 courtyard conflict. Move the components apart.
C6 overlaps R67: 1 footprint overlap, 1 pad clearance violation, 1 courtyard conflict. Move the components apart.
C6 overlaps C34: 1 footprint overlap, 1 pad clearance violation, 1 courtyard conflict. Move the components apart.
C6 overlaps D4: 2 footprint overlaps, 2 pad clearance violations, 1 courtyard conflict. Move the components apart.
C6 overlaps U4: 1 footprint overlap, 1 pad clearance violation, 1 courtyard conflict. Move the components apart.
C6 overlaps Q1: 2 footprint overlaps, 2 pad clearance violations, 1 courtyard conflict. Move the components apart.
C6 overlaps R5: 2 footprint overlaps, 2 pad clearance violations, 1 courtyard conflict. Move the components apart.
C6 overlaps R6: 2 footprint overlaps, 2 pad clearance violations, 1 courtyard conflict. Move the components apart.
C6 overlaps R7: 2 footprint overlaps, 2 pad clearance violations, 1 courtyard conflict. Move the components apart.
C6 overlaps R8: 2 footprint overlaps, 2 pad clearance violations, 1 courtyard conflict. Move the components apart.
C6 overlaps R9: 1 footprint overlap, 1 pad clearance violation, 1 courtyard conflict. Move the components apart.
C6 overlaps R10: 2 footprint overlaps, 2 pad clearance violations, 1 courtyard conflict. Move the components apart.
C6 overlaps R11: 2 footprint overlaps, 2 pad clearance violations, 1 courtyard conflict. Move the components apart.
C6 overlaps R12: 1 footprint overlap, 1 pad clearance violation, 1 courtyard conflict. Move the components apart.
C6 overlaps R13: 1 footprint overlap, 1 pad clearance violation, 1 courtyard conflict. Move the components apart.
C6 overlaps R16: 2 footprint overlaps, 2 pad clearance violations, 1 courtyard conflict. Move the components apart.
C6 overlaps C9: 1 footprint overlap, 1 pad clearance violation, 1 courtyard conflict. Move the components apart.
C6 overlaps C10: 1 footprint overlap, 1 pad clearance violation, 1 courtyard conflict. Move the components apart.
C6 overlaps C11: 1 footprint overlap, 1 pad clearance violation, 1 courtyard conflict. Move the components apart.
C6 overlaps U5: 1 footprint overlap, 1 pad clearance violation, 1 courtyard conflict. Move the components apart.
C6 overlaps D5: 1 footprint overlap, 1 pad clearance violation, 1 courtyard conflict. Move the components apart.
C6 overlaps C12: 2 footprint overlaps, 2 pad clearance violations, 1 courtyard conflict. Move the components apart.
C6 overlaps C13: 1 footprint overlap, 1 pad clearance violation, 1 courtyard conflict. Move the components apart.
C6 overlaps C14: 1 footprint overlap, 1 pad clearance violation, 1 courtyard conflict. Move the components apart.
C6 overlaps C15: 1 footprint overlap, 1 pad clearance violation, 1 courtyard conflict. Move the components apart.
C6 overlaps C16: 1 footprint overlap, 1 pad clearance violation, 1 courtyard conflict. Move the components apart.
C6 overlaps C17: 1 footprint overlap, 1 pad clearance violation, 1 courtyard conflict. Move the components apart.
C6 overlaps R17: 1 footprint overlap, 1 pad clearance violation, 1 courtyard conflict. Move the components apart.
C6 overlaps R18: 2 footprint overlaps, 2 pad clearance violations, 1 courtyard conflict. Move the components apart.
C6 overlaps R55: 2 footprint overlaps, 2 pad clearance violations, 1 courtyard conflict. Move the components apart.
C6 overlaps R19: 1 footprint overlap, 1 pad clearance violation, 1 courtyard conflict. Move the components apart.
C6 overlaps R20: 2 footprint overlaps, 2 pad clearance violations, 1 courtyard conflict. Move the components apart.
C6 overlaps R21: 2 footprint overlaps, 2 pad clearance violations, 1 courtyard conflict. Move the components apart.
C6 overlaps R22: 2 footprint overlaps, 2 pad clearance violations, 1 courtyard conflict. Move the components apart.
C6 overlaps C19: 1 footprint overlap, 1 pad clearance violation, 1 courtyard conflict. Move the components apart.
C6 overlaps C20: 1 footprint overlap, 1 pad clearance violation, 1 courtyard conflict. Move the components apart.
C6 overlaps R23: 2 footprint overlaps, 2 pad clearance violations, 1 courtyard conflict. Move the components apart.
C6 overlaps R68: 1 footprint overlap, 1 pad clearance violation, 1 courtyard conflict. Move the components apart.
C6 overlaps R24: 1 footprint overlap, 1 pad clearance violation, 1 courtyard conflict. Move the components apart.
C6 overlaps R25: 2 footprint overlaps, 2 pad clearance violations, 1 courtyard conflict. Move the components apart.
C6 overlaps D6: 2 footprint overlaps, 2 pad clearance violations, 1 courtyard conflict. Move the components apart.
C6 overlaps D7: 2 footprint overlaps, 2 pad clearance violations, 1 courtyard conflict. Move the components apart.
C6 overlaps R26: 2 footprint overlaps, 2 pad clearance violations, 1 courtyard conflict. Move the components apart.
C6 overlaps C21: 1 footprint overlap, 1 pad clearance violation, 1 courtyard conflict. Move the components apart.
C6 overlaps C22: 1 footprint overlap, 1 pad clearance violation, 1 courtyard conflict. Move the components apart.
C6 overlaps C23: 1 footprint overlap, 1 pad clearance violation, 1 courtyard conflict. Move the components apart.
C6 overlaps R29: 2 footprint overlaps, 2 pad clearance violations, 1 courtyard conflict. Move the components apart.
C6 overlaps R30: 2 footprint overlaps, 2 pad clearance violations, 1 courtyard conflict. Move the components apart.
C6 overlaps LED2: 1 footprint overlap, 1 pad clearance violation, 1 courtyard conflict. Move the components apart.
C6 overlaps LED3: 1 footprint overlap, 1 pad clearance violation, 1 courtyard conflict. Move the components apart.
U8 overlaps C6: 3 footprint overlaps, 3 pad clearance violations, 1 courtyard conflict. Move the components apart.
R31 overlaps C6: 2 footprint overlaps, 2 pad clearance violations, 1 courtyard conflict. Move the components apart.
R32 overlaps C6: 2 footprint overlaps, 2 pad clearance violations, 1 courtyard conflict. Move the components apart.
R33 overlaps C6: 1 footprint overlap, 1 pad clearance violation, 1 courtyard conflict. Move the components apart.
R34 overlaps C6: 2 footprint overlaps, 2 pad clearance violations, 1 courtyard conflict. Move the components apart.
D8 overlaps C6: 2 footprint overlaps, 2 pad clearance violations, 1 courtyard conflict. Move the components apart.
R39 overlaps C6: 2 footprint overlaps, 2 pad clearance violations, 1 courtyard conflict. Move the components apart.
R65 overlaps C6: 1 footprint overlap, 1 pad clearance violation, 1 courtyard conflict. Move the components apart.
R40 overlaps C6: 2 footprint overlaps, 2 pad clearance violations, 1 courtyard conflict. Move the components apart.
C25 overlaps C6: 1 footprint overlap, 1 pad clearance violation, 1 courtyard conflict. Move the components apart.
U10 overlaps C6: 1 footprint overlap, 1 pad clearance violation, 1 courtyard conflict. Move the components apart.
R50 overlaps C6: 1 footprint overlap, 1 pad clearance violation, 1 courtyard conflict. Move the components apart.
R51 overlaps C6: 2 footprint overlaps, 2 pad clearance violations, 1 courtyard conflict. Move the components apart.
C26 overlaps C6: 2 footprint overlaps, 2 pad clearance violations, 1 courtyard conflict. Move the components apart.
C27 overlaps C6: 2 footprint overlaps, 2 pad clearance violations, 1 courtyard conflict. Move the components apart.
C28 overlaps C6: 1 footprint overlap, 1 pad clearance violation, 1 courtyard conflict. Move the components apart.
C29 overlaps C6: 1 footprint overlap, 1 pad clearance violation, 1 courtyard conflict. Move the components apart.
D10 overlaps C6: 2 footprint overlaps, 2 pad clearance violations, 1 courtyard conflict. Move the components apart.
D11 overlaps C6: 1 footprint overlap, 1 pad clearance violation, 1 courtyard conflict. Move the components apart.
R54 overlaps C6: 2 footprint overlaps, 2 pad clearance violations, 1 courtyard conflict. Move the components apart.
LED1 overlaps C6: 1 footprint overlap, 1 pad clearance violation, 1 courtyard conflict. Move the components apart.
Q2 overlaps C6: 3 footprint overlaps, 3 pad clearance violations, 1 courtyard conflict. Move the components apart.
R41 overlaps C6: 2 footprint overlaps, 2 pad clearance violations, 1 courtyard conflict. Move the components apart.
R42 overlaps C6: 2 footprint overlaps, 2 pad clearance violations, 1 courtyard conflict. Move the components apart.
C6 overlaps R43: 2 footprint overlaps, 2 pad clearance violations, 1 courtyard conflict. Move the components apart.
C6 overlaps R44: 1 footprint overlap, 1 pad clearance violation, 1 courtyard conflict. Move the components apart.
C6 overlaps D9: 1 footprint overlap, 1 pad clearance violation, 1 courtyard conflict. Move the components apart.
C6 overlaps Q3: 2 footprint overlaps, 2 pad clearance violations, 1 courtyard conflict. Move the components apart.
C6 overlaps Q4: 2 footprint overlaps, 2 pad clearance violations, 1 courtyard conflict. Move the components apart.
C6 overlaps R49: 2 footprint overlaps, 2 pad clearance violations, 1 courtyard conflict. Move the components apart.
C6 overlaps Q5: 2 footprint overlaps, 2 pad clearance violations, 1 courtyard conflict. Move the components apart.
C6 overlaps SW1: 3 footprint overlaps, 2 pad clearance violations, 1 courtyard conflict. Move the components apart.
J2 overlaps C6: 4 footprint overlaps, 2 pad clearance violations, 1 courtyard conflict. Move the components apart.
C7 overlaps C8: 1 footprint overlap, 1 pad clearance violation, 1 courtyard conflict. Move the components apart.
C7 overlaps R2: 2 footprint overlaps, 2 pad clearance violations, 1 courtyard conflict. Move the components apart.
C7 overlaps R3: 2 footprint overlaps, 2 pad clearance violations, 1 courtyard conflict. Move the components apart.
C7 overlaps R4: 1 footprint overlap, 1 pad clearance violation, 1 courtyard conflict. Move the components apart.
C7 overlaps C30: 1 footprint overlap, 1 pad clearance violation, 1 courtyard conflict. Move the components apart.
C7 overlaps C31: 1 footprint overlap, 1 pad clearance violation, 1 courtyard conflict. Move the components apart.
C7 overlaps C32: 1 footprint overlap, 1 pad clearance violation, 1 courtyard conflict. Move the components apart.
C7 overlaps R56: 1 footprint overlap, 1 pad clearance violation, 1 courtyard conflict. Move the components apart.
C7 overlaps R57: 2 footprint overlaps, 2 pad clearance violations, 1 courtyard conflict. Move the components apart.
C7 overlaps Q6: 2 footprint overlaps, 2 pad clearance violations, 1 courtyard conflict. Move the components apart.
C7 overlaps R58: 1 footprint overlap, 1 pad clearance violation, 1 courtyard conflict. Move the components apart.
C7 overlaps R59: 1 footprint overlap, 1 pad clearance violation, 1 courtyard conflict. Move the components apart.
C7 overlaps R60: 2 footprint overlaps, 2 pad clearance violations, 1 courtyard conflict. Move the components apart.
C7 overlaps R61: 1 footprint overlap, 1 pad clearance violation, 1 courtyard conflict. Move the components apart.
C7 overlaps C33: 1 footprint overlap, 1 pad clearance violation, 1 courtyard conflict. Move the components apart.
C7 overlaps R62: 2 footprint overlaps, 2 pad clearance violations, 1 courtyard conflict. Move the components apart.
C7 overlaps Q7: 2 footprint overlaps, 2 pad clearance violations, 1 courtyard conflict. Move the components apart.
C7 overlaps Q8: 2 footprint overlaps, 2 pad clearance violations, 1 courtyard conflict. Move the components apart.
C7 overlaps R63: 1 footprint overlap, 1 pad clearance violation, 1 courtyard conflict. Move the components apart.
C7 overlaps R64: 1 footprint overlap, 1 pad clearance violation, 1 courtyard conflict. Move the components apart.
C7 overlaps R66: 2 footprint overlaps, 2 pad clearance violations, 1 courtyard conflict. Move the components apart.
C7 overlaps R67: 1 footprint overlap, 1 pad clearance violation, 1 courtyard conflict. Move the components apart.
C7 overlaps C34: 1 footprint overlap, 1 pad clearance violation, 1 courtyard conflict. Move the components apart.
C7 overlaps D4: 2 footprint overlaps, 2 pad clearance violations, 1 courtyard conflict. Move the components apart.
C7 overlaps U4: 1 footprint overlap, 1 pad clearance violation, 1 courtyard conflict. Move the components apart.
C7 overlaps Q1: 2 footprint overlaps, 2 pad clearance violations, 1 courtyard conflict. Move the components apart.
C7 overlaps R5: 2 footprint overlaps, 2 pad clearance violations, 1 courtyard conflict. Move the components apart.
C7 overlaps R6: 2 footprint overlaps, 2 pad clearance violations, 1 courtyard conflict. Move the components apart.
C7 overlaps R7: 2 footprint overlaps, 2 pad clearance violations, 1 courtyard conflict. Move the components apart.
C7 overlaps R8: 2 footprint overlaps, 2 pad clearance violations, 1 courtyard conflict. Move the components apart.
C7 overlaps R9: 1 footprint overlap, 1 pad clearance violation, 1 courtyard conflict. Move the components apart.
C7 overlaps R10: 2 footprint overlaps, 2 pad clearance violations, 1 courtyard conflict. Move the components apart.
C7 overlaps R11: 2 footprint overlaps, 2 pad clearance violations, 1 courtyard conflict. Move the components apart.
C7 overlaps R12: 1 footprint overlap, 1 pad clearance violation, 1 courtyard conflict. Move the components apart.
C7 overlaps R13: 1 footprint overlap, 1 pad clearance violation, 1 courtyard conflict. Move the components apart.
C7 overlaps R16: 2 footprint overlaps, 2 pad clearance violations, 1 courtyard conflict. Move the components apart.
C7 overlaps C9: 1 footprint overlap, 1 pad clearance violation, 1 courtyard conflict. Move the components apart.
C7 overlaps C10: 1 footprint overlap, 1 pad clearance violation, 1 courtyard conflict. Move the components apart.
C7 overlaps C11: 1 footprint overlap, 1 pad clearance violation, 1 courtyard conflict. Move the components apart.
C7 overlaps U5: 1 footprint overlap, 1 pad clearance violation, 1 courtyard conflict. Move the components apart.
C7 overlaps D5: 1 footprint overlap, 1 pad clearance violation, 1 courtyard conflict. Move the components apart.
C7 overlaps C12: 2 footprint overlaps, 2 pad clearance violations, 1 courtyard conflict. Move the components apart.
C7 overlaps C13: 1 footprint overlap, 1 pad clearance violation, 1 courtyard conflict. Move the components apart.
C7 overlaps C14: 1 footprint overlap, 1 pad clearance violation, 1 courtyard conflict. Move the components apart.
C7 overlaps C15: 1 footprint overlap, 1 pad clearance violation, 1 courtyard conflict. Move the components apart.
C7 overlaps C16: 1 footprint overlap, 1 pad clearance violation, 1 courtyard conflict. Move the components apart.
C7 overlaps C17: 1 footprint overlap, 1 pad clearance violation, 1 courtyard conflict. Move the components apart.
C7 overlaps R17: 1 footprint overlap, 1 pad clearance violation, 1 courtyard conflict. Move the components apart.
C7 overlaps R18: 2 footprint overlaps, 2 pad clearance violations, 1 courtyard conflict. Move the components apart.
C7 overlaps R55: 2 footprint overlaps, 2 pad clearance violations, 1 courtyard conflict. Move the components apart.
C7 overlaps R19: 1 footprint overlap, 1 pad clearance violation, 1 courtyard conflict. Move the components apart.
C7 overlaps R20: 2 footprint overlaps, 2 pad clearance violations, 1 courtyard conflict. Move the components apart.
C7 overlaps R21: 2 footprint overlaps, 2 pad clearance violations, 1 courtyard conflict. Move the components apart.
C7 overlaps R22: 2 footprint overlaps, 2 pad clearance violations, 1 courtyard conflict. Move the components apart.
C7 overlaps C19: 1 footprint overlap, 1 pad clearance violation, 1 courtyard conflict. Move the components apart.
C7 overlaps C20: 1 footprint overlap, 1 pad clearance violation, 1 courtyard conflict. Move the components apart.
C7 overlaps R23: 2 footprint overlaps, 2 pad clearance violations, 1 courtyard conflict. Move the components apart.
C7 overlaps R68: 1 footprint overlap, 1 pad clearance violation, 1 courtyard conflict. Move the components apart.
C7 overlaps R24: 1 footprint overlap, 1 pad clearance violation, 1 courtyard conflict. Move the components apart.
C7 overlaps R25: 2 footprint overlaps, 2 pad clearance violations, 1 courtyard conflict. Move the components apart.
C7 overlaps D6: 2 footprint overlaps, 2 pad clearance violations, 1 courtyard conflict. Move the components apart.
C7 overlaps D7: 2 footprint overlaps, 2 pad clearance violations, 1 courtyard conflict. Move the components apart.
C7 overlaps R26: 2 footprint overlaps, 2 pad clearance violations, 1 courtyard conflict. Move the components apart.
C7 overlaps C21: 1 footprint overlap, 1 pad clearance violation, 1 courtyard conflict. Move the components apart.
C7 overlaps C22: 1 footprint overlap, 1 pad clearance violation, 1 courtyard conflict. Move the components apart.
C7 overlaps C23: 1 footprint overlap, 1 pad clearance violation, 1 courtyard conflict. Move the components apart.
C7 overlaps R29: 2 footprint overlaps, 2 pad clearance violations, 1 courtyard conflict. Move the components apart.
C7 overlaps R30: 2 footprint overlaps, 2 pad clearance violations, 1 courtyard conflict. Move the components apart.
C7 overlaps LED2: 1 footprint overlap, 1 pad clearance violation, 1 courtyard conflict. Move the components apart.
C7 overlaps LED3: 1 footprint overlap, 1 pad clearance violation, 1 courtyard conflict. Move the components apart.
U8 overlaps C7: 3 footprint overlaps, 3 pad clearance violations, 1 courtyard conflict. Move the components apart.
R31 overlaps C7: 2 footprint overlaps, 2 pad clearance violations, 1 courtyard conflict. Move the components apart.
R32 overlaps C7: 2 footprint overlaps, 2 pad clearance violations, 1 courtyard conflict. Move the components apart.
R33 overlaps C7: 1 footprint overlap, 1 pad clearance violation, 1 courtyard conflict. Move the components apart.
R34 overlaps C7: 2 footprint overlaps, 2 pad clearance violations, 1 courtyard conflict. Move the components apart.
D8 overlaps C7: 2 footprint overlaps, 2 pad clearance violations, 1 courtyard conflict. Move the components apart.
R39 overlaps C7: 2 footprint overlaps, 2 pad clearance violations, 1 courtyard conflict. Move the components apart.
R65 overlaps C7: 1 footprint overlap, 1 pad clearance violation, 1 courtyard conflict. Move the components apart.
R40 overlaps C7: 2 footprint overlaps, 2 pad clearance violations, 1 courtyard conflict. Move the components apart.
C25 overlaps C7: 1 footprint overlap, 1 pad clearance violation, 1 courtyard conflict. Move the components apart.
U10 overlaps C7: 1 footprint overlap, 1 pad clearance violation, 1 courtyard conflict. Move the components apart.
R50 overlaps C7: 1 footprint overlap, 1 pad clearance violation, 1 courtyard conflict. Move the components apart.
R51 overlaps C7: 2 footprint overlaps, 2 pad clearance violations, 1 courtyard conflict. Move the components apart.
C26 overlaps C7: 2 footprint overlaps, 2 pad clearance violations, 1 courtyard conflict. Move the components apart.
C27 overlaps C7: 2 footprint overlaps, 2 pad clearance violations, 1 courtyard conflict. Move the components apart.
C28 overlaps C7: 1 footprint overlap, 1 pad clearance violation, 1 courtyard conflict. Move the components apart.
C29 overlaps C7: 1 footprint overlap, 1 pad clearance violation, 1 courtyard conflict. Move the components apart.
D10 overlaps C7: 2 footprint overlaps, 2 pad clearance violations, 1 courtyard conflict. Move the components apart.
D11 overlaps C7: 1 footprint overlap, 1 pad clearance violation, 1 courtyard conflict. Move the components apart.
R54 overlaps C7: 2 footprint overlaps, 2 pad clearance violations, 1 courtyard conflict. Move the components apart.
LED1 overlaps C7: 1 footprint overlap, 1 pad clearance violation, 1 courtyard conflict. Move the components apart.
Q2 overlaps C7: 3 footprint overlaps, 3 pad clearance violations, 1 courtyard conflict. Move the components apart.
R41 overlaps C7: 2 footprint overlaps, 2 pad clearance violations, 1 courtyard conflict. Move the components apart.
R42 overlaps C7: 2 footprint overlaps, 2 pad clearance violations, 1 courtyard conflict. Move the components apart.
R43 overlaps C7: 2 footprint overlaps, 2 pad clearance violations, 1 courtyard conflict. Move the components apart.
R44 overlaps C7: 1 footprint overlap, 1 pad clearance violation, 1 courtyard conflict. Move the components apart.
D9 overlaps C7: 1 footprint overlap, 1 pad clearance violation, 1 courtyard conflict. Move the components apart.
Q3 overlaps C7: 2 footprint overlaps, 2 pad clearance violations, 1 courtyard conflict. Move the components apart.
Q4 overlaps C7: 2 footprint overlaps, 2 pad clearance violations, 1 courtyard conflict. Move the components apart.
R49 overlaps C7: 2 footprint overlaps, 2 pad clearance violations, 1 courtyard conflict. Move the components apart.
C7 overlaps Q5: 2 footprint overlaps, 2 pad clearance violations, 1 courtyard conflict. Move the components apart.
C7 overlaps SW1: 3 footprint overlaps, 2 pad clearance violations, 1 courtyard conflict. Move the components apart.
J2 overlaps C7: 4 footprint overlaps, 2 pad clearance violations, 1 courtyard conflict. Move the components apart.
C8 overlaps R2: 2 footprint overlaps, 2 pad clearance violations, 1 courtyard conflict. Move the components apart.
C8 overlaps R3: 2 footprint overlaps, 2 pad clearance violations, 1 courtyard conflict. Move the components apart.
C8 overlaps R4: 1 footprint overlap, 1 pad clearance violation, 1 courtyard conflict. Move the components apart.
C8 overlaps C30: 1 footprint overlap, 1 pad clearance violation, 1 courtyard conflict. Move the components apart.
C8 overlaps C31: 1 footprint overlap, 1 pad clearance violation, 1 courtyard conflict. Move the components apart.
C8 overlaps C32: 1 footprint overlap, 1 pad clearance violation, 1 courtyard conflict. Move the components apart.
C8 overlaps R56: 1 footprint overlap, 1 pad clearance violation, 1 courtyard conflict. Move the components apart.
C8 overlaps R57: 2 footprint overlaps, 2 pad clearance violations, 1 courtyard conflict. Move the components apart.
C8 overlaps Q6: 1 footprint overlap, 1 pad clearance violation, 1 courtyard conflict. Move the components apart.
C8 overlaps R58: 1 footprint overlap, 1 pad clearance violation, 1 courtyard conflict. Move the components apart.
C8 overlaps R59: 1 footprint overlap, 1 pad clearance violation, 1 courtyard conflict. Move the components apart.
C8 overlaps R60: 2 footprint overlaps, 2 pad clearance violations, 1 courtyard conflict. Move the components apart.
C8 overlaps R61: 1 footprint overlap, 1 pad clearance violation, 1 courtyard conflict. Move the components apart.
C8 overlaps C33: 1 footprint overlap, 1 pad clearance violation, 1 courtyard conflict. Move the components apart.
C8 overlaps R62: 2 footprint overlaps, 2 pad clearance violations, 1 courtyard conflict. Move the components apart.
C8 overlaps Q7: 1 footprint overlap, 1 pad clearance violation, 1 courtyard conflict. Move the components apart.
C8 overlaps Q8: 1 footprint overlap, 1 pad clearance violation, 1 courtyard conflict. Move the components apart.
C8 overlaps R63: 1 footprint overlap, 1 pad clearance violation, 1 courtyard conflict. Move the components apart.
C8 overlaps R64: 1 footprint overlap, 1 pad clearance violation, 1 courtyard conflict. Move the components apart.
C8 overlaps R66: 2 footprint overlaps, 2 pad clearance violations, 1 courtyard conflict. Move the components apart.
C8 overlaps R67: 1 footprint overlap, 1 pad clearance violation, 1 courtyard conflict. Move the components apart.
C8 overlaps C34: 1 footprint overlap, 1 pad clearance violation, 1 courtyard conflict. Move the components apart.
C8 overlaps U4: 1 footprint overlap, 1 pad clearance violation, 1 courtyard conflict. Move the components apart.
C8 overlaps Q1: 1 footprint overlap, 1 pad clearance violation, 1 courtyard conflict. Move the components apart.
C8 overlaps R5: 2 footprint overlaps, 2 pad clearance violations, 1 courtyard conflict. Move the components apart.
C8 overlaps R6: 2 footprint overlaps, 2 pad clearance violations, 1 courtyard conflict. Move the components apart.
C8 overlaps R7: 2 footprint overlaps, 2 pad clearance violations, 1 courtyard conflict. Move the components apart.
C8 overlaps R8: 2 footprint overlaps, 2 pad clearance violations, 1 courtyard conflict. Move the components apart.
C8 overlaps R9: 1 footprint overlap, 1 pad clearance violation, 1 courtyard conflict. Move the components apart.
C8 overlaps R10: 2 footprint overlaps, 2 pad clearance violations, 1 courtyard conflict. Move the components apart.
C8 overlaps R11: 2 footprint overlaps, 2 pad clearance violations, 1 courtyard conflict. Move the components apart.
C8 overlaps R12: 1 footprint overlap, 1 pad clearance violation, 1 courtyard conflict. Move the components apart.
C8 overlaps R13: 1 footprint overlap, 1 pad clearance violation, 1 courtyard conflict. Move the components apart.
C8 overlaps R16: 2 footprint overlaps, 2 pad clearance violations, 1 courtyard conflict. Move the components apart.
C8 overlaps C9: 1 footprint overlap, 1 pad clearance violation, 1 courtyard conflict. Move the components apart.
C8 overlaps C10: 1 footprint overlap, 1 pad clearance violation, 1 courtyard conflict. Move the components apart.
C8 overlaps C11: 1 footprint overlap, 1 pad clearance violation, 1 courtyard conflict. Move the components apart.
C8 overlaps U5: 1 footprint overlap, 1 pad clearance violation, 1 courtyard conflict. Move the components apart.
C8 overlaps C12: 2 footprint overlaps, 2 pad clearance violations, 1 courtyard conflict. Move the components apart.
C8 overlaps C13: 1 footprint overlap, 1 pad clearance violation, 1 courtyard conflict. Move the components apart.
C8 overlaps C14: 1 footprint overlap, 1 pad clearance violation, 1 courtyard conflict. Move the components apart.
C8 overlaps C15: 1 footprint overlap, 1 pad clearance violation, 1 courtyard conflict. Move the components apart.
C8 overlaps C16: 1 footprint overlap, 1 pad clearance violation, 1 courtyard conflict. Move the components apart.
C8 overlaps C17: 1 footprint overlap, 1 pad clearance violation, 1 courtyard conflict. Move the components apart.
C8 overlaps R17: 1 footprint overlap, 1 pad clearance violation, 1 courtyard conflict. Move the components apart.
C8 overlaps R18: 2 footprint overlaps, 2 pad clearance violations, 1 courtyard conflict. Move the components apart.
C8 overlaps R55: 2 footprint overlaps, 2 pad clearance violations, 1 courtyard conflict. Move the components apart.
C8 overlaps R19: 1 footprint overlap, 1 pad clearance violation, 1 courtyard conflict. Move the components apart.
C8 overlaps R20: 2 footprint overlaps, 2 pad clearance violations, 1 courtyard conflict. Move the components apart.
C8 overlaps R21: 2 footprint overlaps, 2 pad clearance violations, 1 courtyard conflict. Move the components apart.
C8 overlaps R22: 2 footprint overlaps, 2 pad clearance violations, 1 courtyard conflict. Move the components apart.
C8 overlaps C19: 1 footprint overlap, 1 pad clearance violation, 1 courtyard conflict. Move the components apart.
C8 overlaps C20: 1 footprint overlap, 1 pad clearance violation, 1 courtyard conflict. Move the components apart.
C8 overlaps R23: 2 footprint overlaps, 2 pad clearance violations, 1 courtyard conflict. Move the components apart.
C8 overlaps R68: 1 footprint overlap, 1 pad clearance violation, 1 courtyard conflict. Move the components apart.
C8 overlaps R24: 1 footprint overlap, 1 pad clearance violation, 1 courtyard conflict. Move the components apart.
C8 overlaps R25: 2 footprint overlaps, 2 pad clearance violations, 1 courtyard conflict. Move the components apart.
C8 overlaps D6: 2 footprint overlaps, 2 pad clearance violations, 1 courtyard conflict. Move the components apart.
C8 overlaps D7: 2 footprint overlaps, 2 pad clearance violations, 1 courtyard conflict. Move the components apart.
C8 overlaps R26: 2 footprint overlaps, 2 pad clearance violations, 1 courtyard conflict. Move the components apart.
C8 overlaps C21: 1 footprint overlap, 1 pad clearance violation, 1 courtyard conflict. Move the components apart.
C8 overlaps C22: 1 footprint overlap, 1 pad clearance violation, 1 courtyard conflict. Move the components apart.
C8 overlaps C23: 1 footprint overlap, 1 pad clearance violation, 1 courtyard conflict. Move the components apart.
C8 overlaps R29: 2 footprint overlaps, 2 pad clearance violations, 1 courtyard conflict. Move the components apart.
C8 overlaps R30: 2 footprint overlaps, 2 pad clearance violations, 1 courtyard conflict. Move the components apart.
C8 overlaps LED2: 1 footprint overlap, 1 pad clearance violation, 1 courtyard conflict. Move the components apart.
C8 overlaps LED3: 1 footprint overlap, 1 pad clearance violation, 1 courtyard conflict. Move the components apart.
U8 overlaps C8: 1 footprint overlap, 1 pad clearance violation, 1 courtyard conflict. Move the components apart.
R31 overlaps C8: 2 footprint overlaps, 2 pad clearance violations, 1 courtyard conflict. Move the components apart.
R32 overlaps C8: 2 footprint overlaps, 2 pad clearance violations, 1 courtyard conflict. Move the components apart.
R33 overlaps C8: 1 footprint overlap, 1 pad clearance violation, 1 courtyard conflict. Move the components apart.
R34 overlaps C8: 2 footprint overlaps, 2 pad clearance violations, 1 courtyard conflict. Move the components apart.
D8 overlaps C8: 2 footprint overlaps, 2 pad clearance violations, 1 courtyard conflict. Move the components apart.
R39 overlaps C8: 2 footprint overlaps, 2 pad clearance violations, 1 courtyard conflict. Move the components apart.
R65 overlaps C8: 1 footprint overlap, 1 pad clearance violation, 1 courtyard conflict. Move the components apart.
R40 overlaps C8: 2 footprint overlaps, 2 pad clearance violations, 1 courtyard conflict. Move the components apart.
C25 overlaps C8: 1 footprint overlap, 1 pad clearance violation, 1 courtyard conflict. Move the components apart.
U10 overlaps C8: 1 footprint overlap, 1 pad clearance violation, 1 courtyard conflict. Move the components apart.
R50 overlaps C8: 1 footprint overlap, 1 pad clearance violation, 1 courtyard conflict. Move the components apart.
R51 overlaps C8: 2 footprint overlaps, 2 pad clearance violations, 1 courtyard conflict. Move the components apart.
C26 overlaps C8: 2 footprint overlaps, 2 pad clearance violations, 1 courtyard conflict. Move the components apart.
C27 overlaps C8: 2 footprint overlaps, 2 pad clearance violations, 1 courtyard conflict. Move the components apart.
C28 overlaps C8: 1 footprint overlap, 1 pad clearance violation, 1 courtyard conflict. Move the components apart.
C29 overlaps C8: 1 footprint overlap, 1 pad clearance violation, 1 courtyard conflict. Move the components apart.
R54 overlaps C8: 2 footprint overlaps, 2 pad clearance violations, 1 courtyard conflict. Move the components apart.
LED1 overlaps C8: 1 footprint overlap, 1 pad clearance violation, 1 courtyard conflict. Move the components apart.
Q2 overlaps C8: 1 footprint overlap, 1 pad clearance violation, 1 courtyard conflict. Move the components apart.
R41 overlaps C8: 2 footprint overlaps, 2 pad clearance violations, 1 courtyard conflict. Move the components apart.
R42 overlaps C8: 2 footprint overlaps, 2 pad clearance violations, 1 courtyard conflict. Move the components apart.
R43 overlaps C8: 2 footprint overlaps, 2 pad clearance violations, 1 courtyard conflict. Move the components apart.
R44 overlaps C8: 1 footprint overlap, 1 pad clearance violation, 1 courtyard conflict. Move the components apart.
Q3 overlaps C8: 1 footprint overlap, 1 pad clearance violation, 1 courtyard conflict. Move the components apart.
Q4 overlaps C8: 1 footprint overlap, 1 pad clearance violation, 1 courtyard conflict. Move the components apart.
R49 overlaps C8: 2 footprint overlaps, 2 pad clearance violations, 1 courtyard conflict. Move the components apart.
Q5 overlaps C8: 1 footprint overlap, 1 pad clearance violation, 1 courtyard conflict. Move the components apart.
C8 overlaps SW1: 3 footprint overlaps, 2 pad clearance violations, 1 courtyard conflict. Move the components apart.
J2 overlaps C8: 2 footprint overlaps, 1 courtyard conflict. Move the components apart.
R2 overlaps R3: 1 footprint overlap, 1 pad clearance violation, 1 courtyard conflict. Move the components apart.
R2 overlaps R4: 2 footprint overlaps, 2 pad clearance violations, 1 courtyard conflict. Move the components apart.
R2 overlaps C30: 1 footprint overlap, 1 pad clearance violation, 1 courtyard conflict. Move the components apart.
R2 overlaps C31: 1 footprint overlap, 1 pad clearance violation, 1 courtyard conflict. Move the components apart.
R2 overlaps C32: 2 footprint overlaps, 2 pad clearance violations, 1 courtyard conflict. Move the components apart.
R2 overlaps R56: 2 footprint overlaps, 2 pad clearance violations, 1 courtyard conflict. Move the components apart.
R2 overlaps R57: 1 footprint overlap, 1 pad clearance violation, 1 courtyard conflict. Move the components apart.
R2 overlaps Q6: 1 footprint overlap, 1 pad clearance violation, 1 courtyard conflict. Move the components apart.
R2 overlaps R58: 2 footprint overlaps, 2 pad clearance violations, 1 courtyard conflict. Move the components apart.
R2 overlaps R59: 2 footprint overlaps, 2 pad clearance violations, 1 courtyard conflict. Move the components apart.
R2 overlaps R60: 2 footprint overlaps, 2 pad clearance violations, 1 courtyard conflict. Move the components apart.
R2 overlaps R61: 2 footprint overlaps, 2 pad clearance violations, 1 courtyard conflict. Move the components apart.
R2 overlaps C33: 2 footprint overlaps, 2 pad clearance violations, 1 courtyard conflict. Move the components apart.
R2 overlaps R62: 1 footprint overlap, 1 pad clearance violation, 1 courtyard conflict. Move the components apart.
R2 overlaps Q7: 1 footprint overlap, 1 pad clearance violation, 1 courtyard conflict. Move the components apart.
R2 overlaps Q8: 1 footprint overlap, 1 pad clearance violation, 1 courtyard conflict. Move the components apart.
R2 overlaps R63: 2 footprint overlaps, 2 pad clearance violations, 1 courtyard conflict. Move the components apart.
R2 overlaps R64: 2 footprint overlaps, 2 pad clearance violations, 1 courtyard conflict. Move the components apart.
R2 overlaps R66: 2 footprint overlaps, 2 pad clearance violations, 1 courtyard conflict. Move the components apart.
R2 overlaps R67: 2 footprint overlaps, 2 pad clearance violations, 1 courtyard conflict. Move the components apart.
R2 overlaps C34: 2 footprint overlaps, 2 pad clearance violations, 1 courtyard conflict. Move the components apart.
R2 overlaps U4: 2 footprint overlaps, 2 pad clearance violations, 1 courtyard conflict. Move the components apart.
R2 overlaps Q1: 1 footprint overlap, 1 pad clearance violation, 1 courtyard conflict. Move the components apart.
R2 overlaps R5: 1 footprint overlap, 1 pad clearance violation, 1 courtyard conflict. Move the components apart.
R2 overlaps R6: 2 footprint overlaps, 2 pad clearance violations, 1 courtyard conflict. Move the components apart.
R2 overlaps R7: 2 footprint overlaps, 2 pad clearance violations, 1 courtyard conflict. Move the components apart.
R2 overlaps R8: 2 footprint overlaps, 2 pad clearance violations, 1 courtyard conflict. Move the components apart.
R2 overlaps R9: 2 footprint overlaps, 2 pad clearance violations, 1 courtyard conflict. Move the components apart.
R2 overlaps R10: 2 footprint overlaps, 2 pad clearance violations, 1 courtyard conflict. Move the components apart.
R2 overlaps R11: 2 footprint overlaps, 2 pad clearance violations, 1 courtyard conflict. Move the components apart.
R2 overlaps R12: 2 footprint overlaps, 2 pad clearance violations, 1 courtyard conflict. Move the components apart.
R2 overlaps R13: 2 footprint overlaps, 2 pad clearance violations, 1 courtyard conflict. Move the components apart.
R2 overlaps R16: 1 footprint overlap, 1 pad clearance violation, 1 courtyard conflict. Move the components apart.
R2 overlaps C9: 2 footprint overlaps, 2 pad clearance violations, 1 courtyard conflict. Move the components apart.
R2 overlaps C10: 2 footprint overlaps, 2 pad clearance violations, 1 courtyard conflict. Move the components apart.
R2 overlaps C11: 2 footprint overlaps, 2 pad clearance violations, 1 courtyard conflict. Move the components apart.
R2 overlaps U5: 2 footprint overlaps, 2 pad clearance violations, 1 courtyard conflict. Move the components apart.
R2 overlaps C12: 2 footprint overlaps, 2 pad clearance violations, 1 courtyard conflict. Move the components apart.
R2 overlaps C13: 2 footprint overlaps, 2 pad clearance violations, 1 courtyard conflict. Move the components apart.
R2 overlaps C14: 2 footprint overlaps, 2 pad clearance violations, 1 courtyard conflict. Move the components apart.
R2 overlaps C15: 2 footprint overlaps, 2 pad clearance violations, 1 courtyard conflict. Move the components apart.
R2 overlaps C16: 2 footprint overlaps, 2 pad clearance violations, 1 courtyard conflict. Move the components apart.
R2 overlaps C17: 2 footprint overlaps, 2 pad clearance violations, 1 courtyard conflict. Move the components apart.
R2 overlaps R17: 2 footprint overlaps, 2 pad clearance violations, 1 courtyard conflict. Move the components apart.
R2 overlaps R18: 2 footprint overlaps, 2 pad clearance violations, 1 courtyard conflict. Move the components apart.
R2 overlaps R55: 2 footprint overlaps, 2 pad clearance violations, 1 courtyard conflict. Move the components apart.
R2 overlaps R19: 2 footprint overlaps, 2 pad clearance violations, 1 courtyard conflict. Move the components apart.
R2 overlaps R20: 2 footprint overlaps, 2 pad clearance violations, 1 courtyard conflict. Move the components apart.
R2 overlaps R21: 2 footprint overlaps, 2 pad clearance violations, 1 courtyard conflict. Move the components apart.
R2 overlaps R22: 2 footprint overlaps, 2 pad clearance violations, 1 courtyard conflict. Move the components apart.
R2 overlaps C19: 2 footprint overlaps, 2 pad clearance violations, 1 courtyard conflict. Move the components apart.
R2 overlaps C20: 2 footprint overlaps, 2 pad clearance violations, 1 courtyard conflict. Move the components apart.
R2 overlaps R23: 2 footprint overlaps, 2 pad clearance violations, 1 courtyard conflict. Move the components apart.
R2 overlaps R68: 2 footprint overlaps, 2 pad clearance violations, 1 courtyard conflict. Move the components apart.
R2 overlaps R24: 2 footprint overlaps, 2 pad clearance violations, 1 courtyard conflict. Move the components apart.
R2 overlaps R25: 1 footprint overlap, 1 pad clearance violation, 1 courtyard conflict. Move the components apart.
R2 overlaps D6: 2 footprint overlaps, 2 pad clearance violations, 1 courtyard conflict. Move the components apart.
R2 overlaps D7: 2 footprint overlaps, 2 pad clearance violations, 1 courtyard conflict. Move the components apart.
R2 overlaps R26: 2 footprint overlaps, 2 pad clearance violations, 1 courtyard conflict. Move the components apart.
R2 overlaps C21: 2 footprint overlaps, 2 pad clearance violations, 1 courtyard conflict. Move the components apart.
R2 overlaps C22: 2 footprint overlaps, 2 pad clearance violations, 1 courtyard conflict. Move the components apart.
R2 overlaps C23: 1 footprint overlap, 1 pad clearance violation, 1 courtyard conflict. Move the components apart.
R2 overlaps R29: 2 footprint overlaps, 2 pad clearance violations, 1 courtyard conflict. Move the components apart.
R2 overlaps R30: 2 footprint overlaps, 2 pad clearance violations, 1 courtyard conflict. Move the components apart.
R2 overlaps LED2: 2 footprint overlaps, 2 pad clearance violations, 1 courtyard conflict. Move the components apart.
R2 overlaps LED3: 2 footprint overlaps, 2 pad clearance violations, 1 courtyard conflict. Move the components apart.
U8 overlaps R2: 1 footprint overlap, 1 pad clearance violation, 1 courtyard conflict. Move the components apart.
R31 overlaps R2: 2 footprint overlaps, 2 pad clearance violations, 1 courtyard conflict. Move the components apart.
R32 overlaps R2: 2 footprint overlaps, 2 pad clearance violations, 1 courtyard conflict. Move the components apart.
R33 overlaps R2: 2 footprint overlaps, 2 pad clearance violations, 1 courtyard conflict. Move the components apart.
R34 overlaps R2: 1 footprint overlap, 1 pad clearance violation, 1 courtyard conflict. Move the components apart.
D8 overlaps R2: 2 footprint overlaps, 2 pad clearance violations, 1 courtyard conflict. Move the components apart.
R39 overlaps R2: 2 footprint overlaps, 2 pad clearance violations, 1 courtyard conflict. Move the components apart.
R65 overlaps R2: 2 footprint overlaps, 2 pad clearance violations, 1 courtyard conflict. Move the components apart.
R40 overlaps R2: 2 footprint overlaps, 2 pad clearance violations, 1 courtyard conflict. Move the components apart.
C25 overlaps R2: 2 footprint overlaps, 2 pad clearance violations, 1 courtyard conflict. Move the components apart.
U10 overlaps R2: 2 footprint overlaps, 2 pad clearance violations, 1 courtyard conflict. Move the components apart.
R50 overlaps R2: 2 footprint overlaps, 2 pad clearance violations, 1 courtyard conflict. Move the components apart.
R51 overlaps R2: 1 footprint overlap, 1 pad clearance violation, 1 courtyard conflict. Move the components apart.
C26 overlaps R2: 2 footprint overlaps, 2 pad clearance violations, 1 courtyard conflict. Move the components apart.
C27 overlaps R2: 2 footprint overlaps, 2 pad clearance violations, 1 courtyard conflict. Move the components apart.
C28 overlaps R2: 2 footprint overlaps, 2 pad clearance violations, 1 courtyard conflict. Move the components apart.
C29 overlaps R2: 2 footprint overlaps, 2 pad clearance violations, 1 courtyard conflict. Move the components apart.
R54 overlaps R2: 2 footprint overlaps, 2 pad clearance violations, 1 courtyard conflict. Move the components apart.
LED1 overlaps R2: 2 footprint overlaps, 2 pad clearance violations, 1 courtyard conflict. Move the components apart.
Q2 overlaps R2: 1 footprint overlap, 1 pad clearance violation, 1 courtyard conflict. Move the components apart.
R41 overlaps R2: 2 footprint overlaps, 2 pad clearance violations, 1 courtyard conflict. Move the components apart.
R42 overlaps R2: 2 footprint overlaps, 2 pad clearance violations, 1 courtyard conflict. Move the components apart.
R43 overlaps R2: 2 footprint overlaps, 2 pad clearance violations, 1 courtyard conflict. Move the components apart.
R44 overlaps R2: 2 footprint overlaps, 2 pad clearance violations, 1 courtyard conflict. Move the components apart.
Q3 overlaps R2: 1 footprint overlap, 1 pad clearance violation, 1 courtyard conflict. Move the components apart.
Q4 overlaps R2: 1 footprint overlap, 1 pad clearance violation, 1 courtyard conflict. Move the components apart.
R49 overlaps R2: 2 footprint overlaps, 2 pad clearance violations, 1 courtyard conflict. Move the components apart.
Q5 overlaps R2: 1 footprint overlap, 1 pad clearance violation, 1 courtyard conflict. Move the components apart.
R2 overlaps SW1: 3 footprint overlaps, 2 pad clearance violations, 1 courtyard conflict. Move the components apart.
J2 overlaps R2: 2 footprint overlaps, 2 pad clearance violations, 1 courtyard conflict. Move the components apart.
R3 overlaps R4: 2 footprint overlaps, 2 pad clearance violations, 1 courtyard conflict. Move the components apart.
R3 overlaps C30: 1 footprint overlap, 1 pad clearance violation, 1 courtyard conflict. Move the components apart.
R3 overlaps C31: 1 footprint overlap, 1 pad clearance violation, 1 courtyard conflict. Move the components apart.
R3 overlaps C32: 2 footprint overlaps, 2 pad clearance violations, 1 courtyard conflict. Move the components apart.
R3 overlaps R56: 2 footprint overlaps, 2 pad clearance violations, 1 courtyard conflict. Move the components apart.
R3 overlaps R57: 1 footprint overlap, 1 pad clearance violation, 1 courtyard conflict. Move the components apart.
R3 overlaps Q6: 1 footprint overlap, 1 pad clearance violation, 1 courtyard conflict. Move the components apart.
R3 overlaps R58: 2 footprint overlaps, 2 pad clearance violations, 1 courtyard conflict. Move the components apart.
R3 overlaps R59: 2 footprint overlaps, 2 pad clearance violations, 1 courtyard conflict. Move the components apart.
R3 overlaps R60: 2 footprint overlaps, 2 pad clearance violations, 1 courtyard conflict. Move the components apart.
R3 overlaps R61: 2 footprint overlaps, 2 pad clearance violations, 1 courtyard conflict. Move the components apart.
R3 overlaps C33: 2 footprint overlaps, 2 pad clearance violations, 1 courtyard conflict. Move the components apart.
R3 overlaps R62: 1 footprint overlap, 1 pad clearance violation, 1 courtyard conflict. Move the components apart.
R3 overlaps Q7: 1 footprint overlap, 1 pad clearance violation, 1 courtyard conflict. Move the components apart.
R3 overlaps Q8: 1 footprint overlap, 1 pad clearance violation, 1 courtyard conflict. Move the components apart.
R3 overlaps R63: 2 footprint overlaps, 2 pad clearance violations, 1 courtyard conflict. Move the components apart.
R3 overlaps R64: 2 footprint overlaps, 2 pad clearance violations, 1 courtyard conflict. Move the components apart.
R3 overlaps R66: 2 footprint overlaps, 2 pad clearance violations, 1 courtyard conflict. Move the components apart.
R3 overlaps R67: 2 footprint overlaps, 2 pad clearance violations, 1 courtyard conflict. Move the components apart.
R3 overlaps C34: 2 footprint overlaps, 2 pad clearance violations, 1 courtyard conflict. Move the components apart.
R3 overlaps U4: 2 footprint overlaps, 2 pad clearance violations, 1 courtyard conflict. Move the components apart.
R3 overlaps Q1: 1 footprint overlap, 1 pad clearance violation, 1 courtyard conflict. Move the components apart.
R3 overlaps R5: 1 footprint overlap, 1 pad clearance violation, 1 courtyard conflict. Move the components apart.
R3 overlaps R6: 2 footprint overlaps, 2 pad clearance violations, 1 courtyard conflict. Move the components apart.
R3 overlaps R7: 2 footprint overlaps, 2 pad clearance violations, 1 courtyard conflict. Move the components apart.
R3 overlaps R8: 2 footprint overlaps, 2 pad clearance violations, 1 courtyard conflict. Move the components apart.
R3 overlaps R9: 2 footprint overlaps, 2 pad clearance violations, 1 courtyard conflict. Move the components apart.
R3 overlaps R10: 2 footprint overlaps, 2 pad clearance violations, 1 courtyard conflict. Move the components apart.
R3 overlaps R11: 2 footprint overlaps, 2 pad clearance violations, 1 courtyard conflict. Move the components apart.
R3 overlaps R12: 2 footprint overlaps, 2 pad clearance violations, 1 courtyard conflict. Move the components apart.
R3 overlaps R13: 2 footprint overlaps, 2 pad clearance violations, 1 courtyard conflict. Move the components apart.
R3 overlaps R16: 1 footprint overlap, 1 pad clearance violation, 1 courtyard conflict. Move the components apart.
R3 overlaps C9: 2 footprint overlaps, 2 pad clearance violations, 1 courtyard conflict. Move the components apart.
R3 overlaps C10: 2 footprint overlaps, 2 pad clearance violations, 1 courtyard conflict. Move the components apart.
R3 overlaps C11: 2 footprint overlaps, 2 pad clearance violations, 1 courtyard conflict. Move the components apart.
R3 overlaps U5: 2 footprint overlaps, 2 pad clearance violations, 1 courtyard conflict. Move the components apart.
R3 overlaps C12: 2 footprint overlaps, 2 pad clearance violations, 1 courtyard conflict. Move the components apart.
R3 overlaps C13: 2 footprint overlaps, 2 pad clearance violations, 1 courtyard conflict. Move the components apart.
R3 overlaps C14: 2 footprint overlaps, 2 pad clearance violations, 1 courtyard conflict. Move the components apart.
R3 overlaps C15: 2 footprint overlaps, 2 pad clearance violations, 1 courtyard conflict. Move the components apart.
R3 overlaps C16: 2 footprint overlaps, 2 pad clearance violations, 1 courtyard conflict. Move the components apart.
R3 overlaps C17: 2 footprint overlaps, 2 pad clearance violations, 1 courtyard conflict. Move the components apart.
R3 overlaps R17: 2 footprint overlaps, 2 pad clearance violations, 1 courtyard conflict. Move the components apart.
R3 overlaps R18: 2 footprint overlaps, 2 pad clearance violations, 1 courtyard conflict. Move the components apart.
R3 overlaps R55: 2 footprint overlaps, 2 pad clearance violations, 1 courtyard conflict. Move the components apart.
R3 overlaps R19: 2 footprint overlaps, 2 pad clearance violations, 1 courtyard conflict. Move the components apart.
R3 overlaps R20: 2 footprint overlaps, 2 pad clearance violations, 1 courtyard conflict. Move the components apart.
R3 overlaps R21: 2 footprint overlaps, 2 pad clearance violations, 1 courtyard conflict. Move the components apart.
R3 overlaps R22: 2 footprint overlaps, 2 pad clearance violations, 1 courtyard conflict. Move the components apart.
R3 overlaps C19: 2 footprint overlaps, 2 pad clearance violations, 1 courtyard conflict. Move the components apart.
R3 overlaps C20: 2 footprint overlaps, 2 pad clearance violations, 1 courtyard conflict. Move the components apart.
R3 overlaps R23: 2 footprint overlaps, 2 pad clearance violations, 1 courtyard conflict. Move the components apart.
R3 overlaps R68: 2 footprint overlaps, 2 pad clearance violations, 1 courtyard conflict. Move the components apart.
R3 overlaps R24: 2 footprint overlaps, 2 pad clearance violations, 1 courtyard conflict. Move the components apart.
R3 overlaps R25: 1 footprint overlap, 1 pad clearance violation, 1 courtyard conflict. Move the components apart.
R3 overlaps D6: 2 footprint overlaps, 2 pad clearance violations, 1 courtyard conflict. Move the components apart.
R3 overlaps D7: 2 footprint overlaps, 2 pad clearance violations, 1 courtyard conflict. Move the components apart.
R3 overlaps R26: 2 footprint overlaps, 2 pad clearance violations, 1 courtyard conflict. Move the components apart.
R3 overlaps C21: 2 footprint overlaps, 2 pad clearance violations, 1 courtyard conflict. Move the components apart.
R3 overlaps C22: 2 footprint overlaps, 2 pad clearance violations, 1 courtyard conflict. Move the components apart.
R3 overlaps C23: 1 footprint overlap, 1 pad clearance violation, 1 courtyard conflict. Move the components apart.
R3 overlaps R29: 2 footprint overlaps, 2 pad clearance violations, 1 courtyard conflict. Move the components apart.
R3 overlaps R30: 2 footprint overlaps, 2 pad clearance violations, 1 courtyard conflict. Move the components apart.
R3 overlaps LED2: 2 footprint overlaps, 2 pad clearance violations, 1 courtyard conflict. Move the components apart.
R3 overlaps LED3: 2 footprint overlaps, 2 pad clearance violations, 1 courtyard conflict. Move the components apart.
U8 overlaps R3: 1 footprint overlap, 1 pad clearance violation, 1 courtyard conflict. Move the components apart.
R31 overlaps R3: 2 footprint overlaps, 2 pad clearance violations, 1 courtyard conflict. Move the components apart.
R32 overlaps R3: 2 footprint overlaps, 2 pad clearance violations, 1 courtyard conflict. Move the components apart.
R33 overlaps R3: 2 footprint overlaps, 2 pad clearance violations, 1 courtyard conflict. Move the components apart.
R34 overlaps R3: 1 footprint overlap, 1 pad clearance violation, 1 courtyard conflict. Move the components apart.
D8 overlaps R3: 2 footprint overlaps, 2 pad clearance violations, 1 courtyard conflict. Move the components apart.
R39 overlaps R3: 2 footprint overlaps, 2 pad clearance violations, 1 courtyard conflict. Move the components apart.
R65 overlaps R3: 2 footprint overlaps, 2 pad clearance violations, 1 courtyard conflict. Move the components apart.
R40 overlaps R3: 2 footprint overlaps, 2 pad clearance violations, 1 courtyard conflict. Move the components apart.
C25 overlaps R3: 2 footprint overlaps, 2 pad clearance violations, 1 courtyard conflict. Move the components apart.
U10 overlaps R3: 2 footprint overlaps, 2 pad clearance violations, 1 courtyard conflict. Move the components apart.
R50 overlaps R3: 2 footprint overlaps, 2 pad clearance violations, 1 courtyard conflict. Move the components apart.
R51 overlaps R3: 1 footprint overlap, 1 pad clearance violation, 1 courtyard conflict. Move the components apart.
C26 overlaps R3: 2 footprint overlaps, 2 pad clearance violations, 1 courtyard conflict. Move the components apart.
C27 overlaps R3: 2 footprint overlaps, 2 pad clearance violations, 1 courtyard conflict. Move the components apart.
C28 overlaps R3: 2 footprint overlaps, 2 pad clearance violations, 1 courtyard conflict. Move the components apart.
C29 overlaps R3: 2 footprint overlaps, 2 pad clearance violations, 1 courtyard conflict. Move the components apart.
R54 overlaps R3: 2 footprint overlaps, 2 pad clearance violations, 1 courtyard conflict. Move the components apart.
LED1 overlaps R3: 2 footprint overlaps, 2 pad clearance violations, 1 courtyard conflict. Move the components apart.
Q2 overlaps R3: 1 footprint overlap, 1 pad clearance violation, 1 courtyard conflict. Move the components apart.
R41 overlaps R3: 2 footprint overlaps, 2 pad clearance violations, 1 courtyard conflict. Move the components apart.
R42 overlaps R3: 2 footprint overlaps, 2 pad clearance violations, 1 courtyard conflict. Move the components apart.
R43 overlaps R3: 2 footprint overlaps, 2 pad clearance violations, 1 courtyard conflict. Move the components apart.
R44 overlaps R3: 2 footprint overlaps, 2 pad clearance violations, 1 courtyard conflict. Move the components apart.
Q3 overlaps R3: 1 footprint overlap, 1 pad clearance violation, 1 courtyard conflict. Move the components apart.
Q4 overlaps R3: 1 footprint overlap, 1 pad clearance violation, 1 courtyard conflict. Move the components apart.
R49 overlaps R3: 2 footprint overlaps, 2 pad clearance violations, 1 courtyard conflict. Move the components apart.
Q5 overlaps R3: 1 footprint overlap, 1 pad clearance violation, 1 courtyard conflict. Move the components apart.
R3 overlaps SW1: 3 footprint overlaps, 2 pad clearance violations, 1 courtyard conflict. Move the components apart.
J2 overlaps R3: 2 footprint overlaps, 2 pad clearance violations, 1 courtyard conflict. Move the components apart.
R4 overlaps C30: 1 footprint overlap, 1 pad clearance violation, 1 courtyard conflict. Move the components apart.
R4 overlaps C31: 1 footprint overlap, 1 pad clearance violation, 1 courtyard conflict. Move the components apart.
R4 overlaps C32: 1 footprint overlap, 1 pad clearance violation, 1 courtyard conflict. Move the components apart.
R4 overlaps R56: 1 footprint overlap, 1 pad clearance violation, 1 courtyard conflict. Move the components apart.
R4 overlaps R57: 2 footprint overlaps, 2 pad clearance violations, 1 courtyard conflict. Move the components apart.
R4 overlaps Q6: 1 footprint overlap, 1 pad clearance violation, 1 courtyard conflict. Move the components apart.
R4 overlaps R58: 1 footprint overlap, 1 pad clearance violation, 1 courtyard conflict. Move the components apart.
R4 overlaps R59: 1 footprint overlap, 1 pad clearance violation, 1 courtyard conflict. Move the components apart.
R4 overlaps R60: 2 footprint overlaps, 2 pad clearance violations, 1 courtyard conflict. Move the components apart.
R4 overlaps R61: 1 footprint overlap, 1 pad clearance violation, 1 courtyard conflict. Move the components apart.
R4 overlaps C33: 1 footprint overlap, 1 pad clearance violation, 1 courtyard conflict. Move the components apart.
R4 overlaps R62: 2 footprint overlaps, 2 pad clearance violations, 1 courtyard conflict. Move the components apart.
R4 overlaps Q7: 1 footprint overlap, 1 pad clearance violation, 1 courtyard conflict. Move the components apart.
R4 overlaps Q8: 1 footprint overlap, 1 pad clearance violation, 1 courtyard conflict. Move the components apart.
R4 overlaps R63: 1 footprint overlap, 1 pad clearance violation, 1 courtyard conflict. Move the components apart.
R4 overlaps R64: 1 footprint overlap, 1 pad clearance violation, 1 courtyard conflict. Move the components apart.
R4 overlaps R66: 2 footprint overlaps, 2 pad clearance violations, 1 courtyard conflict. Move the components apart.
R4 overlaps R67: 1 footprint overlap, 1 pad clearance violation, 1 courtyard conflict. Move the components apart.
R4 overlaps C34: 1 footprint overlap, 1 pad clearance violation, 1 courtyard conflict. Move the components apart.
R4 overlaps U4: 1 footprint overlap, 1 pad clearance violation, 1 courtyard conflict. Move the components apart.
R4 overlaps Q1: 1 footprint overlap, 1 pad clearance violation, 1 courtyard conflict. Move the components apart.
R4 overlaps R5: 2 footprint overlaps, 2 pad clearance violations, 1 courtyard conflict. Move the components apart.
R4 overlaps R6: 2 footprint overlaps, 2 pad clearance violations, 1 courtyard conflict. Move the components apart.
R4 overlaps R7: 2 footprint overlaps, 2 pad clearance violations, 1 courtyard conflict. Move the components apart.
R4 overlaps R8: 2 footprint overlaps, 2 pad clearance violations, 1 courtyard conflict. Move the components apart.
R4 overlaps R9: 1 footprint overlap, 1 pad clearance violation, 1 courtyard conflict. Move the components apart.
R4 overlaps R10: 2 footprint overlaps, 2 pad clearance violations, 1 courtyard conflict. Move the components apart.
R4 overlaps R11: 2 footprint overlaps, 2 pad clearance violations, 1 courtyard conflict. Move the components apart.
R4 overlaps R12: 1 footprint overlap, 1 pad clearance violation, 1 courtyard conflict. Move the components apart.
R4 overlaps R13: 1 footprint overlap, 1 pad clearance violation, 1 courtyard conflict. Move the components apart.
R4 overlaps R16: 2 footprint overlaps, 2 pad clearance violations, 1 courtyard conflict. Move the components apart.
R4 overlaps C9: 1 footprint overlap, 1 pad clearance violation, 1 courtyard conflict. Move the components apart.
R4 overlaps C10: 1 footprint overlap, 1 pad clearance violation, 1 courtyard conflict. Move the components apart.
R4 overlaps C11: 1 footprint overlap, 1 pad clearance violation, 1 courtyard conflict. Move the components apart.
R4 overlaps U5: 1 footprint overlap, 1 pad clearance violation, 1 courtyard conflict. Move the components apart.
R4 overlaps C12: 2 footprint overlaps, 2 pad clearance violations, 1 courtyard conflict. Move the components apart.
R4 overlaps C13: 1 footprint overlap, 1 pad clearance violation, 1 courtyard conflict. Move the components apart.
R4 overlaps C14: 1 footprint overlap, 1 pad clearance violation, 1 courtyard conflict. Move the components apart.
R4 overlaps C15: 1 footprint overlap, 1 pad clearance violation, 1 courtyard conflict. Move the components apart.
R4 overlaps C16: 1 footprint overlap, 1 pad clearance violation, 1 courtyard conflict. Move the components apart.
R4 overlaps C17: 1 footprint overlap, 1 pad clearance violation, 1 courtyard conflict. Move the components apart.
R4 overlaps R17: 1 footprint overlap, 1 pad clearance violation, 1 courtyard conflict. Move the components apart.
R4 overlaps R18: 2 footprint overlaps, 2 pad clearance violations, 1 courtyard conflict. Move the components apart.
R4 overlaps R55: 2 footprint overlaps, 2 pad clearance violations, 1 courtyard conflict. Move the components apart.
R4 overlaps R19: 1 footprint overlap, 1 pad clearance violation, 1 courtyard conflict. Move the components apart.
R4 overlaps R20: 2 footprint overlaps, 2 pad clearance violations, 1 courtyard conflict. Move the components apart.
R4 overlaps R21: 2 footprint overlaps, 2 pad clearance violations, 1 courtyard conflict. Move the components apart.
R4 overlaps R22: 2 footprint overlaps, 2 pad clearance violations, 1 courtyard conflict. Move the components apart.
R4 overlaps C19: 1 footprint overlap, 1 pad clearance violation, 1 courtyard conflict. Move the components apart.
R4 overlaps C20: 1 footprint overlap, 1 pad clearance violation, 1 courtyard conflict. Move the components apart.
R4 overlaps R23: 2 footprint overlaps, 2 pad clearance violations, 1 courtyard conflict. Move the components apart.
R4 overlaps R68: 1 footprint overlap, 1 pad clearance violation, 1 courtyard conflict. Move the components apart.
R4 overlaps R24: 1 footprint overlap, 1 pad clearance violation, 1 courtyard conflict. Move the components apart.
R4 overlaps R25: 2 footprint overlaps, 2 pad clearance violations, 1 courtyard conflict. Move the components apart.
R4 overlaps D6: 2 footprint overlaps, 2 pad clearance violations, 1 courtyard conflict. Move the components apart.
R4 overlaps D7: 2 footprint overlaps, 2 pad clearance violations, 1 courtyard conflict. Move the components apart.
R4 overlaps R26: 2 footprint overlaps, 2 pad clearance violations, 1 courtyard conflict. Move the components apart.
R4 overlaps C21: 1 footprint overlap, 1 pad clearance violation, 1 courtyard conflict. Move the components apart.
R4 overlaps C22: 1 footprint overlap, 1 pad clearance violation, 1 courtyard conflict. Move the components apart.
R4 overlaps C23: 1 footprint overlap, 1 pad clearance violation, 1 courtyard conflict. Move the components apart.
R4 overlaps R29: 2 footprint overlaps, 2 pad clearance violations, 1 courtyard conflict. Move the components apart.
R4 overlaps R30: 2 footprint overlaps, 2 pad clearance violations, 1 courtyard conflict. Move the components apart.
R4 overlaps LED2: 1 footprint overlap, 1 pad clearance violation, 1 courtyard conflict. Move the components apart.
R4 overlaps LED3: 1 footprint overlap, 1 pad clearance violation, 1 courtyard conflict. Move the components apart.
U8 overlaps R4: 1 footprint overlap, 1 pad clearance violation, 1 courtyard conflict. Move the components apart.
R31 overlaps R4: 2 footprint overlaps, 2 pad clearance violations, 1 courtyard conflict. Move the components apart.
R32 overlaps R4: 2 footprint overlaps, 2 pad clearance violations, 1 courtyard conflict. Move the components apart.
R33 overlaps R4: 1 footprint overlap, 1 pad clearance violation, 1 courtyard conflict. Move the components apart.
R34 overlaps R4: 2 footprint overlaps, 2 pad clearance violations, 1 courtyard conflict. Move the components apart.
D8 overlaps R4: 2 footprint overlaps, 2 pad clearance violations, 1 courtyard conflict. Move the components apart.
R39 overlaps R4: 2 footprint overlaps, 2 pad clearance violations, 1 courtyard conflict. Move the components apart.
R65 overlaps R4: 1 footprint overlap, 1 pad clearance violation, 1 courtyard conflict. Move the components apart.
R40 overlaps R4: 2 footprint overlaps, 2 pad clearance violations, 1 courtyard conflict. Move the components apart.
C25 overlaps R4: 1 footprint overlap, 1 pad clearance violation, 1 courtyard conflict. Move the components apart.
U10 overlaps R4: 1 footprint overlap, 1 pad clearance violation, 1 courtyard conflict. Move the components apart.
R50 overlaps R4: 1 footprint overlap, 1 pad clearance violation, 1 courtyard conflict. Move the components apart.
R51 overlaps R4: 2 footprint overlaps, 2 pad clearance violations, 1 courtyard conflict. Move the components apart.
C26 overlaps R4: 2 footprint overlaps, 2 pad clearance violations, 1 courtyard conflict. Move the components apart.
C27 overlaps R4: 2 footprint overlaps, 2 pad clearance violations, 1 courtyard conflict. Move the components apart.
C28 overlaps R4: 1 footprint overlap, 1 pad clearance violation, 1 courtyard conflict. Move the components apart.
C29 overlaps R4: 1 footprint overlap, 1 pad clearance violation, 1 courtyard conflict. Move the components apart.
R54 overlaps R4: 2 footprint overlaps, 2 pad clearance violations, 1 courtyard conflict. Move the components apart.
LED1 overlaps R4: 1 footprint overlap, 1 pad clearance violation, 1 courtyard conflict. Move the components apart.
Q2 overlaps R4: 1 footprint overlap, 1 pad clearance violation, 1 courtyard conflict. Move the components apart.
R41 overlaps R4: 2 footprint overlaps, 2 pad clearance violations, 1 courtyard conflict. Move the components apart.
R42 overlaps R4: 2 footprint overlaps, 2 pad clearance violations, 1 courtyard conflict. Move the components apart.
R43 overlaps R4: 2 footprint overlaps, 2 pad clearance violations, 1 courtyard conflict. Move the components apart.
R44 overlaps R4: 1 footprint overlap, 1 pad clearance violation, 1 courtyard conflict. Move the components apart.
Q3 overlaps R4: 1 footprint overlap, 1 pad clearance violation, 1 courtyard conflict. Move the components apart.
Q4 overlaps R4: 1 footprint overlap, 1 pad clearance violation, 1 courtyard conflict. Move the components apart.
R49 overlaps R4: 2 footprint overlaps, 2 pad clearance violations, 1 courtyard conflict. Move the components apart.
Q5 overlaps R4: 1 footprint overlap, 1 pad clearance violation, 1 courtyard conflict. Move the components apart.
R4 overlaps SW1: 3 footprint overlaps, 2 pad clearance violations, 1 courtyard conflict. Move the components apart.
J2 overlaps R4: 2 footprint overlaps, 2 pad clearance violations, 1 courtyard conflict. Move the components apart.
U11 overlaps SW2: 7 footprint overlaps, 7 pad clearance violations, 1 courtyard conflict. Move the components apart.
U11 overlaps U4: 16 footprint overlaps, 16 pad clearance violations, 1 courtyard conflict. Move the components apart.
U11 overlaps U5: 16 footprint overlaps, 16 pad clearance violations, 1 courtyard conflict. Move the components apart.
U11 overlaps U6: 16 footprint overlaps, 16 pad clearance violations, 1 courtyard conflict. Move the components apart.
U9 overlaps U11: 16 footprint overlaps, 16 pad clearance violations, 1 courtyard conflict. Move the components apart.
U10 overlaps U11: 16 footprint overlaps, 16 pad clearance violations, 1 courtyard conflict. Move the components apart.
U11 overlaps RV1: 17 footprint overlaps, 12 pad clearance violations, 1 courtyard conflict. Move the components apart.
U11 overlaps SW1: 3 footprint overlaps, 8 pad clearance violations, 1 courtyard conflict. Move the components apart.
J2 overlaps U11: 2 footprint overlaps, 1 courtyard conflict. Move the components apart.
SW2 overlaps U5: 4 footprint overlaps, 4 pad clearance violations, 1 courtyard conflict. Move the components apart.
SW2 overlaps U6: 4 footprint overlaps, 4 pad clearance violations, 1 courtyard conflict. Move the components apart.
U9 overlaps SW2: 4 footprint overlaps, 4 pad clearance violations, 1 courtyard conflict. Move the components apart.
U10 overlaps SW2: 8 footprint overlaps, 8 pad clearance violations, 1 courtyard conflict. Move the components apart.
SW2 overlaps RV1: 5 footprint overlaps, 2 pad clearance violations, 1 courtyard conflict. Move the components apart.
SW2 overlaps SW1: 7 footprint overlaps, 4 pad clearance violations, 1 courtyard conflict. Move the components apart.
J2 overlaps SW2: 2 footprint overlaps, 1 courtyard conflict. Move the components apart.
C30 overlaps C32: 1 footprint overlap, 1 pad clearance violation, 1 courtyard conflict. Move the components apart.
C30 overlaps R56: 1 footprint overlap, 1 pad clearance violation, 1 courtyard conflict. Move the components apart.
C30 overlaps R57: 1 footprint overlap, 1 pad clearance violation, 1 courtyard conflict. Move the components apart.
C30 overlaps Q6: 1 footprint overlap, 1 pad clearance violation, 1 courtyard conflict. Move the components apart.
C30 overlaps R58: 1 footprint overlap, 1 pad clearance violation, 1 courtyard conflict. Move the components apart.
C30 overlaps R59: 1 footprint overlap, 1 pad clearance violation, 1 courtyard conflict. Move the components apart.
C30 overlaps R60: 2 footprint overlaps, 2 pad clearance violations, 1 courtyard conflict. Move the components apart.
C30 overlaps R61: 1 footprint overlap, 1 pad clearance violation, 1 courtyard conflict. Move the components apart.
C30 overlaps C33: 1 footprint overlap, 1 pad clearance violation, 1 courtyard conflict. Move the components apart.
C30 overlaps R62: 1 footprint overlap, 1 pad clearance violation, 1 courtyard conflict. Move the components apart.
C30 overlaps Q7: 1 footprint overlap, 1 pad clearance violation, 1 courtyard conflict. Move the components apart.
C30 overlaps Q8: 1 footprint overlap, 1 pad clearance violation, 1 courtyard conflict. Move the components apart.
C30 overlaps R63: 1 footprint overlap, 1 pad clearance violation, 1 courtyard conflict. Move the components apart.
C30 overlaps R64: 1 footprint overlap, 1 pad clearance violation, 1 courtyard conflict. Move the components apart.
C30 overlaps R66: 2 footprint overlaps, 2 pad clearance violations, 1 courtyard conflict. Move the components apart.
C30 overlaps R67: 1 footprint overlap, 1 pad clearance violation, 1 courtyard conflict. Move the components apart.
C30 overlaps C34: 1 footprint overlap, 1 pad clearance violation, 1 courtyard conflict. Move the components apart.
C30 overlaps U4: 1 footprint overlap, 1 pad clearance violation, 1 courtyard conflict. Move the components apart.
C30 overlaps Q1: 1 footprint overlap, 1 pad clearance violation, 1 courtyard conflict. Move the components apart.
C30 overlaps R5: 1 footprint overlap, 1 pad clearance violation, 1 courtyard conflict. Move the components apart.
C30 overlaps R6: 2 footprint overlaps, 2 pad clearance violations, 1 courtyard conflict. Move the components apart.
C30 overlaps R7: 2 footprint overlaps, 2 pad clearance violations, 1 courtyard conflict. Move the components apart.
C30 overlaps R8: 2 footprint overlaps, 2 pad clearance violations, 1 courtyard conflict. Move the components apart.
C30 overlaps R9: 1 footprint overlap, 1 pad clearance violation, 1 courtyard conflict. Move the components apart.
C30 overlaps R10: 2 footprint overlaps, 2 pad clearance violations, 1 courtyard conflict. Move the components apart.
C30 overlaps R11: 2 footprint overlaps, 2 pad clearance violations, 1 courtyard conflict. Move the components apart.
C30 overlaps R12: 1 footprint overlap, 1 pad clearance violation, 1 courtyard conflict. Move the components apart.
C30 overlaps R13: 1 footprint overlap, 1 pad clearance violation, 1 courtyard conflict. Move the components apart.
C30 overlaps R16: 1 footprint overlap, 1 pad clearance violation, 1 courtyard conflict. Move the components apart.
C30 overlaps C9: 1 footprint overlap, 1 pad clearance violation, 1 courtyard conflict. Move the components apart.
C30 overlaps C10: 1 footprint overlap, 1 pad clearance violation, 1 courtyard conflict. Move the components apart.
C30 overlaps C11: 1 footprint overlap, 1 pad clearance violation, 1 courtyard conflict. Move the components apart.
C30 overlaps U5: 1 footprint overlap, 1 pad clearance violation, 1 courtyard conflict. Move the components apart.
C30 overlaps C12: 2 footprint overlaps, 2 pad clearance violations, 1 courtyard conflict. Move the components apart.
C30 overlaps C13: 1 footprint overlap, 1 pad clearance violation, 1 courtyard conflict. Move the components apart.
C30 overlaps C14: 1 footprint overlap, 1 pad clearance violation, 1 courtyard conflict. Move the components apart.
C30 overlaps C15: 1 footprint overlap, 1 pad clearance violation, 1 courtyard conflict. Move the components apart.
C30 overlaps C16: 1 footprint overlap, 1 pad clearance violation, 1 courtyard conflict. Move the components apart.
C30 overlaps C17: 1 footprint overlap, 1 pad clearance violation, 1 courtyard conflict. Move the components apart.
C30 overlaps R17: 1 footprint overlap, 1 pad clearance violation, 1 courtyard conflict. Move the components apart.
C30 overlaps R18: 2 footprint overlaps, 2 pad clearance violations, 1 courtyard conflict. Move the components apart.
C30 overlaps R55: 2 footprint overlaps, 2 pad clearance violations, 1 courtyard conflict. Move the components apart.
C30 overlaps R19: 1 footprint overlap, 1 pad clearance violation, 1 courtyard conflict. Move the components apart.
C30 overlaps R20: 2 footprint overlaps, 2 pad clearance violations, 1 courtyard conflict. Move the components apart.
C30 overlaps R21: 2 footprint overlaps, 2 pad clearance violations, 1 courtyard conflict. Move the components apart.
C30 overlaps R22: 2 footprint overlaps, 2 pad clearance violations, 1 courtyard conflict. Move the components apart.
C30 overlaps C19: 1 footprint overlap, 1 pad clearance violation, 1 courtyard conflict. Move the components apart.
C30 overlaps C20: 1 footprint overlap, 1 pad clearance violation, 1 courtyard conflict. Move the components apart.
C30 overlaps R23: 2 footprint overlaps, 2 pad clearance violations, 1 courtyard conflict. Move the components apart.
C30 overlaps R68: 1 footprint overlap, 1 pad clearance violation, 1 courtyard conflict. Move the components apart.
C30 overlaps R24: 1 footprint overlap, 1 pad clearance violation, 1 courtyard conflict. Move the components apart.
C30 overlaps R25: 1 footprint overlap, 1 pad clearance violation, 1 courtyard conflict. Move the components apart.
C30 overlaps D6: 2 footprint overlaps, 2 pad clearance violations, 1 courtyard conflict. Move the components apart.
C30 overlaps D7: 2 footprint overlaps, 2 pad clearance violations, 1 courtyard conflict. Move the components apart.
C30 overlaps R26: 2 footprint overlaps, 2 pad clearance violations, 1 courtyard conflict. Move the components apart.
C30 overlaps C21: 1 footprint overlap, 1 pad clearance violation, 1 courtyard conflict. Move the components apart.
C30 overlaps C22: 1 footprint overlap, 1 pad clearance violation, 1 courtyard conflict. Move the components apart.
C30 overlaps R29: 2 footprint overlaps, 2 pad clearance violations, 1 courtyard conflict. Move the components apart.
C30 overlaps R30: 2 footprint overlaps, 2 pad clearance violations, 1 courtyard conflict. Move the components apart.
C30 overlaps LED2: 1 footprint overlap, 1 pad clearance violation, 1 courtyard conflict. Move the components apart.
C30 overlaps LED3: 1 footprint overlap, 1 pad clearance violation, 1 courtyard conflict. Move the components apart.
U8 overlaps C30: 1 footprint overlap, 1 pad clearance violation, 1 courtyard conflict. Move the components apart.
R31 overlaps C30: 2 footprint overlaps, 2 pad clearance violations, 1 courtyard conflict. Move the components apart.
R32 overlaps C30: 2 footprint overlaps, 2 pad clearance violations, 1 courtyard conflict. Move the components apart.
R33 overlaps C30: 1 footprint overlap, 1 pad clearance violation, 1 courtyard conflict. Move the components apart.
R34 overlaps C30: 1 footprint overlap, 1 pad clearance violation, 1 courtyard conflict. Move the components apart.
D8 overlaps C30: 2 footprint overlaps, 2 pad clearance violations, 1 courtyard conflict. Move the components apart.
R39 overlaps C30: 2 footprint overlaps, 2 pad clearance violations, 1 courtyard conflict. Move the components apart.
R65 overlaps C30: 1 footprint overlap, 1 pad clearance violation, 1 courtyard conflict. Move the components apart.
R40 overlaps C30: 2 footprint overlaps, 2 pad clearance violations, 1 courtyard conflict. Move the components apart.
C25 overlaps C30: 1 footprint overlap, 1 pad clearance violation, 1 courtyard conflict. Move the components apart.
U10 overlaps C30: 1 footprint overlap, 1 pad clearance violation, 1 courtyard conflict. Move the components apart.
R50 overlaps C30: 1 footprint overlap, 1 pad clearance violation, 1 courtyard conflict. Move the components apart.
R51 overlaps C30: 1 footprint overlap, 1 pad clearance violation, 1 courtyard conflict. Move the components apart.
C26 overlaps C30: 2 footprint overlaps, 2 pad clearance violations, 1 courtyard conflict. Move the components apart.
C27 overlaps C30: 2 footprint overlaps, 2 pad clearance violations, 1 courtyard conflict. Move the components apart.
C28 overlaps C30: 1 footprint overlap, 1 pad clearance violation, 1 courtyard conflict. Move the components apart.
C29 overlaps C30: 1 footprint overlap, 1 pad clearance violation, 1 courtyard conflict. Move the components apart.
R54 overlaps C30: 2 footprint overlaps, 2 pad clearance violations, 1 courtyard conflict. Move the components apart.
LED1 overlaps C30: 1 footprint overlap, 1 pad clearance violation, 1 courtyard conflict. Move the components apart.
Q2 overlaps C30: 1 footprint overlap, 1 pad clearance violation, 1 courtyard conflict. Move the components apart.
R41 overlaps C30: 2 footprint overlaps, 2 pad clearance violations, 1 courtyard conflict. Move the components apart.
R42 overlaps C30: 2 footprint overlaps, 2 pad clearance violations, 1 courtyard conflict. Move the components apart.
R43 overlaps C30: 2 footprint overlaps, 2 pad clearance violations, 1 courtyard conflict. Move the components apart.
R44 overlaps C30: 1 footprint overlap, 1 pad clearance violation, 1 courtyard conflict. Move the components apart.
Q3 overlaps C30: 1 footprint overlap, 1 pad clearance violation, 1 courtyard conflict. Move the components apart.
Q4 overlaps C30: 1 footprint overlap, 1 pad clearance violation, 1 courtyard conflict. Move the components apart.
R49 overlaps C30: 2 footprint overlaps, 2 pad clearance violations, 1 courtyard conflict. Move the components apart.
Q5 overlaps C30: 1 footprint overlap, 1 pad clearance violation, 1 courtyard conflict. Move the components apart.
C30 overlaps SW1: 3 footprint overlaps, 2 pad clearance violations, 1 courtyard conflict. Move the components apart.
J2 overlaps C30: 2 footprint overlaps, 1 courtyard conflict. Move the components apart.
C31 overlaps C32: 1 footprint overlap, 1 pad clearance violation, 1 courtyard conflict. Move the components apart.
C31 overlaps R56: 1 footprint overlap, 1 pad clearance violation, 1 courtyard conflict. Move the components apart.
C31 overlaps R57: 1 footprint overlap, 1 pad clearance violation, 1 courtyard conflict. Move the components apart.
C31 overlaps Q6: 2 footprint overlaps, 2 pad clearance violations, 1 courtyard conflict. Move the components apart.
C31 overlaps R58: 1 footprint overlap, 1 pad clearance violation, 1 courtyard conflict. Move the components apart.
C31 overlaps R59: 1 footprint overlap, 1 pad clearance violation, 1 courtyard conflict. Move the components apart.
C31 overlaps R60: 2 footprint overlaps, 2 pad clearance violations, 1 courtyard conflict. Move the components apart.
C31 overlaps R61: 1 footprint overlap, 1 pad clearance violation, 1 courtyard conflict. Move the components apart.
C31 overlaps C33: 1 footprint overlap, 1 pad clearance violation, 1 courtyard conflict. Move the components apart.
C31 overlaps R62: 1 footprint overlap, 1 pad clearance violation, 1 courtyard conflict. Move the components apart.
C31 overlaps Q7: 2 footprint overlaps, 2 pad clearance violations, 1 courtyard conflict. Move the components apart.
C31 overlaps Q8: 2 footprint overlaps, 2 pad clearance violations, 1 courtyard conflict. Move the components apart.
C31 overlaps R63: 1 footprint overlap, 1 pad clearance violation, 1 courtyard conflict. Move the components apart.
C31 overlaps R64: 1 footprint overlap, 1 pad clearance violation, 1 courtyard conflict. Move the components apart.
C31 overlaps R66: 2 footprint overlaps, 2 pad clearance violations, 1 courtyard conflict. Move the components apart.
C31 overlaps R67: 1 footprint overlap, 1 pad clearance violation, 1 courtyard conflict. Move the components apart.
C31 overlaps C34: 1 footprint overlap, 1 pad clearance violation, 1 courtyard conflict. Move the components apart.
C31 overlaps D4: 2 footprint overlaps, 2 pad clearance violations, 1 courtyard conflict. Move the components apart.
C31 overlaps U4: 1 footprint overlap, 1 pad clearance violation, 1 courtyard conflict. Move the components apart.
C31 overlaps Q1: 2 footprint overlaps, 2 pad clearance violations, 1 courtyard conflict. Move the components apart.
C31 overlaps R5: 1 footprint overlap, 1 pad clearance violation, 1 courtyard conflict. Move the components apart.
C31 overlaps R6: 2 footprint overlaps, 2 pad clearance violations, 1 courtyard conflict. Move the components apart.
C31 overlaps R7: 2 footprint overlaps, 2 pad clearance violations, 1 courtyard conflict. Move the components apart.
C31 overlaps R8: 2 footprint overlaps, 2 pad clearance violations, 1 courtyard conflict. Move the components apart.
C31 overlaps R9: 1 footprint overlap, 1 pad clearance violation, 1 courtyard conflict. Move the components apart.
C31 overlaps R10: 2 footprint overlaps, 2 pad clearance violations, 1 courtyard conflict. Move the components apart.
C31 overlaps R11: 2 footprint overlaps, 2 pad clearance violations, 1 courtyard conflict. Move the components apart.
C31 overlaps R12: 1 footprint overlap, 1 pad clearance violation, 1 courtyard conflict. Move the components apart.
C31 overlaps R13: 1 footprint overlap, 1 pad clearance violation, 1 courtyard conflict. Move the components apart.
C31 overlaps R16: 1 footprint overlap, 1 pad clearance violation, 1 courtyard conflict. Move the components apart.
C31 overlaps C9: 1 footprint overlap, 1 pad clearance violation, 1 courtyard conflict. Move the components apart.
C31 overlaps C10: 1 footprint overlap, 1 pad clearance violation, 1 courtyard conflict. Move the components apart.
C31 overlaps C11: 1 footprint overlap, 1 pad clearance violation, 1 courtyard conflict. Move the components apart.
C31 overlaps U5: 1 footprint overlap, 1 pad clearance violation, 1 courtyard conflict. Move the components apart.
C31 overlaps D5: 1 footprint overlap, 1 pad clearance violation, 1 courtyard conflict. Move the components apart.
C31 overlaps C12: 2 footprint overlaps, 2 pad clearance violations, 1 courtyard conflict. Move the components apart.
C31 overlaps C13: 1 footprint overlap, 1 pad clearance violation, 1 courtyard conflict. Move the components apart.
C31 overlaps C14: 1 footprint overlap, 1 pad clearance violation, 1 courtyard conflict. Move the components apart.
C31 overlaps C15: 1 footprint overlap, 1 pad clearance violation, 1 courtyard conflict. Move the components apart.
C31 overlaps C16: 1 footprint overlap, 1 pad clearance violation, 1 courtyard conflict. Move the components apart.
C31 overlaps C17: 1 footprint overlap, 1 pad clearance violation, 1 courtyard conflict. Move the components apart.
C31 overlaps R17: 1 footprint overlap, 1 pad clearance violation, 1 courtyard conflict. Move the components apart.
C31 overlaps R18: 2 footprint overlaps, 2 pad clearance violations, 1 courtyard conflict. Move the components apart.
C31 overlaps R55: 2 footprint overlaps, 2 pad clearance violations, 1 courtyard conflict. Move the components apart.
C31 overlaps R19: 1 footprint overlap, 1 pad clearance violation, 1 courtyard conflict. Move the components apart.
C31 overlaps R20: 2 footprint overlaps, 2 pad clearance violations, 1 courtyard conflict. Move the components apart.
C31 overlaps R21: 2 footprint overlaps, 2 pad clearance violations, 1 courtyard conflict. Move the components apart.
C31 overlaps R22: 2 footprint overlaps, 2 pad clearance violations, 1 courtyard conflict. Move the components apart.
C31 overlaps C19: 1 footprint overlap, 1 pad clearance violation, 1 courtyard conflict. Move the components apart.
C31 overlaps C20: 1 footprint overlap, 1 pad clearance violation, 1 courtyard conflict. Move the components apart.
C31 overlaps R23: 2 footprint overlaps, 2 pad clearance violations, 1 courtyard conflict. Move the components apart.
C31 overlaps R68: 1 footprint overlap, 1 pad clearance violation, 1 courtyard conflict. Move the components apart.
C31 overlaps R24: 1 footprint overlap, 1 pad clearance violation, 1 courtyard conflict. Move the components apart.
C31 overlaps R25: 1 footprint overlap, 1 pad clearance violation, 1 courtyard conflict. Move the components apart.
C31 overlaps D6: 2 footprint overlaps, 2 pad clearance violations, 1 courtyard conflict. Move the components apart.
C31 overlaps D7: 2 footprint overlaps, 2 pad clearance violations, 1 courtyard conflict. Move the components apart.
C31 overlaps R26: 2 footprint overlaps, 2 pad clearance violations, 1 courtyard conflict. Move the components apart.
C31 overlaps C21: 1 footprint overlap, 1 pad clearance violation, 1 courtyard conflict. Move the components apart.
C31 overlaps C22: 1 footprint overlap, 1 pad clearance violation, 1 courtyard conflict. Move the components apart.
C31 overlaps R29: 2 footprint overlaps, 2 pad clearance violations, 1 courtyard conflict. Move the components apart.
C31 overlaps R30: 2 footprint overlaps, 2 pad clearance violations, 1 courtyard conflict. Move the components apart.
C31 overlaps LED2: 1 footprint overlap, 1 pad clearance violation, 1 courtyard conflict. Move the components apart.
C31 overlaps LED3: 1 footprint overlap, 1 pad clearance violation, 1 courtyard conflict. Move the components apart.
U8 overlaps C31: 3 footprint overlaps, 3 pad clearance violations, 1 courtyard conflict. Move the components apart.
R31 overlaps C31: 2 footprint overlaps, 2 pad clearance violations, 1 courtyard conflict. Move the components apart.
R32 overlaps C31: 2 footprint overlaps, 2 pad clearance violations, 1 courtyard conflict. Move the components apart.
R33 overlaps C31: 1 footprint overlap, 1 pad clearance violation, 1 courtyard conflict. Move the components apart.
R34 overlaps C31: 1 footprint overlap, 1 pad clearance violation, 1 courtyard conflict. Move the components apart.
D8 overlaps C31: 2 footprint overlaps, 2 pad clearance violations, 1 courtyard conflict. Move the components apart.
R39 overlaps C31: 2 footprint overlaps, 2 pad clearance violations, 1 courtyard conflict. Move the components apart.
R65 overlaps C31: 1 footprint overlap, 1 pad clearance violation, 1 courtyard conflict. Move the components apart.
R40 overlaps C31: 2 footprint overlaps, 2 pad clearance violations, 1 courtyard conflict. Move the components apart.
C25 overlaps C31: 1 footprint overlap, 1 pad clearance violation, 1 courtyard conflict. Move the components apart.
U10 overlaps C31: 1 footprint overlap, 1 pad clearance violation, 1 courtyard conflict. Move the components apart.
R50 overlaps C31: 1 footprint overlap, 1 pad clearance violation, 1 courtyard conflict. Move the components apart.
R51 overlaps C31: 1 footprint overlap, 1 pad clearance violation, 1 courtyard conflict. Move the components apart.
C26 overlaps C31: 2 footprint overlaps, 2 pad clearance violations, 1 courtyard conflict. Move the components apart.
C27 overlaps C31: 2 footprint overlaps, 2 pad clearance violations, 1 courtyard conflict. Move the components apart.
C28 overlaps C31: 1 footprint overlap, 1 pad clearance violation, 1 courtyard conflict. Move the components apart.
C29 overlaps C31: 1 footprint overlap, 1 pad clearance violation, 1 courtyard conflict. Move the components apart.
D10 overlaps C31: 2 footprint overlaps, 2 pad clearance violations, 1 courtyard conflict. Move the components apart.
D11 overlaps C31: 1 footprint overlap, 1 pad clearance violation, 1 courtyard conflict. Move the components apart.
R54 overlaps C31: 2 footprint overlaps, 2 pad clearance violations, 1 courtyard conflict. Move the components apart.
LED1 overlaps C31: 1 footprint overlap, 1 pad clearance violation, 1 courtyard conflict. Move the components apart.
Q2 overlaps C31: 3 footprint overlaps, 3 pad clearance violations, 1 courtyard conflict. Move the components apart.
R41 overlaps C31: 2 footprint overlaps, 2 pad clearance violations, 1 courtyard conflict. Move the components apart.
R42 overlaps C31: 2 footprint overlaps, 2 pad clearance violations, 1 courtyard conflict. Move the components apart.
R43 overlaps C31: 2 footprint overlaps, 2 pad clearance violations, 1 courtyard conflict. Move the components apart.
R44 overlaps C31: 1 footprint overlap, 1 pad clearance violation, 1 courtyard conflict. Move the components apart.
D9 overlaps C31: 1 footprint overlap, 1 pad clearance violation, 1 courtyard conflict. Move the components apart.
Q3 overlaps C31: 2 footprint overlaps, 2 pad clearance violations, 1 courtyard conflict. Move the components apart.
Q4 overlaps C31: 2 footprint overlaps, 2 pad clearance violations, 1 courtyard conflict. Move the components apart.
R49 overlaps C31: 2 footprint overlaps, 2 pad clearance violations, 1 courtyard conflict. Move the components apart.
Q5 overlaps C31: 2 footprint overlaps, 2 pad clearance violations, 1 courtyard conflict. Move the components apart.
C31 overlaps SW1: 3 footprint overlaps, 2 pad clearance violations, 1 courtyard conflict. Move the components apart.
J2 overlaps C31: 4 footprint overlaps, 2 pad clearance violations, 1 courtyard conflict. Move the components apart.
C32 overlaps R56: 1 footprint overlap, 1 pad clearance violation, 1 courtyard conflict. Move the components apart.
C32 overlaps R57: 2 footprint overlaps, 2 pad clearance violations, 1 courtyard conflict. Move the components apart.
C32 overlaps Q6: 1 footprint overlap, 1 pad clearance violation, 1 courtyard conflict. Move the components apart.
C32 overlaps R58: 1 footprint overlap, 1 pad clearance violation, 1 courtyard conflict. Move the components apart.
C32 overlaps R59: 1 footprint overlap, 1 pad clearance violation, 1 courtyard conflict. Move the components apart.
C32 overlaps R60: 2 footprint overlaps, 2 pad clearance violations, 1 courtyard conflict. Move the components apart.
C32 overlaps R61: 1 footprint overlap, 1 pad clearance violation, 1 courtyard conflict. Move the components apart.
C32 overlaps C33: 1 footprint overlap, 1 pad clearance violation, 1 courtyard conflict. Move the components apart.
C32 overlaps R62: 2 footprint overlaps, 2 pad clearance violations, 1 courtyard conflict. Move the components apart.
C32 overlaps Q7: 1 footprint overlap, 1 pad clearance violation, 1 courtyard conflict. Move the components apart.
C32 overlaps Q8: 1 footprint overlap, 1 pad clearance violation, 1 courtyard conflict. Move the components apart.
C32 overlaps R63: 1 footprint overlap, 1 pad clearance violation, 1 courtyard conflict. Move the components apart.
C32 overlaps R64: 1 footprint overlap, 1 pad clearance violation, 1 courtyard conflict. Move the components apart.
C32 overlaps R66: 2 footprint overlaps, 2 pad clearance violations, 1 courtyard conflict. Move the components apart.
C32 overlaps R67: 1 footprint overlap, 1 pad clearance violation, 1 courtyard conflict. Move the components apart.
C32 overlaps C34: 1 footprint overlap, 1 pad clearance violation, 1 courtyard conflict. Move the components apart.
C32 overlaps U4: 1 footprint overlap, 1 pad clearance violation, 1 courtyard conflict. Move the components apart.
C32 overlaps Q1: 1 footprint overlap, 1 pad clearance violation, 1 courtyard conflict. Move the components apart.
C32 overlaps R5: 2 footprint overlaps, 2 pad clearance violations, 1 courtyard conflict. Move the components apart.
C32 overlaps R6: 2 footprint overlaps, 2 pad clearance violations, 1 courtyard conflict. Move the components apart.
C32 overlaps R7: 2 footprint overlaps, 2 pad clearance violations, 1 courtyard conflict. Move the components apart.
C32 overlaps R8: 2 footprint overlaps, 2 pad clearance violations, 1 courtyard conflict. Move the components apart.
C32 overlaps R9: 1 footprint overlap, 1 pad clearance violation, 1 courtyard conflict. Move the components apart.
C32 overlaps R10: 2 footprint overlaps, 2 pad clearance violations, 1 courtyard conflict. Move the components apart.
C32 overlaps R11: 2 footprint overlaps, 2 pad clearance violations, 1 courtyard conflict. Move the components apart.
C32 overlaps R12: 1 footprint overlap, 1 pad clearance violation, 1 courtyard conflict. Move the components apart.
C32 overlaps R13: 1 footprint overlap, 1 pad clearance violation, 1 courtyard conflict. Move the components apart.
C32 overlaps R16: 2 footprint overlaps, 2 pad clearance violations, 1 courtyard conflict. Move the components apart.
C32 overlaps C9: 1 footprint overlap, 1 pad clearance violation, 1 courtyard conflict. Move the components apart.
C32 overlaps C10: 1 footprint overlap, 1 pad clearance violation, 1 courtyard conflict. Move the components apart.
C32 overlaps C11: 1 footprint overlap, 1 pad clearance violation, 1 courtyard conflict. Move the components apart.
C32 overlaps U5: 1 footprint overlap, 1 pad clearance violation, 1 courtyard conflict. Move the components apart.
C32 overlaps C12: 2 footprint overlaps, 2 pad clearance violations, 1 courtyard conflict. Move the components apart.
C32 overlaps C13: 1 footprint overlap, 1 pad clearance violation, 1 courtyard conflict. Move the components apart.
C32 overlaps C14: 1 footprint overlap, 1 pad clearance violation, 1 courtyard conflict. Move the components apart.
C32 overlaps C15: 1 footprint overlap, 1 pad clearance violation, 1 courtyard conflict. Move the components apart.
C32 overlaps C16: 1 footprint overlap, 1 pad clearance violation, 1 courtyard conflict. Move the components apart.
C32 overlaps C17: 1 footprint overlap, 1 pad clearance violation, 1 courtyard conflict. Move the components apart.
C32 overlaps R17: 1 footprint overlap, 1 pad clearance violation, 1 courtyard conflict. Move the components apart.
C32 overlaps R18: 2 footprint overlaps, 2 pad clearance violations, 1 courtyard conflict. Move the components apart.
C32 overlaps R55: 2 footprint overlaps, 2 pad clearance violations, 1 courtyard conflict. Move the components apart.
C32 overlaps R19: 1 footprint overlap, 1 pad clearance violation, 1 courtyard conflict. Move the components apart.
C32 overlaps R20: 2 footprint overlaps, 2 pad clearance violations, 1 courtyard conflict. Move the components apart.
C32 overlaps R21: 2 footprint overlaps, 2 pad clearance violations, 1 courtyard conflict. Move the components apart.
C32 overlaps R22: 2 footprint overlaps, 2 pad clearance violations, 1 courtyard conflict. Move the components apart.
C32 overlaps C19: 1 footprint overlap, 1 pad clearance violation, 1 courtyard conflict. Move the components apart.
C32 overlaps C20: 1 footprint overlap, 1 pad clearance violation, 1 courtyard conflict. Move the components apart.
C32 overlaps R23: 2 footprint overlaps, 2 pad clearance violations, 1 courtyard conflict. Move the components apart.
C32 overlaps R68: 1 footprint overlap, 1 pad clearance violation, 1 courtyard conflict. Move the components apart.
C32 overlaps R24: 1 footprint overlap, 1 pad clearance violation, 1 courtyard conflict. Move the components apart.
C32 overlaps R25: 2 footprint overlaps, 2 pad clearance violations, 1 courtyard conflict. Move the components apart.
C32 overlaps D6: 2 footprint overlaps, 2 pad clearance violations, 1 courtyard conflict. Move the components apart.
C32 overlaps D7: 2 footprint overlaps, 2 pad clearance violations, 1 courtyard conflict. Move the components apart.
C32 overlaps R26: 2 footprint overlaps, 2 pad clearance violations, 1 courtyard conflict. Move the components apart.
C32 overlaps C21: 1 footprint overlap, 1 pad clearance violation, 1 courtyard conflict. Move the components apart.
C32 overlaps C22: 1 footprint overlap, 1 pad clearance violation, 1 courtyard conflict. Move the components apart.
C32 overlaps C23: 1 footprint overlap, 1 pad clearance violation, 1 courtyard conflict. Move the components apart.
C32 overlaps R29: 2 footprint overlaps, 2 pad clearance violations, 1 courtyard conflict. Move the components apart.
C32 overlaps R30: 2 footprint overlaps, 2 pad clearance violations, 1 courtyard conflict. Move the components apart.
C32 overlaps LED2: 1 footprint overlap, 1 pad clearance violation, 1 courtyard conflict. Move the components apart.
C32 overlaps LED3: 1 footprint overlap, 1 pad clearance violation, 1 courtyard conflict. Move the components apart.
U8 overlaps C32: 1 footprint overlap, 1 pad clearance violation, 1 courtyard conflict. Move the components apart.
R31 overlaps C32: 2 footprint overlaps, 2 pad clearance violations, 1 courtyard conflict. Move the components apart.
R32 overlaps C32: 2 footprint overlaps, 2 pad clearance violations, 1 courtyard conflict. Move the components apart.
R33 overlaps C32: 1 footprint overlap, 1 pad clearance violation, 1 courtyard conflict. Move the components apart.
R34 overlaps C32: 2 footprint overlaps, 2 pad clearance violations, 1 courtyard conflict. Move the components apart.
D8 overlaps C32: 2 footprint overlaps, 2 pad clearance violations, 1 courtyard conflict. Move the components apart.
R39 overlaps C32: 2 footprint overlaps, 2 pad clearance violations, 1 courtyard conflict. Move the components apart.
R65 overlaps C32: 1 footprint overlap, 1 pad clearance violation, 1 courtyard conflict. Move the components apart.
R40 overlaps C32: 2 footprint overlaps, 2 pad clearance violations, 1 courtyard conflict. Move the components apart.
C25 overlaps C32: 1 footprint overlap, 1 pad clearance violation, 1 courtyard conflict. Move the components apart.
U10 overlaps C32: 1 footprint overlap, 1 pad clearance violation, 1 courtyard conflict. Move the components apart.
R50 overlaps C32: 1 footprint overlap, 1 pad clearance violation, 1 courtyard conflict. Move the components apart.
R51 overlaps C32: 2 footprint overlaps, 2 pad clearance violations, 1 courtyard conflict. Move the components apart.
C26 overlaps C32: 2 footprint overlaps, 2 pad clearance violations, 1 courtyard conflict. Move the components apart.
C27 overlaps C32: 2 footprint overlaps, 2 pad clearance violations, 1 courtyard conflict. Move the components apart.
C28 overlaps C32: 1 footprint overlap, 1 pad clearance violation, 1 courtyard conflict. Move the components apart.
C29 overlaps C32: 1 footprint overlap, 1 pad clearance violation, 1 courtyard conflict. Move the components apart.
R54 overlaps C32: 2 footprint overlaps, 2 pad clearance violations, 1 courtyard conflict. Move the components apart.
LED1 overlaps C32: 1 footprint overlap, 1 pad clearance violation, 1 courtyard conflict. Move the components apart.
Q2 overlaps C32: 1 footprint overlap, 1 pad clearance violation, 1 courtyard conflict. Move the components apart.
R41 overlaps C32: 2 footprint overlaps, 2 pad clearance violations, 1 courtyard conflict. Move the components apart.
R42 overlaps C32: 2 footprint overlaps, 2 pad clearance violations, 1 courtyard conflict. Move the components apart.
R43 overlaps C32: 2 footprint overlaps, 2 pad clearance violations, 1 courtyard conflict. Move the components apart.
R44 overlaps C32: 1 footprint overlap, 1 pad clearance violation, 1 courtyard conflict. Move the components apart.
Q3 overlaps C32: 1 footprint overlap, 1 pad clearance violation, 1 courtyard conflict. Move the components apart.
Q4 overlaps C32: 1 footprint overlap, 1 pad clearance violation, 1 courtyard conflict. Move the components apart.
R49 overlaps C32: 2 footprint overlaps, 2 pad clearance violations, 1 courtyard conflict. Move the components apart.
Q5 overlaps C32: 1 footprint overlap, 1 pad clearance violation, 1 courtyard conflict. Move the components apart.
C32 overlaps SW1: 3 footprint overlaps, 2 pad clearance violations, 1 courtyard conflict. Move the components apart.
J2 overlaps C32: 2 footprint overlaps, 1 courtyard conflict. Move the components apart.
R56 overlaps R57: 2 footprint overlaps, 2 pad clearance violations, 1 courtyard conflict. Move the components apart.
R56 overlaps Q6: 1 footprint overlap, 1 pad clearance violation, 1 courtyard conflict. Move the components apart.
R56 overlaps R58: 1 footprint overlap, 1 pad clearance violation, 1 courtyard conflict. Move the components apart.
R56 overlaps R59: 1 footprint overlap, 1 pad clearance violation, 1 courtyard conflict. Move the components apart.
R56 overlaps R60: 2 footprint overlaps, 2 pad clearance violations, 1 courtyard conflict. Move the components apart.
R56 overlaps R61: 1 footprint overlap, 1 pad clearance violation, 1 courtyard conflict. Move the components apart.
R56 overlaps C33: 1 footprint overlap, 1 pad clearance violation, 1 courtyard conflict. Move the components apart.
R56 overlaps R62: 2 footprint overlaps, 2 pad clearance violations, 1 courtyard conflict. Move the components apart.
R56 overlaps Q7: 1 footprint overlap, 1 pad clearance violation, 1 courtyard conflict. Move the components apart.
R56 overlaps Q8: 1 footprint overlap, 1 pad clearance violation, 1 courtyard conflict. Move the components apart.
R56 overlaps R63: 1 footprint overlap, 1 pad clearance violation, 1 courtyard conflict. Move the components apart.
R56 overlaps R64: 1 footprint overlap, 1 pad clearance violation, 1 courtyard conflict. Move the components apart.
R56 overlaps R66: 2 footprint overlaps, 2 pad clearance violations, 1 courtyard conflict. Move the components apart.
R56 overlaps R67: 1 footprint overlap, 1 pad clearance violation, 1 courtyard conflict. Move the components apart.
R56 overlaps C34: 1 footprint overlap, 1 pad clearance violation, 1 courtyard conflict. Move the components apart.
R56 overlaps U4: 1 footprint overlap, 1 pad clearance violation, 1 courtyard conflict. Move the components apart.
R56 overlaps Q1: 1 footprint overlap, 1 pad clearance violation, 1 courtyard conflict. Move the components apart.
R56 overlaps R5: 2 footprint overlaps, 2 pad clearance violations, 1 courtyard conflict. Move the components apart.
R56 overlaps R6: 2 footprint overlaps, 2 pad clearance violations, 1 courtyard conflict. Move the components apart.
R56 overlaps R7: 1 footprint overlap, 1 pad clearance violation, 1 courtyard conflict. Move the components apart.
R56 overlaps R8: 2 footprint overlaps, 2 pad clearance violations, 1 courtyard conflict. Move the components apart.
R56 overlaps R9: 1 footprint overlap, 1 pad clearance violation, 1 courtyard conflict. Move the components apart.
R56 overlaps R10: 2 footprint overlaps, 2 pad clearance violations, 1 courtyard conflict. Move the components apart.
R56 overlaps R11: 2 footprint overlaps, 2 pad clearance violations, 1 courtyard conflict. Move the components apart.
R56 overlaps R12: 1 footprint overlap, 1 pad clearance violation, 1 courtyard conflict. Move the components apart.
R56 overlaps R13: 1 footprint overlap, 1 pad clearance violation, 1 courtyard conflict. Move the components apart.
R56 overlaps R16: 2 footprint overlaps, 2 pad clearance violations, 1 courtyard conflict. Move the components apart.
R56 overlaps C9: 1 footprint overlap, 1 pad clearance violation, 1 courtyard conflict. Move the components apart.
R56 overlaps C10: 1 footprint overlap, 1 pad clearance violation, 1 courtyard conflict. Move the components apart.
R56 overlaps C11: 1 footprint overlap, 1 pad clearance violation, 1 courtyard conflict. Move the components apart.
R56 overlaps U5: 1 footprint overlap, 1 pad clearance violation, 1 courtyard conflict. Move the components apart.
R56 overlaps C12: 2 footprint overlaps, 2 pad clearance violations, 1 courtyard conflict. Move the components apart.
R56 overlaps C13: 1 footprint overlap, 1 pad clearance violation, 1 courtyard conflict. Move the components apart.
R56 overlaps C14: 1 footprint overlap, 1 pad clearance violation, 1 courtyard conflict. Move the components apart.
R56 overlaps C15: 1 footprint overlap, 1 pad clearance violation, 1 courtyard conflict. Move the components apart.
R56 overlaps C16: 1 footprint overlap, 1 pad clearance violation, 1 courtyard conflict. Move the components apart.
R56 overlaps C17: 1 footprint overlap, 1 pad clearance violation, 1 courtyard conflict. Move the components apart.
R56 overlaps R17: 1 footprint overlap, 1 pad clearance violation, 1 courtyard conflict. Move the components apart.
R56 overlaps R18: 2 footprint overlaps, 2 pad clearance violations, 1 courtyard conflict. Move the components apart.
R56 overlaps R55: 2 footprint overlaps, 2 pad clearance violations, 1 courtyard conflict. Move the components apart.
R56 overlaps R19: 1 footprint overlap, 1 pad clearance violation, 1 courtyard conflict. Move the components apart.
R56 overlaps R20: 2 footprint overlaps, 2 pad clearance violations, 1 courtyard conflict. Move the components apart.
R56 overlaps R21: 2 footprint overlaps, 2 pad clearance violations, 1 courtyard conflict. Move the components apart.
R56 overlaps R22: 2 footprint overlaps, 2 pad clearance violations, 1 courtyard conflict. Move the components apart.
R56 overlaps C19: 1 footprint overlap, 1 pad clearance violation, 1 courtyard conflict. Move the components apart.
R56 overlaps C20: 1 footprint overlap, 1 pad clearance violation, 1 courtyard conflict. Move the components apart.
R56 overlaps R23: 2 footprint overlaps, 2 pad clearance violations, 1 courtyard conflict. Move the components apart.
R56 overlaps R68: 1 footprint overlap, 1 pad clearance violation, 1 courtyard conflict. Move the components apart.
R56 overlaps R24: 1 footprint overlap, 1 pad clearance violation, 1 courtyard conflict. Move the components apart.
R56 overlaps R25: 2 footprint overlaps, 2 pad clearance violations, 1 courtyard conflict. Move the components apart.
R56 overlaps D6: 2 footprint overlaps, 2 pad clearance violations, 1 courtyard conflict. Move the components apart.
R56 overlaps D7: 2 footprint overlaps, 2 pad clearance violations, 1 courtyard conflict. Move the components apart.
R56 overlaps R26: 2 footprint overlaps, 2 pad clearance violations, 1 courtyard conflict. Move the components apart.
R56 overlaps C21: 1 footprint overlap, 1 pad clearance violation, 1 courtyard conflict. Move the components apart.
R56 overlaps C22: 1 footprint overlap, 1 pad clearance violation, 1 courtyard conflict. Move the components apart.
R56 overlaps C23: 1 footprint overlap, 1 pad clearance violation, 1 courtyard conflict. Move the components apart.
R56 overlaps R29: 2 footprint overlaps, 2 pad clearance violations, 1 courtyard conflict. Move the components apart.
R56 overlaps R30: 2 footprint overlaps, 2 pad clearance violations, 1 courtyard conflict. Move the components apart.
R56 overlaps LED2: 1 footprint overlap, 1 pad clearance violation, 1 courtyard conflict. Move the components apart.
R56 overlaps LED3: 1 footprint overlap, 1 pad clearance violation, 1 courtyard conflict. Move the components apart.
U8 overlaps R56: 1 footprint overlap, 1 pad clearance violation, 1 courtyard conflict. Move the components apart.
R31 overlaps R56: 2 footprint overlaps, 2 pad clearance violations, 1 courtyard conflict. Move the components apart.
R32 overlaps R56: 2 footprint overlaps, 2 pad clearance violations, 1 courtyard conflict. Move the components apart.
R33 overlaps R56: 1 footprint overlap, 1 pad clearance violation, 1 courtyard conflict. Move the components apart.
R34 overlaps R56: 2 footprint overlaps, 2 pad clearance violations, 1 courtyard conflict. Move the components apart.
D8 overlaps R56: 2 footprint overlaps, 2 pad clearance violations, 1 courtyard conflict. Move the components apart.
R39 overlaps R56: 2 footprint overlaps, 2 pad clearance violations, 1 courtyard conflict. Move the components apart.
R65 overlaps R56: 1 footprint overlap, 1 pad clearance violation, 1 courtyard conflict. Move the components apart.
R40 overlaps R56: 2 footprint overlaps, 2 pad clearance violations, 1 courtyard conflict. Move the components apart.
C25 overlaps R56: 1 footprint overlap, 1 pad clearance violation, 1 courtyard conflict. Move the components apart.
U10 overlaps R56: 1 footprint overlap, 1 pad clearance violation, 1 courtyard conflict. Move the components apart.
R50 overlaps R56: 1 footprint overlap, 1 pad clearance violation, 1 courtyard conflict. Move the components apart.
R51 overlaps R56: 2 footprint overlaps, 2 pad clearance violations, 1 courtyard conflict. Move the components apart.
C26 overlaps R56: 2 footprint overlaps, 2 pad clearance violations, 1 courtyard conflict. Move the components apart.
C27 overlaps R56: 2 footprint overlaps, 2 pad clearance violations, 1 courtyard conflict. Move the components apart.
C28 overlaps R56: 1 footprint overlap, 1 pad clearance violation, 1 courtyard conflict. Move the components apart.
C29 overlaps R56: 1 footprint overlap, 1 pad clearance violation, 1 courtyard conflict. Move the components apart.
R54 overlaps R56: 2 footprint overlaps, 2 pad clearance violations, 1 courtyard conflict. Move the components apart.
LED1 overlaps R56: 1 footprint overlap, 1 pad clearance violation, 1 courtyard conflict. Move the components apart.
Q2 overlaps R56: 1 footprint overlap, 1 pad clearance violation, 1 courtyard conflict. Move the components apart.
R41 overlaps R56: 2 footprint overlaps, 2 pad clearance violations, 1 courtyard conflict. Move the components apart.
R42 overlaps R56: 2 footprint overlaps, 2 pad clearance violations, 1 courtyard conflict. Move the components apart.
R43 overlaps R56: 2 footprint overlaps, 2 pad clearance violations, 1 courtyard conflict. Move the components apart.
R44 overlaps R56: 1 footprint overlap, 1 pad clearance violation, 1 courtyard conflict. Move the components apart.
Q3 overlaps R56: 1 footprint overlap, 1 pad clearance violation, 1 courtyard conflict. Move the components apart.
Q4 overlaps R56: 1 footprint overlap, 1 pad clearance violation, 1 courtyard conflict. Move the components apart.
R49 overlaps R56: 2 footprint overlaps, 2 pad clearance violations, 1 courtyard conflict. Move the components apart.
Q5 overlaps R56: 1 footprint overlap, 1 pad clearance violation, 1 courtyard conflict. Move the components apart.
R56 overlaps SW1: 3 footprint overlaps, 2 pad clearance violations, 1 courtyard conflict. Move the components apart.
J2 overlaps R56: 2 footprint overlaps, 2 pad clearance violations, 1 courtyard conflict. Move the components apart.
R57 overlaps Q6: 1 footprint overlap, 1 pad clearance violation, 1 courtyard conflict. Move the components apart.
R57 overlaps R58: 2 footprint overlaps, 2 pad clearance violations, 1 courtyard conflict. Move the components apart.
R57 overlaps R59: 2 footprint overlaps, 2 pad clearance violations, 1 courtyard conflict. Move the components apart.
R57 overlaps R60: 2 footprint overlaps, 2 pad clearance violations, 1 courtyard conflict. Move the components apart.
R57 overlaps R61: 2 footprint overlaps, 2 pad clearance violations, 1 courtyard conflict. Move the components apart.
R57 overlaps C33: 2 footprint overlaps, 2 pad clearance violations, 1 courtyard conflict. Move the components apart.
R57 overlaps R62: 1 footprint overlap, 1 pad clearance violation, 1 courtyard conflict. Move the components apart.
R57 overlaps Q7: 1 footprint overlap, 1 pad clearance violation, 1 courtyard conflict. Move the components apart.
R57 overlaps Q8: 1 footprint overlap, 1 pad clearance violation, 1 courtyard conflict. Move the components apart.
R57 overlaps R63: 2 footprint overlaps, 2 pad clearance violations, 1 courtyard conflict. Move the components apart.
R57 overlaps R64: 2 footprint overlaps, 2 pad clearance violations, 1 courtyard conflict. Move the components apart.
R57 overlaps R66: 2 footprint overlaps, 2 pad clearance violations, 1 courtyard conflict. Move the components apart.
R57 overlaps R67: 2 footprint overlaps, 2 pad clearance violations, 1 courtyard conflict. Move the components apart.
R57 overlaps C34: 2 footprint overlaps, 2 pad clearance violations, 1 courtyard conflict. Move the components apart.
R57 overlaps U4: 2 footprint overlaps, 2 pad clearance violations, 1 courtyard conflict. Move the components apart.
R57 overlaps Q1: 1 footprint overlap, 1 pad clearance violation, 1 courtyard conflict. Move the components apart.
R57 overlaps R5: 1 footprint overlap, 1 pad clearance violation, 1 courtyard conflict. Move the components apart.
R57 overlaps R6: 2 footprint overlaps, 2 pad clearance violations, 1 courtyard conflict. Move the components apart.
R57 overlaps R7: 2 footprint overlaps, 2 pad clearance violations, 1 courtyard conflict. Move the components apart.
R57 overlaps R8: 2 footprint overlaps, 2 pad clearance violations, 1 courtyard conflict. Move the components apart.
R57 overlaps R9: 2 footprint overlaps, 2 pad clearance violations, 1 courtyard conflict. Move the components apart.
R57 overlaps R10: 2 footprint overlaps, 2 pad clearance violations, 1 courtyard conflict. Move the components apart.
R57 overlaps R11: 2 footprint overlaps, 2 pad clearance violations, 1 courtyard conflict. Move the components apart.
R57 overlaps R12: 2 footprint overlaps, 2 pad clearance violations, 1 courtyard conflict. Move the components apart.
R57 overlaps R13: 2 footprint overlaps, 2 pad clearance violations, 1 courtyard conflict. Move the components apart.
R57 overlaps R16: 1 footprint overlap, 1 pad clearance violation, 1 courtyard conflict. Move the components apart.
R57 overlaps C9: 2 footprint overlaps, 2 pad clearance violations, 1 courtyard conflict. Move the components apart.
R57 overlaps C10: 2 footprint overlaps, 2 pad clearance violations, 1 courtyard conflict. Move the components apart.
R57 overlaps C11: 2 footprint overlaps, 2 pad clearance violations, 1 courtyard conflict. Move the components apart.
R57 overlaps U5: 2 footprint overlaps, 2 pad clearance violations, 1 courtyard conflict. Move the components apart.
R57 overlaps C12: 2 footprint overlaps, 2 pad clearance violations, 1 courtyard conflict. Move the components apart.
R57 overlaps C13: 2 footprint overlaps, 2 pad clearance violations, 1 courtyard conflict. Move the components apart.
R57 overlaps C14: 2 footprint overlaps, 2 pad clearance violations, 1 courtyard conflict. Move the components apart.
R57 overlaps C15: 2 footprint overlaps, 2 pad clearance violations, 1 courtyard conflict. Move the components apart.
R57 overlaps C16: 2 footprint overlaps, 2 pad clearance violations, 1 courtyard conflict. Move the components apart.
R57 overlaps C17: 2 footprint overlaps, 2 pad clearance violations, 1 courtyard conflict. Move the components apart.
R57 overlaps R17: 2 footprint overlaps, 2 pad clearance violations, 1 courtyard conflict. Move the components apart.
R57 overlaps R18: 2 footprint overlaps, 2 pad clearance violations, 1 courtyard conflict. Move the components apart.
R57 overlaps R55: 2 footprint overlaps, 2 pad clearance violations, 1 courtyard conflict. Move the components apart.
R57 overlaps R19: 2 footprint overlaps, 2 pad clearance violations, 1 courtyard conflict. Move the components apart.
R57 overlaps R20: 2 footprint overlaps, 2 pad clearance violations, 1 courtyard conflict. Move the components apart.
R57 overlaps R21: 2 footprint overlaps, 2 pad clearance violations, 1 courtyard conflict. Move the components apart.
R57 overlaps R22: 2 footprint overlaps, 2 pad clearance violations, 1 courtyard conflict. Move the components apart.
R57 overlaps C19: 2 footprint overlaps, 2 pad clearance violations, 1 courtyard conflict. Move the components apart.
R57 overlaps C20: 2 footprint overlaps, 2 pad clearance violations, 1 courtyard conflict. Move the components apart.
R57 overlaps R23: 2 footprint overlaps, 2 pad clearance violations, 1 courtyard conflict. Move the components apart.
R57 overlaps R68: 2 footprint overlaps, 2 pad clearance violations, 1 courtyard conflict. Move the components apart.
R57 overlaps R24: 2 footprint overlaps, 2 pad clearance violations, 1 courtyard conflict. Move the components apart.
R57 overlaps R25: 1 footprint overlap, 1 pad clearance violation, 1 courtyard conflict. Move the components apart.
R57 overlaps D6: 2 footprint overlaps, 2 pad clearance violations, 1 courtyard conflict. Move the components apart.
R57 overlaps D7: 2 footprint overlaps, 2 pad clearance violations, 1 courtyard conflict. Move the components apart.
R57 overlaps R26: 2 footprint overlaps, 2 pad clearance violations, 1 courtyard conflict. Move the components apart.
R57 overlaps C21: 2 footprint overlaps, 2 pad clearance violations, 1 courtyard conflict. Move the components apart.
R57 overlaps C22: 2 footprint overlaps, 2 pad clearance violations, 1 courtyard conflict. Move the components apart.
R57 overlaps C23: 1 footprint overlap, 1 pad clearance violation, 1 courtyard conflict. Move the components apart.
R57 overlaps R29: 2 footprint overlaps, 2 pad clearance violations, 1 courtyard conflict. Move the components apart.
R57 overlaps R30: 2 footprint overlaps, 2 pad clearance violations, 1 courtyard conflict. Move the components apart.
R57 overlaps LED2: 2 footprint overlaps, 2 pad clearance violations, 1 courtyard conflict. Move the components apart.
R57 overlaps LED3: 2 footprint overlaps, 2 pad clearance violations, 1 courtyard conflict. Move the components apart.
U8 overlaps R57: 1 footprint overlap, 1 pad clearance violation, 1 courtyard conflict. Move the components apart.
R31 overlaps R57: 2 footprint overlaps, 2 pad clearance violations, 1 courtyard conflict. Move the components apart.
R32 overlaps R57: 2 footprint overlaps, 2 pad clearance violations, 1 courtyard conflict. Move the components apart.
R33 overlaps R57: 2 footprint overlaps, 2 pad clearance violations, 1 courtyard conflict. Move the components apart.
R34 overlaps R57: 1 footprint overlap, 1 pad clearance violation, 1 courtyard conflict. Move the components apart.
D8 overlaps R57: 2 footprint overlaps, 2 pad clearance violations, 1 courtyard conflict. Move the components apart.
R39 overlaps R57: 2 footprint overlaps, 2 pad clearance violations, 1 courtyard conflict. Move the components apart.
R65 overlaps R57: 2 footprint overlaps, 2 pad clearance violations, 1 courtyard conflict. Move the components apart.
R40 overlaps R57: 2 footprint overlaps, 2 pad clearance violations, 1 courtyard conflict. Move the components apart.
C25 overlaps R57: 2 footprint overlaps, 2 pad clearance violations, 1 courtyard conflict. Move the components apart.
U10 overlaps R57: 2 footprint overlaps, 2 pad clearance violations, 1 courtyard conflict. Move the components apart.
R50 overlaps R57: 2 footprint overlaps, 2 pad clearance violations, 1 courtyard conflict. Move the components apart.
R51 overlaps R57: 1 footprint overlap, 1 pad clearance violation, 1 courtyard conflict. Move the components apart.
C26 overlaps R57: 2 footprint overlaps, 2 pad clearance violations, 1 courtyard conflict. Move the components apart.
C27 overlaps R57: 2 footprint overlaps, 2 pad clearance violations, 1 courtyard conflict. Move the components apart.
C28 overlaps R57: 2 footprint overlaps, 2 pad clearance violations, 1 courtyard conflict. Move the components apart.
C29 overlaps R57: 2 footprint overlaps, 2 pad clearance violations, 1 courtyard conflict. Move the components apart.
R54 overlaps R57: 2 footprint overlaps, 2 pad clearance violations, 1 courtyard conflict. Move the components apart.
LED1 overlaps R57: 2 footprint overlaps, 2 pad clearance violations, 1 courtyard conflict. Move the components apart.
Q2 overlaps R57: 1 footprint overlap, 1 pad clearance violation, 1 courtyard conflict. Move the components apart.
R41 overlaps R57: 2 footprint overlaps, 2 pad clearance violations, 1 courtyard conflict. Move the components apart.
R42 overlaps R57: 2 footprint overlaps, 2 pad clearance violations, 1 courtyard conflict. Move the components apart.
R43 overlaps R57: 2 footprint overlaps, 2 pad clearance violations, 1 courtyard conflict. Move the components apart.
R44 overlaps R57: 2 footprint overlaps, 2 pad clearance violations, 1 courtyard conflict. Move the components apart.
Q3 overlaps R57: 1 footprint overlap, 1 pad clearance violation, 1 courtyard conflict. Move the components apart.
Q4 overlaps R57: 1 footprint overlap, 1 pad clearance violation, 1 courtyard conflict. Move the components apart.
R49 overlaps R57: 2 footprint overlaps, 2 pad clearance violations, 1 courtyard conflict. Move the components apart.
Q5 overlaps R57: 1 footprint overlap, 1 pad clearance violation, 1 courtyard conflict. Move the components apart.
R57 overlaps SW1: 3 footprint overlaps, 2 pad clearance violations, 1 courtyard conflict. Move the components apart.
J2 overlaps R57: 2 footprint overlaps, 2 pad clearance violations, 1 courtyard conflict. Move the components apart.
Q6 overlaps R58: 1 footprint overlap, 1 pad clearance violation, 1 courtyard conflict. Move the components apart.
Q6 overlaps R59: 1 footprint overlap, 1 pad clearance violation, 1 courtyard conflict. Move the components apart.
Q6 overlaps R60: 1 footprint overlap, 1 pad clearance violation, 1 courtyard conflict. Move the components apart.
Q6 overlaps R61: 1 footprint overlap, 1 pad clearance violation, 1 courtyard conflict. Move the components apart.
Q6 overlaps C33: 1 footprint overlap, 1 pad clearance violation, 1 courtyard conflict. Move the components apart.
Q6 overlaps R62: 1 footprint overlap, 1 pad clearance violation, 1 courtyard conflict. Move the components apart.
Q6 overlaps Q7: 2 footprint overlaps, 2 pad clearance violations, 1 courtyard conflict. Move the components apart.
Q6 overlaps Q8: 2 footprint overlaps, 2 pad clearance violations, 1 courtyard conflict. Move the components apart.
Q6 overlaps R63: 1 footprint overlap, 1 pad clearance violation, 1 courtyard conflict. Move the components apart.
Q6 overlaps R64: 1 footprint overlap, 1 pad clearance violation, 1 courtyard conflict. Move the components apart.
Q6 overlaps R66: 1 footprint overlap, 1 pad clearance violation, 1 courtyard conflict. Move the components apart.
Q6 overlaps R67: 1 footprint overlap, 1 pad clearance violation, 1 courtyard conflict. Move the components apart.
Q6 overlaps C34: 1 footprint overlap, 1 pad clearance violation, 1 courtyard conflict. Move the components apart.
Q6 overlaps D4: 3 footprint overlaps, 3 pad clearance violations, 1 courtyard conflict. Move the components apart.
Q6 overlaps U4: 2 footprint overlaps, 2 pad clearance violations, 1 courtyard conflict. Move the components apart.
Q6 overlaps Q1: 2 footprint overlaps, 2 pad clearance violations, 1 courtyard conflict. Move the components apart.
Q6 overlaps R5: 1 footprint overlap, 1 pad clearance violation, 1 courtyard conflict. Move the components apart.
Q6 overlaps R6: 1 footprint overlap, 1 pad clearance violation, 1 courtyard conflict. Move the components apart.
Q6 overlaps R7: 1 footprint overlap, 1 pad clearance violation, 1 courtyard conflict. Move the components apart.
Q6 overlaps R8: 1 footprint overlap, 1 pad clearance violation, 1 courtyard conflict. Move the components apart.
Q6 overlaps R9: 1 footprint overlap, 1 pad clearance violation, 1 courtyard conflict. Move the components apart.
Q6 overlaps R10: 1 footprint overlap, 1 pad clearance violation, 1 courtyard conflict. Move the components apart.
Q6 overlaps R11: 1 footprint overlap, 1 pad clearance violation, 1 courtyard conflict. Move the components apart.
Q6 overlaps R12: 1 footprint overlap, 1 pad clearance violation, 1 courtyard conflict. Move the components apart.
Q6 overlaps R13: 1 footprint overlap, 1 pad clearance violation, 1 courtyard conflict. Move the components apart.
Q6 overlaps R16: 1 footprint overlap, 1 pad clearance violation, 1 courtyard conflict. Move the components apart.
Q6 overlaps C9: 1 footprint overlap, 1 pad clearance violation, 1 courtyard conflict. Move the components apart.
Q6 overlaps C10: 1 footprint overlap, 1 pad clearance violation, 1 courtyard conflict. Move the components apart.
Q6 overlaps C11: 2 footprint overlaps, 2 pad clearance violations, 1 courtyard conflict. Move the components apart.
Q6 overlaps U5: 2 footprint overlaps, 2 pad clearance violations, 1 courtyard conflict. Move the components apart.
Q6 overlaps D5: 2 footprint overlaps, 2 pad clearance violations, 1 courtyard conflict. Move the components apart.
Q6 overlaps C12: 1 footprint overlap, 1 pad clearance violation, 1 courtyard conflict. Move the components apart.
Q6 overlaps C13: 2 footprint overlaps, 2 pad clearance violations, 1 courtyard conflict. Move the components apart.
Q6 overlaps C14: 2 footprint overlaps, 2 pad clearance violations, 1 courtyard conflict. Move the components apart.
Q6 overlaps C15: 1 footprint overlap, 1 pad clearance violation, 1 courtyard conflict. Move the components apart.
Q6 overlaps C16: 2 footprint overlaps, 2 pad clearance violations, 1 courtyard conflict. Move the components apart.
Q6 overlaps C17: 2 footprint overlaps, 2 pad clearance violations, 1 courtyard conflict. Move the components apart.
Q6 overlaps R17: 1 footprint overlap, 1 pad clearance violation, 1 courtyard conflict. Move the components apart.
Q6 overlaps R18: 1 footprint overlap, 1 pad clearance violation, 1 courtyard conflict. Move the components apart.
Q6 overlaps R55: 1 footprint overlap, 1 pad clearance violation, 1 courtyard conflict. Move the components apart.
Q6 overlaps R19: 1 footprint overlap, 1 pad clearance violation, 1 courtyard conflict. Move the components apart.
Q6 overlaps R20: 1 footprint overlap, 1 pad clearance violation, 1 courtyard conflict. Move the components apart.
Q6 overlaps R21: 1 footprint overlap, 1 pad clearance violation, 1 courtyard conflict. Move the components apart.
Q6 overlaps R22: 1 footprint overlap, 1 pad clearance violation, 1 courtyard conflict. Move the components apart.
Q6 overlaps C19: 1 footprint overlap, 1 pad clearance violation, 1 courtyard conflict. Move the components apart.
Q6 overlaps C20: 1 footprint overlap, 1 pad clearance violation, 1 courtyard conflict. Move the components apart.
Q6 overlaps R23: 1 footprint overlap, 1 pad clearance violation, 1 courtyard conflict. Move the components apart.
Q6 overlaps R68: 2 footprint overlaps, 2 pad clearance violations, 1 courtyard conflict. Move the components apart.
Q6 overlaps R24: 1 footprint overlap, 1 pad clearance violation, 1 courtyard conflict. Move the components apart.
Q6 overlaps R25: 1 footprint overlap, 1 pad clearance violation, 1 courtyard conflict. Move the components apart.
Q6 overlaps D6: 1 footprint overlap, 1 pad clearance violation, 1 courtyard conflict. Move the components apart.
Q6 overlaps D7: 1 footprint overlap, 1 pad clearance violation, 1 courtyard conflict. Move the components apart.
Q6 overlaps R26: 1 footprint overlap, 1 pad clearance violation, 1 courtyard conflict. Move the components apart.
Q6 overlaps C21: 1 footprint overlap, 1 pad clearance violation, 1 courtyard conflict. Move the components apart.
Q6 overlaps C22: 1 footprint overlap, 1 pad clearance violation, 1 courtyard conflict. Move the components apart.
Q6 overlaps C23: 1 footprint overlap, 1 pad clearance violation, 1 courtyard conflict. Move the components apart.
Q6 overlaps R29: 1 footprint overlap, 1 pad clearance violation, 1 courtyard conflict. Move the components apart.
Q6 overlaps R30: 1 footprint overlap, 1 pad clearance violation, 1 courtyard conflict. Move the components apart.
Q6 overlaps LED2: 1 footprint overlap, 1 pad clearance violation, 1 courtyard conflict. Move the components apart.
Q6 overlaps LED3: 1 footprint overlap, 1 pad clearance violation, 1 courtyard conflict. Move the components apart.
U8 overlaps Q6: 3 footprint overlaps, 3 pad clearance violations, 1 courtyard conflict. Move the components apart.
R31 overlaps Q6: 1 footprint overlap, 1 pad clearance violation, 1 courtyard conflict. Move the components apart.
R32 overlaps Q6: 1 footprint overlap, 1 pad clearance violation, 1 courtyard conflict. Move the components apart.
R33 overlaps Q6: 1 footprint overlap, 1 pad clearance violation, 1 courtyard conflict. Move the components apart.
R34 overlaps Q6: 1 footprint overlap, 1 pad clearance violation, 1 courtyard conflict. Move the components apart.
D8 overlaps Q6: 1 footprint overlap, 1 pad clearance violation, 1 courtyard conflict. Move the components apart.
R39 overlaps Q6: 1 footprint overlap, 1 pad clearance violation, 1 courtyard conflict. Move the components apart.
R65 overlaps Q6: 1 footprint overlap, 1 pad clearance violation, 1 courtyard conflict. Move the components apart.
R40 overlaps Q6: 1 footprint overlap, 1 pad clearance violation, 1 courtyard conflict. Move the components apart.
C25 overlaps Q6: 1 footprint overlap, 1 pad clearance violation, 1 courtyard conflict. Move the components apart.
U10 overlaps Q6: 2 footprint overlaps, 2 pad clearance violations, 1 courtyard conflict. Move the components apart.
R50 overlaps Q6: 1 footprint overlap, 1 pad clearance violation, 1 courtyard conflict. Move the components apart.
R51 overlaps Q6: 1 footprint overlap, 1 pad clearance violation, 1 courtyard conflict. Move the components apart.
C26 overlaps Q6: 1 footprint overlap, 1 pad clearance violation, 1 courtyard conflict. Move the components apart.
C27 overlaps Q6: 1 footprint overlap, 1 pad clearance violation, 1 courtyard conflict. Move the components apart.
C28 overlaps Q6: 1 footprint overlap, 1 pad clearance violation, 1 courtyard conflict. Move the components apart.
C29 overlaps Q6: 2 footprint overlaps, 2 pad clearance violations, 1 courtyard conflict. Move the components apart.
D10 overlaps Q6: 3 footprint overlaps, 3 pad clearance violations, 1 courtyard conflict. Move the components apart.
D11 overlaps Q6: 2 footprint overlaps, 2 pad clearance violations, 1 courtyard conflict. Move the components apart.
R54 overlaps Q6: 1 footprint overlap, 1 pad clearance violation, 1 courtyard conflict. Move the components apart.
LED1 overlaps Q6: 1 footprint overlap, 1 pad clearance violation, 1 courtyard conflict. Move the components apart.
Q2 overlaps Q6: 3 footprint overlaps, 3 pad clearance violations, 1 courtyard conflict. Move the components apart.
R41 overlaps Q6: 1 footprint overlap, 1 pad clearance violation, 1 courtyard conflict. Move the components apart.
R42 overlaps Q6: 1 footprint overlap, 1 pad clearance violation, 1 courtyard conflict. Move the components apart.
R43 overlaps Q6: 1 footprint overlap, 1 pad clearance violation, 1 courtyard conflict. Move the components apart.
R44 overlaps Q6: 1 footprint overlap, 1 pad clearance violation, 1 courtyard conflict. Move the components apart.
D9 overlaps Q6: 1 footprint overlap, 2 pad clearance violations, 1 courtyard conflict. Move the components apart.
Q3 overlaps Q6: 2 footprint overlaps, 2 pad clearance violations, 1 courtyard conflict. Move the components apart.
Q4 overlaps Q6: 1 footprint overlap, 1 pad clearance violation, 1 courtyard conflict. Move the components apart.
R49 overlaps Q6: 1 footprint overlap, 1 pad clearance violation, 1 courtyard conflict. Move the components apart.
Q5 overlaps Q6: 2 footprint overlaps, 2 pad clearance violations, 1 courtyard conflict. Move the components apart.
Q6 overlaps SW1: 4 footprint overlaps, 3 pad clearance violations, 1 courtyard conflict. Move the components apart.
J2 overlaps Q6: 5 footprint overlaps, 3 pad clearance violations, 1 courtyard conflict. Move the components apart.
R58 overlaps R59: 1 footprint overlap, 1 pad clearance violation, 1 courtyard conflict. Move the components apart.
R58 overlaps R60: 2 footprint overlaps, 2 pad clearance violations, 1 courtyard conflict. Move the components apart.
R58 overlaps R61: 1 footprint overlap, 1 pad clearance violation, 1 courtyard conflict. Move the components apart.
R58 overlaps C33: 1 footprint overlap, 1 pad clearance violation, 1 courtyard conflict. Move the components apart.
R58 overlaps R62: 2 footprint overlaps, 2 pad clearance violations, 1 courtyard conflict. Move the components apart.
R58 overlaps Q7: 1 footprint overlap, 1 pad clearance violation, 1 courtyard conflict. Move the components apart.
R58 overlaps Q8: 1 footprint overlap, 1 pad clearance violation, 1 courtyard conflict. Move the components apart.
R58 overlaps R63: 1 footprint overlap, 1 pad clearance violation, 1 courtyard conflict. Move the components apart.
R58 overlaps R64: 1 footprint overlap, 1 pad clearance violation, 1 courtyard conflict. Move the components apart.
R58 overlaps R66: 2 footprint overlaps, 2 pad clearance violations, 1 courtyard conflict. Move the components apart.
R58 overlaps R67: 1 footprint overlap, 1 pad clearance violation, 1 courtyard conflict. Move the components apart.
R58 overlaps C34: 1 footprint overlap, 1 pad clearance violation, 1 courtyard conflict. Move the components apart.
R58 overlaps U4: 1 footprint overlap, 1 pad clearance violation, 1 courtyard conflict. Move the components apart.
R58 overlaps Q1: 1 footprint overlap, 1 pad clearance violation, 1 courtyard conflict. Move the components apart.
R58 overlaps R5: 2 footprint overlaps, 2 pad clearance violations, 1 courtyard conflict. Move the components apart.
R58 overlaps R6: 2 footprint overlaps, 2 pad clearance violations, 1 courtyard conflict. Move the components apart.
R58 overlaps R7: 2 footprint overlaps, 2 pad clearance violations, 1 courtyard conflict. Move the components apart.
R58 overlaps R8: 2 footprint overlaps, 2 pad clearance violations, 1 courtyard conflict. Move the components apart.
R58 overlaps R9: 1 footprint overlap, 1 pad clearance violation, 1 courtyard conflict. Move the components apart.
R58 overlaps R10: 2 footprint overlaps, 2 pad clearance violations, 1 courtyard conflict. Move the components apart.
R58 overlaps R11: 2 footprint overlaps, 2 pad clearance violations, 1 courtyard conflict. Move the components apart.
R58 overlaps R12: 1 footprint overlap, 1 pad clearance violation, 1 courtyard conflict. Move the components apart.
R58 overlaps R13: 1 footprint overlap, 1 pad clearance violation, 1 courtyard conflict. Move the components apart.
R58 overlaps R16: 2 footprint overlaps, 2 pad clearance violations, 1 courtyard conflict. Move the components apart.
R58 overlaps C9: 1 footprint overlap, 1 pad clearance violation, 1 courtyard conflict. Move the components apart.
R58 overlaps C10: 1 footprint overlap, 1 pad clearance violation, 1 courtyard conflict. Move the components apart.
R58 overlaps C11: 1 footprint overlap, 1 pad clearance violation, 1 courtyard conflict. Move the components apart.
R58 overlaps U5: 1 footprint overlap, 1 pad clearance violation, 1 courtyard conflict. Move the components apart.
R58 overlaps C12: 2 footprint overlaps, 2 pad clearance violations, 1 courtyard conflict. Move the components apart.
R58 overlaps C13: 1 footprint overlap, 1 pad clearance violation, 1 courtyard conflict. Move the components apart.
R58 overlaps C14: 1 footprint overlap, 1 pad clearance violation, 1 courtyard conflict. Move the components apart.
R58 overlaps C15: 1 footprint overlap, 1 pad clearance violation, 1 courtyard conflict. Move the components apart.
R58 overlaps C16: 1 footprint overlap, 1 pad clearance violation, 1 courtyard conflict. Move the components apart.
R58 overlaps C17: 1 footprint overlap, 1 pad clearance violation, 1 courtyard conflict. Move the components apart.
R58 overlaps R17: 1 footprint overlap, 1 pad clearance violation, 1 courtyard conflict. Move the components apart.
R58 overlaps R18: 2 footprint overlaps, 2 pad clearance violations, 1 courtyard conflict. Move the components apart.
R58 overlaps R55: 2 footprint overlaps, 2 pad clearance violations, 1 courtyard conflict. Move the components apart.
R58 overlaps R19: 1 footprint overlap, 1 pad clearance violation, 1 courtyard conflict. Move the components apart.
R58 overlaps R20: 2 footprint overlaps, 2 pad clearance violations, 1 courtyard conflict. Move the components apart.
R58 overlaps R21: 2 footprint overlaps, 2 pad clearance violations, 1 courtyard conflict. Move the components apart.
R58 overlaps R22: 2 footprint overlaps, 2 pad clearance violations, 1 courtyard conflict. Move the components apart.
R58 overlaps C19: 1 footprint overlap, 1 pad clearance violation, 1 courtyard conflict. Move the components apart.
R58 overlaps C20: 1 footprint overlap, 1 pad clearance violation, 1 courtyard conflict. Move the components apart.
R58 overlaps R23: 2 footprint overlaps, 2 pad clearance violations, 1 courtyard conflict. Move the components apart.
R58 overlaps R68: 1 footprint overlap, 1 pad clearance violation, 1 courtyard conflict. Move the components apart.
R58 overlaps R24: 1 footprint overlap, 1 pad clearance violation, 1 courtyard conflict. Move the components apart.
R58 overlaps R25: 2 footprint overlaps, 2 pad clearance violations, 1 courtyard conflict. Move the components apart.
R58 overlaps D6: 2 footprint overlaps, 2 pad clearance violations, 1 courtyard conflict. Move the components apart.
R58 overlaps D7: 2 footprint overlaps, 2 pad clearance violations, 1 courtyard conflict. Move the components apart.
R58 overlaps R26: 2 footprint overlaps, 2 pad clearance violations, 1 courtyard conflict. Move the components apart.
R58 overlaps C21: 1 footprint overlap, 1 pad clearance violation, 1 courtyard conflict. Move the components apart.
R58 overlaps C22: 1 footprint overlap, 1 pad clearance violation, 1 courtyard conflict. Move the components apart.
R58 overlaps C23: 1 footprint overlap, 1 pad clearance violation, 1 courtyard conflict. Move the components apart.
R58 overlaps R29: 2 footprint overlaps, 2 pad clearance violations, 1 courtyard conflict. Move the components apart.
R58 overlaps R30: 2 footprint overlaps, 2 pad clearance violations, 1 courtyard conflict. Move the components apart.
R58 overlaps LED2: 1 footprint overlap, 1 pad clearance violation, 1 courtyard conflict. Move the components apart.
R58 overlaps LED3: 1 footprint overlap, 1 pad clearance violation, 1 courtyard conflict. Move the components apart.
U8 overlaps R58: 1 footprint overlap, 1 pad clearance violation, 1 courtyard conflict. Move the components apart.
R31 overlaps R58: 2 footprint overlaps, 2 pad clearance violations, 1 courtyard conflict. Move the components apart.
R32 overlaps R58: 2 footprint overlaps, 2 pad clearance violations, 1 courtyard conflict. Move the components apart.
R33 overlaps R58: 1 footprint overlap, 1 pad clearance violation, 1 courtyard conflict. Move the components apart.
R34 overlaps R58: 2 footprint overlaps, 2 pad clearance violations, 1 courtyard conflict. Move the components apart.
D8 overlaps R58: 2 footprint overlaps, 2 pad clearance violations, 1 courtyard conflict. Move the components apart.
R39 overlaps R58: 2 footprint overlaps, 2 pad clearance violations, 1 courtyard conflict. Move the components apart.
R65 overlaps R58: 1 footprint overlap, 1 pad clearance violation, 1 courtyard conflict. Move the components apart.
R40 overlaps R58: 2 footprint overlaps, 2 pad clearance violations, 1 courtyard conflict. Move the components apart.
C25 overlaps R58: 1 footprint overlap, 1 pad clearance violation, 1 courtyard conflict. Move the components apart.
U10 overlaps R58: 1 footprint overlap, 1 pad clearance violation, 1 courtyard conflict. Move the components apart.
R50 overlaps R58: 1 footprint overlap, 1 pad clearance violation, 1 courtyard conflict. Move the components apart.
R51 overlaps R58: 2 footprint overlaps, 2 pad clearance violations, 1 courtyard conflict. Move the components apart.
C26 overlaps R58: 2 footprint overlaps, 2 pad clearance violations, 1 courtyard conflict. Move the components apart.
C27 overlaps R58: 2 footprint overlaps, 2 pad clearance violations, 1 courtyard conflict. Move the components apart.
C28 overlaps R58: 1 footprint overlap, 1 pad clearance violation, 1 courtyard conflict. Move the components apart.
C29 overlaps R58: 1 footprint overlap, 1 pad clearance violation, 1 courtyard conflict. Move the components apart.
R54 overlaps R58: 2 footprint overlaps, 2 pad clearance violations, 1 courtyard conflict. Move the components apart.
LED1 overlaps R58: 1 footprint overlap, 1 pad clearance violation, 1 courtyard conflict. Move the components apart.
Q2 overlaps R58: 1 footprint overlap, 1 pad clearance violation, 1 courtyard conflict. Move the components apart.
R41 overlaps R58: 2 footprint overlaps, 2 pad clearance violations, 1 courtyard conflict. Move the components apart.
R42 overlaps R58: 2 footprint overlaps, 2 pad clearance violations, 1 courtyard conflict. Move the components apart.
R43 overlaps R58: 2 footprint overlaps, 2 pad clearance violations, 1 courtyard conflict. Move the components apart.
R44 overlaps R58: 1 footprint overlap, 1 pad clearance violation, 1 courtyard conflict. Move the components apart.
Q3 overlaps R58: 1 footprint overlap, 1 pad clearance violation, 1 courtyard conflict. Move the components apart.
Q4 overlaps R58: 1 footprint overlap, 1 pad clearance violation, 1 courtyard conflict. Move the components apart.
R49 overlaps R58: 2 footprint overlaps, 2 pad clearance violations, 1 courtyard conflict. Move the components apart.
Q5 overlaps R58: 1 footprint overlap, 1 pad clearance violation, 1 courtyard conflict. Move the components apart.
R58 overlaps SW1: 3 footprint overlaps, 2 pad clearance violations, 1 courtyard conflict. Move the components apart.
J2 overlaps R58: 2 footprint overlaps, 2 pad clearance violations, 1 courtyard conflict. Move the components apart.
R59 overlaps R60: 2 footprint overlaps, 2 pad clearance violations, 1 courtyard conflict. Move the components apart.
R59 overlaps R61: 1 footprint overlap, 1 pad clearance violation, 1 courtyard conflict. Move the components apart.
R59 overlaps C33: 1 footprint overlap, 1 pad clearance violation, 1 courtyard conflict. Move the components apart.
R59 overlaps R62: 2 footprint overlaps, 2 pad clearance violations, 1 courtyard conflict. Move the components apart.
R59 overlaps Q7: 1 footprint overlap, 1 pad clearance violation, 1 courtyard conflict. Move the components apart.
R59 overlaps Q8: 1 footprint overlap, 1 pad clearance violation, 1 courtyard conflict. Move the components apart.
R59 overlaps R63: 1 footprint overlap, 1 pad clearance violation, 1 courtyard conflict. Move the components apart.
R59 overlaps R64: 1 footprint overlap, 1 pad clearance violation, 1 courtyard conflict. Move the components apart.
R59 overlaps R66: 2 footprint overlaps, 2 pad clearance violations, 1 courtyard conflict. Move the components apart.
R59 overlaps R67: 1 footprint overlap, 1 pad clearance violation, 1 courtyard conflict. Move the components apart.
R59 overlaps C34: 1 footprint overlap, 1 pad clearance violation, 1 courtyard conflict. Move the components apart.
R59 overlaps U4: 1 footprint overlap, 1 pad clearance violation, 1 courtyard conflict. Move the components apart.
R59 overlaps Q1: 1 footprint overlap, 1 pad clearance violation, 1 courtyard conflict. Move the components apart.
R59 overlaps R5: 2 footprint overlaps, 2 pad clearance violations, 1 courtyard conflict. Move the components apart.
R59 overlaps R6: 2 footprint overlaps, 2 pad clearance violations, 1 courtyard conflict. Move the components apart.
R59 overlaps R7: 2 footprint overlaps, 2 pad clearance violations, 1 courtyard conflict. Move the components apart.
R59 overlaps R8: 2 footprint overlaps, 2 pad clearance violations, 1 courtyard conflict. Move the components apart.
R59 overlaps R9: 1 footprint overlap, 1 pad clearance violation, 1 courtyard conflict. Move the components apart.
R59 overlaps R10: 2 footprint overlaps, 2 pad clearance violations, 1 courtyard conflict. Move the components apart.
R59 overlaps R11: 2 footprint overlaps, 2 pad clearance violations, 1 courtyard conflict. Move the components apart.
R59 overlaps R12: 1 footprint overlap, 1 pad clearance violation, 1 courtyard conflict. Move the components apart.
R59 overlaps R13: 1 footprint overlap, 1 pad clearance violation, 1 courtyard conflict. Move the components apart.
R59 overlaps R16: 2 footprint overlaps, 2 pad clearance violations, 1 courtyard conflict. Move the components apart.
R59 overlaps C9: 1 footprint overlap, 1 pad clearance violation, 1 courtyard conflict. Move the components apart.
R59 overlaps C10: 1 footprint overlap, 1 pad clearance violation, 1 courtyard conflict. Move the components apart.
R59 overlaps C11: 1 footprint overlap, 1 pad clearance violation, 1 courtyard conflict. Move the components apart.
R59 overlaps U5: 1 footprint overlap, 1 pad clearance violation, 1 courtyard conflict. Move the components apart.
R59 overlaps C12: 2 footprint overlaps, 2 pad clearance violations, 1 courtyard conflict. Move the components apart.
R59 overlaps C13: 1 footprint overlap, 1 pad clearance violation, 1 courtyard conflict. Move the components apart.
R59 overlaps C14: 1 footprint overlap, 1 pad clearance violation, 1 courtyard conflict. Move the components apart.
R59 overlaps C15: 1 footprint overlap, 1 pad clearance violation, 1 courtyard conflict. Move the components apart.
R59 overlaps C16: 1 footprint overlap, 1 pad clearance violation, 1 courtyard conflict. Move the components apart.
R59 overlaps C17: 1 footprint overlap, 1 pad clearance violation, 1 courtyard conflict. Move the components apart.
R59 overlaps R17: 1 footprint overlap, 1 pad clearance violation, 1 courtyard conflict. Move the components apart.
R59 overlaps R18: 2 footprint overlaps, 2 pad clearance violations, 1 courtyard conflict. Move the components apart.
R59 overlaps R55: 2 footprint overlaps, 2 pad clearance violations, 1 courtyard conflict. Move the components apart.
R59 overlaps R19: 1 footprint overlap, 1 pad clearance violation, 1 courtyard conflict. Move the components apart.
R59 overlaps R20: 2 footprint overlaps, 2 pad clearance violations, 1 courtyard conflict. Move the components apart.
R59 overlaps R21: 2 footprint overlaps, 2 pad clearance violations, 1 courtyard conflict. Move the components apart.
R59 overlaps R22: 2 footprint overlaps, 2 pad clearance violations, 1 courtyard conflict. Move the components apart.
R59 overlaps C19: 1 footprint overlap, 1 pad clearance violation, 1 courtyard conflict. Move the components apart.
R59 overlaps C20: 1 footprint overlap, 1 pad clearance violation, 1 courtyard conflict. Move the components apart.
R59 overlaps R23: 2 footprint overlaps, 2 pad clearance violations, 1 courtyard conflict. Move the components apart.
R59 overlaps R68: 1 footprint overlap, 1 pad clearance violation, 1 courtyard conflict. Move the components apart.
R59 overlaps R24: 1 footprint overlap, 1 pad clearance violation, 1 courtyard conflict. Move the components apart.
R59 overlaps R25: 2 footprint overlaps, 2 pad clearance violations, 1 courtyard conflict. Move the components apart.
R59 overlaps D6: 2 footprint overlaps, 2 pad clearance violations, 1 courtyard conflict. Move the components apart.
R59 overlaps D7: 2 footprint overlaps, 2 pad clearance violations, 1 courtyard conflict. Move the components apart.
R59 overlaps R26: 2 footprint overlaps, 2 pad clearance violations, 1 courtyard conflict. Move the components apart.
R59 overlaps C21: 1 footprint overlap, 1 pad clearance violation, 1 courtyard conflict. Move the components apart.
R59 overlaps C22: 1 footprint overlap, 1 pad clearance violation, 1 courtyard conflict. Move the components apart.
R59 overlaps C23: 1 footprint overlap, 1 pad clearance violation, 1 courtyard conflict. Move the components apart.
R59 overlaps R29: 2 footprint overlaps, 2 pad clearance violations, 1 courtyard conflict. Move the components apart.
R59 overlaps R30: 2 footprint overlaps, 2 pad clearance violations, 1 courtyard conflict. Move the components apart.
R59 overlaps LED2: 1 footprint overlap, 1 pad clearance violation, 1 courtyard conflict. Move the components apart.
R59 overlaps LED3: 1 footprint overlap, 1 pad clearance violation, 1 courtyard conflict. Move the components apart.
U8 overlaps R59: 1 footprint overlap, 1 pad clearance violation, 1 courtyard conflict. Move the components apart.
R31 overlaps R59: 2 footprint overlaps, 2 pad clearance violations, 1 courtyard conflict. Move the components apart.
R32 overlaps R59: 2 footprint overlaps, 2 pad clearance violations, 1 courtyard conflict. Move the components apart.
R33 overlaps R59: 1 footprint overlap, 1 pad clearance violation, 1 courtyard conflict. Move the components apart.
R34 overlaps R59: 2 footprint overlaps, 2 pad clearance violations, 1 courtyard conflict. Move the components apart.
D8 overlaps R59: 2 footprint overlaps, 2 pad clearance violations, 1 courtyard conflict. Move the components apart.
R39 overlaps R59: 2 footprint overlaps, 2 pad clearance violations, 1 courtyard conflict. Move the components apart.
R65 overlaps R59: 1 footprint overlap, 1 pad clearance violation, 1 courtyard conflict. Move the components apart.
R40 overlaps R59: 2 footprint overlaps, 2 pad clearance violations, 1 courtyard conflict. Move the components apart.
C25 overlaps R59: 1 footprint overlap, 1 pad clearance violation, 1 courtyard conflict. Move the components apart.
U10 overlaps R59: 1 footprint overlap, 1 pad clearance violation, 1 courtyard conflict. Move the components apart.
R50 overlaps R59: 1 footprint overlap, 1 pad clearance violation, 1 courtyard conflict. Move the components apart.
R51 overlaps R59: 2 footprint overlaps, 2 pad clearance violations, 1 courtyard conflict. Move the components apart.
C26 overlaps R59: 2 footprint overlaps, 2 pad clearance violations, 1 courtyard conflict. Move the components apart.
C27 overlaps R59: 2 footprint overlaps, 2 pad clearance violations, 1 courtyard conflict. Move the components apart.
C28 overlaps R59: 1 footprint overlap, 1 pad clearance violation, 1 courtyard conflict. Move the components apart.
C29 overlaps R59: 1 footprint overlap, 1 pad clearance violation, 1 courtyard conflict. Move the components apart.
R54 overlaps R59: 2 footprint overlaps, 2 pad clearance violations, 1 courtyard conflict. Move the components apart.
LED1 overlaps R59: 1 footprint overlap, 1 pad clearance violation, 1 courtyard conflict. Move the components apart.
Q2 overlaps R59: 1 footprint overlap, 1 pad clearance violation, 1 courtyard conflict. Move the components apart.
R41 overlaps R59: 2 footprint overlaps, 2 pad clearance violations, 1 courtyard conflict. Move the components apart.
R42 overlaps R59: 2 footprint overlaps, 2 pad clearance violations, 1 courtyard conflict. Move the components apart.
R43 overlaps R59: 2 footprint overlaps, 2 pad clearance violations, 1 courtyard conflict. Move the components apart.
R44 overlaps R59: 1 footprint overlap, 1 pad clearance violation, 1 courtyard conflict. Move the components apart.
Q3 overlaps R59: 1 footprint overlap, 1 pad clearance violation, 1 courtyard conflict. Move the components apart.
Q4 overlaps R59: 1 footprint overlap, 1 pad clearance violation, 1 courtyard conflict. Move the components apart.
R49 overlaps R59: 2 footprint overlaps, 2 pad clearance violations, 1 courtyard conflict. Move the components apart.
Q5 overlaps R59: 1 footprint overlap, 1 pad clearance violation, 1 courtyard conflict. Move the components apart.
R59 overlaps SW1: 3 footprint overlaps, 2 pad clearance violations, 1 courtyard conflict. Move the components apart.
J2 overlaps R59: 2 footprint overlaps, 2 pad clearance violations, 1 courtyard conflict. Move the components apart.
R60 overlaps R61: 2 footprint overlaps, 2 pad clearance violations, 1 courtyard conflict. Move the components apart.
R60 overlaps C33: 2 footprint overlaps, 2 pad clearance violations, 1 courtyard conflict. Move the components apart.
R60 overlaps R62: 2 footprint overlaps, 2 pad clearance violations, 1 courtyard conflict. Move the components apart.
R60 overlaps Q7: 1 footprint overlap, 1 pad clearance violation, 1 courtyard conflict. Move the components apart.
R60 overlaps Q8: 1 footprint overlap, 1 pad clearance violation, 1 courtyard conflict. Move the components apart.
R60 overlaps R63: 2 footprint overlaps, 2 pad clearance violations, 1 courtyard conflict. Move the components apart.
R60 overlaps R64: 2 footprint overlaps, 2 pad clearance violations, 1 courtyard conflict. Move the components apart.
R60 overlaps R66: 2 footprint overlaps, 2 pad clearance violations, 1 courtyard conflict. Move the components apart.
R60 overlaps R67: 2 footprint overlaps, 2 pad clearance violations, 1 courtyard conflict. Move the components apart.
R60 overlaps C34: 2 footprint overlaps, 2 pad clearance violations, 1 courtyard conflict. Move the components apart.
R60 overlaps U4: 2 footprint overlaps, 2 pad clearance violations, 1 courtyard conflict. Move the components apart.
R60 overlaps Q1: 1 footprint overlap, 1 pad clearance violation, 1 courtyard conflict. Move the components apart.
R60 overlaps R5: 2 footprint overlaps, 2 pad clearance violations, 1 courtyard conflict. Move the components apart.
R60 overlaps R6: 2 footprint overlaps, 2 pad clearance violations, 1 courtyard conflict. Move the components apart.
R60 overlaps R7: 2 footprint overlaps, 2 pad clearance violations, 1 courtyard conflict. Move the components apart.
R60 overlaps R8: 2 footprint overlaps, 2 pad clearance violations, 1 courtyard conflict. Move the components apart.
R60 overlaps R9: 2 footprint overlaps, 2 pad clearance violations, 1 courtyard conflict. Move the components apart.
R60 overlaps R10: 2 footprint overlaps, 2 pad clearance violations, 1 courtyard conflict. Move the components apart.
R60 overlaps R11: 2 footprint overlaps, 2 pad clearance violations, 1 courtyard conflict. Move the components apart.
R60 overlaps R12: 2 footprint overlaps, 2 pad clearance violations, 1 courtyard conflict. Move the components apart.
R60 overlaps R13: 2 footprint overlaps, 2 pad clearance violations, 1 courtyard conflict. Move the components apart.
R60 overlaps R16: 2 footprint overlaps, 2 pad clearance violations, 1 courtyard conflict. Move the components apart.
R60 overlaps C9: 2 footprint overlaps, 2 pad clearance violations, 1 courtyard conflict. Move the components apart.
R60 overlaps C10: 2 footprint overlaps, 2 pad clearance violations, 1 courtyard conflict. Move the components apart.
R60 overlaps C11: 2 footprint overlaps, 2 pad clearance violations, 1 courtyard conflict. Move the components apart.
R60 overlaps U5: 2 footprint overlaps, 2 pad clearance violations, 1 courtyard conflict. Move the components apart.
R60 overlaps C12: 2 footprint overlaps, 2 pad clearance violations, 1 courtyard conflict. Move the components apart.
R60 overlaps C13: 2 footprint overlaps, 2 pad clearance violations, 1 courtyard conflict. Move the components apart.
R60 overlaps C14: 2 footprint overlaps, 2 pad clearance violations, 1 courtyard conflict. Move the components apart.
R60 overlaps C15: 2 footprint overlaps, 2 pad clearance violations, 1 courtyard conflict. Move the components apart.
R60 overlaps C16: 2 footprint overlaps, 2 pad clearance violations, 1 courtyard conflict. Move the components apart.
R60 overlaps C17: 2 footprint overlaps, 2 pad clearance violations, 1 courtyard conflict. Move the components apart.
R60 overlaps R17: 2 footprint overlaps, 2 pad clearance violations, 1 courtyard conflict. Move the components apart.
R60 overlaps R18: 2 footprint overlaps, 2 pad clearance violations, 1 courtyard conflict. Move the components apart.
R60 overlaps R55: 2 footprint overlaps, 2 pad clearance violations, 1 courtyard conflict. Move the components apart.
R60 overlaps R19: 2 footprint overlaps, 2 pad clearance violations, 1 courtyard conflict. Move the components apart.
R60 overlaps R20: 2 footprint overlaps, 2 pad clearance violations, 1 courtyard conflict. Move the components apart.
R60 overlaps R21: 2 footprint overlaps, 2 pad clearance violations, 1 courtyard conflict. Move the components apart.
R60 overlaps R22: 2 footprint overlaps, 2 pad clearance violations, 1 courtyard conflict. Move the components apart.
R60 overlaps C19: 2 footprint overlaps, 2 pad clearance violations, 1 courtyard conflict. Move the components apart.
R60 overlaps C20: 2 footprint overlaps, 2 pad clearance violations, 1 courtyard conflict. Move the components apart.
R60 overlaps R23: 2 footprint overlaps, 2 pad clearance violations, 1 courtyard conflict. Move the components apart.
R60 overlaps R68: 2 footprint overlaps, 2 pad clearance violations, 1 courtyard conflict. Move the components apart.
R60 overlaps R24: 2 footprint overlaps, 2 pad clearance violations, 1 courtyard conflict. Move the components apart.
R60 overlaps R25: 2 footprint overlaps, 2 pad clearance violations, 1 courtyard conflict. Move the components apart.
R60 overlaps D6: 2 footprint overlaps, 2 pad clearance violations, 1 courtyard conflict. Move the components apart.
R60 overlaps D7: 2 footprint overlaps, 2 pad clearance violations, 1 courtyard conflict. Move the components apart.
R60 overlaps R26: 2 footprint overlaps, 2 pad clearance violations, 1 courtyard conflict. Move the components apart.
R60 overlaps C21: 2 footprint overlaps, 2 pad clearance violations, 1 courtyard conflict. Move the components apart.
R60 overlaps C22: 2 footprint overlaps, 2 pad clearance violations, 1 courtyard conflict. Move the components apart.
R60 overlaps C23: 2 footprint overlaps, 2 pad clearance violations, 1 courtyard conflict. Move the components apart.
R60 overlaps R29: 2 footprint overlaps, 2 pad clearance violations, 1 courtyard conflict. Move the components apart.
R60 overlaps R30: 2 footprint overlaps, 2 pad clearance violations, 1 courtyard conflict. Move the components apart.
R60 overlaps LED2: 2 footprint overlaps, 2 pad clearance violations, 1 courtyard conflict. Move the components apart.
R60 overlaps LED3: 2 footprint overlaps, 2 pad clearance violations, 1 courtyard conflict. Move the components apart.
U8 overlaps R60: 1 footprint overlap, 1 pad clearance violation, 1 courtyard conflict. Move the components apart.
R31 overlaps R60: 2 footprint overlaps, 2 pad clearance violations, 1 courtyard conflict. Move the components apart.
R32 overlaps R60: 2 footprint overlaps, 2 pad clearance violations, 1 courtyard conflict. Move the components apart.
R33 overlaps R60: 2 footprint overlaps, 2 pad clearance violations, 1 courtyard conflict. Move the components apart.
R34 overlaps R60: 2 footprint overlaps, 2 pad clearance violations, 1 courtyard conflict. Move the components apart.
D8 overlaps R60: 2 footprint overlaps, 2 pad clearance violations, 1 courtyard conflict. Move the components apart.
R39 overlaps R60: 2 footprint overlaps, 2 pad clearance violations, 1 courtyard conflict. Move the components apart.
R65 overlaps R60: 2 footprint overlaps, 2 pad clearance violations, 1 courtyard conflict. Move the components apart.
R40 overlaps R60: 2 footprint overlaps, 2 pad clearance violations, 1 courtyard conflict. Move the components apart.
C25 overlaps R60: 2 footprint overlaps, 2 pad clearance violations, 1 courtyard conflict. Move the components apart.
U10 overlaps R60: 2 footprint overlaps, 2 pad clearance violations, 1 courtyard conflict. Move the components apart.
R50 overlaps R60: 2 footprint overlaps, 2 pad clearance violations, 1 courtyard conflict. Move the components apart.
R51 overlaps R60: 2 footprint overlaps, 2 pad clearance violations, 1 courtyard conflict. Move the components apart.
C26 overlaps R60: 2 footprint overlaps, 2 pad clearance violations, 1 courtyard conflict. Move the components apart.
C27 overlaps R60: 2 footprint overlaps, 2 pad clearance violations, 1 courtyard conflict. Move the components apart.
C28 overlaps R60: 2 footprint overlaps, 2 pad clearance violations, 1 courtyard conflict. Move the components apart.
C29 overlaps R60: 2 footprint overlaps, 2 pad clearance violations, 1 courtyard conflict. Move the components apart.
R54 overlaps R60: 2 footprint overlaps, 2 pad clearance violations, 1 courtyard conflict. Move the components apart.
LED1 overlaps R60: 2 footprint overlaps, 2 pad clearance violations, 1 courtyard conflict. Move the components apart.
Q2 overlaps R60: 1 footprint overlap, 1 pad clearance violation, 1 courtyard conflict. Move the components apart.
R41 overlaps R60: 2 footprint overlaps, 2 pad clearance violations, 1 courtyard conflict. Move the components apart.
R42 overlaps R60: 2 footprint overlaps, 2 pad clearance violations, 1 courtyard conflict. Move the components apart.
R43 overlaps R60: 2 footprint overlaps, 2 pad clearance violations, 1 courtyard conflict. Move the components apart.
R44 overlaps R60: 2 footprint overlaps, 2 pad clearance violations, 1 courtyard conflict. Move the components apart.
Q3 overlaps R60: 1 footprint overlap, 1 pad clearance violation, 1 courtyard conflict. Move the components apart.
Q4 overlaps R60: 1 footprint overlap, 1 pad clearance violation, 1 courtyard conflict. Move the components apart.
R49 overlaps R60: 2 footprint overlaps, 2 pad clearance violations, 1 courtyard conflict. Move the components apart.
Q5 overlaps R60: 1 footprint overlap, 1 pad clearance violation, 1 courtyard conflict. Move the components apart.
R60 overlaps SW1: 3 footprint overlaps, 2 pad clearance violations, 1 courtyard conflict. Move the components apart.
J2 overlaps R60: 2 footprint overlaps, 2 pad clearance violations, 1 courtyard conflict. Move the components apart.
R61 overlaps R62: 2 footprint overlaps, 2 pad clearance violations, 1 courtyard conflict. Move the components apart.
R61 overlaps Q7: 1 footprint overlap, 1 pad clearance violation, 1 courtyard conflict. Move the components apart.
R61 overlaps Q8: 1 footprint overlap, 1 pad clearance violation, 1 courtyard conflict. Move the components apart.
R61 overlaps R63: 1 footprint overlap, 1 pad clearance violation, 1 courtyard conflict. Move the components apart.
R61 overlaps R64: 1 footprint overlap, 1 pad clearance violation, 1 courtyard conflict. Move the components apart.
R61 overlaps R66: 2 footprint overlaps, 2 pad clearance violations, 1 courtyard conflict. Move the components apart.
R61 overlaps R67: 1 footprint overlap, 1 pad clearance violation, 1 courtyard conflict. Move the components apart.
R61 overlaps C34: 1 footprint overlap, 1 pad clearance violation, 1 courtyard conflict. Move the components apart.
R61 overlaps U4: 1 footprint overlap, 1 pad clearance violation, 1 courtyard conflict. Move the components apart.
R61 overlaps Q1: 1 footprint overlap, 1 pad clearance violation, 1 courtyard conflict. Move the components apart.
R61 overlaps R5: 2 footprint overlaps, 2 pad clearance violations, 1 courtyard conflict. Move the components apart.
R61 overlaps R6: 2 footprint overlaps, 2 pad clearance violations, 1 courtyard conflict. Move the components apart.
R61 overlaps R7: 2 footprint overlaps, 2 pad clearance violations, 1 courtyard conflict. Move the components apart.
R61 overlaps R8: 2 footprint overlaps, 2 pad clearance violations, 1 courtyard conflict. Move the components apart.
R61 overlaps R9: 1 footprint overlap, 1 pad clearance violation, 1 courtyard conflict. Move the components apart.
R61 overlaps R10: 2 footprint overlaps, 2 pad clearance violations, 1 courtyard conflict. Move the components apart.
R61 overlaps R11: 2 footprint overlaps, 2 pad clearance violations, 1 courtyard conflict. Move the components apart.
R61 overlaps R12: 1 footprint overlap, 1 pad clearance violation, 1 courtyard conflict. Move the components apart.
R61 overlaps R13: 1 footprint overlap, 1 pad clearance violation, 1 courtyard conflict. Move the components apart.
R61 overlaps R16: 2 footprint overlaps, 2 pad clearance violations, 1 courtyard conflict. Move the components apart.
R61 overlaps C9: 1 footprint overlap, 1 pad clearance violation, 1 courtyard conflict. Move the components apart.
R61 overlaps C10: 1 footprint overlap, 1 pad clearance violation, 1 courtyard conflict. Move the components apart.
R61 overlaps C11: 1 footprint overlap, 1 pad clearance violation, 1 courtyard conflict. Move the components apart.
R61 overlaps U5: 1 footprint overlap, 1 pad clearance violation, 1 courtyard conflict. Move the components apart.
R61 overlaps C12: 2 footprint overlaps, 2 pad clearance violations, 1 courtyard conflict. Move the components apart.
R61 overlaps C13: 1 footprint overlap, 1 pad clearance violation, 1 courtyard conflict. Move the components apart.
R61 overlaps C14: 1 footprint overlap, 1 pad clearance violation, 1 courtyard conflict. Move the components apart.
R61 overlaps C15: 1 footprint overlap, 1 pad clearance violation, 1 courtyard conflict. Move the components apart.
R61 overlaps C16: 1 footprint overlap, 1 pad clearance violation, 1 courtyard conflict. Move the components apart.
R61 overlaps C17: 1 footprint overlap, 1 pad clearance violation, 1 courtyard conflict. Move the components apart.
R61 overlaps R17: 1 footprint overlap, 1 pad clearance violation, 1 courtyard conflict. Move the components apart.
R61 overlaps R18: 2 footprint overlaps, 2 pad clearance violations, 1 courtyard conflict. Move the components apart.
R61 overlaps R55: 2 footprint overlaps, 2 pad clearance violations, 1 courtyard conflict. Move the components apart.
R61 overlaps R19: 1 footprint overlap, 1 pad clearance violation, 1 courtyard conflict. Move the components apart.
R61 overlaps R20: 2 footprint overlaps, 2 pad clearance violations, 1 courtyard conflict. Move the components apart.
R61 overlaps R21: 2 footprint overlaps, 2 pad clearance violations, 1 courtyard conflict. Move the components apart.
R61 overlaps R22: 2 footprint overlaps, 2 pad clearance violations, 1 courtyard conflict. Move the components apart.
R61 overlaps C19: 1 footprint overlap, 1 pad clearance violation, 1 courtyard conflict. Move the components apart.
R61 overlaps C20: 1 footprint overlap, 1 pad clearance violation, 1 courtyard conflict. Move the components apart.
R61 overlaps R23: 2 footprint overlaps, 2 pad clearance violations, 1 courtyard conflict. Move the components apart.
R61 overlaps R68: 1 footprint overlap, 1 pad clearance violation, 1 courtyard conflict. Move the components apart.
R61 overlaps R24: 1 footprint overlap, 1 pad clearance violation, 1 courtyard conflict. Move the components apart.
R61 overlaps R25: 2 footprint overlaps, 2 pad clearance violations, 1 courtyard conflict. Move the components apart.
R61 overlaps D6: 2 footprint overlaps, 2 pad clearance violations, 1 courtyard conflict. Move the components apart.
R61 overlaps D7: 2 footprint overlaps, 2 pad clearance violations, 1 courtyard conflict. Move the components apart.
R61 overlaps R26: 2 footprint overlaps, 2 pad clearance violations, 1 courtyard conflict. Move the components apart.
R61 overlaps C21: 1 footprint overlap, 1 pad clearance violation, 1 courtyard conflict. Move the components apart.
R61 overlaps C22: 1 footprint overlap, 1 pad clearance violation, 1 courtyard conflict. Move the components apart.
R61 overlaps C23: 1 footprint overlap, 1 pad clearance violation, 1 courtyard conflict. Move the components apart.
R61 overlaps R29: 2 footprint overlaps, 2 pad clearance violations, 1 courtyard conflict. Move the components apart.
R61 overlaps R30: 2 footprint overlaps, 2 pad clearance violations, 1 courtyard conflict. Move the components apart.
R61 overlaps LED2: 1 footprint overlap, 1 pad clearance violation, 1 courtyard conflict. Move the components apart.
R61 overlaps LED3: 1 footprint overlap, 1 pad clearance violation, 1 courtyard conflict. Move the components apart.
U8 overlaps R61: 1 footprint overlap, 1 pad clearance violation, 1 courtyard conflict. Move the components apart.
R31 overlaps R61: 2 footprint overlaps, 2 pad clearance violations, 1 courtyard conflict. Move the components apart.
R32 overlaps R61: 2 footprint overlaps, 2 pad clearance violations, 1 courtyard conflict. Move the components apart.
R33 overlaps R61: 1 footprint overlap, 1 pad clearance violation, 1 courtyard conflict. Move the components apart.
R34 overlaps R61: 2 footprint overlaps, 2 pad clearance violations, 1 courtyard conflict. Move the components apart.
D8 overlaps R61: 2 footprint overlaps, 2 pad clearance violations, 1 courtyard conflict. Move the components apart.
R39 overlaps R61: 2 footprint overlaps, 2 pad clearance violations, 1 courtyard conflict. Move the components apart.
R65 overlaps R61: 1 footprint overlap, 1 pad clearance violation, 1 courtyard conflict. Move the components apart.
R40 overlaps R61: 2 footprint overlaps, 2 pad clearance violations, 1 courtyard conflict. Move the components apart.
C25 overlaps R61: 1 footprint overlap, 1 pad clearance violation, 1 courtyard conflict. Move the components apart.
U10 overlaps R61: 1 footprint overlap, 1 pad clearance violation, 1 courtyard conflict. Move the components apart.
R50 overlaps R61: 1 footprint overlap, 1 pad clearance violation, 1 courtyard conflict. Move the components apart.
R51 overlaps R61: 2 footprint overlaps, 2 pad clearance violations, 1 courtyard conflict. Move the components apart.
C26 overlaps R61: 2 footprint overlaps, 2 pad clearance violations, 1 courtyard conflict. Move the components apart.
C27 overlaps R61: 2 footprint overlaps, 2 pad clearance violations, 1 courtyard conflict. Move the components apart.
C28 overlaps R61: 1 footprint overlap, 1 pad clearance violation, 1 courtyard conflict. Move the components apart.
C29 overlaps R61: 1 footprint overlap, 1 pad clearance violation, 1 courtyard conflict. Move the components apart.
R54 overlaps R61: 2 footprint overlaps, 2 pad clearance violations, 1 courtyard conflict. Move the components apart.
LED1 overlaps R61: 1 footprint overlap, 1 pad clearance violation, 1 courtyard conflict. Move the components apart.
Q2 overlaps R61: 1 footprint overlap, 1 pad clearance violation, 1 courtyard conflict. Move the components apart.
R41 overlaps R61: 2 footprint overlaps, 2 pad clearance violations, 1 courtyard conflict. Move the components apart.
R42 overlaps R61: 2 footprint overlaps, 2 pad clearance violations, 1 courtyard conflict. Move the components apart.
R43 overlaps R61: 2 footprint overlaps, 2 pad clearance violations, 1 courtyard conflict. Move the components apart.
R44 overlaps R61: 1 footprint overlap, 1 pad clearance violation, 1 courtyard conflict. Move the components apart.
Q3 overlaps R61: 1 footprint overlap, 1 pad clearance violation, 1 courtyard conflict. Move the components apart.
Q4 overlaps R61: 1 footprint overlap, 1 pad clearance violation, 1 courtyard conflict. Move the components apart.
R49 overlaps R61: 2 footprint overlaps, 2 pad clearance violations, 1 courtyard conflict. Move the components apart.
Q5 overlaps R61: 1 footprint overlap, 1 pad clearance violation, 1 courtyard conflict. Move the components apart.
R61 overlaps SW1: 3 footprint overlaps, 2 pad clearance violations, 1 courtyard conflict. Move the components apart.
J2 overlaps R61: 2 footprint overlaps, 2 pad clearance violations, 1 courtyard conflict. Move the components apart.
C33 overlaps R62: 2 footprint overlaps, 2 pad clearance violations, 1 courtyard conflict. Move the components apart.
C33 overlaps Q7: 1 footprint overlap, 1 pad clearance violation, 1 courtyard conflict. Move the components apart.
C33 overlaps Q8: 1 footprint overlap, 1 pad clearance violation, 1 courtyard conflict. Move the components apart.
C33 overlaps R63: 1 footprint overlap, 1 pad clearance violation, 1 courtyard conflict. Move the components apart.
C33 overlaps R64: 1 footprint overlap, 1 pad clearance violation, 1 courtyard conflict. Move the components apart.
C33 overlaps R66: 2 footprint overlaps, 2 pad clearance violations, 1 courtyard conflict. Move the components apart.
C33 overlaps R67: 1 footprint overlap, 1 pad clearance violation, 1 courtyard conflict. Move the components apart.
C33 overlaps C34: 1 footprint overlap, 1 pad clearance violation, 1 courtyard conflict. Move the components apart.
C33 overlaps U4: 1 footprint overlap, 1 pad clearance violation, 1 courtyard conflict. Move the components apart.
C33 overlaps Q1: 1 footprint overlap, 1 pad clearance violation, 1 courtyard conflict. Move the components apart.
C33 overlaps R5: 2 footprint overlaps, 2 pad clearance violations, 1 courtyard conflict. Move the components apart.
C33 overlaps R6: 2 footprint overlaps, 2 pad clearance violations, 1 courtyard conflict. Move the components apart.
C33 overlaps R7: 2 footprint overlaps, 2 pad clearance violations, 1 courtyard conflict. Move the components apart.
C33 overlaps R8: 2 footprint overlaps, 2 pad clearance violations, 1 courtyard conflict. Move the components apart.
C33 overlaps R9: 1 footprint overlap, 1 pad clearance violation, 1 courtyard conflict. Move the components apart.
C33 overlaps R10: 2 footprint overlaps, 2 pad clearance violations, 1 courtyard conflict. Move the components apart.
C33 overlaps R11: 2 footprint overlaps, 2 pad clearance violations, 1 courtyard conflict. Move the components apart.
C33 overlaps R12: 1 footprint overlap, 1 pad clearance violation, 1 courtyard conflict. Move the components apart.
C33 overlaps R13: 1 footprint overlap, 1 pad clearance violation, 1 courtyard conflict. Move the components apart.
C33 overlaps R16: 2 footprint overlaps, 2 pad clearance violations, 1 courtyard conflict. Move the components apart.
C33 overlaps C9: 1 footprint overlap, 1 pad clearance violation, 1 courtyard conflict. Move the components apart.
C33 overlaps C10: 1 footprint overlap, 1 pad clearance violation, 1 courtyard conflict. Move the components apart.
C33 overlaps C11: 1 footprint overlap, 1 pad clearance violation, 1 courtyard conflict. Move the components apart.
C33 overlaps U5: 1 footprint overlap, 1 pad clearance violation, 1 courtyard conflict. Move the components apart.
C33 overlaps C12: 2 footprint overlaps, 2 pad clearance violations, 1 courtyard conflict. Move the components apart.
C33 overlaps C13: 1 footprint overlap, 1 pad clearance violation, 1 courtyard conflict. Move the components apart.
C33 overlaps C14: 1 footprint overlap, 1 pad clearance violation, 1 courtyard conflict. Move the components apart.
C33 overlaps C15: 1 footprint overlap, 1 pad clearance violation, 1 courtyard conflict. Move the components apart.
C33 overlaps C16: 1 footprint overlap, 1 pad clearance violation, 1 courtyard conflict. Move the components apart.
C33 overlaps C17: 1 footprint overlap, 1 pad clearance violation, 1 courtyard conflict. Move the components apart.
C33 overlaps R17: 1 footprint overlap, 1 pad clearance violation, 1 courtyard conflict. Move the components apart.
C33 overlaps R18: 2 footprint overlaps, 2 pad clearance violations, 1 courtyard conflict. Move the components apart.
C33 overlaps R55: 2 footprint overlaps, 2 pad clearance violations, 1 courtyard conflict. Move the components apart.
C33 overlaps R19: 1 footprint overlap, 1 pad clearance violation, 1 courtyard conflict. Move the components apart.
C33 overlaps R20: 2 footprint overlaps, 2 pad clearance violations, 1 courtyard conflict. Move the components apart.
C33 overlaps R21: 2 footprint overlaps, 2 pad clearance violations, 1 courtyard conflict. Move the components apart.
C33 overlaps R22: 2 footprint overlaps, 2 pad clearance violations, 1 courtyard conflict. Move the components apart.
C33 overlaps C19: 1 footprint overlap, 1 pad clearance violation, 1 courtyard conflict. Move the components apart.
C33 overlaps C20: 1 footprint overlap, 1 pad clearance violation, 1 courtyard conflict. Move the components apart.
C33 overlaps R23: 2 footprint overlaps, 2 pad clearance violations, 1 courtyard conflict. Move the components apart.
C33 overlaps R68: 1 footprint overlap, 1 pad clearance violation, 1 courtyard conflict. Move the components apart.
C33 overlaps R24: 1 footprint overlap, 1 pad clearance violation, 1 courtyard conflict. Move the components apart.
C33 overlaps R25: 2 footprint overlaps, 2 pad clearance violations, 1 courtyard conflict. Move the components apart.
C33 overlaps D6: 2 footprint overlaps, 2 pad clearance violations, 1 courtyard conflict. Move the components apart.
C33 overlaps D7: 2 footprint overlaps, 2 pad clearance violations, 1 courtyard conflict. Move the components apart.
C33 overlaps R26: 2 footprint overlaps, 2 pad clearance violations, 1 courtyard conflict. Move the components apart.
C33 overlaps C21: 1 footprint overlap, 1 pad clearance violation, 1 courtyard conflict. Move the components apart.
C33 overlaps C22: 1 footprint overlap, 1 pad clearance violation, 1 courtyard conflict. Move the components apart.
C33 overlaps C23: 1 footprint overlap, 1 pad clearance violation, 1 courtyard conflict. Move the components apart.
C33 overlaps R29: 2 footprint overlaps, 2 pad clearance violations, 1 courtyard conflict. Move the components apart.
C33 overlaps R30: 2 footprint overlaps, 2 pad clearance violations, 1 courtyard conflict. Move the components apart.
C33 overlaps LED2: 1 footprint overlap, 1 pad clearance violation, 1 courtyard conflict. Move the components apart.
C33 overlaps LED3: 1 footprint overlap, 1 pad clearance violation, 1 courtyard conflict. Move the components apart.
U8 overlaps C33: 1 footprint overlap, 1 pad clearance violation, 1 courtyard conflict. Move the components apart.
R31 overlaps C33: 2 footprint overlaps, 2 pad clearance violations, 1 courtyard conflict. Move the components apart.
R32 overlaps C33: 2 footprint overlaps, 2 pad clearance violations, 1 courtyard conflict. Move the components apart.
R33 overlaps C33: 1 footprint overlap, 1 pad clearance violation, 1 courtyard conflict. Move the components apart.
R34 overlaps C33: 2 footprint overlaps, 2 pad clearance violations, 1 courtyard conflict. Move the components apart.
D8 overlaps C33: 2 footprint overlaps, 2 pad clearance violations, 1 courtyard conflict. Move the components apart.
R39 overlaps C33: 2 footprint overlaps, 2 pad clearance violations, 1 courtyard conflict. Move the components apart.
R65 overlaps C33: 1 footprint overlap, 1 pad clearance violation, 1 courtyard conflict. Move the components apart.
R40 overlaps C33: 2 footprint overlaps, 2 pad clearance violations, 1 courtyard conflict. Move the components apart.
C25 overlaps C33: 1 footprint overlap, 1 pad clearance violation, 1 courtyard conflict. Move the components apart.
U10 overlaps C33: 1 footprint overlap, 1 pad clearance violation, 1 courtyard conflict. Move the components apart.
R50 overlaps C33: 1 footprint overlap, 1 pad clearance violation, 1 courtyard conflict. Move the components apart.
R51 overlaps C33: 2 footprint overlaps, 2 pad clearance violations, 1 courtyard conflict. Move the components apart.
C26 overlaps C33: 2 footprint overlaps, 2 pad clearance violations, 1 courtyard conflict. Move the components apart.
C27 overlaps C33: 2 footprint overlaps, 2 pad clearance violations, 1 courtyard conflict. Move the components apart.
C28 overlaps C33: 1 footprint overlap, 1 pad clearance violation, 1 courtyard conflict. Move the components apart.
C29 overlaps C33: 1 footprint overlap, 1 pad clearance violation, 1 courtyard conflict. Move the components apart.
R54 overlaps C33: 2 footprint overlaps, 2 pad clearance violations, 1 courtyard conflict. Move the components apart.
LED1 overlaps C33: 1 footprint overlap, 1 pad clearance violation, 1 courtyard conflict. Move the components apart.
Q2 overlaps C33: 1 footprint overlap, 1 pad clearance violation, 1 courtyard conflict. Move the components apart.
R41 overlaps C33: 2 footprint overlaps, 2 pad clearance violations, 1 courtyard conflict. Move the components apart.
R42 overlaps C33: 2 footprint overlaps, 2 pad clearance violations, 1 courtyard conflict. Move the components apart.
R43 overlaps C33: 2 footprint overlaps, 2 pad clearance violations, 1 courtyard conflict. Move the components apart.
R44 overlaps C33: 1 footprint overlap, 1 pad clearance violation, 1 courtyard conflict. Move the components apart.
Q3 overlaps C33: 1 footprint overlap, 1 pad clearance violation, 1 courtyard conflict. Move the components apart.
Q4 overlaps C33: 1 footprint overlap, 1 pad clearance violation, 1 courtyard conflict. Move the components apart.
R49 overlaps C33: 2 footprint overlaps, 2 pad clearance violations, 1 courtyard conflict. Move the components apart.
Q5 overlaps C33: 1 footprint overlap, 1 pad clearance violation, 1 courtyard conflict. Move the components apart.
C33 overlaps SW1: 3 footprint overlaps, 2 pad clearance violations, 1 courtyard conflict. Move the components apart.
J2 overlaps C33: 2 footprint overlaps, 1 courtyard conflict. Move the components apart.
R62 overlaps Q7: 1 footprint overlap, 1 pad clearance violation, 1 courtyard conflict. Move the components apart.
R62 overlaps Q8: 1 footprint overlap, 1 pad clearance violation, 1 courtyard conflict. Move the components apart.
R62 overlaps R63: 2 footprint overlaps, 2 pad clearance violations, 1 courtyard conflict. Move the components apart.
R62 overlaps R64: 2 footprint overlaps, 2 pad clearance violations, 1 courtyard conflict. Move the components apart.
R62 overlaps R66: 2 footprint overlaps, 2 pad clearance violations, 1 courtyard conflict. Move the components apart.
R62 overlaps R67: 2 footprint overlaps, 2 pad clearance violations, 1 courtyard conflict. Move the components apart.
R62 overlaps C34: 2 footprint overlaps, 2 pad clearance violations, 1 courtyard conflict. Move the components apart.
R62 overlaps U4: 2 footprint overlaps, 2 pad clearance violations, 1 courtyard conflict. Move the components apart.
R62 overlaps Q1: 1 footprint overlap, 1 pad clearance violation, 1 courtyard conflict. Move the components apart.
R62 overlaps R5: 1 footprint overlap, 1 pad clearance violation, 1 courtyard conflict. Move the components apart.
R62 overlaps R6: 2 footprint overlaps, 2 pad clearance violations, 1 courtyard conflict. Move the components apart.
R62 overlaps R7: 2 footprint overlaps, 2 pad clearance violations, 1 courtyard conflict. Move the components apart.
R62 overlaps R8: 2 footprint overlaps, 2 pad clearance violations, 1 courtyard conflict. Move the components apart.
R62 overlaps R9: 2 footprint overlaps, 2 pad clearance violations, 1 courtyard conflict. Move the components apart.
R62 overlaps R10: 2 footprint overlaps, 2 pad clearance violations, 1 courtyard conflict. Move the components apart.
R62 overlaps R11: 2 footprint overlaps, 2 pad clearance violations, 1 courtyard conflict. Move the components apart.
R62 overlaps R12: 2 footprint overlaps, 2 pad clearance violations, 1 courtyard conflict. Move the components apart.
R62 overlaps R13: 2 footprint overlaps, 2 pad clearance violations, 1 courtyard conflict. Move the components apart.
R62 overlaps R16: 1 footprint overlap, 1 pad clearance violation, 1 courtyard conflict. Move the components apart.
R62 overlaps C9: 2 footprint overlaps, 2 pad clearance violations, 1 courtyard conflict. Move the components apart.
R62 overlaps C10: 2 footprint overlaps, 2 pad clearance violations, 1 courtyard conflict. Move the components apart.
R62 overlaps C11: 2 footprint overlaps, 2 pad clearance violations, 1 courtyard conflict. Move the components apart.
R62 overlaps U5: 2 footprint overlaps, 2 pad clearance violations, 1 courtyard conflict. Move the components apart.
R62 overlaps C12: 2 footprint overlaps, 2 pad clearance violations, 1 courtyard conflict. Move the components apart.
R62 overlaps C13: 2 footprint overlaps, 2 pad clearance violations, 1 courtyard conflict. Move the components apart.
R62 overlaps C14: 2 footprint overlaps, 2 pad clearance violations, 1 courtyard conflict. Move the components apart.
R62 overlaps C15: 2 footprint overlaps, 2 pad clearance violations, 1 courtyard conflict. Move the components apart.
R62 overlaps C16: 2 footprint overlaps, 2 pad clearance violations, 1 courtyard conflict. Move the components apart.
R62 overlaps C17: 2 footprint overlaps, 2 pad clearance violations, 1 courtyard conflict. Move the components apart.
R62 overlaps R17: 2 footprint overlaps, 2 pad clearance violations, 1 courtyard conflict. Move the components apart.
R62 overlaps R18: 2 footprint overlaps, 2 pad clearance violations, 1 courtyard conflict. Move the components apart.
R62 overlaps R55: 2 footprint overlaps, 2 pad clearance violations, 1 courtyard conflict. Move the components apart.
R62 overlaps R19: 2 footprint overlaps, 2 pad clearance violations, 1 courtyard conflict. Move the components apart.
R62 overlaps R20: 2 footprint overlaps, 2 pad clearance violations, 1 courtyard conflict. Move the components apart.
R62 overlaps R21: 2 footprint overlaps, 2 pad clearance violations, 1 courtyard conflict. Move the components apart.
R62 overlaps R22: 2 footprint overlaps, 2 pad clearance violations, 1 courtyard conflict. Move the components apart.
R62 overlaps C19: 2 footprint overlaps, 2 pad clearance violations, 1 courtyard conflict. Move the components apart.
R62 overlaps C20: 2 footprint overlaps, 2 pad clearance violations, 1 courtyard conflict. Move the components apart.
R62 overlaps R23: 2 footprint overlaps, 2 pad clearance violations, 1 courtyard conflict. Move the components apart.
R62 overlaps R68: 2 footprint overlaps, 2 pad clearance violations, 1 courtyard conflict. Move the components apart.
R62 overlaps R24: 2 footprint overlaps, 2 pad clearance violations, 1 courtyard conflict. Move the components apart.
R62 overlaps R25: 1 footprint overlap, 1 pad clearance violation, 1 courtyard conflict. Move the components apart.
R62 overlaps D6: 2 footprint overlaps, 2 pad clearance violations, 1 courtyard conflict. Move the components apart.
R62 overlaps D7: 2 footprint overlaps, 2 pad clearance violations, 1 courtyard conflict. Move the components apart.
R62 overlaps R26: 2 footprint overlaps, 2 pad clearance violations, 1 courtyard conflict. Move the components apart.
R62 overlaps C21: 2 footprint overlaps, 2 pad clearance violations, 1 courtyard conflict. Move the components apart.
R62 overlaps C22: 2 footprint overlaps, 2 pad clearance violations, 1 courtyard conflict. Move the components apart.
R62 overlaps C23: 1 footprint overlap, 1 pad clearance violation, 1 courtyard conflict. Move the components apart.
R62 overlaps R29: 2 footprint overlaps, 2 pad clearance violations, 1 courtyard conflict. Move the components apart.
R62 overlaps R30: 2 footprint overlaps, 2 pad clearance violations, 1 courtyard conflict. Move the components apart.
R62 overlaps LED2: 2 footprint overlaps, 2 pad clearance violations, 1 courtyard conflict. Move the components apart.
R62 overlaps LED3: 2 footprint overlaps, 2 pad clearance violations, 1 courtyard conflict. Move the components apart.
U8 overlaps R62: 1 footprint overlap, 1 pad clearance violation, 1 courtyard conflict. Move the components apart.
R31 overlaps R62: 2 footprint overlaps, 2 pad clearance violations, 1 courtyard conflict. Move the components apart.
R32 overlaps R62: 2 footprint overlaps, 2 pad clearance violations, 1 courtyard conflict. Move the components apart.
R33 overlaps R62: 2 footprint overlaps, 2 pad clearance violations, 1 courtyard conflict. Move the components apart.
R34 overlaps R62: 1 footprint overlap, 1 pad clearance violation, 1 courtyard conflict. Move the components apart.
D8 overlaps R62: 2 footprint overlaps, 2 pad clearance violations, 1 courtyard conflict. Move the components apart.
R39 overlaps R62: 2 footprint overlaps, 2 pad clearance violations, 1 courtyard conflict. Move the components apart.
R65 overlaps R62: 2 footprint overlaps, 2 pad clearance violations, 1 courtyard conflict. Move the components apart.
R40 overlaps R62: 2 footprint overlaps, 2 pad clearance violations, 1 courtyard conflict. Move the components apart.
C25 overlaps R62: 2 footprint overlaps, 2 pad clearance violations, 1 courtyard conflict. Move the components apart.
U10 overlaps R62: 2 footprint overlaps, 2 pad clearance violations, 1 courtyard conflict. Move the components apart.
R50 overlaps R62: 2 footprint overlaps, 2 pad clearance violations, 1 courtyard conflict. Move the components apart.
R51 overlaps R62: 1 footprint overlap, 1 pad clearance violation, 1 courtyard conflict. Move the components apart.
C26 overlaps R62: 2 footprint overlaps, 2 pad clearance violations, 1 courtyard conflict. Move the components apart.
C27 overlaps R62: 2 footprint overlaps, 2 pad clearance violations, 1 courtyard conflict. Move the components apart.
C28 overlaps R62: 2 footprint overlaps, 2 pad clearance violations, 1 courtyard conflict. Move the components apart.
C29 overlaps R62: 2 footprint overlaps, 2 pad clearance violations, 1 courtyard conflict. Move the components apart.
R54 overlaps R62: 2 footprint overlaps, 2 pad clearance violations, 1 courtyard conflict. Move the components apart.
LED1 overlaps R62: 2 footprint overlaps, 2 pad clearance violations, 1 courtyard conflict. Move the components apart.
Q2 overlaps R62: 1 footprint overlap, 1 pad clearance violation, 1 courtyard conflict. Move the components apart.
R41 overlaps R62: 2 footprint overlaps, 2 pad clearance violations, 1 courtyard conflict. Move the components apart.
R42 overlaps R62: 2 footprint overlaps, 2 pad clearance violations, 1 courtyard conflict. Move the components apart.
R43 overlaps R62: 2 footprint overlaps, 2 pad clearance violations, 1 courtyard conflict. Move the components apart.
R44 overlaps R62: 2 footprint overlaps, 2 pad clearance violations, 1 courtyard conflict. Move the components apart.
Q3 overlaps R62: 1 footprint overlap, 1 pad clearance violation, 1 courtyard conflict. Move the components apart.
Q4 overlaps R62: 1 footprint overlap, 1 pad clearance violation, 1 courtyard conflict. Move the components apart.
R49 overlaps R62: 2 footprint overlaps, 2 pad clearance violations, 1 courtyard conflict. Move the components apart.
Q5 overlaps R62: 1 footprint overlap, 1 pad clearance violation, 1 courtyard conflict. Move the components apart.
R62 overlaps SW1: 3 footprint overlaps, 2 pad clearance violations, 1 courtyard conflict. Move the components apart.
J2 overlaps R62: 2 footprint overlaps, 2 pad clearance violations, 1 courtyard conflict. Move the components apart.
Q7 overlaps Q8: 2 footprint overlaps, 2 pad clearance violations, 1 courtyard conflict. Move the components apart.
Q7 overlaps R63: 1 footprint overlap, 1 pad clearance violation, 1 courtyard conflict. Move the components apart.
Q7 overlaps R64: 1 footprint overlap, 1 pad clearance violation, 1 courtyard conflict. Move the components apart.
Q7 overlaps R66: 1 footprint overlap, 1 pad clearance violation, 1 courtyard conflict. Move the components apart.
Q7 overlaps R67: 1 footprint overlap, 1 pad clearance violation, 1 courtyard conflict. Move the components apart.
Q7 overlaps C34: 1 footprint overlap, 1 pad clearance violation, 1 courtyard conflict. Move the components apart.
Q7 overlaps D4: 3 footprint overlaps, 3 pad clearance violations, 1 courtyard conflict. Move the components apart.
Q7 overlaps U4: 2 footprint overlaps, 2 pad clearance violations, 1 courtyard conflict. Move the components apart.
Q7 overlaps Q1: 2 footprint overlaps, 2 pad clearance violations, 1 courtyard conflict. Move the components apart.
Q7 overlaps R5: 1 footprint overlap, 1 pad clearance violation, 1 courtyard conflict. Move the components apart.
Q7 overlaps R6: 1 footprint overlap, 1 pad clearance violation, 1 courtyard conflict. Move the components apart.
Q7 overlaps R7: 1 footprint overlap, 1 pad clearance violation, 1 courtyard conflict. Move the components apart.
Q7 overlaps R8: 1 footprint overlap, 1 pad clearance violation, 1 courtyard conflict. Move the components apart.
Q7 overlaps R9: 1 footprint overlap, 1 pad clearance violation, 1 courtyard conflict. Move the components apart.
Q7 overlaps R10: 1 footprint overlap, 1 pad clearance violation, 1 courtyard conflict. Move the components apart.
Q7 overlaps R11: 1 footprint overlap, 1 pad clearance violation, 1 courtyard conflict. Move the components apart.
Q7 overlaps R12: 1 footprint overlap, 1 pad clearance violation, 1 courtyard conflict. Move the components apart.
Q7 overlaps R13: 1 footprint overlap, 1 pad clearance violation, 1 courtyard conflict. Move the components apart.
Q7 overlaps R16: 1 footprint overlap, 1 pad clearance violation, 1 courtyard conflict. Move the components apart.
Q7 overlaps C9: 1 footprint overlap, 1 pad clearance violation, 1 courtyard conflict. Move the components apart.
Q7 overlaps C10: 1 footprint overlap, 1 pad clearance violation, 1 courtyard conflict. Move the components apart.
Q7 overlaps C11: 2 footprint overlaps, 2 pad clearance violations, 1 courtyard conflict. Move the components apart.
Q7 overlaps U5: 2 footprint overlaps, 2 pad clearance violations, 1 courtyard conflict. Move the components apart.
Q7 overlaps D5: 2 footprint overlaps, 2 pad clearance violations, 1 courtyard conflict. Move the components apart.
Q7 overlaps C12: 1 footprint overlap, 1 pad clearance violation, 1 courtyard conflict. Move the components apart.
Q7 overlaps C13: 2 footprint overlaps, 2 pad clearance violations, 1 courtyard conflict. Move the components apart.
Q7 overlaps C14: 2 footprint overlaps, 2 pad clearance violations, 1 courtyard conflict. Move the components apart.
Q7 overlaps C15: 1 footprint overlap, 1 pad clearance violation, 1 courtyard conflict. Move the components apart.
Q7 overlaps C16: 2 footprint overlaps, 2 pad clearance violations, 1 courtyard conflict. Move the components apart.
Q7 overlaps C17: 2 footprint overlaps, 2 pad clearance violations, 1 courtyard conflict. Move the components apart.
Q7 overlaps R17: 1 footprint overlap, 1 pad clearance violation, 1 courtyard conflict. Move the components apart.
Q7 overlaps R18: 1 footprint overlap, 1 pad clearance violation, 1 courtyard conflict. Move the components apart.
Q7 overlaps R55: 1 footprint overlap, 1 pad clearance violation, 1 courtyard conflict. Move the components apart.
Q7 overlaps R19: 1 footprint overlap, 1 pad clearance violation, 1 courtyard conflict. Move the components apart.
Q7 overlaps R20: 1 footprint overlap, 1 pad clearance violation, 1 courtyard conflict. Move the components apart.
Q7 overlaps R21: 1 footprint overlap, 1 pad clearance violation, 1 courtyard conflict. Move the components apart.
Q7 overlaps R22: 1 footprint overlap, 1 pad clearance violation, 1 courtyard conflict. Move the components apart.
Q7 overlaps C19: 1 footprint overlap, 1 pad clearance violation, 1 courtyard conflict. Move the components apart.
Q7 overlaps C20: 1 footprint overlap, 1 pad clearance violation, 1 courtyard conflict. Move the components apart.
Q7 overlaps R23: 1 footprint overlap, 1 pad clearance violation, 1 courtyard conflict. Move the components apart.
Q7 overlaps R68: 2 footprint overlaps, 2 pad clearance violations, 1 courtyard conflict. Move the components apart.
Q7 overlaps R24: 1 footprint overlap, 1 pad clearance violation, 1 courtyard conflict. Move the components apart.
Q7 overlaps R25: 1 footprint overlap, 1 pad clearance violation, 1 courtyard conflict. Move the components apart.
Q7 overlaps D6: 1 footprint overlap, 1 pad clearance violation, 1 courtyard conflict. Move the components apart.
Q7 overlaps D7: 1 footprint overlap, 1 pad clearance violation, 1 courtyard conflict. Move the components apart.
Q7 overlaps R26: 1 footprint overlap, 1 pad clearance violation, 1 courtyard conflict. Move the components apart.
Q7 overlaps C21: 1 footprint overlap, 1 pad clearance violation, 1 courtyard conflict. Move the components apart.
Q7 overlaps C22: 1 footprint overlap, 1 pad clearance violation, 1 courtyard conflict. Move the components apart.
Q7 overlaps C23: 1 footprint overlap, 1 pad clearance violation, 1 courtyard conflict. Move the components apart.
Q7 overlaps R29: 1 footprint overlap, 1 pad clearance violation, 1 courtyard conflict. Move the components apart.
Q7 overlaps R30: 1 footprint overlap, 1 pad clearance violation, 1 courtyard conflict. Move the components apart.
Q7 overlaps LED2: 1 footprint overlap, 1 pad clearance violation, 1 courtyard conflict. Move the components apart.
Q7 overlaps LED3: 1 footprint overlap, 1 pad clearance violation, 1 courtyard conflict. Move the components apart.
U8 overlaps Q7: 3 footprint overlaps, 3 pad clearance violations, 1 courtyard conflict. Move the components apart.
R31 overlaps Q7: 1 footprint overlap, 1 pad clearance violation, 1 courtyard conflict. Move the components apart.
R32 overlaps Q7: 1 footprint overlap, 1 pad clearance violation, 1 courtyard conflict. Move the components apart.
R33 overlaps Q7: 1 footprint overlap, 1 pad clearance violation, 1 courtyard conflict. Move the components apart.
R34 overlaps Q7: 1 footprint overlap, 1 pad clearance violation, 1 courtyard conflict. Move the components apart.
D8 overlaps Q7: 1 footprint overlap, 1 pad clearance violation, 1 courtyard conflict. Move the components apart.
R39 overlaps Q7: 1 footprint overlap, 1 pad clearance violation, 1 courtyard conflict. Move the components apart.
R65 overlaps Q7: 1 footprint overlap, 1 pad clearance violation, 1 courtyard conflict. Move the components apart.
R40 overlaps Q7: 1 footprint overlap, 1 pad clearance violation, 1 courtyard conflict. Move the components apart.
C25 overlaps Q7: 1 footprint overlap, 1 pad clearance violation, 1 courtyard conflict. Move the components apart.
U10 overlaps Q7: 2 footprint overlaps, 2 pad clearance violations, 1 courtyard conflict. Move the components apart.
R50 overlaps Q7: 1 footprint overlap, 1 pad clearance violation, 1 courtyard conflict. Move the components apart.
R51 overlaps Q7: 1 footprint overlap, 1 pad clearance violation, 1 courtyard conflict. Move the components apart.
C26 overlaps Q7: 1 footprint overlap, 1 pad clearance violation, 1 courtyard conflict. Move the components apart.
C27 overlaps Q7: 1 footprint overlap, 1 pad clearance violation, 1 courtyard conflict. Move the components apart.
C28 overlaps Q7: 1 footprint overlap, 1 pad clearance violation, 1 courtyard conflict. Move the components apart.
C29 overlaps Q7: 2 footprint overlaps, 2 pad clearance violations, 1 courtyard conflict. Move the components apart.
D10 overlaps Q7: 3 footprint overlaps, 3 pad clearance violations, 1 courtyard conflict. Move the components apart.
D11 overlaps Q7: 2 footprint overlaps, 2 pad clearance violations, 1 courtyard conflict. Move the components apart.
R54 overlaps Q7: 1 footprint overlap, 1 pad clearance violation, 1 courtyard conflict. Move the components apart.
LED1 overlaps Q7: 1 footprint overlap, 1 pad clearance violation, 1 courtyard conflict. Move the components apart.
Q2 overlaps Q7: 3 footprint overlaps, 3 pad clearance violations, 1 courtyard conflict. Move the components apart.
R41 overlaps Q7: 1 footprint overlap, 1 pad clearance violation, 1 courtyard conflict. Move the components apart.
R42 overlaps Q7: 1 footprint overlap, 1 pad clearance violation, 1 courtyard conflict. Move the components apart.
R43 overlaps Q7: 1 footprint overlap, 1 pad clearance violation, 1 courtyard conflict. Move the components apart.
R44 overlaps Q7: 1 footprint overlap, 1 pad clearance violation, 1 courtyard conflict. Move the components apart.
D9 overlaps Q7: 1 footprint overlap, 2 pad clearance violations, 1 courtyard conflict. Move the components apart.
Q3 overlaps Q7: 2 footprint overlaps, 2 pad clearance violations, 1 courtyard conflict. Move the components apart.
Q4 overlaps Q7: 2 footprint overlaps, 2 pad clearance violations, 1 courtyard conflict. Move the components apart.
R49 overlaps Q7: 1 footprint overlap, 1 pad clearance violation, 1 courtyard conflict. Move the components apart.
Q5 overlaps Q7: 2 footprint overlaps, 2 pad clearance violations, 1 courtyard conflict. Move the components apart.
Q7 overlaps SW1: 4 footprint overlaps, 3 pad clearance violations, 1 courtyard conflict. Move the components apart.
J2 overlaps Q7: 5 footprint overlaps, 3 pad clearance violations, 1 courtyard conflict. Move the components apart.
Q8 overlaps R63: 1 footprint overlap, 1 pad clearance violation, 1 courtyard conflict. Move the components apart.
Q8 overlaps R64: 1 footprint overlap, 1 pad clearance violation, 1 courtyard conflict. Move the components apart.
Q8 overlaps R66: 1 footprint overlap, 1 pad clearance violation, 1 courtyard conflict. Move the components apart.
Q8 overlaps R67: 1 footprint overlap, 1 pad clearance violation, 1 courtyard conflict. Move the components apart.
Q8 overlaps C34: 1 footprint overlap, 1 pad clearance violation, 1 courtyard conflict. Move the components apart.
Q8 overlaps D4: 3 footprint overlaps, 3 pad clearance violations, 1 courtyard conflict. Move the components apart.
Q8 overlaps U4: 2 footprint overlaps, 2 pad clearance violations, 1 courtyard conflict. Move the components apart.
Q8 overlaps Q1: 2 footprint overlaps, 2 pad clearance violations, 1 courtyard conflict. Move the components apart.
Q8 overlaps R5: 1 footprint overlap, 1 pad clearance violation, 1 courtyard conflict. Move the components apart.
Q8 overlaps R6: 1 footprint overlap, 1 pad clearance violation, 1 courtyard conflict. Move the components apart.
Q8 overlaps R7: 1 footprint overlap, 1 pad clearance violation, 1 courtyard conflict. Move the components apart.
Q8 overlaps R8: 1 footprint overlap, 1 pad clearance violation, 1 courtyard conflict. Move the components apart.
Q8 overlaps R9: 1 footprint overlap, 1 pad clearance violation, 1 courtyard conflict. Move the components apart.
Q8 overlaps R10: 1 footprint overlap, 1 pad clearance violation, 1 courtyard conflict. Move the components apart.
Q8 overlaps R11: 1 footprint overlap, 1 pad clearance violation, 1 courtyard conflict. Move the components apart.
Q8 overlaps R12: 1 footprint overlap, 1 pad clearance violation, 1 courtyard conflict. Move the components apart.
Q8 overlaps R13: 1 footprint overlap, 1 pad clearance violation, 1 courtyard conflict. Move the components apart.
Q8 overlaps R16: 1 footprint overlap, 1 pad clearance violation, 1 courtyard conflict. Move the components apart.
Q8 overlaps C9: 1 footprint overlap, 1 pad clearance violation, 1 courtyard conflict. Move the components apart.
Q8 overlaps C10: 1 footprint overlap, 1 pad clearance violation, 1 courtyard conflict. Move the components apart.
Q8 overlaps C11: 2 footprint overlaps, 2 pad clearance violations, 1 courtyard conflict. Move the components apart.
Q8 overlaps U5: 2 footprint overlaps, 2 pad clearance violations, 1 courtyard conflict. Move the components apart.
Q8 overlaps D5: 2 footprint overlaps, 2 pad clearance violations, 1 courtyard conflict. Move the components apart.
Q8 overlaps C12: 1 footprint overlap, 1 pad clearance violation, 1 courtyard conflict. Move the components apart.
Q8 overlaps C13: 2 footprint overlaps, 2 pad clearance violations, 1 courtyard conflict. Move the components apart.
Q8 overlaps C14: 2 footprint overlaps, 2 pad clearance violations, 1 courtyard conflict. Move the components apart.
Q8 overlaps C15: 1 footprint overlap, 1 pad clearance violation, 1 courtyard conflict. Move the components apart.
Q8 overlaps C16: 2 footprint overlaps, 2 pad clearance violations, 1 courtyard conflict. Move the components apart.
Q8 overlaps C17: 2 footprint overlaps, 2 pad clearance violations, 1 courtyard conflict. Move the components apart.
Q8 overlaps R17: 1 footprint overlap, 1 pad clearance violation, 1 courtyard conflict. Move the components apart.
Q8 overlaps R18: 1 footprint overlap, 1 pad clearance violation, 1 courtyard conflict. Move the components apart.
Q8 overlaps R55: 1 footprint overlap, 1 pad clearance violation, 1 courtyard conflict. Move the components apart.
Q8 overlaps R19: 1 footprint overlap, 1 pad clearance violation, 1 courtyard conflict. Move the components apart.
Q8 overlaps R20: 1 footprint overlap, 1 pad clearance violation, 1 courtyard conflict. Move the components apart.
Q8 overlaps R21: 1 footprint overlap, 1 pad clearance violation, 1 courtyard conflict. Move the components apart.
Q8 overlaps R22: 1 footprint overlap, 1 pad clearance violation, 1 courtyard conflict. Move the components apart.
Q8 overlaps C19: 1 footprint overlap, 1 pad clearance violation, 1 courtyard conflict. Move the components apart.
Q8 overlaps C20: 1 footprint overlap, 1 pad clearance violation, 1 courtyard conflict. Move the components apart.
Q8 overlaps R23: 1 footprint overlap, 1 pad clearance violation, 1 courtyard conflict. Move the components apart.
Q8 overlaps R68: 2 footprint overlaps, 2 pad clearance violations, 1 courtyard conflict. Move the components apart.
Q8 overlaps R24: 1 footprint overlap, 1 pad clearance violation, 1 courtyard conflict. Move the components apart.
Q8 overlaps R25: 1 footprint overlap, 1 pad clearance violation, 1 courtyard conflict. Move the components apart.
Q8 overlaps D6: 1 footprint overlap, 1 pad clearance violation, 1 courtyard conflict. Move the components apart.
Q8 overlaps D7: 1 footprint overlap, 1 pad clearance violation, 1 courtyard conflict. Move the components apart.
Q8 overlaps R26: 1 footprint overlap, 1 pad clearance violation, 1 courtyard conflict. Move the components apart.
Q8 overlaps C21: 1 footprint overlap, 1 pad clearance violation, 1 courtyard conflict. Move the components apart.
Q8 overlaps C22: 1 footprint overlap, 1 pad clearance violation, 1 courtyard conflict. Move the components apart.
Q8 overlaps C23: 1 footprint overlap, 1 pad clearance violation, 1 courtyard conflict. Move the components apart.
Q8 overlaps R29: 1 footprint overlap, 1 pad clearance violation, 1 courtyard conflict. Move the components apart.
Q8 overlaps R30: 1 footprint overlap, 1 pad clearance violation, 1 courtyard conflict. Move the components apart.
Q8 overlaps LED2: 1 footprint overlap, 1 pad clearance violation, 1 courtyard conflict. Move the components apart.
Q8 overlaps LED3: 1 footprint overlap, 1 pad clearance violation, 1 courtyard conflict. Move the components apart.
U8 overlaps Q8: 3 footprint overlaps, 3 pad clearance violations, 1 courtyard conflict. Move the components apart.
R31 overlaps Q8: 1 footprint overlap, 1 pad clearance violation, 1 courtyard conflict. Move the components apart.
R32 overlaps Q8: 1 footprint overlap, 1 pad clearance violation, 1 courtyard conflict. Move the components apart.
R33 overlaps Q8: 1 footprint overlap, 1 pad clearance violation, 1 courtyard conflict. Move the components apart.
R34 overlaps Q8: 1 footprint overlap, 1 pad clearance violation, 1 courtyard conflict. Move the components apart.
D8 overlaps Q8: 1 footprint overlap, 1 pad clearance violation, 1 courtyard conflict. Move the components apart.
R39 overlaps Q8: 1 footprint overlap, 1 pad clearance violation, 1 courtyard conflict. Move the components apart.
R65 overlaps Q8: 1 footprint overlap, 1 pad clearance violation, 1 courtyard conflict. Move the components apart.
R40 overlaps Q8: 1 footprint overlap, 1 pad clearance violation, 1 courtyard conflict. Move the components apart.
C25 overlaps Q8: 1 footprint overlap, 1 pad clearance violation, 1 courtyard conflict. Move the components apart.
U10 overlaps Q8: 2 footprint overlaps, 2 pad clearance violations, 1 courtyard conflict. Move the components apart.
R50 overlaps Q8: 1 footprint overlap, 1 pad clearance violation, 1 courtyard conflict. Move the components apart.
R51 overlaps Q8: 1 footprint overlap, 1 pad clearance violation, 1 courtyard conflict. Move the components apart.
C26 overlaps Q8: 1 footprint overlap, 1 pad clearance violation, 1 courtyard conflict. Move the components apart.
C27 overlaps Q8: 1 footprint overlap, 1 pad clearance violation, 1 courtyard conflict. Move the components apart.
C28 overlaps Q8: 1 footprint overlap, 1 pad clearance violation, 1 courtyard conflict. Move the components apart.
C29 overlaps Q8: 2 footprint overlaps, 2 pad clearance violations, 1 courtyard conflict. Move the components apart.
D10 overlaps Q8: 3 footprint overlaps, 3 pad clearance violations, 1 courtyard conflict. Move the components apart.
D11 overlaps Q8: 2 footprint overlaps, 2 pad clearance violations, 1 courtyard conflict. Move the components apart.
R54 overlaps Q8: 1 footprint overlap, 1 pad clearance violation, 1 courtyard conflict. Move the components apart.
LED1 overlaps Q8: 1 footprint overlap, 1 pad clearance violation, 1 courtyard conflict. Move the components apart.
Q2 overlaps Q8: 3 footprint overlaps, 3 pad clearance violations, 1 courtyard conflict. Move the components apart.
R41 overlaps Q8: 1 footprint overlap, 1 pad clearance violation, 1 courtyard conflict. Move the components apart.
R42 overlaps Q8: 1 footprint overlap, 1 pad clearance violation, 1 courtyard conflict. Move the components apart.
R43 overlaps Q8: 1 footprint overlap, 1 pad clearance violation, 1 courtyard conflict. Move the components apart.
R44 overlaps Q8: 1 footprint overlap, 1 pad clearance violation, 1 courtyard conflict. Move the components apart.
D9 overlaps Q8: 1 footprint overlap, 2 pad clearance violations, 1 courtyard conflict. Move the components apart.
Q3 overlaps Q8: 2 footprint overlaps, 2 pad clearance violations, 1 courtyard conflict. Move the components apart.
Q4 overlaps Q8: 2 footprint overlaps, 2 pad clearance violations, 1 courtyard conflict. Move the components apart.
R49 overlaps Q8: 1 footprint overlap, 1 pad clearance violation, 1 courtyard conflict. Move the components apart.
Q5 overlaps Q8: 2 footprint overlaps, 2 pad clearance violations, 1 courtyard conflict. Move the components apart.
Q8 overlaps SW1: 4 footprint overlaps, 3 pad clearance violations, 1 courtyard conflict. Move the components apart.
J2 overlaps Q8: 5 footprint overlaps, 3 pad clearance violations, 1 courtyard conflict. Move the components apart.
R63 overlaps R64: 1 footprint overlap, 1 pad clearance violation, 1 courtyard conflict. Move the components apart.
R63 overlaps R66: 2 footprint overlaps, 2 pad clearance violations, 1 courtyard conflict. Move the components apart.
R63 overlaps R67: 1 footprint overlap, 1 pad clearance violation, 1 courtyard conflict. Move the components apart.
R63 overlaps C34: 1 footprint overlap, 1 pad clearance violation, 1 courtyard conflict. Move the components apart.
R63 overlaps U4: 1 footprint overlap, 1 pad clearance violation, 1 courtyard conflict. Move the components apart.
R63 overlaps Q1: 1 footprint overlap, 1 pad clearance violation, 1 courtyard conflict. Move the components apart.
R63 overlaps R5: 2 footprint overlaps, 2 pad clearance violations, 1 courtyard conflict. Move the components apart.
R63 overlaps R6: 2 footprint overlaps, 2 pad clearance violations, 1 courtyard conflict. Move the components apart.
R63 overlaps R7: 2 footprint overlaps, 2 pad clearance violations, 1 courtyard conflict. Move the components apart.
R63 overlaps R8: 2 footprint overlaps, 2 pad clearance violations, 1 courtyard conflict. Move the components apart.
R63 overlaps R9: 1 footprint overlap, 1 pad clearance violation, 1 courtyard conflict. Move the components apart.
R63 overlaps R10: 2 footprint overlaps, 2 pad clearance violations, 1 courtyard conflict. Move the components apart.
R63 overlaps R11: 2 footprint overlaps, 2 pad clearance violations, 1 courtyard conflict. Move the components apart.
R63 overlaps R12: 1 footprint overlap, 1 pad clearance violation, 1 courtyard conflict. Move the components apart.
R63 overlaps R13: 1 footprint overlap, 1 pad clearance violation, 1 courtyard conflict. Move the components apart.
R63 overlaps R16: 2 footprint overlaps, 2 pad clearance violations, 1 courtyard conflict. Move the components apart.
R63 overlaps C9: 1 footprint overlap, 1 pad clearance violation, 1 courtyard conflict. Move the components apart.
R63 overlaps C10: 1 footprint overlap, 1 pad clearance violation, 1 courtyard conflict. Move the components apart.
R63 overlaps C11: 1 footprint overlap, 1 pad clearance violation, 1 courtyard conflict. Move the components apart.
R63 overlaps U5: 1 footprint overlap, 1 pad clearance violation, 1 courtyard conflict. Move the components apart.
R63 overlaps C12: 2 footprint overlaps, 2 pad clearance violations, 1 courtyard conflict. Move the components apart.
R63 overlaps C13: 1 footprint overlap, 1 pad clearance violation, 1 courtyard conflict. Move the components apart.
R63 overlaps C14: 1 footprint overlap, 1 pad clearance violation, 1 courtyard conflict. Move the components apart.
R63 overlaps C15: 1 footprint overlap, 1 pad clearance violation, 1 courtyard conflict. Move the components apart.
R63 overlaps C16: 1 footprint overlap, 1 pad clearance violation, 1 courtyard conflict. Move the components apart.
R63 overlaps C17: 1 footprint overlap, 1 pad clearance violation, 1 courtyard conflict. Move the components apart.
R63 overlaps R17: 1 footprint overlap, 1 pad clearance violation, 1 courtyard conflict. Move the components apart.
R63 overlaps R18: 2 footprint overlaps, 2 pad clearance violations, 1 courtyard conflict. Move the components apart.
R63 overlaps R55: 2 footprint overlaps, 2 pad clearance violations, 1 courtyard conflict. Move the components apart.
R63 overlaps R19: 1 footprint overlap, 1 pad clearance violation, 1 courtyard conflict. Move the components apart.
R63 overlaps R20: 2 footprint overlaps, 2 pad clearance violations, 1 courtyard conflict. Move the components apart.
R63 overlaps R21: 2 footprint overlaps, 2 pad clearance violations, 1 courtyard conflict. Move the components apart.
R63 overlaps R22: 2 footprint overlaps, 2 pad clearance violations, 1 courtyard conflict. Move the components apart.
R63 overlaps C19: 1 footprint overlap, 1 pad clearance violation, 1 courtyard conflict. Move the components apart.
R63 overlaps C20: 1 footprint overlap, 1 pad clearance violation, 1 courtyard conflict. Move the components apart.
R63 overlaps R23: 2 footprint overlaps, 2 pad clearance violations, 1 courtyard conflict. Move the components apart.
R63 overlaps R68: 1 footprint overlap, 1 pad clearance violation, 1 courtyard conflict. Move the components apart.
R63 overlaps R24: 1 footprint overlap, 1 pad clearance violation, 1 courtyard conflict. Move the components apart.
R63 overlaps R25: 2 footprint overlaps, 2 pad clearance violations, 1 courtyard conflict. Move the components apart.
R63 overlaps D6: 2 footprint overlaps, 2 pad clearance violations, 1 courtyard conflict. Move the components apart.
R63 overlaps D7: 2 footprint overlaps, 2 pad clearance violations, 1 courtyard conflict. Move the components apart.
R63 overlaps R26: 2 footprint overlaps, 2 pad clearance violations, 1 courtyard conflict. Move the components apart.
R63 overlaps C21: 1 footprint overlap, 1 pad clearance violation, 1 courtyard conflict. Move the components apart.
R63 overlaps C22: 1 footprint overlap, 1 pad clearance violation, 1 courtyard conflict. Move the components apart.
R63 overlaps C23: 1 footprint overlap, 1 pad clearance violation, 1 courtyard conflict. Move the components apart.
R63 overlaps R29: 2 footprint overlaps, 2 pad clearance violations, 1 courtyard conflict. Move the components apart.
R63 overlaps R30: 2 footprint overlaps, 2 pad clearance violations, 1 courtyard conflict. Move the components apart.
R63 overlaps LED2: 1 footprint overlap, 1 pad clearance violation, 1 courtyard conflict. Move the components apart.
R63 overlaps LED3: 1 footprint overlap, 1 pad clearance violation, 1 courtyard conflict. Move the components apart.
U8 overlaps R63: 1 footprint overlap, 1 pad clearance violation, 1 courtyard conflict. Move the components apart.
R31 overlaps R63: 2 footprint overlaps, 2 pad clearance violations, 1 courtyard conflict. Move the components apart.
R32 overlaps R63: 2 footprint overlaps, 2 pad clearance violations, 1 courtyard conflict. Move the components apart.
R33 overlaps R63: 1 footprint overlap, 1 pad clearance violation, 1 courtyard conflict. Move the components apart.
R34 overlaps R63: 2 footprint overlaps, 2 pad clearance violations, 1 courtyard conflict. Move the components apart.
D8 overlaps R63: 2 footprint overlaps, 2 pad clearance violations, 1 courtyard conflict. Move the components apart.
R39 overlaps R63: 2 footprint overlaps, 2 pad clearance violations, 1 courtyard conflict. Move the components apart.
R65 overlaps R63: 1 footprint overlap, 1 pad clearance violation, 1 courtyard conflict. Move the components apart.
R40 overlaps R63: 2 footprint overlaps, 2 pad clearance violations, 1 courtyard conflict. Move the components apart.
C25 overlaps R63: 1 footprint overlap, 1 pad clearance violation, 1 courtyard conflict. Move the components apart.
U10 overlaps R63: 1 footprint overlap, 1 pad clearance violation, 1 courtyard conflict. Move the components apart.
R50 overlaps R63: 1 footprint overlap, 1 pad clearance violation, 1 courtyard conflict. Move the components apart.
R51 overlaps R63: 2 footprint overlaps, 2 pad clearance violations, 1 courtyard conflict. Move the components apart.
C26 overlaps R63: 2 footprint overlaps, 2 pad clearance violations, 1 courtyard conflict. Move the components apart.
C27 overlaps R63: 2 footprint overlaps, 2 pad clearance violations, 1 courtyard conflict. Move the components apart.
C28 overlaps R63: 1 footprint overlap, 1 pad clearance violation, 1 courtyard conflict. Move the components apart.
C29 overlaps R63: 1 footprint overlap, 1 pad clearance violation, 1 courtyard conflict. Move the components apart.
R54 overlaps R63: 2 footprint overlaps, 2 pad clearance violations, 1 courtyard conflict. Move the components apart.
LED1 overlaps R63: 1 footprint overlap, 1 pad clearance violation, 1 courtyard conflict. Move the components apart.
Q2 overlaps R63: 1 footprint overlap, 1 pad clearance violation, 1 courtyard conflict. Move the components apart.
R41 overlaps R63: 2 footprint overlaps, 2 pad clearance violations, 1 courtyard conflict. Move the components apart.
R42 overlaps R63: 2 footprint overlaps, 2 pad clearance violations, 1 courtyard conflict. Move the components apart.
R43 overlaps R63: 2 footprint overlaps, 2 pad clearance violations, 1 courtyard conflict. Move the components apart.
R44 overlaps R63: 1 footprint overlap, 1 pad clearance violation, 1 courtyard conflict. Move the components apart.
Q3 overlaps R63: 1 footprint overlap, 1 pad clearance violation, 1 courtyard conflict. Move the components apart.
Q4 overlaps R63: 1 footprint overlap, 1 pad clearance violation, 1 courtyard conflict. Move the components apart.
R49 overlaps R63: 2 footprint overlaps, 2 pad clearance violations, 1 courtyard conflict. Move the components apart.
Q5 overlaps R63: 1 footprint overlap, 1 pad clearance violation, 1 courtyard conflict. Move the components apart.
R63 overlaps SW1: 3 footprint overlaps, 2 pad clearance violations, 1 courtyard conflict. Move the components apart.
J2 overlaps R63: 2 footprint overlaps, 2 pad clearance violations, 1 courtyard conflict. Move the components apart.
R64 overlaps R66: 2 footprint overlaps, 2 pad clearance violations, 1 courtyard conflict. Move the components apart.
R64 overlaps R67: 1 footprint overlap, 1 pad clearance violation, 1 courtyard conflict. Move the components apart.
R64 overlaps C34: 1 footprint overlap, 1 pad clearance violation, 1 courtyard conflict. Move the components apart.
R64 overlaps U4: 1 footprint overlap, 1 pad clearance violation, 1 courtyard conflict. Move the components apart.
R64 overlaps Q1: 1 footprint overlap, 1 pad clearance violation, 1 courtyard conflict. Move the components apart.
R64 overlaps R5: 2 footprint overlaps, 2 pad clearance violations, 1 courtyard conflict. Move the components apart.
R64 overlaps R6: 2 footprint overlaps, 2 pad clearance violations, 1 courtyard conflict. Move the components apart.
R64 overlaps R7: 2 footprint overlaps, 2 pad clearance violations, 1 courtyard conflict. Move the components apart.
R64 overlaps R8: 2 footprint overlaps, 2 pad clearance violations, 1 courtyard conflict. Move the components apart.
R64 overlaps R9: 1 footprint overlap, 1 pad clearance violation, 1 courtyard conflict. Move the components apart.
R64 overlaps R10: 2 footprint overlaps, 2 pad clearance violations, 1 courtyard conflict. Move the components apart.
R64 overlaps R11: 2 footprint overlaps, 2 pad clearance violations, 1 courtyard conflict. Move the components apart.
R64 overlaps R12: 1 footprint overlap, 1 pad clearance violation, 1 courtyard conflict. Move the components apart.
R64 overlaps R13: 1 footprint overlap, 1 pad clearance violation, 1 courtyard conflict. Move the components apart.
R64 overlaps R16: 2 footprint overlaps, 2 pad clearance violations, 1 courtyard conflict. Move the components apart.
R64 overlaps C9: 1 footprint overlap, 1 pad clearance violation, 1 courtyard conflict. Move the components apart.
R64 overlaps C10: 1 footprint overlap, 1 pad clearance violation, 1 courtyard conflict. Move the components apart.
R64 overlaps C11: 1 footprint overlap, 1 pad clearance violation, 1 courtyard conflict. Move the components apart.
R64 overlaps U5: 1 footprint overlap, 1 pad clearance violation, 1 courtyard conflict. Move the components apart.
R64 overlaps C12: 2 footprint overlaps, 2 pad clearance violations, 1 courtyard conflict. Move the components apart.
R64 overlaps C13: 1 footprint overlap, 1 pad clearance violation, 1 courtyard conflict. Move the components apart.
R64 overlaps C14: 1 footprint overlap, 1 pad clearance violation, 1 courtyard conflict. Move the components apart.
R64 overlaps C15: 1 footprint overlap, 1 pad clearance violation, 1 courtyard conflict. Move the components apart.
R64 overlaps C16: 1 footprint overlap, 1 pad clearance violation, 1 courtyard conflict. Move the components apart.
R64 overlaps C17: 1 footprint overlap, 1 pad clearance violation, 1 courtyard conflict. Move the components apart.
R64 overlaps R17: 1 footprint overlap, 1 pad clearance violation, 1 courtyard conflict. Move the components apart.
R64 overlaps R18: 2 footprint overlaps, 2 pad clearance violations, 1 courtyard conflict. Move the components apart.
R64 overlaps R55: 2 footprint overlaps, 2 pad clearance violations, 1 courtyard conflict. Move the components apart.
R64 overlaps R19: 1 footprint overlap, 1 pad clearance violation, 1 courtyard conflict. Move the components apart.
R64 overlaps R20: 2 footprint overlaps, 2 pad clearance violations, 1 courtyard conflict. Move the components apart.
R64 overlaps R21: 2 footprint overlaps, 2 pad clearance violations, 1 courtyard conflict. Move the components apart.
R64 overlaps R22: 2 footprint overlaps, 2 pad clearance violations, 1 courtyard conflict. Move the components apart.
R64 overlaps C19: 1 footprint overlap, 1 pad clearance violation, 1 courtyard conflict. Move the components apart.
R64 overlaps C20: 1 footprint overlap, 1 pad clearance violation, 1 courtyard conflict. Move the components apart.
R64 overlaps R23: 2 footprint overlaps, 2 pad clearance violations, 1 courtyard conflict. Move the components apart.
R64 overlaps R68: 1 footprint overlap, 1 pad clearance violation, 1 courtyard conflict. Move the components apart.
R64 overlaps R24: 1 footprint overlap, 1 pad clearance violation, 1 courtyard conflict. Move the components apart.
R64 overlaps R25: 2 footprint overlaps, 2 pad clearance violations, 1 courtyard conflict. Move the components apart.
R64 overlaps D6: 2 footprint overlaps, 2 pad clearance violations, 1 courtyard conflict. Move the components apart.
R64 overlaps D7: 2 footprint overlaps, 2 pad clearance violations, 1 courtyard conflict. Move the components apart.
R64 overlaps R26: 2 footprint overlaps, 2 pad clearance violations, 1 courtyard conflict. Move the components apart.
R64 overlaps C21: 1 footprint overlap, 1 pad clearance violation, 1 courtyard conflict. Move the components apart.
R64 overlaps C22: 1 footprint overlap, 1 pad clearance violation, 1 courtyard conflict. Move the components apart.
R64 overlaps C23: 1 footprint overlap, 1 pad clearance violation, 1 courtyard conflict. Move the components apart.
R64 overlaps R29: 2 footprint overlaps, 2 pad clearance violations, 1 courtyard conflict. Move the components apart.
R64 overlaps R30: 2 footprint overlaps, 2 pad clearance violations, 1 courtyard conflict. Move the components apart.
R64 overlaps LED2: 1 footprint overlap, 1 pad clearance violation, 1 courtyard conflict. Move the components apart.
R64 overlaps LED3: 1 footprint overlap, 1 pad clearance violation, 1 courtyard conflict. Move the components apart.
U8 overlaps R64: 1 footprint overlap, 1 pad clearance violation, 1 courtyard conflict. Move the components apart.
R31 overlaps R64: 2 footprint overlaps, 2 pad clearance violations, 1 courtyard conflict. Move the components apart.
R32 overlaps R64: 2 footprint overlaps, 2 pad clearance violations, 1 courtyard conflict. Move the components apart.
R33 overlaps R64: 1 footprint overlap, 1 pad clearance violation, 1 courtyard conflict. Move the components apart.
R34 overlaps R64: 2 footprint overlaps, 2 pad clearance violations, 1 courtyard conflict. Move the components apart.
D8 overlaps R64: 2 footprint overlaps, 2 pad clearance violations, 1 courtyard conflict. Move the components apart.
R39 overlaps R64: 2 footprint overlaps, 2 pad clearance violations, 1 courtyard conflict. Move the components apart.
R65 overlaps R64: 1 footprint overlap, 1 pad clearance violation, 1 courtyard conflict. Move the components apart.
R40 overlaps R64: 2 footprint overlaps, 2 pad clearance violations, 1 courtyard conflict. Move the components apart.
C25 overlaps R64: 1 footprint overlap, 1 pad clearance violation, 1 courtyard conflict. Move the components apart.
U10 overlaps R64: 1 footprint overlap, 1 pad clearance violation, 1 courtyard conflict. Move the components apart.
R50 overlaps R64: 1 footprint overlap, 1 pad clearance violation, 1 courtyard conflict. Move the components apart.
R51 overlaps R64: 2 footprint overlaps, 2 pad clearance violations, 1 courtyard conflict. Move the components apart.
C26 overlaps R64: 2 footprint overlaps, 2 pad clearance violations, 1 courtyard conflict. Move the components apart.
C27 overlaps R64: 2 footprint overlaps, 2 pad clearance violations, 1 courtyard conflict. Move the components apart.
C28 overlaps R64: 1 footprint overlap, 1 pad clearance violation, 1 courtyard conflict. Move the components apart.
C29 overlaps R64: 1 footprint overlap, 1 pad clearance violation, 1 courtyard conflict. Move the components apart.
R54 overlaps R64: 2 footprint overlaps, 2 pad clearance violations, 1 courtyard conflict. Move the components apart.
LED1 overlaps R64: 1 footprint overlap, 1 pad clearance violation, 1 courtyard conflict. Move the components apart.
Q2 overlaps R64: 1 footprint overlap, 1 pad clearance violation, 1 courtyard conflict. Move the components apart.
R41 overlaps R64: 2 footprint overlaps, 2 pad clearance violations, 1 courtyard conflict. Move the components apart.
R42 overlaps R64: 2 footprint overlaps, 2 pad clearance violations, 1 courtyard conflict. Move the components apart.
R43 overlaps R64: 2 footprint overlaps, 2 pad clearance violations, 1 courtyard conflict. Move the components apart.
R44 overlaps R64: 1 footprint overlap, 1 pad clearance violation, 1 courtyard conflict. Move the components apart.
Q3 overlaps R64: 1 footprint overlap, 1 pad clearance violation, 1 courtyard conflict. Move the components apart.
Q4 overlaps R64: 1 footprint overlap, 1 pad clearance violation, 1 courtyard conflict. Move the components apart.
R49 overlaps R64: 2 footprint overlaps, 2 pad clearance violations, 1 courtyard conflict. Move the components apart.
Q5 overlaps R64: 1 footprint overlap, 1 pad clearance violation, 1 courtyard conflict. Move the components apart.
R64 overlaps SW1: 3 footprint overlaps, 2 pad clearance violations, 1 courtyard conflict. Move the components apart.
J2 overlaps R64: 2 footprint overlaps, 2 pad clearance violations, 1 courtyard conflict. Move the components apart.
R66 overlaps R67: 2 footprint overlaps, 2 pad clearance violations, 1 courtyard conflict. Move the components apart.
R66 overlaps C34: 2 footprint overlaps, 2 pad clearance violations, 1 courtyard conflict. Move the components apart.
R66 overlaps U4: 2 footprint overlaps, 2 pad clearance violations, 1 courtyard conflict. Move the components apart.
R66 overlaps Q1: 1 footprint overlap, 1 pad clearance violation, 1 courtyard conflict. Move the components apart.
R66 overlaps R5: 2 footprint overlaps, 2 pad clearance violations, 1 courtyard conflict. Move the components apart.
R66 overlaps R6: 2 footprint overlaps, 2 pad clearance violations, 1 courtyard conflict. Move the components apart.
R66 overlaps R7: 2 footprint overlaps, 2 pad clearance violations, 1 courtyard conflict. Move the components apart.
R66 overlaps R8: 2 footprint overlaps, 2 pad clearance violations, 1 courtyard conflict. Move the components apart.
R66 overlaps R9: 2 footprint overlaps, 2 pad clearance violations, 1 courtyard conflict. Move the components apart.
R66 overlaps R10: 2 footprint overlaps, 2 pad clearance violations, 1 courtyard conflict. Move the components apart.
R66 overlaps R11: 2 footprint overlaps, 2 pad clearance violations, 1 courtyard conflict. Move the components apart.
R66 overlaps R12: 2 footprint overlaps, 2 pad clearance violations, 1 courtyard conflict. Move the components apart.
R66 overlaps R13: 2 footprint overlaps, 2 pad clearance violations, 1 courtyard conflict. Move the components apart.
R66 overlaps R16: 2 footprint overlaps, 2 pad clearance violations, 1 courtyard conflict. Move the components apart.
R66 overlaps C9: 2 footprint overlaps, 2 pad clearance violations, 1 courtyard conflict. Move the components apart.
R66 overlaps C10: 2 footprint overlaps, 2 pad clearance violations, 1 courtyard conflict. Move the components apart.
R66 overlaps C11: 2 footprint overlaps, 2 pad clearance violations, 1 courtyard conflict. Move the components apart.
R66 overlaps U5: 2 footprint overlaps, 2 pad clearance violations, 1 courtyard conflict. Move the components apart.
R66 overlaps C12: 2 footprint overlaps, 2 pad clearance violations, 1 courtyard conflict. Move the components apart.
R66 overlaps C13: 2 footprint overlaps, 2 pad clearance violations, 1 courtyard conflict. Move the components apart.
R66 overlaps C14: 2 footprint overlaps, 2 pad clearance violations, 1 courtyard conflict. Move the components apart.
R66 overlaps C15: 2 footprint overlaps, 2 pad clearance violations, 1 courtyard conflict. Move the components apart.
R66 overlaps C16: 1 footprint overlap, 1 pad clearance violation, 1 courtyard conflict. Move the components apart.
R66 overlaps C17: 1 footprint overlap, 1 pad clearance violation, 1 courtyard conflict. Move the components apart.
R66 overlaps R17: 2 footprint overlaps, 2 pad clearance violations, 1 courtyard conflict. Move the components apart.
R66 overlaps R18: 1 footprint overlap, 1 pad clearance violation, 1 courtyard conflict. Move the components apart.
R66 overlaps R55: 2 footprint overlaps, 2 pad clearance violations, 1 courtyard conflict. Move the components apart.
R66 overlaps R19: 2 footprint overlaps, 2 pad clearance violations, 1 courtyard conflict. Move the components apart.
R66 overlaps R20: 2 footprint overlaps, 2 pad clearance violations, 1 courtyard conflict. Move the components apart.
R66 overlaps R21: 2 footprint overlaps, 2 pad clearance violations, 1 courtyard conflict. Move the components apart.
R66 overlaps R22: 2 footprint overlaps, 2 pad clearance violations, 1 courtyard conflict. Move the components apart.
R66 overlaps C19: 2 footprint overlaps, 2 pad clearance violations, 1 courtyard conflict. Move the components apart.
R66 overlaps C20: 2 footprint overlaps, 2 pad clearance violations, 1 courtyard conflict. Move the components apart.
R66 overlaps R23: 2 footprint overlaps, 2 pad clearance violations, 1 courtyard conflict. Move the components apart.
R66 overlaps R68: 1 footprint overlap, 1 pad clearance violation, 1 courtyard conflict. Move the components apart.
R66 overlaps R24: 2 footprint overlaps, 2 pad clearance violations, 1 courtyard conflict. Move the components apart.
R66 overlaps R25: 2 footprint overlaps, 2 pad clearance violations, 1 courtyard conflict. Move the components apart.
R66 overlaps D6: 2 footprint overlaps, 2 pad clearance violations, 1 courtyard conflict. Move the components apart.
R66 overlaps D7: 2 footprint overlaps, 2 pad clearance violations, 1 courtyard conflict. Move the components apart.
R66 overlaps R26: 2 footprint overlaps, 2 pad clearance violations, 1 courtyard conflict. Move the components apart.
R66 overlaps C21: 2 footprint overlaps, 2 pad clearance violations, 1 courtyard conflict. Move the components apart.
R66 overlaps C22: 2 footprint overlaps, 2 pad clearance violations, 1 courtyard conflict. Move the components apart.
R66 overlaps C23: 2 footprint overlaps, 2 pad clearance violations, 1 courtyard conflict. Move the components apart.
R66 overlaps R29: 2 footprint overlaps, 2 pad clearance violations, 1 courtyard conflict. Move the components apart.
R66 overlaps R30: 2 footprint overlaps, 2 pad clearance violations, 1 courtyard conflict. Move the components apart.
R66 overlaps LED2: 2 footprint overlaps, 2 pad clearance violations, 1 courtyard conflict. Move the components apart.
R66 overlaps LED3: 2 footprint overlaps, 2 pad clearance violations, 1 courtyard conflict. Move the components apart.
U8 overlaps R66: 1 footprint overlap, 1 pad clearance violation, 1 courtyard conflict. Move the components apart.
R31 overlaps R66: 1 footprint overlap, 1 pad clearance violation, 1 courtyard conflict. Move the components apart.
R32 overlaps R66: 2 footprint overlaps, 2 pad clearance violations, 1 courtyard conflict. Move the components apart.
R33 overlaps R66: 2 footprint overlaps, 2 pad clearance violations, 1 courtyard conflict. Move the components apart.
R34 overlaps R66: 2 footprint overlaps, 2 pad clearance violations, 1 courtyard conflict. Move the components apart.
D8 overlaps R66: 2 footprint overlaps, 2 pad clearance violations, 1 courtyard conflict. Move the components apart.
R39 overlaps R66: 2 footprint overlaps, 2 pad clearance violations, 1 courtyard conflict. Move the components apart.
R65 overlaps R66: 2 footprint overlaps, 2 pad clearance violations, 1 courtyard conflict. Move the components apart.
R40 overlaps R66: 2 footprint overlaps, 2 pad clearance violations, 1 courtyard conflict. Move the components apart.
C25 overlaps R66: 1 footprint overlap, 1 pad clearance violation, 1 courtyard conflict. Move the components apart.
U10 overlaps R66: 2 footprint overlaps, 2 pad clearance violations, 1 courtyard conflict. Move the components apart.
R50 overlaps R66: 2 footprint overlaps, 2 pad clearance violations, 1 courtyard conflict. Move the components apart.
R51 overlaps R66: 2 footprint overlaps, 2 pad clearance violations, 1 courtyard conflict. Move the components apart.
C26 overlaps R66: 2 footprint overlaps, 2 pad clearance violations, 1 courtyard conflict. Move the components apart.
C27 overlaps R66: 2 footprint overlaps, 2 pad clearance violations, 1 courtyard conflict. Move the components apart.
C28 overlaps R66: 1 footprint overlap, 1 pad clearance violation, 1 courtyard conflict. Move the components apart.
C29 overlaps R66: 1 footprint overlap, 1 pad clearance violation, 1 courtyard conflict. Move the components apart.
R54 overlaps R66: 1 footprint overlap, 1 pad clearance violation, 1 courtyard conflict. Move the components apart.
LED1 overlaps R66: 2 footprint overlaps, 2 pad clearance violations, 1 courtyard conflict. Move the components apart.
Q2 overlaps R66: 1 footprint overlap, 1 pad clearance violation, 1 courtyard conflict. Move the components apart.
R41 overlaps R66: 1 footprint overlap, 1 pad clearance violation, 1 courtyard conflict. Move the components apart.
R42 overlaps R66: 2 footprint overlaps, 2 pad clearance violations, 1 courtyard conflict. Move the components apart.
R43 overlaps R66: 2 footprint overlaps, 2 pad clearance violations, 1 courtyard conflict. Move the components apart.
R44 overlaps R66: 2 footprint overlaps, 2 pad clearance violations, 1 courtyard conflict. Move the components apart.
Q3 overlaps R66: 1 footprint overlap, 1 pad clearance violation, 1 courtyard conflict. Move the components apart.
Q4 overlaps R66: 1 footprint overlap, 1 pad clearance violation, 1 courtyard conflict. Move the components apart.
R49 overlaps R66: 2 footprint overlaps, 2 pad clearance violations, 1 courtyard conflict. Move the components apart.
Q5 overlaps R66: 1 footprint overlap, 1 pad clearance violation, 1 courtyard conflict. Move the components apart.
R66 overlaps SW1: 3 footprint overlaps, 2 pad clearance violations, 1 courtyard conflict. Move the components apart.
J2 overlaps R66: 2 footprint overlaps, 2 pad clearance violations, 1 courtyard conflict. Move the components apart.
R67 overlaps U4: 1 footprint overlap, 1 pad clearance violation, 1 courtyard conflict. Move the components apart.
R67 overlaps Q1: 1 footprint overlap, 1 pad clearance violation, 1 courtyard conflict. Move the components apart.
R67 overlaps R5: 2 footprint overlaps, 2 pad clearance violations, 1 courtyard conflict. Move the components apart.
R67 overlaps R6: 2 footprint overlaps, 2 pad clearance violations, 1 courtyard conflict. Move the components apart.
R67 overlaps R7: 2 footprint overlaps, 2 pad clearance violations, 1 courtyard conflict. Move the components apart.
R67 overlaps R8: 2 footprint overlaps, 2 pad clearance violations, 1 courtyard conflict. Move the components apart.
R67 overlaps R9: 1 footprint overlap, 1 pad clearance violation, 1 courtyard conflict. Move the components apart.
R67 overlaps R10: 2 footprint overlaps, 2 pad clearance violations, 1 courtyard conflict. Move the components apart.
R67 overlaps R11: 2 footprint overlaps, 2 pad clearance violations, 1 courtyard conflict. Move the components apart.
R67 overlaps R12: 1 footprint overlap, 1 pad clearance violation, 1 courtyard conflict. Move the components apart.
R67 overlaps R13: 1 footprint overlap, 1 pad clearance violation, 1 courtyard conflict. Move the components apart.
R67 overlaps R16: 2 footprint overlaps, 2 pad clearance violations, 1 courtyard conflict. Move the components apart.
R67 overlaps C9: 1 footprint overlap, 1 pad clearance violation, 1 courtyard conflict. Move the components apart.
R67 overlaps C10: 1 footprint overlap, 1 pad clearance violation, 1 courtyard conflict. Move the components apart.
R67 overlaps C11: 1 footprint overlap, 1 pad clearance violation, 1 courtyard conflict. Move the components apart.
R67 overlaps U5: 1 footprint overlap, 1 pad clearance violation, 1 courtyard conflict. Move the components apart.
R67 overlaps C12: 2 footprint overlaps, 2 pad clearance violations, 1 courtyard conflict. Move the components apart.
R67 overlaps C13: 1 footprint overlap, 1 pad clearance violation, 1 courtyard conflict. Move the components apart.
R67 overlaps C14: 1 footprint overlap, 1 pad clearance violation, 1 courtyard conflict. Move the components apart.
R67 overlaps C15: 1 footprint overlap, 1 pad clearance violation, 1 courtyard conflict. Move the components apart.
R67 overlaps C16: 1 footprint overlap, 1 pad clearance violation, 1 courtyard conflict. Move the components apart.
R67 overlaps C17: 1 footprint overlap, 1 pad clearance violation, 1 courtyard conflict. Move the components apart.
R67 overlaps R17: 1 footprint overlap, 1 pad clearance violation, 1 courtyard conflict. Move the components apart.
R67 overlaps R18: 2 footprint overlaps, 2 pad clearance violations, 1 courtyard conflict. Move the components apart.
R67 overlaps R55: 2 footprint overlaps, 2 pad clearance violations, 1 courtyard conflict. Move the components apart.
R67 overlaps R19: 1 footprint overlap, 1 pad clearance violation, 1 courtyard conflict. Move the components apart.
R67 overlaps R20: 2 footprint overlaps, 2 pad clearance violations, 1 courtyard conflict. Move the components apart.
R67 overlaps R21: 2 footprint overlaps, 2 pad clearance violations, 1 courtyard conflict. Move the components apart.
R67 overlaps R22: 2 footprint overlaps, 2 pad clearance violations, 1 courtyard conflict. Move the components apart.
R67 overlaps C19: 1 footprint overlap, 1 pad clearance violation, 1 courtyard conflict. Move the components apart.
R67 overlaps C20: 1 footprint overlap, 1 pad clearance violation, 1 courtyard conflict. Move the components apart.
R67 overlaps R23: 2 footprint overlaps, 2 pad clearance violations, 1 courtyard conflict. Move the components apart.
R67 overlaps R68: 1 footprint overlap, 1 pad clearance violation, 1 courtyard conflict. Move the components apart.
R67 overlaps R24: 1 footprint overlap, 1 pad clearance violation, 1 courtyard conflict. Move the components apart.
R67 overlaps R25: 2 footprint overlaps, 2 pad clearance violations, 1 courtyard conflict. Move the components apart.
R67 overlaps D6: 2 footprint overlaps, 2 pad clearance violations, 1 courtyard conflict. Move the components apart.
R67 overlaps D7: 2 footprint overlaps, 2 pad clearance violations, 1 courtyard conflict. Move the components apart.
R67 overlaps R26: 2 footprint overlaps, 2 pad clearance violations, 1 courtyard conflict. Move the components apart.
R67 overlaps C21: 1 footprint overlap, 1 pad clearance violation, 1 courtyard conflict. Move the components apart.
R67 overlaps C22: 1 footprint overlap, 1 pad clearance violation, 1 courtyard conflict. Move the components apart.
R67 overlaps C23: 1 footprint overlap, 1 pad clearance violation, 1 courtyard conflict. Move the components apart.
R67 overlaps R29: 2 footprint overlaps, 2 pad clearance violations, 1 courtyard conflict. Move the components apart.
R67 overlaps R30: 2 footprint overlaps, 2 pad clearance violations, 1 courtyard conflict. Move the components apart.
R67 overlaps LED2: 1 footprint overlap, 1 pad clearance violation, 1 courtyard conflict. Move the components apart.
R67 overlaps LED3: 1 footprint overlap, 1 pad clearance violation, 1 courtyard conflict. Move the components apart.
U8 overlaps R67: 1 footprint overlap, 1 pad clearance violation, 1 courtyard conflict. Move the components apart.
R31 overlaps R67: 2 footprint overlaps, 2 pad clearance violations, 1 courtyard conflict. Move the components apart.
R32 overlaps R67: 2 footprint overlaps, 2 pad clearance violations, 1 courtyard conflict. Move the components apart.
R33 overlaps R67: 1 footprint overlap, 1 pad clearance violation, 1 courtyard conflict. Move the components apart.
R34 overlaps R67: 2 footprint overlaps, 2 pad clearance violations, 1 courtyard conflict. Move the components apart.
D8 overlaps R67: 2 footprint overlaps, 2 pad clearance violations, 1 courtyard conflict. Move the components apart.
R39 overlaps R67: 2 footprint overlaps, 2 pad clearance violations, 1 courtyard conflict. Move the components apart.
R65 overlaps R67: 1 footprint overlap, 1 pad clearance violation, 1 courtyard conflict. Move the components apart.
R40 overlaps R67: 2 footprint overlaps, 2 pad clearance violations, 1 courtyard conflict. Move the components apart.
C25 overlaps R67: 1 footprint overlap, 1 pad clearance violation, 1 courtyard conflict. Move the components apart.
U10 overlaps R67: 1 footprint overlap, 1 pad clearance violation, 1 courtyard conflict. Move the components apart.
R50 overlaps R67: 1 footprint overlap, 1 pad clearance violation, 1 courtyard conflict. Move the components apart.
R51 overlaps R67: 2 footprint overlaps, 2 pad clearance violations, 1 courtyard conflict. Move the components apart.
C26 overlaps R67: 2 footprint overlaps, 2 pad clearance violations, 1 courtyard conflict. Move the components apart.
C27 overlaps R67: 2 footprint overlaps, 2 pad clearance violations, 1 courtyard conflict. Move the components apart.
C28 overlaps R67: 1 footprint overlap, 1 pad clearance violation, 1 courtyard conflict. Move the components apart.
C29 overlaps R67: 1 footprint overlap, 1 pad clearance violation, 1 courtyard conflict. Move the components apart.
R54 overlaps R67: 2 footprint overlaps, 2 pad clearance violations, 1 courtyard conflict. Move the components apart.
LED1 overlaps R67: 1 footprint overlap, 1 pad clearance violation, 1 courtyard conflict. Move the components apart.
Q2 overlaps R67: 1 footprint overlap, 1 pad clearance violation, 1 courtyard conflict. Move the components apart.
R41 overlaps R67: 2 footprint overlaps, 2 pad clearance violations, 1 courtyard conflict. Move the components apart.
R42 overlaps R67: 2 footprint overlaps, 2 pad clearance violations, 1 courtyard conflict. Move the components apart.
R43 overlaps R67: 2 footprint overlaps, 2 pad clearance violations, 1 courtyard conflict. Move the components apart.
R44 overlaps R67: 1 footprint overlap, 1 pad clearance violation, 1 courtyard conflict. Move the components apart.
Q3 overlaps R67: 1 footprint overlap, 1 pad clearance violation, 1 courtyard conflict. Move the components apart.
Q4 overlaps R67: 1 footprint overlap, 1 pad clearance violation, 1 courtyard conflict. Move the components apart.
R49 overlaps R67: 2 footprint overlaps, 2 pad clearance violations, 1 courtyard conflict. Move the components apart.
Q5 overlaps R67: 1 footprint overlap, 1 pad clearance violation, 1 courtyard conflict. Move the components apart.
R67 overlaps SW1: 3 footprint overlaps, 2 pad clearance violations, 1 courtyard conflict. Move the components apart.
J2 overlaps R67: 2 footprint overlaps, 2 pad clearance violations, 1 courtyard conflict. Move the components apart.
C34 overlaps U4: 1 footprint overlap, 1 pad clearance violation, 1 courtyard conflict. Move the components apart.
C34 overlaps Q1: 1 footprint overlap, 1 pad clearance violation, 1 courtyard conflict. Move the components apart.
C34 overlaps R5: 2 footprint overlaps, 2 pad clearance violations, 1 courtyard conflict. Move the components apart.
C34 overlaps R6: 2 footprint overlaps, 2 pad clearance violations, 1 courtyard conflict. Move the components apart.
C34 overlaps R7: 2 footprint overlaps, 2 pad clearance violations, 1 courtyard conflict. Move the components apart.
C34 overlaps R8: 2 footprint overlaps, 2 pad clearance violations, 1 courtyard conflict. Move the components apart.
C34 overlaps R9: 1 footprint overlap, 1 pad clearance violation, 1 courtyard conflict. Move the components apart.
C34 overlaps R10: 2 footprint overlaps, 2 pad clearance violations, 1 courtyard conflict. Move the components apart.
C34 overlaps R11: 2 footprint overlaps, 2 pad clearance violations, 1 courtyard conflict. Move the components apart.
C34 overlaps R12: 1 footprint overlap, 1 pad clearance violation, 1 courtyard conflict. Move the components apart.
C34 overlaps R13: 1 footprint overlap, 1 pad clearance violation, 1 courtyard conflict. Move the components apart.
C34 overlaps R16: 2 footprint overlaps, 2 pad clearance violations, 1 courtyard conflict. Move the components apart.
C34 overlaps C9: 1 footprint overlap, 1 pad clearance violation, 1 courtyard conflict. Move the components apart.
C34 overlaps C10: 1 footprint overlap, 1 pad clearance violation, 1 courtyard conflict. Move the components apart.
C34 overlaps C11: 1 footprint overlap, 1 pad clearance violation, 1 courtyard conflict. Move the components apart.
C34 overlaps U5: 1 footprint overlap, 1 pad clearance violation, 1 courtyard conflict. Move the components apart.
C34 overlaps C12: 2 footprint overlaps, 2 pad clearance violations, 1 courtyard conflict. Move the components apart.
C34 overlaps C13: 1 footprint overlap, 1 pad clearance violation, 1 courtyard conflict. Move the components apart.
C34 overlaps C14: 1 footprint overlap, 1 pad clearance violation, 1 courtyard conflict. Move the components apart.
C34 overlaps C15: 1 footprint overlap, 1 pad clearance violation, 1 courtyard conflict. Move the components apart.
C34 overlaps C16: 1 footprint overlap, 1 pad clearance violation, 1 courtyard conflict. Move the components apart.
C34 overlaps C17: 1 footprint overlap, 1 pad clearance violation, 1 courtyard conflict. Move the components apart.
C34 overlaps R17: 1 footprint overlap, 1 pad clearance violation, 1 courtyard conflict. Move the components apart.
C34 overlaps R18: 2 footprint overlaps, 2 pad clearance violations, 1 courtyard conflict. Move the components apart.
C34 overlaps R55: 2 footprint overlaps, 2 pad clearance violations, 1 courtyard conflict. Move the components apart.
C34 overlaps R19: 1 footprint overlap, 1 pad clearance violation, 1 courtyard conflict. Move the components apart.
C34 overlaps R20: 2 footprint overlaps, 2 pad clearance violations, 1 courtyard conflict. Move the components apart.
C34 overlaps R21: 2 footprint overlaps, 2 pad clearance violations, 1 courtyard conflict. Move the components apart.
C34 overlaps R22: 2 footprint overlaps, 2 pad clearance violations, 1 courtyard conflict. Move the components apart.
C34 overlaps C19: 1 footprint overlap, 1 pad clearance violation, 1 courtyard conflict. Move the components apart.
C34 overlaps C20: 1 footprint overlap, 1 pad clearance violation, 1 courtyard conflict. Move the components apart.
C34 overlaps R23: 2 footprint overlaps, 2 pad clearance violations, 1 courtyard conflict. Move the components apart.
C34 overlaps R68: 1 footprint overlap, 1 pad clearance violation, 1 courtyard conflict. Move the components apart.
C34 overlaps R24: 1 footprint overlap, 1 pad clearance violation, 1 courtyard conflict. Move the components apart.
C34 overlaps R25: 2 footprint overlaps, 2 pad clearance violations, 1 courtyard conflict. Move the components apart.
C34 overlaps D6: 2 footprint overlaps, 2 pad clearance violations, 1 courtyard conflict. Move the components apart.
C34 overlaps D7: 2 footprint overlaps, 2 pad clearance violations, 1 courtyard conflict. Move the components apart.
C34 overlaps R26: 2 footprint overlaps, 2 pad clearance violations, 1 courtyard conflict. Move the components apart.
C34 overlaps C21: 1 footprint overlap, 1 pad clearance violation, 1 courtyard conflict. Move the components apart.
C34 overlaps C22: 1 footprint overlap, 1 pad clearance violation, 1 courtyard conflict. Move the components apart.
C34 overlaps C23: 1 footprint overlap, 1 pad clearance violation, 1 courtyard conflict. Move the components apart.
C34 overlaps R29: 2 footprint overlaps, 2 pad clearance violations, 1 courtyard conflict. Move the components apart.
C34 overlaps R30: 2 footprint overlaps, 2 pad clearance violations, 1 courtyard conflict. Move the components apart.
C34 overlaps LED2: 1 footprint overlap, 1 pad clearance violation, 1 courtyard conflict. Move the components apart.
C34 overlaps LED3: 1 footprint overlap, 1 pad clearance violation, 1 courtyard conflict. Move the components apart.
U8 overlaps C34: 1 footprint overlap, 1 pad clearance violation, 1 courtyard conflict. Move the components apart.
R31 overlaps C34: 2 footprint overlaps, 2 pad clearance violations, 1 courtyard conflict. Move the components apart.
R32 overlaps C34: 2 footprint overlaps, 2 pad clearance violations, 1 courtyard conflict. Move the components apart.
R33 overlaps C34: 1 footprint overlap, 1 pad clearance violation, 1 courtyard conflict. Move the components apart.
R34 overlaps C34: 2 footprint overlaps, 2 pad clearance violations, 1 courtyard conflict. Move the components apart.
D8 overlaps C34: 2 footprint overlaps, 2 pad clearance violations, 1 courtyard conflict. Move the components apart.
R39 overlaps C34: 2 footprint overlaps, 2 pad clearance violations, 1 courtyard conflict. Move the components apart.
R65 overlaps C34: 1 footprint overlap, 1 pad clearance violation, 1 courtyard conflict. Move the components apart.
R40 overlaps C34: 2 footprint overlaps, 2 pad clearance violations, 1 courtyard conflict. Move the components apart.
C25 overlaps C34: 1 footprint overlap, 1 pad clearance violation, 1 courtyard conflict. Move the components apart.
U10 overlaps C34: 1 footprint overlap, 1 pad clearance violation, 1 courtyard conflict. Move the components apart.
R50 overlaps C34: 1 footprint overlap, 1 pad clearance violation, 1 courtyard conflict. Move the components apart.
R51 overlaps C34: 2 footprint overlaps, 2 pad clearance violations, 1 courtyard conflict. Move the components apart.
C26 overlaps C34: 2 footprint overlaps, 2 pad clearance violations, 1 courtyard conflict. Move the components apart.
C27 overlaps C34: 2 footprint overlaps, 2 pad clearance violations, 1 courtyard conflict. Move the components apart.
C28 overlaps C34: 1 footprint overlap, 1 pad clearance violation, 1 courtyard conflict. Move the components apart.
C29 overlaps C34: 1 footprint overlap, 1 pad clearance violation, 1 courtyard conflict. Move the components apart.
R54 overlaps C34: 2 footprint overlaps, 2 pad clearance violations, 1 courtyard conflict. Move the components apart.
LED1 overlaps C34: 1 footprint overlap, 1 pad clearance violation, 1 courtyard conflict. Move the components apart.
Q2 overlaps C34: 1 footprint overlap, 1 pad clearance violation, 1 courtyard conflict. Move the components apart.
R41 overlaps C34: 2 footprint overlaps, 2 pad clearance violations, 1 courtyard conflict. Move the components apart.
R42 overlaps C34: 2 footprint overlaps, 2 pad clearance violations, 1 courtyard conflict. Move the components apart.
R43 overlaps C34: 2 footprint overlaps, 2 pad clearance violations, 1 courtyard conflict. Move the components apart.
R44 overlaps C34: 1 footprint overlap, 1 pad clearance violation, 1 courtyard conflict. Move the components apart.
Q3 overlaps C34: 1 footprint overlap, 1 pad clearance violation, 1 courtyard conflict. Move the components apart.
Q4 overlaps C34: 1 footprint overlap, 1 pad clearance violation, 1 courtyard conflict. Move the components apart.
R49 overlaps C34: 2 footprint overlaps, 2 pad clearance violations, 1 courtyard conflict. Move the components apart.
Q5 overlaps C34: 1 footprint overlap, 1 pad clearance violation, 1 courtyard conflict. Move the components apart.
C34 overlaps SW1: 3 footprint overlaps, 2 pad clearance violations, 1 courtyard conflict. Move the components apart.
J2 overlaps C34: 2 footprint overlaps, 1 courtyard conflict. Move the components apart.
D4 overlaps U4: 3 footprint overlaps, 7 pad clearance violations, 1 courtyard conflict. Move the components apart.
D4 overlaps Q1: 3 footprint overlaps, 3 pad clearance violations, 1 courtyard conflict. Move the components apart.
D4 overlaps C11: 2 footprint overlaps, 2 pad clearance violations, 1 courtyard conflict. Move the components apart.
D4 overlaps D5: 2 footprint overlaps, 2 pad clearance violations, 1 courtyard conflict. Move the components apart.
D4 overlaps L1: 2 footprint overlaps, 2 pad clearance violations, 1 courtyard conflict. Move the components apart.
D4 overlaps C13: 2 footprint overlaps, 2 pad clearance violations, 1 courtyard conflict. Move the components apart.
D4 overlaps C14: 2 footprint overlaps, 2 pad clearance violations, 1 courtyard conflict. Move the components apart.
D4 overlaps C16: 2 footprint overlaps, 2 pad clearance violations, 1 courtyard conflict. Move the components apart.
D4 overlaps C17: 2 footprint overlaps, 2 pad clearance violations, 1 courtyard conflict. Move the components apart.
D4 overlaps C18: 2 footprint overlaps, 2 pad clearance violations, 1 courtyard conflict. Move the components apart.
D4 overlaps R68: 2 footprint overlaps, 2 pad clearance violations, 1 courtyard conflict. Move the components apart.
D4 overlaps D6: 2 footprint overlaps, 2 pad clearance violations, 1 courtyard conflict. Move the components apart.
D4 overlaps D7: 2 footprint overlaps, 2 pad clearance violations, 1 courtyard conflict. Move the components apart.
U8 overlaps D4: 3 footprint overlaps, 3 pad clearance violations, 1 courtyard conflict. Move the components apart.
D8 overlaps D4: 2 footprint overlaps, 2 pad clearance violations, 1 courtyard conflict. Move the components apart.
U10 overlaps D4: 2 footprint overlaps, 2 pad clearance violations, 1 courtyard conflict. Move the components apart.
C29 overlaps D4: 2 footprint overlaps, 2 pad clearance violations, 1 courtyard conflict. Move the components apart.
D10 overlaps D4: 2 footprint overlaps, 2 pad clearance violations, 1 courtyard conflict. Move the components apart.
D11 overlaps D4: 2 footprint overlaps, 2 pad clearance violations, 1 courtyard conflict. Move the components apart.
Q2 overlaps D4: 3 footprint overlaps, 3 pad clearance violations, 1 courtyard conflict. Move the components apart.
D9 overlaps D4: 2 footprint overlaps, 2 pad clearance violations, 1 courtyard conflict. Move the components apart.
Q3 overlaps D4: 3 footprint overlaps, 3 pad clearance violations, 1 courtyard conflict. Move the components apart.
R45 overlaps D4: 2 footprint overlaps, 2 pad clearance violations, 1 courtyard conflict. Move the components apart.
R46 overlaps D4: 2 footprint overlaps, 2 pad clearance violations, 1 courtyard conflict. Move the components apart.
R47 overlaps D4: 2 footprint overlaps, 2 pad clearance violations, 1 courtyard conflict. Move the components apart.
R48 overlaps D4: 2 footprint overlaps, 2 pad clearance violations, 1 courtyard conflict. Move the components apart.
Q4 overlaps D4: 3 footprint overlaps, 3 pad clearance violations, 1 courtyard conflict. Move the components apart.
Q5 overlaps D4: 3 footprint overlaps, 3 pad clearance violations, 1 courtyard conflict. Move the components apart.
D4 overlaps SW1: 3 footprint overlaps, 2 pad clearance violations, 1 courtyard conflict. Move the components apart.
J2 overlaps D4: 4 footprint overlaps, 2 pad clearance violations, 1 courtyard conflict. Move the components apart.
U4 overlaps Q1: 2 footprint overlaps, 2 pad clearance violations, 1 courtyard conflict. Move the components apart.
U4 overlaps R5: 2 footprint overlaps, 2 pad clearance violations, 1 courtyard conflict. Move the components apart.
U4 overlaps R6: 2 footprint overlaps, 2 pad clearance violations, 1 courtyard conflict. Move the components apart.
U4 overlaps R7: 2 footprint overlaps, 2 pad clearance violations, 1 courtyard conflict. Move the components apart.
U4 overlaps R8: 2 footprint overlaps, 2 pad clearance violations, 1 courtyard conflict. Move the components apart.
U4 overlaps R9: 1 footprint overlap, 1 pad clearance violation, 1 courtyard conflict. Move the components apart.
U4 overlaps R10: 2 footprint overlaps, 2 pad clearance violations, 1 courtyard conflict. Move the components apart.
U4 overlaps R11: 2 footprint overlaps, 2 pad clearance violations, 1 courtyard conflict. Move the components apart.
U4 overlaps R12: 1 footprint overlap, 1 pad clearance violation, 1 courtyard conflict. Move the components apart.
U4 overlaps R13: 1 footprint overlap, 1 pad clearance violation, 1 courtyard conflict. Move the components apart.
U4 overlaps R16: 2 footprint overlaps, 2 pad clearance violations, 1 courtyard conflict. Move the components apart.
U4 overlaps C9: 1 footprint overlap, 1 pad clearance violation, 1 courtyard conflict. Move the components apart.
U4 overlaps C10: 1 footprint overlap, 1 pad clearance violation, 1 courtyard conflict. Move the components apart.
U4 overlaps C11: 1 footprint overlap, 1 pad clearance violation, 1 courtyard conflict. Move the components apart.
U4 overlaps U5: 8 footprint overlaps, 12 pad clearance violations, 1 courtyard conflict. Move the components apart.
U4 overlaps D5: 4 footprint overlaps, 8 pad clearance violations, 1 courtyard conflict. Move the components apart.
U4 overlaps L1: 12 footprint overlaps, 12 pad clearance violations, 1 courtyard conflict. Move the components apart.
U4 overlaps C12: 2 footprint overlaps, 2 pad clearance violations, 1 courtyard conflict. Move the components apart.
U4 overlaps C13: 9 footprint overlaps, 9 pad clearance violations, 1 courtyard conflict. Move the components apart.
U4 overlaps C14: 9 footprint overlaps, 9 pad clearance violations, 1 courtyard conflict. Move the components apart.
U4 overlaps C15: 1 footprint overlap, 1 pad clearance violation, 1 courtyard conflict. Move the components apart.
U4 overlaps C16: 9 footprint overlaps, 9 pad clearance violations, 1 courtyard conflict. Move the components apart.
U4 overlaps C17: 9 footprint overlaps, 9 pad clearance violations, 1 courtyard conflict. Move the components apart.
U4 overlaps C18: 8 footprint overlaps, 8 pad clearance violations, 1 courtyard conflict. Move the components apart.
U4 overlaps R17: 1 footprint overlap, 1 pad clearance violation, 1 courtyard conflict. Move the components apart.
U4 overlaps R18: 2 footprint overlaps, 2 pad clearance violations, 1 courtyard conflict. Move the components apart.
U4 overlaps R55: 2 footprint overlaps, 2 pad clearance violations, 1 courtyard conflict. Move the components apart.
U4 overlaps R19: 1 footprint overlap, 1 pad clearance violation, 1 courtyard conflict. Move the components apart.
U4 overlaps R20: 2 footprint overlaps, 2 pad clearance violations, 1 courtyard conflict. Move the components apart.
U4 overlaps R21: 2 footprint overlaps, 2 pad clearance violations, 1 courtyard conflict. Move the components apart.
U4 overlaps R22: 2 footprint overlaps, 2 pad clearance violations, 1 courtyard conflict. Move the components apart.
U4 overlaps C19: 1 footprint overlap, 1 pad clearance violation, 1 courtyard conflict. Move the components apart.
U4 overlaps C20: 1 footprint overlap, 1 pad clearance violation, 1 courtyard conflict. Move the components apart.
U4 overlaps R23: 2 footprint overlaps, 2 pad clearance violations, 1 courtyard conflict. Move the components apart.
U4 overlaps R68: 9 footprint overlaps, 9 pad clearance violations, 1 courtyard conflict. Move the components apart.
U4 overlaps R24: 1 footprint overlap, 1 pad clearance violation, 1 courtyard conflict. Move the components apart.
U4 overlaps U6: 7 footprint overlaps, 11 pad clearance violations, 1 courtyard conflict. Move the components apart.
U4 overlaps R25: 2 footprint overlaps, 2 pad clearance violations, 1 courtyard conflict. Move the components apart.
U4 overlaps D6: 6 footprint overlaps, 6 pad clearance violations, 1 courtyard conflict. Move the components apart.
U4 overlaps D7: 6 footprint overlaps, 6 pad clearance violations, 1 courtyard conflict. Move the components apart.
U4 overlaps R26: 2 footprint overlaps, 2 pad clearance violations, 1 courtyard conflict. Move the components apart.
U4 overlaps C21: 1 footprint overlap, 1 pad clearance violation, 1 courtyard conflict. Move the components apart.
U4 overlaps C22: 1 footprint overlap, 1 pad clearance violation, 1 courtyard conflict. Move the components apart.
U4 overlaps C23: 1 footprint overlap, 1 pad clearance violation, 1 courtyard conflict. Move the components apart.
U4 overlaps R29: 2 footprint overlaps, 2 pad clearance violations, 1 courtyard conflict. Move the components apart.
U4 overlaps R30: 2 footprint overlaps, 2 pad clearance violations, 1 courtyard conflict. Move the components apart.
U4 overlaps LED2: 1 footprint overlap, 1 pad clearance violation, 1 courtyard conflict. Move the components apart.
U4 overlaps LED3: 1 footprint overlap, 1 pad clearance violation, 1 courtyard conflict. Move the components apart.
U8 overlaps U4: 2 footprint overlaps, 2 pad clearance violations, 1 courtyard conflict. Move the components apart.
R31 overlaps U4: 2 footprint overlaps, 2 pad clearance violations, 1 courtyard conflict. Move the components apart.
U9 overlaps U4: 8 footprint overlaps, 12 pad clearance violations, 1 courtyard conflict. Move the components apart.
R32 overlaps U4: 2 footprint overlaps, 2 pad clearance violations, 1 courtyard conflict. Move the components apart.
R33 overlaps U4: 1 footprint overlap, 1 pad clearance violation, 1 courtyard conflict. Move the components apart.
R34 overlaps U4: 2 footprint overlaps, 2 pad clearance violations, 1 courtyard conflict. Move the components apart.
D8 overlaps U4: 6 footprint overlaps, 6 pad clearance violations, 1 courtyard conflict. Move the components apart.
R39 overlaps U4: 2 footprint overlaps, 2 pad clearance violations, 1 courtyard conflict. Move the components apart.
R65 overlaps U4: 1 footprint overlap, 1 pad clearance violation, 1 courtyard conflict. Move the components apart.
R40 overlaps U4: 2 footprint overlaps, 2 pad clearance violations, 1 courtyard conflict. Move the components apart.
C25 overlaps U4: 1 footprint overlap, 1 pad clearance violation, 1 courtyard conflict. Move the components apart.
U10 overlaps U4: 8 footprint overlaps, 8 pad clearance violations, 1 courtyard conflict. Move the components apart.
R50 overlaps U4: 1 footprint overlap, 1 pad clearance violation, 1 courtyard conflict. Move the components apart.
R51 overlaps U4: 2 footprint overlaps, 2 pad clearance violations, 1 courtyard conflict. Move the components apart.
C26 overlaps U4: 2 footprint overlaps, 2 pad clearance violations, 1 courtyard conflict. Move the components apart.
C27 overlaps U4: 2 footprint overlaps, 2 pad clearance violations, 1 courtyard conflict. Move the components apart.
C28 overlaps U4: 1 footprint overlap, 1 pad clearance violation, 1 courtyard conflict. Move the components apart.
C29 overlaps U4: 9 footprint overlaps, 9 pad clearance violations, 1 courtyard conflict. Move the components apart.
D10 overlaps U4: 8 footprint overlaps, 10 pad clearance violations, 1 courtyard conflict. Move the components apart.
D11 overlaps U4: 8 footprint overlaps, 9 pad clearance violations, 1 courtyard conflict. Move the components apart.
R54 overlaps U4: 2 footprint overlaps, 2 pad clearance violations, 1 courtyard conflict. Move the components apart.
LED1 overlaps U4: 1 footprint overlap, 1 pad clearance violation, 1 courtyard conflict. Move the components apart.
Q2 overlaps U4: 3 footprint overlaps, 3 pad clearance violations, 1 courtyard conflict. Move the components apart.
R41 overlaps U4: 2 footprint overlaps, 2 pad clearance violations, 1 courtyard conflict. Move the components apart.
R42 overlaps U4: 2 footprint overlaps, 2 pad clearance violations, 1 courtyard conflict. Move the components apart.
R43 overlaps U4: 2 footprint overlaps, 2 pad clearance violations, 1 courtyard conflict. Move the components apart.
R44 overlaps U4: 1 footprint overlap, 1 pad clearance violation, 1 courtyard conflict. Move the components apart.
D9 overlaps U4: 5 footprint overlaps, 5 pad clearance violations, 1 courtyard conflict. Move the components apart.
Q3 overlaps U4: 2 footprint overlaps, 2 pad clearance violations, 1 courtyard conflict. Move the components apart.
R45 overlaps U4: 12 footprint overlaps, 12 pad clearance violations, 1 courtyard conflict. Move the components apart.
R46 overlaps U4: 12 footprint overlaps, 12 pad clearance violations, 1 courtyard conflict. Move the components apart.
R47 overlaps U4: 12 footprint overlaps, 12 pad clearance violations, 1 courtyard conflict. Move the components apart.
R48 overlaps U4: 12 footprint overlaps, 12 pad clearance violations, 1 courtyard conflict. Move the components apart.
Q4 overlaps U4: 2 footprint overlaps, 2 pad clearance violations, 1 courtyard conflict. Move the components apart.
R49 overlaps U4: 2 footprint overlaps, 2 pad clearance violations, 1 courtyard conflict. Move the components apart.
Q5 overlaps U4: 2 footprint overlaps, 2 pad clearance violations, 1 courtyard conflict. Move the components apart.
U4 overlaps RV1: 11 footprint overlaps, 6 pad clearance violations, 1 courtyard conflict. Move the components apart.
U4 overlaps SW1: 2 footprint overlaps, 1 pad clearance violation, 1 courtyard conflict. Move the components apart.
J2 overlaps U4: 12 footprint overlaps, 10 pad clearance violations, 1 courtyard conflict. Move the components apart.
Q1 overlaps R5: 1 footprint overlap, 1 pad clearance violation, 1 courtyard conflict. Move the components apart.
Q1 overlaps R6: 1 footprint overlap, 1 pad clearance violation, 1 courtyard conflict. Move the components apart.
Q1 overlaps R7: 1 footprint overlap, 1 pad clearance violation, 1 courtyard conflict. Move the components apart.
Q1 overlaps R8: 1 footprint overlap, 1 pad clearance violation, 1 courtyard conflict. Move the components apart.
Q1 overlaps R9: 1 footprint overlap, 1 pad clearance violation, 1 courtyard conflict. Move the components apart.
Q1 overlaps R10: 1 footprint overlap, 1 pad clearance violation, 1 courtyard conflict. Move the components apart.
Q1 overlaps R11: 1 footprint overlap, 1 pad clearance violation, 1 courtyard conflict. Move the components apart.
Q1 overlaps R12: 1 footprint overlap, 1 pad clearance violation, 1 courtyard conflict. Move the components apart.
Q1 overlaps R13: 1 footprint overlap, 1 pad clearance violation, 1 courtyard conflict. Move the components apart.
Q1 overlaps R16: 1 footprint overlap, 1 pad clearance violation, 1 courtyard conflict. Move the components apart.
Q1 overlaps C9: 1 footprint overlap, 1 pad clearance violation, 1 courtyard conflict. Move the components apart.
Q1 overlaps C10: 1 footprint overlap, 1 pad clearance violation, 1 courtyard conflict. Move the components apart.
Q1 overlaps C11: 2 footprint overlaps, 2 pad clearance violations, 1 courtyard conflict. Move the components apart.
Q1 overlaps U5: 2 footprint overlaps, 2 pad clearance violations, 1 courtyard conflict. Move the components apart.
Q1 overlaps D5: 2 footprint overlaps, 2 pad clearance violations, 1 courtyard conflict. Move the components apart.
Q1 overlaps C12: 1 footprint overlap, 1 pad clearance violation, 1 courtyard conflict. Move the components apart.
Q1 overlaps C13: 2 footprint overlaps, 2 pad clearance violations, 1 courtyard conflict. Move the components apart.
Q1 overlaps C14: 2 footprint overlaps, 2 pad clearance violations, 1 courtyard conflict. Move the components apart.
Q1 overlaps C15: 1 footprint overlap, 1 pad clearance violation, 1 courtyard conflict. Move the components apart.
Q1 overlaps C16: 2 footprint overlaps, 2 pad clearance violations, 1 courtyard conflict. Move the components apart.
Q1 overlaps C17: 2 footprint overlaps, 2 pad clearance violations, 1 courtyard conflict. Move the components apart.
Q1 overlaps R17: 1 footprint overlap, 1 pad clearance violation, 1 courtyard conflict. Move the components apart.
Q1 overlaps R18: 1 footprint overlap, 1 pad clearance violation, 1 courtyard conflict. Move the components apart.
Q1 overlaps R55: 1 footprint overlap, 1 pad clearance violation, 1 courtyard conflict. Move the components apart.
Q1 overlaps R19: 1 footprint overlap, 1 pad clearance violation, 1 courtyard conflict. Move the components apart.
Q1 overlaps R20: 1 footprint overlap, 1 pad clearance violation, 1 courtyard conflict. Move the components apart.
Q1 overlaps R21: 1 footprint overlap, 1 pad clearance violation, 1 courtyard conflict. Move the components apart.
Q1 overlaps R22: 1 footprint overlap, 1 pad clearance violation, 1 courtyard conflict. Move the components apart.
Q1 overlaps C19: 1 footprint overlap, 1 pad clearance violation, 1 courtyard conflict. Move the components apart.
Q1 overlaps C20: 1 footprint overlap, 1 pad clearance violation, 1 courtyard conflict. Move the components apart.
Q1 overlaps R23: 1 footprint overlap, 1 pad clearance violation, 1 courtyard conflict. Move the components apart.
Q1 overlaps R68: 2 footprint overlaps, 2 pad clearance violations, 1 courtyard conflict. Move the components apart.
Q1 overlaps R24: 1 footprint overlap, 1 pad clearance violation, 1 courtyard conflict. Move the components apart.
Q1 overlaps R25: 1 footprint overlap, 1 pad clearance violation, 1 courtyard conflict. Move the components apart.
Q1 overlaps D6: 1 footprint overlap, 1 pad clearance violation, 1 courtyard conflict. Move the components apart.
Q1 overlaps D7: 1 footprint overlap, 1 pad clearance violation, 1 courtyard conflict. Move the components apart.
Q1 overlaps R26: 1 footprint overlap, 1 pad clearance violation, 1 courtyard conflict. Move the components apart.
Q1 overlaps C21: 1 footprint overlap, 1 pad clearance violation, 1 courtyard conflict. Move the components apart.
Q1 overlaps C22: 1 footprint overlap, 1 pad clearance violation, 1 courtyard conflict. Move the components apart.
Q1 overlaps C23: 1 footprint overlap, 1 pad clearance violation, 1 courtyard conflict. Move the components apart.
Q1 overlaps R29: 1 footprint overlap, 1 pad clearance violation, 1 courtyard conflict. Move the components apart.
Q1 overlaps R30: 1 footprint overlap, 1 pad clearance violation, 1 courtyard conflict. Move the components apart.
Q1 overlaps LED2: 1 footprint overlap, 1 pad clearance violation, 1 courtyard conflict. Move the components apart.
Q1 overlaps LED3: 1 footprint overlap, 1 pad clearance violation, 1 courtyard conflict. Move the components apart.
U8 overlaps Q1: 3 footprint overlaps, 3 pad clearance violations, 1 courtyard conflict. Move the components apart.
R31 overlaps Q1: 1 footprint overlap, 1 pad clearance violation, 1 courtyard conflict. Move the components apart.
R32 overlaps Q1: 1 footprint overlap, 1 pad clearance violation, 1 courtyard conflict. Move the components apart.
R33 overlaps Q1: 1 footprint overlap, 1 pad clearance violation, 1 courtyard conflict. Move the components apart.
R34 overlaps Q1: 1 footprint overlap, 1 pad clearance violation, 1 courtyard conflict. Move the components apart.
D8 overlaps Q1: 1 footprint overlap, 1 pad clearance violation, 1 courtyard conflict. Move the components apart.
R39 overlaps Q1: 1 footprint overlap, 1 pad clearance violation, 1 courtyard conflict. Move the components apart.
R65 overlaps Q1: 1 footprint overlap, 1 pad clearance violation, 1 courtyard conflict. Move the components apart.
R40 overlaps Q1: 1 footprint overlap, 1 pad clearance violation, 1 courtyard conflict. Move the components apart.
C25 overlaps Q1: 1 footprint overlap, 1 pad clearance violation, 1 courtyard conflict. Move the components apart.
U10 overlaps Q1: 2 footprint overlaps, 2 pad clearance violations, 1 courtyard conflict. Move the components apart.
R50 overlaps Q1: 1 footprint overlap, 1 pad clearance violation, 1 courtyard conflict. Move the components apart.
R51 overlaps Q1: 1 footprint overlap, 1 pad clearance violation, 1 courtyard conflict. Move the components apart.
C26 overlaps Q1: 1 footprint overlap, 1 pad clearance violation, 1 courtyard conflict. Move the components apart.
C27 overlaps Q1: 1 footprint overlap, 1 pad clearance violation, 1 courtyard conflict. Move the components apart.
C28 overlaps Q1: 1 footprint overlap, 1 pad clearance violation, 1 courtyard conflict. Move the components apart.
C29 overlaps Q1: 2 footprint overlaps, 2 pad clearance violations, 1 courtyard conflict. Move the components apart.
D10 overlaps Q1: 3 footprint overlaps, 3 pad clearance violations, 1 courtyard conflict. Move the components apart.
D11 overlaps Q1: 2 footprint overlaps, 2 pad clearance violations, 1 courtyard conflict. Move the components apart.
R54 overlaps Q1: 1 footprint overlap, 1 pad clearance violation, 1 courtyard conflict. Move the components apart.
LED1 overlaps Q1: 1 footprint overlap, 1 pad clearance violation, 1 courtyard conflict. Move the components apart.
Q2 overlaps Q1: 3 footprint overlaps, 3 pad clearance violations, 1 courtyard conflict. Move the components apart.
R41 overlaps Q1: 1 footprint overlap, 1 pad clearance violation, 1 courtyard conflict. Move the components apart.
R42 overlaps Q1: 1 footprint overlap, 1 pad clearance violation, 1 courtyard conflict. Move the components apart.
R43 overlaps Q1: 1 footprint overlap, 1 pad clearance violation, 1 courtyard conflict. Move the components apart.
R44 overlaps Q1: 1 footprint overlap, 1 pad clearance violation, 1 courtyard conflict. Move the components apart.
D9 overlaps Q1: 1 footprint overlap, 2 pad clearance violations, 1 courtyard conflict. Move the components apart.
Q3 overlaps Q1: 2 footprint overlaps, 2 pad clearance violations, 1 courtyard conflict. Move the components apart.
Q4 overlaps Q1: 2 footprint overlaps, 2 pad clearance violations, 1 courtyard conflict. Move the components apart.
R49 overlaps Q1: 1 footprint overlap, 1 pad clearance violation, 1 courtyard conflict. Move the components apart.
Q5 overlaps Q1: 2 footprint overlaps, 2 pad clearance violations, 1 courtyard conflict. Move the components apart.
Q1 overlaps SW1: 4 footprint overlaps, 3 pad clearance violations, 1 courtyard conflict. Move the components apart.
J2 overlaps Q1: 5 footprint overlaps, 3 pad clearance violations, 1 courtyard conflict. Move the components apart.
R5 overlaps R6: 2 footprint overlaps, 2 pad clearance violations, 1 courtyard conflict. Move the components apart.
R5 overlaps R7: 2 footprint overlaps, 2 pad clearance violations, 1 courtyard conflict. Move the components apart.
R5 overlaps R8: 2 footprint overlaps, 2 pad clearance violations, 1 courtyard conflict. Move the components apart.
R5 overlaps R9: 2 footprint overlaps, 2 pad clearance violations, 1 courtyard conflict. Move the components apart.
R5 overlaps R10: 2 footprint overlaps, 2 pad clearance violations, 1 courtyard conflict. Move the components apart.
R5 overlaps R11: 2 footprint overlaps, 2 pad clearance violations, 1 courtyard conflict. Move the components apart.
R5 overlaps R12: 2 footprint overlaps, 2 pad clearance violations, 1 courtyard conflict. Move the components apart.
R5 overlaps R13: 2 footprint overlaps, 2 pad clearance violations, 1 courtyard conflict. Move the components apart.
R5 overlaps R16: 1 footprint overlap, 1 pad clearance violation, 1 courtyard conflict. Move the components apart.
R5 overlaps C9: 2 footprint overlaps, 2 pad clearance violations, 1 courtyard conflict. Move the components apart.
R5 overlaps C10: 2 footprint overlaps, 2 pad clearance violations, 1 courtyard conflict. Move the components apart.
R5 overlaps C11: 2 footprint overlaps, 2 pad clearance violations, 1 courtyard conflict. Move the components apart.
R5 overlaps U5: 2 footprint overlaps, 2 pad clearance violations, 1 courtyard conflict. Move the components apart.
R5 overlaps C12: 2 footprint overlaps, 2 pad clearance violations, 1 courtyard conflict. Move the components apart.
R5 overlaps C13: 2 footprint overlaps, 2 pad clearance violations, 1 courtyard conflict. Move the components apart.
R5 overlaps C14: 2 footprint overlaps, 2 pad clearance violations, 1 courtyard conflict. Move the components apart.
R5 overlaps C15: 2 footprint overlaps, 2 pad clearance violations, 1 courtyard conflict. Move the components apart.
R5 overlaps C16: 2 footprint overlaps, 2 pad clearance violations, 1 courtyard conflict. Move the components apart.
R5 overlaps C17: 2 footprint overlaps, 2 pad clearance violations, 1 courtyard conflict. Move the components apart.
R5 overlaps R17: 2 footprint overlaps, 2 pad clearance violations, 1 courtyard conflict. Move the components apart.
R5 overlaps R18: 2 footprint overlaps, 2 pad clearance violations, 1 courtyard conflict. Move the components apart.
R5 overlaps R55: 2 footprint overlaps, 2 pad clearance violations, 1 courtyard conflict. Move the components apart.
R5 overlaps R19: 2 footprint overlaps, 2 pad clearance violations, 1 courtyard conflict. Move the components apart.
R5 overlaps R20: 2 footprint overlaps, 2 pad clearance violations, 1 courtyard conflict. Move the components apart.
R5 overlaps R21: 2 footprint overlaps, 2 pad clearance violations, 1 courtyard conflict. Move the components apart.
R5 overlaps R22: 2 footprint overlaps, 2 pad clearance violations, 1 courtyard conflict. Move the components apart.
R5 overlaps C19: 2 footprint overlaps, 2 pad clearance violations, 1 courtyard conflict. Move the components apart.
R5 overlaps C20: 2 footprint overlaps, 2 pad clearance violations, 1 courtyard conflict. Move the components apart.
R5 overlaps R23: 2 footprint overlaps, 2 pad clearance violations, 1 courtyard conflict. Move the components apart.
R5 overlaps R68: 2 footprint overlaps, 2 pad clearance violations, 1 courtyard conflict. Move the components apart.
R5 overlaps R24: 2 footprint overlaps, 2 pad clearance violations, 1 courtyard conflict. Move the components apart.
R5 overlaps R25: 1 footprint overlap, 1 pad clearance violation, 1 courtyard conflict. Move the components apart.
R5 overlaps D6: 2 footprint overlaps, 2 pad clearance violations, 1 courtyard conflict. Move the components apart.
R5 overlaps D7: 2 footprint overlaps, 2 pad clearance violations, 1 courtyard conflict. Move the components apart.
R5 overlaps R26: 2 footprint overlaps, 2 pad clearance violations, 1 courtyard conflict. Move the components apart.
R5 overlaps C21: 2 footprint overlaps, 2 pad clearance violations, 1 courtyard conflict. Move the components apart.
R5 overlaps C22: 2 footprint overlaps, 2 pad clearance violations, 1 courtyard conflict. Move the components apart.
R5 overlaps C23: 1 footprint overlap, 1 pad clearance violation, 1 courtyard conflict. Move the components apart.
R5 overlaps R29: 2 footprint overlaps, 2 pad clearance violations, 1 courtyard conflict. Move the components apart.
R5 overlaps R30: 2 footprint overlaps, 2 pad clearance violations, 1 courtyard conflict. Move the components apart.
R5 overlaps LED2: 2 footprint overlaps, 2 pad clearance violations, 1 courtyard conflict. Move the components apart.
R5 overlaps LED3: 2 footprint overlaps, 2 pad clearance violations, 1 courtyard conflict. Move the components apart.
U8 overlaps R5: 1 footprint overlap, 1 pad clearance violation, 1 courtyard conflict. Move the components apart.
R31 overlaps R5: 2 footprint overlaps, 2 pad clearance violations, 1 courtyard conflict. Move the components apart.
R32 overlaps R5: 2 footprint overlaps, 2 pad clearance violations, 1 courtyard conflict. Move the components apart.
R33 overlaps R5: 2 footprint overlaps, 2 pad clearance violations, 1 courtyard conflict. Move the components apart.
R34 overlaps R5: 1 footprint overlap, 1 pad clearance violation, 1 courtyard conflict. Move the components apart.
D8 overlaps R5: 2 footprint overlaps, 2 pad clearance violations, 1 courtyard conflict. Move the components apart.
R39 overlaps R5: 2 footprint overlaps, 2 pad clearance violations, 1 courtyard conflict. Move the components apart.
R65 overlaps R5: 2 footprint overlaps, 2 pad clearance violations, 1 courtyard conflict. Move the components apart.
R40 overlaps R5: 2 footprint overlaps, 2 pad clearance violations, 1 courtyard conflict. Move the components apart.
C25 overlaps R5: 2 footprint overlaps, 2 pad clearance violations, 1 courtyard conflict. Move the components apart.
U10 overlaps R5: 2 footprint overlaps, 2 pad clearance violations, 1 courtyard conflict. Move the components apart.
R50 overlaps R5: 2 footprint overlaps, 2 pad clearance violations, 1 courtyard conflict. Move the components apart.
R51 overlaps R5: 1 footprint overlap, 1 pad clearance violation, 1 courtyard conflict. Move the components apart.
C26 overlaps R5: 2 footprint overlaps, 2 pad clearance violations, 1 courtyard conflict. Move the components apart.
C27 overlaps R5: 2 footprint overlaps, 2 pad clearance violations, 1 courtyard conflict. Move the components apart.
C28 overlaps R5: 2 footprint overlaps, 2 pad clearance violations, 1 courtyard conflict. Move the components apart.
C29 overlaps R5: 2 footprint overlaps, 2 pad clearance violations, 1 courtyard conflict. Move the components apart.
R54 overlaps R5: 2 footprint overlaps, 2 pad clearance violations, 1 courtyard conflict. Move the components apart.
LED1 overlaps R5: 2 footprint overlaps, 2 pad clearance violations, 1 courtyard conflict. Move the components apart.
Q2 overlaps R5: 1 footprint overlap, 1 pad clearance violation, 1 courtyard conflict. Move the components apart.
R41 overlaps R5: 2 footprint overlaps, 2 pad clearance violations, 1 courtyard conflict. Move the components apart.
R42 overlaps R5: 2 footprint overlaps, 2 pad clearance violations, 1 courtyard conflict. Move the components apart.
R43 overlaps R5: 2 footprint overlaps, 2 pad clearance violations, 1 courtyard conflict. Move the components apart.
R44 overlaps R5: 2 footprint overlaps, 2 pad clearance violations, 1 courtyard conflict. Move the components apart.
Q3 overlaps R5: 1 footprint overlap, 1 pad clearance violation, 1 courtyard conflict. Move the components apart.
Q4 overlaps R5: 1 footprint overlap, 1 pad clearance violation, 1 courtyard conflict. Move the components apart.
R49 overlaps R5: 2 footprint overlaps, 2 pad clearance violations, 1 courtyard conflict. Move the components apart.
Q5 overlaps R5: 1 footprint overlap, 1 pad clearance violation, 1 courtyard conflict. Move the components apart.
R5 overlaps SW1: 3 footprint overlaps, 2 pad clearance violations, 1 courtyard conflict. Move the components apart.
J2 overlaps R5: 2 footprint overlaps, 2 pad clearance violations, 1 courtyard conflict. Move the components apart.
R6 overlaps R7: 2 footprint overlaps, 2 pad clearance violations, 1 courtyard conflict. Move the components apart.
R6 overlaps R8: 2 footprint overlaps, 2 pad clearance violations, 1 courtyard conflict. Move the components apart.
R6 overlaps R9: 2 footprint overlaps, 2 pad clearance violations, 1 courtyard conflict. Move the components apart.
R6 overlaps R10: 2 footprint overlaps, 2 pad clearance violations, 1 courtyard conflict. Move the components apart.
R6 overlaps R11: 2 footprint overlaps, 2 pad clearance violations, 1 courtyard conflict. Move the components apart.
R6 overlaps R12: 2 footprint overlaps, 2 pad clearance violations, 1 courtyard conflict. Move the components apart.
R6 overlaps R13: 2 footprint overlaps, 2 pad clearance violations, 1 courtyard conflict. Move the components apart.
R6 overlaps R16: 2 footprint overlaps, 2 pad clearance violations, 1 courtyard conflict. Move the components apart.
R6 overlaps C9: 2 footprint overlaps, 2 pad clearance violations, 1 courtyard conflict. Move the components apart.
R6 overlaps C10: 2 footprint overlaps, 2 pad clearance violations, 1 courtyard conflict. Move the components apart.
R6 overlaps C11: 2 footprint overlaps, 2 pad clearance violations, 1 courtyard conflict. Move the components apart.
R6 overlaps U5: 2 footprint overlaps, 2 pad clearance violations, 1 courtyard conflict. Move the components apart.
R6 overlaps C12: 2 footprint overlaps, 2 pad clearance violations, 1 courtyard conflict. Move the components apart.
R6 overlaps C13: 2 footprint overlaps, 2 pad clearance violations, 1 courtyard conflict. Move the components apart.
R6 overlaps C14: 2 footprint overlaps, 2 pad clearance violations, 1 courtyard conflict. Move the components apart.
R6 overlaps C15: 2 footprint overlaps, 2 pad clearance violations, 1 courtyard conflict. Move the components apart.
R6 overlaps C16: 2 footprint overlaps, 2 pad clearance violations, 1 courtyard conflict. Move the components apart.
R6 overlaps C17: 2 footprint overlaps, 2 pad clearance violations, 1 courtyard conflict. Move the components apart.
R6 overlaps R17: 2 footprint overlaps, 2 pad clearance violations, 1 courtyard conflict. Move the components apart.
R6 overlaps R18: 2 footprint overlaps, 2 pad clearance violations, 1 courtyard conflict. Move the components apart.
R6 overlaps R55: 2 footprint overlaps, 2 pad clearance violations, 1 courtyard conflict. Move the components apart.
R6 overlaps R19: 2 footprint overlaps, 2 pad clearance violations, 1 courtyard conflict. Move the components apart.
R6 overlaps R20: 2 footprint overlaps, 2 pad clearance violations, 1 courtyard conflict. Move the components apart.
R6 overlaps R21: 2 footprint overlaps, 2 pad clearance violations, 1 courtyard conflict. Move the components apart.
R6 overlaps R22: 2 footprint overlaps, 2 pad clearance violations, 1 courtyard conflict. Move the components apart.
R6 overlaps C19: 2 footprint overlaps, 2 pad clearance violations, 1 courtyard conflict. Move the components apart.
R6 overlaps C20: 2 footprint overlaps, 2 pad clearance violations, 1 courtyard conflict. Move the components apart.
R6 overlaps R23: 2 footprint overlaps, 2 pad clearance violations, 1 courtyard conflict. Move the components apart.
R6 overlaps R68: 2 footprint overlaps, 2 pad clearance violations, 1 courtyard conflict. Move the components apart.
R6 overlaps R24: 2 footprint overlaps, 2 pad clearance violations, 1 courtyard conflict. Move the components apart.
R6 overlaps R25: 2 footprint overlaps, 2 pad clearance violations, 1 courtyard conflict. Move the components apart.
R6 overlaps D6: 2 footprint overlaps, 2 pad clearance violations, 1 courtyard conflict. Move the components apart.
R6 overlaps D7: 2 footprint overlaps, 2 pad clearance violations, 1 courtyard conflict. Move the components apart.
R6 overlaps R26: 2 footprint overlaps, 2 pad clearance violations, 1 courtyard conflict. Move the components apart.
R6 overlaps C21: 2 footprint overlaps, 2 pad clearance violations, 1 courtyard conflict. Move the components apart.
R6 overlaps C22: 2 footprint overlaps, 2 pad clearance violations, 1 courtyard conflict. Move the components apart.
R6 overlaps C23: 2 footprint overlaps, 2 pad clearance violations, 1 courtyard conflict. Move the components apart.
R6 overlaps R29: 2 footprint overlaps, 2 pad clearance violations, 1 courtyard conflict. Move the components apart.
R6 overlaps R30: 2 footprint overlaps, 2 pad clearance violations, 1 courtyard conflict. Move the components apart.
R6 overlaps LED2: 2 footprint overlaps, 2 pad clearance violations, 1 courtyard conflict. Move the components apart.
R6 overlaps LED3: 2 footprint overlaps, 2 pad clearance violations, 1 courtyard conflict. Move the components apart.
U8 overlaps R6: 1 footprint overlap, 1 pad clearance violation, 1 courtyard conflict. Move the components apart.
R31 overlaps R6: 2 footprint overlaps, 2 pad clearance violations, 1 courtyard conflict. Move the components apart.
R32 overlaps R6: 2 footprint overlaps, 2 pad clearance violations, 1 courtyard conflict. Move the components apart.
R33 overlaps R6: 2 footprint overlaps, 2 pad clearance violations, 1 courtyard conflict. Move the components apart.
R34 overlaps R6: 2 footprint overlaps, 2 pad clearance violations, 1 courtyard conflict. Move the components apart.
D8 overlaps R6: 2 footprint overlaps, 2 pad clearance violations, 1 courtyard conflict. Move the components apart.
R39 overlaps R6: 2 footprint overlaps, 2 pad clearance violations, 1 courtyard conflict. Move the components apart.
R65 overlaps R6: 2 footprint overlaps, 2 pad clearance violations, 1 courtyard conflict. Move the components apart.
R40 overlaps R6: 2 footprint overlaps, 2 pad clearance violations, 1 courtyard conflict. Move the components apart.
C25 overlaps R6: 2 footprint overlaps, 2 pad clearance violations, 1 courtyard conflict. Move the components apart.
U10 overlaps R6: 2 footprint overlaps, 2 pad clearance violations, 1 courtyard conflict. Move the components apart.
R50 overlaps R6: 2 footprint overlaps, 2 pad clearance violations, 1 courtyard conflict. Move the components apart.
R51 overlaps R6: 2 footprint overlaps, 2 pad clearance violations, 1 courtyard conflict. Move the components apart.
C26 overlaps R6: 2 footprint overlaps, 2 pad clearance violations, 1 courtyard conflict. Move the components apart.
C27 overlaps R6: 2 footprint overlaps, 2 pad clearance violations, 1 courtyard conflict. Move the components apart.
C28 overlaps R6: 2 footprint overlaps, 2 pad clearance violations, 1 courtyard conflict. Move the components apart.
C29 overlaps R6: 2 footprint overlaps, 2 pad clearance violations, 1 courtyard conflict. Move the components apart.
R54 overlaps R6: 2 footprint overlaps, 2 pad clearance violations, 1 courtyard conflict. Move the components apart.
LED1 overlaps R6: 2 footprint overlaps, 2 pad clearance violations, 1 courtyard conflict. Move the components apart.
Q2 overlaps R6: 1 footprint overlap, 1 pad clearance violation, 1 courtyard conflict. Move the components apart.
R41 overlaps R6: 2 footprint overlaps, 2 pad clearance violations, 1 courtyard conflict. Move the components apart.
R42 overlaps R6: 2 footprint overlaps, 2 pad clearance violations, 1 courtyard conflict. Move the components apart.
R43 overlaps R6: 2 footprint overlaps, 2 pad clearance violations, 1 courtyard conflict. Move the components apart.
R44 overlaps R6: 2 footprint overlaps, 2 pad clearance violations, 1 courtyard conflict. Move the components apart.
Q3 overlaps R6: 1 footprint overlap, 1 pad clearance violation, 1 courtyard conflict. Move the components apart.
Q4 overlaps R6: 1 footprint overlap, 1 pad clearance violation, 1 courtyard conflict. Move the components apart.
R49 overlaps R6: 2 footprint overlaps, 2 pad clearance violations, 1 courtyard conflict. Move the components apart.
Q5 overlaps R6: 1 footprint overlap, 1 pad clearance violation, 1 courtyard conflict. Move the components apart.
R6 overlaps SW1: 3 footprint overlaps, 2 pad clearance violations, 1 courtyard conflict. Move the components apart.
J2 overlaps R6: 2 footprint overlaps, 2 pad clearance violations, 1 courtyard conflict. Move the components apart.
R7 overlaps R8: 2 footprint overlaps, 2 pad clearance violations, 1 courtyard conflict. Move the components apart.
R7 overlaps R9: 2 footprint overlaps, 2 pad clearance violations, 1 courtyard conflict. Move the components apart.
R7 overlaps R10: 2 footprint overlaps, 2 pad clearance violations, 1 courtyard conflict. Move the components apart.
R7 overlaps R11: 2 footprint overlaps, 2 pad clearance violations, 1 courtyard conflict. Move the components apart.
R7 overlaps R12: 2 footprint overlaps, 2 pad clearance violations, 1 courtyard conflict. Move the components apart.
R7 overlaps R13: 2 footprint overlaps, 2 pad clearance violations, 1 courtyard conflict. Move the components apart.
R7 overlaps R16: 2 footprint overlaps, 2 pad clearance violations, 1 courtyard conflict. Move the components apart.
R7 overlaps C9: 2 footprint overlaps, 2 pad clearance violations, 1 courtyard conflict. Move the components apart.
R7 overlaps C10: 2 footprint overlaps, 2 pad clearance violations, 1 courtyard conflict. Move the components apart.
R7 overlaps C11: 2 footprint overlaps, 2 pad clearance violations, 1 courtyard conflict. Move the components apart.
R7 overlaps U5: 2 footprint overlaps, 2 pad clearance violations, 1 courtyard conflict. Move the components apart.
R7 overlaps C12: 2 footprint overlaps, 2 pad clearance violations, 1 courtyard conflict. Move the components apart.
R7 overlaps C13: 2 footprint overlaps, 2 pad clearance violations, 1 courtyard conflict. Move the components apart.
R7 overlaps C14: 2 footprint overlaps, 2 pad clearance violations, 1 courtyard conflict. Move the components apart.
R7 overlaps C15: 2 footprint overlaps, 2 pad clearance violations, 1 courtyard conflict. Move the components apart.
R7 overlaps C16: 2 footprint overlaps, 2 pad clearance violations, 1 courtyard conflict. Move the components apart.
R7 overlaps C17: 2 footprint overlaps, 2 pad clearance violations, 1 courtyard conflict. Move the components apart.
R7 overlaps R17: 2 footprint overlaps, 2 pad clearance violations, 1 courtyard conflict. Move the components apart.
R7 overlaps R18: 2 footprint overlaps, 2 pad clearance violations, 1 courtyard conflict. Move the components apart.
R7 overlaps R55: 2 footprint overlaps, 2 pad clearance violations, 1 courtyard conflict. Move the components apart.
R7 overlaps R19: 2 footprint overlaps, 2 pad clearance violations, 1 courtyard conflict. Move the components apart.
R7 overlaps R20: 2 footprint overlaps, 2 pad clearance violations, 1 courtyard conflict. Move the components apart.
R7 overlaps R21: 2 footprint overlaps, 2 pad clearance violations, 1 courtyard conflict. Move the components apart.
R7 overlaps R22: 2 footprint overlaps, 2 pad clearance violations, 1 courtyard conflict. Move the components apart.
R7 overlaps C19: 2 footprint overlaps, 2 pad clearance violations, 1 courtyard conflict. Move the components apart.
R7 overlaps C20: 2 footprint overlaps, 2 pad clearance violations, 1 courtyard conflict. Move the components apart.
R7 overlaps R23: 2 footprint overlaps, 2 pad clearance violations, 1 courtyard conflict. Move the components apart.
R7 overlaps R68: 2 footprint overlaps, 2 pad clearance violations, 1 courtyard conflict. Move the components apart.
R7 overlaps R24: 2 footprint overlaps, 2 pad clearance violations, 1 courtyard conflict. Move the components apart.
R7 overlaps R25: 2 footprint overlaps, 2 pad clearance violations, 1 courtyard conflict. Move the components apart.
R7 overlaps D6: 2 footprint overlaps, 2 pad clearance violations, 1 courtyard conflict. Move the components apart.
R7 overlaps D7: 2 footprint overlaps, 2 pad clearance violations, 1 courtyard conflict. Move the components apart.
R7 overlaps R26: 2 footprint overlaps, 2 pad clearance violations, 1 courtyard conflict. Move the components apart.
R7 overlaps C21: 2 footprint overlaps, 2 pad clearance violations, 1 courtyard conflict. Move the components apart.
R7 overlaps C22: 2 footprint overlaps, 2 pad clearance violations, 1 courtyard conflict. Move the components apart.
R7 overlaps C23: 2 footprint overlaps, 2 pad clearance violations, 1 courtyard conflict. Move the components apart.
R7 overlaps R29: 2 footprint overlaps, 2 pad clearance violations, 1 courtyard conflict. Move the components apart.
R7 overlaps R30: 2 footprint overlaps, 2 pad clearance violations, 1 courtyard conflict. Move the components apart.
R7 overlaps LED2: 2 footprint overlaps, 2 pad clearance violations, 1 courtyard conflict. Move the components apart.
R7 overlaps LED3: 2 footprint overlaps, 2 pad clearance violations, 1 courtyard conflict. Move the components apart.
U8 overlaps R7: 1 footprint overlap, 1 pad clearance violation, 1 courtyard conflict. Move the components apart.
R31 overlaps R7: 2 footprint overlaps, 2 pad clearance violations, 1 courtyard conflict. Move the components apart.
R32 overlaps R7: 2 footprint overlaps, 2 pad clearance violations, 1 courtyard conflict. Move the components apart.
R33 overlaps R7: 2 footprint overlaps, 2 pad clearance violations, 1 courtyard conflict. Move the components apart.
R34 overlaps R7: 2 footprint overlaps, 2 pad clearance violations, 1 courtyard conflict. Move the components apart.
D8 overlaps R7: 2 footprint overlaps, 2 pad clearance violations, 1 courtyard conflict. Move the components apart.
R39 overlaps R7: 2 footprint overlaps, 2 pad clearance violations, 1 courtyard conflict. Move the components apart.
R65 overlaps R7: 2 footprint overlaps, 2 pad clearance violations, 1 courtyard conflict. Move the components apart.
R40 overlaps R7: 2 footprint overlaps, 2 pad clearance violations, 1 courtyard conflict. Move the components apart.
C25 overlaps R7: 2 footprint overlaps, 2 pad clearance violations, 1 courtyard conflict. Move the components apart.
U10 overlaps R7: 2 footprint overlaps, 2 pad clearance violations, 1 courtyard conflict. Move the components apart.
R50 overlaps R7: 2 footprint overlaps, 2 pad clearance violations, 1 courtyard conflict. Move the components apart.
R51 overlaps R7: 2 footprint overlaps, 2 pad clearance violations, 1 courtyard conflict. Move the components apart.
C26 overlaps R7: 2 footprint overlaps, 2 pad clearance violations, 1 courtyard conflict. Move the components apart.
C27 overlaps R7: 2 footprint overlaps, 2 pad clearance violations, 1 courtyard conflict. Move the components apart.
C28 overlaps R7: 2 footprint overlaps, 2 pad clearance violations, 1 courtyard conflict. Move the components apart.
C29 overlaps R7: 2 footprint overlaps, 2 pad clearance violations, 1 courtyard conflict. Move the components apart.
R54 overlaps R7: 2 footprint overlaps, 2 pad clearance violations, 1 courtyard conflict. Move the components apart.
LED1 overlaps R7: 2 footprint overlaps, 2 pad clearance violations, 1 courtyard conflict. Move the components apart.
Q2 overlaps R7: 1 footprint overlap, 1 pad clearance violation, 1 courtyard conflict. Move the components apart.
R41 overlaps R7: 2 footprint overlaps, 2 pad clearance violations, 1 courtyard conflict. Move the components apart.
R42 overlaps R7: 2 footprint overlaps, 2 pad clearance violations, 1 courtyard conflict. Move the components apart.
R43 overlaps R7: 2 footprint overlaps, 2 pad clearance violations, 1 courtyard conflict. Move the components apart.
R44 overlaps R7: 2 footprint overlaps, 2 pad clearance violations, 1 courtyard conflict. Move the components apart.
Q3 overlaps R7: 1 footprint overlap, 1 pad clearance violation, 1 courtyard conflict. Move the components apart.
Q4 overlaps R7: 1 footprint overlap, 1 pad clearance violation, 1 courtyard conflict. Move the components apart.
R49 overlaps R7: 2 footprint overlaps, 2 pad clearance violations, 1 courtyard conflict. Move the components apart.
Q5 overlaps R7: 1 footprint overlap, 1 pad clearance violation, 1 courtyard conflict. Move the components apart.
R7 overlaps SW1: 3 footprint overlaps, 2 pad clearance violations, 1 courtyard conflict. Move the components apart.
J2 overlaps R7: 2 footprint overlaps, 2 pad clearance violations, 1 courtyard conflict. Move the components apart.
R8 overlaps R9: 2 footprint overlaps, 2 pad clearance violations, 1 courtyard conflict. Move the components apart.
R8 overlaps R10: 1 footprint overlap, 1 pad clearance violation, 1 courtyard conflict. Move the components apart.
R8 overlaps R11: 2 footprint overlaps, 2 pad clearance violations, 1 courtyard conflict. Move the components apart.
R8 overlaps R12: 2 footprint overlaps, 2 pad clearance violations, 1 courtyard conflict. Move the components apart.
R8 overlaps R13: 2 footprint overlaps, 2 pad clearance violations, 1 courtyard conflict. Move the components apart.
R8 overlaps R16: 2 footprint overlaps, 2 pad clearance violations, 1 courtyard conflict. Move the components apart.
R8 overlaps C9: 2 footprint overlaps, 2 pad clearance violations, 1 courtyard conflict. Move the components apart.
R8 overlaps C10: 1 footprint overlap, 1 pad clearance violation, 1 courtyard conflict. Move the components apart.
R8 overlaps C11: 2 footprint overlaps, 2 pad clearance violations, 1 courtyard conflict. Move the components apart.
R8 overlaps U5: 2 footprint overlaps, 2 pad clearance violations, 1 courtyard conflict. Move the components apart.
R8 overlaps C12: 2 footprint overlaps, 2 pad clearance violations, 1 courtyard conflict. Move the components apart.
R8 overlaps C13: 2 footprint overlaps, 2 pad clearance violations, 1 courtyard conflict. Move the components apart.
R8 overlaps C14: 2 footprint overlaps, 2 pad clearance violations, 1 courtyard conflict. Move the components apart.
R8 overlaps C15: 2 footprint overlaps, 2 pad clearance violations, 1 courtyard conflict. Move the components apart.
R8 overlaps C16: 2 footprint overlaps, 2 pad clearance violations, 1 courtyard conflict. Move the components apart.
R8 overlaps C17: 2 footprint overlaps, 2 pad clearance violations, 1 courtyard conflict. Move the components apart.
R8 overlaps R17: 2 footprint overlaps, 2 pad clearance violations, 1 courtyard conflict. Move the components apart.
R8 overlaps R18: 2 footprint overlaps, 2 pad clearance violations, 1 courtyard conflict. Move the components apart.
R8 overlaps R55: 2 footprint overlaps, 2 pad clearance violations, 1 courtyard conflict. Move the components apart.
R8 overlaps R19: 2 footprint overlaps, 2 pad clearance violations, 1 courtyard conflict. Move the components apart.
R8 overlaps R20: 2 footprint overlaps, 2 pad clearance violations, 1 courtyard conflict. Move the components apart.
R8 overlaps R21: 2 footprint overlaps, 2 pad clearance violations, 1 courtyard conflict. Move the components apart.
R8 overlaps R22: 2 footprint overlaps, 2 pad clearance violations, 1 courtyard conflict. Move the components apart.
R8 overlaps C19: 2 footprint overlaps, 2 pad clearance violations, 1 courtyard conflict. Move the components apart.
R8 overlaps C20: 2 footprint overlaps, 2 pad clearance violations, 1 courtyard conflict. Move the components apart.
R8 overlaps R23: 2 footprint overlaps, 2 pad clearance violations, 1 courtyard conflict. Move the components apart.
R8 overlaps R68: 2 footprint overlaps, 2 pad clearance violations, 1 courtyard conflict. Move the components apart.
R8 overlaps R24: 2 footprint overlaps, 2 pad clearance violations, 1 courtyard conflict. Move the components apart.
R8 overlaps R25: 2 footprint overlaps, 2 pad clearance violations, 1 courtyard conflict. Move the components apart.
R8 overlaps D6: 2 footprint overlaps, 2 pad clearance violations, 1 courtyard conflict. Move the components apart.
R8 overlaps D7: 2 footprint overlaps, 2 pad clearance violations, 1 courtyard conflict. Move the components apart.
R8 overlaps R26: 2 footprint overlaps, 2 pad clearance violations, 1 courtyard conflict. Move the components apart.
R8 overlaps C21: 2 footprint overlaps, 2 pad clearance violations, 1 courtyard conflict. Move the components apart.
R8 overlaps C22: 2 footprint overlaps, 2 pad clearance violations, 1 courtyard conflict. Move the components apart.
R8 overlaps C23: 2 footprint overlaps, 2 pad clearance violations, 1 courtyard conflict. Move the components apart.
R8 overlaps R29: 2 footprint overlaps, 2 pad clearance violations, 1 courtyard conflict. Move the components apart.
R8 overlaps R30: 2 footprint overlaps, 2 pad clearance violations, 1 courtyard conflict. Move the components apart.
R8 overlaps LED2: 2 footprint overlaps, 2 pad clearance violations, 1 courtyard conflict. Move the components apart.
R8 overlaps LED3: 2 footprint overlaps, 2 pad clearance violations, 1 courtyard conflict. Move the components apart.
U8 overlaps R8: 1 footprint overlap, 1 pad clearance violation, 1 courtyard conflict. Move the components apart.
R31 overlaps R8: 2 footprint overlaps, 2 pad clearance violations, 1 courtyard conflict. Move the components apart.
R32 overlaps R8: 2 footprint overlaps, 2 pad clearance violations, 1 courtyard conflict. Move the components apart.
R33 overlaps R8: 2 footprint overlaps, 2 pad clearance violations, 1 courtyard conflict. Move the components apart.
R34 overlaps R8: 2 footprint overlaps, 2 pad clearance violations, 1 courtyard conflict. Move the components apart.
D8 overlaps R8: 2 footprint overlaps, 2 pad clearance violations, 1 courtyard conflict. Move the components apart.
R39 overlaps R8: 2 footprint overlaps, 2 pad clearance violations, 1 courtyard conflict. Move the components apart.
R65 overlaps R8: 2 footprint overlaps, 2 pad clearance violations, 1 courtyard conflict. Move the components apart.
R40 overlaps R8: 2 footprint overlaps, 2 pad clearance violations, 1 courtyard conflict. Move the components apart.
C25 overlaps R8: 2 footprint overlaps, 2 pad clearance violations, 1 courtyard conflict. Move the components apart.
U10 overlaps R8: 2 footprint overlaps, 2 pad clearance violations, 1 courtyard conflict. Move the components apart.
R50 overlaps R8: 2 footprint overlaps, 2 pad clearance violations, 1 courtyard conflict. Move the components apart.
R51 overlaps R8: 2 footprint overlaps, 2 pad clearance violations, 1 courtyard conflict. Move the components apart.
C26 overlaps R8: 2 footprint overlaps, 2 pad clearance violations, 1 courtyard conflict. Move the components apart.
C27 overlaps R8: 2 footprint overlaps, 2 pad clearance violations, 1 courtyard conflict. Move the components apart.
C28 overlaps R8: 2 footprint overlaps, 2 pad clearance violations, 1 courtyard conflict. Move the components apart.
C29 overlaps R8: 2 footprint overlaps, 2 pad clearance violations, 1 courtyard conflict. Move the components apart.
R54 overlaps R8: 2 footprint overlaps, 2 pad clearance violations, 1 courtyard conflict. Move the components apart.
LED1 overlaps R8: 2 footprint overlaps, 2 pad clearance violations, 1 courtyard conflict. Move the components apart.
Q2 overlaps R8: 1 footprint overlap, 1 pad clearance violation, 1 courtyard conflict. Move the components apart.
R41 overlaps R8: 2 footprint overlaps, 2 pad clearance violations, 1 courtyard conflict. Move the components apart.
R42 overlaps R8: 2 footprint overlaps, 2 pad clearance violations, 1 courtyard conflict. Move the components apart.
R43 overlaps R8: 2 footprint overlaps, 2 pad clearance violations, 1 courtyard conflict. Move the components apart.
R44 overlaps R8: 2 footprint overlaps, 2 pad clearance violations, 1 courtyard conflict. Move the components apart.
Q3 overlaps R8: 1 footprint overlap, 1 pad clearance violation, 1 courtyard conflict. Move the components apart.
Q4 overlaps R8: 1 footprint overlap, 1 pad clearance violation, 1 courtyard conflict. Move the components apart.
R49 overlaps R8: 2 footprint overlaps, 2 pad clearance violations, 1 courtyard conflict. Move the components apart.
Q5 overlaps R8: 1 footprint overlap, 1 pad clearance violation, 1 courtyard conflict. Move the components apart.
R8 overlaps SW1: 3 footprint overlaps, 2 pad clearance violations, 1 courtyard conflict. Move the components apart.
J2 overlaps R8: 2 footprint overlaps, 2 pad clearance violations, 1 courtyard conflict. Move the components apart.
R9 overlaps R10: 2 footprint overlaps, 2 pad clearance violations, 1 courtyard conflict. Move the components apart.
R9 overlaps R11: 2 footprint overlaps, 2 pad clearance violations, 1 courtyard conflict. Move the components apart.
R9 overlaps R12: 1 footprint overlap, 1 pad clearance violation, 1 courtyard conflict. Move the components apart.
R9 overlaps R13: 1 footprint overlap, 1 pad clearance violation, 1 courtyard conflict. Move the components apart.
R9 overlaps R16: 2 footprint overlaps, 2 pad clearance violations, 1 courtyard conflict. Move the components apart.
R9 overlaps C9: 1 footprint overlap, 1 pad clearance violation, 1 courtyard conflict. Move the components apart.
R9 overlaps C10: 1 footprint overlap, 1 pad clearance violation, 1 courtyard conflict. Move the components apart.
R9 overlaps C11: 1 footprint overlap, 1 pad clearance violation, 1 courtyard conflict. Move the components apart.
R9 overlaps U5: 1 footprint overlap, 1 pad clearance violation, 1 courtyard conflict. Move the components apart.
R9 overlaps C12: 2 footprint overlaps, 2 pad clearance violations, 1 courtyard conflict. Move the components apart.
R9 overlaps C13: 1 footprint overlap, 1 pad clearance violation, 1 courtyard conflict. Move the components apart.
R9 overlaps C14: 1 footprint overlap, 1 pad clearance violation, 1 courtyard conflict. Move the components apart.
R9 overlaps C15: 1 footprint overlap, 1 pad clearance violation, 1 courtyard conflict. Move the components apart.
R9 overlaps C16: 1 footprint overlap, 1 pad clearance violation, 1 courtyard conflict. Move the components apart.
R9 overlaps C17: 1 footprint overlap, 1 pad clearance violation, 1 courtyard conflict. Move the components apart.
R9 overlaps R17: 1 footprint overlap, 1 pad clearance violation, 1 courtyard conflict. Move the components apart.
R9 overlaps R18: 2 footprint overlaps, 2 pad clearance violations, 1 courtyard conflict. Move the components apart.
R9 overlaps R55: 2 footprint overlaps, 2 pad clearance violations, 1 courtyard conflict. Move the components apart.
R9 overlaps R19: 1 footprint overlap, 1 pad clearance violation, 1 courtyard conflict. Move the components apart.
R9 overlaps R20: 2 footprint overlaps, 2 pad clearance violations, 1 courtyard conflict. Move the components apart.
R9 overlaps R21: 2 footprint overlaps, 2 pad clearance violations, 1 courtyard conflict. Move the components apart.
R9 overlaps R22: 2 footprint overlaps, 2 pad clearance violations, 1 courtyard conflict. Move the components apart.
R9 overlaps C19: 1 footprint overlap, 1 pad clearance violation, 1 courtyard conflict. Move the components apart.
R9 overlaps C20: 1 footprint overlap, 1 pad clearance violation, 1 courtyard conflict. Move the components apart.
R9 overlaps R23: 2 footprint overlaps, 2 pad clearance violations, 1 courtyard conflict. Move the components apart.
R9 overlaps R68: 1 footprint overlap, 1 pad clearance violation, 1 courtyard conflict. Move the components apart.
R9 overlaps R24: 1 footprint overlap, 1 pad clearance violation, 1 courtyard conflict. Move the components apart.
R9 overlaps R25: 2 footprint overlaps, 2 pad clearance violations, 1 courtyard conflict. Move the components apart.
R9 overlaps D6: 2 footprint overlaps, 2 pad clearance violations, 1 courtyard conflict. Move the components apart.
R9 overlaps D7: 2 footprint overlaps, 2 pad clearance violations, 1 courtyard conflict. Move the components apart.
R9 overlaps R26: 2 footprint overlaps, 2 pad clearance violations, 1 courtyard conflict. Move the components apart.
R9 overlaps C21: 1 footprint overlap, 1 pad clearance violation, 1 courtyard conflict. Move the components apart.
R9 overlaps C22: 1 footprint overlap, 1 pad clearance violation, 1 courtyard conflict. Move the components apart.
R9 overlaps C23: 1 footprint overlap, 1 pad clearance violation, 1 courtyard conflict. Move the components apart.
R9 overlaps R29: 2 footprint overlaps, 2 pad clearance violations, 1 courtyard conflict. Move the components apart.
R9 overlaps R30: 2 footprint overlaps, 2 pad clearance violations, 1 courtyard conflict. Move the components apart.
R9 overlaps LED2: 1 footprint overlap, 1 pad clearance violation, 1 courtyard conflict. Move the components apart.
R9 overlaps LED3: 1 footprint overlap, 1 pad clearance violation, 1 courtyard conflict. Move the components apart.
U8 overlaps R9: 1 footprint overlap, 1 pad clearance violation, 1 courtyard conflict. Move the components apart.
R31 overlaps R9: 2 footprint overlaps, 2 pad clearance violations, 1 courtyard conflict. Move the components apart.
R32 overlaps R9: 2 footprint overlaps, 2 pad clearance violations, 1 courtyard conflict. Move the components apart.
R33 overlaps R9: 1 footprint overlap, 1 pad clearance violation, 1 courtyard conflict. Move the components apart.
R34 overlaps R9: 2 footprint overlaps, 2 pad clearance violations, 1 courtyard conflict. Move the components apart.
D8 overlaps R9: 2 footprint overlaps, 2 pad clearance violations, 1 courtyard conflict. Move the components apart.
R39 overlaps R9: 2 footprint overlaps, 2 pad clearance violations, 1 courtyard conflict. Move the components apart.
R65 overlaps R9: 1 footprint overlap, 1 pad clearance violation, 1 courtyard conflict. Move the components apart.
R40 overlaps R9: 2 footprint overlaps, 2 pad clearance violations, 1 courtyard conflict. Move the components apart.
C25 overlaps R9: 1 footprint overlap, 1 pad clearance violation, 1 courtyard conflict. Move the components apart.
U10 overlaps R9: 1 footprint overlap, 1 pad clearance violation, 1 courtyard conflict. Move the components apart.
R50 overlaps R9: 1 footprint overlap, 1 pad clearance violation, 1 courtyard conflict. Move the components apart.
R51 overlaps R9: 2 footprint overlaps, 2 pad clearance violations, 1 courtyard conflict. Move the components apart.
C26 overlaps R9: 2 footprint overlaps, 2 pad clearance violations, 1 courtyard conflict. Move the components apart.
C27 overlaps R9: 2 footprint overlaps, 2 pad clearance violations, 1 courtyard conflict. Move the components apart.
C28 overlaps R9: 1 footprint overlap, 1 pad clearance violation, 1 courtyard conflict. Move the components apart.
C29 overlaps R9: 1 footprint overlap, 1 pad clearance violation, 1 courtyard conflict. Move the components apart.
R54 overlaps R9: 2 footprint overlaps, 2 pad clearance violations, 1 courtyard conflict. Move the components apart.
LED1 overlaps R9: 1 footprint overlap, 1 pad clearance violation, 1 courtyard conflict. Move the components apart.
Q2 overlaps R9: 1 footprint overlap, 1 pad clearance violation, 1 courtyard conflict. Move the components apart.
R41 overlaps R9: 2 footprint overlaps, 2 pad clearance violations, 1 courtyard conflict. Move the components apart.
R42 overlaps R9: 2 footprint overlaps, 2 pad clearance violations, 1 courtyard conflict. Move the components apart.
R43 overlaps R9: 2 footprint overlaps, 2 pad clearance violations, 1 courtyard conflict. Move the components apart.
R44 overlaps R9: 1 footprint overlap, 1 pad clearance violation, 1 courtyard conflict. Move the components apart.
Q3 overlaps R9: 1 footprint overlap, 1 pad clearance violation, 1 courtyard conflict. Move the components apart.
Q4 overlaps R9: 1 footprint overlap, 1 pad clearance violation, 1 courtyard conflict. Move the components apart.
R49 overlaps R9: 2 footprint overlaps, 2 pad clearance violations, 1 courtyard conflict. Move the components apart.
Q5 overlaps R9: 1 footprint overlap, 1 pad clearance violation, 1 courtyard conflict. Move the components apart.
R9 overlaps SW1: 3 footprint overlaps, 2 pad clearance violations, 1 courtyard conflict. Move the components apart.
J2 overlaps R9: 2 footprint overlaps, 2 pad clearance violations, 1 courtyard conflict. Move the components apart.
R10 overlaps R11: 2 footprint overlaps, 2 pad clearance violations, 1 courtyard conflict. Move the components apart.
R10 overlaps R12: 2 footprint overlaps, 2 pad clearance violations, 1 courtyard conflict. Move the components apart.
R10 overlaps R13: 2 footprint overlaps, 2 pad clearance violations, 1 courtyard conflict. Move the components apart.
R10 overlaps R16: 2 footprint overlaps, 2 pad clearance violations, 1 courtyard conflict. Move the components apart.
R10 overlaps C9: 2 footprint overlaps, 2 pad clearance violations, 1 courtyard conflict. Move the components apart.
R10 overlaps C10: 1 footprint overlap, 1 pad clearance violation, 1 courtyard conflict. Move the components apart.
R10 overlaps C11: 2 footprint overlaps, 2 pad clearance violations, 1 courtyard conflict. Move the components apart.
R10 overlaps U5: 2 footprint overlaps, 2 pad clearance violations, 1 courtyard conflict. Move the components apart.
R10 overlaps C12: 2 footprint overlaps, 2 pad clearance violations, 1 courtyard conflict. Move the components apart.
R10 overlaps C13: 2 footprint overlaps, 2 pad clearance violations, 1 courtyard conflict. Move the components apart.
R10 overlaps C14: 2 footprint overlaps, 2 pad clearance violations, 1 courtyard conflict. Move the components apart.
R10 overlaps C15: 2 footprint overlaps, 2 pad clearance violations, 1 courtyard conflict. Move the components apart.
R10 overlaps C16: 2 footprint overlaps, 2 pad clearance violations, 1 courtyard conflict. Move the components apart.
R10 overlaps C17: 2 footprint overlaps, 2 pad clearance violations, 1 courtyard conflict. Move the components apart.
R10 overlaps R17: 2 footprint overlaps, 2 pad clearance violations, 1 courtyard conflict. Move the components apart.
R10 overlaps R18: 2 footprint overlaps, 2 pad clearance violations, 1 courtyard conflict. Move the components apart.
R10 overlaps R55: 2 footprint overlaps, 2 pad clearance violations, 1 courtyard conflict. Move the components apart.
R10 overlaps R19: 2 footprint overlaps, 2 pad clearance violations, 1 courtyard conflict. Move the components apart.
R10 overlaps R20: 2 footprint overlaps, 2 pad clearance violations, 1 courtyard conflict. Move the components apart.
R10 overlaps R21: 2 footprint overlaps, 2 pad clearance violations, 1 courtyard conflict. Move the components apart.
R10 overlaps R22: 2 footprint overlaps, 2 pad clearance violations, 1 courtyard conflict. Move the components apart.
R10 overlaps C19: 2 footprint overlaps, 2 pad clearance violations, 1 courtyard conflict. Move the components apart.
R10 overlaps C20: 2 footprint overlaps, 2 pad clearance violations, 1 courtyard conflict. Move the components apart.
R10 overlaps R23: 2 footprint overlaps, 2 pad clearance violations, 1 courtyard conflict. Move the components apart.
R10 overlaps R68: 2 footprint overlaps, 2 pad clearance violations, 1 courtyard conflict. Move the components apart.
R10 overlaps R24: 2 footprint overlaps, 2 pad clearance violations, 1 courtyard conflict. Move the components apart.
R10 overlaps R25: 2 footprint overlaps, 2 pad clearance violations, 1 courtyard conflict. Move the components apart.
R10 overlaps D6: 2 footprint overlaps, 2 pad clearance violations, 1 courtyard conflict. Move the components apart.
R10 overlaps D7: 2 footprint overlaps, 2 pad clearance violations, 1 courtyard conflict. Move the components apart.
R10 overlaps R26: 2 footprint overlaps, 2 pad clearance violations, 1 courtyard conflict. Move the components apart.
R10 overlaps C21: 2 footprint overlaps, 2 pad clearance violations, 1 courtyard conflict. Move the components apart.
R10 overlaps C22: 2 footprint overlaps, 2 pad clearance violations, 1 courtyard conflict. Move the components apart.
R10 overlaps C23: 2 footprint overlaps, 2 pad clearance violations, 1 courtyard conflict. Move the components apart.
R10 overlaps R29: 2 footprint overlaps, 2 pad clearance violations, 1 courtyard conflict. Move the components apart.
R10 overlaps R30: 2 footprint overlaps, 2 pad clearance violations, 1 courtyard conflict. Move the components apart.
R10 overlaps LED2: 2 footprint overlaps, 2 pad clearance violations, 1 courtyard conflict. Move the components apart.
R10 overlaps LED3: 2 footprint overlaps, 2 pad clearance violations, 1 courtyard conflict. Move the components apart.
U8 overlaps R10: 1 footprint overlap, 1 pad clearance violation, 1 courtyard conflict. Move the components apart.
R31 overlaps R10: 2 footprint overlaps, 2 pad clearance violations, 1 courtyard conflict. Move the components apart.
R32 overlaps R10: 2 footprint overlaps, 2 pad clearance violations, 1 courtyard conflict. Move the components apart.
R33 overlaps R10: 2 footprint overlaps, 2 pad clearance violations, 1 courtyard conflict. Move the components apart.
R34 overlaps R10: 2 footprint overlaps, 2 pad clearance violations, 1 courtyard conflict. Move the components apart.
D8 overlaps R10: 2 footprint overlaps, 2 pad clearance violations, 1 courtyard conflict. Move the components apart.
R39 overlaps R10: 2 footprint overlaps, 2 pad clearance violations, 1 courtyard conflict. Move the components apart.
R65 overlaps R10: 2 footprint overlaps, 2 pad clearance violations, 1 courtyard conflict. Move the components apart.
R40 overlaps R10: 2 footprint overlaps, 2 pad clearance violations, 1 courtyard conflict. Move the components apart.
C25 overlaps R10: 2 footprint overlaps, 2 pad clearance violations, 1 courtyard conflict. Move the components apart.
U10 overlaps R10: 2 footprint overlaps, 2 pad clearance violations, 1 courtyard conflict. Move the components apart.
R50 overlaps R10: 2 footprint overlaps, 2 pad clearance violations, 1 courtyard conflict. Move the components apart.
R51 overlaps R10: 2 footprint overlaps, 2 pad clearance violations, 1 courtyard conflict. Move the components apart.
C26 overlaps R10: 2 footprint overlaps, 2 pad clearance violations, 1 courtyard conflict. Move the components apart.
C27 overlaps R10: 2 footprint overlaps, 2 pad clearance violations, 1 courtyard conflict. Move the components apart.
C28 overlaps R10: 2 footprint overlaps, 2 pad clearance violations, 1 courtyard conflict. Move the components apart.
C29 overlaps R10: 2 footprint overlaps, 2 pad clearance violations, 1 courtyard conflict. Move the components apart.
R54 overlaps R10: 2 footprint overlaps, 2 pad clearance violations, 1 courtyard conflict. Move the components apart.
LED1 overlaps R10: 2 footprint overlaps, 2 pad clearance violations, 1 courtyard conflict. Move the components apart.
Q2 overlaps R10: 1 footprint overlap, 1 pad clearance violation, 1 courtyard conflict. Move the components apart.
R41 overlaps R10: 2 footprint overlaps, 2 pad clearance violations, 1 courtyard conflict. Move the components apart.
R42 overlaps R10: 2 footprint overlaps, 2 pad clearance violations, 1 courtyard conflict. Move the components apart.
R43 overlaps R10: 2 footprint overlaps, 2 pad clearance violations, 1 courtyard conflict. Move the components apart.
R44 overlaps R10: 2 footprint overlaps, 2 pad clearance violations, 1 courtyard conflict. Move the components apart.
Q3 overlaps R10: 1 footprint overlap, 1 pad clearance violation, 1 courtyard conflict. Move the components apart.
Q4 overlaps R10: 1 footprint overlap, 1 pad clearance violation, 1 courtyard conflict. Move the components apart.
R49 overlaps R10: 2 footprint overlaps, 2 pad clearance violations, 1 courtyard conflict. Move the components apart.
Q5 overlaps R10: 1 footprint overlap, 1 pad clearance violation, 1 courtyard conflict. Move the components apart.
R10 overlaps SW1: 3 footprint overlaps, 2 pad clearance violations, 1 courtyard conflict. Move the components apart.
J2 overlaps R10: 2 footprint overlaps, 2 pad clearance violations, 1 courtyard conflict. Move the components apart.
R11 overlaps R12: 2 footprint overlaps, 2 pad clearance violations, 1 courtyard conflict. Move the components apart.
R11 overlaps R13: 2 footprint overlaps, 2 pad clearance violations, 1 courtyard conflict. Move the components apart.
R11 overlaps R16: 2 footprint overlaps, 2 pad clearance violations, 1 courtyard conflict. Move the components apart.
R11 overlaps C9: 2 footprint overlaps, 2 pad clearance violations, 1 courtyard conflict. Move the components apart.
R11 overlaps C10: 2 footprint overlaps, 2 pad clearance violations, 1 courtyard conflict. Move the components apart.
R11 overlaps C11: 2 footprint overlaps, 2 pad clearance violations, 1 courtyard conflict. Move the components apart.
R11 overlaps U5: 2 footprint overlaps, 2 pad clearance violations, 1 courtyard conflict. Move the components apart.
R11 overlaps C12: 2 footprint overlaps, 2 pad clearance violations, 1 courtyard conflict. Move the components apart.
R11 overlaps C13: 2 footprint overlaps, 2 pad clearance violations, 1 courtyard conflict. Move the components apart.
R11 overlaps C14: 2 footprint overlaps, 2 pad clearance violations, 1 courtyard conflict. Move the components apart.
R11 overlaps C15: 2 footprint overlaps, 2 pad clearance violations, 1 courtyard conflict. Move the components apart.
R11 overlaps C16: 2 footprint overlaps, 2 pad clearance violations, 1 courtyard conflict. Move the components apart.
R11 overlaps C17: 2 footprint overlaps, 2 pad clearance violations, 1 courtyard conflict. Move the components apart.
R11 overlaps R17: 2 footprint overlaps, 2 pad clearance violations, 1 courtyard conflict. Move the components apart.
R11 overlaps R18: 2 footprint overlaps, 2 pad clearance violations, 1 courtyard conflict. Move the components apart.
R11 overlaps R55: 2 footprint overlaps, 2 pad clearance violations, 1 courtyard conflict. Move the components apart.
R11 overlaps R19: 2 footprint overlaps, 2 pad clearance violations, 1 courtyard conflict. Move the components apart.
R11 overlaps R20: 2 footprint overlaps, 2 pad clearance violations, 1 courtyard conflict. Move the components apart.
R11 overlaps R21: 2 footprint overlaps, 2 pad clearance violations, 1 courtyard conflict. Move the components apart.
R11 overlaps R22: 2 footprint overlaps, 2 pad clearance violations, 1 courtyard conflict. Move the components apart.
R11 overlaps C19: 2 footprint overlaps, 2 pad clearance violations, 1 courtyard conflict. Move the components apart.
R11 overlaps C20: 2 footprint overlaps, 2 pad clearance violations, 1 courtyard conflict. Move the components apart.
R11 overlaps R23: 2 footprint overlaps, 2 pad clearance violations, 1 courtyard conflict. Move the components apart.
R11 overlaps R68: 2 footprint overlaps, 2 pad clearance violations, 1 courtyard conflict. Move the components apart.
R11 overlaps R24: 2 footprint overlaps, 2 pad clearance violations, 1 courtyard conflict. Move the components apart.
R11 overlaps R25: 2 footprint overlaps, 2 pad clearance violations, 1 courtyard conflict. Move the components apart.
R11 overlaps D6: 2 footprint overlaps, 2 pad clearance violations, 1 courtyard conflict. Move the components apart.
R11 overlaps D7: 2 footprint overlaps, 2 pad clearance violations, 1 courtyard conflict. Move the components apart.
R11 overlaps R26: 2 footprint overlaps, 2 pad clearance violations, 1 courtyard conflict. Move the components apart.
R11 overlaps C21: 2 footprint overlaps, 2 pad clearance violations, 1 courtyard conflict. Move the components apart.
R11 overlaps C22: 2 footprint overlaps, 2 pad clearance violations, 1 courtyard conflict. Move the components apart.
R11 overlaps C23: 2 footprint overlaps, 2 pad clearance violations, 1 courtyard conflict. Move the components apart.
R11 overlaps R29: 2 footprint overlaps, 2 pad clearance violations, 1 courtyard conflict. Move the components apart.
R11 overlaps R30: 2 footprint overlaps, 2 pad clearance violations, 1 courtyard conflict. Move the components apart.
R11 overlaps LED2: 2 footprint overlaps, 2 pad clearance violations, 1 courtyard conflict. Move the components apart.
R11 overlaps LED3: 2 footprint overlaps, 2 pad clearance violations, 1 courtyard conflict. Move the components apart.
U8 overlaps R11: 1 footprint overlap, 1 pad clearance violation, 1 courtyard conflict. Move the components apart.
R31 overlaps R11: 2 footprint overlaps, 2 pad clearance violations, 1 courtyard conflict. Move the components apart.
R32 overlaps R11: 2 footprint overlaps, 2 pad clearance violations, 1 courtyard conflict. Move the components apart.
R33 overlaps R11: 2 footprint overlaps, 2 pad clearance violations, 1 courtyard conflict. Move the components apart.
R34 overlaps R11: 2 footprint overlaps, 2 pad clearance violations, 1 courtyard conflict. Move the components apart.
D8 overlaps R11: 2 footprint overlaps, 2 pad clearance violations, 1 courtyard conflict. Move the components apart.
R39 overlaps R11: 2 footprint overlaps, 2 pad clearance violations, 1 courtyard conflict. Move the components apart.
R65 overlaps R11: 2 footprint overlaps, 2 pad clearance violations, 1 courtyard conflict. Move the components apart.
R40 overlaps R11: 2 footprint overlaps, 2 pad clearance violations, 1 courtyard conflict. Move the components apart.
C25 overlaps R11: 2 footprint overlaps, 2 pad clearance violations, 1 courtyard conflict. Move the components apart.
U10 overlaps R11: 2 footprint overlaps, 2 pad clearance violations, 1 courtyard conflict. Move the components apart.
R50 overlaps R11: 2 footprint overlaps, 2 pad clearance violations, 1 courtyard conflict. Move the components apart.
R51 overlaps R11: 2 footprint overlaps, 2 pad clearance violations, 1 courtyard conflict. Move the components apart.
C26 overlaps R11: 2 footprint overlaps, 2 pad clearance violations, 1 courtyard conflict. Move the components apart.
C27 overlaps R11: 2 footprint overlaps, 2 pad clearance violations, 1 courtyard conflict. Move the components apart.
C28 overlaps R11: 2 footprint overlaps, 2 pad clearance violations, 1 courtyard conflict. Move the components apart.
C29 overlaps R11: 2 footprint overlaps, 2 pad clearance violations, 1 courtyard conflict. Move the components apart.
R54 overlaps R11: 2 footprint overlaps, 2 pad clearance violations, 1 courtyard conflict. Move the components apart.
LED1 overlaps R11: 2 footprint overlaps, 2 pad clearance violations, 1 courtyard conflict. Move the components apart.
Q2 overlaps R11: 1 footprint overlap, 1 pad clearance violation, 1 courtyard conflict. Move the components apart.
R41 overlaps R11: 2 footprint overlaps, 2 pad clearance violations, 1 courtyard conflict. Move the components apart.
R42 overlaps R11: 2 footprint overlaps, 2 pad clearance violations, 1 courtyard conflict. Move the components apart.
R43 overlaps R11: 2 footprint overlaps, 2 pad clearance violations, 1 courtyard conflict. Move the components apart.
R44 overlaps R11: 2 footprint overlaps, 2 pad clearance violations, 1 courtyard conflict. Move the components apart.
Q3 overlaps R11: 1 footprint overlap, 1 pad clearance violation, 1 courtyard conflict. Move the components apart.
Q4 overlaps R11: 1 footprint overlap, 1 pad clearance violation, 1 courtyard conflict. Move the components apart.
R49 overlaps R11: 2 footprint overlaps, 2 pad clearance violations, 1 courtyard conflict. Move the components apart.
Q5 overlaps R11: 1 footprint overlap, 1 pad clearance violation, 1 courtyard conflict. Move the components apart.
R11 overlaps SW1: 3 footprint overlaps, 2 pad clearance violations, 1 courtyard conflict. Move the components apart.
J2 overlaps R11: 2 footprint overlaps, 2 pad clearance violations, 1 courtyard conflict. Move the components apart.
R12 overlaps R13: 1 footprint overlap, 1 pad clearance violation, 1 courtyard conflict. Move the components apart.
R12 overlaps R16: 2 footprint overlaps, 2 pad clearance violations, 1 courtyard conflict. Move the components apart.
R12 overlaps C9: 1 footprint overlap, 1 pad clearance violation, 1 courtyard conflict. Move the components apart.
R12 overlaps C10: 1 footprint overlap, 1 pad clearance violation, 1 courtyard conflict. Move the components apart.
R12 overlaps C11: 1 footprint overlap, 1 pad clearance violation, 1 courtyard conflict. Move the components apart.
R12 overlaps U5: 1 footprint overlap, 1 pad clearance violation, 1 courtyard conflict. Move the components apart.
R12 overlaps C12: 2 footprint overlaps, 2 pad clearance violations, 1 courtyard conflict. Move the components apart.
R12 overlaps C13: 1 footprint overlap, 1 pad clearance violation, 1 courtyard conflict. Move the components apart.
R12 overlaps C14: 1 footprint overlap, 1 pad clearance violation, 1 courtyard conflict. Move the components apart.
R12 overlaps C15: 1 footprint overlap, 1 pad clearance violation, 1 courtyard conflict. Move the components apart.
R12 overlaps C16: 1 footprint overlap, 1 pad clearance violation, 1 courtyard conflict. Move the components apart.
R12 overlaps C17: 1 footprint overlap, 1 pad clearance violation, 1 courtyard conflict. Move the components apart.
R12 overlaps R17: 1 footprint overlap, 1 pad clearance violation, 1 courtyard conflict. Move the components apart.
R12 overlaps R18: 2 footprint overlaps, 2 pad clearance violations, 1 courtyard conflict. Move the components apart.
R12 overlaps R55: 2 footprint overlaps, 2 pad clearance violations, 1 courtyard conflict. Move the components apart.
R12 overlaps R19: 1 footprint overlap, 1 pad clearance violation, 1 courtyard conflict. Move the components apart.
R12 overlaps R20: 2 footprint overlaps, 2 pad clearance violations, 1 courtyard conflict. Move the components apart.
R12 overlaps R21: 2 footprint overlaps, 2 pad clearance violations, 1 courtyard conflict. Move the components apart.
R12 overlaps R22: 2 footprint overlaps, 2 pad clearance violations, 1 courtyard conflict. Move the components apart.
R12 overlaps C19: 1 footprint overlap, 1 pad clearance violation, 1 courtyard conflict. Move the components apart.
R12 overlaps C20: 1 footprint overlap, 1 pad clearance violation, 1 courtyard conflict. Move the components apart.
R12 overlaps R23: 2 footprint overlaps, 2 pad clearance violations, 1 courtyard conflict. Move the components apart.
R12 overlaps R68: 1 footprint overlap, 1 pad clearance violation, 1 courtyard conflict. Move the components apart.
R12 overlaps R24: 1 footprint overlap, 1 pad clearance violation, 1 courtyard conflict. Move the components apart.
R12 overlaps R25: 2 footprint overlaps, 2 pad clearance violations, 1 courtyard conflict. Move the components apart.
R12 overlaps D6: 2 footprint overlaps, 2 pad clearance violations, 1 courtyard conflict. Move the components apart.
R12 overlaps D7: 2 footprint overlaps, 2 pad clearance violations, 1 courtyard conflict. Move the components apart.
R12 overlaps R26: 2 footprint overlaps, 2 pad clearance violations, 1 courtyard conflict. Move the components apart.
R12 overlaps C21: 1 footprint overlap, 1 pad clearance violation, 1 courtyard conflict. Move the components apart.
R12 overlaps C22: 1 footprint overlap, 1 pad clearance violation, 1 courtyard conflict. Move the components apart.
R12 overlaps C23: 1 footprint overlap, 1 pad clearance violation, 1 courtyard conflict. Move the components apart.
R12 overlaps R29: 2 footprint overlaps, 2 pad clearance violations, 1 courtyard conflict. Move the components apart.
R12 overlaps R30: 2 footprint overlaps, 2 pad clearance violations, 1 courtyard conflict. Move the components apart.
R12 overlaps LED2: 1 footprint overlap, 1 pad clearance violation, 1 courtyard conflict. Move the components apart.
R12 overlaps LED3: 1 footprint overlap, 1 pad clearance violation, 1 courtyard conflict. Move the components apart.
U8 overlaps R12: 1 footprint overlap, 1 pad clearance violation, 1 courtyard conflict. Move the components apart.
R31 overlaps R12: 2 footprint overlaps, 2 pad clearance violations, 1 courtyard conflict. Move the components apart.
R32 overlaps R12: 2 footprint overlaps, 2 pad clearance violations, 1 courtyard conflict. Move the components apart.
R33 overlaps R12: 1 footprint overlap, 1 pad clearance violation, 1 courtyard conflict. Move the components apart.
R34 overlaps R12: 2 footprint overlaps, 2 pad clearance violations, 1 courtyard conflict. Move the components apart.
D8 overlaps R12: 2 footprint overlaps, 2 pad clearance violations, 1 courtyard conflict. Move the components apart.
R39 overlaps R12: 2 footprint overlaps, 2 pad clearance violations, 1 courtyard conflict. Move the components apart.
R65 overlaps R12: 1 footprint overlap, 1 pad clearance violation, 1 courtyard conflict. Move the components apart.
R40 overlaps R12: 2 footprint overlaps, 2 pad clearance violations, 1 courtyard conflict. Move the components apart.
C25 overlaps R12: 1 footprint overlap, 1 pad clearance violation, 1 courtyard conflict. Move the components apart.
U10 overlaps R12: 1 footprint overlap, 1 pad clearance violation, 1 courtyard conflict. Move the components apart.
R50 overlaps R12: 1 footprint overlap, 1 pad clearance violation, 1 courtyard conflict. Move the components apart.
R51 overlaps R12: 2 footprint overlaps, 2 pad clearance violations, 1 courtyard conflict. Move the components apart.
C26 overlaps R12: 2 footprint overlaps, 2 pad clearance violations, 1 courtyard conflict. Move the components apart.
C27 overlaps R12: 2 footprint overlaps, 2 pad clearance violations, 1 courtyard conflict. Move the components apart.
C28 overlaps R12: 1 footprint overlap, 1 pad clearance violation, 1 courtyard conflict. Move the components apart.
C29 overlaps R12: 1 footprint overlap, 1 pad clearance violation, 1 courtyard conflict. Move the components apart.
R54 overlaps R12: 2 footprint overlaps, 2 pad clearance violations, 1 courtyard conflict. Move the components apart.
LED1 overlaps R12: 1 footprint overlap, 1 pad clearance violation, 1 courtyard conflict. Move the components apart.
Q2 overlaps R12: 1 footprint overlap, 1 pad clearance violation, 1 courtyard conflict. Move the components apart.
R41 overlaps R12: 2 footprint overlaps, 2 pad clearance violations, 1 courtyard conflict. Move the components apart.
R42 overlaps R12: 2 footprint overlaps, 2 pad clearance violations, 1 courtyard conflict. Move the components apart.
R43 overlaps R12: 2 footprint overlaps, 2 pad clearance violations, 1 courtyard conflict. Move the components apart.
R44 overlaps R12: 1 footprint overlap, 1 pad clearance violation, 1 courtyard conflict. Move the components apart.
Q3 overlaps R12: 1 footprint overlap, 1 pad clearance violation, 1 courtyard conflict. Move the components apart.
Q4 overlaps R12: 1 footprint overlap, 1 pad clearance violation, 1 courtyard conflict. Move the components apart.
R49 overlaps R12: 2 footprint overlaps, 2 pad clearance violations, 1 courtyard conflict. Move the components apart.
Q5 overlaps R12: 1 footprint overlap, 1 pad clearance violation, 1 courtyard conflict. Move the components apart.
R12 overlaps SW1: 3 footprint overlaps, 2 pad clearance violations, 1 courtyard conflict. Move the components apart.
J2 overlaps R12: 2 footprint overlaps, 2 pad clearance violations, 1 courtyard conflict. Move the components apart.
R13 overlaps R16: 2 footprint overlaps, 2 pad clearance violations, 1 courtyard conflict. Move the components apart.
R13 overlaps C9: 1 footprint overlap, 1 pad clearance violation, 1 courtyard conflict. Move the components apart.
R13 overlaps C10: 1 footprint overlap, 1 pad clearance violation, 1 courtyard conflict. Move the components apart.
R13 overlaps C11: 1 footprint overlap, 1 pad clearance violation, 1 courtyard conflict. Move the components apart.
R13 overlaps U5: 1 footprint overlap, 1 pad clearance violation, 1 courtyard conflict. Move the components apart.
R13 overlaps C12: 2 footprint overlaps, 2 pad clearance violations, 1 courtyard conflict. Move the components apart.
R13 overlaps C13: 1 footprint overlap, 1 pad clearance violation, 1 courtyard conflict. Move the components apart.
R13 overlaps C14: 1 footprint overlap, 1 pad clearance violation, 1 courtyard conflict. Move the components apart.
R13 overlaps C15: 1 footprint overlap, 1 pad clearance violation, 1 courtyard conflict. Move the components apart.
R13 overlaps C16: 1 footprint overlap, 1 pad clearance violation, 1 courtyard conflict. Move the components apart.
R13 overlaps C17: 1 footprint overlap, 1 pad clearance violation, 1 courtyard conflict. Move the components apart.
R13 overlaps R17: 1 footprint overlap, 1 pad clearance violation, 1 courtyard conflict. Move the components apart.
R13 overlaps R18: 2 footprint overlaps, 2 pad clearance violations, 1 courtyard conflict. Move the components apart.
R13 overlaps R55: 2 footprint overlaps, 2 pad clearance violations, 1 courtyard conflict. Move the components apart.
R13 overlaps R19: 1 footprint overlap, 1 pad clearance violation, 1 courtyard conflict. Move the components apart.
R13 overlaps R20: 2 footprint overlaps, 2 pad clearance violations, 1 courtyard conflict. Move the components apart.
R13 overlaps R21: 2 footprint overlaps, 2 pad clearance violations, 1 courtyard conflict. Move the components apart.
R13 overlaps R22: 2 footprint overlaps, 2 pad clearance violations, 1 courtyard conflict. Move the components apart.
R13 overlaps C19: 1 footprint overlap, 1 pad clearance violation, 1 courtyard conflict. Move the components apart.
R13 overlaps C20: 1 footprint overlap, 1 pad clearance violation, 1 courtyard conflict. Move the components apart.
R13 overlaps R23: 2 footprint overlaps, 2 pad clearance violations, 1 courtyard conflict. Move the components apart.
R13 overlaps R68: 1 footprint overlap, 1 pad clearance violation, 1 courtyard conflict. Move the components apart.
R13 overlaps R24: 1 footprint overlap, 1 pad clearance violation, 1 courtyard conflict. Move the components apart.
R13 overlaps R25: 2 footprint overlaps, 2 pad clearance violations, 1 courtyard conflict. Move the components apart.
R13 overlaps D6: 2 footprint overlaps, 2 pad clearance violations, 1 courtyard conflict. Move the components apart.
R13 overlaps D7: 2 footprint overlaps, 2 pad clearance violations, 1 courtyard conflict. Move the components apart.
R13 overlaps R26: 2 footprint overlaps, 2 pad clearance violations, 1 courtyard conflict. Move the components apart.
R13 overlaps C21: 1 footprint overlap, 1 pad clearance violation, 1 courtyard conflict. Move the components apart.
R13 overlaps C22: 1 footprint overlap, 1 pad clearance violation, 1 courtyard conflict. Move the components apart.
R13 overlaps C23: 1 footprint overlap, 1 pad clearance violation, 1 courtyard conflict. Move the components apart.
R13 overlaps R29: 2 footprint overlaps, 2 pad clearance violations, 1 courtyard conflict. Move the components apart.
R13 overlaps R30: 2 footprint overlaps, 2 pad clearance violations, 1 courtyard conflict. Move the components apart.
R13 overlaps LED2: 1 footprint overlap, 1 pad clearance violation, 1 courtyard conflict. Move the components apart.
R13 overlaps LED3: 1 footprint overlap, 1 pad clearance violation, 1 courtyard conflict. Move the components apart.
U8 overlaps R13: 1 footprint overlap, 1 pad clearance violation, 1 courtyard conflict. Move the components apart.
R31 overlaps R13: 2 footprint overlaps, 2 pad clearance violations, 1 courtyard conflict. Move the components apart.
R32 overlaps R13: 2 footprint overlaps, 2 pad clearance violations, 1 courtyard conflict. Move the components apart.
R33 overlaps R13: 1 footprint overlap, 1 pad clearance violation, 1 courtyard conflict. Move the components apart.
R34 overlaps R13: 2 footprint overlaps, 2 pad clearance violations, 1 courtyard conflict. Move the components apart.
D8 overlaps R13: 2 footprint overlaps, 2 pad clearance violations, 1 courtyard conflict. Move the components apart.
R39 overlaps R13: 2 footprint overlaps, 2 pad clearance violations, 1 courtyard conflict. Move the components apart.
R65 overlaps R13: 1 footprint overlap, 1 pad clearance violation, 1 courtyard conflict. Move the components apart.
R40 overlaps R13: 2 footprint overlaps, 2 pad clearance violations, 1 courtyard conflict. Move the components apart.
C25 overlaps R13: 1 footprint overlap, 1 pad clearance violation, 1 courtyard conflict. Move the components apart.
U10 overlaps R13: 1 footprint overlap, 1 pad clearance violation, 1 courtyard conflict. Move the components apart.
R50 overlaps R13: 1 footprint overlap, 1 pad clearance violation, 1 courtyard conflict. Move the components apart.
R51 overlaps R13: 2 footprint overlaps, 2 pad clearance violations, 1 courtyard conflict. Move the components apart.
C26 overlaps R13: 2 footprint overlaps, 2 pad clearance violations, 1 courtyard conflict. Move the components apart.
C27 overlaps R13: 2 footprint overlaps, 2 pad clearance violations, 1 courtyard conflict. Move the components apart.
C28 overlaps R13: 1 footprint overlap, 1 pad clearance violation, 1 courtyard conflict. Move the components apart.
C29 overlaps R13: 1 footprint overlap, 1 pad clearance violation, 1 courtyard conflict. Move the components apart.
R54 overlaps R13: 2 footprint overlaps, 2 pad clearance violations, 1 courtyard conflict. Move the components apart.
LED1 overlaps R13: 1 footprint overlap, 1 pad clearance violation, 1 courtyard conflict. Move the components apart.
Q2 overlaps R13: 1 footprint overlap, 1 pad clearance violation, 1 courtyard conflict. Move the components apart.
R41 overlaps R13: 2 footprint overlaps, 2 pad clearance violations, 1 courtyard conflict. Move the components apart.
R42 overlaps R13: 2 footprint overlaps, 2 pad clearance violations, 1 courtyard conflict. Move the components apart.
R43 overlaps R13: 2 footprint overlaps, 2 pad clearance violations, 1 courtyard conflict. Move the components apart.
R44 overlaps R13: 1 footprint overlap, 1 pad clearance violation, 1 courtyard conflict. Move the components apart.
Q3 overlaps R13: 1 footprint overlap, 1 pad clearance violation, 1 courtyard conflict. Move the components apart.
Q4 overlaps R13: 1 footprint overlap, 1 pad clearance violation, 1 courtyard conflict. Move the components apart.
R49 overlaps R13: 2 footprint overlaps, 2 pad clearance violations, 1 courtyard conflict. Move the components apart.
Q5 overlaps R13: 1 footprint overlap, 1 pad clearance violation, 1 courtyard conflict. Move the components apart.
R13 overlaps SW1: 3 footprint overlaps, 2 pad clearance violations, 1 courtyard conflict. Move the components apart.
J2 overlaps R13: 2 footprint overlaps, 2 pad clearance violations, 1 courtyard conflict. Move the components apart.
R16 overlaps C9: 2 footprint overlaps, 2 pad clearance violations, 1 courtyard conflict. Move the components apart.
R16 overlaps C10: 2 footprint overlaps, 2 pad clearance violations, 1 courtyard conflict. Move the components apart.
R16 overlaps C11: 2 footprint overlaps, 2 pad clearance violations, 1 courtyard conflict. Move the components apart.
R16 overlaps U5: 2 footprint overlaps, 2 pad clearance violations, 1 courtyard conflict. Move the components apart.
R16 overlaps C12: 2 footprint overlaps, 2 pad clearance violations, 1 courtyard conflict. Move the components apart.
R16 overlaps C13: 2 footprint overlaps, 2 pad clearance violations, 1 courtyard conflict. Move the components apart.
R16 overlaps C14: 2 footprint overlaps, 2 pad clearance violations, 1 courtyard conflict. Move the components apart.
R16 overlaps C15: 2 footprint overlaps, 2 pad clearance violations, 1 courtyard conflict. Move the components apart.
R16 overlaps C16: 2 footprint overlaps, 2 pad clearance violations, 1 courtyard conflict. Move the components apart.
R16 overlaps C17: 2 footprint overlaps, 2 pad clearance violations, 1 courtyard conflict. Move the components apart.
R16 overlaps R17: 2 footprint overlaps, 2 pad clearance violations, 1 courtyard conflict. Move the components apart.
R16 overlaps R18: 2 footprint overlaps, 2 pad clearance violations, 1 courtyard conflict. Move the components apart.
R16 overlaps R55: 2 footprint overlaps, 2 pad clearance violations, 1 courtyard conflict. Move the components apart.
R16 overlaps R19: 2 footprint overlaps, 2 pad clearance violations, 1 courtyard conflict. Move the components apart.
R16 overlaps R20: 2 footprint overlaps, 2 pad clearance violations, 1 courtyard conflict. Move the components apart.
R16 overlaps R21: 2 footprint overlaps, 2 pad clearance violations, 1 courtyard conflict. Move the components apart.
R16 overlaps R22: 2 footprint overlaps, 2 pad clearance violations, 1 courtyard conflict. Move the components apart.
R16 overlaps C19: 2 footprint overlaps, 2 pad clearance violations, 1 courtyard conflict. Move the components apart.
R16 overlaps C20: 2 footprint overlaps, 2 pad clearance violations, 1 courtyard conflict. Move the components apart.
R16 overlaps R23: 2 footprint overlaps, 2 pad clearance violations, 1 courtyard conflict. Move the components apart.
R16 overlaps R68: 2 footprint overlaps, 2 pad clearance violations, 1 courtyard conflict. Move the components apart.
R16 overlaps R24: 2 footprint overlaps, 2 pad clearance violations, 1 courtyard conflict. Move the components apart.
R16 overlaps R25: 1 footprint overlap, 1 pad clearance violation, 1 courtyard conflict. Move the components apart.
R16 overlaps D6: 2 footprint overlaps, 2 pad clearance violations, 1 courtyard conflict. Move the components apart.
R16 overlaps D7: 2 footprint overlaps, 2 pad clearance violations, 1 courtyard conflict. Move the components apart.
R16 overlaps R26: 2 footprint overlaps, 2 pad clearance violations, 1 courtyard conflict. Move the components apart.
R16 overlaps C21: 2 footprint overlaps, 2 pad clearance violations, 1 courtyard conflict. Move the components apart.
R16 overlaps C22: 2 footprint overlaps, 2 pad clearance violations, 1 courtyard conflict. Move the components apart.
R16 overlaps C23: 1 footprint overlap, 1 pad clearance violation, 1 courtyard conflict. Move the components apart.
R16 overlaps R29: 2 footprint overlaps, 2 pad clearance violations, 1 courtyard conflict. Move the components apart.
R16 overlaps R30: 2 footprint overlaps, 2 pad clearance violations, 1 courtyard conflict. Move the components apart.
R16 overlaps LED2: 2 footprint overlaps, 2 pad clearance violations, 1 courtyard conflict. Move the components apart.
R16 overlaps LED3: 2 footprint overlaps, 2 pad clearance violations, 1 courtyard conflict. Move the components apart.
U8 overlaps R16: 1 footprint overlap, 1 pad clearance violation, 1 courtyard conflict. Move the components apart.
R31 overlaps R16: 2 footprint overlaps, 2 pad clearance violations, 1 courtyard conflict. Move the components apart.
R32 overlaps R16: 2 footprint overlaps, 2 pad clearance violations, 1 courtyard conflict. Move the components apart.
R33 overlaps R16: 2 footprint overlaps, 2 pad clearance violations, 1 courtyard conflict. Move the components apart.
R34 overlaps R16: 1 footprint overlap, 1 pad clearance violation, 1 courtyard conflict. Move the components apart.
D8 overlaps R16: 2 footprint overlaps, 2 pad clearance violations, 1 courtyard conflict. Move the components apart.
R39 overlaps R16: 2 footprint overlaps, 2 pad clearance violations, 1 courtyard conflict. Move the components apart.
R65 overlaps R16: 2 footprint overlaps, 2 pad clearance violations, 1 courtyard conflict. Move the components apart.
R40 overlaps R16: 2 footprint overlaps, 2 pad clearance violations, 1 courtyard conflict. Move the components apart.
C25 overlaps R16: 2 footprint overlaps, 2 pad clearance violations, 1 courtyard conflict. Move the components apart.
U10 overlaps R16: 2 footprint overlaps, 2 pad clearance violations, 1 courtyard conflict. Move the components apart.
R50 overlaps R16: 2 footprint overlaps, 2 pad clearance violations, 1 courtyard conflict. Move the components apart.
R51 overlaps R16: 1 footprint overlap, 1 pad clearance violation, 1 courtyard conflict. Move the components apart.
C26 overlaps R16: 2 footprint overlaps, 2 pad clearance violations, 1 courtyard conflict. Move the components apart.
C27 overlaps R16: 2 footprint overlaps, 2 pad clearance violations, 1 courtyard conflict. Move the components apart.
C28 overlaps R16: 2 footprint overlaps, 2 pad clearance violations, 1 courtyard conflict. Move the components apart.
C29 overlaps R16: 2 footprint overlaps, 2 pad clearance violations, 1 courtyard conflict. Move the components apart.
R54 overlaps R16: 2 footprint overlaps, 2 pad clearance violations, 1 courtyard conflict. Move the components apart.
LED1 overlaps R16: 2 footprint overlaps, 2 pad clearance violations, 1 courtyard conflict. Move the components apart.
Q2 overlaps R16: 1 footprint overlap, 1 pad clearance violation, 1 courtyard conflict. Move the components apart.
R41 overlaps R16: 2 footprint overlaps, 2 pad clearance violations, 1 courtyard conflict. Move the components apart.
R42 overlaps R16: 2 footprint overlaps, 2 pad clearance violations, 1 courtyard conflict. Move the components apart.
R43 overlaps R16: 2 footprint overlaps, 2 pad clearance violations, 1 courtyard conflict. Move the components apart.
R44 overlaps R16: 2 footprint overlaps, 2 pad clearance violations, 1 courtyard conflict. Move the components apart.
Q3 overlaps R16: 1 footprint overlap, 1 pad clearance violation, 1 courtyard conflict. Move the components apart.
Q4 overlaps R16: 1 footprint overlap, 1 pad clearance violation, 1 courtyard conflict. Move the components apart.
R49 overlaps R16: 2 footprint overlaps, 2 pad clearance violations, 1 courtyard conflict. Move the components apart.
Q5 overlaps R16: 1 footprint overlap, 1 pad clearance violation, 1 courtyard conflict. Move the components apart.
R16 overlaps SW1: 3 footprint overlaps, 2 pad clearance violations, 1 courtyard conflict. Move the components apart.
J2 overlaps R16: 2 footprint overlaps, 2 pad clearance violations, 1 courtyard conflict. Move the components apart.
C9 overlaps C10: 1 footprint overlap, 1 pad clearance violation, 1 courtyard conflict. Move the components apart.
C9 overlaps C11: 1 footprint overlap, 1 pad clearance violation, 1 courtyard conflict. Move the components apart.
C9 overlaps U5: 1 footprint overlap, 1 pad clearance violation, 1 courtyard conflict. Move the components apart.
C9 overlaps C12: 2 footprint overlaps, 2 pad clearance violations, 1 courtyard conflict. Move the components apart.
C9 overlaps C13: 1 footprint overlap, 1 pad clearance violation, 1 courtyard conflict. Move the components apart.
C9 overlaps C14: 1 footprint overlap, 1 pad clearance violation, 1 courtyard conflict. Move the components apart.
C9 overlaps C15: 1 footprint overlap, 1 pad clearance violation, 1 courtyard conflict. Move the components apart.
C9 overlaps C16: 1 footprint overlap, 1 pad clearance violation, 1 courtyard conflict. Move the components apart.
C9 overlaps C17: 1 footprint overlap, 1 pad clearance violation, 1 courtyard conflict. Move the components apart.
C9 overlaps R17: 1 footprint overlap, 1 pad clearance violation, 1 courtyard conflict. Move the components apart.
C9 overlaps R18: 2 footprint overlaps, 2 pad clearance violations, 1 courtyard conflict. Move the components apart.
C9 overlaps R55: 2 footprint overlaps, 2 pad clearance violations, 1 courtyard conflict. Move the components apart.
C9 overlaps R19: 1 footprint overlap, 1 pad clearance violation, 1 courtyard conflict. Move the components apart.
C9 overlaps R20: 2 footprint overlaps, 2 pad clearance violations, 1 courtyard conflict. Move the components apart.
C9 overlaps R21: 2 footprint overlaps, 2 pad clearance violations, 1 courtyard conflict. Move the components apart.
C9 overlaps R22: 2 footprint overlaps, 2 pad clearance violations, 1 courtyard conflict. Move the components apart.
C9 overlaps C19: 1 footprint overlap, 1 pad clearance violation, 1 courtyard conflict. Move the components apart.
C9 overlaps C20: 1 footprint overlap, 1 pad clearance violation, 1 courtyard conflict. Move the components apart.
C9 overlaps R23: 2 footprint overlaps, 2 pad clearance violations, 1 courtyard conflict. Move the components apart.
C9 overlaps R68: 1 footprint overlap, 1 pad clearance violation, 1 courtyard conflict. Move the components apart.
C9 overlaps R24: 1 footprint overlap, 1 pad clearance violation, 1 courtyard conflict. Move the components apart.
C9 overlaps R25: 2 footprint overlaps, 2 pad clearance violations, 1 courtyard conflict. Move the components apart.
C9 overlaps D6: 2 footprint overlaps, 2 pad clearance violations, 1 courtyard conflict. Move the components apart.
C9 overlaps D7: 2 footprint overlaps, 2 pad clearance violations, 1 courtyard conflict. Move the components apart.
C9 overlaps R26: 2 footprint overlaps, 2 pad clearance violations, 1 courtyard conflict. Move the components apart.
C9 overlaps C21: 1 footprint overlap, 1 pad clearance violation, 1 courtyard conflict. Move the components apart.
C9 overlaps C22: 1 footprint overlap, 1 pad clearance violation, 1 courtyard conflict. Move the components apart.
C9 overlaps C23: 1 footprint overlap, 1 pad clearance violation, 1 courtyard conflict. Move the components apart.
C9 overlaps R29: 2 footprint overlaps, 2 pad clearance violations, 1 courtyard conflict. Move the components apart.
C9 overlaps R30: 2 footprint overlaps, 2 pad clearance violations, 1 courtyard conflict. Move the components apart.
C9 overlaps LED2: 1 footprint overlap, 1 pad clearance violation, 1 courtyard conflict. Move the components apart.
C9 overlaps LED3: 1 footprint overlap, 1 pad clearance violation, 1 courtyard conflict. Move the components apart.
U8 overlaps C9: 1 footprint overlap, 1 pad clearance violation, 1 courtyard conflict. Move the components apart.
R31 overlaps C9: 2 footprint overlaps, 2 pad clearance violations, 1 courtyard conflict. Move the components apart.
R32 overlaps C9: 2 footprint overlaps, 2 pad clearance violations, 1 courtyard conflict. Move the components apart.
R33 overlaps C9: 1 footprint overlap, 1 pad clearance violation, 1 courtyard conflict. Move the components apart.
R34 overlaps C9: 2 footprint overlaps, 2 pad clearance violations, 1 courtyard conflict. Move the components apart.
D8 overlaps C9: 2 footprint overlaps, 2 pad clearance violations, 1 courtyard conflict. Move the components apart.
R39 overlaps C9: 2 footprint overlaps, 2 pad clearance violations, 1 courtyard conflict. Move the components apart.
R65 overlaps C9: 1 footprint overlap, 1 pad clearance violation, 1 courtyard conflict. Move the components apart.
R40 overlaps C9: 2 footprint overlaps, 2 pad clearance violations, 1 courtyard conflict. Move the components apart.
C25 overlaps C9: 1 footprint overlap, 1 pad clearance violation, 1 courtyard conflict. Move the components apart.
U10 overlaps C9: 1 footprint overlap, 1 pad clearance violation, 1 courtyard conflict. Move the components apart.
R50 overlaps C9: 1 footprint overlap, 1 pad clearance violation, 1 courtyard conflict. Move the components apart.
R51 overlaps C9: 2 footprint overlaps, 2 pad clearance violations, 1 courtyard conflict. Move the components apart.
C26 overlaps C9: 2 footprint overlaps, 2 pad clearance violations, 1 courtyard conflict. Move the components apart.
C27 overlaps C9: 2 footprint overlaps, 2 pad clearance violations, 1 courtyard conflict. Move the components apart.
C28 overlaps C9: 1 footprint overlap, 1 pad clearance violation, 1 courtyard conflict. Move the components apart.
C29 overlaps C9: 1 footprint overlap, 1 pad clearance violation, 1 courtyard conflict. Move the components apart.
R54 overlaps C9: 2 footprint overlaps, 2 pad clearance violations, 1 courtyard conflict. Move the components apart.
LED1 overlaps C9: 1 footprint overlap, 1 pad clearance violation, 1 courtyard conflict. Move the components apart.
Q2 overlaps C9: 1 footprint overlap, 1 pad clearance violation, 1 courtyard conflict. Move the components apart.
R41 overlaps C9: 2 footprint overlaps, 2 pad clearance violations, 1 courtyard conflict. Move the components apart.
R42 overlaps C9: 2 footprint overlaps, 2 pad clearance violations, 1 courtyard conflict. Move the components apart.
R43 overlaps C9: 2 footprint overlaps, 2 pad clearance violations, 1 courtyard conflict. Move the components apart.
R44 overlaps C9: 1 footprint overlap, 1 pad clearance violation, 1 courtyard conflict. Move the components apart.
Q3 overlaps C9: 1 footprint overlap, 1 pad clearance violation, 1 courtyard conflict. Move the components apart.
Q4 overlaps C9: 1 footprint overlap, 1 pad clearance violation, 1 courtyard conflict. Move the components apart.
R49 overlaps C9: 2 footprint overlaps, 2 pad clearance violations, 1 courtyard conflict. Move the components apart.
Q5 overlaps C9: 1 footprint overlap, 1 pad clearance violation, 1 courtyard conflict. Move the components apart.
C9 overlaps SW1: 3 footprint overlaps, 2 pad clearance violations, 1 courtyard conflict. Move the components apart.
J2 overlaps C9: 2 footprint overlaps, 1 courtyard conflict. Move the components apart.
C10 overlaps C11: 1 footprint overlap, 1 pad clearance violation, 1 courtyard conflict. Move the components apart.
C10 overlaps U5: 1 footprint overlap, 1 pad clearance violation, 1 courtyard conflict. Move the components apart.
C10 overlaps C12: 2 footprint overlaps, 2 pad clearance violations, 1 courtyard conflict. Move the components apart.
C10 overlaps C13: 1 footprint overlap, 1 pad clearance violation, 1 courtyard conflict. Move the components apart.
C10 overlaps C14: 1 footprint overlap, 1 pad clearance violation, 1 courtyard conflict. Move the components apart.
C10 overlaps C15: 1 footprint overlap, 1 pad clearance violation, 1 courtyard conflict. Move the components apart.
C10 overlaps C16: 1 footprint overlap, 1 pad clearance violation, 1 courtyard conflict. Move the components apart.
C10 overlaps C17: 1 footprint overlap, 1 pad clearance violation, 1 courtyard conflict. Move the components apart.
C10 overlaps R17: 1 footprint overlap, 1 pad clearance violation, 1 courtyard conflict. Move the components apart.
C10 overlaps R18: 2 footprint overlaps, 2 pad clearance violations, 1 courtyard conflict. Move the components apart.
C10 overlaps R55: 2 footprint overlaps, 2 pad clearance violations, 1 courtyard conflict. Move the components apart.
C10 overlaps R19: 1 footprint overlap, 1 pad clearance violation, 1 courtyard conflict. Move the components apart.
C10 overlaps R20: 2 footprint overlaps, 2 pad clearance violations, 1 courtyard conflict. Move the components apart.
C10 overlaps R21: 2 footprint overlaps, 2 pad clearance violations, 1 courtyard conflict. Move the components apart.
C10 overlaps R22: 2 footprint overlaps, 2 pad clearance violations, 1 courtyard conflict. Move the components apart.
C10 overlaps C19: 1 footprint overlap, 1 pad clearance violation, 1 courtyard conflict. Move the components apart.
C10 overlaps C20: 1 footprint overlap, 1 pad clearance violation, 1 courtyard conflict. Move the components apart.
C10 overlaps R23: 2 footprint overlaps, 2 pad clearance violations, 1 courtyard conflict. Move the components apart.
C10 overlaps R68: 1 footprint overlap, 1 pad clearance violation, 1 courtyard conflict. Move the components apart.
C10 overlaps R24: 1 footprint overlap, 1 pad clearance violation, 1 courtyard conflict. Move the components apart.
C10 overlaps R25: 2 footprint overlaps, 2 pad clearance violations, 1 courtyard conflict. Move the components apart.
C10 overlaps D6: 2 footprint overlaps, 2 pad clearance violations, 1 courtyard conflict. Move the components apart.
C10 overlaps D7: 2 footprint overlaps, 2 pad clearance violations, 1 courtyard conflict. Move the components apart.
C10 overlaps R26: 2 footprint overlaps, 2 pad clearance violations, 1 courtyard conflict. Move the components apart.
C10 overlaps C21: 1 footprint overlap, 1 pad clearance violation, 1 courtyard conflict. Move the components apart.
C10 overlaps C22: 1 footprint overlap, 1 pad clearance violation, 1 courtyard conflict. Move the components apart.
C10 overlaps C23: 1 footprint overlap, 1 pad clearance violation, 1 courtyard conflict. Move the components apart.
C10 overlaps R29: 2 footprint overlaps, 2 pad clearance violations, 1 courtyard conflict. Move the components apart.
C10 overlaps R30: 2 footprint overlaps, 2 pad clearance violations, 1 courtyard conflict. Move the components apart.
C10 overlaps LED2: 1 footprint overlap, 1 pad clearance violation, 1 courtyard conflict. Move the components apart.
C10 overlaps LED3: 1 footprint overlap, 1 pad clearance violation, 1 courtyard conflict. Move the components apart.
U8 overlaps C10: 1 footprint overlap, 1 pad clearance violation, 1 courtyard conflict. Move the components apart.
R31 overlaps C10: 2 footprint overlaps, 2 pad clearance violations, 1 courtyard conflict. Move the components apart.
R32 overlaps C10: 2 footprint overlaps, 2 pad clearance violations, 1 courtyard conflict. Move the components apart.
R33 overlaps C10: 1 footprint overlap, 1 pad clearance violation, 1 courtyard conflict. Move the components apart.
R34 overlaps C10: 2 footprint overlaps, 2 pad clearance violations, 1 courtyard conflict. Move the components apart.
D8 overlaps C10: 2 footprint overlaps, 2 pad clearance violations, 1 courtyard conflict. Move the components apart.
R39 overlaps C10: 2 footprint overlaps, 2 pad clearance violations, 1 courtyard conflict. Move the components apart.
R65 overlaps C10: 1 footprint overlap, 1 pad clearance violation, 1 courtyard conflict. Move the components apart.
R40 overlaps C10: 2 footprint overlaps, 2 pad clearance violations, 1 courtyard conflict. Move the components apart.
C25 overlaps C10: 1 footprint overlap, 1 pad clearance violation, 1 courtyard conflict. Move the components apart.
U10 overlaps C10: 1 footprint overlap, 1 pad clearance violation, 1 courtyard conflict. Move the components apart.
R50 overlaps C10: 1 footprint overlap, 1 pad clearance violation, 1 courtyard conflict. Move the components apart.
R51 overlaps C10: 2 footprint overlaps, 2 pad clearance violations, 1 courtyard conflict. Move the components apart.
C26 overlaps C10: 2 footprint overlaps, 2 pad clearance violations, 1 courtyard conflict. Move the components apart.
C27 overlaps C10: 2 footprint overlaps, 2 pad clearance violations, 1 courtyard conflict. Move the components apart.
C28 overlaps C10: 1 footprint overlap, 1 pad clearance violation, 1 courtyard conflict. Move the components apart.
C29 overlaps C10: 1 footprint overlap, 1 pad clearance violation, 1 courtyard conflict. Move the components apart.
R54 overlaps C10: 2 footprint overlaps, 2 pad clearance violations, 1 courtyard conflict. Move the components apart.
LED1 overlaps C10: 1 footprint overlap, 1 pad clearance violation, 1 courtyard conflict. Move the components apart.
Q2 overlaps C10: 1 footprint overlap, 1 pad clearance violation, 1 courtyard conflict. Move the components apart.
R41 overlaps C10: 2 footprint overlaps, 2 pad clearance violations, 1 courtyard conflict. Move the components apart.
R42 overlaps C10: 2 footprint overlaps, 2 pad clearance violations, 1 courtyard conflict. Move the components apart.
R43 overlaps C10: 2 footprint overlaps, 2 pad clearance violations, 1 courtyard conflict. Move the components apart.
R44 overlaps C10: 1 footprint overlap, 1 pad clearance violation, 1 courtyard conflict. Move the components apart.
Q3 overlaps C10: 1 footprint overlap, 1 pad clearance violation, 1 courtyard conflict. Move the components apart.
Q4 overlaps C10: 1 footprint overlap, 1 pad clearance violation, 1 courtyard conflict. Move the components apart.
R49 overlaps C10: 2 footprint overlaps, 2 pad clearance violations, 1 courtyard conflict. Move the components apart.
Q5 overlaps C10: 1 footprint overlap, 1 pad clearance violation, 1 courtyard conflict. Move the components apart.
C10 overlaps SW1: 3 footprint overlaps, 2 pad clearance violations, 1 courtyard conflict. Move the components apart.
J2 overlaps C10: 2 footprint overlaps, 1 courtyard conflict. Move the components apart.
C11 overlaps U5: 1 footprint overlap, 1 pad clearance violation, 1 courtyard conflict. Move the components apart.
C11 overlaps D5: 1 footprint overlap, 1 pad clearance violation, 1 courtyard conflict. Move the components apart.
C11 overlaps C12: 2 footprint overlaps, 2 pad clearance violations, 1 courtyard conflict. Move the components apart.
C11 overlaps C16: 1 footprint overlap, 1 pad clearance violation, 1 courtyard conflict. Move the components apart.
C11 overlaps C17: 1 footprint overlap, 1 pad clearance violation, 1 courtyard conflict. Move the components apart.
C11 overlaps R17: 1 footprint overlap, 1 pad clearance violation, 1 courtyard conflict. Move the components apart.
C11 overlaps R18: 2 footprint overlaps, 2 pad clearance violations, 1 courtyard conflict. Move the components apart.
C11 overlaps R55: 2 footprint overlaps, 2 pad clearance violations, 1 courtyard conflict. Move the components apart.
C11 overlaps R19: 1 footprint overlap, 1 pad clearance violation, 1 courtyard conflict. Move the components apart.
C11 overlaps R20: 2 footprint overlaps, 2 pad clearance violations, 1 courtyard conflict. Move the components apart.
C11 overlaps R21: 2 footprint overlaps, 2 pad clearance violations, 1 courtyard conflict. Move the components apart.
C11 overlaps R22: 2 footprint overlaps, 2 pad clearance violations, 1 courtyard conflict. Move the components apart.
C11 overlaps C19: 1 footprint overlap, 1 pad clearance violation, 1 courtyard conflict. Move the components apart.
C11 overlaps C20: 1 footprint overlap, 1 pad clearance violation, 1 courtyard conflict. Move the components apart.
C11 overlaps R23: 2 footprint overlaps, 2 pad clearance violations, 1 courtyard conflict. Move the components apart.
C11 overlaps R68: 1 footprint overlap, 1 pad clearance violation, 1 courtyard conflict. Move the components apart.
C11 overlaps R24: 1 footprint overlap, 1 pad clearance violation, 1 courtyard conflict. Move the components apart.
C11 overlaps R25: 2 footprint overlaps, 2 pad clearance violations, 1 courtyard conflict. Move the components apart.
C11 overlaps D6: 2 footprint overlaps, 2 pad clearance violations, 1 courtyard conflict. Move the components apart.
C11 overlaps D7: 2 footprint overlaps, 2 pad clearance violations, 1 courtyard conflict. Move the components apart.
C11 overlaps R26: 2 footprint overlaps, 2 pad clearance violations, 1 courtyard conflict. Move the components apart.
C11 overlaps C21: 1 footprint overlap, 1 pad clearance violation, 1 courtyard conflict. Move the components apart.
C11 overlaps C22: 1 footprint overlap, 1 pad clearance violation, 1 courtyard conflict. Move the components apart.
C11 overlaps C23: 1 footprint overlap, 1 pad clearance violation, 1 courtyard conflict. Move the components apart.
C11 overlaps R29: 2 footprint overlaps, 2 pad clearance violations, 1 courtyard conflict. Move the components apart.
C11 overlaps R30: 2 footprint overlaps, 2 pad clearance violations, 1 courtyard conflict. Move the components apart.
C11 overlaps LED2: 1 footprint overlap, 1 pad clearance violation, 1 courtyard conflict. Move the components apart.
C11 overlaps LED3: 1 footprint overlap, 1 pad clearance violation, 1 courtyard conflict. Move the components apart.
U8 overlaps C11: 3 footprint overlaps, 3 pad clearance violations, 1 courtyard conflict. Move the components apart.
R31 overlaps C11: 2 footprint overlaps, 2 pad clearance violations, 1 courtyard conflict. Move the components apart.
R32 overlaps C11: 2 footprint overlaps, 2 pad clearance violations, 1 courtyard conflict. Move the components apart.
R33 overlaps C11: 1 footprint overlap, 1 pad clearance violation, 1 courtyard conflict. Move the components apart.
R34 overlaps C11: 2 footprint overlaps, 2 pad clearance violations, 1 courtyard conflict. Move the components apart.
D8 overlaps C11: 2 footprint overlaps, 2 pad clearance violations, 1 courtyard conflict. Move the components apart.
R39 overlaps C11: 2 footprint overlaps, 2 pad clearance violations, 1 courtyard conflict. Move the components apart.
R65 overlaps C11: 1 footprint overlap, 1 pad clearance violation, 1 courtyard conflict. Move the components apart.
R40 overlaps C11: 2 footprint overlaps, 2 pad clearance violations, 1 courtyard conflict. Move the components apart.
C25 overlaps C11: 1 footprint overlap, 1 pad clearance violation, 1 courtyard conflict. Move the components apart.
U10 overlaps C11: 1 footprint overlap, 1 pad clearance violation, 1 courtyard conflict. Move the components apart.
R50 overlaps C11: 1 footprint overlap, 1 pad clearance violation, 1 courtyard conflict. Move the components apart.
R51 overlaps C11: 2 footprint overlaps, 2 pad clearance violations, 1 courtyard conflict. Move the components apart.
C26 overlaps C11: 2 footprint overlaps, 2 pad clearance violations, 1 courtyard conflict. Move the components apart.
C27 overlaps C11: 2 footprint overlaps, 2 pad clearance violations, 1 courtyard conflict. Move the components apart.
C28 overlaps C11: 1 footprint overlap, 1 pad clearance violation, 1 courtyard conflict. Move the components apart.
C29 overlaps C11: 1 footprint overlap, 1 pad clearance violation, 1 courtyard conflict. Move the components apart.
D10 overlaps C11: 2 footprint overlaps, 2 pad clearance violations, 1 courtyard conflict. Move the components apart.
D11 overlaps C11: 1 footprint overlap, 1 pad clearance violation, 1 courtyard conflict. Move the components apart.
R54 overlaps C11: 2 footprint overlaps, 2 pad clearance violations, 1 courtyard conflict. Move the components apart.
LED1 overlaps C11: 1 footprint overlap, 1 pad clearance violation, 1 courtyard conflict. Move the components apart.
Q2 overlaps C11: 3 footprint overlaps, 3 pad clearance violations, 1 courtyard conflict. Move the components apart.
R41 overlaps C11: 2 footprint overlaps, 2 pad clearance violations, 1 courtyard conflict. Move the components apart.
R42 overlaps C11: 2 footprint overlaps, 2 pad clearance violations, 1 courtyard conflict. Move the components apart.
R43 overlaps C11: 2 footprint overlaps, 2 pad clearance violations, 1 courtyard conflict. Move the components apart.
R44 overlaps C11: 1 footprint overlap, 1 pad clearance violation, 1 courtyard conflict. Move the components apart.
D9 overlaps C11: 1 footprint overlap, 1 pad clearance violation, 1 courtyard conflict. Move the components apart.
Q3 overlaps C11: 2 footprint overlaps, 2 pad clearance violations, 1 courtyard conflict. Move the components apart.
Q4 overlaps C11: 2 footprint overlaps, 2 pad clearance violations, 1 courtyard conflict. Move the components apart.
R49 overlaps C11: 2 footprint overlaps, 2 pad clearance violations, 1 courtyard conflict. Move the components apart.
Q5 overlaps C11: 2 footprint overlaps, 2 pad clearance violations, 1 courtyard conflict. Move the components apart.
C11 overlaps SW1: 3 footprint overlaps, 2 pad clearance violations, 1 courtyard conflict. Move the components apart.
J2 overlaps C11: 4 footprint overlaps, 2 pad clearance violations, 1 courtyard conflict. Move the components apart.
U5 overlaps C12: 2 footprint overlaps, 2 pad clearance violations, 1 courtyard conflict. Move the components apart.
U5 overlaps C13: 1 footprint overlap, 1 pad clearance violation, 1 courtyard conflict. Move the components apart.
U5 overlaps C14: 1 footprint overlap, 1 pad clearance violation, 1 courtyard conflict. Move the components apart.
U5 overlaps C15: 1 footprint overlap, 1 pad clearance violation, 1 courtyard conflict. Move the components apart.
U5 overlaps C16: 1 footprint overlap, 1 pad clearance violation, 1 courtyard conflict. Move the components apart.
U5 overlaps C17: 1 footprint overlap, 1 pad clearance violation, 1 courtyard conflict. Move the components apart.
U5 overlaps R17: 1 footprint overlap, 1 pad clearance violation, 1 courtyard conflict. Move the components apart.
U5 overlaps R18: 2 footprint overlaps, 2 pad clearance violations, 1 courtyard conflict. Move the components apart.
U5 overlaps R55: 2 footprint overlaps, 2 pad clearance violations, 1 courtyard conflict. Move the components apart.
U5 overlaps R19: 1 footprint overlap, 1 pad clearance violation, 1 courtyard conflict. Move the components apart.
U5 overlaps R20: 2 footprint overlaps, 2 pad clearance violations, 1 courtyard conflict. Move the components apart.
U5 overlaps R21: 2 footprint overlaps, 2 pad clearance violations, 1 courtyard conflict. Move the components apart.
U5 overlaps R22: 2 footprint overlaps, 2 pad clearance violations, 1 courtyard conflict. Move the components apart.
U5 overlaps C19: 1 footprint overlap, 1 pad clearance violation, 1 courtyard conflict. Move the components apart.
U5 overlaps C20: 1 footprint overlap, 1 pad clearance violation, 1 courtyard conflict. Move the components apart.
U5 overlaps R23: 2 footprint overlaps, 2 pad clearance violations, 1 courtyard conflict. Move the components apart.
U5 overlaps R68: 1 footprint overlap, 1 pad clearance violation, 1 courtyard conflict. Move the components apart.
U5 overlaps R24: 1 footprint overlap, 1 pad clearance violation, 1 courtyard conflict. Move the components apart.
U5 overlaps U6: 8 footprint overlaps, 8 pad clearance violations, 1 courtyard conflict. Move the components apart.
U5 overlaps R25: 2 footprint overlaps, 2 pad clearance violations, 1 courtyard conflict. Move the components apart.
U5 overlaps R26: 2 footprint overlaps, 2 pad clearance violations, 1 courtyard conflict. Move the components apart.
U5 overlaps C21: 1 footprint overlap, 1 pad clearance violation, 1 courtyard conflict. Move the components apart.
U5 overlaps C22: 1 footprint overlap, 1 pad clearance violation, 1 courtyard conflict. Move the components apart.
U5 overlaps C23: 1 footprint overlap, 1 pad clearance violation, 1 courtyard conflict. Move the components apart.
U5 overlaps R29: 2 footprint overlaps, 2 pad clearance violations, 1 courtyard conflict. Move the components apart.
U5 overlaps R30: 2 footprint overlaps, 2 pad clearance violations, 1 courtyard conflict. Move the components apart.
U5 overlaps LED2: 1 footprint overlap, 1 pad clearance violation, 1 courtyard conflict. Move the components apart.
U5 overlaps LED3: 1 footprint overlap, 1 pad clearance violation, 1 courtyard conflict. Move the components apart.
U8 overlaps U5: 2 footprint overlaps, 2 pad clearance violations, 1 courtyard conflict. Move the components apart.
R31 overlaps U5: 2 footprint overlaps, 2 pad clearance violations, 1 courtyard conflict. Move the components apart.
U9 overlaps U5: 8 footprint overlaps, 8 pad clearance violations, 1 courtyard conflict. Move the components apart.
R32 overlaps U5: 2 footprint overlaps, 2 pad clearance violations, 1 courtyard conflict. Move the components apart.
R33 overlaps U5: 1 footprint overlap, 1 pad clearance violation, 1 courtyard conflict. Move the components apart.
R34 overlaps U5: 2 footprint overlaps, 2 pad clearance violations, 1 courtyard conflict. Move the components apart.
R39 overlaps U5: 2 footprint overlaps, 2 pad clearance violations, 1 courtyard conflict. Move the components apart.
R65 overlaps U5: 1 footprint overlap, 1 pad clearance violation, 1 courtyard conflict. Move the components apart.
R40 overlaps U5: 2 footprint overlaps, 2 pad clearance violations, 1 courtyard conflict. Move the components apart.
C25 overlaps U5: 1 footprint overlap, 1 pad clearance violation, 1 courtyard conflict. Move the components apart.
U10 overlaps U5: 16 footprint overlaps, 16 pad clearance violations, 1 courtyard conflict. Move the components apart.
R50 overlaps U5: 1 footprint overlap, 1 pad clearance violation, 1 courtyard conflict. Move the components apart.
R51 overlaps U5: 2 footprint overlaps, 2 pad clearance violations, 1 courtyard conflict. Move the components apart.
C26 overlaps U5: 2 footprint overlaps, 2 pad clearance violations, 1 courtyard conflict. Move the components apart.
C27 overlaps U5: 2 footprint overlaps, 2 pad clearance violations, 1 courtyard conflict. Move the components apart.
C28 overlaps U5: 1 footprint overlap, 1 pad clearance violation, 1 courtyard conflict. Move the components apart.
C29 overlaps U5: 1 footprint overlap, 1 pad clearance violation, 1 courtyard conflict. Move the components apart.
R54 overlaps U5: 2 footprint overlaps, 2 pad clearance violations, 1 courtyard conflict. Move the components apart.
LED1 overlaps U5: 1 footprint overlap, 1 pad clearance violation, 1 courtyard conflict. Move the components apart.
Q2 overlaps U5: 3 footprint overlaps, 3 pad clearance violations, 1 courtyard conflict. Move the components apart.
R41 overlaps U5: 2 footprint overlaps, 2 pad clearance violations, 1 courtyard conflict. Move the components apart.
R42 overlaps U5: 2 footprint overlaps, 2 pad clearance violations, 1 courtyard conflict. Move the components apart.
R43 overlaps U5: 2 footprint overlaps, 2 pad clearance violations, 1 courtyard conflict. Move the components apart.
R44 overlaps U5: 1 footprint overlap, 1 pad clearance violation, 1 courtyard conflict. Move the components apart.
Q3 overlaps U5: 2 footprint overlaps, 2 pad clearance violations, 1 courtyard conflict. Move the components apart.
Q4 overlaps U5: 2 footprint overlaps, 2 pad clearance violations, 1 courtyard conflict. Move the components apart.
R49 overlaps U5: 2 footprint overlaps, 2 pad clearance violations, 1 courtyard conflict. Move the components apart.
Q5 overlaps U5: 2 footprint overlaps, 2 pad clearance violations, 1 courtyard conflict. Move the components apart.
U5 overlaps RV1: 7 footprint overlaps, 4 pad clearance violations, 1 courtyard conflict. Move the components apart.
U5 overlaps SW1: 4 footprint overlaps, 5 pad clearance violations, 1 courtyard conflict. Move the components apart.
J2 overlaps U5: 2 footprint overlaps, 1 courtyard conflict. Move the components apart.
D5 overlaps L1: 1 footprint overlap, 1 pad clearance violation, 1 courtyard conflict. Move the components apart.
D5 overlaps C13: 1 footprint overlap, 1 pad clearance violation, 1 courtyard conflict. Move the components apart.
D5 overlaps C14: 1 footprint overlap, 1 pad clearance violation, 1 courtyard conflict. Move the components apart.
D5 overlaps C16: 1 footprint overlap, 1 pad clearance violation, 1 courtyard conflict. Move the components apart.
D5 overlaps C17: 1 footprint overlap, 1 pad clearance violation, 1 courtyard conflict. Move the components apart.
D5 overlaps C18: 1 footprint overlap, 1 pad clearance violation, 1 courtyard conflict. Move the components apart.
D5 overlaps R68: 1 footprint overlap, 1 pad clearance violation, 1 courtyard conflict. Move the components apart.
D5 overlaps D6: 2 footprint overlaps, 2 pad clearance violations, 1 courtyard conflict. Move the components apart.
D5 overlaps D7: 2 footprint overlaps, 2 pad clearance violations, 1 courtyard conflict. Move the components apart.
U8 overlaps D5: 3 footprint overlaps, 3 pad clearance violations, 1 courtyard conflict. Move the components apart.
D8 overlaps D5: 2 footprint overlaps, 2 pad clearance violations, 1 courtyard conflict. Move the components apart.
U10 overlaps D5: 1 footprint overlap, 1 pad clearance violation, 1 courtyard conflict. Move the components apart.
C29 overlaps D5: 1 footprint overlap, 1 pad clearance violation, 1 courtyard conflict. Move the components apart.
D10 overlaps D5: 2 footprint overlaps, 2 pad clearance violations, 1 courtyard conflict. Move the components apart.
D11 overlaps D5: 1 footprint overlap, 1 pad clearance violation, 1 courtyard conflict. Move the components apart.
Q2 overlaps D5: 3 footprint overlaps, 3 pad clearance violations, 1 courtyard conflict. Move the components apart.
D9 overlaps D5: 1 footprint overlap, 1 pad clearance violation, 1 courtyard conflict. Move the components apart.
Q3 overlaps D5: 2 footprint overlaps, 2 pad clearance violations, 1 courtyard conflict. Move the components apart.
R45 overlaps D5: 2 footprint overlaps, 2 pad clearance violations, 1 courtyard conflict. Move the components apart.
R46 overlaps D5: 2 footprint overlaps, 2 pad clearance violations, 1 courtyard conflict. Move the components apart.
R47 overlaps D5: 2 footprint overlaps, 2 pad clearance violations, 1 courtyard conflict. Move the components apart.
R48 overlaps D5: 2 footprint overlaps, 2 pad clearance violations, 1 courtyard conflict. Move the components apart.
Q4 overlaps D5: 2 footprint overlaps, 2 pad clearance violations, 1 courtyard conflict. Move the components apart.
Q5 overlaps D5: 2 footprint overlaps, 2 pad clearance violations, 1 courtyard conflict. Move the components apart.
D5 overlaps SW1: 3 footprint overlaps, 2 pad clearance violations, 1 courtyard conflict. Move the components apart.
J2 overlaps D5: 4 footprint overlaps, 2 pad clearance violations, 1 courtyard conflict. Move the components apart.
L1 overlaps C18: 2 footprint overlaps, 2 pad clearance violations, 1 courtyard conflict. Move the components apart.
D10 overlaps L1: 2 footprint overlaps, 2 pad clearance violations, 1 courtyard conflict. Move the components apart.
D11 overlaps L1: 2 footprint overlaps, 2 pad clearance violations, 1 courtyard conflict. Move the components apart.
R45 overlaps L1: 2 footprint overlaps, 2 pad clearance violations, 1 courtyard conflict. Move the components apart.
R46 overlaps L1: 2 footprint overlaps, 2 pad clearance violations, 1 courtyard conflict. Move the components apart.
R47 overlaps L1: 2 footprint overlaps, 2 pad clearance violations, 1 courtyard conflict. Move the components apart.
R48 overlaps L1: 2 footprint overlaps, 2 pad clearance violations, 1 courtyard conflict. Move the components apart.
L1 overlaps RV1: 5 footprint overlaps, 1 courtyard conflict. Move the components apart.
L1 overlaps SW1: 3 footprint overlaps, 1 courtyard conflict. Move the components apart.
J2 overlaps L1: 4 footprint overlaps, 2 pad clearance violations, 1 courtyard conflict. Move the components apart.
C12 overlaps C13: 2 footprint overlaps, 2 pad clearance violations, 1 courtyard conflict. Move the components apart.
C12 overlaps C14: 2 footprint overlaps, 2 pad clearance violations, 1 courtyard conflict. Move the components apart.
C12 overlaps C15: 2 footprint overlaps, 2 pad clearance violations, 1 courtyard conflict. Move the components apart.
C12 overlaps C16: 2 footprint overlaps, 2 pad clearance violations, 1 courtyard conflict. Move the components apart.
C12 overlaps C17: 2 footprint overlaps, 2 pad clearance violations, 1 courtyard conflict. Move the components apart.
C12 overlaps R17: 2 footprint overlaps, 2 pad clearance violations, 1 courtyard conflict. Move the components apart.
C12 overlaps R18: 2 footprint overlaps, 2 pad clearance violations, 1 courtyard conflict. Move the components apart.
C12 overlaps R55: 2 footprint overlaps, 2 pad clearance violations, 1 courtyard conflict. Move the components apart.
C12 overlaps R19: 2 footprint overlaps, 2 pad clearance violations, 1 courtyard conflict. Move the components apart.
C12 overlaps R20: 2 footprint overlaps, 2 pad clearance violations, 1 courtyard conflict. Move the components apart.
C12 overlaps R21: 2 footprint overlaps, 2 pad clearance violations, 1 courtyard conflict. Move the components apart.
C12 overlaps R22: 2 footprint overlaps, 2 pad clearance violations, 1 courtyard conflict. Move the components apart.
C12 overlaps C19: 2 footprint overlaps, 2 pad clearance violations, 1 courtyard conflict. Move the components apart.
C12 overlaps C20: 2 footprint overlaps, 2 pad clearance violations, 1 courtyard conflict. Move the components apart.
C12 overlaps R23: 2 footprint overlaps, 2 pad clearance violations, 1 courtyard conflict. Move the components apart.
C12 overlaps R68: 2 footprint overlaps, 2 pad clearance violations, 1 courtyard conflict. Move the components apart.
C12 overlaps R24: 2 footprint overlaps, 2 pad clearance violations, 1 courtyard conflict. Move the components apart.
C12 overlaps R25: 2 footprint overlaps, 2 pad clearance violations, 1 courtyard conflict. Move the components apart.
C12 overlaps D6: 2 footprint overlaps, 2 pad clearance violations, 1 courtyard conflict. Move the components apart.
C12 overlaps D7: 2 footprint overlaps, 2 pad clearance violations, 1 courtyard conflict. Move the components apart.
C12 overlaps R26: 2 footprint overlaps, 2 pad clearance violations, 1 courtyard conflict. Move the components apart.
C12 overlaps C21: 2 footprint overlaps, 2 pad clearance violations, 1 courtyard conflict. Move the components apart.
C12 overlaps C22: 2 footprint overlaps, 2 pad clearance violations, 1 courtyard conflict. Move the components apart.
C12 overlaps C23: 2 footprint overlaps, 2 pad clearance violations, 1 courtyard conflict. Move the components apart.
C12 overlaps R29: 2 footprint overlaps, 2 pad clearance violations, 1 courtyard conflict. Move the components apart.
C12 overlaps R30: 2 footprint overlaps, 2 pad clearance violations, 1 courtyard conflict. Move the components apart.
C12 overlaps LED2: 2 footprint overlaps, 2 pad clearance violations, 1 courtyard conflict. Move the components apart.
C12 overlaps LED3: 2 footprint overlaps, 2 pad clearance violations, 1 courtyard conflict. Move the components apart.
U8 overlaps C12: 1 footprint overlap, 1 pad clearance violation, 1 courtyard conflict. Move the components apart.
R31 overlaps C12: 2 footprint overlaps, 2 pad clearance violations, 1 courtyard conflict. Move the components apart.
R32 overlaps C12: 2 footprint overlaps, 2 pad clearance violations, 1 courtyard conflict. Move the components apart.
R33 overlaps C12: 2 footprint overlaps, 2 pad clearance violations, 1 courtyard conflict. Move the components apart.
R34 overlaps C12: 2 footprint overlaps, 2 pad clearance violations, 1 courtyard conflict. Move the components apart.
D8 overlaps C12: 2 footprint overlaps, 2 pad clearance violations, 1 courtyard conflict. Move the components apart.
R39 overlaps C12: 2 footprint overlaps, 2 pad clearance violations, 1 courtyard conflict. Move the components apart.
R65 overlaps C12: 2 footprint overlaps, 2 pad clearance violations, 1 courtyard conflict. Move the components apart.
R40 overlaps C12: 2 footprint overlaps, 2 pad clearance violations, 1 courtyard conflict. Move the components apart.
C25 overlaps C12: 2 footprint overlaps, 2 pad clearance violations, 1 courtyard conflict. Move the components apart.
U10 overlaps C12: 2 footprint overlaps, 2 pad clearance violations, 1 courtyard conflict. Move the components apart.
R50 overlaps C12: 2 footprint overlaps, 2 pad clearance violations, 1 courtyard conflict. Move the components apart.
R51 overlaps C12: 2 footprint overlaps, 2 pad clearance violations, 1 courtyard conflict. Move the components apart.
C26 overlaps C12: 2 footprint overlaps, 2 pad clearance violations, 1 courtyard conflict. Move the components apart.
C27 overlaps C12: 2 footprint overlaps, 2 pad clearance violations, 1 courtyard conflict. Move the components apart.
C28 overlaps C12: 2 footprint overlaps, 2 pad clearance violations, 1 courtyard conflict. Move the components apart.
C29 overlaps C12: 2 footprint overlaps, 2 pad clearance violations, 1 courtyard conflict. Move the components apart.
R54 overlaps C12: 2 footprint overlaps, 2 pad clearance violations, 1 courtyard conflict. Move the components apart.
LED1 overlaps C12: 2 footprint overlaps, 2 pad clearance violations, 1 courtyard conflict. Move the components apart.
Q2 overlaps C12: 1 footprint overlap, 1 pad clearance violation, 1 courtyard conflict. Move the components apart.
R41 overlaps C12: 2 footprint overlaps, 2 pad clearance violations, 1 courtyard conflict. Move the components apart.
R42 overlaps C12: 2 footprint overlaps, 2 pad clearance violations, 1 courtyard conflict. Move the components apart.
R43 overlaps C12: 2 footprint overlaps, 2 pad clearance violations, 1 courtyard conflict. Move the components apart.
R44 overlaps C12: 2 footprint overlaps, 2 pad clearance violations, 1 courtyard conflict. Move the components apart.
Q3 overlaps C12: 1 footprint overlap, 1 pad clearance violation, 1 courtyard conflict. Move the components apart.
Q4 overlaps C12: 1 footprint overlap, 1 pad clearance violation, 1 courtyard conflict. Move the components apart.
R49 overlaps C12: 2 footprint overlaps, 2 pad clearance violations, 1 courtyard conflict. Move the components apart.
Q5 overlaps C12: 1 footprint overlap, 1 pad clearance violation, 1 courtyard conflict. Move the components apart.
C12 overlaps SW1: 3 footprint overlaps, 2 pad clearance violations, 1 courtyard conflict. Move the components apart.
J2 overlaps C12: 2 footprint overlaps, 1 courtyard conflict. Move the components apart.
C13 overlaps C16: 1 footprint overlap, 1 pad clearance violation, 1 courtyard conflict. Move the components apart.
C13 overlaps C17: 1 footprint overlap, 1 pad clearance violation, 1 courtyard conflict. Move the components apart.
C13 overlaps C18: 1 footprint overlap, 1 pad clearance violation, 1 courtyard conflict. Move the components apart.
C13 overlaps R17: 1 footprint overlap, 1 pad clearance violation, 1 courtyard conflict. Move the components apart.
C13 overlaps R18: 2 footprint overlaps, 2 pad clearance violations, 1 courtyard conflict. Move the components apart.
C13 overlaps R55: 2 footprint overlaps, 2 pad clearance violations, 1 courtyard conflict. Move the components apart.
C13 overlaps R19: 1 footprint overlap, 1 pad clearance violation, 1 courtyard conflict. Move the components apart.
C13 overlaps R20: 2 footprint overlaps, 2 pad clearance violations, 1 courtyard conflict. Move the components apart.
C13 overlaps R21: 2 footprint overlaps, 2 pad clearance violations, 1 courtyard conflict. Move the components apart.
C13 overlaps R22: 2 footprint overlaps, 2 pad clearance violations, 1 courtyard conflict. Move the components apart.
C13 overlaps C19: 1 footprint overlap, 1 pad clearance violation, 1 courtyard conflict. Move the components apart.
C13 overlaps C20: 1 footprint overlap, 1 pad clearance violation, 1 courtyard conflict. Move the components apart.
C13 overlaps R23: 2 footprint overlaps, 2 pad clearance violations, 1 courtyard conflict. Move the components apart.
C13 overlaps R68: 1 footprint overlap, 1 pad clearance violation, 1 courtyard conflict. Move the components apart.
C13 overlaps R24: 1 footprint overlap, 1 pad clearance violation, 1 courtyard conflict. Move the components apart.
C13 overlaps R25: 2 footprint overlaps, 2 pad clearance violations, 1 courtyard conflict. Move the components apart.
C13 overlaps D6: 2 footprint overlaps, 2 pad clearance violations, 1 courtyard conflict. Move the components apart.
C13 overlaps D7: 2 footprint overlaps, 2 pad clearance violations, 1 courtyard conflict. Move the components apart.
C13 overlaps R26: 2 footprint overlaps, 2 pad clearance violations, 1 courtyard conflict. Move the components apart.
C13 overlaps C21: 1 footprint overlap, 1 pad clearance violation, 1 courtyard conflict. Move the components apart.
C13 overlaps C22: 1 footprint overlap, 1 pad clearance violation, 1 courtyard conflict. Move the components apart.
C13 overlaps C23: 1 footprint overlap, 1 pad clearance violation, 1 courtyard conflict. Move the components apart.
C13 overlaps R29: 2 footprint overlaps, 2 pad clearance violations, 1 courtyard conflict. Move the components apart.
C13 overlaps R30: 2 footprint overlaps, 2 pad clearance violations, 1 courtyard conflict. Move the components apart.
C13 overlaps LED2: 1 footprint overlap, 1 pad clearance violation, 1 courtyard conflict. Move the components apart.
C13 overlaps LED3: 1 footprint overlap, 1 pad clearance violation, 1 courtyard conflict. Move the components apart.
U8 overlaps C13: 3 footprint overlaps, 3 pad clearance violations, 1 courtyard conflict. Move the components apart.
R31 overlaps C13: 2 footprint overlaps, 2 pad clearance violations, 1 courtyard conflict. Move the components apart.
R32 overlaps C13: 2 footprint overlaps, 2 pad clearance violations, 1 courtyard conflict. Move the components apart.
R33 overlaps C13: 1 footprint overlap, 1 pad clearance violation, 1 courtyard conflict. Move the components apart.
R34 overlaps C13: 2 footprint overlaps, 2 pad clearance violations, 1 courtyard conflict. Move the components apart.
D8 overlaps C13: 2 footprint overlaps, 2 pad clearance violations, 1 courtyard conflict. Move the components apart.
R39 overlaps C13: 2 footprint overlaps, 2 pad clearance violations, 1 courtyard conflict. Move the components apart.
R65 overlaps C13: 1 footprint overlap, 1 pad clearance violation, 1 courtyard conflict. Move the components apart.
R40 overlaps C13: 2 footprint overlaps, 2 pad clearance violations, 1 courtyard conflict. Move the components apart.
C25 overlaps C13: 1 footprint overlap, 1 pad clearance violation, 1 courtyard conflict. Move the components apart.
U10 overlaps C13: 1 footprint overlap, 1 pad clearance violation, 1 courtyard conflict. Move the components apart.
R50 overlaps C13: 1 footprint overlap, 1 pad clearance violation, 1 courtyard conflict. Move the components apart.
R51 overlaps C13: 2 footprint overlaps, 2 pad clearance violations, 1 courtyard conflict. Move the components apart.
C26 overlaps C13: 2 footprint overlaps, 2 pad clearance violations, 1 courtyard conflict. Move the components apart.
C27 overlaps C13: 2 footprint overlaps, 2 pad clearance violations, 1 courtyard conflict. Move the components apart.
C28 overlaps C13: 1 footprint overlap, 1 pad clearance violation, 1 courtyard conflict. Move the components apart.
C29 overlaps C13: 1 footprint overlap, 1 pad clearance violation, 1 courtyard conflict. Move the components apart.
D10 overlaps C13: 2 footprint overlaps, 2 pad clearance violations, 1 courtyard conflict. Move the components apart.
D11 overlaps C13: 1 footprint overlap, 1 pad clearance violation, 1 courtyard conflict. Move the components apart.
R54 overlaps C13: 2 footprint overlaps, 2 pad clearance violations, 1 courtyard conflict. Move the components apart.
LED1 overlaps C13: 1 footprint overlap, 1 pad clearance violation, 1 courtyard conflict. Move the components apart.
Q2 overlaps C13: 3 footprint overlaps, 3 pad clearance violations, 1 courtyard conflict. Move the components apart.
R41 overlaps C13: 2 footprint overlaps, 2 pad clearance violations, 1 courtyard conflict. Move the components apart.
R42 overlaps C13: 2 footprint overlaps, 2 pad clearance violations, 1 courtyard conflict. Move the components apart.
R43 overlaps C13: 2 footprint overlaps, 2 pad clearance violations, 1 courtyard conflict. Move the components apart.
R44 overlaps C13: 1 footprint overlap, 1 pad clearance violation, 1 courtyard conflict. Move the components apart.
D9 overlaps C13: 1 footprint overlap, 1 pad clearance violation, 1 courtyard conflict. Move the components apart.
Q3 overlaps C13: 2 footprint overlaps, 2 pad clearance violations, 1 courtyard conflict. Move the components apart.
Q4 overlaps C13: 2 footprint overlaps, 2 pad clearance violations, 1 courtyard conflict. Move the components apart.
R49 overlaps C13: 2 footprint overlaps, 2 pad clearance violations, 1 courtyard conflict. Move the components apart.
Q5 overlaps C13: 2 footprint overlaps, 2 pad clearance violations, 1 courtyard conflict. Move the components apart.
C13 overlaps SW1: 3 footprint overlaps, 2 pad clearance violations, 1 courtyard conflict. Move the components apart.
J2 overlaps C13: 4 footprint overlaps, 2 pad clearance violations, 1 courtyard conflict. Move the components apart.
C14 overlaps C16: 1 footprint overlap, 1 pad clearance violation, 1 courtyard conflict. Move the components apart.
C14 overlaps C17: 1 footprint overlap, 1 pad clearance violation, 1 courtyard conflict. Move the components apart.
C14 overlaps C18: 1 footprint overlap, 1 pad clearance violation, 1 courtyard conflict. Move the components apart.
C14 overlaps R17: 1 footprint overlap, 1 pad clearance violation, 1 courtyard conflict. Move the components apart.
C14 overlaps R18: 2 footprint overlaps, 2 pad clearance violations, 1 courtyard conflict. Move the components apart.
C14 overlaps R55: 2 footprint overlaps, 2 pad clearance violations, 1 courtyard conflict. Move the components apart.
C14 overlaps R19: 1 footprint overlap, 1 pad clearance violation, 1 courtyard conflict. Move the components apart.
C14 overlaps R20: 2 footprint overlaps, 2 pad clearance violations, 1 courtyard conflict. Move the components apart.
C14 overlaps R21: 2 footprint overlaps, 2 pad clearance violations, 1 courtyard conflict. Move the components apart.
C14 overlaps R22: 2 footprint overlaps, 2 pad clearance violations, 1 courtyard conflict. Move the components apart.
C14 overlaps C19: 1 footprint overlap, 1 pad clearance violation, 1 courtyard conflict. Move the components apart.
C14 overlaps C20: 1 footprint overlap, 1 pad clearance violation, 1 courtyard conflict. Move the components apart.
C14 overlaps R23: 2 footprint overlaps, 2 pad clearance violations, 1 courtyard conflict. Move the components apart.
C14 overlaps R68: 1 footprint overlap, 1 pad clearance violation, 1 courtyard conflict. Move the components apart.
C14 overlaps R24: 1 footprint overlap, 1 pad clearance violation, 1 courtyard conflict. Move the components apart.
C14 overlaps R25: 2 footprint overlaps, 2 pad clearance violations, 1 courtyard conflict. Move the components apart.
C14 overlaps D6: 2 footprint overlaps, 2 pad clearance violations, 1 courtyard conflict. Move the components apart.
C14 overlaps D7: 2 footprint overlaps, 2 pad clearance violations, 1 courtyard conflict. Move the components apart.
C14 overlaps R26: 2 footprint overlaps, 2 pad clearance violations, 1 courtyard conflict. Move the components apart.
C14 overlaps C21: 1 footprint overlap, 1 pad clearance violation, 1 courtyard conflict. Move the components apart.
C14 overlaps C22: 1 footprint overlap, 1 pad clearance violation, 1 courtyard conflict. Move the components apart.
C14 overlaps C23: 1 footprint overlap, 1 pad clearance violation, 1 courtyard conflict. Move the components apart.
C14 overlaps R29: 2 footprint overlaps, 2 pad clearance violations, 1 courtyard conflict. Move the components apart.
C14 overlaps R30: 2 footprint overlaps, 2 pad clearance violations, 1 courtyard conflict. Move the components apart.
C14 overlaps LED2: 1 footprint overlap, 1 pad clearance violation, 1 courtyard conflict. Move the components apart.
C14 overlaps LED3: 1 footprint overlap, 1 pad clearance violation, 1 courtyard conflict. Move the components apart.
U8 overlaps C14: 3 footprint overlaps, 3 pad clearance violations, 1 courtyard conflict. Move the components apart.
R31 overlaps C14: 2 footprint overlaps, 2 pad clearance violations, 1 courtyard conflict. Move the components apart.
R32 overlaps C14: 2 footprint overlaps, 2 pad clearance violations, 1 courtyard conflict. Move the components apart.
R33 overlaps C14: 1 footprint overlap, 1 pad clearance violation, 1 courtyard conflict. Move the components apart.
R34 overlaps C14: 2 footprint overlaps, 2 pad clearance violations, 1 courtyard conflict. Move the components apart.
D8 overlaps C14: 2 footprint overlaps, 2 pad clearance violations, 1 courtyard conflict. Move the components apart.
R39 overlaps C14: 2 footprint overlaps, 2 pad clearance violations, 1 courtyard conflict. Move the components apart.
R65 overlaps C14: 1 footprint overlap, 1 pad clearance violation, 1 courtyard conflict. Move the components apart.
R40 overlaps C14: 2 footprint overlaps, 2 pad clearance violations, 1 courtyard conflict. Move the components apart.
C25 overlaps C14: 1 footprint overlap, 1 pad clearance violation, 1 courtyard conflict. Move the components apart.
U10 overlaps C14: 1 footprint overlap, 1 pad clearance violation, 1 courtyard conflict. Move the components apart.
R50 overlaps C14: 1 footprint overlap, 1 pad clearance violation, 1 courtyard conflict. Move the components apart.
R51 overlaps C14: 2 footprint overlaps, 2 pad clearance violations, 1 courtyard conflict. Move the components apart.
C26 overlaps C14: 2 footprint overlaps, 2 pad clearance violations, 1 courtyard conflict. Move the components apart.
C27 overlaps C14: 2 footprint overlaps, 2 pad clearance violations, 1 courtyard conflict. Move the components apart.
C28 overlaps C14: 1 footprint overlap, 1 pad clearance violation, 1 courtyard conflict. Move the components apart.
C29 overlaps C14: 1 footprint overlap, 1 pad clearance violation, 1 courtyard conflict. Move the components apart.
D10 overlaps C14: 2 footprint overlaps, 2 pad clearance violations, 1 courtyard conflict. Move the components apart.
D11 overlaps C14: 1 footprint overlap, 1 pad clearance violation, 1 courtyard conflict. Move the components apart.
R54 overlaps C14: 2 footprint overlaps, 2 pad clearance violations, 1 courtyard conflict. Move the components apart.
LED1 overlaps C14: 1 footprint overlap, 1 pad clearance violation, 1 courtyard conflict. Move the components apart.
Q2 overlaps C14: 3 footprint overlaps, 3 pad clearance violations, 1 courtyard conflict. Move the components apart.
R41 overlaps C14: 2 footprint overlaps, 2 pad clearance violations, 1 courtyard conflict. Move the components apart.
R42 overlaps C14: 2 footprint overlaps, 2 pad clearance violations, 1 courtyard conflict. Move the components apart.
R43 overlaps C14: 2 footprint overlaps, 2 pad clearance violations, 1 courtyard conflict. Move the components apart.
R44 overlaps C14: 1 footprint overlap, 1 pad clearance violation, 1 courtyard conflict. Move the components apart.
D9 overlaps C14: 1 footprint overlap, 1 pad clearance violation, 1 courtyard conflict. Move the components apart.
Q3 overlaps C14: 2 footprint overlaps, 2 pad clearance violations, 1 courtyard conflict. Move the components apart.
Q4 overlaps C14: 2 footprint overlaps, 2 pad clearance violations, 1 courtyard conflict. Move the components apart.
R49 overlaps C14: 2 footprint overlaps, 2 pad clearance violations, 1 courtyard conflict. Move the components apart.
Q5 overlaps C14: 2 footprint overlaps, 2 pad clearance violations, 1 courtyard conflict. Move the components apart.
C14 overlaps SW1: 3 footprint overlaps, 2 pad clearance violations, 1 courtyard conflict. Move the components apart.
J2 overlaps C14: 4 footprint overlaps, 2 pad clearance violations, 1 courtyard conflict. Move the components apart.
C15 overlaps C16: 1 footprint overlap, 1 pad clearance violation, 1 courtyard conflict. Move the components apart.
C15 overlaps C17: 1 footprint overlap, 1 pad clearance violation, 1 courtyard conflict. Move the components apart.
C15 overlaps R17: 1 footprint overlap, 1 pad clearance violation, 1 courtyard conflict. Move the components apart.
C15 overlaps R18: 2 footprint overlaps, 2 pad clearance violations, 1 courtyard conflict. Move the components apart.
C15 overlaps R55: 2 footprint overlaps, 2 pad clearance violations, 1 courtyard conflict. Move the components apart.
C15 overlaps R19: 1 footprint overlap, 1 pad clearance violation, 1 courtyard conflict. Move the components apart.
C15 overlaps R20: 2 footprint overlaps, 2 pad clearance violations, 1 courtyard conflict. Move the components apart.
C15 overlaps R21: 2 footprint overlaps, 2 pad clearance violations, 1 courtyard conflict. Move the components apart.
C15 overlaps R22: 2 footprint overlaps, 2 pad clearance violations, 1 courtyard conflict. Move the components apart.
C15 overlaps C19: 1 footprint overlap, 1 pad clearance violation, 1 courtyard conflict. Move the components apart.
C15 overlaps C20: 1 footprint overlap, 1 pad clearance violation, 1 courtyard conflict. Move the components apart.
C15 overlaps R23: 2 footprint overlaps, 2 pad clearance violations, 1 courtyard conflict. Move the components apart.
C15 overlaps R68: 1 footprint overlap, 1 pad clearance violation, 1 courtyard conflict. Move the components apart.
C15 overlaps R24: 1 footprint overlap, 1 pad clearance violation, 1 courtyard conflict. Move the components apart.
C15 overlaps R25: 2 footprint overlaps, 2 pad clearance violations, 1 courtyard conflict. Move the components apart.
C15 overlaps D6: 2 footprint overlaps, 2 pad clearance violations, 1 courtyard conflict. Move the components apart.
C15 overlaps D7: 2 footprint overlaps, 2 pad clearance violations, 1 courtyard conflict. Move the components apart.
C15 overlaps R26: 2 footprint overlaps, 2 pad clearance violations, 1 courtyard conflict. Move the components apart.
C15 overlaps C21: 1 footprint overlap, 1 pad clearance violation, 1 courtyard conflict. Move the components apart.
C15 overlaps C22: 1 footprint overlap, 1 pad clearance violation, 1 courtyard conflict. Move the components apart.
C15 overlaps C23: 1 footprint overlap, 1 pad clearance violation, 1 courtyard conflict. Move the components apart.
C15 overlaps R29: 2 footprint overlaps, 2 pad clearance violations, 1 courtyard conflict. Move the components apart.
C15 overlaps R30: 2 footprint overlaps, 2 pad clearance violations, 1 courtyard conflict. Move the components apart.
C15 overlaps LED2: 1 footprint overlap, 1 pad clearance violation, 1 courtyard conflict. Move the components apart.
C15 overlaps LED3: 1 footprint overlap, 1 pad clearance violation, 1 courtyard conflict. Move the components apart.
U8 overlaps C15: 1 footprint overlap, 1 pad clearance violation, 1 courtyard conflict. Move the components apart.
R31 overlaps C15: 2 footprint overlaps, 2 pad clearance violations, 1 courtyard conflict. Move the components apart.
R32 overlaps C15: 2 footprint overlaps, 2 pad clearance violations, 1 courtyard conflict. Move the components apart.
R33 overlaps C15: 1 footprint overlap, 1 pad clearance violation, 1 courtyard conflict. Move the components apart.
R34 overlaps C15: 2 footprint overlaps, 2 pad clearance violations, 1 courtyard conflict. Move the components apart.
D8 overlaps C15: 2 footprint overlaps, 2 pad clearance violations, 1 courtyard conflict. Move the components apart.
R39 overlaps C15: 2 footprint overlaps, 2 pad clearance violations, 1 courtyard conflict. Move the components apart.
R65 overlaps C15: 1 footprint overlap, 1 pad clearance violation, 1 courtyard conflict. Move the components apart.
R40 overlaps C15: 2 footprint overlaps, 2 pad clearance violations, 1 courtyard conflict. Move the components apart.
C25 overlaps C15: 1 footprint overlap, 1 pad clearance violation, 1 courtyard conflict. Move the components apart.
U10 overlaps C15: 1 footprint overlap, 1 pad clearance violation, 1 courtyard conflict. Move the components apart.
R50 overlaps C15: 1 footprint overlap, 1 pad clearance violation, 1 courtyard conflict. Move the components apart.
R51 overlaps C15: 2 footprint overlaps, 2 pad clearance violations, 1 courtyard conflict. Move the components apart.
C26 overlaps C15: 2 footprint overlaps, 2 pad clearance violations, 1 courtyard conflict. Move the components apart.
C27 overlaps C15: 2 footprint overlaps, 2 pad clearance violations, 1 courtyard conflict. Move the components apart.
C28 overlaps C15: 1 footprint overlap, 1 pad clearance violation, 1 courtyard conflict. Move the components apart.
C29 overlaps C15: 1 footprint overlap, 1 pad clearance violation, 1 courtyard conflict. Move the components apart.
R54 overlaps C15: 2 footprint overlaps, 2 pad clearance violations, 1 courtyard conflict. Move the components apart.
LED1 overlaps C15: 1 footprint overlap, 1 pad clearance violation, 1 courtyard conflict. Move the components apart.
Q2 overlaps C15: 1 footprint overlap, 1 pad clearance violation, 1 courtyard conflict. Move the components apart.
R41 overlaps C15: 2 footprint overlaps, 2 pad clearance violations, 1 courtyard conflict. Move the components apart.
R42 overlaps C15: 2 footprint overlaps, 2 pad clearance violations, 1 courtyard conflict. Move the components apart.
R43 overlaps C15: 2 footprint overlaps, 2 pad clearance violations, 1 courtyard conflict. Move the components apart.
R44 overlaps C15: 1 footprint overlap, 1 pad clearance violation, 1 courtyard conflict. Move the components apart.
Q3 overlaps C15: 1 footprint overlap, 1 pad clearance violation, 1 courtyard conflict. Move the components apart.
Q4 overlaps C15: 1 footprint overlap, 1 pad clearance violation, 1 courtyard conflict. Move the components apart.
R49 overlaps C15: 2 footprint overlaps, 2 pad clearance violations, 1 courtyard conflict. Move the components apart.
Q5 overlaps C15: 1 footprint overlap, 1 pad clearance violation, 1 courtyard conflict. Move the components apart.
C15 overlaps SW1: 3 footprint overlaps, 2 pad clearance violations, 1 courtyard conflict. Move the components apart.
J2 overlaps C15: 2 footprint overlaps, 1 courtyard conflict. Move the components apart.
C16 overlaps R17: 1 footprint overlap, 1 pad clearance violation, 1 courtyard conflict. Move the components apart.
C16 overlaps R18: 1 footprint overlap, 1 pad clearance violation, 1 courtyard conflict. Move the components apart.
C16 overlaps R55: 2 footprint overlaps, 2 pad clearance violations, 1 courtyard conflict. Move the components apart.
C16 overlaps R19: 1 footprint overlap, 1 pad clearance violation, 1 courtyard conflict. Move the components apart.
C16 overlaps R20: 2 footprint overlaps, 2 pad clearance violations, 1 courtyard conflict. Move the components apart.
C16 overlaps R21: 2 footprint overlaps, 2 pad clearance violations, 1 courtyard conflict. Move the components apart.
C16 overlaps R22: 2 footprint overlaps, 2 pad clearance violations, 1 courtyard conflict. Move the components apart.
C16 overlaps C19: 1 footprint overlap, 1 pad clearance violation, 1 courtyard conflict. Move the components apart.
C16 overlaps C20: 1 footprint overlap, 1 pad clearance violation, 1 courtyard conflict. Move the components apart.
C16 overlaps R23: 2 footprint overlaps, 2 pad clearance violations, 1 courtyard conflict. Move the components apart.
C16 overlaps R24: 1 footprint overlap, 1 pad clearance violation, 1 courtyard conflict. Move the components apart.
C16 overlaps R25: 2 footprint overlaps, 2 pad clearance violations, 1 courtyard conflict. Move the components apart.
C16 overlaps D6: 2 footprint overlaps, 2 pad clearance violations, 1 courtyard conflict. Move the components apart.
C16 overlaps D7: 2 footprint overlaps, 2 pad clearance violations, 1 courtyard conflict. Move the components apart.
C16 overlaps R26: 2 footprint overlaps, 2 pad clearance violations, 1 courtyard conflict. Move the components apart.
C16 overlaps C21: 1 footprint overlap, 1 pad clearance violation, 1 courtyard conflict. Move the components apart.
C16 overlaps C22: 1 footprint overlap, 1 pad clearance violation, 1 courtyard conflict. Move the components apart.
C16 overlaps C23: 1 footprint overlap, 1 pad clearance violation, 1 courtyard conflict. Move the components apart.
C16 overlaps R29: 2 footprint overlaps, 2 pad clearance violations, 1 courtyard conflict. Move the components apart.
C16 overlaps R30: 2 footprint overlaps, 2 pad clearance violations, 1 courtyard conflict. Move the components apart.
C16 overlaps LED2: 1 footprint overlap, 1 pad clearance violation, 1 courtyard conflict. Move the components apart.
C16 overlaps LED3: 1 footprint overlap, 1 pad clearance violation, 1 courtyard conflict. Move the components apart.
U8 overlaps C16: 3 footprint overlaps, 3 pad clearance violations, 1 courtyard conflict. Move the components apart.
R31 overlaps C16: 1 footprint overlap, 1 pad clearance violation, 1 courtyard conflict. Move the components apart.
R32 overlaps C16: 2 footprint overlaps, 2 pad clearance violations, 1 courtyard conflict. Move the components apart.
R33 overlaps C16: 1 footprint overlap, 1 pad clearance violation, 1 courtyard conflict. Move the components apart.
R34 overlaps C16: 2 footprint overlaps, 2 pad clearance violations, 1 courtyard conflict. Move the components apart.
D8 overlaps C16: 2 footprint overlaps, 2 pad clearance violations, 1 courtyard conflict. Move the components apart.
R39 overlaps C16: 2 footprint overlaps, 2 pad clearance violations, 1 courtyard conflict. Move the components apart.
R65 overlaps C16: 1 footprint overlap, 1 pad clearance violation, 1 courtyard conflict. Move the components apart.
R40 overlaps C16: 2 footprint overlaps, 2 pad clearance violations, 1 courtyard conflict. Move the components apart.
U10 overlaps C16: 1 footprint overlap, 1 pad clearance violation, 1 courtyard conflict. Move the components apart.
R51 overlaps C16: 2 footprint overlaps, 2 pad clearance violations, 1 courtyard conflict. Move the components apart.
C26 overlaps C16: 2 footprint overlaps, 2 pad clearance violations, 1 courtyard conflict. Move the components apart.
C27 overlaps C16: 2 footprint overlaps, 2 pad clearance violations, 1 courtyard conflict. Move the components apart.
D10 overlaps C16: 2 footprint overlaps, 2 pad clearance violations, 1 courtyard conflict. Move the components apart.
LED1 overlaps C16: 1 footprint overlap, 1 pad clearance violation, 1 courtyard conflict. Move the components apart.
Q2 overlaps C16: 3 footprint overlaps, 3 pad clearance violations, 1 courtyard conflict. Move the components apart.
R41 overlaps C16: 1 footprint overlap, 1 pad clearance violation, 1 courtyard conflict. Move the components apart.
R42 overlaps C16: 2 footprint overlaps, 2 pad clearance violations, 1 courtyard conflict. Move the components apart.
R43 overlaps C16: 2 footprint overlaps, 2 pad clearance violations, 1 courtyard conflict. Move the components apart.
R44 overlaps C16: 1 footprint overlap, 1 pad clearance violation, 1 courtyard conflict. Move the components apart.
D9 overlaps C16: 1 footprint overlap, 1 pad clearance violation, 1 courtyard conflict. Move the components apart.
Q3 overlaps C16: 2 footprint overlaps, 2 pad clearance violations, 1 courtyard conflict. Move the components apart.
Q4 overlaps C16: 2 footprint overlaps, 2 pad clearance violations, 1 courtyard conflict. Move the components apart.
R49 overlaps C16: 2 footprint overlaps, 2 pad clearance violations, 1 courtyard conflict. Move the components apart.
Q5 overlaps C16: 2 footprint overlaps, 2 pad clearance violations, 1 courtyard conflict. Move the components apart.
C16 overlaps SW1: 3 footprint overlaps, 2 pad clearance violations, 1 courtyard conflict. Move the components apart.
J2 overlaps C16: 4 footprint overlaps, 2 pad clearance violations, 1 courtyard conflict. Move the components apart.
C17 overlaps R17: 1 footprint overlap, 1 pad clearance violation, 1 courtyard conflict. Move the components apart.
C17 overlaps R18: 1 footprint overlap, 1 pad clearance violation, 1 courtyard conflict. Move the components apart.
C17 overlaps R55: 2 footprint overlaps, 2 pad clearance violations, 1 courtyard conflict. Move the components apart.
C17 overlaps R19: 1 footprint overlap, 1 pad clearance violation, 1 courtyard conflict. Move the components apart.
C17 overlaps R20: 2 footprint overlaps, 2 pad clearance violations, 1 courtyard conflict. Move the components apart.
C17 overlaps R21: 2 footprint overlaps, 2 pad clearance violations, 1 courtyard conflict. Move the components apart.
C17 overlaps R22: 2 footprint overlaps, 2 pad clearance violations, 1 courtyard conflict. Move the components apart.
C17 overlaps C19: 1 footprint overlap, 1 pad clearance violation, 1 courtyard conflict. Move the components apart.
C17 overlaps C20: 1 footprint overlap, 1 pad clearance violation, 1 courtyard conflict. Move the components apart.
C17 overlaps R23: 2 footprint overlaps, 2 pad clearance violations, 1 courtyard conflict. Move the components apart.
C17 overlaps R24: 1 footprint overlap, 1 pad clearance violation, 1 courtyard conflict. Move the components apart.
C17 overlaps R25: 2 footprint overlaps, 2 pad clearance violations, 1 courtyard conflict. Move the components apart.
C17 overlaps D6: 2 footprint overlaps, 2 pad clearance violations, 1 courtyard conflict. Move the components apart.
C17 overlaps D7: 2 footprint overlaps, 2 pad clearance violations, 1 courtyard conflict. Move the components apart.
C17 overlaps R26: 2 footprint overlaps, 2 pad clearance violations, 1 courtyard conflict. Move the components apart.
C17 overlaps C21: 1 footprint overlap, 1 pad clearance violation, 1 courtyard conflict. Move the components apart.
C17 overlaps C22: 1 footprint overlap, 1 pad clearance violation, 1 courtyard conflict. Move the components apart.
C17 overlaps C23: 1 footprint overlap, 1 pad clearance violation, 1 courtyard conflict. Move the components apart.
C17 overlaps R29: 2 footprint overlaps, 2 pad clearance violations, 1 courtyard conflict. Move the components apart.
C17 overlaps R30: 2 footprint overlaps, 2 pad clearance violations, 1 courtyard conflict. Move the components apart.
C17 overlaps LED2: 1 footprint overlap, 1 pad clearance violation, 1 courtyard conflict. Move the components apart.
C17 overlaps LED3: 1 footprint overlap, 1 pad clearance violation, 1 courtyard conflict. Move the components apart.
U8 overlaps C17: 3 footprint overlaps, 3 pad clearance violations, 1 courtyard conflict. Move the components apart.
R31 overlaps C17: 1 footprint overlap, 1 pad clearance violation, 1 courtyard conflict. Move the components apart.
R32 overlaps C17: 2 footprint overlaps, 2 pad clearance violations, 1 courtyard conflict. Move the components apart.
R33 overlaps C17: 1 footprint overlap, 1 pad clearance violation, 1 courtyard conflict. Move the components apart.
R34 overlaps C17: 2 footprint overlaps, 2 pad clearance violations, 1 courtyard conflict. Move the components apart.
D8 overlaps C17: 2 footprint overlaps, 2 pad clearance violations, 1 courtyard conflict. Move the components apart.
R39 overlaps C17: 2 footprint overlaps, 2 pad clearance violations, 1 courtyard conflict. Move the components apart.
R65 overlaps C17: 1 footprint overlap, 1 pad clearance violation, 1 courtyard conflict. Move the components apart.
R40 overlaps C17: 2 footprint overlaps, 2 pad clearance violations, 1 courtyard conflict. Move the components apart.
U10 overlaps C17: 1 footprint overlap, 1 pad clearance violation, 1 courtyard conflict. Move the components apart.
R51 overlaps C17: 2 footprint overlaps, 2 pad clearance violations, 1 courtyard conflict. Move the components apart.
C26 overlaps C17: 2 footprint overlaps, 2 pad clearance violations, 1 courtyard conflict. Move the components apart.
C27 overlaps C17: 2 footprint overlaps, 2 pad clearance violations, 1 courtyard conflict. Move the components apart.
D10 overlaps C17: 2 footprint overlaps, 2 pad clearance violations, 1 courtyard conflict. Move the components apart.
LED1 overlaps C17: 1 footprint overlap, 1 pad clearance violation, 1 courtyard conflict. Move the components apart.
Q2 overlaps C17: 3 footprint overlaps, 3 pad clearance violations, 1 courtyard conflict. Move the components apart.
R41 overlaps C17: 1 footprint overlap, 1 pad clearance violation, 1 courtyard conflict. Move the components apart.
R42 overlaps C17: 2 footprint overlaps, 2 pad clearance violations, 1 courtyard conflict. Move the components apart.
R43 overlaps C17: 2 footprint overlaps, 2 pad clearance violations, 1 courtyard conflict. Move the components apart.
R44 overlaps C17: 1 footprint overlap, 1 pad clearance violation, 1 courtyard conflict. Move the components apart.
D9 overlaps C17: 1 footprint overlap, 1 pad clearance violation, 1 courtyard conflict. Move the components apart.
Q3 overlaps C17: 2 footprint overlaps, 2 pad clearance violations, 1 courtyard conflict. Move the components apart.
Q4 overlaps C17: 2 footprint overlaps, 2 pad clearance violations, 1 courtyard conflict. Move the components apart.
R49 overlaps C17: 2 footprint overlaps, 2 pad clearance violations, 1 courtyard conflict. Move the components apart.
Q5 overlaps C17: 2 footprint overlaps, 2 pad clearance violations, 1 courtyard conflict. Move the components apart.
C17 overlaps SW1: 3 footprint overlaps, 2 pad clearance violations, 1 courtyard conflict. Move the components apart.
J2 overlaps C17: 4 footprint overlaps, 2 pad clearance violations, 1 courtyard conflict. Move the components apart.
C18 overlaps D6: 2 footprint overlaps, 2 pad clearance violations, 1 courtyard conflict. Move the components apart.
C18 overlaps D7: 2 footprint overlaps, 2 pad clearance violations, 1 courtyard conflict. Move the components apart.
D8 overlaps C18: 2 footprint overlaps, 2 pad clearance violations, 1 courtyard conflict. Move the components apart.
D10 overlaps C18: 2 footprint overlaps, 2 pad clearance violations, 1 courtyard conflict. Move the components apart.
R45 overlaps C18: 1 footprint overlap, 1 pad clearance violation, 1 courtyard conflict. Move the components apart.
R46 overlaps C18: 2 footprint overlaps, 2 pad clearance violations, 1 courtyard conflict. Move the components apart.
R47 overlaps C18: 1 footprint overlap, 1 pad clearance violation, 1 courtyard conflict. Move the components apart.
R48 overlaps C18: 2 footprint overlaps, 2 pad clearance violations, 1 courtyard conflict. Move the components apart.
C18 overlaps RV1: 5 footprint overlaps, 1 courtyard conflict. Move the components apart.
C18 overlaps SW1: 3 footprint overlaps, 1 courtyard conflict. Move the components apart.
J2 overlaps C18: 4 footprint overlaps, 2 pad clearance violations, 1 courtyard conflict. Move the components apart.
R17 overlaps R18: 2 footprint overlaps, 2 pad clearance violations, 1 courtyard conflict. Move the components apart.
R17 overlaps R55: 2 footprint overlaps, 2 pad clearance violations, 1 courtyard conflict. Move the components apart.
R17 overlaps R19: 1 footprint overlap, 1 pad clearance violation, 1 courtyard conflict. Move the components apart.
R17 overlaps R20: 2 footprint overlaps, 2 pad clearance violations, 1 courtyard conflict. Move the components apart.
R17 overlaps R21: 2 footprint overlaps, 2 pad clearance violations, 1 courtyard conflict. Move the components apart.
R17 overlaps R22: 2 footprint overlaps, 2 pad clearance violations, 1 courtyard conflict. Move the components apart.
R17 overlaps C19: 1 footprint overlap, 1 pad clearance violation, 1 courtyard conflict. Move the components apart.
R17 overlaps C20: 1 footprint overlap, 1 pad clearance violation, 1 courtyard conflict. Move the components apart.
R17 overlaps R23: 2 footprint overlaps, 2 pad clearance violations, 1 courtyard conflict. Move the components apart.
R17 overlaps R68: 1 footprint overlap, 1 pad clearance violation, 1 courtyard conflict. Move the components apart.
R17 overlaps R24: 1 footprint overlap, 1 pad clearance violation, 1 courtyard conflict. Move the components apart.
R17 overlaps R25: 2 footprint overlaps, 2 pad clearance violations, 1 courtyard conflict. Move the components apart.
R17 overlaps D6: 2 footprint overlaps, 2 pad clearance violations, 1 courtyard conflict. Move the components apart.
R17 overlaps D7: 2 footprint overlaps, 2 pad clearance violations, 1 courtyard conflict. Move the components apart.
R17 overlaps R26: 2 footprint overlaps, 2 pad clearance violations, 1 courtyard conflict. Move the components apart.
R17 overlaps C21: 1 footprint overlap, 1 pad clearance violation, 1 courtyard conflict. Move the components apart.
R17 overlaps C22: 1 footprint overlap, 1 pad clearance violation, 1 courtyard conflict. Move the components apart.
R17 overlaps C23: 1 footprint overlap, 1 pad clearance violation, 1 courtyard conflict. Move the components apart.
R17 overlaps R29: 2 footprint overlaps, 2 pad clearance violations, 1 courtyard conflict. Move the components apart.
R17 overlaps R30: 2 footprint overlaps, 2 pad clearance violations, 1 courtyard conflict. Move the components apart.
R17 overlaps LED2: 1 footprint overlap, 1 pad clearance violation, 1 courtyard conflict. Move the components apart.
R17 overlaps LED3: 1 footprint overlap, 1 pad clearance violation, 1 courtyard conflict. Move the components apart.
U8 overlaps R17: 1 footprint overlap, 1 pad clearance violation, 1 courtyard conflict. Move the components apart.
R31 overlaps R17: 2 footprint overlaps, 2 pad clearance violations, 1 courtyard conflict. Move the components apart.
R32 overlaps R17: 2 footprint overlaps, 2 pad clearance violations, 1 courtyard conflict. Move the components apart.
R33 overlaps R17: 1 footprint overlap, 1 pad clearance violation, 1 courtyard conflict. Move the components apart.
R34 overlaps R17: 2 footprint overlaps, 2 pad clearance violations, 1 courtyard conflict. Move the components apart.
D8 overlaps R17: 2 footprint overlaps, 2 pad clearance violations, 1 courtyard conflict. Move the components apart.
R39 overlaps R17: 2 footprint overlaps, 2 pad clearance violations, 1 courtyard conflict. Move the components apart.
R65 overlaps R17: 1 footprint overlap, 1 pad clearance violation, 1 courtyard conflict. Move the components apart.
R40 overlaps R17: 2 footprint overlaps, 2 pad clearance violations, 1 courtyard conflict. Move the components apart.
C25 overlaps R17: 1 footprint overlap, 1 pad clearance violation, 1 courtyard conflict. Move the components apart.
U10 overlaps R17: 1 footprint overlap, 1 pad clearance violation, 1 courtyard conflict. Move the components apart.
R50 overlaps R17: 1 footprint overlap, 1 pad clearance violation, 1 courtyard conflict. Move the components apart.
R51 overlaps R17: 2 footprint overlaps, 2 pad clearance violations, 1 courtyard conflict. Move the components apart.
C26 overlaps R17: 2 footprint overlaps, 2 pad clearance violations, 1 courtyard conflict. Move the components apart.
C27 overlaps R17: 2 footprint overlaps, 2 pad clearance violations, 1 courtyard conflict. Move the components apart.
C28 overlaps R17: 1 footprint overlap, 1 pad clearance violation, 1 courtyard conflict. Move the components apart.
C29 overlaps R17: 1 footprint overlap, 1 pad clearance violation, 1 courtyard conflict. Move the components apart.
R54 overlaps R17: 2 footprint overlaps, 2 pad clearance violations, 1 courtyard conflict. Move the components apart.
LED1 overlaps R17: 1 footprint overlap, 1 pad clearance violation, 1 courtyard conflict. Move the components apart.
Q2 overlaps R17: 1 footprint overlap, 1 pad clearance violation, 1 courtyard conflict. Move the components apart.
R41 overlaps R17: 2 footprint overlaps, 2 pad clearance violations, 1 courtyard conflict. Move the components apart.
R42 overlaps R17: 2 footprint overlaps, 2 pad clearance violations, 1 courtyard conflict. Move the components apart.
R43 overlaps R17: 2 footprint overlaps, 2 pad clearance violations, 1 courtyard conflict. Move the components apart.
R44 overlaps R17: 1 footprint overlap, 1 pad clearance violation, 1 courtyard conflict. Move the components apart.
Q3 overlaps R17: 1 footprint overlap, 1 pad clearance violation, 1 courtyard conflict. Move the components apart.
Q4 overlaps R17: 1 footprint overlap, 1 pad clearance violation, 1 courtyard conflict. Move the components apart.
R49 overlaps R17: 2 footprint overlaps, 2 pad clearance violations, 1 courtyard conflict. Move the components apart.
Q5 overlaps R17: 1 footprint overlap, 1 pad clearance violation, 1 courtyard conflict. Move the components apart.
R17 overlaps SW1: 3 footprint overlaps, 2 pad clearance violations, 1 courtyard conflict. Move the components apart.
J2 overlaps R17: 2 footprint overlaps, 2 pad clearance violations, 1 courtyard conflict. Move the components apart.
R18 overlaps R55: 2 footprint overlaps, 2 pad clearance violations, 1 courtyard conflict. Move the components apart.
R18 overlaps R19: 2 footprint overlaps, 2 pad clearance violations, 1 courtyard conflict. Move the components apart.
R18 overlaps R20: 2 footprint overlaps, 2 pad clearance violations, 1 courtyard conflict. Move the components apart.
R18 overlaps R21: 2 footprint overlaps, 2 pad clearance violations, 1 courtyard conflict. Move the components apart.
R18 overlaps R22: 2 footprint overlaps, 2 pad clearance violations, 1 courtyard conflict. Move the components apart.
R18 overlaps C19: 2 footprint overlaps, 2 pad clearance violations, 1 courtyard conflict. Move the components apart.
R18 overlaps C20: 2 footprint overlaps, 2 pad clearance violations, 1 courtyard conflict. Move the components apart.
R18 overlaps R23: 2 footprint overlaps, 2 pad clearance violations, 1 courtyard conflict. Move the components apart.
R18 overlaps R68: 1 footprint overlap, 1 pad clearance violation, 1 courtyard conflict. Move the components apart.
R18 overlaps R24: 2 footprint overlaps, 2 pad clearance violations, 1 courtyard conflict. Move the components apart.
R18 overlaps R25: 2 footprint overlaps, 2 pad clearance violations, 1 courtyard conflict. Move the components apart.
R18 overlaps D6: 2 footprint overlaps, 2 pad clearance violations, 1 courtyard conflict. Move the components apart.
R18 overlaps D7: 2 footprint overlaps, 2 pad clearance violations, 1 courtyard conflict. Move the components apart.
R18 overlaps R26: 2 footprint overlaps, 2 pad clearance violations, 1 courtyard conflict. Move the components apart.
R18 overlaps C21: 2 footprint overlaps, 2 pad clearance violations, 1 courtyard conflict. Move the components apart.
R18 overlaps C22: 2 footprint overlaps, 2 pad clearance violations, 1 courtyard conflict. Move the components apart.
R18 overlaps C23: 2 footprint overlaps, 2 pad clearance violations, 1 courtyard conflict. Move the components apart.
R18 overlaps R29: 2 footprint overlaps, 2 pad clearance violations, 1 courtyard conflict. Move the components apart.
R18 overlaps R30: 2 footprint overlaps, 2 pad clearance violations, 1 courtyard conflict. Move the components apart.
R18 overlaps LED2: 2 footprint overlaps, 2 pad clearance violations, 1 courtyard conflict. Move the components apart.
R18 overlaps LED3: 2 footprint overlaps, 2 pad clearance violations, 1 courtyard conflict. Move the components apart.
U8 overlaps R18: 1 footprint overlap, 1 pad clearance violation, 1 courtyard conflict. Move the components apart.
R31 overlaps R18: 1 footprint overlap, 1 pad clearance violation, 1 courtyard conflict. Move the components apart.
R32 overlaps R18: 2 footprint overlaps, 2 pad clearance violations, 1 courtyard conflict. Move the components apart.
R33 overlaps R18: 2 footprint overlaps, 2 pad clearance violations, 1 courtyard conflict. Move the components apart.
R34 overlaps R18: 2 footprint overlaps, 2 pad clearance violations, 1 courtyard conflict. Move the components apart.
D8 overlaps R18: 2 footprint overlaps, 2 pad clearance violations, 1 courtyard conflict. Move the components apart.
R39 overlaps R18: 2 footprint overlaps, 2 pad clearance violations, 1 courtyard conflict. Move the components apart.
R65 overlaps R18: 2 footprint overlaps, 2 pad clearance violations, 1 courtyard conflict. Move the components apart.
R40 overlaps R18: 2 footprint overlaps, 2 pad clearance violations, 1 courtyard conflict. Move the components apart.
C25 overlaps R18: 1 footprint overlap, 1 pad clearance violation, 1 courtyard conflict. Move the components apart.
U10 overlaps R18: 2 footprint overlaps, 2 pad clearance violations, 1 courtyard conflict. Move the components apart.
R50 overlaps R18: 2 footprint overlaps, 2 pad clearance violations, 1 courtyard conflict. Move the components apart.
R51 overlaps R18: 2 footprint overlaps, 2 pad clearance violations, 1 courtyard conflict. Move the components apart.
C26 overlaps R18: 2 footprint overlaps, 2 pad clearance violations, 1 courtyard conflict. Move the components apart.
C27 overlaps R18: 2 footprint overlaps, 2 pad clearance violations, 1 courtyard conflict. Move the components apart.
C28 overlaps R18: 1 footprint overlap, 1 pad clearance violation, 1 courtyard conflict. Move the components apart.
C29 overlaps R18: 1 footprint overlap, 1 pad clearance violation, 1 courtyard conflict. Move the components apart.
R54 overlaps R18: 1 footprint overlap, 1 pad clearance violation, 1 courtyard conflict. Move the components apart.
LED1 overlaps R18: 2 footprint overlaps, 2 pad clearance violations, 1 courtyard conflict. Move the components apart.
Q2 overlaps R18: 1 footprint overlap, 1 pad clearance violation, 1 courtyard conflict. Move the components apart.
R41 overlaps R18: 1 footprint overlap, 1 pad clearance violation, 1 courtyard conflict. Move the components apart.
R42 overlaps R18: 2 footprint overlaps, 2 pad clearance violations, 1 courtyard conflict. Move the components apart.
R43 overlaps R18: 2 footprint overlaps, 2 pad clearance violations, 1 courtyard conflict. Move the components apart.
R44 overlaps R18: 2 footprint overlaps, 2 pad clearance violations, 1 courtyard conflict. Move the components apart.
Q3 overlaps R18: 1 footprint overlap, 1 pad clearance violation, 1 courtyard conflict. Move the components apart.
Q4 overlaps R18: 1 footprint overlap, 1 pad clearance violation, 1 courtyard conflict. Move the components apart.
R49 overlaps R18: 2 footprint overlaps, 2 pad clearance violations, 1 courtyard conflict. Move the components apart.
Q5 overlaps R18: 1 footprint overlap, 1 pad clearance violation, 1 courtyard conflict. Move the components apart.
R18 overlaps SW1: 3 footprint overlaps, 2 pad clearance violations, 1 courtyard conflict. Move the components apart.
J2 overlaps R18: 2 footprint overlaps, 2 pad clearance violations, 1 courtyard conflict. Move the components apart.
R55 overlaps R19: 2 footprint overlaps, 2 pad clearance violations, 1 courtyard conflict. Move the components apart.
R55 overlaps R20: 2 footprint overlaps, 2 pad clearance violations, 1 courtyard conflict. Move the components apart.
R55 overlaps R21: 2 footprint overlaps, 2 pad clearance violations, 1 courtyard conflict. Move the components apart.
R55 overlaps R22: 2 footprint overlaps, 2 pad clearance violations, 1 courtyard conflict. Move the components apart.
R55 overlaps C19: 2 footprint overlaps, 2 pad clearance violations, 1 courtyard conflict. Move the components apart.
R55 overlaps C20: 2 footprint overlaps, 2 pad clearance violations, 1 courtyard conflict. Move the components apart.
R55 overlaps R23: 2 footprint overlaps, 2 pad clearance violations, 1 courtyard conflict. Move the components apart.
R55 overlaps R68: 2 footprint overlaps, 2 pad clearance violations, 1 courtyard conflict. Move the components apart.
R55 overlaps R24: 2 footprint overlaps, 2 pad clearance violations, 1 courtyard conflict. Move the components apart.
R55 overlaps R25: 2 footprint overlaps, 2 pad clearance violations, 1 courtyard conflict. Move the components apart.
R55 overlaps D6: 2 footprint overlaps, 2 pad clearance violations, 1 courtyard conflict. Move the components apart.
R55 overlaps D7: 2 footprint overlaps, 2 pad clearance violations, 1 courtyard conflict. Move the components apart.
R55 overlaps R26: 2 footprint overlaps, 2 pad clearance violations, 1 courtyard conflict. Move the components apart.
R55 overlaps C21: 2 footprint overlaps, 2 pad clearance violations, 1 courtyard conflict. Move the components apart.
R55 overlaps C22: 2 footprint overlaps, 2 pad clearance violations, 1 courtyard conflict. Move the components apart.
R55 overlaps C23: 2 footprint overlaps, 2 pad clearance violations, 1 courtyard conflict. Move the components apart.
R55 overlaps R29: 2 footprint overlaps, 2 pad clearance violations, 1 courtyard conflict. Move the components apart.
R55 overlaps R30: 2 footprint overlaps, 2 pad clearance violations, 1 courtyard conflict. Move the components apart.
R55 overlaps LED2: 2 footprint overlaps, 2 pad clearance violations, 1 courtyard conflict. Move the components apart.
R55 overlaps LED3: 2 footprint overlaps, 2 pad clearance violations, 1 courtyard conflict. Move the components apart.
U8 overlaps R55: 1 footprint overlap, 1 pad clearance violation, 1 courtyard conflict. Move the components apart.
R31 overlaps R55: 2 footprint overlaps, 2 pad clearance violations, 1 courtyard conflict. Move the components apart.
R32 overlaps R55: 2 footprint overlaps, 2 pad clearance violations, 1 courtyard conflict. Move the components apart.
R33 overlaps R55: 2 footprint overlaps, 2 pad clearance violations, 1 courtyard conflict. Move the components apart.
R34 overlaps R55: 2 footprint overlaps, 2 pad clearance violations, 1 courtyard conflict. Move the components apart.
D8 overlaps R55: 2 footprint overlaps, 2 pad clearance violations, 1 courtyard conflict. Move the components apart.
R39 overlaps R55: 2 footprint overlaps, 2 pad clearance violations, 1 courtyard conflict. Move the components apart.
R65 overlaps R55: 2 footprint overlaps, 2 pad clearance violations, 1 courtyard conflict. Move the components apart.
R40 overlaps R55: 2 footprint overlaps, 2 pad clearance violations, 1 courtyard conflict. Move the components apart.
C25 overlaps R55: 2 footprint overlaps, 2 pad clearance violations, 1 courtyard conflict. Move the components apart.
U10 overlaps R55: 2 footprint overlaps, 2 pad clearance violations, 1 courtyard conflict. Move the components apart.
R50 overlaps R55: 2 footprint overlaps, 2 pad clearance violations, 1 courtyard conflict. Move the components apart.
R51 overlaps R55: 2 footprint overlaps, 2 pad clearance violations, 1 courtyard conflict. Move the components apart.
C26 overlaps R55: 2 footprint overlaps, 2 pad clearance violations, 1 courtyard conflict. Move the components apart.
C27 overlaps R55: 2 footprint overlaps, 2 pad clearance violations, 1 courtyard conflict. Move the components apart.
C28 overlaps R55: 2 footprint overlaps, 2 pad clearance violations, 1 courtyard conflict. Move the components apart.
C29 overlaps R55: 2 footprint overlaps, 2 pad clearance violations, 1 courtyard conflict. Move the components apart.
R54 overlaps R55: 2 footprint overlaps, 2 pad clearance violations, 1 courtyard conflict. Move the components apart.
LED1 overlaps R55: 2 footprint overlaps, 2 pad clearance violations, 1 courtyard conflict. Move the components apart.
Q2 overlaps R55: 1 footprint overlap, 1 pad clearance violation, 1 courtyard conflict. Move the components apart.
R41 overlaps R55: 2 footprint overlaps, 2 pad clearance violations, 1 courtyard conflict. Move the components apart.
R42 overlaps R55: 2 footprint overlaps, 2 pad clearance violations, 1 courtyard conflict. Move the components apart.
R43 overlaps R55: 2 footprint overlaps, 2 pad clearance violations, 1 courtyard conflict. Move the components apart.
R44 overlaps R55: 2 footprint overlaps, 2 pad clearance violations, 1 courtyard conflict. Move the components apart.
Q3 overlaps R55: 1 footprint overlap, 1 pad clearance violation, 1 courtyard conflict. Move the components apart.
Q4 overlaps R55: 1 footprint overlap, 1 pad clearance violation, 1 courtyard conflict. Move the components apart.
R49 overlaps R55: 2 footprint overlaps, 2 pad clearance violations, 1 courtyard conflict. Move the components apart.
Q5 overlaps R55: 1 footprint overlap, 1 pad clearance violation, 1 courtyard conflict. Move the components apart.
R55 overlaps SW1: 3 footprint overlaps, 2 pad clearance violations, 1 courtyard conflict. Move the components apart.
J2 overlaps R55: 2 footprint overlaps, 2 pad clearance violations, 1 courtyard conflict. Move the components apart.
R19 overlaps R20: 1 footprint overlap, 1 pad clearance violation, 1 courtyard conflict. Move the components apart.
R19 overlaps R21: 1 footprint overlap, 1 pad clearance violation, 1 courtyard conflict. Move the components apart.
R19 overlaps R22: 2 footprint overlaps, 2 pad clearance violations, 1 courtyard conflict. Move the components apart.
R19 overlaps C19: 1 footprint overlap, 1 pad clearance violation, 1 courtyard conflict. Move the components apart.
R19 overlaps C20: 1 footprint overlap, 1 pad clearance violation, 1 courtyard conflict. Move the components apart.
R19 overlaps R23: 2 footprint overlaps, 2 pad clearance violations, 1 courtyard conflict. Move the components apart.
R19 overlaps R68: 1 footprint overlap, 1 pad clearance violation, 1 courtyard conflict. Move the components apart.
R19 overlaps R24: 1 footprint overlap, 1 pad clearance violation, 1 courtyard conflict. Move the components apart.
R19 overlaps R25: 2 footprint overlaps, 2 pad clearance violations, 1 courtyard conflict. Move the components apart.
R19 overlaps D6: 2 footprint overlaps, 2 pad clearance violations, 1 courtyard conflict. Move the components apart.
R19 overlaps D7: 2 footprint overlaps, 2 pad clearance violations, 1 courtyard conflict. Move the components apart.
R19 overlaps R26: 2 footprint overlaps, 2 pad clearance violations, 1 courtyard conflict. Move the components apart.
R19 overlaps C21: 1 footprint overlap, 1 pad clearance violation, 1 courtyard conflict. Move the components apart.
R19 overlaps C22: 1 footprint overlap, 1 pad clearance violation, 1 courtyard conflict. Move the components apart.
R19 overlaps C23: 1 footprint overlap, 1 pad clearance violation, 1 courtyard conflict. Move the components apart.
R19 overlaps R29: 2 footprint overlaps, 2 pad clearance violations, 1 courtyard conflict. Move the components apart.
R19 overlaps R30: 2 footprint overlaps, 2 pad clearance violations, 1 courtyard conflict. Move the components apart.
R19 overlaps LED2: 1 footprint overlap, 1 pad clearance violation, 1 courtyard conflict. Move the components apart.
R19 overlaps LED3: 1 footprint overlap, 1 pad clearance violation, 1 courtyard conflict. Move the components apart.
U8 overlaps R19: 1 footprint overlap, 1 pad clearance violation, 1 courtyard conflict. Move the components apart.
R31 overlaps R19: 2 footprint overlaps, 2 pad clearance violations, 1 courtyard conflict. Move the components apart.
R32 overlaps R19: 2 footprint overlaps, 2 pad clearance violations, 1 courtyard conflict. Move the components apart.
R33 overlaps R19: 1 footprint overlap, 1 pad clearance violation, 1 courtyard conflict. Move the components apart.
R34 overlaps R19: 2 footprint overlaps, 2 pad clearance violations, 1 courtyard conflict. Move the components apart.
D8 overlaps R19: 2 footprint overlaps, 2 pad clearance violations, 1 courtyard conflict. Move the components apart.
R39 overlaps R19: 2 footprint overlaps, 2 pad clearance violations, 1 courtyard conflict. Move the components apart.
R65 overlaps R19: 1 footprint overlap, 1 pad clearance violation, 1 courtyard conflict. Move the components apart.
R40 overlaps R19: 2 footprint overlaps, 2 pad clearance violations, 1 courtyard conflict. Move the components apart.
C25 overlaps R19: 1 footprint overlap, 1 pad clearance violation, 1 courtyard conflict. Move the components apart.
U10 overlaps R19: 1 footprint overlap, 1 pad clearance violation, 1 courtyard conflict. Move the components apart.
R50 overlaps R19: 1 footprint overlap, 1 pad clearance violation, 1 courtyard conflict. Move the components apart.
R51 overlaps R19: 2 footprint overlaps, 2 pad clearance violations, 1 courtyard conflict. Move the components apart.
C26 overlaps R19: 2 footprint overlaps, 2 pad clearance violations, 1 courtyard conflict. Move the components apart.
C27 overlaps R19: 2 footprint overlaps, 2 pad clearance violations, 1 courtyard conflict. Move the components apart.
C28 overlaps R19: 1 footprint overlap, 1 pad clearance violation, 1 courtyard conflict. Move the components apart.
C29 overlaps R19: 1 footprint overlap, 1 pad clearance violation, 1 courtyard conflict. Move the components apart.
R54 overlaps R19: 2 footprint overlaps, 2 pad clearance violations, 1 courtyard conflict. Move the components apart.
LED1 overlaps R19: 1 footprint overlap, 1 pad clearance violation, 1 courtyard conflict. Move the components apart.
Q2 overlaps R19: 1 footprint overlap, 1 pad clearance violation, 1 courtyard conflict. Move the components apart.
R41 overlaps R19: 2 footprint overlaps, 2 pad clearance violations, 1 courtyard conflict. Move the components apart.
R42 overlaps R19: 2 footprint overlaps, 2 pad clearance violations, 1 courtyard conflict. Move the components apart.
R43 overlaps R19: 2 footprint overlaps, 2 pad clearance violations, 1 courtyard conflict. Move the components apart.
R44 overlaps R19: 1 footprint overlap, 1 pad clearance violation, 1 courtyard conflict. Move the components apart.
Q3 overlaps R19: 1 footprint overlap, 1 pad clearance violation, 1 courtyard conflict. Move the components apart.
Q4 overlaps R19: 1 footprint overlap, 1 pad clearance violation, 1 courtyard conflict. Move the components apart.
R49 overlaps R19: 2 footprint overlaps, 2 pad clearance violations, 1 courtyard conflict. Move the components apart.
Q5 overlaps R19: 1 footprint overlap, 1 pad clearance violation, 1 courtyard conflict. Move the components apart.
R19 overlaps SW1: 3 footprint overlaps, 2 pad clearance violations, 1 courtyard conflict. Move the components apart.
J2 overlaps R19: 2 footprint overlaps, 2 pad clearance violations, 1 courtyard conflict. Move the components apart.
R20 overlaps R21: 1 footprint overlap, 1 pad clearance violation, 1 courtyard conflict. Move the components apart.
R20 overlaps R22: 2 footprint overlaps, 2 pad clearance violations, 1 courtyard conflict. Move the components apart.
R20 overlaps C19: 2 footprint overlaps, 2 pad clearance violations, 1 courtyard conflict. Move the components apart.
R20 overlaps C20: 2 footprint overlaps, 2 pad clearance violations, 1 courtyard conflict. Move the components apart.
R20 overlaps R23: 2 footprint overlaps, 2 pad clearance violations, 1 courtyard conflict. Move the components apart.
R20 overlaps R68: 2 footprint overlaps, 2 pad clearance violations, 1 courtyard conflict. Move the components apart.
R20 overlaps R24: 2 footprint overlaps, 2 pad clearance violations, 1 courtyard conflict. Move the components apart.
R20 overlaps R25: 2 footprint overlaps, 2 pad clearance violations, 1 courtyard conflict. Move the components apart.
R20 overlaps D6: 2 footprint overlaps, 2 pad clearance violations, 1 courtyard conflict. Move the components apart.
R20 overlaps D7: 2 footprint overlaps, 2 pad clearance violations, 1 courtyard conflict. Move the components apart.
R20 overlaps R26: 2 footprint overlaps, 2 pad clearance violations, 1 courtyard conflict. Move the components apart.
R20 overlaps C21: 2 footprint overlaps, 2 pad clearance violations, 1 courtyard conflict. Move the components apart.
R20 overlaps C22: 2 footprint overlaps, 2 pad clearance violations, 1 courtyard conflict. Move the components apart.
R20 overlaps C23: 2 footprint overlaps, 2 pad clearance violations, 1 courtyard conflict. Move the components apart.
R20 overlaps R29: 2 footprint overlaps, 2 pad clearance violations, 1 courtyard conflict. Move the components apart.
R20 overlaps R30: 2 footprint overlaps, 2 pad clearance violations, 1 courtyard conflict. Move the components apart.
R20 overlaps LED2: 2 footprint overlaps, 2 pad clearance violations, 1 courtyard conflict. Move the components apart.
R20 overlaps LED3: 2 footprint overlaps, 2 pad clearance violations, 1 courtyard conflict. Move the components apart.
U8 overlaps R20: 1 footprint overlap, 1 pad clearance violation, 1 courtyard conflict. Move the components apart.
R31 overlaps R20: 2 footprint overlaps, 2 pad clearance violations, 1 courtyard conflict. Move the components apart.
R32 overlaps R20: 2 footprint overlaps, 2 pad clearance violations, 1 courtyard conflict. Move the components apart.
R33 overlaps R20: 2 footprint overlaps, 2 pad clearance violations, 1 courtyard conflict. Move the components apart.
R34 overlaps R20: 2 footprint overlaps, 2 pad clearance violations, 1 courtyard conflict. Move the components apart.
D8 overlaps R20: 2 footprint overlaps, 2 pad clearance violations, 1 courtyard conflict. Move the components apart.
R39 overlaps R20: 2 footprint overlaps, 2 pad clearance violations, 1 courtyard conflict. Move the components apart.
R65 overlaps R20: 2 footprint overlaps, 2 pad clearance violations, 1 courtyard conflict. Move the components apart.
R40 overlaps R20: 2 footprint overlaps, 2 pad clearance violations, 1 courtyard conflict. Move the components apart.
C25 overlaps R20: 2 footprint overlaps, 2 pad clearance violations, 1 courtyard conflict. Move the components apart.
U10 overlaps R20: 2 footprint overlaps, 2 pad clearance violations, 1 courtyard conflict. Move the components apart.
R50 overlaps R20: 2 footprint overlaps, 2 pad clearance violations, 1 courtyard conflict. Move the components apart.
R51 overlaps R20: 2 footprint overlaps, 2 pad clearance violations, 1 courtyard conflict. Move the components apart.
C26 overlaps R20: 2 footprint overlaps, 2 pad clearance violations, 1 courtyard conflict. Move the components apart.
C27 overlaps R20: 2 footprint overlaps, 2 pad clearance violations, 1 courtyard conflict. Move the components apart.
C28 overlaps R20: 2 footprint overlaps, 2 pad clearance violations, 1 courtyard conflict. Move the components apart.
C29 overlaps R20: 2 footprint overlaps, 2 pad clearance violations, 1 courtyard conflict. Move the components apart.
R54 overlaps R20: 2 footprint overlaps, 2 pad clearance violations, 1 courtyard conflict. Move the components apart.
LED1 overlaps R20: 2 footprint overlaps, 2 pad clearance violations, 1 courtyard conflict. Move the components apart.
Q2 overlaps R20: 1 footprint overlap, 1 pad clearance violation, 1 courtyard conflict. Move the components apart.
R41 overlaps R20: 2 footprint overlaps, 2 pad clearance violations, 1 courtyard conflict. Move the components apart.
R42 overlaps R20: 2 footprint overlaps, 2 pad clearance violations, 1 courtyard conflict. Move the components apart.
R43 overlaps R20: 2 footprint overlaps, 2 pad clearance violations, 1 courtyard conflict. Move the components apart.
R44 overlaps R20: 2 footprint overlaps, 2 pad clearance violations, 1 courtyard conflict. Move the components apart.
Q3 overlaps R20: 1 footprint overlap, 1 pad clearance violation, 1 courtyard conflict. Move the components apart.
Q4 overlaps R20: 1 footprint overlap, 1 pad clearance violation, 1 courtyard conflict. Move the components apart.
R49 overlaps R20: 2 footprint overlaps, 2 pad clearance violations, 1 courtyard conflict. Move the components apart.
Q5 overlaps R20: 1 footprint overlap, 1 pad clearance violation, 1 courtyard conflict. Move the components apart.
R20 overlaps SW1: 3 footprint overlaps, 2 pad clearance violations, 1 courtyard conflict. Move the components apart.
J2 overlaps R20: 2 footprint overlaps, 2 pad clearance violations, 1 courtyard conflict. Move the components apart.
R21 overlaps R22: 2 footprint overlaps, 2 pad clearance violations, 1 courtyard conflict. Move the components apart.
R21 overlaps C19: 2 footprint overlaps, 2 pad clearance violations, 1 courtyard conflict. Move the components apart.
R21 overlaps C20: 2 footprint overlaps, 2 pad clearance violations, 1 courtyard conflict. Move the components apart.
R21 overlaps R23: 2 footprint overlaps, 2 pad clearance violations, 1 courtyard conflict. Move the components apart.
R21 overlaps R68: 2 footprint overlaps, 2 pad clearance violations, 1 courtyard conflict. Move the components apart.
R21 overlaps R24: 2 footprint overlaps, 2 pad clearance violations, 1 courtyard conflict. Move the components apart.
R21 overlaps R25: 2 footprint overlaps, 2 pad clearance violations, 1 courtyard conflict. Move the components apart.
R21 overlaps D6: 2 footprint overlaps, 2 pad clearance violations, 1 courtyard conflict. Move the components apart.
R21 overlaps D7: 2 footprint overlaps, 2 pad clearance violations, 1 courtyard conflict. Move the components apart.
R21 overlaps R26: 2 footprint overlaps, 2 pad clearance violations, 1 courtyard conflict. Move the components apart.
R21 overlaps C21: 2 footprint overlaps, 2 pad clearance violations, 1 courtyard conflict. Move the components apart.
R21 overlaps C22: 2 footprint overlaps, 2 pad clearance violations, 1 courtyard conflict. Move the components apart.
R21 overlaps C23: 2 footprint overlaps, 2 pad clearance violations, 1 courtyard conflict. Move the components apart.
R21 overlaps R29: 2 footprint overlaps, 2 pad clearance violations, 1 courtyard conflict. Move the components apart.
R21 overlaps R30: 2 footprint overlaps, 2 pad clearance violations, 1 courtyard conflict. Move the components apart.
R21 overlaps LED2: 2 footprint overlaps, 2 pad clearance violations, 1 courtyard conflict. Move the components apart.
R21 overlaps LED3: 2 footprint overlaps, 2 pad clearance violations, 1 courtyard conflict. Move the components apart.
U8 overlaps R21: 1 footprint overlap, 1 pad clearance violation, 1 courtyard conflict. Move the components apart.
R31 overlaps R21: 2 footprint overlaps, 2 pad clearance violations, 1 courtyard conflict. Move the components apart.
R32 overlaps R21: 2 footprint overlaps, 2 pad clearance violations, 1 courtyard conflict. Move the components apart.
R33 overlaps R21: 2 footprint overlaps, 2 pad clearance violations, 1 courtyard conflict. Move the components apart.
R34 overlaps R21: 2 footprint overlaps, 2 pad clearance violations, 1 courtyard conflict. Move the components apart.
D8 overlaps R21: 2 footprint overlaps, 2 pad clearance violations, 1 courtyard conflict. Move the components apart.
R39 overlaps R21: 2 footprint overlaps, 2 pad clearance violations, 1 courtyard conflict. Move the components apart.
R65 overlaps R21: 2 footprint overlaps, 2 pad clearance violations, 1 courtyard conflict. Move the components apart.
R40 overlaps R21: 2 footprint overlaps, 2 pad clearance violations, 1 courtyard conflict. Move the components apart.
C25 overlaps R21: 2 footprint overlaps, 2 pad clearance violations, 1 courtyard conflict. Move the components apart.
U10 overlaps R21: 2 footprint overlaps, 2 pad clearance violations, 1 courtyard conflict. Move the components apart.
R50 overlaps R21: 2 footprint overlaps, 2 pad clearance violations, 1 courtyard conflict. Move the components apart.
R51 overlaps R21: 2 footprint overlaps, 2 pad clearance violations, 1 courtyard conflict. Move the components apart.
C26 overlaps R21: 2 footprint overlaps, 2 pad clearance violations, 1 courtyard conflict. Move the components apart.
C27 overlaps R21: 2 footprint overlaps, 2 pad clearance violations, 1 courtyard conflict. Move the components apart.
C28 overlaps R21: 2 footprint overlaps, 2 pad clearance violations, 1 courtyard conflict. Move the components apart.
C29 overlaps R21: 2 footprint overlaps, 2 pad clearance violations, 1 courtyard conflict. Move the components apart.
R54 overlaps R21: 2 footprint overlaps, 2 pad clearance violations, 1 courtyard conflict. Move the components apart.
LED1 overlaps R21: 2 footprint overlaps, 2 pad clearance violations, 1 courtyard conflict. Move the components apart.
Q2 overlaps R21: 1 footprint overlap, 1 pad clearance violation, 1 courtyard conflict. Move the components apart.
R41 overlaps R21: 2 footprint overlaps, 2 pad clearance violations, 1 courtyard conflict. Move the components apart.
R42 overlaps R21: 2 footprint overlaps, 2 pad clearance violations, 1 courtyard conflict. Move the components apart.
R43 overlaps R21: 2 footprint overlaps, 2 pad clearance violations, 1 courtyard conflict. Move the components apart.
R44 overlaps R21: 2 footprint overlaps, 2 pad clearance violations, 1 courtyard conflict. Move the components apart.
Q3 overlaps R21: 1 footprint overlap, 1 pad clearance violation, 1 courtyard conflict. Move the components apart.
Q4 overlaps R21: 1 footprint overlap, 1 pad clearance violation, 1 courtyard conflict. Move the components apart.
R49 overlaps R21: 2 footprint overlaps, 2 pad clearance violations, 1 courtyard conflict. Move the components apart.
Q5 overlaps R21: 1 footprint overlap, 1 pad clearance violation, 1 courtyard conflict. Move the components apart.
R21 overlaps SW1: 3 footprint overlaps, 2 pad clearance violations, 1 courtyard conflict. Move the components apart.
J2 overlaps R21: 2 footprint overlaps, 2 pad clearance violations, 1 courtyard conflict. Move the components apart.
R22 overlaps C19: 2 footprint overlaps, 2 pad clearance violations, 1 courtyard conflict. Move the components apart.
R22 overlaps C20: 1 footprint overlap, 1 pad clearance violation, 1 courtyard conflict. Move the components apart.
R22 overlaps R23: 2 footprint overlaps, 2 pad clearance violations, 1 courtyard conflict. Move the components apart.
R22 overlaps R68: 2 footprint overlaps, 2 pad clearance violations, 1 courtyard conflict. Move the components apart.
R22 overlaps R24: 2 footprint overlaps, 2 pad clearance violations, 1 courtyard conflict. Move the components apart.
R22 overlaps R25: 2 footprint overlaps, 2 pad clearance violations, 1 courtyard conflict. Move the components apart.
R22 overlaps D6: 2 footprint overlaps, 2 pad clearance violations, 1 courtyard conflict. Move the components apart.
R22 overlaps D7: 2 footprint overlaps, 2 pad clearance violations, 1 courtyard conflict. Move the components apart.
R22 overlaps R26: 2 footprint overlaps, 2 pad clearance violations, 1 courtyard conflict. Move the components apart.
R22 overlaps C21: 2 footprint overlaps, 2 pad clearance violations, 1 courtyard conflict. Move the components apart.
R22 overlaps C22: 2 footprint overlaps, 2 pad clearance violations, 1 courtyard conflict. Move the components apart.
R22 overlaps C23: 2 footprint overlaps, 2 pad clearance violations, 1 courtyard conflict. Move the components apart.
R22 overlaps R29: 2 footprint overlaps, 2 pad clearance violations, 1 courtyard conflict. Move the components apart.
R22 overlaps R30: 2 footprint overlaps, 2 pad clearance violations, 1 courtyard conflict. Move the components apart.
R22 overlaps LED2: 2 footprint overlaps, 2 pad clearance violations, 1 courtyard conflict. Move the components apart.
R22 overlaps LED3: 2 footprint overlaps, 2 pad clearance violations, 1 courtyard conflict. Move the components apart.
U8 overlaps R22: 1 footprint overlap, 1 pad clearance violation, 1 courtyard conflict. Move the components apart.
R31 overlaps R22: 2 footprint overlaps, 2 pad clearance violations, 1 courtyard conflict. Move the components apart.
R32 overlaps R22: 2 footprint overlaps, 2 pad clearance violations, 1 courtyard conflict. Move the components apart.
R33 overlaps R22: 2 footprint overlaps, 2 pad clearance violations, 1 courtyard conflict. Move the components apart.
R34 overlaps R22: 2 footprint overlaps, 2 pad clearance violations, 1 courtyard conflict. Move the components apart.
D8 overlaps R22: 2 footprint overlaps, 2 pad clearance violations, 1 courtyard conflict. Move the components apart.
R39 overlaps R22: 2 footprint overlaps, 2 pad clearance violations, 1 courtyard conflict. Move the components apart.
R65 overlaps R22: 2 footprint overlaps, 2 pad clearance violations, 1 courtyard conflict. Move the components apart.
R40 overlaps R22: 2 footprint overlaps, 2 pad clearance violations, 1 courtyard conflict. Move the components apart.
C25 overlaps R22: 2 footprint overlaps, 2 pad clearance violations, 1 courtyard conflict. Move the components apart.
U10 overlaps R22: 2 footprint overlaps, 2 pad clearance violations, 1 courtyard conflict. Move the components apart.
R50 overlaps R22: 2 footprint overlaps, 2 pad clearance violations, 1 courtyard conflict. Move the components apart.
R51 overlaps R22: 2 footprint overlaps, 2 pad clearance violations, 1 courtyard conflict. Move the components apart.
C26 overlaps R22: 2 footprint overlaps, 2 pad clearance violations, 1 courtyard conflict. Move the components apart.
C27 overlaps R22: 2 footprint overlaps, 2 pad clearance violations, 1 courtyard conflict. Move the components apart.
C28 overlaps R22: 2 footprint overlaps, 2 pad clearance violations, 1 courtyard conflict. Move the components apart.
C29 overlaps R22: 2 footprint overlaps, 2 pad clearance violations, 1 courtyard conflict. Move the components apart.
R54 overlaps R22: 2 footprint overlaps, 2 pad clearance violations, 1 courtyard conflict. Move the components apart.
LED1 overlaps R22: 2 footprint overlaps, 2 pad clearance violations, 1 courtyard conflict. Move the components apart.
Q2 overlaps R22: 1 footprint overlap, 1 pad clearance violation, 1 courtyard conflict. Move the components apart.
R41 overlaps R22: 2 footprint overlaps, 2 pad clearance violations, 1 courtyard conflict. Move the components apart.
R42 overlaps R22: 2 footprint overlaps, 2 pad clearance violations, 1 courtyard conflict. Move the components apart.
R43 overlaps R22: 2 footprint overlaps, 2 pad clearance violations, 1 courtyard conflict. Move the components apart.
R44 overlaps R22: 2 footprint overlaps, 2 pad clearance violations, 1 courtyard conflict. Move the components apart.
Q3 overlaps R22: 1 footprint overlap, 1 pad clearance violation, 1 courtyard conflict. Move the components apart.
Q4 overlaps R22: 1 footprint overlap, 1 pad clearance violation, 1 courtyard conflict. Move the components apart.
R49 overlaps R22: 2 footprint overlaps, 2 pad clearance violations, 1 courtyard conflict. Move the components apart.
Q5 overlaps R22: 1 footprint overlap, 1 pad clearance violation, 1 courtyard conflict. Move the components apart.
R22 overlaps SW1: 3 footprint overlaps, 2 pad clearance violations, 1 courtyard conflict. Move the components apart.
J2 overlaps R22: 2 footprint overlaps, 2 pad clearance violations, 1 courtyard conflict. Move the components apart.
C19 overlaps C20: 1 footprint overlap, 1 pad clearance violation, 1 courtyard conflict. Move the components apart.
C19 overlaps R23: 2 footprint overlaps, 2 pad clearance violations, 1 courtyard conflict. Move the components apart.
C19 overlaps R68: 1 footprint overlap, 1 pad clearance violation, 1 courtyard conflict. Move the components apart.
C19 overlaps R24: 1 footprint overlap, 1 pad clearance violation, 1 courtyard conflict. Move the components apart.
C19 overlaps R25: 2 footprint overlaps, 2 pad clearance violations, 1 courtyard conflict. Move the components apart.
C19 overlaps D6: 2 footprint overlaps, 2 pad clearance violations, 1 courtyard conflict. Move the components apart.
C19 overlaps D7: 2 footprint overlaps, 2 pad clearance violations, 1 courtyard conflict. Move the components apart.
C19 overlaps R26: 2 footprint overlaps, 2 pad clearance violations, 1 courtyard conflict. Move the components apart.
C19 overlaps C21: 1 footprint overlap, 1 pad clearance violation, 1 courtyard conflict. Move the components apart.
C19 overlaps C22: 1 footprint overlap, 1 pad clearance violation, 1 courtyard conflict. Move the components apart.
C19 overlaps C23: 1 footprint overlap, 1 pad clearance violation, 1 courtyard conflict. Move the components apart.
C19 overlaps R29: 2 footprint overlaps, 2 pad clearance violations, 1 courtyard conflict. Move the components apart.
C19 overlaps R30: 2 footprint overlaps, 2 pad clearance violations, 1 courtyard conflict. Move the components apart.
C19 overlaps LED2: 1 footprint overlap, 1 pad clearance violation, 1 courtyard conflict. Move the components apart.
C19 overlaps LED3: 1 footprint overlap, 1 pad clearance violation, 1 courtyard conflict. Move the components apart.
U8 overlaps C19: 1 footprint overlap, 1 pad clearance violation, 1 courtyard conflict. Move the components apart.
R31 overlaps C19: 2 footprint overlaps, 2 pad clearance violations, 1 courtyard conflict. Move the components apart.
R32 overlaps C19: 2 footprint overlaps, 2 pad clearance violations, 1 courtyard conflict. Move the components apart.
R33 overlaps C19: 1 footprint overlap, 1 pad clearance violation, 1 courtyard conflict. Move the components apart.
R34 overlaps C19: 2 footprint overlaps, 2 pad clearance violations, 1 courtyard conflict. Move the components apart.
D8 overlaps C19: 2 footprint overlaps, 2 pad clearance violations, 1 courtyard conflict. Move the components apart.
R39 overlaps C19: 2 footprint overlaps, 2 pad clearance violations, 1 courtyard conflict. Move the components apart.
R65 overlaps C19: 1 footprint overlap, 1 pad clearance violation, 1 courtyard conflict. Move the components apart.
R40 overlaps C19: 2 footprint overlaps, 2 pad clearance violations, 1 courtyard conflict. Move the components apart.
C25 overlaps C19: 1 footprint overlap, 1 pad clearance violation, 1 courtyard conflict. Move the components apart.
U10 overlaps C19: 1 footprint overlap, 1 pad clearance violation, 1 courtyard conflict. Move the components apart.
R50 overlaps C19: 1 footprint overlap, 1 pad clearance violation, 1 courtyard conflict. Move the components apart.
R51 overlaps C19: 2 footprint overlaps, 2 pad clearance violations, 1 courtyard conflict. Move the components apart.
C26 overlaps C19: 2 footprint overlaps, 2 pad clearance violations, 1 courtyard conflict. Move the components apart.
C27 overlaps C19: 2 footprint overlaps, 2 pad clearance violations, 1 courtyard conflict. Move the components apart.
C28 overlaps C19: 1 footprint overlap, 1 pad clearance violation, 1 courtyard conflict. Move the components apart.
C29 overlaps C19: 1 footprint overlap, 1 pad clearance violation, 1 courtyard conflict. Move the components apart.
R54 overlaps C19: 2 footprint overlaps, 2 pad clearance violations, 1 courtyard conflict. Move the components apart.
LED1 overlaps C19: 1 footprint overlap, 1 pad clearance violation, 1 courtyard conflict. Move the components apart.
Q2 overlaps C19: 1 footprint overlap, 1 pad clearance violation, 1 courtyard conflict. Move the components apart.
R41 overlaps C19: 2 footprint overlaps, 2 pad clearance violations, 1 courtyard conflict. Move the components apart.
R42 overlaps C19: 2 footprint overlaps, 2 pad clearance violations, 1 courtyard conflict. Move the components apart.
R43 overlaps C19: 2 footprint overlaps, 2 pad clearance violations, 1 courtyard conflict. Move the components apart.
R44 overlaps C19: 1 footprint overlap, 1 pad clearance violation, 1 courtyard conflict. Move the components apart.
Q3 overlaps C19: 1 footprint overlap, 1 pad clearance violation, 1 courtyard conflict. Move the components apart.
Q4 overlaps C19: 1 footprint overlap, 1 pad clearance violation, 1 courtyard conflict. Move the components apart.
R49 overlaps C19: 2 footprint overlaps, 2 pad clearance violations, 1 courtyard conflict. Move the components apart.
Q5 overlaps C19: 1 footprint overlap, 1 pad clearance violation, 1 courtyard conflict. Move the components apart.
C19 overlaps SW1: 3 footprint overlaps, 2 pad clearance violations, 1 courtyard conflict. Move the components apart.
J2 overlaps C19: 2 footprint overlaps, 1 courtyard conflict. Move the components apart.
C20 overlaps R23: 2 footprint overlaps, 2 pad clearance violations, 1 courtyard conflict. Move the components apart.
C20 overlaps R68: 1 footprint overlap, 1 pad clearance violation, 1 courtyard conflict. Move the components apart.
C20 overlaps R24: 1 footprint overlap, 1 pad clearance violation, 1 courtyard conflict. Move the components apart.
C20 overlaps R25: 2 footprint overlaps, 2 pad clearance violations, 1 courtyard conflict. Move the components apart.
C20 overlaps D6: 2 footprint overlaps, 2 pad clearance violations, 1 courtyard conflict. Move the components apart.
C20 overlaps D7: 2 footprint overlaps, 2 pad clearance violations, 1 courtyard conflict. Move the components apart.
C20 overlaps R26: 2 footprint overlaps, 2 pad clearance violations, 1 courtyard conflict. Move the components apart.
C20 overlaps C21: 1 footprint overlap, 1 pad clearance violation, 1 courtyard conflict. Move the components apart.
C20 overlaps C22: 1 footprint overlap, 1 pad clearance violation, 1 courtyard conflict. Move the components apart.
C20 overlaps C23: 1 footprint overlap, 1 pad clearance violation, 1 courtyard conflict. Move the components apart.
C20 overlaps R29: 2 footprint overlaps, 2 pad clearance violations, 1 courtyard conflict. Move the components apart.
C20 overlaps R30: 2 footprint overlaps, 2 pad clearance violations, 1 courtyard conflict. Move the components apart.
C20 overlaps LED2: 1 footprint overlap, 1 pad clearance violation, 1 courtyard conflict. Move the components apart.
C20 overlaps LED3: 1 footprint overlap, 1 pad clearance violation, 1 courtyard conflict. Move the components apart.
U8 overlaps C20: 1 footprint overlap, 1 pad clearance violation, 1 courtyard conflict. Move the components apart.
R31 overlaps C20: 2 footprint overlaps, 2 pad clearance violations, 1 courtyard conflict. Move the components apart.
R32 overlaps C20: 2 footprint overlaps, 2 pad clearance violations, 1 courtyard conflict. Move the components apart.
R33 overlaps C20: 1 footprint overlap, 1 pad clearance violation, 1 courtyard conflict. Move the components apart.
R34 overlaps C20: 2 footprint overlaps, 2 pad clearance violations, 1 courtyard conflict. Move the components apart.
D8 overlaps C20: 2 footprint overlaps, 2 pad clearance violations, 1 courtyard conflict. Move the components apart.
R39 overlaps C20: 2 footprint overlaps, 2 pad clearance violations, 1 courtyard conflict. Move the components apart.
R65 overlaps C20: 1 footprint overlap, 1 pad clearance violation, 1 courtyard conflict. Move the components apart.
R40 overlaps C20: 2 footprint overlaps, 2 pad clearance violations, 1 courtyard conflict. Move the components apart.
C25 overlaps C20: 1 footprint overlap, 1 pad clearance violation, 1 courtyard conflict. Move the components apart.
U10 overlaps C20: 1 footprint overlap, 1 pad clearance violation, 1 courtyard conflict. Move the components apart.
R50 overlaps C20: 1 footprint overlap, 1 pad clearance violation, 1 courtyard conflict. Move the components apart.
R51 overlaps C20: 2 footprint overlaps, 2 pad clearance violations, 1 courtyard conflict. Move the components apart.
C26 overlaps C20: 2 footprint overlaps, 2 pad clearance violations, 1 courtyard conflict. Move the components apart.
C27 overlaps C20: 2 footprint overlaps, 2 pad clearance violations, 1 courtyard conflict. Move the components apart.
C28 overlaps C20: 1 footprint overlap, 1 pad clearance violation, 1 courtyard conflict. Move the components apart.
C29 overlaps C20: 1 footprint overlap, 1 pad clearance violation, 1 courtyard conflict. Move the components apart.
R54 overlaps C20: 2 footprint overlaps, 2 pad clearance violations, 1 courtyard conflict. Move the components apart.
LED1 overlaps C20: 1 footprint overlap, 1 pad clearance violation, 1 courtyard conflict. Move the components apart.
Q2 overlaps C20: 1 footprint overlap, 1 pad clearance violation, 1 courtyard conflict. Move the components apart.
R41 overlaps C20: 2 footprint overlaps, 2 pad clearance violations, 1 courtyard conflict. Move the components apart.
R42 overlaps C20: 2 footprint overlaps, 2 pad clearance violations, 1 courtyard conflict. Move the components apart.
R43 overlaps C20: 2 footprint overlaps, 2 pad clearance violations, 1 courtyard conflict. Move the components apart.
R44 overlaps C20: 1 footprint overlap, 1 pad clearance violation, 1 courtyard conflict. Move the components apart.
Q3 overlaps C20: 1 footprint overlap, 1 pad clearance violation, 1 courtyard conflict. Move the components apart.
Q4 overlaps C20: 1 footprint overlap, 1 pad clearance violation, 1 courtyard conflict. Move the components apart.
R49 overlaps C20: 2 footprint overlaps, 2 pad clearance violations, 1 courtyard conflict. Move the components apart.
Q5 overlaps C20: 1 footprint overlap, 1 pad clearance violation, 1 courtyard conflict. Move the components apart.
C20 overlaps SW1: 3 footprint overlaps, 2 pad clearance violations, 1 courtyard conflict. Move the components apart.
J2 overlaps C20: 2 footprint overlaps, 1 courtyard conflict. Move the components apart.
R23 overlaps R68: 2 footprint overlaps, 2 pad clearance violations, 1 courtyard conflict. Move the components apart.
R23 overlaps R24: 2 footprint overlaps, 2 pad clearance violations, 1 courtyard conflict. Move the components apart.
R23 overlaps R25: 2 footprint overlaps, 2 pad clearance violations, 1 courtyard conflict. Move the components apart.
R23 overlaps D6: 2 footprint overlaps, 2 pad clearance violations, 1 courtyard conflict. Move the components apart.
R23 overlaps D7: 2 footprint overlaps, 2 pad clearance violations, 1 courtyard conflict. Move the components apart.
R23 overlaps R26: 2 footprint overlaps, 2 pad clearance violations, 1 courtyard conflict. Move the components apart.
R23 overlaps C21: 2 footprint overlaps, 2 pad clearance violations, 1 courtyard conflict. Move the components apart.
R23 overlaps C22: 2 footprint overlaps, 2 pad clearance violations, 1 courtyard conflict. Move the components apart.
R23 overlaps C23: 2 footprint overlaps, 2 pad clearance violations, 1 courtyard conflict. Move the components apart.
R23 overlaps R29: 2 footprint overlaps, 2 pad clearance violations, 1 courtyard conflict. Move the components apart.
R23 overlaps R30: 2 footprint overlaps, 2 pad clearance violations, 1 courtyard conflict. Move the components apart.
R23 overlaps LED2: 2 footprint overlaps, 2 pad clearance violations, 1 courtyard conflict. Move the components apart.
R23 overlaps LED3: 2 footprint overlaps, 2 pad clearance violations, 1 courtyard conflict. Move the components apart.
U8 overlaps R23: 1 footprint overlap, 1 pad clearance violation, 1 courtyard conflict. Move the components apart.
R31 overlaps R23: 2 footprint overlaps, 2 pad clearance violations, 1 courtyard conflict. Move the components apart.
R32 overlaps R23: 2 footprint overlaps, 2 pad clearance violations, 1 courtyard conflict. Move the components apart.
R33 overlaps R23: 2 footprint overlaps, 2 pad clearance violations, 1 courtyard conflict. Move the components apart.
R34 overlaps R23: 2 footprint overlaps, 2 pad clearance violations, 1 courtyard conflict. Move the components apart.
D8 overlaps R23: 1 footprint overlap, 1 pad clearance violation, 1 courtyard conflict. Move the components apart.
R39 overlaps R23: 2 footprint overlaps, 2 pad clearance violations, 1 courtyard conflict. Move the components apart.
R65 overlaps R23: 2 footprint overlaps, 2 pad clearance violations, 1 courtyard conflict. Move the components apart.
R40 overlaps R23: 2 footprint overlaps, 2 pad clearance violations, 1 courtyard conflict. Move the components apart.
C25 overlaps R23: 2 footprint overlaps, 2 pad clearance violations, 1 courtyard conflict. Move the components apart.
U10 overlaps R23: 2 footprint overlaps, 2 pad clearance violations, 1 courtyard conflict. Move the components apart.
R50 overlaps R23: 2 footprint overlaps, 2 pad clearance violations, 1 courtyard conflict. Move the components apart.
R51 overlaps R23: 2 footprint overlaps, 2 pad clearance violations, 1 courtyard conflict. Move the components apart.
C26 overlaps R23: 2 footprint overlaps, 2 pad clearance violations, 1 courtyard conflict. Move the components apart.
C27 overlaps R23: 2 footprint overlaps, 2 pad clearance violations, 1 courtyard conflict. Move the components apart.
C28 overlaps R23: 2 footprint overlaps, 2 pad clearance violations, 1 courtyard conflict. Move the components apart.
C29 overlaps R23: 2 footprint overlaps, 2 pad clearance violations, 1 courtyard conflict. Move the components apart.
R54 overlaps R23: 2 footprint overlaps, 2 pad clearance violations, 1 courtyard conflict. Move the components apart.
LED1 overlaps R23: 2 footprint overlaps, 2 pad clearance violations, 1 courtyard conflict. Move the components apart.
Q2 overlaps R23: 1 footprint overlap, 1 pad clearance violation, 1 courtyard conflict. Move the components apart.
R41 overlaps R23: 2 footprint overlaps, 2 pad clearance violations, 1 courtyard conflict. Move the components apart.
R42 overlaps R23: 2 footprint overlaps, 2 pad clearance violations, 1 courtyard conflict. Move the components apart.
R43 overlaps R23: 2 footprint overlaps, 2 pad clearance violations, 1 courtyard conflict. Move the components apart.
R44 overlaps R23: 2 footprint overlaps, 2 pad clearance violations, 1 courtyard conflict. Move the components apart.
Q3 overlaps R23: 1 footprint overlap, 1 pad clearance violation, 1 courtyard conflict. Move the components apart.
Q4 overlaps R23: 1 footprint overlap, 1 pad clearance violation, 1 courtyard conflict. Move the components apart.
R49 overlaps R23: 2 footprint overlaps, 2 pad clearance violations, 1 courtyard conflict. Move the components apart.
Q5 overlaps R23: 1 footprint overlap, 1 pad clearance violation, 1 courtyard conflict. Move the components apart.
R23 overlaps SW1: 3 footprint overlaps, 2 pad clearance violations, 1 courtyard conflict. Move the components apart.
J2 overlaps R23: 2 footprint overlaps, 2 pad clearance violations, 1 courtyard conflict. Move the components apart.
R68 overlaps R24: 1 footprint overlap, 1 pad clearance violation, 1 courtyard conflict. Move the components apart.
R68 overlaps R25: 2 footprint overlaps, 2 pad clearance violations, 1 courtyard conflict. Move the components apart.
R68 overlaps D6: 2 footprint overlaps, 2 pad clearance violations, 1 courtyard conflict. Move the components apart.
R68 overlaps D7: 2 footprint overlaps, 2 pad clearance violations, 1 courtyard conflict. Move the components apart.
R68 overlaps R26: 2 footprint overlaps, 2 pad clearance violations, 1 courtyard conflict. Move the components apart.
R68 overlaps C21: 1 footprint overlap, 1 pad clearance violation, 1 courtyard conflict. Move the components apart.
R68 overlaps C22: 1 footprint overlap, 1 pad clearance violation, 1 courtyard conflict. Move the components apart.
R68 overlaps C23: 1 footprint overlap, 1 pad clearance violation, 1 courtyard conflict. Move the components apart.
R68 overlaps R29: 2 footprint overlaps, 2 pad clearance violations, 1 courtyard conflict. Move the components apart.
R68 overlaps R30: 2 footprint overlaps, 2 pad clearance violations, 1 courtyard conflict. Move the components apart.
R68 overlaps LED2: 1 footprint overlap, 1 pad clearance violation, 1 courtyard conflict. Move the components apart.
R68 overlaps LED3: 1 footprint overlap, 1 pad clearance violation, 1 courtyard conflict. Move the components apart.
U8 overlaps R68: 3 footprint overlaps, 3 pad clearance violations, 1 courtyard conflict. Move the components apart.
R31 overlaps R68: 1 footprint overlap, 1 pad clearance violation, 1 courtyard conflict. Move the components apart.
R32 overlaps R68: 2 footprint overlaps, 2 pad clearance violations, 1 courtyard conflict. Move the components apart.
R33 overlaps R68: 1 footprint overlap, 1 pad clearance violation, 1 courtyard conflict. Move the components apart.
R34 overlaps R68: 2 footprint overlaps, 2 pad clearance violations, 1 courtyard conflict. Move the components apart.
D8 overlaps R68: 2 footprint overlaps, 2 pad clearance violations, 1 courtyard conflict. Move the components apart.
R39 overlaps R68: 2 footprint overlaps, 2 pad clearance violations, 1 courtyard conflict. Move the components apart.
R65 overlaps R68: 1 footprint overlap, 1 pad clearance violation, 1 courtyard conflict. Move the components apart.
R40 overlaps R68: 2 footprint overlaps, 2 pad clearance violations, 1 courtyard conflict. Move the components apart.
U10 overlaps R68: 1 footprint overlap, 1 pad clearance violation, 1 courtyard conflict. Move the components apart.
R51 overlaps R68: 2 footprint overlaps, 2 pad clearance violations, 1 courtyard conflict. Move the components apart.
C26 overlaps R68: 2 footprint overlaps, 2 pad clearance violations, 1 courtyard conflict. Move the components apart.
C27 overlaps R68: 2 footprint overlaps, 2 pad clearance violations, 1 courtyard conflict. Move the components apart.
D10 overlaps R68: 2 footprint overlaps, 2 pad clearance violations, 1 courtyard conflict. Move the components apart.
LED1 overlaps R68: 1 footprint overlap, 1 pad clearance violation, 1 courtyard conflict. Move the components apart.
Q2 overlaps R68: 3 footprint overlaps, 3 pad clearance violations, 1 courtyard conflict. Move the components apart.
R41 overlaps R68: 1 footprint overlap, 1 pad clearance violation, 1 courtyard conflict. Move the components apart.
R42 overlaps R68: 2 footprint overlaps, 2 pad clearance violations, 1 courtyard conflict. Move the components apart.
R43 overlaps R68: 2 footprint overlaps, 2 pad clearance violations, 1 courtyard conflict. Move the components apart.
R44 overlaps R68: 1 footprint overlap, 1 pad clearance violation, 1 courtyard conflict. Move the components apart.
D9 overlaps R68: 1 footprint overlap, 1 pad clearance violation, 1 courtyard conflict. Move the components apart.
Q3 overlaps R68: 2 footprint overlaps, 2 pad clearance violations, 1 courtyard conflict. Move the components apart.
Q4 overlaps R68: 2 footprint overlaps, 2 pad clearance violations, 1 courtyard conflict. Move the components apart.
R49 overlaps R68: 2 footprint overlaps, 2 pad clearance violations, 1 courtyard conflict. Move the components apart.
Q5 overlaps R68: 2 footprint overlaps, 2 pad clearance violations, 1 courtyard conflict. Move the components apart.
R68 overlaps SW1: 3 footprint overlaps, 2 pad clearance violations, 1 courtyard conflict. Move the components apart.
J2 overlaps R68: 4 footprint overlaps, 2 pad clearance violations, 1 courtyard conflict. Move the components apart.
R24 overlaps R25: 2 footprint overlaps, 2 pad clearance violations, 1 courtyard conflict. Move the components apart.
R24 overlaps D6: 2 footprint overlaps, 2 pad clearance violations, 1 courtyard conflict. Move the components apart.
R24 overlaps D7: 2 footprint overlaps, 2 pad clearance violations, 1 courtyard conflict. Move the components apart.
R24 overlaps R26: 2 footprint overlaps, 2 pad clearance violations, 1 courtyard conflict. Move the components apart.
R24 overlaps C21: 1 footprint overlap, 1 pad clearance violation, 1 courtyard conflict. Move the components apart.
R24 overlaps C22: 1 footprint overlap, 1 pad clearance violation, 1 courtyard conflict. Move the components apart.
R24 overlaps C23: 1 footprint overlap, 1 pad clearance violation, 1 courtyard conflict. Move the components apart.
R24 overlaps R29: 2 footprint overlaps, 2 pad clearance violations, 1 courtyard conflict. Move the components apart.
R24 overlaps R30: 2 footprint overlaps, 2 pad clearance violations, 1 courtyard conflict. Move the components apart.
R24 overlaps LED2: 1 footprint overlap, 1 pad clearance violation, 1 courtyard conflict. Move the components apart.
R24 overlaps LED3: 1 footprint overlap, 1 pad clearance violation, 1 courtyard conflict. Move the components apart.
U8 overlaps R24: 1 footprint overlap, 1 pad clearance violation, 1 courtyard conflict. Move the components apart.
R31 overlaps R24: 2 footprint overlaps, 2 pad clearance violations, 1 courtyard conflict. Move the components apart.
R32 overlaps R24: 2 footprint overlaps, 2 pad clearance violations, 1 courtyard conflict. Move the components apart.
R33 overlaps R24: 1 footprint overlap, 1 pad clearance violation, 1 courtyard conflict. Move the components apart.
R34 overlaps R24: 2 footprint overlaps, 2 pad clearance violations, 1 courtyard conflict. Move the components apart.
D8 overlaps R24: 2 footprint overlaps, 2 pad clearance violations, 1 courtyard conflict. Move the components apart.
R39 overlaps R24: 2 footprint overlaps, 2 pad clearance violations, 1 courtyard conflict. Move the components apart.
R65 overlaps R24: 1 footprint overlap, 1 pad clearance violation, 1 courtyard conflict. Move the components apart.
R40 overlaps R24: 2 footprint overlaps, 2 pad clearance violations, 1 courtyard conflict. Move the components apart.
C25 overlaps R24: 1 footprint overlap, 1 pad clearance violation, 1 courtyard conflict. Move the components apart.
U10 overlaps R24: 1 footprint overlap, 1 pad clearance violation, 1 courtyard conflict. Move the components apart.
R50 overlaps R24: 1 footprint overlap, 1 pad clearance violation, 1 courtyard conflict. Move the components apart.
R51 overlaps R24: 2 footprint overlaps, 2 pad clearance violations, 1 courtyard conflict. Move the components apart.
C26 overlaps R24: 2 footprint overlaps, 2 pad clearance violations, 1 courtyard conflict. Move the components apart.
C27 overlaps R24: 2 footprint overlaps, 2 pad clearance violations, 1 courtyard conflict. Move the components apart.
C28 overlaps R24: 1 footprint overlap, 1 pad clearance violation, 1 courtyard conflict. Move the components apart.
C29 overlaps R24: 1 footprint overlap, 1 pad clearance violation, 1 courtyard conflict. Move the components apart.
R54 overlaps R24: 2 footprint overlaps, 2 pad clearance violations, 1 courtyard conflict. Move the components apart.
LED1 overlaps R24: 1 footprint overlap, 1 pad clearance violation, 1 courtyard conflict. Move the components apart.
Q2 overlaps R24: 1 footprint overlap, 1 pad clearance violation, 1 courtyard conflict. Move the components apart.
R41 overlaps R24: 2 footprint overlaps, 2 pad clearance violations, 1 courtyard conflict. Move the components apart.
R42 overlaps R24: 2 footprint overlaps, 2 pad clearance violations, 1 courtyard conflict. Move the components apart.
R43 overlaps R24: 2 footprint overlaps, 2 pad clearance violations, 1 courtyard conflict. Move the components apart.
R44 overlaps R24: 1 footprint overlap, 1 pad clearance violation, 1 courtyard conflict. Move the components apart.
Q3 overlaps R24: 1 footprint overlap, 1 pad clearance violation, 1 courtyard conflict. Move the components apart.
Q4 overlaps R24: 1 footprint overlap, 1 pad clearance violation, 1 courtyard conflict. Move the components apart.
R49 overlaps R24: 2 footprint overlaps, 2 pad clearance violations, 1 courtyard conflict. Move the components apart.
R24 overlaps SW1: 3 footprint overlaps, 2 pad clearance violations, 1 courtyard conflict. Move the components apart.
J2 overlaps R24: 2 footprint overlaps, 2 pad clearance violations, 1 courtyard conflict. Move the components apart.
U9 overlaps U6: 8 footprint overlaps, 8 pad clearance violations, 1 courtyard conflict. Move the components apart.
U10 overlaps U6: 15 footprint overlaps, 15 pad clearance violations, 1 courtyard conflict. Move the components apart.
U6 overlaps RV1: 7 footprint overlaps, 4 pad clearance violations, 1 courtyard conflict. Move the components apart.
U6 overlaps SW1: 1 footprint overlap, 1 courtyard conflict. Move the components apart.
J2 overlaps U6: 2 footprint overlaps, 1 courtyard conflict. Move the components apart.
R25 overlaps D6: 2 footprint overlaps, 2 pad clearance violations, 1 courtyard conflict. Move the components apart.
R25 overlaps D7: 2 footprint overlaps, 2 pad clearance violations, 1 courtyard conflict. Move the components apart.
R25 overlaps R26: 2 footprint overlaps, 2 pad clearance violations, 1 courtyard conflict. Move the components apart.
R25 overlaps C21: 2 footprint overlaps, 2 pad clearance violations, 1 courtyard conflict. Move the components apart.
R25 overlaps C22: 2 footprint overlaps, 2 pad clearance violations, 1 courtyard conflict. Move the components apart.
R25 overlaps C23: 1 footprint overlap, 1 pad clearance violation, 1 courtyard conflict. Move the components apart.
R25 overlaps R29: 2 footprint overlaps, 2 pad clearance violations, 1 courtyard conflict. Move the components apart.
R25 overlaps R30: 2 footprint overlaps, 2 pad clearance violations, 1 courtyard conflict. Move the components apart.
R25 overlaps LED2: 2 footprint overlaps, 2 pad clearance violations, 1 courtyard conflict. Move the components apart.
R25 overlaps LED3: 2 footprint overlaps, 2 pad clearance violations, 1 courtyard conflict. Move the components apart.
U8 overlaps R25: 1 footprint overlap, 1 pad clearance violation, 1 courtyard conflict. Move the components apart.
R31 overlaps R25: 2 footprint overlaps, 2 pad clearance violations, 1 courtyard conflict. Move the components apart.
R32 overlaps R25: 2 footprint overlaps, 2 pad clearance violations, 1 courtyard conflict. Move the components apart.
R33 overlaps R25: 2 footprint overlaps, 2 pad clearance violations, 1 courtyard conflict. Move the components apart.
R34 overlaps R25: 1 footprint overlap, 1 pad clearance violation, 1 courtyard conflict. Move the components apart.
D8 overlaps R25: 2 footprint overlaps, 2 pad clearance violations, 1 courtyard conflict. Move the components apart.
R39 overlaps R25: 2 footprint overlaps, 2 pad clearance violations, 1 courtyard conflict. Move the components apart.
R65 overlaps R25: 2 footprint overlaps, 2 pad clearance violations, 1 courtyard conflict. Move the components apart.
R40 overlaps R25: 2 footprint overlaps, 2 pad clearance violations, 1 courtyard conflict. Move the components apart.
C25 overlaps R25: 2 footprint overlaps, 2 pad clearance violations, 1 courtyard conflict. Move the components apart.
U10 overlaps R25: 2 footprint overlaps, 2 pad clearance violations, 1 courtyard conflict. Move the components apart.
R50 overlaps R25: 2 footprint overlaps, 2 pad clearance violations, 1 courtyard conflict. Move the components apart.
R51 overlaps R25: 1 footprint overlap, 1 pad clearance violation, 1 courtyard conflict. Move the components apart.
C26 overlaps R25: 2 footprint overlaps, 2 pad clearance violations, 1 courtyard conflict. Move the components apart.
C27 overlaps R25: 2 footprint overlaps, 2 pad clearance violations, 1 courtyard conflict. Move the components apart.
C28 overlaps R25: 2 footprint overlaps, 2 pad clearance violations, 1 courtyard conflict. Move the components apart.
C29 overlaps R25: 2 footprint overlaps, 2 pad clearance violations, 1 courtyard conflict. Move the components apart.
R54 overlaps R25: 2 footprint overlaps, 2 pad clearance violations, 1 courtyard conflict. Move the components apart.
LED1 overlaps R25: 2 footprint overlaps, 2 pad clearance violations, 1 courtyard conflict. Move the components apart.
Q2 overlaps R25: 1 footprint overlap, 1 pad clearance violation, 1 courtyard conflict. Move the components apart.
R41 overlaps R25: 2 footprint overlaps, 2 pad clearance violations, 1 courtyard conflict. Move the components apart.
R42 overlaps R25: 2 footprint overlaps, 2 pad clearance violations, 1 courtyard conflict. Move the components apart.
R43 overlaps R25: 2 footprint overlaps, 2 pad clearance violations, 1 courtyard conflict. Move the components apart.
R44 overlaps R25: 2 footprint overlaps, 2 pad clearance violations, 1 courtyard conflict. Move the components apart.
Q3 overlaps R25: 1 footprint overlap, 1 pad clearance violation, 1 courtyard conflict. Move the components apart.
Q4 overlaps R25: 1 footprint overlap, 1 pad clearance violation, 1 courtyard conflict. Move the components apart.
R49 overlaps R25: 2 footprint overlaps, 2 pad clearance violations, 1 courtyard conflict. Move the components apart.
Q5 overlaps R25: 1 footprint overlap, 1 pad clearance violation, 1 courtyard conflict. Move the components apart.
R25 overlaps SW1: 3 footprint overlaps, 2 pad clearance violations, 1 courtyard conflict. Move the components apart.
J2 overlaps R25: 2 footprint overlaps, 2 pad clearance violations, 1 courtyard conflict. Move the components apart.
D6 overlaps D7: 2 footprint overlaps, 2 pad clearance violations, 1 courtyard conflict. Move the components apart.
D6 overlaps R26: 2 footprint overlaps, 2 pad clearance violations, 1 courtyard conflict. Move the components apart.
D6 overlaps C21: 1 footprint overlap, 1 pad clearance violation, 1 courtyard conflict. Move the components apart.
D6 overlaps C22: 2 footprint overlaps, 2 pad clearance violations, 1 courtyard conflict. Move the components apart.
D6 overlaps C23: 2 footprint overlaps, 2 pad clearance violations, 1 courtyard conflict. Move the components apart.
D6 overlaps R29: 2 footprint overlaps, 2 pad clearance violations, 1 courtyard conflict. Move the components apart.
D6 overlaps R30: 2 footprint overlaps, 2 pad clearance violations, 1 courtyard conflict. Move the components apart.
D6 overlaps LED2: 2 footprint overlaps, 2 pad clearance violations, 1 courtyard conflict. Move the components apart.
D6 overlaps LED3: 2 footprint overlaps, 2 pad clearance violations, 1 courtyard conflict. Move the components apart.
U8 overlaps D6: 1 footprint overlap, 1 pad clearance violation, 1 courtyard conflict. Move the components apart.
R31 overlaps D6: 2 footprint overlaps, 2 pad clearance violations, 1 courtyard conflict. Move the components apart.
R32 overlaps D6: 2 footprint overlaps, 2 pad clearance violations, 1 courtyard conflict. Move the components apart.
R33 overlaps D6: 2 footprint overlaps, 2 pad clearance violations, 1 courtyard conflict. Move the components apart.
R34 overlaps D6: 2 footprint overlaps, 2 pad clearance violations, 1 courtyard conflict. Move the components apart.
D8 overlaps D6: 2 footprint overlaps, 2 pad clearance violations, 1 courtyard conflict. Move the components apart.
R39 overlaps D6: 2 footprint overlaps, 2 pad clearance violations, 1 courtyard conflict. Move the components apart.
R65 overlaps D6: 2 footprint overlaps, 2 pad clearance violations, 1 courtyard conflict. Move the components apart.
R40 overlaps D6: 2 footprint overlaps, 2 pad clearance violations, 1 courtyard conflict. Move the components apart.
C25 overlaps D6: 2 footprint overlaps, 2 pad clearance violations, 1 courtyard conflict. Move the components apart.
U10 overlaps D6: 2 footprint overlaps, 2 pad clearance violations, 1 courtyard conflict. Move the components apart.
R51 overlaps D6: 2 footprint overlaps, 2 pad clearance violations, 1 courtyard conflict. Move the components apart.
C26 overlaps D6: 2 footprint overlaps, 2 pad clearance violations, 1 courtyard conflict. Move the components apart.
C27 overlaps D6: 2 footprint overlaps, 2 pad clearance violations, 1 courtyard conflict. Move the components apart.
C28 overlaps D6: 2 footprint overlaps, 2 pad clearance violations, 1 courtyard conflict. Move the components apart.
C29 overlaps D6: 2 footprint overlaps, 2 pad clearance violations, 1 courtyard conflict. Move the components apart.
D10 overlaps D6: 2 footprint overlaps, 2 pad clearance violations, 1 courtyard conflict. Move the components apart.
D11 overlaps D6: 2 footprint overlaps, 2 pad clearance violations, 1 courtyard conflict. Move the components apart.
LED1 overlaps D6: 2 footprint overlaps, 2 pad clearance violations, 1 courtyard conflict. Move the components apart.
Q2 overlaps D6: 1 footprint overlap, 1 pad clearance violation, 1 courtyard conflict. Move the components apart.
R41 overlaps D6: 2 footprint overlaps, 2 pad clearance violations, 1 courtyard conflict. Move the components apart.
R42 overlaps D6: 2 footprint overlaps, 2 pad clearance violations, 1 courtyard conflict. Move the components apart.
R43 overlaps D6: 2 footprint overlaps, 2 pad clearance violations, 1 courtyard conflict. Move the components apart.
R44 overlaps D6: 2 footprint overlaps, 2 pad clearance violations, 1 courtyard conflict. Move the components apart.
D9 overlaps D6: 2 footprint overlaps, 2 pad clearance violations, 1 courtyard conflict. Move the components apart.
Q3 overlaps D6: 1 footprint overlap, 1 pad clearance violation, 1 courtyard conflict. Move the components apart.
Q4 overlaps D6: 1 footprint overlap, 1 pad clearance violation, 1 courtyard conflict. Move the components apart.
R49 overlaps D6: 2 footprint overlaps, 2 pad clearance violations, 1 courtyard conflict. Move the components apart.
Q5 overlaps D6: 1 footprint overlap, 1 pad clearance violation, 1 courtyard conflict. Move the components apart.
D6 overlaps SW1: 3 footprint overlaps, 2 pad clearance violations, 1 courtyard conflict. Move the components apart.
J2 overlaps D6: 4 footprint overlaps, 2 pad clearance violations, 1 courtyard conflict. Move the components apart.
D7 overlaps R26: 1 footprint overlap, 1 pad clearance violation, 1 courtyard conflict. Move the components apart.
D7 overlaps C21: 2 footprint overlaps, 2 pad clearance violations, 1 courtyard conflict. Move the components apart.
D7 overlaps C22: 2 footprint overlaps, 2 pad clearance violations, 1 courtyard conflict. Move the components apart.
D7 overlaps C23: 2 footprint overlaps, 2 pad clearance violations, 1 courtyard conflict. Move the components apart.
D7 overlaps R29: 2 footprint overlaps, 2 pad clearance violations, 1 courtyard conflict. Move the components apart.
D7 overlaps R30: 2 footprint overlaps, 2 pad clearance violations, 1 courtyard conflict. Move the components apart.
D7 overlaps LED2: 2 footprint overlaps, 2 pad clearance violations, 1 courtyard conflict. Move the components apart.
D7 overlaps LED3: 2 footprint overlaps, 2 pad clearance violations, 1 courtyard conflict. Move the components apart.
U8 overlaps D7: 1 footprint overlap, 1 pad clearance violation, 1 courtyard conflict. Move the components apart.
R31 overlaps D7: 2 footprint overlaps, 2 pad clearance violations, 1 courtyard conflict. Move the components apart.
R32 overlaps D7: 2 footprint overlaps, 2 pad clearance violations, 1 courtyard conflict. Move the components apart.
R33 overlaps D7: 2 footprint overlaps, 2 pad clearance violations, 1 courtyard conflict. Move the components apart.
R34 overlaps D7: 2 footprint overlaps, 2 pad clearance violations, 1 courtyard conflict. Move the components apart.
D8 overlaps D7: 2 footprint overlaps, 2 pad clearance violations, 1 courtyard conflict. Move the components apart.
R39 overlaps D7: 2 footprint overlaps, 2 pad clearance violations, 1 courtyard conflict. Move the components apart.
R65 overlaps D7: 2 footprint overlaps, 2 pad clearance violations, 1 courtyard conflict. Move the components apart.
R40 overlaps D7: 2 footprint overlaps, 2 pad clearance violations, 1 courtyard conflict. Move the components apart.
C25 overlaps D7: 2 footprint overlaps, 2 pad clearance violations, 1 courtyard conflict. Move the components apart.
U10 overlaps D7: 2 footprint overlaps, 2 pad clearance violations, 1 courtyard conflict. Move the components apart.
R51 overlaps D7: 2 footprint overlaps, 2 pad clearance violations, 1 courtyard conflict. Move the components apart.
C26 overlaps D7: 2 footprint overlaps, 2 pad clearance violations, 1 courtyard conflict. Move the components apart.
C27 overlaps D7: 2 footprint overlaps, 2 pad clearance violations, 1 courtyard conflict. Move the components apart.
C28 overlaps D7: 2 footprint overlaps, 2 pad clearance violations, 1 courtyard conflict. Move the components apart.
C29 overlaps D7: 2 footprint overlaps, 2 pad clearance violations, 1 courtyard conflict. Move the components apart.
D10 overlaps D7: 2 footprint overlaps, 2 pad clearance violations, 1 courtyard conflict. Move the components apart.
D11 overlaps D7: 2 footprint overlaps, 2 pad clearance violations, 1 courtyard conflict. Move the components apart.
LED1 overlaps D7: 2 footprint overlaps, 2 pad clearance violations, 1 courtyard conflict. Move the components apart.
Q2 overlaps D7: 1 footprint overlap, 1 pad clearance violation, 1 courtyard conflict. Move the components apart.
R41 overlaps D7: 2 footprint overlaps, 2 pad clearance violations, 1 courtyard conflict. Move the components apart.
R42 overlaps D7: 2 footprint overlaps, 2 pad clearance violations, 1 courtyard conflict. Move the components apart.
R43 overlaps D7: 2 footprint overlaps, 2 pad clearance violations, 1 courtyard conflict. Move the components apart.
R44 overlaps D7: 2 footprint overlaps, 2 pad clearance violations, 1 courtyard conflict. Move the components apart.
D9 overlaps D7: 2 footprint overlaps, 2 pad clearance violations, 1 courtyard conflict. Move the components apart.
Q3 overlaps D7: 1 footprint overlap, 1 pad clearance violation, 1 courtyard conflict. Move the components apart.
Q4 overlaps D7: 1 footprint overlap, 1 pad clearance violation, 1 courtyard conflict. Move the components apart.
R49 overlaps D7: 2 footprint overlaps, 2 pad clearance violations, 1 courtyard conflict. Move the components apart.
Q5 overlaps D7: 1 footprint overlap, 1 pad clearance violation, 1 courtyard conflict. Move the components apart.
D7 overlaps SW1: 3 footprint overlaps, 2 pad clearance violations, 1 courtyard conflict. Move the components apart.
J2 overlaps D7: 4 footprint overlaps, 2 pad clearance violations, 1 courtyard conflict. Move the components apart.
R26 overlaps C21: 2 footprint overlaps, 2 pad clearance violations, 1 courtyard conflict. Move the components apart.
R26 overlaps C22: 2 footprint overlaps, 2 pad clearance violations, 1 courtyard conflict. Move the components apart.
R26 overlaps C23: 2 footprint overlaps, 2 pad clearance violations, 1 courtyard conflict. Move the components apart.
R26 overlaps R29: 2 footprint overlaps, 2 pad clearance violations, 1 courtyard conflict. Move the components apart.
R26 overlaps R30: 2 footprint overlaps, 2 pad clearance violations, 1 courtyard conflict. Move the components apart.
R26 overlaps LED2: 2 footprint overlaps, 2 pad clearance violations, 1 courtyard conflict. Move the components apart.
R26 overlaps LED3: 2 footprint overlaps, 2 pad clearance violations, 1 courtyard conflict. Move the components apart.
U8 overlaps R26: 1 footprint overlap, 1 pad clearance violation, 1 courtyard conflict. Move the components apart.
R31 overlaps R26: 2 footprint overlaps, 2 pad clearance violations, 1 courtyard conflict. Move the components apart.
R32 overlaps R26: 2 footprint overlaps, 2 pad clearance violations, 1 courtyard conflict. Move the components apart.
R33 overlaps R26: 2 footprint overlaps, 2 pad clearance violations, 1 courtyard conflict. Move the components apart.
R34 overlaps R26: 2 footprint overlaps, 2 pad clearance violations, 1 courtyard conflict. Move the components apart.
D8 overlaps R26: 2 footprint overlaps, 2 pad clearance violations, 1 courtyard conflict. Move the components apart.
R39 overlaps R26: 2 footprint overlaps, 2 pad clearance violations, 1 courtyard conflict. Move the components apart.
R65 overlaps R26: 2 footprint overlaps, 2 pad clearance violations, 1 courtyard conflict. Move the components apart.
R40 overlaps R26: 2 footprint overlaps, 2 pad clearance violations, 1 courtyard conflict. Move the components apart.
C25 overlaps R26: 2 footprint overlaps, 2 pad clearance violations, 1 courtyard conflict. Move the components apart.
U10 overlaps R26: 2 footprint overlaps, 2 pad clearance violations, 1 courtyard conflict. Move the components apart.
R50 overlaps R26: 2 footprint overlaps, 2 pad clearance violations, 1 courtyard conflict. Move the components apart.
R51 overlaps R26: 2 footprint overlaps, 2 pad clearance violations, 1 courtyard conflict. Move the components apart.
C26 overlaps R26: 2 footprint overlaps, 2 pad clearance violations, 1 courtyard conflict. Move the components apart.
C27 overlaps R26: 2 footprint overlaps, 2 pad clearance violations, 1 courtyard conflict. Move the components apart.
C28 overlaps R26: 2 footprint overlaps, 2 pad clearance violations, 1 courtyard conflict. Move the components apart.
C29 overlaps R26: 2 footprint overlaps, 2 pad clearance violations, 1 courtyard conflict. Move the components apart.
R54 overlaps R26: 2 footprint overlaps, 2 pad clearance violations, 1 courtyard conflict. Move the components apart.
LED1 overlaps R26: 2 footprint overlaps, 2 pad clearance violations, 1 courtyard conflict. Move the components apart.
Q2 overlaps R26: 1 footprint overlap, 1 pad clearance violation, 1 courtyard conflict. Move the components apart.
R41 overlaps R26: 2 footprint overlaps, 2 pad clearance violations, 1 courtyard conflict. Move the components apart.
R42 overlaps R26: 2 footprint overlaps, 2 pad clearance violations, 1 courtyard conflict. Move the components apart.
R43 overlaps R26: 2 footprint overlaps, 2 pad clearance violations, 1 courtyard conflict. Move the components apart.
R44 overlaps R26: 2 footprint overlaps, 2 pad clearance violations, 1 courtyard conflict. Move the components apart.
Q3 overlaps R26: 1 footprint overlap, 1 pad clearance violation, 1 courtyard conflict. Move the components apart.
Q4 overlaps R26: 1 footprint overlap, 1 pad clearance violation, 1 courtyard conflict. Move the components apart.
R49 overlaps R26: 2 footprint overlaps, 2 pad clearance violations, 1 courtyard conflict. Move the components apart.
Q5 overlaps R26: 1 footprint overlap, 1 pad clearance violation, 1 courtyard conflict. Move the components apart.
R26 overlaps SW1: 3 footprint overlaps, 2 pad clearance violations, 1 courtyard conflict. Move the components apart.
J2 overlaps R26: 2 footprint overlaps, 2 pad clearance violations, 1 courtyard conflict. Move the components apart.
C21 overlaps C22: 1 footprint overlap, 1 pad clearance violation, 1 courtyard conflict. Move the components apart.
C21 overlaps C23: 1 footprint overlap, 1 pad clearance violation, 1 courtyard conflict. Move the components apart.
C21 overlaps R29: 2 footprint overlaps, 2 pad clearance violations, 1 courtyard conflict. Move the components apart.
C21 overlaps R30: 2 footprint overlaps, 2 pad clearance violations, 1 courtyard conflict. Move the components apart.
C21 overlaps LED2: 1 footprint overlap, 1 pad clearance violation, 1 courtyard conflict. Move the components apart.
C21 overlaps LED3: 1 footprint overlap, 1 pad clearance violation, 1 courtyard conflict. Move the components apart.
U8 overlaps C21: 1 footprint overlap, 1 pad clearance violation, 1 courtyard conflict. Move the components apart.
R31 overlaps C21: 2 footprint overlaps, 2 pad clearance violations, 1 courtyard conflict. Move the components apart.
R32 overlaps C21: 2 footprint overlaps, 2 pad clearance violations, 1 courtyard conflict. Move the components apart.
R33 overlaps C21: 1 footprint overlap, 1 pad clearance violation, 1 courtyard conflict. Move the components apart.
R34 overlaps C21: 2 footprint overlaps, 2 pad clearance violations, 1 courtyard conflict. Move the components apart.
D8 overlaps C21: 2 footprint overlaps, 2 pad clearance violations, 1 courtyard conflict. Move the components apart.
R39 overlaps C21: 2 footprint overlaps, 2 pad clearance violations, 1 courtyard conflict. Move the components apart.
R65 overlaps C21: 1 footprint overlap, 1 pad clearance violation, 1 courtyard conflict. Move the components apart.
R40 overlaps C21: 2 footprint overlaps, 2 pad clearance violations, 1 courtyard conflict. Move the components apart.
C25 overlaps C21: 1 footprint overlap, 1 pad clearance violation, 1 courtyard conflict. Move the components apart.
U10 overlaps C21: 1 footprint overlap, 1 pad clearance violation, 1 courtyard conflict. Move the components apart.
R50 overlaps C21: 1 footprint overlap, 1 pad clearance violation, 1 courtyard conflict. Move the components apart.
R51 overlaps C21: 2 footprint overlaps, 2 pad clearance violations, 1 courtyard conflict. Move the components apart.
C26 overlaps C21: 2 footprint overlaps, 2 pad clearance violations, 1 courtyard conflict. Move the components apart.
C27 overlaps C21: 2 footprint overlaps, 2 pad clearance violations, 1 courtyard conflict. Move the components apart.
C28 overlaps C21: 1 footprint overlap, 1 pad clearance violation, 1 courtyard conflict. Move the components apart.
C29 overlaps C21: 1 footprint overlap, 1 pad clearance violation, 1 courtyard conflict. Move the components apart.
R54 overlaps C21: 2 footprint overlaps, 2 pad clearance violations, 1 courtyard conflict. Move the components apart.
LED1 overlaps C21: 1 footprint overlap, 1 pad clearance violation, 1 courtyard conflict. Move the components apart.
Q2 overlaps C21: 1 footprint overlap, 1 pad clearance violation, 1 courtyard conflict. Move the components apart.
R41 overlaps C21: 2 footprint overlaps, 2 pad clearance violations, 1 courtyard conflict. Move the components apart.
R42 overlaps C21: 2 footprint overlaps, 2 pad clearance violations, 1 courtyard conflict. Move the components apart.
R43 overlaps C21: 2 footprint overlaps, 2 pad clearance violations, 1 courtyard conflict. Move the components apart.
R44 overlaps C21: 1 footprint overlap, 1 pad clearance violation, 1 courtyard conflict. Move the components apart.
Q3 overlaps C21: 1 footprint overlap, 1 pad clearance violation, 1 courtyard conflict. Move the components apart.
Q4 overlaps C21: 1 footprint overlap, 1 pad clearance violation, 1 courtyard conflict. Move the components apart.
R49 overlaps C21: 2 footprint overlaps, 2 pad clearance violations, 1 courtyard conflict. Move the components apart.
Q5 overlaps C21: 1 footprint overlap, 1 pad clearance violation, 1 courtyard conflict. Move the components apart.
C21 overlaps SW1: 3 footprint overlaps, 2 pad clearance violations, 1 courtyard conflict. Move the components apart.
J2 overlaps C21: 2 footprint overlaps, 1 courtyard conflict. Move the components apart.
C22 overlaps C23: 1 footprint overlap, 1 pad clearance violation, 1 courtyard conflict. Move the components apart.
C22 overlaps R29: 2 footprint overlaps, 2 pad clearance violations, 1 courtyard conflict. Move the components apart.
C22 overlaps R30: 2 footprint overlaps, 2 pad clearance violations, 1 courtyard conflict. Move the components apart.
C22 overlaps LED2: 1 footprint overlap, 1 pad clearance violation, 1 courtyard conflict. Move the components apart.
C22 overlaps LED3: 1 footprint overlap, 1 pad clearance violation, 1 courtyard conflict. Move the components apart.
U8 overlaps C22: 1 footprint overlap, 1 pad clearance violation, 1 courtyard conflict. Move the components apart.
R31 overlaps C22: 2 footprint overlaps, 2 pad clearance violations, 1 courtyard conflict. Move the components apart.
R32 overlaps C22: 2 footprint overlaps, 2 pad clearance violations, 1 courtyard conflict. Move the components apart.
R33 overlaps C22: 1 footprint overlap, 1 pad clearance violation, 1 courtyard conflict. Move the components apart.
R34 overlaps C22: 2 footprint overlaps, 2 pad clearance violations, 1 courtyard conflict. Move the components apart.
D8 overlaps C22: 2 footprint overlaps, 2 pad clearance violations, 1 courtyard conflict. Move the components apart.
R39 overlaps C22: 2 footprint overlaps, 2 pad clearance violations, 1 courtyard conflict. Move the components apart.
R65 overlaps C22: 1 footprint overlap, 1 pad clearance violation, 1 courtyard conflict. Move the components apart.
R40 overlaps C22: 2 footprint overlaps, 2 pad clearance violations, 1 courtyard conflict. Move the components apart.
C25 overlaps C22: 1 footprint overlap, 1 pad clearance violation, 1 courtyard conflict. Move the components apart.
U10 overlaps C22: 1 footprint overlap, 1 pad clearance violation, 1 courtyard conflict. Move the components apart.
R50 overlaps C22: 1 footprint overlap, 1 pad clearance violation, 1 courtyard conflict. Move the components apart.
R51 overlaps C22: 2 footprint overlaps, 2 pad clearance violations, 1 courtyard conflict. Move the components apart.
C26 overlaps C22: 2 footprint overlaps, 2 pad clearance violations, 1 courtyard conflict. Move the components apart.
C27 overlaps C22: 2 footprint overlaps, 2 pad clearance violations, 1 courtyard conflict. Move the components apart.
C28 overlaps C22: 1 footprint overlap, 1 pad clearance violation, 1 courtyard conflict. Move the components apart.
C29 overlaps C22: 1 footprint overlap, 1 pad clearance violation, 1 courtyard conflict. Move the components apart.
R54 overlaps C22: 2 footprint overlaps, 2 pad clearance violations, 1 courtyard conflict. Move the components apart.
LED1 overlaps C22: 1 footprint overlap, 1 pad clearance violation, 1 courtyard conflict. Move the components apart.
Q2 overlaps C22: 1 footprint overlap, 1 pad clearance violation, 1 courtyard conflict. Move the components apart.
R41 overlaps C22: 2 footprint overlaps, 2 pad clearance violations, 1 courtyard conflict. Move the components apart.
R42 overlaps C22: 2 footprint overlaps, 2 pad clearance violations, 1 courtyard conflict. Move the components apart.
R43 overlaps C22: 2 footprint overlaps, 2 pad clearance violations, 1 courtyard conflict. Move the components apart.
R44 overlaps C22: 1 footprint overlap, 1 pad clearance violation, 1 courtyard conflict. Move the components apart.
Q3 overlaps C22: 1 footprint overlap, 1 pad clearance violation, 1 courtyard conflict. Move the components apart.
Q4 overlaps C22: 1 footprint overlap, 1 pad clearance violation, 1 courtyard conflict. Move the components apart.
R49 overlaps C22: 2 footprint overlaps, 2 pad clearance violations, 1 courtyard conflict. Move the components apart.
Q5 overlaps C22: 1 footprint overlap, 1 pad clearance violation, 1 courtyard conflict. Move the components apart.
C22 overlaps SW1: 3 footprint overlaps, 2 pad clearance violations, 1 courtyard conflict. Move the components apart.
J2 overlaps C22: 2 footprint overlaps, 1 courtyard conflict. Move the components apart.
C23 overlaps R29: 2 footprint overlaps, 2 pad clearance violations, 1 courtyard conflict. Move the components apart.
C23 overlaps R30: 2 footprint overlaps, 2 pad clearance violations, 1 courtyard conflict. Move the components apart.
C23 overlaps LED2: 1 footprint overlap, 1 pad clearance violation, 1 courtyard conflict. Move the components apart.
C23 overlaps LED3: 1 footprint overlap, 1 pad clearance violation, 1 courtyard conflict. Move the components apart.
U8 overlaps C23: 1 footprint overlap, 1 pad clearance violation, 1 courtyard conflict. Move the components apart.
R31 overlaps C23: 2 footprint overlaps, 2 pad clearance violations, 1 courtyard conflict. Move the components apart.
R32 overlaps C23: 2 footprint overlaps, 2 pad clearance violations, 1 courtyard conflict. Move the components apart.
R33 overlaps C23: 1 footprint overlap, 1 pad clearance violation, 1 courtyard conflict. Move the components apart.
R34 overlaps C23: 1 footprint overlap, 1 pad clearance violation, 1 courtyard conflict. Move the components apart.
D8 overlaps C23: 2 footprint overlaps, 2 pad clearance violations, 1 courtyard conflict. Move the components apart.
R39 overlaps C23: 2 footprint overlaps, 2 pad clearance violations, 1 courtyard conflict. Move the components apart.
R65 overlaps C23: 1 footprint overlap, 1 pad clearance violation, 1 courtyard conflict. Move the components apart.
R40 overlaps C23: 2 footprint overlaps, 2 pad clearance violations, 1 courtyard conflict. Move the components apart.
C25 overlaps C23: 1 footprint overlap, 1 pad clearance violation, 1 courtyard conflict. Move the components apart.
U10 overlaps C23: 1 footprint overlap, 1 pad clearance violation, 1 courtyard conflict. Move the components apart.
R50 overlaps C23: 1 footprint overlap, 1 pad clearance violation, 1 courtyard conflict. Move the components apart.
R51 overlaps C23: 1 footprint overlap, 1 pad clearance violation, 1 courtyard conflict. Move the components apart.
C26 overlaps C23: 2 footprint overlaps, 2 pad clearance violations, 1 courtyard conflict. Move the components apart.
C27 overlaps C23: 2 footprint overlaps, 2 pad clearance violations, 1 courtyard conflict. Move the components apart.
C28 overlaps C23: 1 footprint overlap, 1 pad clearance violation, 1 courtyard conflict. Move the components apart.
C29 overlaps C23: 1 footprint overlap, 1 pad clearance violation, 1 courtyard conflict. Move the components apart.
R54 overlaps C23: 2 footprint overlaps, 2 pad clearance violations, 1 courtyard conflict. Move the components apart.
LED1 overlaps C23: 1 footprint overlap, 1 pad clearance violation, 1 courtyard conflict. Move the components apart.
Q2 overlaps C23: 1 footprint overlap, 1 pad clearance violation, 1 courtyard conflict. Move the components apart.
R41 overlaps C23: 2 footprint overlaps, 2 pad clearance violations, 1 courtyard conflict. Move the components apart.
R42 overlaps C23: 2 footprint overlaps, 2 pad clearance violations, 1 courtyard conflict. Move the components apart.
R43 overlaps C23: 2 footprint overlaps, 2 pad clearance violations, 1 courtyard conflict. Move the components apart.
R44 overlaps C23: 1 footprint overlap, 1 pad clearance violation, 1 courtyard conflict. Move the components apart.
Q3 overlaps C23: 1 footprint overlap, 1 pad clearance violation, 1 courtyard conflict. Move the components apart.
Q4 overlaps C23: 1 footprint overlap, 1 pad clearance violation, 1 courtyard conflict. Move the components apart.
R49 overlaps C23: 2 footprint overlaps, 2 pad clearance violations, 1 courtyard conflict. Move the components apart.
Q5 overlaps C23: 1 footprint overlap, 1 pad clearance violation, 1 courtyard conflict. Move the components apart.
C23 overlaps SW1: 3 footprint overlaps, 2 pad clearance violations, 1 courtyard conflict. Move the components apart.
J2 overlaps C23: 2 footprint overlaps, 1 courtyard conflict. Move the components apart.
R29 overlaps R30: 2 footprint overlaps, 2 pad clearance violations, 1 courtyard conflict. Move the components apart.
R29 overlaps LED2: 2 footprint overlaps, 2 pad clearance violations, 1 courtyard conflict. Move the components apart.
R29 overlaps LED3: 2 footprint overlaps, 2 pad clearance violations, 1 courtyard conflict. Move the components apart.
U8 overlaps R29: 1 footprint overlap, 1 pad clearance violation, 1 courtyard conflict. Move the components apart.
R31 overlaps R29: 2 footprint overlaps, 2 pad clearance violations, 1 courtyard conflict. Move the components apart.
R32 overlaps R29: 2 footprint overlaps, 2 pad clearance violations, 1 courtyard conflict. Move the components apart.
R33 overlaps R29: 2 footprint overlaps, 2 pad clearance violations, 1 courtyard conflict. Move the components apart.
R34 overlaps R29: 2 footprint overlaps, 2 pad clearance violations, 1 courtyard conflict. Move the components apart.
D8 overlaps R29: 2 footprint overlaps, 2 pad clearance violations, 1 courtyard conflict. Move the components apart.
R39 overlaps R29: 2 footprint overlaps, 2 pad clearance violations, 1 courtyard conflict. Move the components apart.
R65 overlaps R29: 2 footprint overlaps, 2 pad clearance violations, 1 courtyard conflict. Move the components apart.
R40 overlaps R29: 2 footprint overlaps, 2 pad clearance violations, 1 courtyard conflict. Move the components apart.
C25 overlaps R29: 2 footprint overlaps, 2 pad clearance violations, 1 courtyard conflict. Move the components apart.
U10 overlaps R29: 2 footprint overlaps, 2 pad clearance violations, 1 courtyard conflict. Move the components apart.
R50 overlaps R29: 2 footprint overlaps, 2 pad clearance violations, 1 courtyard conflict. Move the components apart.
R51 overlaps R29: 2 footprint overlaps, 2 pad clearance violations, 1 courtyard conflict. Move the components apart.
C26 overlaps R29: 2 footprint overlaps, 2 pad clearance violations, 1 courtyard conflict. Move the components apart.
C27 overlaps R29: 2 footprint overlaps, 2 pad clearance violations, 1 courtyard conflict. Move the components apart.
C28 overlaps R29: 2 footprint overlaps, 2 pad clearance violations, 1 courtyard conflict. Move the components apart.
C29 overlaps R29: 2 footprint overlaps, 2 pad clearance violations, 1 courtyard conflict. Move the components apart.
R54 overlaps R29: 2 footprint overlaps, 2 pad clearance violations, 1 courtyard conflict. Move the components apart.
LED1 overlaps R29: 2 footprint overlaps, 2 pad clearance violations, 1 courtyard conflict. Move the components apart.
Q2 overlaps R29: 1 footprint overlap, 1 pad clearance violation, 1 courtyard conflict. Move the components apart.
R41 overlaps R29: 2 footprint overlaps, 2 pad clearance violations, 1 courtyard conflict. Move the components apart.
R42 overlaps R29: 2 footprint overlaps, 2 pad clearance violations, 1 courtyard conflict. Move the components apart.
R43 overlaps R29: 2 footprint overlaps, 2 pad clearance violations, 1 courtyard conflict. Move the components apart.
R44 overlaps R29: 2 footprint overlaps, 2 pad clearance violations, 1 courtyard conflict. Move the components apart.
Q3 overlaps R29: 1 footprint overlap, 1 pad clearance violation, 1 courtyard conflict. Move the components apart.
Q4 overlaps R29: 1 footprint overlap, 1 pad clearance violation, 1 courtyard conflict. Move the components apart.
R49 overlaps R29: 2 footprint overlaps, 2 pad clearance violations, 1 courtyard conflict. Move the components apart.
Q5 overlaps R29: 1 footprint overlap, 1 pad clearance violation, 1 courtyard conflict. Move the components apart.
SW1 overlaps R29: 3 footprint overlaps, 2 pad clearance violations, 1 courtyard conflict. Move the components apart.
J2 overlaps R29: 2 footprint overlaps, 2 pad clearance violations, 1 courtyard conflict. Move the components apart.
R30 overlaps LED2: 2 footprint overlaps, 2 pad clearance violations, 1 courtyard conflict. Move the components apart.
R30 overlaps LED3: 2 footprint overlaps, 2 pad clearance violations, 1 courtyard conflict. Move the components apart.
U8 overlaps R30: 1 footprint overlap, 1 pad clearance violation, 1 courtyard conflict. Move the components apart.
R31 overlaps R30: 2 footprint overlaps, 2 pad clearance violations, 1 courtyard conflict. Move the components apart.
R32 overlaps R30: 2 footprint overlaps, 2 pad clearance violations, 1 courtyard conflict. Move the components apart.
R33 overlaps R30: 2 footprint overlaps, 2 pad clearance violations, 1 courtyard conflict. Move the components apart.
R34 overlaps R30: 2 footprint overlaps, 2 pad clearance violations, 1 courtyard conflict. Move the components apart.
D8 overlaps R30: 2 footprint overlaps, 2 pad clearance violations, 1 courtyard conflict. Move the components apart.
R39 overlaps R30: 2 footprint overlaps, 2 pad clearance violations, 1 courtyard conflict. Move the components apart.
R65 overlaps R30: 2 footprint overlaps, 2 pad clearance violations, 1 courtyard conflict. Move the components apart.
R40 overlaps R30: 2 footprint overlaps, 2 pad clearance violations, 1 courtyard conflict. Move the components apart.
C25 overlaps R30: 2 footprint overlaps, 2 pad clearance violations, 1 courtyard conflict. Move the components apart.
U10 overlaps R30: 2 footprint overlaps, 2 pad clearance violations, 1 courtyard conflict. Move the components apart.
R50 overlaps R30: 2 footprint overlaps, 2 pad clearance violations, 1 courtyard conflict. Move the components apart.
R51 overlaps R30: 2 footprint overlaps, 2 pad clearance violations, 1 courtyard conflict. Move the components apart.
C26 overlaps R30: 2 footprint overlaps, 2 pad clearance violations, 1 courtyard conflict. Move the components apart.
C27 overlaps R30: 2 footprint overlaps, 2 pad clearance violations, 1 courtyard conflict. Move the components apart.
C28 overlaps R30: 2 footprint overlaps, 2 pad clearance violations, 1 courtyard conflict. Move the components apart.
C29 overlaps R30: 2 footprint overlaps, 2 pad clearance violations, 1 courtyard conflict. Move the components apart.
R54 overlaps R30: 2 footprint overlaps, 2 pad clearance violations, 1 courtyard conflict. Move the components apart.
LED1 overlaps R30: 2 footprint overlaps, 2 pad clearance violations, 1 courtyard conflict. Move the components apart.
Q2 overlaps R30: 1 footprint overlap, 1 pad clearance violation, 1 courtyard conflict. Move the components apart.
R41 overlaps R30: 2 footprint overlaps, 2 pad clearance violations, 1 courtyard conflict. Move the components apart.
R42 overlaps R30: 2 footprint overlaps, 2 pad clearance violations, 1 courtyard conflict. Move the components apart.
R43 overlaps R30: 2 footprint overlaps, 2 pad clearance violations, 1 courtyard conflict. Move the components apart.
R44 overlaps R30: 2 footprint overlaps, 2 pad clearance violations, 1 courtyard conflict. Move the components apart.
Q3 overlaps R30: 1 footprint overlap, 1 pad clearance violation, 1 courtyard conflict. Move the components apart.
Q4 overlaps R30: 1 footprint overlap, 1 pad clearance violation, 1 courtyard conflict. Move the components apart.
R49 overlaps R30: 2 footprint overlaps, 2 pad clearance violations, 1 courtyard conflict. Move the components apart.
Q5 overlaps R30: 1 footprint overlap, 1 pad clearance violation, 1 courtyard conflict. Move the components apart.
SW1 overlaps R30: 3 footprint overlaps, 2 pad clearance violations, 1 courtyard conflict. Move the components apart.
J2 overlaps R30: 2 footprint overlaps, 2 pad clearance violations, 1 courtyard conflict. Move the components apart.
LED2 overlaps LED3: 1 footprint overlap, 1 pad clearance violation, 1 courtyard conflict. Move the components apart.
U8 overlaps LED2: 1 footprint overlap, 1 pad clearance violation, 1 courtyard conflict. Move the components apart.
R31 overlaps LED2: 2 footprint overlaps, 2 pad clearance violations, 1 courtyard conflict. Move the components apart.
R32 overlaps LED2: 2 footprint overlaps, 2 pad clearance violations, 1 courtyard conflict. Move the components apart.
R33 overlaps LED2: 1 footprint overlap, 1 pad clearance violation, 1 courtyard conflict. Move the components apart.
R34 overlaps LED2: 2 footprint overlaps, 2 pad clearance violations, 1 courtyard conflict. Move the components apart.
D8 overlaps LED2: 2 footprint overlaps, 2 pad clearance violations, 1 courtyard conflict. Move the components apart.
R39 overlaps LED2: 2 footprint overlaps, 2 pad clearance violations, 1 courtyard conflict. Move the components apart.
R65 overlaps LED2: 1 footprint overlap, 1 pad clearance violation, 1 courtyard conflict. Move the components apart.
R40 overlaps LED2: 2 footprint overlaps, 2 pad clearance violations, 1 courtyard conflict. Move the components apart.
C25 overlaps LED2: 1 footprint overlap, 1 pad clearance violation, 1 courtyard conflict. Move the components apart.
U10 overlaps LED2: 1 footprint overlap, 1 pad clearance violation, 1 courtyard conflict. Move the components apart.
R50 overlaps LED2: 1 footprint overlap, 1 pad clearance violation, 1 courtyard conflict. Move the components apart.
R51 overlaps LED2: 2 footprint overlaps, 2 pad clearance violations, 1 courtyard conflict. Move the components apart.
C26 overlaps LED2: 2 footprint overlaps, 2 pad clearance violations, 1 courtyard conflict. Move the components apart.
C27 overlaps LED2: 2 footprint overlaps, 2 pad clearance violations, 1 courtyard conflict. Move the components apart.
C28 overlaps LED2: 1 footprint overlap, 1 pad clearance violation, 1 courtyard conflict. Move the components apart.
C29 overlaps LED2: 1 footprint overlap, 1 pad clearance violation, 1 courtyard conflict. Move the components apart.
R54 overlaps LED2: 2 footprint overlaps, 2 pad clearance violations, 1 courtyard conflict. Move the components apart.
LED1 overlaps LED2: 1 footprint overlap, 1 pad clearance violation, 1 courtyard conflict. Move the components apart.
Q2 overlaps LED2: 1 footprint overlap, 1 pad clearance violation, 1 courtyard conflict. Move the components apart.
R41 overlaps LED2: 2 footprint overlaps, 2 pad clearance violations, 1 courtyard conflict. Move the components apart.
R42 overlaps LED2: 2 footprint overlaps, 2 pad clearance violations, 1 courtyard conflict. Move the components apart.
R43 overlaps LED2: 2 footprint overlaps, 2 pad clearance violations, 1 courtyard conflict. Move the components apart.
R44 overlaps LED2: 1 footprint overlap, 1 pad clearance violation, 1 courtyard conflict. Move the components apart.
D9 overlaps LED2: 1 footprint overlap, 1 pad clearance violation, 1 courtyard conflict. Move the components apart.
Q3 overlaps LED2: 1 footprint overlap, 1 pad clearance violation, 1 courtyard conflict. Move the components apart.
Q4 overlaps LED2: 1 footprint overlap, 1 pad clearance violation, 1 courtyard conflict. Move the components apart.
R49 overlaps LED2: 2 footprint overlaps, 2 pad clearance violations, 1 courtyard conflict. Move the components apart.
Q5 overlaps LED2: 1 footprint overlap, 1 pad clearance violation, 1 courtyard conflict. Move the components apart.
SW1 overlaps LED2: 3 footprint overlaps, 2 pad clearance violations, 1 courtyard conflict. Move the components apart.
J2 overlaps LED2: 4 footprint overlaps, 2 pad clearance violations, 1 courtyard conflict. Move the components apart.
U8 overlaps LED3: 1 footprint overlap, 1 pad clearance violation, 1 courtyard conflict. Move the components apart.
R31 overlaps LED3: 2 footprint overlaps, 2 pad clearance violations, 1 courtyard conflict. Move the components apart.
R32 overlaps LED3: 2 footprint overlaps, 2 pad clearance violations, 1 courtyard conflict. Move the components apart.
R33 overlaps LED3: 1 footprint overlap, 1 pad clearance violation, 1 courtyard conflict. Move the components apart.
R34 overlaps LED3: 2 footprint overlaps, 2 pad clearance violations, 1 courtyard conflict. Move the components apart.
D8 overlaps LED3: 2 footprint overlaps, 2 pad clearance violations, 1 courtyard conflict. Move the components apart.
R39 overlaps LED3: 2 footprint overlaps, 2 pad clearance violations, 1 courtyard conflict. Move the components apart.
R65 overlaps LED3: 1 footprint overlap, 1 pad clearance violation, 1 courtyard conflict. Move the components apart.
R40 overlaps LED3: 2 footprint overlaps, 2 pad clearance violations, 1 courtyard conflict. Move the components apart.
C25 overlaps LED3: 1 footprint overlap, 1 pad clearance violation, 1 courtyard conflict. Move the components apart.
U10 overlaps LED3: 1 footprint overlap, 1 pad clearance violation, 1 courtyard conflict. Move the components apart.
R50 overlaps LED3: 1 footprint overlap, 1 pad clearance violation, 1 courtyard conflict. Move the components apart.
R51 overlaps LED3: 2 footprint overlaps, 2 pad clearance violations, 1 courtyard conflict. Move the components apart.
C26 overlaps LED3: 2 footprint overlaps, 2 pad clearance violations, 1 courtyard conflict. Move the components apart.
C27 overlaps LED3: 2 footprint overlaps, 2 pad clearance violations, 1 courtyard conflict. Move the components apart.
C28 overlaps LED3: 1 footprint overlap, 1 pad clearance violation, 1 courtyard conflict. Move the components apart.
C29 overlaps LED3: 1 footprint overlap, 1 pad clearance violation, 1 courtyard conflict. Move the components apart.
R54 overlaps LED3: 2 footprint overlaps, 2 pad clearance violations, 1 courtyard conflict. Move the components apart.
LED1 overlaps LED3: 1 footprint overlap, 1 pad clearance violation, 1 courtyard conflict. Move the components apart.
Q2 overlaps LED3: 1 footprint overlap, 1 pad clearance violation, 1 courtyard conflict. Move the components apart.
R41 overlaps LED3: 2 footprint overlaps, 2 pad clearance violations, 1 courtyard conflict. Move the components apart.
R42 overlaps LED3: 2 footprint overlaps, 2 pad clearance violations, 1 courtyard conflict. Move the components apart.
R43 overlaps LED3: 2 footprint overlaps, 2 pad clearance violations, 1 courtyard conflict. Move the components apart.
R44 overlaps LED3: 1 footprint overlap, 1 pad clearance violation, 1 courtyard conflict. Move the components apart.
D9 overlaps LED3: 1 footprint overlap, 1 pad clearance violation, 1 courtyard conflict. Move the components apart.
Q3 overlaps LED3: 1 footprint overlap, 1 pad clearance violation, 1 courtyard conflict. Move the components apart.
Q4 overlaps LED3: 1 footprint overlap, 1 pad clearance violation, 1 courtyard conflict. Move the components apart.
R49 overlaps LED3: 2 footprint overlaps, 2 pad clearance violations, 1 courtyard conflict. Move the components apart.
Q5 overlaps LED3: 1 footprint overlap, 1 pad clearance violation, 1 courtyard conflict. Move the components apart.
SW1 overlaps LED3: 3 footprint overlaps, 2 pad clearance violations, 1 courtyard conflict. Move the components apart.
J2 overlaps LED3: 4 footprint overlaps, 2 pad clearance violations, 1 courtyard conflict. Move the components apart.
U8 overlaps R31: 1 footprint overlap, 1 pad clearance violation, 1 courtyard conflict. Move the components apart.
U8 overlaps R32: 1 footprint overlap, 1 pad clearance violation, 1 courtyard conflict. Move the components apart.
U8 overlaps R33: 1 footprint overlap, 1 pad clearance violation, 1 courtyard conflict. Move the components apart.
U8 overlaps R34: 1 footprint overlap, 1 pad clearance violation, 1 courtyard conflict. Move the components apart.
U8 overlaps D8: 1 footprint overlap, 1 pad clearance violation, 1 courtyard conflict. Move the components apart.
U8 overlaps R39: 1 footprint overlap, 1 pad clearance violation, 1 courtyard conflict. Move the components apart.
U8 overlaps R65: 1 footprint overlap, 1 pad clearance violation, 1 courtyard conflict. Move the components apart.
U8 overlaps R40: 1 footprint overlap, 1 pad clearance violation, 1 courtyard conflict. Move the components apart.
U8 overlaps C25: 1 footprint overlap, 1 pad clearance violation, 1 courtyard conflict. Move the components apart.
U8 overlaps U10: 2 footprint overlaps, 2 pad clearance violations, 1 courtyard conflict. Move the components apart.
U8 overlaps R50: 1 footprint overlap, 1 pad clearance violation, 1 courtyard conflict. Move the components apart.
U8 overlaps R51: 1 footprint overlap, 1 pad clearance violation, 1 courtyard conflict. Move the components apart.
U8 overlaps C26: 1 footprint overlap, 1 pad clearance violation, 1 courtyard conflict. Move the components apart.
U8 overlaps C27: 1 footprint overlap, 1 pad clearance violation, 1 courtyard conflict. Move the components apart.
U8 overlaps C28: 1 footprint overlap, 1 pad clearance violation, 1 courtyard conflict. Move the components apart.
U8 overlaps C29: 3 footprint overlaps, 3 pad clearance violations, 1 courtyard conflict. Move the components apart.
U8 overlaps D10: 3 footprint overlaps, 3 pad clearance violations, 1 courtyard conflict. Move the components apart.
U8 overlaps D11: 3 footprint overlaps, 3 pad clearance violations, 1 courtyard conflict. Move the components apart.
U8 overlaps R54: 1 footprint overlap, 1 pad clearance violation, 1 courtyard conflict. Move the components apart.
U8 overlaps LED1: 1 footprint overlap, 1 pad clearance violation, 1 courtyard conflict. Move the components apart.
U8 overlaps Q2: 3 footprint overlaps, 3 pad clearance violations, 1 courtyard conflict. Move the components apart.
U8 overlaps R41: 1 footprint overlap, 1 pad clearance violation, 1 courtyard conflict. Move the components apart.
U8 overlaps R42: 1 footprint overlap, 1 pad clearance violation, 1 courtyard conflict. Move the components apart.
U8 overlaps R43: 1 footprint overlap, 1 pad clearance violation, 1 courtyard conflict. Move the components apart.
U8 overlaps R44: 1 footprint overlap, 1 pad clearance violation, 1 courtyard conflict. Move the components apart.
U8 overlaps D9: 1 footprint overlap, 3 pad clearance violations, 1 courtyard conflict. Move the components apart.
U8 overlaps Q3: 3 footprint overlaps, 3 pad clearance violations, 1 courtyard conflict. Move the components apart.
U8 overlaps Q4: 3 footprint overlaps, 3 pad clearance violations, 1 courtyard conflict. Move the components apart.
U8 overlaps R49: 1 footprint overlap, 1 pad clearance violation, 1 courtyard conflict. Move the components apart.
U8 overlaps Q5: 3 footprint overlaps, 3 pad clearance violations, 1 courtyard conflict. Move the components apart.
U8 overlaps SW1: 4 footprint overlaps, 3 pad clearance violations, 1 courtyard conflict. Move the components apart.
U8 overlaps J2: 5 footprint overlaps, 3 pad clearance violations, 1 courtyard conflict. Move the components apart.
R31 overlaps R32: 2 footprint overlaps, 2 pad clearance violations, 1 courtyard conflict. Move the components apart.
R31 overlaps R33: 2 footprint overlaps, 2 pad clearance violations, 1 courtyard conflict. Move the components apart.
R31 overlaps R34: 2 footprint overlaps, 2 pad clearance violations, 1 courtyard conflict. Move the components apart.
R31 overlaps D8: 2 footprint overlaps, 2 pad clearance violations, 1 courtyard conflict. Move the components apart.
R31 overlaps R39: 2 footprint overlaps, 2 pad clearance violations, 1 courtyard conflict. Move the components apart.
R31 overlaps R65: 2 footprint overlaps, 2 pad clearance violations, 1 courtyard conflict. Move the components apart.
R31 overlaps R40: 2 footprint overlaps, 2 pad clearance violations, 1 courtyard conflict. Move the components apart.
R31 overlaps C25: 1 footprint overlap, 1 pad clearance violation, 1 courtyard conflict. Move the components apart.
R31 overlaps U10: 2 footprint overlaps, 2 pad clearance violations, 1 courtyard conflict. Move the components apart.
R31 overlaps R50: 2 footprint overlaps, 2 pad clearance violations, 1 courtyard conflict. Move the components apart.
R31 overlaps R51: 2 footprint overlaps, 2 pad clearance violations, 1 courtyard conflict. Move the components apart.
R31 overlaps C26: 2 footprint overlaps, 2 pad clearance violations, 1 courtyard conflict. Move the components apart.
R31 overlaps C27: 2 footprint overlaps, 2 pad clearance violations, 1 courtyard conflict. Move the components apart.
R31 overlaps C28: 1 footprint overlap, 1 pad clearance violation, 1 courtyard conflict. Move the components apart.
R31 overlaps C29: 1 footprint overlap, 1 pad clearance violation, 1 courtyard conflict. Move the components apart.
R31 overlaps R54: 1 footprint overlap, 1 pad clearance violation, 1 courtyard conflict. Move the components apart.
R31 overlaps LED1: 2 footprint overlaps, 2 pad clearance violations, 1 courtyard conflict. Move the components apart.
R31 overlaps Q2: 1 footprint overlap, 1 pad clearance violation, 1 courtyard conflict. Move the components apart.
R31 overlaps R41: 1 footprint overlap, 1 pad clearance violation, 1 courtyard conflict. Move the components apart.
R31 overlaps R42: 2 footprint overlaps, 2 pad clearance violations, 1 courtyard conflict. Move the components apart.
R31 overlaps R43: 2 footprint overlaps, 2 pad clearance violations, 1 courtyard conflict. Move the components apart.
R31 overlaps R44: 2 footprint overlaps, 2 pad clearance violations, 1 courtyard conflict. Move the components apart.
R31 overlaps Q3: 1 footprint overlap, 1 pad clearance violation, 1 courtyard conflict. Move the components apart.
R31 overlaps Q4: 1 footprint overlap, 1 pad clearance violation, 1 courtyard conflict. Move the components apart.
R31 overlaps R49: 2 footprint overlaps, 2 pad clearance violations, 1 courtyard conflict. Move the components apart.
R31 overlaps Q5: 1 footprint overlap, 1 pad clearance violation, 1 courtyard conflict. Move the components apart.
R31 overlaps SW1: 3 footprint overlaps, 2 pad clearance violations, 1 courtyard conflict. Move the components apart.
R31 overlaps J2: 2 footprint overlaps, 2 pad clearance violations, 1 courtyard conflict. Move the components apart.
U9 overlaps U10: 15 footprint overlaps, 15 pad clearance violations, 1 courtyard conflict. Move the components apart.
U9 overlaps RV1: 7 footprint overlaps, 4 pad clearance violations, 1 courtyard conflict. Move the components apart.
U9 overlaps SW1: 1 footprint overlap, 1 courtyard conflict. Move the components apart.
U9 overlaps J2: 2 footprint overlaps, 1 courtyard conflict. Move the components apart.
R32 overlaps R33: 2 footprint overlaps, 2 pad clearance violations, 1 courtyard conflict. Move the components apart.
R32 overlaps R34: 2 footprint overlaps, 2 pad clearance violations, 1 courtyard conflict. Move the components apart.
R32 overlaps D8: 2 footprint overlaps, 2 pad clearance violations, 1 courtyard conflict. Move the components apart.
R32 overlaps R39: 1 footprint overlap, 1 pad clearance violation, 1 courtyard conflict. Move the components apart.
R32 overlaps R65: 2 footprint overlaps, 2 pad clearance violations, 1 courtyard conflict. Move the components apart.
R32 overlaps R40: 2 footprint overlaps, 2 pad clearance violations, 1 courtyard conflict. Move the components apart.
R32 overlaps C25: 2 footprint overlaps, 2 pad clearance violations, 1 courtyard conflict. Move the components apart.
R32 overlaps U10: 2 footprint overlaps, 2 pad clearance violations, 1 courtyard conflict. Move the components apart.
R32 overlaps R50: 2 footprint overlaps, 2 pad clearance violations, 1 courtyard conflict. Move the components apart.
R32 overlaps R51: 2 footprint overlaps, 2 pad clearance violations, 1 courtyard conflict. Move the components apart.
R32 overlaps C26: 2 footprint overlaps, 2 pad clearance violations, 1 courtyard conflict. Move the components apart.
R32 overlaps C27: 2 footprint overlaps, 2 pad clearance violations, 1 courtyard conflict. Move the components apart.
R32 overlaps C28: 2 footprint overlaps, 2 pad clearance violations, 1 courtyard conflict. Move the components apart.
R32 overlaps C29: 2 footprint overlaps, 2 pad clearance violations, 1 courtyard conflict. Move the components apart.
R32 overlaps R54: 2 footprint overlaps, 2 pad clearance violations, 1 courtyard conflict. Move the components apart.
R32 overlaps LED1: 2 footprint overlaps, 2 pad clearance violations, 1 courtyard conflict. Move the components apart.
R32 overlaps Q2: 1 footprint overlap, 1 pad clearance violation, 1 courtyard conflict. Move the components apart.
R32 overlaps R41: 2 footprint overlaps, 2 pad clearance violations, 1 courtyard conflict. Move the components apart.
R32 overlaps R42: 2 footprint overlaps, 2 pad clearance violations, 1 courtyard conflict. Move the components apart.
R32 overlaps R43: 2 footprint overlaps, 2 pad clearance violations, 1 courtyard conflict. Move the components apart.
R32 overlaps R44: 2 footprint overlaps, 2 pad clearance violations, 1 courtyard conflict. Move the components apart.
R32 overlaps Q3: 1 footprint overlap, 1 pad clearance violation, 1 courtyard conflict. Move the components apart.
R32 overlaps Q4: 1 footprint overlap, 1 pad clearance violation, 1 courtyard conflict. Move the components apart.
R32 overlaps R49: 2 footprint overlaps, 2 pad clearance violations, 1 courtyard conflict. Move the components apart.
R32 overlaps Q5: 1 footprint overlap, 1 pad clearance violation, 1 courtyard conflict. Move the components apart.
R32 overlaps SW1: 3 footprint overlaps, 2 pad clearance violations, 1 courtyard conflict. Move the components apart.
R32 overlaps J2: 2 footprint overlaps, 2 pad clearance violations, 1 courtyard conflict. Move the components apart.
R33 overlaps R34: 2 footprint overlaps, 2 pad clearance violations, 1 courtyard conflict. Move the components apart.
R33 overlaps D8: 2 footprint overlaps, 2 pad clearance violations, 1 courtyard conflict. Move the components apart.
R33 overlaps R39: 2 footprint overlaps, 2 pad clearance violations, 1 courtyard conflict. Move the components apart.
R33 overlaps R65: 1 footprint overlap, 1 pad clearance violation, 1 courtyard conflict. Move the components apart.
R33 overlaps R40: 2 footprint overlaps, 2 pad clearance violations, 1 courtyard conflict. Move the components apart.
R33 overlaps C25: 1 footprint overlap, 1 pad clearance violation, 1 courtyard conflict. Move the components apart.
R33 overlaps U10: 1 footprint overlap, 1 pad clearance violation, 1 courtyard conflict. Move the components apart.
R33 overlaps R50: 1 footprint overlap, 1 pad clearance violation, 1 courtyard conflict. Move the components apart.
R33 overlaps R51: 2 footprint overlaps, 2 pad clearance violations, 1 courtyard conflict. Move the components apart.
R33 overlaps C26: 2 footprint overlaps, 2 pad clearance violations, 1 courtyard conflict. Move the components apart.
R33 overlaps C27: 2 footprint overlaps, 2 pad clearance violations, 1 courtyard conflict. Move the components apart.
R33 overlaps C28: 1 footprint overlap, 1 pad clearance violation, 1 courtyard conflict. Move the components apart.
R33 overlaps C29: 1 footprint overlap, 1 pad clearance violation, 1 courtyard conflict. Move the components apart.
R33 overlaps R54: 2 footprint overlaps, 2 pad clearance violations, 1 courtyard conflict. Move the components apart.
R33 overlaps LED1: 1 footprint overlap, 1 pad clearance violation, 1 courtyard conflict. Move the components apart.
R33 overlaps Q2: 1 footprint overlap, 1 pad clearance violation, 1 courtyard conflict. Move the components apart.
R33 overlaps R41: 2 footprint overlaps, 2 pad clearance violations, 1 courtyard conflict. Move the components apart.
R33 overlaps R42: 2 footprint overlaps, 2 pad clearance violations, 1 courtyard conflict. Move the components apart.
R33 overlaps R43: 2 footprint overlaps, 2 pad clearance violations, 1 courtyard conflict. Move the components apart.
R33 overlaps R44: 1 footprint overlap, 1 pad clearance violation, 1 courtyard conflict. Move the components apart.
R33 overlaps Q3: 1 footprint overlap, 1 pad clearance violation, 1 courtyard conflict. Move the components apart.
R33 overlaps Q4: 1 footprint overlap, 1 pad clearance violation, 1 courtyard conflict. Move the components apart.
R33 overlaps R49: 2 footprint overlaps, 2 pad clearance violations, 1 courtyard conflict. Move the components apart.
R33 overlaps Q5: 1 footprint overlap, 1 pad clearance violation, 1 courtyard conflict. Move the components apart.
R33 overlaps SW1: 3 footprint overlaps, 2 pad clearance violations, 1 courtyard conflict. Move the components apart.
R33 overlaps J2: 2 footprint overlaps, 2 pad clearance violations, 1 courtyard conflict. Move the components apart.
R34 overlaps D8: 1 footprint overlap, 1 pad clearance violation, 1 courtyard conflict. Move the components apart.
R34 overlaps R39: 2 footprint overlaps, 2 pad clearance violations, 1 courtyard conflict. Move the components apart.
R34 overlaps R65: 2 footprint overlaps, 2 pad clearance violations, 1 courtyard conflict. Move the components apart.
R34 overlaps R40: 2 footprint overlaps, 2 pad clearance violations, 1 courtyard conflict. Move the components apart.
R34 overlaps C25: 2 footprint overlaps, 2 pad clearance violations, 1 courtyard conflict. Move the components apart.
R34 overlaps U10: 2 footprint overlaps, 2 pad clearance violations, 1 courtyard conflict. Move the components apart.
R34 overlaps R50: 2 footprint overlaps, 2 pad clearance violations, 1 courtyard conflict. Move the components apart.
R34 overlaps R51: 1 footprint overlap, 1 pad clearance violation, 1 courtyard conflict. Move the components apart.
R34 overlaps C26: 2 footprint overlaps, 2 pad clearance violations, 1 courtyard conflict. Move the components apart.
R34 overlaps C27: 2 footprint overlaps, 2 pad clearance violations, 1 courtyard conflict. Move the components apart.
R34 overlaps C28: 2 footprint overlaps, 2 pad clearance violations, 1 courtyard conflict. Move the components apart.
R34 overlaps C29: 2 footprint overlaps, 2 pad clearance violations, 1 courtyard conflict. Move the components apart.
R34 overlaps R54: 2 footprint overlaps, 2 pad clearance violations, 1 courtyard conflict. Move the components apart.
R34 overlaps LED1: 2 footprint overlaps, 2 pad clearance violations, 1 courtyard conflict. Move the components apart.
R34 overlaps Q2: 1 footprint overlap, 1 pad clearance violation, 1 courtyard conflict. Move the components apart.
R34 overlaps R41: 2 footprint overlaps, 2 pad clearance violations, 1 courtyard conflict. Move the components apart.
R34 overlaps R42: 2 footprint overlaps, 2 pad clearance violations, 1 courtyard conflict. Move the components apart.
R34 overlaps R43: 2 footprint overlaps, 2 pad clearance violations, 1 courtyard conflict. Move the components apart.
R34 overlaps R44: 2 footprint overlaps, 2 pad clearance violations, 1 courtyard conflict. Move the components apart.
R34 overlaps Q3: 1 footprint overlap, 1 pad clearance violation, 1 courtyard conflict. Move the components apart.
R34 overlaps Q4: 1 footprint overlap, 1 pad clearance violation, 1 courtyard conflict. Move the components apart.
R34 overlaps R49: 2 footprint overlaps, 2 pad clearance violations, 1 courtyard conflict. Move the components apart.
R34 overlaps Q5: 1 footprint overlap, 1 pad clearance violation, 1 courtyard conflict. Move the components apart.
R34 overlaps SW1: 3 footprint overlaps, 2 pad clearance violations, 1 courtyard conflict. Move the components apart.
R34 overlaps J2: 2 footprint overlaps, 2 pad clearance violations, 1 courtyard conflict. Move the components apart.
D8 overlaps R39: 2 footprint overlaps, 2 pad clearance violations, 1 courtyard conflict. Move the components apart.
D8 overlaps R65: 2 footprint overlaps, 2 pad clearance violations, 1 courtyard conflict. Move the components apart.
D8 overlaps R40: 2 footprint overlaps, 2 pad clearance violations, 1 courtyard conflict. Move the components apart.
D8 overlaps C25: 2 footprint overlaps, 2 pad clearance violations, 1 courtyard conflict. Move the components apart.
D8 overlaps U10: 2 footprint overlaps, 2 pad clearance violations, 1 courtyard conflict. Move the components apart.
D8 overlaps R51: 2 footprint overlaps, 2 pad clearance violations, 1 courtyard conflict. Move the components apart.
D8 overlaps C26: 2 footprint overlaps, 2 pad clearance violations, 1 courtyard conflict. Move the components apart.
D8 overlaps C27: 2 footprint overlaps, 2 pad clearance violations, 1 courtyard conflict. Move the components apart.
D8 overlaps C28: 2 footprint overlaps, 2 pad clearance violations, 1 courtyard conflict. Move the components apart.
D8 overlaps C29: 2 footprint overlaps, 2 pad clearance violations, 1 courtyard conflict. Move the components apart.
D8 overlaps D10: 2 footprint overlaps, 2 pad clearance violations, 1 courtyard conflict. Move the components apart.
D8 overlaps D11: 2 footprint overlaps, 2 pad clearance violations, 1 courtyard conflict. Move the components apart.
D8 overlaps LED1: 2 footprint overlaps, 2 pad clearance violations, 1 courtyard conflict. Move the components apart.
D8 overlaps Q2: 1 footprint overlap, 1 pad clearance violation, 1 courtyard conflict. Move the components apart.
D8 overlaps R41: 2 footprint overlaps, 2 pad clearance violations, 1 courtyard conflict. Move the components apart.
D8 overlaps R42: 2 footprint overlaps, 2 pad clearance violations, 1 courtyard conflict. Move the components apart.
D8 overlaps R43: 2 footprint overlaps, 2 pad clearance violations, 1 courtyard conflict. Move the components apart.
D8 overlaps R44: 2 footprint overlaps, 2 pad clearance violations, 1 courtyard conflict. Move the components apart.
D8 overlaps D9: 2 footprint overlaps, 2 pad clearance violations, 1 courtyard conflict. Move the components apart.
D8 overlaps Q3: 1 footprint overlap, 1 pad clearance violation, 1 courtyard conflict. Move the components apart.
D8 overlaps Q4: 1 footprint overlap, 1 pad clearance violation, 1 courtyard conflict. Move the components apart.
D8 overlaps R49: 2 footprint overlaps, 2 pad clearance violations, 1 courtyard conflict. Move the components apart.
D8 overlaps Q5: 1 footprint overlap, 1 pad clearance violation, 1 courtyard conflict. Move the components apart.
D8 overlaps SW1: 3 footprint overlaps, 2 pad clearance violations, 1 courtyard conflict. Move the components apart.
D8 overlaps J2: 4 footprint overlaps, 2 pad clearance violations, 1 courtyard conflict. Move the components apart.
R39 overlaps R65: 2 footprint overlaps, 2 pad clearance violations, 1 courtyard conflict. Move the components apart.
R39 overlaps R40: 1 footprint overlap, 1 pad clearance violation, 1 courtyard conflict. Move the components apart.
R39 overlaps C25: 2 footprint overlaps, 2 pad clearance violations, 1 courtyard conflict. Move the components apart.
R39 overlaps U10: 2 footprint overlaps, 2 pad clearance violations, 1 courtyard conflict. Move the components apart.
R39 overlaps R50: 2 footprint overlaps, 2 pad clearance violations, 1 courtyard conflict. Move the components apart.
R39 overlaps R51: 2 footprint overlaps, 2 pad clearance violations, 1 courtyard conflict. Move the components apart.
R39 overlaps C26: 2 footprint overlaps, 2 pad clearance violations, 1 courtyard conflict. Move the components apart.
R39 overlaps C27: 2 footprint overlaps, 2 pad clearance violations, 1 courtyard conflict. Move the components apart.
R39 overlaps C28: 2 footprint overlaps, 2 pad clearance violations, 1 courtyard conflict. Move the components apart.
R39 overlaps C29: 2 footprint overlaps, 2 pad clearance violations, 1 courtyard conflict. Move the components apart.
R39 overlaps R54: 2 footprint overlaps, 2 pad clearance violations, 1 courtyard conflict. Move the components apart.
R39 overlaps LED1: 2 footprint overlaps, 2 pad clearance violations, 1 courtyard conflict. Move the components apart.
R39 overlaps Q2: 1 footprint overlap, 1 pad clearance violation, 1 courtyard conflict. Move the components apart.
R39 overlaps R41: 2 footprint overlaps, 2 pad clearance violations, 1 courtyard conflict. Move the components apart.
R39 overlaps R42: 2 footprint overlaps, 2 pad clearance violations, 1 courtyard conflict. Move the components apart.
R39 overlaps R43: 2 footprint overlaps, 2 pad clearance violations, 1 courtyard conflict. Move the components apart.
R39 overlaps R44: 2 footprint overlaps, 2 pad clearance violations, 1 courtyard conflict. Move the components apart.
R39 overlaps Q3: 1 footprint overlap, 1 pad clearance violation, 1 courtyard conflict. Move the components apart.
R39 overlaps Q4: 1 footprint overlap, 1 pad clearance violation, 1 courtyard conflict. Move the components apart.
R39 overlaps R49: 2 footprint overlaps, 2 pad clearance violations, 1 courtyard conflict. Move the components apart.
R39 overlaps Q5: 1 footprint overlap, 1 pad clearance violation, 1 courtyard conflict. Move the components apart.
R39 overlaps SW1: 3 footprint overlaps, 2 pad clearance violations, 1 courtyard conflict. Move the components apart.
R39 overlaps J2: 2 footprint overlaps, 2 pad clearance violations, 1 courtyard conflict. Move the components apart.
R65 overlaps R40: 2 footprint overlaps, 2 pad clearance violations, 1 courtyard conflict. Move the components apart.
R65 overlaps C25: 1 footprint overlap, 1 pad clearance violation, 1 courtyard conflict. Move the components apart.
R65 overlaps U10: 1 footprint overlap, 1 pad clearance violation, 1 courtyard conflict. Move the components apart.
R65 overlaps R50: 1 footprint overlap, 1 pad clearance violation, 1 courtyard conflict. Move the components apart.
R65 overlaps R51: 2 footprint overlaps, 2 pad clearance violations, 1 courtyard conflict. Move the components apart.
R65 overlaps C26: 2 footprint overlaps, 2 pad clearance violations, 1 courtyard conflict. Move the components apart.
R65 overlaps C27: 2 footprint overlaps, 2 pad clearance violations, 1 courtyard conflict. Move the components apart.
R65 overlaps C28: 1 footprint overlap, 1 pad clearance violation, 1 courtyard conflict. Move the components apart.
R65 overlaps C29: 1 footprint overlap, 1 pad clearance violation, 1 courtyard conflict. Move the components apart.
R65 overlaps R54: 2 footprint overlaps, 2 pad clearance violations, 1 courtyard conflict. Move the components apart.
R65 overlaps LED1: 1 footprint overlap, 1 pad clearance violation, 1 courtyard conflict. Move the components apart.
R65 overlaps Q2: 1 footprint overlap, 1 pad clearance violation, 1 courtyard conflict. Move the components apart.
R65 overlaps R41: 2 footprint overlaps, 2 pad clearance violations, 1 courtyard conflict. Move the components apart.
R65 overlaps R42: 2 footprint overlaps, 2 pad clearance violations, 1 courtyard conflict. Move the components apart.
R65 overlaps R43: 2 footprint overlaps, 2 pad clearance violations, 1 courtyard conflict. Move the components apart.
R65 overlaps R44: 1 footprint overlap, 1 pad clearance violation, 1 courtyard conflict. Move the components apart.
R65 overlaps Q3: 1 footprint overlap, 1 pad clearance violation, 1 courtyard conflict. Move the components apart.
R65 overlaps Q4: 1 footprint overlap, 1 pad clearance violation, 1 courtyard conflict. Move the components apart.
R65 overlaps R49: 2 footprint overlaps, 2 pad clearance violations, 1 courtyard conflict. Move the components apart.
R65 overlaps Q5: 1 footprint overlap, 1 pad clearance violation, 1 courtyard conflict. Move the components apart.
R65 overlaps SW1: 3 footprint overlaps, 2 pad clearance violations, 1 courtyard conflict. Move the components apart.
R65 overlaps J2: 2 footprint overlaps, 2 pad clearance violations, 1 courtyard conflict. Move the components apart.
R40 overlaps C25: 2 footprint overlaps, 2 pad clearance violations, 1 courtyard conflict. Move the components apart.
R40 overlaps U10: 2 footprint overlaps, 2 pad clearance violations, 1 courtyard conflict. Move the components apart.
R40 overlaps R50: 2 footprint overlaps, 2 pad clearance violations, 1 courtyard conflict. Move the components apart.
R40 overlaps R51: 2 footprint overlaps, 2 pad clearance violations, 1 courtyard conflict. Move the components apart.
R40 overlaps C26: 2 footprint overlaps, 2 pad clearance violations, 1 courtyard conflict. Move the components apart.
R40 overlaps C27: 2 footprint overlaps, 2 pad clearance violations, 1 courtyard conflict. Move the components apart.
R40 overlaps C28: 2 footprint overlaps, 2 pad clearance violations, 1 courtyard conflict. Move the components apart.
R40 overlaps C29: 2 footprint overlaps, 2 pad clearance violations, 1 courtyard conflict. Move the components apart.
R40 overlaps R54: 2 footprint overlaps, 2 pad clearance violations, 1 courtyard conflict. Move the components apart.
R40 overlaps LED1: 2 footprint overlaps, 2 pad clearance violations, 1 courtyard conflict. Move the components apart.
R40 overlaps Q2: 1 footprint overlap, 1 pad clearance violation, 1 courtyard conflict. Move the components apart.
R40 overlaps R41: 2 footprint overlaps, 2 pad clearance violations, 1 courtyard conflict. Move the components apart.
R40 overlaps R42: 2 footprint overlaps, 2 pad clearance violations, 1 courtyard conflict. Move the components apart.
R40 overlaps R43: 2 footprint overlaps, 2 pad clearance violations, 1 courtyard conflict. Move the components apart.
R40 overlaps R44: 2 footprint overlaps, 2 pad clearance violations, 1 courtyard conflict. Move the components apart.
R40 overlaps Q3: 1 footprint overlap, 1 pad clearance violation, 1 courtyard conflict. Move the components apart.
R40 overlaps Q4: 1 footprint overlap, 1 pad clearance violation, 1 courtyard conflict. Move the components apart.
R40 overlaps R49: 2 footprint overlaps, 2 pad clearance violations, 1 courtyard conflict. Move the components apart.
R40 overlaps Q5: 1 footprint overlap, 1 pad clearance violation, 1 courtyard conflict. Move the components apart.
R40 overlaps SW1: 3 footprint overlaps, 2 pad clearance violations, 1 courtyard conflict. Move the components apart.
R40 overlaps J2: 2 footprint overlaps, 2 pad clearance violations, 1 courtyard conflict. Move the components apart.
C25 overlaps U10: 1 footprint overlap, 1 pad clearance violation, 1 courtyard conflict. Move the components apart.
C25 overlaps R50: 1 footprint overlap, 1 pad clearance violation, 1 courtyard conflict. Move the components apart.
C25 overlaps R51: 2 footprint overlaps, 2 pad clearance violations, 1 courtyard conflict. Move the components apart.
C25 overlaps C26: 2 footprint overlaps, 2 pad clearance violations, 1 courtyard conflict. Move the components apart.
C25 overlaps C27: 2 footprint overlaps, 2 pad clearance violations, 1 courtyard conflict. Move the components apart.
C25 overlaps R54: 1 footprint overlap, 1 pad clearance violation, 1 courtyard conflict. Move the components apart.
C25 overlaps LED1: 1 footprint overlap, 1 pad clearance violation, 1 courtyard conflict. Move the components apart.
C25 overlaps Q2: 1 footprint overlap, 1 pad clearance violation, 1 courtyard conflict. Move the components apart.
C25 overlaps R41: 1 footprint overlap, 1 pad clearance violation, 1 courtyard conflict. Move the components apart.
C25 overlaps R42: 2 footprint overlaps, 2 pad clearance violations, 1 courtyard conflict. Move the components apart.
C25 overlaps R43: 2 footprint overlaps, 2 pad clearance violations, 1 courtyard conflict. Move the components apart.
C25 overlaps R44: 1 footprint overlap, 1 pad clearance violation, 1 courtyard conflict. Move the components apart.
C25 overlaps Q3: 1 footprint overlap, 1 pad clearance violation, 1 courtyard conflict. Move the components apart.
C25 overlaps Q4: 1 footprint overlap, 1 pad clearance violation, 1 courtyard conflict. Move the components apart.
C25 overlaps R49: 2 footprint overlaps, 2 pad clearance violations, 1 courtyard conflict. Move the components apart.
C25 overlaps Q5: 1 footprint overlap, 1 pad clearance violation, 1 courtyard conflict. Move the components apart.
C25 overlaps SW1: 3 footprint overlaps, 2 pad clearance violations, 1 courtyard conflict. Move the components apart.
C25 overlaps J2: 2 footprint overlaps, 1 courtyard conflict. Move the components apart.
U10 overlaps R50: 1 footprint overlap, 1 pad clearance violation, 1 courtyard conflict. Move the components apart.
U10 overlaps R51: 2 footprint overlaps, 2 pad clearance violations, 1 courtyard conflict. Move the components apart.
U10 overlaps C26: 2 footprint overlaps, 2 pad clearance violations, 1 courtyard conflict. Move the components apart.
U10 overlaps C27: 2 footprint overlaps, 2 pad clearance violations, 1 courtyard conflict. Move the components apart.
U10 overlaps C28: 1 footprint overlap, 1 pad clearance violation, 1 courtyard conflict. Move the components apart.
U10 overlaps C29: 1 footprint overlap, 1 pad clearance violation, 1 courtyard conflict. Move the components apart.
U10 overlaps D10: 2 footprint overlaps, 2 pad clearance violations, 1 courtyard conflict. Move the components apart.
U10 overlaps D11: 1 footprint overlap, 1 pad clearance violation, 1 courtyard conflict. Move the components apart.
U10 overlaps R54: 2 footprint overlaps, 2 pad clearance violations, 1 courtyard conflict. Move the components apart.
U10 overlaps LED1: 1 footprint overlap, 1 pad clearance violation, 1 courtyard conflict. Move the components apart.
U10 overlaps Q2: 3 footprint overlaps, 3 pad clearance violations, 1 courtyard conflict. Move the components apart.
U10 overlaps R41: 2 footprint overlaps, 2 pad clearance violations, 1 courtyard conflict. Move the components apart.
U10 overlaps R42: 2 footprint overlaps, 2 pad clearance violations, 1 courtyard conflict. Move the components apart.
U10 overlaps R43: 2 footprint overlaps, 2 pad clearance violations, 1 courtyard conflict. Move the components apart.
U10 overlaps R44: 1 footprint overlap, 1 pad clearance violation, 1 courtyard conflict. Move the components apart.
U10 overlaps D9: 1 footprint overlap, 1 pad clearance violation, 1 courtyard conflict. Move the components apart.
U10 overlaps Q3: 2 footprint overlaps, 2 pad clearance violations, 1 courtyard conflict. Move the components apart.
U10 overlaps Q4: 2 footprint overlaps, 2 pad clearance violations, 1 courtyard conflict. Move the components apart.
U10 overlaps R49: 2 footprint overlaps, 2 pad clearance violations, 1 courtyard conflict. Move the components apart.
U10 overlaps Q5: 2 footprint overlaps, 2 pad clearance violations, 1 courtyard conflict. Move the components apart.
U10 overlaps RV1: 11 footprint overlaps, 8 pad clearance violations, 1 courtyard conflict. Move the components apart.
U10 overlaps SW1: 4 footprint overlaps, 9 pad clearance violations, 1 courtyard conflict. Move the components apart.
U10 overlaps J2: 4 footprint overlaps, 2 pad clearance violations, 1 courtyard conflict. Move the components apart.
R50 overlaps R51: 2 footprint overlaps, 2 pad clearance violations, 1 courtyard conflict. Move the components apart.
R50 overlaps C26: 2 footprint overlaps, 2 pad clearance violations, 1 courtyard conflict. Move the components apart.
R50 overlaps C27: 2 footprint overlaps, 2 pad clearance violations, 1 courtyard conflict. Move the components apart.
R50 overlaps C28: 1 footprint overlap, 1 pad clearance violation, 1 courtyard conflict. Move the components apart.
R50 overlaps R54: 2 footprint overlaps, 2 pad clearance violations, 1 courtyard conflict. Move the components apart.
R50 overlaps LED1: 1 footprint overlap, 1 pad clearance violation, 1 courtyard conflict. Move the components apart.
R50 overlaps Q2: 1 footprint overlap, 1 pad clearance violation, 1 courtyard conflict. Move the components apart.
R50 overlaps R41: 2 footprint overlaps, 2 pad clearance violations, 1 courtyard conflict. Move the components apart.
R50 overlaps R42: 2 footprint overlaps, 2 pad clearance violations, 1 courtyard conflict. Move the components apart.
R50 overlaps R43: 2 footprint overlaps, 2 pad clearance violations, 1 courtyard conflict. Move the components apart.
R50 overlaps R44: 1 footprint overlap, 1 pad clearance violation, 1 courtyard conflict. Move the components apart.
R50 overlaps Q3: 1 footprint overlap, 1 pad clearance violation, 1 courtyard conflict. Move the components apart.
R50 overlaps Q4: 1 footprint overlap, 1 pad clearance violation, 1 courtyard conflict. Move the components apart.
R50 overlaps R49: 2 footprint overlaps, 2 pad clearance violations, 1 courtyard conflict. Move the components apart.
R50 overlaps Q5: 1 footprint overlap, 1 pad clearance violation, 1 courtyard conflict. Move the components apart.
R50 overlaps SW1: 3 footprint overlaps, 2 pad clearance violations, 1 courtyard conflict. Move the components apart.
R51 overlaps C26: 2 footprint overlaps, 2 pad clearance violations, 1 courtyard conflict. Move the components apart.
R51 overlaps C27: 2 footprint overlaps, 2 pad clearance violations, 1 courtyard conflict. Move the components apart.
R51 overlaps C28: 2 footprint overlaps, 2 pad clearance violations, 1 courtyard conflict. Move the components apart.
R51 overlaps C29: 2 footprint overlaps, 2 pad clearance violations, 1 courtyard conflict. Move the components apart.
R51 overlaps R54: 2 footprint overlaps, 2 pad clearance violations, 1 courtyard conflict. Move the components apart.
R51 overlaps LED1: 2 footprint overlaps, 2 pad clearance violations, 1 courtyard conflict. Move the components apart.
R51 overlaps Q2: 1 footprint overlap, 1 pad clearance violation, 1 courtyard conflict. Move the components apart.
R51 overlaps R41: 2 footprint overlaps, 2 pad clearance violations, 1 courtyard conflict. Move the components apart.
R51 overlaps R42: 2 footprint overlaps, 2 pad clearance violations, 1 courtyard conflict. Move the components apart.
R51 overlaps R43: 2 footprint overlaps, 2 pad clearance violations, 1 courtyard conflict. Move the components apart.
R51 overlaps R44: 2 footprint overlaps, 2 pad clearance violations, 1 courtyard conflict. Move the components apart.
R51 overlaps Q3: 1 footprint overlap, 1 pad clearance violation, 1 courtyard conflict. Move the components apart.
R51 overlaps Q4: 1 footprint overlap, 1 pad clearance violation, 1 courtyard conflict. Move the components apart.
R51 overlaps R49: 2 footprint overlaps, 2 pad clearance violations, 1 courtyard conflict. Move the components apart.
R51 overlaps Q5: 1 footprint overlap, 1 pad clearance violation, 1 courtyard conflict. Move the components apart.
R51 overlaps SW1: 3 footprint overlaps, 2 pad clearance violations, 1 courtyard conflict. Move the components apart.
R51 overlaps J2: 2 footprint overlaps, 2 pad clearance violations, 1 courtyard conflict. Move the components apart.
C26 overlaps C27: 2 footprint overlaps, 2 pad clearance violations, 1 courtyard conflict. Move the components apart.
C26 overlaps C28: 2 footprint overlaps, 2 pad clearance violations, 1 courtyard conflict. Move the components apart.
C26 overlaps C29: 2 footprint overlaps, 2 pad clearance violations, 1 courtyard conflict. Move the components apart.
C26 overlaps R54: 2 footprint overlaps, 2 pad clearance violations, 1 courtyard conflict. Move the components apart.
C26 overlaps LED1: 2 footprint overlaps, 2 pad clearance violations, 1 courtyard conflict. Move the components apart.
C26 overlaps Q2: 1 footprint overlap, 1 pad clearance violation, 1 courtyard conflict. Move the components apart.
C26 overlaps R41: 2 footprint overlaps, 2 pad clearance violations, 1 courtyard conflict. Move the components apart.
C26 overlaps R42: 2 footprint overlaps, 2 pad clearance violations, 1 courtyard conflict. Move the components apart.
C26 overlaps R43: 2 footprint overlaps, 2 pad clearance violations, 1 courtyard conflict. Move the components apart.
C26 overlaps R44: 2 footprint overlaps, 2 pad clearance violations, 1 courtyard conflict. Move the components apart.
C26 overlaps Q3: 1 footprint overlap, 1 pad clearance violation, 1 courtyard conflict. Move the components apart.
C26 overlaps Q4: 1 footprint overlap, 1 pad clearance violation, 1 courtyard conflict. Move the components apart.
C26 overlaps R49: 2 footprint overlaps, 2 pad clearance violations, 1 courtyard conflict. Move the components apart.
C26 overlaps Q5: 1 footprint overlap, 1 pad clearance violation, 1 courtyard conflict. Move the components apart.
C26 overlaps SW1: 3 footprint overlaps, 2 pad clearance violations, 1 courtyard conflict. Move the components apart.
C26 overlaps J2: 2 footprint overlaps, 1 courtyard conflict. Move the components apart.
C27 overlaps C28: 2 footprint overlaps, 2 pad clearance violations, 1 courtyard conflict. Move the components apart.
C27 overlaps C29: 2 footprint overlaps, 2 pad clearance violations, 1 courtyard conflict. Move the components apart.
C27 overlaps R54: 2 footprint overlaps, 2 pad clearance violations, 1 courtyard conflict. Move the components apart.
C27 overlaps LED1: 2 footprint overlaps, 2 pad clearance violations, 1 courtyard conflict. Move the components apart.
C27 overlaps Q2: 1 footprint overlap, 1 pad clearance violation, 1 courtyard conflict. Move the components apart.
C27 overlaps R41: 2 footprint overlaps, 2 pad clearance violations, 1 courtyard conflict. Move the components apart.
C27 overlaps R42: 2 footprint overlaps, 2 pad clearance violations, 1 courtyard conflict. Move the components apart.
C27 overlaps R43: 2 footprint overlaps, 2 pad clearance violations, 1 courtyard conflict. Move the components apart.
C27 overlaps R44: 2 footprint overlaps, 2 pad clearance violations, 1 courtyard conflict. Move the components apart.
C27 overlaps Q3: 1 footprint overlap, 1 pad clearance violation, 1 courtyard conflict. Move the components apart.
C27 overlaps Q4: 1 footprint overlap, 1 pad clearance violation, 1 courtyard conflict. Move the components apart.
C27 overlaps R49: 2 footprint overlaps, 2 pad clearance violations, 1 courtyard conflict. Move the components apart.
C27 overlaps Q5: 1 footprint overlap, 1 pad clearance violation, 1 courtyard conflict. Move the components apart.
C27 overlaps SW1: 3 footprint overlaps, 2 pad clearance violations, 1 courtyard conflict. Move the components apart.
C27 overlaps J2: 2 footprint overlaps, 1 courtyard conflict. Move the components apart.
C28 overlaps R54: 1 footprint overlap, 1 pad clearance violation, 1 courtyard conflict. Move the components apart.
C28 overlaps LED1: 1 footprint overlap, 1 pad clearance violation, 1 courtyard conflict. Move the components apart.
C28 overlaps Q2: 1 footprint overlap, 1 pad clearance violation, 1 courtyard conflict. Move the components apart.
C28 overlaps R41: 1 footprint overlap, 1 pad clearance violation, 1 courtyard conflict. Move the components apart.
C28 overlaps R42: 2 footprint overlaps, 2 pad clearance violations, 1 courtyard conflict. Move the components apart.
C28 overlaps R43: 2 footprint overlaps, 2 pad clearance violations, 1 courtyard conflict. Move the components apart.
C28 overlaps R44: 1 footprint overlap, 1 pad clearance violation, 1 courtyard conflict. Move the components apart.
C28 overlaps Q3: 1 footprint overlap, 1 pad clearance violation, 1 courtyard conflict. Move the components apart.
C28 overlaps Q4: 1 footprint overlap, 1 pad clearance violation, 1 courtyard conflict. Move the components apart.
C28 overlaps R49: 2 footprint overlaps, 2 pad clearance violations, 1 courtyard conflict. Move the components apart.
C28 overlaps Q5: 1 footprint overlap, 1 pad clearance violation, 1 courtyard conflict. Move the components apart.
C28 overlaps SW1: 3 footprint overlaps, 2 pad clearance violations, 1 courtyard conflict. Move the components apart.
C28 overlaps J2: 2 footprint overlaps, 1 courtyard conflict. Move the components apart.
C29 overlaps D10: 2 footprint overlaps, 2 pad clearance violations, 1 courtyard conflict. Move the components apart.
C29 overlaps LED1: 1 footprint overlap, 1 pad clearance violation, 1 courtyard conflict. Move the components apart.
C29 overlaps Q2: 3 footprint overlaps, 3 pad clearance violations, 1 courtyard conflict. Move the components apart.
C29 overlaps R41: 1 footprint overlap, 1 pad clearance violation, 1 courtyard conflict. Move the components apart.
C29 overlaps R42: 2 footprint overlaps, 2 pad clearance violations, 1 courtyard conflict. Move the components apart.
C29 overlaps R43: 2 footprint overlaps, 2 pad clearance violations, 1 courtyard conflict. Move the components apart.
C29 overlaps R44: 1 footprint overlap, 1 pad clearance violation, 1 courtyard conflict. Move the components apart.
C29 overlaps D9: 1 footprint overlap, 1 pad clearance violation, 1 courtyard conflict. Move the components apart.
C29 overlaps Q3: 2 footprint overlaps, 2 pad clearance violations, 1 courtyard conflict. Move the components apart.
C29 overlaps Q4: 2 footprint overlaps, 2 pad clearance violations, 1 courtyard conflict. Move the components apart.
C29 overlaps R49: 2 footprint overlaps, 2 pad clearance violations, 1 courtyard conflict. Move the components apart.
C29 overlaps Q5: 2 footprint overlaps, 2 pad clearance violations, 1 courtyard conflict. Move the components apart.
C29 overlaps SW1: 3 footprint overlaps, 2 pad clearance violations, 1 courtyard conflict. Move the components apart.
C29 overlaps J2: 4 footprint overlaps, 2 pad clearance violations, 1 courtyard conflict. Move the components apart.
D10 overlaps D11: 2 footprint overlaps, 2 pad clearance violations, 1 courtyard conflict. Move the components apart.
D10 overlaps Q2: 3 footprint overlaps, 3 pad clearance violations, 1 courtyard conflict. Move the components apart.
D10 overlaps D9: 2 footprint overlaps, 2 pad clearance violations, 1 courtyard conflict. Move the components apart.
D10 overlaps Q3: 3 footprint overlaps, 3 pad clearance violations, 1 courtyard conflict. Move the components apart.
D10 overlaps R45: 2 footprint overlaps, 2 pad clearance violations, 1 courtyard conflict. Move the components apart.
D10 overlaps R46: 2 footprint overlaps, 2 pad clearance violations, 1 courtyard conflict. Move the components apart.
D10 overlaps R47: 2 footprint overlaps, 2 pad clearance violations, 1 courtyard conflict. Move the components apart.
D10 overlaps R48: 2 footprint overlaps, 2 pad clearance violations, 1 courtyard conflict. Move the components apart.
D10 overlaps Q4: 3 footprint overlaps, 3 pad clearance violations, 1 courtyard conflict. Move the components apart.
D10 overlaps Q5: 3 footprint overlaps, 3 pad clearance violations, 1 courtyard conflict. Move the components apart.
D10 overlaps RV1: 3 footprint overlaps, 1 courtyard conflict. Move the components apart.
D10 overlaps SW1: 3 footprint overlaps, 2 pad clearance violations, 1 courtyard conflict. Move the components apart.
D10 overlaps J2: 4 footprint overlaps, 1 courtyard conflict. Move the components apart.
D11 overlaps Q2: 3 footprint overlaps, 3 pad clearance violations, 1 courtyard conflict. Move the components apart.
D11 overlaps D9: 1 footprint overlap, 1 pad clearance violation, 1 courtyard conflict. Move the components apart.
D11 overlaps Q3: 2 footprint overlaps, 2 pad clearance violations, 1 courtyard conflict. Move the components apart.
D11 overlaps R45: 1 footprint overlap, 1 pad clearance violation, 1 courtyard conflict. Move the components apart.
D11 overlaps R46: 2 footprint overlaps, 2 pad clearance violations, 1 courtyard conflict. Move the components apart.
D11 overlaps R47: 1 footprint overlap, 1 pad clearance violation, 1 courtyard conflict. Move the components apart.
D11 overlaps R48: 2 footprint overlaps, 2 pad clearance violations, 1 courtyard conflict. Move the components apart.
D11 overlaps Q4: 2 footprint overlaps, 2 pad clearance violations, 1 courtyard conflict. Move the components apart.
D11 overlaps Q5: 2 footprint overlaps, 2 pad clearance violations, 1 courtyard conflict. Move the components apart.
D11 overlaps RV1: 3 footprint overlaps, 1 courtyard conflict. Move the components apart.
D11 overlaps SW1: 3 footprint overlaps, 2 pad clearance violations, 1 courtyard conflict. Move the components apart.
D11 overlaps J2: 4 footprint overlaps, 2 pad clearance violations, 1 courtyard conflict. Move the components apart.
R54 overlaps LED1: 2 footprint overlaps, 2 pad clearance violations, 1 courtyard conflict. Move the components apart.
R54 overlaps Q2: 1 footprint overlap, 1 pad clearance violation, 1 courtyard conflict. Move the components apart.
R54 overlaps R41: 1 footprint overlap, 1 pad clearance violation, 1 courtyard conflict. Move the components apart.
R54 overlaps R42: 2 footprint overlaps, 2 pad clearance violations, 1 courtyard conflict. Move the components apart.
R54 overlaps R43: 2 footprint overlaps, 2 pad clearance violations, 1 courtyard conflict. Move the components apart.
R54 overlaps R44: 2 footprint overlaps, 2 pad clearance violations, 1 courtyard conflict. Move the components apart.
R54 overlaps Q3: 1 footprint overlap, 1 pad clearance violation, 1 courtyard conflict. Move the components apart.
R54 overlaps Q4: 1 footprint overlap, 1 pad clearance violation, 1 courtyard conflict. Move the components apart.
R54 overlaps R49: 2 footprint overlaps, 2 pad clearance violations, 1 courtyard conflict. Move the components apart.
R54 overlaps Q5: 1 footprint overlap, 1 pad clearance violation, 1 courtyard conflict. Move the components apart.
R54 overlaps SW1: 3 footprint overlaps, 2 pad clearance violations, 1 courtyard conflict. Move the components apart.
LED1 overlaps Q2: 1 footprint overlap, 1 pad clearance violation, 1 courtyard conflict. Move the components apart.
LED1 overlaps R41: 2 footprint overlaps, 2 pad clearance violations, 1 courtyard conflict. Move the components apart.
LED1 overlaps R42: 2 footprint overlaps, 2 pad clearance violations, 1 courtyard conflict. Move the components apart.
LED1 overlaps R43: 2 footprint overlaps, 2 pad clearance violations, 1 courtyard conflict. Move the components apart.
LED1 overlaps R44: 1 footprint overlap, 1 pad clearance violation, 1 courtyard conflict. Move the components apart.
LED1 overlaps D9: 1 footprint overlap, 1 pad clearance violation, 1 courtyard conflict. Move the components apart.
LED1 overlaps Q3: 1 footprint overlap, 1 pad clearance violation, 1 courtyard conflict. Move the components apart.
LED1 overlaps Q4: 1 footprint overlap, 1 pad clearance violation, 1 courtyard conflict. Move the components apart.
LED1 overlaps R49: 2 footprint overlaps, 2 pad clearance violations, 1 courtyard conflict. Move the components apart.
LED1 overlaps Q5: 1 footprint overlap, 1 pad clearance violation, 1 courtyard conflict. Move the components apart.
LED1 overlaps SW1: 3 footprint overlaps, 2 pad clearance violations, 1 courtyard conflict. Move the components apart.
J2 overlaps LED1: 4 footprint overlaps, 2 pad clearance violations, 1 courtyard conflict. Move the components apart.
Q2 overlaps R41: 1 footprint overlap, 1 pad clearance violation, 1 courtyard conflict. Move the components apart.
Q2 overlaps R42: 1 footprint overlap, 1 pad clearance violation, 1 courtyard conflict. Move the components apart.
Q2 overlaps R44: 1 footprint overlap, 1 pad clearance violation, 1 courtyard conflict. Move the components apart.
Q2 overlaps D9: 1 footprint overlap, 3 pad clearance violations, 1 courtyard conflict. Move the components apart.
Q2 overlaps Q3: 3 footprint overlaps, 3 pad clearance violations, 1 courtyard conflict. Move the components apart.
Q2 overlaps Q4: 3 footprint overlaps, 3 pad clearance violations, 1 courtyard conflict. Move the components apart.
Q2 overlaps R49: 1 footprint overlap, 1 pad clearance violation, 1 courtyard conflict. Move the components apart.
Q2 overlaps Q5: 3 footprint overlaps, 3 pad clearance violations, 1 courtyard conflict. Move the components apart.
Q2 overlaps SW1: 4 footprint overlaps, 3 pad clearance violations, 1 courtyard conflict. Move the components apart.
J2 overlaps Q2: 5 footprint overlaps, 3 pad clearance violations, 1 courtyard conflict. Move the components apart.
R41 overlaps R42: 2 footprint overlaps, 2 pad clearance violations, 1 courtyard conflict. Move the components apart.
R41 overlaps R43: 2 footprint overlaps, 2 pad clearance violations, 1 courtyard conflict. Move the components apart.
R41 overlaps R44: 2 footprint overlaps, 2 pad clearance violations, 1 courtyard conflict. Move the components apart.
R41 overlaps Q3: 1 footprint overlap, 1 pad clearance violation, 1 courtyard conflict. Move the components apart.
R41 overlaps Q4: 1 footprint overlap, 1 pad clearance violation, 1 courtyard conflict. Move the components apart.
R41 overlaps R49: 2 footprint overlaps, 2 pad clearance violations, 1 courtyard conflict. Move the components apart.
R41 overlaps Q5: 1 footprint overlap, 1 pad clearance violation, 1 courtyard conflict. Move the components apart.
R41 overlaps SW1: 3 footprint overlaps, 2 pad clearance violations, 1 courtyard conflict. Move the components apart.
J2 overlaps R41: 2 footprint overlaps, 2 pad clearance violations, 1 courtyard conflict. Move the components apart.
R42 overlaps R43: 2 footprint overlaps, 2 pad clearance violations, 1 courtyard conflict. Move the components apart.
R42 overlaps R44: 2 footprint overlaps, 2 pad clearance violations, 1 courtyard conflict. Move the components apart.
R42 overlaps Q3: 1 footprint overlap, 1 pad clearance violation, 1 courtyard conflict. Move the components apart.
R42 overlaps Q4: 1 footprint overlap, 1 pad clearance violation, 1 courtyard conflict. Move the components apart.
R42 overlaps R49: 2 footprint overlaps, 2 pad clearance violations, 1 courtyard conflict. Move the components apart.
R42 overlaps Q5: 1 footprint overlap, 1 pad clearance violation, 1 courtyard conflict. Move the components apart.
R42 overlaps SW1: 3 footprint overlaps, 2 pad clearance violations, 1 courtyard conflict. Move the components apart.
J2 overlaps R42: 2 footprint overlaps, 2 pad clearance violations, 1 courtyard conflict. Move the components apart.
R43 overlaps R44: 2 footprint overlaps, 2 pad clearance violations, 1 courtyard conflict. Move the components apart.
R43 overlaps Q3: 1 footprint overlap, 1 pad clearance violation, 1 courtyard conflict. Move the components apart.
R43 overlaps Q4: 1 footprint overlap, 1 pad clearance violation, 1 courtyard conflict. Move the components apart.
R43 overlaps R49: 2 footprint overlaps, 2 pad clearance violations, 1 courtyard conflict. Move the components apart.
R43 overlaps Q5: 1 footprint overlap, 1 pad clearance violation, 1 courtyard conflict. Move the components apart.
R43 overlaps SW1: 3 footprint overlaps, 2 pad clearance violations, 1 courtyard conflict. Move the components apart.
J2 overlaps R43: 2 footprint overlaps, 2 pad clearance violations, 1 courtyard conflict. Move the components apart.
R44 overlaps Q3: 1 footprint overlap, 1 pad clearance violation, 1 courtyard conflict. Move the components apart.
R44 overlaps Q4: 1 footprint overlap, 1 pad clearance violation, 1 courtyard conflict. Move the components apart.
R44 overlaps R49: 1 footprint overlap, 1 pad clearance violation, 1 courtyard conflict. Move the components apart.
R44 overlaps Q5: 1 footprint overlap, 1 pad clearance violation, 1 courtyard conflict. Move the components apart.
R44 overlaps SW1: 3 footprint overlaps, 2 pad clearance violations, 1 courtyard conflict. Move the components apart.
J2 overlaps R44: 2 footprint overlaps, 2 pad clearance violations, 1 courtyard conflict. Move the components apart.
D9 overlaps Q3: 1 footprint overlap, 2 pad clearance violations, 1 courtyard conflict. Move the components apart.
D9 overlaps Q4: 1 footprint overlap, 2 pad clearance violations, 1 courtyard conflict. Move the components apart.
D9 overlaps Q5: 1 footprint overlap, 2 pad clearance violations, 1 courtyard conflict. Move the components apart.
D9 overlaps SW1: 3 footprint overlaps, 2 pad clearance violations, 1 courtyard conflict. Move the components apart.
J2 overlaps D9: 4 footprint overlaps, 2 pad clearance violations, 1 courtyard conflict. Move the components apart.
Q3 overlaps Q4: 2 footprint overlaps, 2 pad clearance violations, 1 courtyard conflict. Move the components apart.
Q3 overlaps R49: 1 footprint overlap, 1 pad clearance violation, 1 courtyard conflict. Move the components apart.
Q3 overlaps Q5: 2 footprint overlaps, 2 pad clearance violations, 1 courtyard conflict. Move the components apart.
Q3 overlaps SW1: 4 footprint overlaps, 3 pad clearance violations, 1 courtyard conflict. Move the components apart.
J2 overlaps Q3: 5 footprint overlaps, 3 pad clearance violations, 1 courtyard conflict. Move the components apart.
R45 overlaps R46: 2 footprint overlaps, 2 pad clearance violations, 1 courtyard conflict. Move the components apart.
R45 overlaps R47: 1 footprint overlap, 1 pad clearance violation, 1 courtyard conflict. Move the components apart.
R45 overlaps R48: 2 footprint overlaps, 2 pad clearance violations, 1 courtyard conflict. Move the components apart.
R45 overlaps RV1: 3 footprint overlaps, 1 courtyard conflict. Move the components apart.
R45 overlaps SW1: 1 footprint overlap, 1 courtyard conflict. Move the components apart.
J2 overlaps R45: 4 footprint overlaps, 2 pad clearance violations, 1 courtyard conflict. Move the components apart.
R46 overlaps R47: 2 footprint overlaps, 2 pad clearance violations, 1 courtyard conflict. Move the components apart.
R46 overlaps R48: 1 footprint overlap, 1 pad clearance violation, 1 courtyard conflict. Move the components apart.
R46 overlaps RV1: 3 footprint overlaps, 1 courtyard conflict. Move the components apart.
R46 overlaps SW1: 1 footprint overlap, 1 courtyard conflict. Move the components apart.
J2 overlaps R46: 4 footprint overlaps, 2 pad clearance violations, 1 courtyard conflict. Move the components apart.
R47 overlaps R48: 2 footprint overlaps, 2 pad clearance violations, 1 courtyard conflict. Move the components apart.
R47 overlaps RV1: 3 footprint overlaps, 1 courtyard conflict. Move the components apart.
R47 overlaps SW1: 1 footprint overlap, 1 courtyard conflict. Move the components apart.
J2 overlaps R47: 4 footprint overlaps, 2 pad clearance violations, 1 courtyard conflict. Move the components apart.
R48 overlaps RV1: 3 footprint overlaps, 1 courtyard conflict. Move the components apart.
R48 overlaps SW1: 1 footprint overlap, 1 courtyard conflict. Move the components apart.
J2 overlaps R48: 4 footprint overlaps, 2 pad clearance violations, 1 courtyard conflict. Move the components apart.
Q4 overlaps R49: 1 footprint overlap, 1 pad clearance violation, 1 courtyard conflict. Move the components apart.
Q4 overlaps Q5: 1 footprint overlap, 1 pad clearance violation, 1 courtyard conflict. Move the components apart.
Q4 overlaps SW1: 4 footprint overlaps, 3 pad clearance violations, 1 courtyard conflict. Move the components apart.
J2 overlaps Q4: 5 footprint overlaps, 3 pad clearance violations, 1 courtyard conflict. Move the components apart.
R49 overlaps Q5: 1 footprint overlap, 1 pad clearance violation, 1 courtyard conflict. Move the components apart.
R49 overlaps SW1: 3 footprint overlaps, 2 pad clearance violations, 1 courtyard conflict. Move the components apart.
J2 overlaps R49: 2 footprint overlaps, 2 pad clearance violations, 1 courtyard conflict. Move the components apart.
Q5 overlaps SW1: 4 footprint overlaps, 3 pad clearance violations, 1 courtyard conflict. Move the components apart.
J2 overlaps Q5: 5 footprint overlaps, 3 pad clearance violations, 1 courtyard conflict. Move the components apart.
RV1 overlaps SW1: 11 footprint overlaps, 1 pad clearance violation, 1 courtyard conflict. Move the components apart.
J2 overlaps RV1: 7 footprint overlaps, 1 courtyard conflict. Move the components apart.
J2 overlaps SW1: 7 footprint overlaps, 2 pad clearance violations, 1 courtyard conflict. Move the components apart.
Pads pcb_port[.U1 > .SCL] and pcb_port[.R45 > .pin2] are too close (clearance: 0.075mm, minimum: 0.1mm)
Pads pcb_port[.U1 > .SCL] and pcb_port[.R46 > .pin2] are too close (clearance: 0.075mm, minimum: 0.1mm)
Pads pcb_port[.U1 > .SCL] and pcb_port[.R47 > .pin2] are too close (clearance: 0.075mm, minimum: 0.1mm)
Pads pcb_port[.U1 > .SCL] and pcb_port[.R48 > .pin2] are too close (clearance: 0.075mm, minimum: 0.1mm)
Pads pcb_port[.U1 > .SDA] and pcb_port[.R45 > .pin2] are too close (clearance: 0.075mm, minimum: 0.1mm)
Pads pcb_port[.U1 > .SDA] and pcb_port[.R46 > .pin2] are too close (clearance: 0.075mm, minimum: 0.1mm)
Pads pcb_port[.U1 > .SDA] and pcb_port[.R47 > .pin2] are too close (clearance: 0.075mm, minimum: 0.1mm)
Pads pcb_port[.U1 > .SDA] and pcb_port[.R48 > .pin2] are too close (clearance: 0.075mm, minimum: 0.1mm)
Pads pcb_port[.U1 > .DISCH] and pcb_port[.R45 > .pin2] are too close (clearance: 0.075mm, minimum: 0.1mm)
Pads pcb_port[.U1 > .DISCH] and pcb_port[.R46 > .pin2] are too close (clearance: 0.075mm, minimum: 0.1mm)
Pads pcb_port[.U1 > .DISCH] and pcb_port[.R47 > .pin2] are too close (clearance: 0.075mm, minimum: 0.1mm)
Pads pcb_port[.U1 > .DISCH] and pcb_port[.R48 > .pin2] are too close (clearance: 0.075mm, minimum: 0.1mm)
Pads pcb_port[.U1 > .GND] and pcb_port[.R45 > .pin2] are too close (clearance: 0.075mm, minimum: 0.1mm)
Pads pcb_port[.U1 > .GND] and pcb_port[.R46 > .pin2] are too close (clearance: 0.075mm, minimum: 0.1mm)
Pads pcb_port[.U1 > .GND] and pcb_port[.R47 > .pin2] are too close (clearance: 0.075mm, minimum: 0.1mm)
Pads pcb_port[.U1 > .GND] and pcb_port[.R48 > .pin2] are too close (clearance: 0.075mm, minimum: 0.1mm)
Pads pcb_port[.U1 > .ATTACH] and pcb_port[.R45 > .pin2] are too close (clearance: 0.075mm, minimum: 0.1mm)
Pads pcb_port[.U1 > .ATTACH] and pcb_port[.R46 > .pin2] are too close (clearance: 0.075mm, minimum: 0.1mm)
Pads pcb_port[.U1 > .ATTACH] and pcb_port[.R47 > .pin2] are too close (clearance: 0.075mm, minimum: 0.1mm)
Pads pcb_port[.U1 > .ATTACH] and pcb_port[.R48 > .pin2] are too close (clearance: 0.075mm, minimum: 0.1mm)
Pads pcb_port[.U1 > .ADDR0] and pcb_port[.R45 > .pin2] are too close (clearance: 0.075mm, minimum: 0.1mm)
Pads pcb_port[.U1 > .ADDR0] and pcb_port[.R46 > .pin2] are too close (clearance: 0.075mm, minimum: 0.1mm)
Pads pcb_port[.U1 > .ADDR0] and pcb_port[.R47 > .pin2] are too close (clearance: 0.075mm, minimum: 0.1mm)
Pads pcb_port[.U1 > .ADDR0] and pcb_port[.R48 > .pin2] are too close (clearance: 0.075mm, minimum: 0.1mm)
Pads pcb_port[.U1 > .ALERT] and pcb_port[.R45 > .pin1] are too close (clearance: 0.075mm, minimum: 0.1mm)
Pads pcb_port[.U1 > .ALERT] and pcb_port[.R46 > .pin1] are too close (clearance: 0.075mm, minimum: 0.1mm)
Pads pcb_port[.U1 > .ALERT] and pcb_port[.R47 > .pin1] are too close (clearance: 0.075mm, minimum: 0.1mm)
Pads pcb_port[.U1 > .ALERT] and pcb_port[.R48 > .pin1] are too close (clearance: 0.075mm, minimum: 0.1mm)
Pads pcb_port[.U1 > .POWER_OK2] and pcb_port[.R45 > .pin1] are too close (clearance: 0.075mm, minimum: 0.1mm)
Pads pcb_port[.U1 > .POWER_OK2] and pcb_port[.R46 > .pin1] are too close (clearance: 0.075mm, minimum: 0.1mm)
Pads pcb_port[.U1 > .POWER_OK2] and pcb_port[.R47 > .pin1] are too close (clearance: 0.075mm, minimum: 0.1mm)
Pads pcb_port[.U1 > .POWER_OK2] and pcb_port[.R48 > .pin1] are too close (clearance: 0.075mm, minimum: 0.1mm)
Pads pcb_port[.U1 > .VREG_1V2] and pcb_port[.R45 > .pin1] are too close (clearance: 0.075mm, minimum: 0.1mm)
Pads pcb_port[.U1 > .VREG_1V2] and pcb_port[.R46 > .pin1] are too close (clearance: 0.075mm, minimum: 0.1mm)
Pads pcb_port[.U1 > .VREG_1V2] and pcb_port[.R47 > .pin1] are too close (clearance: 0.075mm, minimum: 0.1mm)
Pads pcb_port[.U1 > .VREG_1V2] and pcb_port[.R48 > .pin1] are too close (clearance: 0.075mm, minimum: 0.1mm)
Pads pcb_port[.U1 > .VSYS] and pcb_port[.R45 > .pin1] are too close (clearance: 0.075mm, minimum: 0.1mm)
Pads pcb_port[.U1 > .VSYS] and pcb_port[.R46 > .pin1] are too close (clearance: 0.075mm, minimum: 0.1mm)
Pads pcb_port[.U1 > .VSYS] and pcb_port[.R47 > .pin1] are too close (clearance: 0.075mm, minimum: 0.1mm)
Pads pcb_port[.U1 > .VSYS] and pcb_port[.R48 > .pin1] are too close (clearance: 0.075mm, minimum: 0.1mm)
Pads pcb_port[.U1 > .VREG_2V7] and pcb_port[.R45 > .pin1] are too close (clearance: 0.075mm, minimum: 0.1mm)
Pads pcb_port[.U1 > .VREG_2V7] and pcb_port[.R46 > .pin1] are too close (clearance: 0.075mm, minimum: 0.1mm)
Pads pcb_port[.U1 > .VREG_2V7] and pcb_port[.R47 > .pin1] are too close (clearance: 0.075mm, minimum: 0.1mm)
Pads pcb_port[.U1 > .VREG_2V7] and pcb_port[.R48 > .pin1] are too close (clearance: 0.075mm, minimum: 0.1mm)
Pads pcb_port[.U1 > .VDD] and pcb_port[.R45 > .pin1] are too close (clearance: 0.075mm, minimum: 0.1mm)
Pads pcb_port[.U1 > .VDD] and pcb_port[.R46 > .pin1] are too close (clearance: 0.075mm, minimum: 0.1mm)
Pads pcb_port[.U1 > .VDD] and pcb_port[.R47 > .pin1] are too close (clearance: 0.075mm, minimum: 0.1mm)
Pads pcb_port[.U1 > .VDD] and pcb_port[.R48 > .pin1] are too close (clearance: 0.075mm, minimum: 0.1mm)
Pads pcb_port[.U2 > .OUT] and pcb_port[.U4 > .EP] are too close (clearance: 0.008mm, minimum: 0.1mm)
Pads pcb_port[.U2 > .OUT] and pcb_port[.SW2 > .pin1] are too close (clearance: 0.086mm, minimum: 0.1mm)
Pads pcb_port[.U2 > .pin2] and pcb_port[.SW2 > .pin1] are too close (clearance: 0.086mm, minimum: 0.1mm)
Pads pcb_port[.U2 > .pin2] and pcb_port[.U4 > .EP] are too close (clearance: 0.008mm, minimum: 0.1mm)
Pads pcb_port[.U2 > .PG] and pcb_port[.SW2 > .pin2] are too close (clearance: 0.086mm, minimum: 0.1mm)
Pads pcb_port[.U2 > .PG] and pcb_port[.U4 > .EP] are too close (clearance: 0.008mm, minimum: 0.1mm)
Pads pcb_port[.U2 > .GND] and pcb_port[.SW2 > .pin2] are too close (clearance: 0.086mm, minimum: 0.1mm)
Pads pcb_port[.U2 > .IN] and pcb_port[.U4 > .EP] are too close (clearance: 0.008mm, minimum: 0.1mm)
Pads pcb_port[.U2 > .IN] and pcb_port[.SW2 > .pin4] are too close (clearance: 0.086mm, minimum: 0.1mm)
Pads pcb_port[.U2 > .DELAY] and pcb_port[.U4 > .EP] are too close (clearance: 0.008mm, minimum: 0.1mm)
Pads pcb_port[.U2 > .DELAY] and pcb_port[.SW2 > .pin4] are too close (clearance: 0.086mm, minimum: 0.1mm)
Pads pcb_port[.U2 > .NC] and pcb_port[.U4 > .EP] are too close (clearance: 0.008mm, minimum: 0.1mm)
Pads pcb_port[.U2 > .NC] and pcb_port[.SW2 > .pin3] are too close (clearance: 0.086mm, minimum: 0.1mm)
Pads pcb_port[.U2 > .EN] and pcb_port[.U4 > .EP] are too close (clearance: 0.008mm, minimum: 0.1mm)
Pads pcb_port[.U2 > .EN] and pcb_port[.SW2 > .pin3] are too close (clearance: 0.086mm, minimum: 0.1mm)
Pads pcb_port[.U3 > .OUT] and pcb_port[.U4 > .EP] are too close (clearance: 0.008mm, minimum: 0.1mm)
Pads pcb_port[.U3 > .pin2] and pcb_port[.SW2 > .pin1] are too close (clearance: 0.086mm, minimum: 0.1mm)
Pads pcb_port[.U3 > .pin2] and pcb_port[.U4 > .EP] are too close (clearance: 0.008mm, minimum: 0.1mm)
Pads pcb_port[.U3 > .PG] and pcb_port[.SW2 > .pin2] are too close (clearance: 0.086mm, minimum: 0.1mm)
Pads pcb_port[.U3 > .PG] and pcb_port[.U4 > .EP] are too close (clearance: 0.008mm, minimum: 0.1mm)
Pads pcb_port[.U3 > .GND] and pcb_port[.SW2 > .pin2] are too close (clearance: 0.086mm, minimum: 0.1mm)
Pads pcb_port[.U3 > .IN] and pcb_port[.U4 > .EP] are too close (clearance: 0.008mm, minimum: 0.1mm)
Pads pcb_port[.U3 > .IN] and pcb_port[.SW2 > .pin4] are too close (clearance: 0.086mm, minimum: 0.1mm)
Pads pcb_port[.U3 > .DELAY] and pcb_port[.U4 > .EP] are too close (clearance: 0.008mm, minimum: 0.1mm)
Pads pcb_port[.U3 > .DELAY] and pcb_port[.SW2 > .pin4] are too close (clearance: 0.086mm, minimum: 0.1mm)
Pads pcb_port[.U3 > .NC] and pcb_port[.U4 > .EP] are too close (clearance: 0.008mm, minimum: 0.1mm)
Pads pcb_port[.U3 > .NC] and pcb_port[.SW2 > .pin3] are too close (clearance: 0.086mm, minimum: 0.1mm)
Pads pcb_port[.U3 > .EN] and pcb_port[.U4 > .EP] are too close (clearance: 0.008mm, minimum: 0.1mm)
Pads pcb_port[.U3 > .EN] and pcb_port[.SW2 > .pin3] are too close (clearance: 0.086mm, minimum: 0.1mm)
Pads pcb_port[.D1 > .pin1] and pcb_port[.LED2 > .anode] are too close (clearance: 0.037mm, minimum: 0.1mm)
Pads pcb_port[.D1 > .pin1] and pcb_port[.LED3 > .anode] are too close (clearance: 0.037mm, minimum: 0.1mm)
Pads pcb_port[.D1 > .pin1] and pcb_port[.LED1 > .anode] are too close (clearance: 0.037mm, minimum: 0.1mm)
Pads pcb_port[.R1 > .pin2] and pcb_port[.D3 > .anode] are too close (clearance: 0.061mm, minimum: 0.1mm)
Pads pcb_port[.R1 > .pin2] and pcb_port[.D9 > .anode] are too close (clearance: 0.061mm, minimum: 0.1mm)
Pads pcb_port[.R1 > .pin1] and pcb_port[.D3 > .cathode] are too close (clearance: 0.061mm, minimum: 0.1mm)
Pads pcb_port[.R1 > .pin1] and pcb_port[.D9 > .cathode] are too close (clearance: 0.061mm, minimum: 0.1mm)
Pads pcb_port[.D3 > .anode] and pcb_port[.R2 > .pin2] are too close (clearance: 0.061mm, minimum: 0.1mm)
Pads pcb_port[.D3 > .anode] and pcb_port[.R3 > .pin2] are too close (clearance: 0.061mm, minimum: 0.1mm)
Pads pcb_port[.D3 > .anode] and pcb_port[.R57 > .pin2] are too close (clearance: 0.061mm, minimum: 0.1mm)
Pads pcb_port[.D3 > .anode] and pcb_port[.R60 > .pin2] are too close (clearance: 0.061mm, minimum: 0.1mm)
Pads pcb_port[.D3 > .anode] and pcb_port[.R62 > .pin2] are too close (clearance: 0.061mm, minimum: 0.1mm)
Pads pcb_port[.D3 > .anode] and pcb_port[.R66 > .pin2] are too close (clearance: 0.061mm, minimum: 0.1mm)
Pads pcb_port[.D3 > .anode] and pcb_port[.R5 > .pin2] are too close (clearance: 0.061mm, minimum: 0.1mm)
Pads pcb_port[.D3 > .anode] and pcb_port[.R6 > .pin2] are too close (clearance: 0.061mm, minimum: 0.1mm)
Pads pcb_port[.D3 > .anode] and pcb_port[.R7 > .pin2] are too close (clearance: 0.061mm, minimum: 0.1mm)
Pads pcb_port[.D3 > .anode] and pcb_port[.R8 > .pin2] are too close (clearance: 0.061mm, minimum: 0.1mm)
Pads pcb_port[.D3 > .anode] and pcb_port[.R10 > .pin2] are too close (clearance: 0.061mm, minimum: 0.1mm)
Pads pcb_port[.D3 > .anode] and pcb_port[.R11 > .pin2] are too close (clearance: 0.061mm, minimum: 0.1mm)
Pads pcb_port[.D3 > .anode] and pcb_port[.R16 > .pin2] are too close (clearance: 0.061mm, minimum: 0.1mm)
Pads pcb_port[.D3 > .anode] and pcb_port[.R18 > .pin2] are too close (clearance: 0.061mm, minimum: 0.1mm)
Pads pcb_port[.D3 > .anode] and pcb_port[.R55 > .pin2] are too close (clearance: 0.061mm, minimum: 0.1mm)
Pads pcb_port[.D3 > .anode] and pcb_port[.R20 > .pin2] are too close (clearance: 0.061mm, minimum: 0.1mm)
Pads pcb_port[.D3 > .anode] and pcb_port[.R21 > .pin2] are too close (clearance: 0.061mm, minimum: 0.1mm)
Pads pcb_port[.D3 > .anode] and pcb_port[.R22 > .pin2] are too close (clearance: 0.061mm, minimum: 0.1mm)
Pads pcb_port[.D3 > .anode] and pcb_port[.R23 > .pin2] are too close (clearance: 0.061mm, minimum: 0.1mm)
Pads pcb_port[.D3 > .anode] and pcb_port[.R25 > .pin2] are too close (clearance: 0.061mm, minimum: 0.1mm)
Pads pcb_port[.D3 > .anode] and pcb_port[.R26 > .pin2] are too close (clearance: 0.061mm, minimum: 0.1mm)
Pads pcb_port[.D3 > .anode] and pcb_port[.R29 > .pin2] are too close (clearance: 0.061mm, minimum: 0.1mm)
Pads pcb_port[.D3 > .anode] and pcb_port[.R30 > .pin2] are too close (clearance: 0.061mm, minimum: 0.1mm)
Pads pcb_port[.D3 > .anode] and pcb_port[.R31 > .pin2] are too close (clearance: 0.061mm, minimum: 0.1mm)
Pads pcb_port[.D3 > .anode] and pcb_port[.R32 > .pin2] are too close (clearance: 0.061mm, minimum: 0.1mm)
Pads pcb_port[.D3 > .anode] and pcb_port[.R34 > .pin2] are too close (clearance: 0.061mm, minimum: 0.1mm)
Pads pcb_port[.D3 > .anode] and pcb_port[.R39 > .pin2] are too close (clearance: 0.061mm, minimum: 0.1mm)
Pads pcb_port[.D3 > .anode] and pcb_port[.R40 > .pin2] are too close (clearance: 0.061mm, minimum: 0.1mm)
Pads pcb_port[.D3 > .anode] and pcb_port[.R51 > .pin2] are too close (clearance: 0.061mm, minimum: 0.1mm)
Pads pcb_port[.D3 > .anode] and pcb_port[.R41 > .pin2] are too close (clearance: 0.061mm, minimum: 0.1mm)
Pads pcb_port[.D3 > .anode] and pcb_port[.R42 > .pin2] are too close (clearance: 0.061mm, minimum: 0.1mm)
Pads pcb_port[.D3 > .anode] and pcb_port[.R43 > .pin2] are too close (clearance: 0.061mm, minimum: 0.1mm)
Pads pcb_port[.D3 > .anode] and pcb_port[.R49 > .pin2] are too close (clearance: 0.061mm, minimum: 0.1mm)
Pads pcb_port[.D3 > .cathode] and pcb_port[.C18 > .pin1] are too close (clearance: 0.082mm, minimum: 0.1mm)
Pads pcb_port[.D3 > .cathode] and pcb_port[.R2 > .pin1] are too close (clearance: 0.061mm, minimum: 0.1mm)
Pads pcb_port[.D3 > .cathode] and pcb_port[.R3 > .pin1] are too close (clearance: 0.061mm, minimum: 0.1mm)
Pads pcb_port[.D3 > .cathode] and pcb_port[.R4 > .pin1] are too close (clearance: 0.061mm, minimum: 0.1mm)
Pads pcb_port[.D3 > .cathode] and pcb_port[.R56 > .pin1] are too close (clearance: 0.061mm, minimum: 0.1mm)
Pads pcb_port[.D3 > .cathode] and pcb_port[.R57 > .pin1] are too close (clearance: 0.061mm, minimum: 0.1mm)
Pads pcb_port[.D3 > .cathode] and pcb_port[.R58 > .pin1] are too close (clearance: 0.061mm, minimum: 0.1mm)
Pads pcb_port[.D3 > .cathode] and pcb_port[.R59 > .pin1] are too close (clearance: 0.061mm, minimum: 0.1mm)
Pads pcb_port[.D3 > .cathode] and pcb_port[.R60 > .pin1] are too close (clearance: 0.061mm, minimum: 0.1mm)
Pads pcb_port[.D3 > .cathode] and pcb_port[.R61 > .pin1] are too close (clearance: 0.061mm, minimum: 0.1mm)
Pads pcb_port[.D3 > .cathode] and pcb_port[.R62 > .pin1] are too close (clearance: 0.061mm, minimum: 0.1mm)
Pads pcb_port[.D3 > .cathode] and pcb_port[.R63 > .pin1] are too close (clearance: 0.061mm, minimum: 0.1mm)
Pads pcb_port[.D3 > .cathode] and pcb_port[.R64 > .pin1] are too close (clearance: 0.061mm, minimum: 0.1mm)
Pads pcb_port[.D3 > .cathode] and pcb_port[.R66 > .pin1] are too close (clearance: 0.061mm, minimum: 0.1mm)
Pads pcb_port[.D3 > .cathode] and pcb_port[.R67 > .pin1] are too close (clearance: 0.061mm, minimum: 0.1mm)
Pads pcb_port[.D3 > .cathode] and pcb_port[.R5 > .pin1] are too close (clearance: 0.061mm, minimum: 0.1mm)
Pads pcb_port[.D3 > .cathode] and pcb_port[.R6 > .pin1] are too close (clearance: 0.061mm, minimum: 0.1mm)
Pads pcb_port[.D3 > .cathode] and pcb_port[.R7 > .pin1] are too close (clearance: 0.061mm, minimum: 0.1mm)
Pads pcb_port[.D3 > .cathode] and pcb_port[.R8 > .pin1] are too close (clearance: 0.061mm, minimum: 0.1mm)
Pads pcb_port[.D3 > .cathode] and pcb_port[.R9 > .pin1] are too close (clearance: 0.061mm, minimum: 0.1mm)
Pads pcb_port[.D3 > .cathode] and pcb_port[.R10 > .pin1] are too close (clearance: 0.061mm, minimum: 0.1mm)
Pads pcb_port[.D3 > .cathode] and pcb_port[.R11 > .pin1] are too close (clearance: 0.061mm, minimum: 0.1mm)
Pads pcb_port[.D3 > .cathode] and pcb_port[.R12 > .pin1] are too close (clearance: 0.061mm, minimum: 0.1mm)
Pads pcb_port[.D3 > .cathode] and pcb_port[.R13 > .pin1] are too close (clearance: 0.061mm, minimum: 0.1mm)
Pads pcb_port[.D3 > .cathode] and pcb_port[.R16 > .pin1] are too close (clearance: 0.061mm, minimum: 0.1mm)
Pads pcb_port[.D3 > .cathode] and pcb_port[.R17 > .pin1] are too close (clearance: 0.061mm, minimum: 0.1mm)
Pads pcb_port[.D3 > .cathode] and pcb_port[.R18 > .pin1] are too close (clearance: 0.061mm, minimum: 0.1mm)
Pads pcb_port[.D3 > .cathode] and pcb_port[.R55 > .pin1] are too close (clearance: 0.061mm, minimum: 0.1mm)
Pads pcb_port[.D3 > .cathode] and pcb_port[.R19 > .pin1] are too close (clearance: 0.061mm, minimum: 0.1mm)
Pads pcb_port[.D3 > .cathode] and pcb_port[.R20 > .pin1] are too close (clearance: 0.061mm, minimum: 0.1mm)
Pads pcb_port[.D3 > .cathode] and pcb_port[.R21 > .pin1] are too close (clearance: 0.061mm, minimum: 0.1mm)
Pads pcb_port[.D3 > .cathode] and pcb_port[.R22 > .pin1] are too close (clearance: 0.061mm, minimum: 0.1mm)
Pads pcb_port[.D3 > .cathode] and pcb_port[.R23 > .pin1] are too close (clearance: 0.061mm, minimum: 0.1mm)
Pads pcb_port[.D3 > .cathode] and pcb_port[.R24 > .pin1] are too close (clearance: 0.061mm, minimum: 0.1mm)
Pads pcb_port[.D3 > .cathode] and pcb_port[.R25 > .pin1] are too close (clearance: 0.061mm, minimum: 0.1mm)
Pads pcb_port[.D3 > .cathode] and pcb_port[.R26 > .pin1] are too close (clearance: 0.061mm, minimum: 0.1mm)
Pads pcb_port[.D3 > .cathode] and pcb_port[.R29 > .pin1] are too close (clearance: 0.061mm, minimum: 0.1mm)
Pads pcb_port[.D3 > .cathode] and pcb_port[.R30 > .pin1] are too close (clearance: 0.061mm, minimum: 0.1mm)
Pads pcb_port[.D3 > .cathode] and pcb_port[.R31 > .pin1] are too close (clearance: 0.061mm, minimum: 0.1mm)
Pads pcb_port[.D3 > .cathode] and pcb_port[.R32 > .pin1] are too close (clearance: 0.061mm, minimum: 0.1mm)
Pads pcb_port[.D3 > .cathode] and pcb_port[.R33 > .pin1] are too close (clearance: 0.061mm, minimum: 0.1mm)
Pads pcb_port[.D3 > .cathode] and pcb_port[.R34 > .pin1] are too close (clearance: 0.061mm, minimum: 0.1mm)
Pads pcb_port[.D3 > .cathode] and pcb_port[.R39 > .pin1] are too close (clearance: 0.061mm, minimum: 0.1mm)
Pads pcb_port[.D3 > .cathode] and pcb_port[.R65 > .pin1] are too close (clearance: 0.061mm, minimum: 0.1mm)
Pads pcb_port[.D3 > .cathode] and pcb_port[.R40 > .pin1] are too close (clearance: 0.061mm, minimum: 0.1mm)
Pads pcb_port[.D3 > .cathode] and pcb_port[.R51 > .pin1] are too close (clearance: 0.061mm, minimum: 0.1mm)
Pads pcb_port[.D3 > .cathode] and pcb_port[.R41 > .pin1] are too close (clearance: 0.061mm, minimum: 0.1mm)
Pads pcb_port[.D3 > .cathode] and pcb_port[.R42 > .pin1] are too close (clearance: 0.061mm, minimum: 0.1mm)
Pads pcb_port[.D3 > .cathode] and pcb_port[.R43 > .pin1] are too close (clearance: 0.061mm, minimum: 0.1mm)
Pads pcb_port[.D3 > .cathode] and pcb_port[.R44 > .pin1] are too close (clearance: 0.061mm, minimum: 0.1mm)
Pads pcb_port[.D3 > .cathode] and pcb_port[.R49 > .pin1] are too close (clearance: 0.061mm, minimum: 0.1mm)
Pads pcb_port[.R2 > .pin2] and pcb_port[.D9 > .anode] are too close (clearance: 0.061mm, minimum: 0.1mm)
Pads pcb_port[.R2 > .pin1] and pcb_port[.D9 > .cathode] are too close (clearance: 0.061mm, minimum: 0.1mm)
Pads pcb_port[.R3 > .pin2] and pcb_port[.D9 > .anode] are too close (clearance: 0.061mm, minimum: 0.1mm)
Pads pcb_port[.R3 > .pin1] and pcb_port[.D9 > .cathode] are too close (clearance: 0.061mm, minimum: 0.1mm)
Pads pcb_port[.R4 > .pin1] and pcb_port[.D9 > .cathode] are too close (clearance: 0.061mm, minimum: 0.1mm)
Pads pcb_port[.U11 > .PB7] and pcb_port[.L1 > .pin1] are too close (clearance: 0.039mm, minimum: 0.1mm)
Pads pcb_port[.U11 > .PA3] and pcb_port[.L1 > .pin2] are too close (clearance: 0.039mm, minimum: 0.1mm)
Pads pcb_port[.U11 > .PB3] and pcb_port[.L1 > .pin1] are too close (clearance: 0.039mm, minimum: 0.1mm)
Pads pcb_port[.U11 > .PA4] and pcb_port[.L1 > .pin2] are too close (clearance: 0.039mm, minimum: 0.1mm)
Pads pcb_port[.R56 > .pin1] and pcb_port[.D9 > .cathode] are too close (clearance: 0.061mm, minimum: 0.1mm)
Pads pcb_port[.R57 > .pin2] and pcb_port[.D9 > .anode] are too close (clearance: 0.061mm, minimum: 0.1mm)
Pads pcb_port[.R57 > .pin1] and pcb_port[.D9 > .cathode] are too close (clearance: 0.061mm, minimum: 0.1mm)
Pads pcb_port[.R58 > .pin1] and pcb_port[.D9 > .cathode] are too close (clearance: 0.061mm, minimum: 0.1mm)
Pads pcb_port[.R59 > .pin1] and pcb_port[.D9 > .cathode] are too close (clearance: 0.061mm, minimum: 0.1mm)
Pads pcb_port[.R60 > .pin2] and pcb_port[.D9 > .anode] are too close (clearance: 0.061mm, minimum: 0.1mm)
Pads pcb_port[.R60 > .pin1] and pcb_port[.D9 > .cathode] are too close (clearance: 0.061mm, minimum: 0.1mm)
Pads pcb_port[.R61 > .pin1] and pcb_port[.D9 > .cathode] are too close (clearance: 0.061mm, minimum: 0.1mm)
Pads pcb_port[.R62 > .pin2] and pcb_port[.D9 > .anode] are too close (clearance: 0.061mm, minimum: 0.1mm)
Pads pcb_port[.R62 > .pin1] and pcb_port[.D9 > .cathode] are too close (clearance: 0.061mm, minimum: 0.1mm)
Pads pcb_port[.R63 > .pin1] and pcb_port[.D9 > .cathode] are too close (clearance: 0.061mm, minimum: 0.1mm)
Pads pcb_port[.R64 > .pin1] and pcb_port[.D9 > .cathode] are too close (clearance: 0.061mm, minimum: 0.1mm)
Pads pcb_port[.R66 > .pin2] and pcb_port[.D9 > .anode] are too close (clearance: 0.061mm, minimum: 0.1mm)
Pads pcb_port[.R66 > .pin1] and pcb_port[.D9 > .cathode] are too close (clearance: 0.061mm, minimum: 0.1mm)
Pads pcb_port[.R67 > .pin1] and pcb_port[.D9 > .cathode] are too close (clearance: 0.061mm, minimum: 0.1mm)
Pads pcb_port[.R5 > .pin2] and pcb_port[.D9 > .anode] are too close (clearance: 0.061mm, minimum: 0.1mm)
Pads pcb_port[.R5 > .pin1] and pcb_port[.D9 > .cathode] are too close (clearance: 0.061mm, minimum: 0.1mm)
Pads pcb_port[.R6 > .pin2] and pcb_port[.D9 > .anode] are too close (clearance: 0.061mm, minimum: 0.1mm)
Pads pcb_port[.R6 > .pin1] and pcb_port[.D9 > .cathode] are too close (clearance: 0.061mm, minimum: 0.1mm)
Pads pcb_port[.R7 > .pin2] and pcb_port[.D9 > .anode] are too close (clearance: 0.061mm, minimum: 0.1mm)
Pads pcb_port[.R7 > .pin1] and pcb_port[.D9 > .cathode] are too close (clearance: 0.061mm, minimum: 0.1mm)
Pads pcb_port[.R8 > .pin2] and pcb_port[.D9 > .anode] are too close (clearance: 0.061mm, minimum: 0.1mm)
Pads pcb_port[.R8 > .pin1] and pcb_port[.D9 > .cathode] are too close (clearance: 0.061mm, minimum: 0.1mm)
Pads pcb_port[.R9 > .pin1] and pcb_port[.D9 > .cathode] are too close (clearance: 0.061mm, minimum: 0.1mm)
Pads pcb_port[.R10 > .pin2] and pcb_port[.D9 > .anode] are too close (clearance: 0.061mm, minimum: 0.1mm)
Pads pcb_port[.R10 > .pin1] and pcb_port[.D9 > .cathode] are too close (clearance: 0.061mm, minimum: 0.1mm)
Pads pcb_port[.R11 > .pin2] and pcb_port[.D9 > .anode] are too close (clearance: 0.061mm, minimum: 0.1mm)
Pads pcb_port[.R11 > .pin1] and pcb_port[.D9 > .cathode] are too close (clearance: 0.061mm, minimum: 0.1mm)
Pads pcb_port[.R12 > .pin1] and pcb_port[.D9 > .cathode] are too close (clearance: 0.061mm, minimum: 0.1mm)
Pads pcb_port[.R13 > .pin1] and pcb_port[.D9 > .cathode] are too close (clearance: 0.061mm, minimum: 0.1mm)
Pads pcb_port[.R16 > .pin2] and pcb_port[.D9 > .anode] are too close (clearance: 0.061mm, minimum: 0.1mm)
Pads pcb_port[.R16 > .pin1] and pcb_port[.D9 > .cathode] are too close (clearance: 0.061mm, minimum: 0.1mm)
Pads pcb_port[.C13 > .pin2] and pcb_port[.R45 > .pin2] are too close (clearance: 0.09mm, minimum: 0.1mm)
Pads pcb_port[.C13 > .pin2] and pcb_port[.R46 > .pin2] are too close (clearance: 0.09mm, minimum: 0.1mm)
Pads pcb_port[.C13 > .pin2] and pcb_port[.R47 > .pin2] are too close (clearance: 0.09mm, minimum: 0.1mm)
Pads pcb_port[.C13 > .pin2] and pcb_port[.R48 > .pin2] are too close (clearance: 0.09mm, minimum: 0.1mm)
Pads pcb_port[.C13 > .pin1] and pcb_port[.R45 > .pin1] are too close (clearance: 0.09mm, minimum: 0.1mm)
Pads pcb_port[.C13 > .pin1] and pcb_port[.R46 > .pin1] are too close (clearance: 0.09mm, minimum: 0.1mm)
Pads pcb_port[.C13 > .pin1] and pcb_port[.R47 > .pin1] are too close (clearance: 0.09mm, minimum: 0.1mm)
Pads pcb_port[.C13 > .pin1] and pcb_port[.R48 > .pin1] are too close (clearance: 0.09mm, minimum: 0.1mm)
Pads pcb_port[.C14 > .pin2] and pcb_port[.R45 > .pin2] are too close (clearance: 0.09mm, minimum: 0.1mm)
Pads pcb_port[.C14 > .pin2] and pcb_port[.R46 > .pin2] are too close (clearance: 0.09mm, minimum: 0.1mm)
Pads pcb_port[.C14 > .pin2] and pcb_port[.R47 > .pin2] are too close (clearance: 0.09mm, minimum: 0.1mm)
Pads pcb_port[.C14 > .pin2] and pcb_port[.R48 > .pin2] are too close (clearance: 0.09mm, minimum: 0.1mm)
Pads pcb_port[.C14 > .pin1] and pcb_port[.R45 > .pin1] are too close (clearance: 0.09mm, minimum: 0.1mm)
Pads pcb_port[.C14 > .pin1] and pcb_port[.R46 > .pin1] are too close (clearance: 0.09mm, minimum: 0.1mm)
Pads pcb_port[.C14 > .pin1] and pcb_port[.R47 > .pin1] are too close (clearance: 0.09mm, minimum: 0.1mm)
Pads pcb_port[.C14 > .pin1] and pcb_port[.R48 > .pin1] are too close (clearance: 0.09mm, minimum: 0.1mm)
Pads pcb_port[.C16 > .pin2] and pcb_port[.R45 > .pin2] are too close (clearance: 0.09mm, minimum: 0.1mm)
Pads pcb_port[.C16 > .pin2] and pcb_port[.R46 > .pin2] are too close (clearance: 0.09mm, minimum: 0.1mm)
Pads pcb_port[.C16 > .pin2] and pcb_port[.R47 > .pin2] are too close (clearance: 0.09mm, minimum: 0.1mm)
Pads pcb_port[.C16 > .pin2] and pcb_port[.R48 > .pin2] are too close (clearance: 0.09mm, minimum: 0.1mm)
Pads pcb_port[.C16 > .pin1] and pcb_port[.R46 > .pin1] are too close (clearance: 0.09mm, minimum: 0.1mm)
Pads pcb_port[.C16 > .pin1] and pcb_port[.R48 > .pin1] are too close (clearance: 0.09mm, minimum: 0.1mm)
Pads pcb_port[.C17 > .pin2] and pcb_port[.R45 > .pin2] are too close (clearance: 0.09mm, minimum: 0.1mm)
Pads pcb_port[.C17 > .pin2] and pcb_port[.R46 > .pin2] are too close (clearance: 0.09mm, minimum: 0.1mm)
Pads pcb_port[.C17 > .pin2] and pcb_port[.R47 > .pin2] are too close (clearance: 0.09mm, minimum: 0.1mm)
Pads pcb_port[.C17 > .pin2] and pcb_port[.R48 > .pin2] are too close (clearance: 0.09mm, minimum: 0.1mm)
Pads pcb_port[.C17 > .pin1] and pcb_port[.R46 > .pin1] are too close (clearance: 0.09mm, minimum: 0.1mm)
Pads pcb_port[.C17 > .pin1] and pcb_port[.R48 > .pin1] are too close (clearance: 0.09mm, minimum: 0.1mm)
Pads pcb_port[.C18 > .pin1] and pcb_port[.D9 > .cathode] are too close (clearance: 0.082mm, minimum: 0.1mm)
Pads pcb_port[.R17 > .pin1] and pcb_port[.D9 > .cathode] are too close (clearance: 0.061mm, minimum: 0.1mm)
Pads pcb_port[.R18 > .pin2] and pcb_port[.D9 > .anode] are too close (clearance: 0.061mm, minimum: 0.1mm)
Pads pcb_port[.R18 > .pin1] and pcb_port[.D9 > .cathode] are too close (clearance: 0.061mm, minimum: 0.1mm)
Pads pcb_port[.R55 > .pin2] and pcb_port[.D9 > .anode] are too close (clearance: 0.061mm, minimum: 0.1mm)
Pads pcb_port[.R55 > .pin1] and pcb_port[.D9 > .cathode] are too close (clearance: 0.061mm, minimum: 0.1mm)
Pads pcb_port[.R19 > .pin1] and pcb_port[.D9 > .cathode] are too close (clearance: 0.061mm, minimum: 0.1mm)
Pads pcb_port[.R20 > .pin2] and pcb_port[.D9 > .anode] are too close (clearance: 0.061mm, minimum: 0.1mm)
Pads pcb_port[.R20 > .pin1] and pcb_port[.D9 > .cathode] are too close (clearance: 0.061mm, minimum: 0.1mm)
Pads pcb_port[.R21 > .pin2] and pcb_port[.D9 > .anode] are too close (clearance: 0.061mm, minimum: 0.1mm)
Pads pcb_port[.R21 > .pin1] and pcb_port[.D9 > .cathode] are too close (clearance: 0.061mm, minimum: 0.1mm)
Pads pcb_port[.R22 > .pin2] and pcb_port[.D9 > .anode] are too close (clearance: 0.061mm, minimum: 0.1mm)
Pads pcb_port[.R22 > .pin1] and pcb_port[.D9 > .cathode] are too close (clearance: 0.061mm, minimum: 0.1mm)
Pads pcb_port[.R23 > .pin2] and pcb_port[.D9 > .anode] are too close (clearance: 0.061mm, minimum: 0.1mm)
Pads pcb_port[.R23 > .pin1] and pcb_port[.D9 > .cathode] are too close (clearance: 0.061mm, minimum: 0.1mm)
Pads pcb_port[.R24 > .pin1] and pcb_port[.D9 > .cathode] are too close (clearance: 0.061mm, minimum: 0.1mm)
Pads pcb_port[.R25 > .pin2] and pcb_port[.D9 > .anode] are too close (clearance: 0.061mm, minimum: 0.1mm)
Pads pcb_port[.R25 > .pin1] and pcb_port[.D9 > .cathode] are too close (clearance: 0.061mm, minimum: 0.1mm)
Pads pcb_port[.R26 > .pin2] and pcb_port[.D9 > .anode] are too close (clearance: 0.061mm, minimum: 0.1mm)
Pads pcb_port[.R26 > .pin1] and pcb_port[.D9 > .cathode] are too close (clearance: 0.061mm, minimum: 0.1mm)
Pads pcb_port[.R29 > .pin2] and pcb_port[.D9 > .anode] are too close (clearance: 0.061mm, minimum: 0.1mm)
Pads pcb_port[.R29 > .pin1] and pcb_port[.D9 > .cathode] are too close (clearance: 0.061mm, minimum: 0.1mm)
Pads pcb_port[.R30 > .pin2] and pcb_port[.D9 > .anode] are too close (clearance: 0.061mm, minimum: 0.1mm)
Pads pcb_port[.R30 > .pin1] and pcb_port[.D9 > .cathode] are too close (clearance: 0.061mm, minimum: 0.1mm)
Pads pcb_port[.LED2 > .anode] and pcb_port[.D10 > .pin1] are too close (clearance: 0.067mm, minimum: 0.1mm)
Pads pcb_port[.LED2 > .anode] and pcb_port[.D11 > .pin1] are too close (clearance: 0.067mm, minimum: 0.1mm)
Pads pcb_port[.LED2 > .cathode] and pcb_port[.D10 > .pin2] are too close (clearance: 0.067mm, minimum: 0.1mm)
Pads pcb_port[.LED3 > .anode] and pcb_port[.D10 > .pin1] are too close (clearance: 0.067mm, minimum: 0.1mm)
Pads pcb_port[.LED3 > .anode] and pcb_port[.D11 > .pin1] are too close (clearance: 0.067mm, minimum: 0.1mm)
Pads pcb_port[.LED3 > .cathode] and pcb_port[.D10 > .pin2] are too close (clearance: 0.067mm, minimum: 0.1mm)
Pads pcb_port[.R31 > .pin2] and pcb_port[.D9 > .anode] are too close (clearance: 0.061mm, minimum: 0.1mm)
Pads pcb_port[.R31 > .pin1] and pcb_port[.D9 > .cathode] are too close (clearance: 0.061mm, minimum: 0.1mm)
Pads pcb_port[.R32 > .pin2] and pcb_port[.D9 > .anode] are too close (clearance: 0.061mm, minimum: 0.1mm)
Pads pcb_port[.R32 > .pin1] and pcb_port[.D9 > .cathode] are too close (clearance: 0.061mm, minimum: 0.1mm)
Pads pcb_port[.R33 > .pin1] and pcb_port[.D9 > .cathode] are too close (clearance: 0.061mm, minimum: 0.1mm)
Pads pcb_port[.R34 > .pin2] and pcb_port[.D9 > .anode] are too close (clearance: 0.061mm, minimum: 0.1mm)
Pads pcb_port[.R34 > .pin1] and pcb_port[.D9 > .cathode] are too close (clearance: 0.061mm, minimum: 0.1mm)
Pads pcb_port[.R39 > .pin2] and pcb_port[.D9 > .anode] are too close (clearance: 0.061mm, minimum: 0.1mm)
Pads pcb_port[.R39 > .pin1] and pcb_port[.D9 > .cathode] are too close (clearance: 0.061mm, minimum: 0.1mm)
Pads pcb_port[.R65 > .pin1] and pcb_port[.D9 > .cathode] are too close (clearance: 0.061mm, minimum: 0.1mm)
Pads pcb_port[.R40 > .pin2] and pcb_port[.D9 > .anode] are too close (clearance: 0.061mm, minimum: 0.1mm)
Pads pcb_port[.R40 > .pin1] and pcb_port[.D9 > .cathode] are too close (clearance: 0.061mm, minimum: 0.1mm)
Pads pcb_port[.R51 > .pin2] and pcb_port[.D9 > .anode] are too close (clearance: 0.061mm, minimum: 0.1mm)
Pads pcb_port[.R51 > .pin1] and pcb_port[.D9 > .cathode] are too close (clearance: 0.061mm, minimum: 0.1mm)
Pads pcb_port[.C29 > .pin2] and pcb_port[.R45 > .pin2] are too close (clearance: 0.09mm, minimum: 0.1mm)
Pads pcb_port[.C29 > .pin2] and pcb_port[.R46 > .pin2] are too close (clearance: 0.09mm, minimum: 0.1mm)
Pads pcb_port[.C29 > .pin2] and pcb_port[.R47 > .pin2] are too close (clearance: 0.09mm, minimum: 0.1mm)
Pads pcb_port[.C29 > .pin2] and pcb_port[.R48 > .pin2] are too close (clearance: 0.09mm, minimum: 0.1mm)
Pads pcb_port[.C29 > .pin1] and pcb_port[.R46 > .pin1] are too close (clearance: 0.09mm, minimum: 0.1mm)
Pads pcb_port[.C29 > .pin1] and pcb_port[.R48 > .pin1] are too close (clearance: 0.09mm, minimum: 0.1mm)
Pads pcb_port[.D10 > .pin2] and pcb_port[.LED1 > .cathode] are too close (clearance: 0.067mm, minimum: 0.1mm)
Pads pcb_port[.D10 > .pin1] and pcb_port[.LED1 > .anode] are too close (clearance: 0.067mm, minimum: 0.1mm)
Pads pcb_port[.D11 > .pin1] and pcb_port[.LED1 > .anode] are too close (clearance: 0.067mm, minimum: 0.1mm)
Pads pcb_port[.R41 > .pin2] and pcb_port[.D9 > .anode] are too close (clearance: 0.061mm, minimum: 0.1mm)
Pads pcb_port[.R41 > .pin1] and pcb_port[.D9 > .cathode] are too close (clearance: 0.061mm, minimum: 0.1mm)
Pads pcb_port[.R42 > .pin2] and pcb_port[.D9 > .anode] are too close (clearance: 0.061mm, minimum: 0.1mm)
Pads pcb_port[.R42 > .pin1] and pcb_port[.D9 > .cathode] are too close (clearance: 0.061mm, minimum: 0.1mm)
Pads pcb_port[.R43 > .pin2] and pcb_port[.D9 > .anode] are too close (clearance: 0.061mm, minimum: 0.1mm)
Pads pcb_port[.R43 > .pin1] and pcb_port[.D9 > .cathode] are too close (clearance: 0.061mm, minimum: 0.1mm)
Pads pcb_port[.D9 > .anode] and pcb_port[.R49 > .pin2] are too close (clearance: 0.061mm, minimum: 0.1mm)
Courtyard of J1 overlaps with courtyard of D1
Courtyard of J1 overlaps with courtyard of D2
Courtyard of J1 overlaps with courtyard of R1
Courtyard of J1 overlaps with courtyard of D3
Courtyard of J1 overlaps with courtyard of C1
Courtyard of J1 overlaps with courtyard of C2
Courtyard of J1 overlaps with courtyard of C3
Courtyard of J1 overlaps with courtyard of C4
Courtyard of J1 overlaps with courtyard of C5
Courtyard of J1 overlaps with courtyard of C6
Courtyard of J1 overlaps with courtyard of C7
Courtyard of J1 overlaps with courtyard of C8
Courtyard of J1 overlaps with courtyard of R2
Courtyard of J1 overlaps with courtyard of R3
Courtyard of J1 overlaps with courtyard of R4
Courtyard of J1 overlaps with courtyard of SW2
Courtyard of J1 overlaps with courtyard of C30
Courtyard of J1 overlaps with courtyard of C31
Courtyard of J1 overlaps with courtyard of C32
Courtyard of J1 overlaps with courtyard of R56
Courtyard of J1 overlaps with courtyard of R57
Courtyard of J1 overlaps with courtyard of Q6
Courtyard of J1 overlaps with courtyard of R58
Courtyard of J1 overlaps with courtyard of R59
Courtyard of J1 overlaps with courtyard of R60
Courtyard of J1 overlaps with courtyard of R61
Courtyard of J1 overlaps with courtyard of C33
Courtyard of J1 overlaps with courtyard of R62
Courtyard of J1 overlaps with courtyard of Q7
Courtyard of J1 overlaps with courtyard of Q8
Courtyard of J1 overlaps with courtyard of R63
Courtyard of J1 overlaps with courtyard of R64
Courtyard of J1 overlaps with courtyard of R66
Courtyard of J1 overlaps with courtyard of R67
Courtyard of J1 overlaps with courtyard of C34
Courtyard of J1 overlaps with courtyard of Q1
Courtyard of J1 overlaps with courtyard of R5
Courtyard of J1 overlaps with courtyard of R6
Courtyard of J1 overlaps with courtyard of R7
Courtyard of J1 overlaps with courtyard of R8
Courtyard of J1 overlaps with courtyard of R9
Courtyard of J1 overlaps with courtyard of R10
Courtyard of J1 overlaps with courtyard of R11
Courtyard of J1 overlaps with courtyard of R12
Courtyard of J1 overlaps with courtyard of R13
Courtyard of J1 overlaps with courtyard of R16
Courtyard of J1 overlaps with courtyard of C9
Courtyard of J1 overlaps with courtyard of C10
Courtyard of J1 overlaps with courtyard of C11
Courtyard of J1 overlaps with courtyard of C12
Courtyard of J1 overlaps with courtyard of C13
Courtyard of J1 overlaps with courtyard of C14
Courtyard of J1 overlaps with courtyard of C15
Courtyard of J1 overlaps with courtyard of C16
Courtyard of J1 overlaps with courtyard of C17
Courtyard of J1 overlaps with courtyard of R17
Courtyard of J1 overlaps with courtyard of R18
Courtyard of J1 overlaps with courtyard of R55
Courtyard of J1 overlaps with courtyard of R19
Courtyard of J1 overlaps with courtyard of R20
Courtyard of J1 overlaps with courtyard of R21
Courtyard of J1 overlaps with courtyard of R22
Courtyard of J1 overlaps with courtyard of C19
Courtyard of J1 overlaps with courtyard of C20
Courtyard of J1 overlaps with courtyard of R23
Courtyard of J1 overlaps with courtyard of R68
Courtyard of J1 overlaps with courtyard of R24
Courtyard of J1 overlaps with courtyard of R25
Courtyard of J1 overlaps with courtyard of D6
Courtyard of J1 overlaps with courtyard of D7
Courtyard of J1 overlaps with courtyard of R26
Courtyard of J1 overlaps with courtyard of C21
Courtyard of J1 overlaps with courtyard of C22
Courtyard of J1 overlaps with courtyard of C23
Courtyard of J1 overlaps with courtyard of R29
Courtyard of J1 overlaps with courtyard of R30
Courtyard of J1 overlaps with courtyard of LED2
Courtyard of J1 overlaps with courtyard of LED3
Courtyard of J1 overlaps with courtyard of U8
Courtyard of J1 overlaps with courtyard of R31
Courtyard of J1 overlaps with courtyard of R32
Courtyard of J1 overlaps with courtyard of R33
Courtyard of J1 overlaps with courtyard of R34
Courtyard of J1 overlaps with courtyard of D8
Courtyard of J1 overlaps with courtyard of R39
Courtyard of J1 overlaps with courtyard of R65
Courtyard of J1 overlaps with courtyard of R40
Courtyard of J1 overlaps with courtyard of C25
Courtyard of J1 overlaps with courtyard of R50
Courtyard of J1 overlaps with courtyard of R51
Courtyard of J1 overlaps with courtyard of C26
Courtyard of J1 overlaps with courtyard of C27
Courtyard of J1 overlaps with courtyard of C28
Courtyard of J1 overlaps with courtyard of C29
Courtyard of J1 overlaps with courtyard of D10
Courtyard of J1 overlaps with courtyard of D11
Courtyard of J1 overlaps with courtyard of R54
Courtyard of J1 overlaps with courtyard of LED1
Courtyard of J1 overlaps with courtyard of Q2
Courtyard of J1 overlaps with courtyard of R41
Courtyard of J1 overlaps with courtyard of R42
Courtyard of J1 overlaps with courtyard of R43
Courtyard of J1 overlaps with courtyard of R44
Courtyard of J1 overlaps with courtyard of D9
Courtyard of J1 overlaps with courtyard of Q3
Courtyard of J1 overlaps with courtyard of Q4
Courtyard of J1 overlaps with courtyard of R49
Courtyard of J1 overlaps with courtyard of Q5
Courtyard of U1 overlaps with courtyard of SW2
Courtyard of U1 overlaps with courtyard of L1
Courtyard of U1 overlaps with courtyard of R45
Courtyard of U1 overlaps with courtyard of R46
Courtyard of U1 overlaps with courtyard of R47
Courtyard of U1 overlaps with courtyard of R48
Courtyard of U2 overlaps with courtyard of D1
Courtyard of U2 overlaps with courtyard of D3
Courtyard of U2 overlaps with courtyard of SW2
Courtyard of U2 overlaps with courtyard of D4
Courtyard of U2 overlaps with courtyard of U4
Courtyard of U2 overlaps with courtyard of D5
Courtyard of U2 overlaps with courtyard of L1
Courtyard of U2 overlaps with courtyard of C18
Courtyard of U2 overlaps with courtyard of D6
Courtyard of U2 overlaps with courtyard of D7
Courtyard of U2 overlaps with courtyard of D8
Courtyard of U2 overlaps with courtyard of D10
Courtyard of U2 overlaps with courtyard of D11
Courtyard of U2 overlaps with courtyard of D9
Courtyard of U2 overlaps with courtyard of R45
Courtyard of U2 overlaps with courtyard of R46
Courtyard of U2 overlaps with courtyard of R47
Courtyard of U2 overlaps with courtyard of R48
Courtyard of U3 overlaps with courtyard of D1
Courtyard of U3 overlaps with courtyard of D3
Courtyard of U3 overlaps with courtyard of SW2
Courtyard of U3 overlaps with courtyard of D4
Courtyard of U3 overlaps with courtyard of U4
Courtyard of U3 overlaps with courtyard of D5
Courtyard of U3 overlaps with courtyard of L1
Courtyard of U3 overlaps with courtyard of C18
Courtyard of U3 overlaps with courtyard of D6
Courtyard of U3 overlaps with courtyard of D7
Courtyard of U3 overlaps with courtyard of D8
Courtyard of U3 overlaps with courtyard of D10
Courtyard of U3 overlaps with courtyard of D11
Courtyard of U3 overlaps with courtyard of D9
Courtyard of U3 overlaps with courtyard of R45
Courtyard of U3 overlaps with courtyard of R46
Courtyard of U3 overlaps with courtyard of R47
Courtyard of U3 overlaps with courtyard of R48
Courtyard of D1 overlaps with courtyard of R1
Courtyard of D1 overlaps with courtyard of C1
Courtyard of D1 overlaps with courtyard of C2
Courtyard of D1 overlaps with courtyard of C3
Courtyard of D1 overlaps with courtyard of C4
Courtyard of D1 overlaps with courtyard of C5
Courtyard of D1 overlaps with courtyard of C8
Courtyard of D1 overlaps with courtyard of R2
Courtyard of D1 overlaps with courtyard of R3
Courtyard of D1 overlaps with courtyard of R4
Courtyard of D1 overlaps with courtyard of U11
Courtyard of D1 overlaps with courtyard of SW2
Courtyard of D1 overlaps with courtyard of C30
Courtyard of D1 overlaps with courtyard of C32
Courtyard of D1 overlaps with courtyard of R56
Courtyard of D1 overlaps with courtyard of R57
Courtyard of D1 overlaps with courtyard of R58
Courtyard of D1 overlaps with courtyard of R59
Courtyard of D1 overlaps with courtyard of R60
Courtyard of D1 overlaps with courtyard of R61
Courtyard of D1 overlaps with courtyard of C33
Courtyard of D1 overlaps with courtyard of R62
Courtyard of D1 overlaps with courtyard of R63
Courtyard of D1 overlaps with courtyard of R64
Courtyard of D1 overlaps with courtyard of R66
Courtyard of D1 overlaps with courtyard of R67
Courtyard of D1 overlaps with courtyard of C34
Courtyard of D1 overlaps with courtyard of R5
Courtyard of D1 overlaps with courtyard of R6
Courtyard of D1 overlaps with courtyard of R7
Courtyard of D1 overlaps with courtyard of R8
Courtyard of D1 overlaps with courtyard of R9
Courtyard of D1 overlaps with courtyard of R10
Courtyard of D1 overlaps with courtyard of R11
Courtyard of D1 overlaps with courtyard of R12
Courtyard of D1 overlaps with courtyard of R13
Courtyard of D1 overlaps with courtyard of R16
Courtyard of D1 overlaps with courtyard of C9
Courtyard of D1 overlaps with courtyard of C10
Courtyard of D1 overlaps with courtyard of U5
Courtyard of D1 overlaps with courtyard of C12
Courtyard of D1 overlaps with courtyard of C15
Courtyard of D1 overlaps with courtyard of R17
Courtyard of D1 overlaps with courtyard of R18
Courtyard of D1 overlaps with courtyard of R55
Courtyard of D1 overlaps with courtyard of R19
Courtyard of D1 overlaps with courtyard of R20
Courtyard of D1 overlaps with courtyard of R21
Courtyard of D1 overlaps with courtyard of R22
Courtyard of D1 overlaps with courtyard of C19
Courtyard of D1 overlaps with courtyard of C20
Courtyard of D1 overlaps with courtyard of R23
Courtyard of D1 overlaps with courtyard of R24
Courtyard of D1 overlaps with courtyard of U6
Courtyard of D1 overlaps with courtyard of R25
Courtyard of D1 overlaps with courtyard of R26
Courtyard of D1 overlaps with courtyard of C21
Courtyard of D1 overlaps with courtyard of C22
Courtyard of D1 overlaps with courtyard of C23
Courtyard of D1 overlaps with courtyard of R29
Courtyard of D1 overlaps with courtyard of R30
Courtyard of D1 overlaps with courtyard of LED2
Courtyard of D1 overlaps with courtyard of LED3
Courtyard of D1 overlaps with courtyard of R31
Courtyard of D1 overlaps with courtyard of U9
Courtyard of D1 overlaps with courtyard of R32
Courtyard of D1 overlaps with courtyard of R33
Courtyard of D1 overlaps with courtyard of R34
Courtyard of D1 overlaps with courtyard of R39
Courtyard of D1 overlaps with courtyard of R65
Courtyard of D1 overlaps with courtyard of R40
Courtyard of D1 overlaps with courtyard of C25
Courtyard of D1 overlaps with courtyard of R50
Courtyard of D1 overlaps with courtyard of R51
Courtyard of D1 overlaps with courtyard of C26
Courtyard of D1 overlaps with courtyard of C27
Courtyard of D1 overlaps with courtyard of C28
Courtyard of D1 overlaps with courtyard of R54
Courtyard of D1 overlaps with courtyard of LED1
Courtyard of D1 overlaps with courtyard of R41
Courtyard of D1 overlaps with courtyard of R42
Courtyard of D1 overlaps with courtyard of R43
Courtyard of D1 overlaps with courtyard of R44
Courtyard of D1 overlaps with courtyard of R49
Courtyard of D2 overlaps with courtyard of U11
Courtyard of D2 overlaps with courtyard of SW2
Courtyard of D2 overlaps with courtyard of L1
Courtyard of D2 overlaps with courtyard of C18
Courtyard of D2 overlaps with courtyard of U6
Courtyard of D2 overlaps with courtyard of RV1
Courtyard of D2 overlaps with courtyard of U9
Courtyard of D2 overlaps with courtyard of R45
Courtyard of D2 overlaps with courtyard of R46
Courtyard of D2 overlaps with courtyard of R47
Courtyard of D2 overlaps with courtyard of R48
Courtyard of R1 overlaps with courtyard of D3
Courtyard of R1 overlaps with courtyard of U11
Courtyard of R1 overlaps with courtyard of SW2
Courtyard of R1 overlaps with courtyard of D4
Courtyard of R1 overlaps with courtyard of D5
Courtyard of R1 overlaps with courtyard of L1
Courtyard of R1 overlaps with courtyard of C18
Courtyard of R1 overlaps with courtyard of U6
Courtyard of R1 overlaps with courtyard of RV1
Courtyard of R1 overlaps with courtyard of U9
Courtyard of R1 overlaps with courtyard of D10
Courtyard of R1 overlaps with courtyard of D11
Courtyard of R1 overlaps with courtyard of D9
Courtyard of R1 overlaps with courtyard of R45
Courtyard of R1 overlaps with courtyard of R46
Courtyard of R1 overlaps with courtyard of R47
Courtyard of R1 overlaps with courtyard of R48
Courtyard of D3 overlaps with courtyard of C2
Courtyard of D3 overlaps with courtyard of C3
Courtyard of D3 overlaps with courtyard of C4
Courtyard of D3 overlaps with courtyard of C5
Courtyard of D3 overlaps with courtyard of C8
Courtyard of D3 overlaps with courtyard of R2
Courtyard of D3 overlaps with courtyard of R3
Courtyard of D3 overlaps with courtyard of R4
Courtyard of D3 overlaps with courtyard of U11
Courtyard of D3 overlaps with courtyard of SW2
Courtyard of D3 overlaps with courtyard of C30
Courtyard of D3 overlaps with courtyard of C32
Courtyard of D3 overlaps with courtyard of R56
Courtyard of D3 overlaps with courtyard of R57
Courtyard of D3 overlaps with courtyard of R58
Courtyard of D3 overlaps with courtyard of R59
Courtyard of D3 overlaps with courtyard of R60
Courtyard of D3 overlaps with courtyard of R61
Courtyard of D3 overlaps with courtyard of C33
Courtyard of D3 overlaps with courtyard of R62
Courtyard of D3 overlaps with courtyard of R63
Courtyard of D3 overlaps with courtyard of R64
Courtyard of D3 overlaps with courtyard of R66
Courtyard of D3 overlaps with courtyard of R67
Courtyard of D3 overlaps with courtyard of C34
Courtyard of D3 overlaps with courtyard of R5
Courtyard of D3 overlaps with courtyard of R6
Courtyard of D3 overlaps with courtyard of R7
Courtyard of D3 overlaps with courtyard of R8
Courtyard of D3 overlaps with courtyard of R9
Courtyard of D3 overlaps with courtyard of R10
Courtyard of D3 overlaps with courtyard of R11
Courtyard of D3 overlaps with courtyard of R12
Courtyard of D3 overlaps with courtyard of R13
Courtyard of D3 overlaps with courtyard of R16
Courtyard of D3 overlaps with courtyard of C9
Courtyard of D3 overlaps with courtyard of C10
Courtyard of D3 overlaps with courtyard of U5
Courtyard of D3 overlaps with courtyard of L1
Courtyard of D3 overlaps with courtyard of C12
Courtyard of D3 overlaps with courtyard of C15
Courtyard of D3 overlaps with courtyard of C18
Courtyard of D3 overlaps with courtyard of R17
Courtyard of D3 overlaps with courtyard of R18
Courtyard of D3 overlaps with courtyard of R55
Courtyard of D3 overlaps with courtyard of R19
Courtyard of D3 overlaps with courtyard of R20
Courtyard of D3 overlaps with courtyard of R21
Courtyard of D3 overlaps with courtyard of R22
Courtyard of D3 overlaps with courtyard of C19
Courtyard of D3 overlaps with courtyard of C20
Courtyard of D3 overlaps with courtyard of R23
Courtyard of D3 overlaps with courtyard of R24
Courtyard of D3 overlaps with courtyard of U6
Courtyard of D3 overlaps with courtyard of RV1
Courtyard of D3 overlaps with courtyard of R25
Courtyard of D3 overlaps with courtyard of R26
Courtyard of D3 overlaps with courtyard of C21
Courtyard of D3 overlaps with courtyard of C22
Courtyard of D3 overlaps with courtyard of C23
Courtyard of D3 overlaps with courtyard of R29
Courtyard of D3 overlaps with courtyard of R30
Courtyard of D3 overlaps with courtyard of R31
Courtyard of D3 overlaps with courtyard of U9
Courtyard of D3 overlaps with courtyard of R32
Courtyard of D3 overlaps with courtyard of R33
Courtyard of D3 overlaps with courtyard of R34
Courtyard of D3 overlaps with courtyard of R39
Courtyard of D3 overlaps with courtyard of R65
Courtyard of D3 overlaps with courtyard of R40
Courtyard of D3 overlaps with courtyard of C25
Courtyard of D3 overlaps with courtyard of R50
Courtyard of D3 overlaps with courtyard of R51
Courtyard of D3 overlaps with courtyard of C26
Courtyard of D3 overlaps with courtyard of C27
Courtyard of D3 overlaps with courtyard of C28
Courtyard of D3 overlaps with courtyard of R54
Courtyard of D3 overlaps with courtyard of R41
Courtyard of D3 overlaps with courtyard of R42
Courtyard of D3 overlaps with courtyard of R43
Courtyard of D3 overlaps with courtyard of R44
Courtyard of D3 overlaps with courtyard of R45
Courtyard of D3 overlaps with courtyard of R46
Courtyard of D3 overlaps with courtyard of R47
Courtyard of D3 overlaps with courtyard of R48
Courtyard of D3 overlaps with courtyard of R49
Courtyard of C1 overlaps with courtyard of C2
Courtyard of C1 overlaps with courtyard of C3
Courtyard of C1 overlaps with courtyard of U11
Courtyard of C1 overlaps with courtyard of SW2
Courtyard of C1 overlaps with courtyard of L1
Courtyard of C1 overlaps with courtyard of C18
Courtyard of C1 overlaps with courtyard of U6
Courtyard of C1 overlaps with courtyard of RV1
Courtyard of C1 overlaps with courtyard of U9
Courtyard of C1 overlaps with courtyard of R45
Courtyard of C1 overlaps with courtyard of R46
Courtyard of C1 overlaps with courtyard of R47
Courtyard of C1 overlaps with courtyard of R48
Courtyard of C2 overlaps with courtyard of C3
Courtyard of C2 overlaps with courtyard of U11
Courtyard of C2 overlaps with courtyard of SW2
Courtyard of C2 overlaps with courtyard of D4
Courtyard of C2 overlaps with courtyard of D5
Courtyard of C2 overlaps with courtyard of L1
Courtyard of C2 overlaps with courtyard of C18
Courtyard of C2 overlaps with courtyard of U6
Courtyard of C2 overlaps with courtyard of RV1
Courtyard of C2 overlaps with courtyard of U9
Courtyard of C2 overlaps with courtyard of D10
Courtyard of C2 overlaps with courtyard of D11
Courtyard of C2 overlaps with courtyard of D9
Courtyard of C2 overlaps with courtyard of R45
Courtyard of C2 overlaps with courtyard of R46
Courtyard of C2 overlaps with courtyard of R47
Courtyard of C2 overlaps with courtyard of R48
Courtyard of C3 overlaps with courtyard of U11
Courtyard of C3 overlaps with courtyard of SW2
Courtyard of C3 overlaps with courtyard of D4
Courtyard of C3 overlaps with courtyard of D5
Courtyard of C3 overlaps with courtyard of L1
Courtyard of C3 overlaps with courtyard of C18
Courtyard of C3 overlaps with courtyard of U6
Courtyard of C3 overlaps with courtyard of RV1
Courtyard of C3 overlaps with courtyard of U9
Courtyard of C3 overlaps with courtyard of D10
Courtyard of C3 overlaps with courtyard of D11
Courtyard of C3 overlaps with courtyard of D9
Courtyard of C3 overlaps with courtyard of R45
Courtyard of C3 overlaps with courtyard of R46
Courtyard of C3 overlaps with courtyard of R47
Courtyard of C3 overlaps with courtyard of R48
Courtyard of C4 overlaps with courtyard of C8
Courtyard of C4 overlaps with courtyard of U11
Courtyard of C4 overlaps with courtyard of SW2
Courtyard of C4 overlaps with courtyard of D4
Courtyard of C4 overlaps with courtyard of D5
Courtyard of C4 overlaps with courtyard of L1
Courtyard of C4 overlaps with courtyard of C18
Courtyard of C4 overlaps with courtyard of U6
Courtyard of C4 overlaps with courtyard of RV1
Courtyard of C4 overlaps with courtyard of U9
Courtyard of C4 overlaps with courtyard of D10
Courtyard of C4 overlaps with courtyard of D11
Courtyard of C4 overlaps with courtyard of D9
Courtyard of C4 overlaps with courtyard of R45
Courtyard of C4 overlaps with courtyard of R46
Courtyard of C4 overlaps with courtyard of R47
Courtyard of C4 overlaps with courtyard of R48
Courtyard of C5 overlaps with courtyard of U11
Courtyard of C5 overlaps with courtyard of SW2
Courtyard of C5 overlaps with courtyard of C30
Courtyard of C5 overlaps with courtyard of C31
Courtyard of C5 overlaps with courtyard of D4
Courtyard of C5 overlaps with courtyard of D5
Courtyard of C5 overlaps with courtyard of L1
Courtyard of C5 overlaps with courtyard of C18
Courtyard of C5 overlaps with courtyard of U6
Courtyard of C5 overlaps with courtyard of RV1
Courtyard of C5 overlaps with courtyard of C23
Courtyard of C5 overlaps with courtyard of U9
Courtyard of C5 overlaps with courtyard of D10
Courtyard of C5 overlaps with courtyard of D11
Courtyard of C5 overlaps with courtyard of D9
Courtyard of C5 overlaps with courtyard of R45
Courtyard of C5 overlaps with courtyard of R46
Courtyard of C5 overlaps with courtyard of R47
Courtyard of C5 overlaps with courtyard of R48
Courtyard of C6 overlaps with courtyard of U11
Courtyard of C6 overlaps with courtyard of SW2
Courtyard of C6 overlaps with courtyard of L1
Courtyard of C6 overlaps with courtyard of C18
Courtyard of C6 overlaps with courtyard of U6
Courtyard of C6 overlaps with courtyard of RV1
Courtyard of C6 overlaps with courtyard of U9
Courtyard of C6 overlaps with courtyard of R45
Courtyard of C6 overlaps with courtyard of R46
Courtyard of C6 overlaps with courtyard of R47
Courtyard of C6 overlaps with courtyard of R48
Courtyard of C7 overlaps with courtyard of U11
Courtyard of C7 overlaps with courtyard of SW2
Courtyard of C7 overlaps with courtyard of L1
Courtyard of C7 overlaps with courtyard of C18
Courtyard of C7 overlaps with courtyard of U6
Courtyard of C7 overlaps with courtyard of RV1
Courtyard of C7 overlaps with courtyard of U9
Courtyard of C7 overlaps with courtyard of R45
Courtyard of C7 overlaps with courtyard of R46
Courtyard of C7 overlaps with courtyard of R47
Courtyard of C7 overlaps with courtyard of R48
Courtyard of C8 overlaps with courtyard of U11
Courtyard of C8 overlaps with courtyard of SW2
Courtyard of C8 overlaps with courtyard of D4
Courtyard of C8 overlaps with courtyard of D5
Courtyard of C8 overlaps with courtyard of L1
Courtyard of C8 overlaps with courtyard of C18
Courtyard of C8 overlaps with courtyard of U6
Courtyard of C8 overlaps with courtyard of RV1
Courtyard of C8 overlaps with courtyard of U9
Courtyard of C8 overlaps with courtyard of D10
Courtyard of C8 overlaps with courtyard of D11
Courtyard of C8 overlaps with courtyard of D9
Courtyard of C8 overlaps with courtyard of R45
Courtyard of C8 overlaps with courtyard of R46
Courtyard of C8 overlaps with courtyard of R47
Courtyard of C8 overlaps with courtyard of R48
Courtyard of R2 overlaps with courtyard of U11
Courtyard of R2 overlaps with courtyard of SW2
Courtyard of R2 overlaps with courtyard of D4
Courtyard of R2 overlaps with courtyard of D5
Courtyard of R2 overlaps with courtyard of L1
Courtyard of R2 overlaps with courtyard of C18
Courtyard of R2 overlaps with courtyard of U6
Courtyard of R2 overlaps with courtyard of RV1
Courtyard of R2 overlaps with courtyard of U9
Courtyard of R2 overlaps with courtyard of D10
Courtyard of R2 overlaps with courtyard of D11
Courtyard of R2 overlaps with courtyard of D9
Courtyard of R2 overlaps with courtyard of R45
Courtyard of R2 overlaps with courtyard of R46
Courtyard of R2 overlaps with courtyard of R47
Courtyard of R2 overlaps with courtyard of R48
Courtyard of R3 overlaps with courtyard of U11
Courtyard of R3 overlaps with courtyard of SW2
Courtyard of R3 overlaps with courtyard of D4
Courtyard of R3 overlaps with courtyard of D5
Courtyard of R3 overlaps with courtyard of L1
Courtyard of R3 overlaps with courtyard of C18
Courtyard of R3 overlaps with courtyard of U6
Courtyard of R3 overlaps with courtyard of RV1
Courtyard of R3 overlaps with courtyard of U9
Courtyard of R3 overlaps with courtyard of D10
Courtyard of R3 overlaps with courtyard of D11
Courtyard of R3 overlaps with courtyard of D9
Courtyard of R3 overlaps with courtyard of R45
Courtyard of R3 overlaps with courtyard of R46
Courtyard of R3 overlaps with courtyard of R47
Courtyard of R3 overlaps with courtyard of R48
Courtyard of R4 overlaps with courtyard of U11
Courtyard of R4 overlaps with courtyard of SW2
Courtyard of R4 overlaps with courtyard of D4
Courtyard of R4 overlaps with courtyard of D5
Courtyard of R4 overlaps with courtyard of L1
Courtyard of R4 overlaps with courtyard of C18
Courtyard of R4 overlaps with courtyard of U6
Courtyard of R4 overlaps with courtyard of RV1
Courtyard of R4 overlaps with courtyard of U9
Courtyard of R4 overlaps with courtyard of D10
Courtyard of R4 overlaps with courtyard of D11
Courtyard of R4 overlaps with courtyard of D9
Courtyard of R4 overlaps with courtyard of R45
Courtyard of R4 overlaps with courtyard of R46
Courtyard of R4 overlaps with courtyard of R47
Courtyard of R4 overlaps with courtyard of R48
Courtyard of U11 overlaps with courtyard of C30
Courtyard of U11 overlaps with courtyard of C31
Courtyard of U11 overlaps with courtyard of C32
Courtyard of U11 overlaps with courtyard of R56
Courtyard of U11 overlaps with courtyard of R57
Courtyard of U11 overlaps with courtyard of Q6
Courtyard of U11 overlaps with courtyard of R58
Courtyard of U11 overlaps with courtyard of R59
Courtyard of U11 overlaps with courtyard of R60
Courtyard of U11 overlaps with courtyard of R61
Courtyard of U11 overlaps with courtyard of C33
Courtyard of U11 overlaps with courtyard of R62
Courtyard of U11 overlaps with courtyard of Q7
Courtyard of U11 overlaps with courtyard of Q8
Courtyard of U11 overlaps with courtyard of R63
Courtyard of U11 overlaps with courtyard of R64
Courtyard of U11 overlaps with courtyard of R66
Courtyard of U11 overlaps with courtyard of R67
Courtyard of U11 overlaps with courtyard of C34
Courtyard of U11 overlaps with courtyard of D4
Courtyard of U11 overlaps with courtyard of Q1
Courtyard of U11 overlaps with courtyard of R5
Courtyard of U11 overlaps with courtyard of R6
Courtyard of U11 overlaps with courtyard of R7
Courtyard of U11 overlaps with courtyard of R8
Courtyard of U11 overlaps with courtyard of R9
Courtyard of U11 overlaps with courtyard of R10
Courtyard of U11 overlaps with courtyard of R11
Courtyard of U11 overlaps with courtyard of R12
Courtyard of U11 overlaps with courtyard of R13
Courtyard of U11 overlaps with courtyard of R16
Courtyard of U11 overlaps with courtyard of C9
Courtyard of U11 overlaps with courtyard of C10
Courtyard of U11 overlaps with courtyard of C11
Courtyard of U11 overlaps with courtyard of D5
Courtyard of U11 overlaps with courtyard of L1
Courtyard of U11 overlaps with courtyard of C12
Courtyard of U11 overlaps with courtyard of C13
Courtyard of U11 overlaps with courtyard of C14
Courtyard of U11 overlaps with courtyard of C15
Courtyard of U11 overlaps with courtyard of C16
Courtyard of U11 overlaps with courtyard of C17
Courtyard of U11 overlaps with courtyard of C18
Courtyard of U11 overlaps with courtyard of R17
Courtyard of U11 overlaps with courtyard of R18
Courtyard of U11 overlaps with courtyard of R55
Courtyard of U11 overlaps with courtyard of R19
Courtyard of U11 overlaps with courtyard of R20
Courtyard of U11 overlaps with courtyard of R21
Courtyard of U11 overlaps with courtyard of R22
Courtyard of U11 overlaps with courtyard of C19
Courtyard of U11 overlaps with courtyard of C20
Courtyard of U11 overlaps with courtyard of R23
Courtyard of U11 overlaps with courtyard of R68
Courtyard of U11 overlaps with courtyard of R24
Courtyard of U11 overlaps with courtyard of R25
Courtyard of U11 overlaps with courtyard of D6
Courtyard of U11 overlaps with courtyard of D7
Courtyard of U11 overlaps with courtyard of R26
Courtyard of U11 overlaps with courtyard of C21
Courtyard of U11 overlaps with courtyard of C22
Courtyard of U11 overlaps with courtyard of C23
Courtyard of U11 overlaps with courtyard of R29
Courtyard of U11 overlaps with courtyard of R30
Courtyard of U11 overlaps with courtyard of LED2
Courtyard of U11 overlaps with courtyard of LED3
Courtyard of U11 overlaps with courtyard of U8
Courtyard of U11 overlaps with courtyard of R31
Courtyard of U11 overlaps with courtyard of R32
Courtyard of U11 overlaps with courtyard of R33
Courtyard of U11 overlaps with courtyard of R34
Courtyard of U11 overlaps with courtyard of D8
Courtyard of U11 overlaps with courtyard of R39
Courtyard of U11 overlaps with courtyard of R65
Courtyard of U11 overlaps with courtyard of R40
Courtyard of U11 overlaps with courtyard of C25
Courtyard of U11 overlaps with courtyard of R50
Courtyard of U11 overlaps with courtyard of R51
Courtyard of U11 overlaps with courtyard of C26
Courtyard of U11 overlaps with courtyard of C27
Courtyard of U11 overlaps with courtyard of C28
Courtyard of U11 overlaps with courtyard of C29
Courtyard of U11 overlaps with courtyard of D10
Courtyard of U11 overlaps with courtyard of D11
Courtyard of U11 overlaps with courtyard of R54
Courtyard of U11 overlaps with courtyard of LED1
Courtyard of U11 overlaps with courtyard of Q2
Courtyard of U11 overlaps with courtyard of R41
Courtyard of U11 overlaps with courtyard of R42
Courtyard of U11 overlaps with courtyard of R43
Courtyard of U11 overlaps with courtyard of R44
Courtyard of U11 overlaps with courtyard of D9
Courtyard of U11 overlaps with courtyard of Q3
Courtyard of U11 overlaps with courtyard of R45
Courtyard of U11 overlaps with courtyard of R46
Courtyard of U11 overlaps with courtyard of R47
Courtyard of U11 overlaps with courtyard of R48
Courtyard of U11 overlaps with courtyard of Q4
Courtyard of U11 overlaps with courtyard of R49
Courtyard of U11 overlaps with courtyard of Q5
Courtyard of SW2 overlaps with courtyard of C30
Courtyard of SW2 overlaps with courtyard of C31
Courtyard of SW2 overlaps with courtyard of C32
Courtyard of SW2 overlaps with courtyard of R56
Courtyard of SW2 overlaps with courtyard of R57
Courtyard of SW2 overlaps with courtyard of Q6
Courtyard of SW2 overlaps with courtyard of R58
Courtyard of SW2 overlaps with courtyard of R59
Courtyard of SW2 overlaps with courtyard of R60
Courtyard of SW2 overlaps with courtyard of R61
Courtyard of SW2 overlaps with courtyard of C33
Courtyard of SW2 overlaps with courtyard of R62
Courtyard of SW2 overlaps with courtyard of Q7
Courtyard of SW2 overlaps with courtyard of Q8
Courtyard of SW2 overlaps with courtyard of R63
Courtyard of SW2 overlaps with courtyard of R64
Courtyard of SW2 overlaps with courtyard of R66
Courtyard of SW2 overlaps with courtyard of R67
Courtyard of SW2 overlaps with courtyard of C34
Courtyard of SW2 overlaps with courtyard of D4
Courtyard of SW2 overlaps with courtyard of U4
Courtyard of SW2 overlaps with courtyard of Q1
Courtyard of SW2 overlaps with courtyard of R5
Courtyard of SW2 overlaps with courtyard of R6
Courtyard of SW2 overlaps with courtyard of R7
Courtyard of SW2 overlaps with courtyard of R8
Courtyard of SW2 overlaps with courtyard of R9
Courtyard of SW2 overlaps with courtyard of R10
Courtyard of SW2 overlaps with courtyard of R11
Courtyard of SW2 overlaps with courtyard of R12
Courtyard of SW2 overlaps with courtyard of R13
Courtyard of SW2 overlaps with courtyard of R16
Courtyard of SW2 overlaps with courtyard of C9
Courtyard of SW2 overlaps with courtyard of C10
Courtyard of SW2 overlaps with courtyard of C11
Courtyard of SW2 overlaps with courtyard of D5
Courtyard of SW2 overlaps with courtyard of L1
Courtyard of SW2 overlaps with courtyard of C12
Courtyard of SW2 overlaps with courtyard of C13
Courtyard of SW2 overlaps with courtyard of C14
Courtyard of SW2 overlaps with courtyard of C15
Courtyard of SW2 overlaps with courtyard of C16
Courtyard of SW2 overlaps with courtyard of C17
Courtyard of SW2 overlaps with courtyard of C18
Courtyard of SW2 overlaps with courtyard of R17
Courtyard of SW2 overlaps with courtyard of R18
Courtyard of SW2 overlaps with courtyard of R55
Courtyard of SW2 overlaps with courtyard of R19
Courtyard of SW2 overlaps with courtyard of R20
Courtyard of SW2 overlaps with courtyard of R21
Courtyard of SW2 overlaps with courtyard of R22
Courtyard of SW2 overlaps with courtyard of C19
Courtyard of SW2 overlaps with courtyard of C20
Courtyard of SW2 overlaps with courtyard of R23
Courtyard of SW2 overlaps with courtyard of R68
Courtyard of SW2 overlaps with courtyard of R24
Courtyard of SW2 overlaps with courtyard of R25
Courtyard of SW2 overlaps with courtyard of D6
Courtyard of SW2 overlaps with courtyard of D7
Courtyard of SW2 overlaps with courtyard of R26
Courtyard of SW2 overlaps with courtyard of C21
Courtyard of SW2 overlaps with courtyard of C22
Courtyard of SW2 overlaps with courtyard of C23
Courtyard of SW2 overlaps with courtyard of R29
Courtyard of SW2 overlaps with courtyard of R30
Courtyard of SW2 overlaps with courtyard of LED2
Courtyard of SW2 overlaps with courtyard of LED3
Courtyard of SW2 overlaps with courtyard of U8
Courtyard of SW2 overlaps with courtyard of R31
Courtyard of SW2 overlaps with courtyard of R32
Courtyard of SW2 overlaps with courtyard of R33
Courtyard of SW2 overlaps with courtyard of R34
Courtyard of SW2 overlaps with courtyard of D8
Courtyard of SW2 overlaps with courtyard of R39
Courtyard of SW2 overlaps with courtyard of R65
Courtyard of SW2 overlaps with courtyard of R40
Courtyard of SW2 overlaps with courtyard of C25
Courtyard of SW2 overlaps with courtyard of R50
Courtyard of SW2 overlaps with courtyard of R51
Courtyard of SW2 overlaps with courtyard of C26
Courtyard of SW2 overlaps with courtyard of C27
Courtyard of SW2 overlaps with courtyard of C28
Courtyard of SW2 overlaps with courtyard of C29
Courtyard of SW2 overlaps with courtyard of D10
Courtyard of SW2 overlaps with courtyard of D11
Courtyard of SW2 overlaps with courtyard of R54
Courtyard of SW2 overlaps with courtyard of LED1
Courtyard of SW2 overlaps with courtyard of Q2
Courtyard of SW2 overlaps with courtyard of R41
Courtyard of SW2 overlaps with courtyard of R42
Courtyard of SW2 overlaps with courtyard of R43
Courtyard of SW2 overlaps with courtyard of R44
Courtyard of SW2 overlaps with courtyard of D9
Courtyard of SW2 overlaps with courtyard of Q3
Courtyard of SW2 overlaps with courtyard of R45
Courtyard of SW2 overlaps with courtyard of R46
Courtyard of SW2 overlaps with courtyard of R47
Courtyard of SW2 overlaps with courtyard of R48
Courtyard of SW2 overlaps with courtyard of Q4
Courtyard of SW2 overlaps with courtyard of R49
Courtyard of SW2 overlaps with courtyard of Q5
Courtyard of C30 overlaps with courtyard of C31
Courtyard of C30 overlaps with courtyard of D4
Courtyard of C30 overlaps with courtyard of D5
Courtyard of C30 overlaps with courtyard of L1
Courtyard of C30 overlaps with courtyard of C18
Courtyard of C30 overlaps with courtyard of U6
Courtyard of C30 overlaps with courtyard of RV1
Courtyard of C30 overlaps with courtyard of C23
Courtyard of C30 overlaps with courtyard of U9
Courtyard of C30 overlaps with courtyard of D10
Courtyard of C30 overlaps with courtyard of D11
Courtyard of C30 overlaps with courtyard of D9
Courtyard of C30 overlaps with courtyard of R45
Courtyard of C30 overlaps with courtyard of R46
Courtyard of C30 overlaps with courtyard of R47
Courtyard of C30 overlaps with courtyard of R48
Courtyard of C31 overlaps with courtyard of L1
Courtyard of C31 overlaps with courtyard of C18
Courtyard of C31 overlaps with courtyard of U6
Courtyard of C31 overlaps with courtyard of RV1
Courtyard of C31 overlaps with courtyard of C23
Courtyard of C31 overlaps with courtyard of U9
Courtyard of C31 overlaps with courtyard of R45
Courtyard of C31 overlaps with courtyard of R46
Courtyard of C31 overlaps with courtyard of R47
Courtyard of C31 overlaps with courtyard of R48
Courtyard of C32 overlaps with courtyard of D4
Courtyard of C32 overlaps with courtyard of D5
Courtyard of C32 overlaps with courtyard of L1
Courtyard of C32 overlaps with courtyard of C18
Courtyard of C32 overlaps with courtyard of U6
Courtyard of C32 overlaps with courtyard of RV1
Courtyard of C32 overlaps with courtyard of U9
Courtyard of C32 overlaps with courtyard of D10
Courtyard of C32 overlaps with courtyard of D11
Courtyard of C32 overlaps with courtyard of D9
Courtyard of C32 overlaps with courtyard of R45
Courtyard of C32 overlaps with courtyard of R46
Courtyard of C32 overlaps with courtyard of R47
Courtyard of C32 overlaps with courtyard of R48
Courtyard of R56 overlaps with courtyard of D4
Courtyard of R56 overlaps with courtyard of D5
Courtyard of R56 overlaps with courtyard of L1
Courtyard of R56 overlaps with courtyard of C18
Courtyard of R56 overlaps with courtyard of U6
Courtyard of R56 overlaps with courtyard of RV1
Courtyard of R56 overlaps with courtyard of U9
Courtyard of R56 overlaps with courtyard of D10
Courtyard of R56 overlaps with courtyard of D11
Courtyard of R56 overlaps with courtyard of D9
Courtyard of R56 overlaps with courtyard of R45
Courtyard of R56 overlaps with courtyard of R46
Courtyard of R56 overlaps with courtyard of R47
Courtyard of R56 overlaps with courtyard of R48
Courtyard of R57 overlaps with courtyard of D4
Courtyard of R57 overlaps with courtyard of D5
Courtyard of R57 overlaps with courtyard of L1
Courtyard of R57 overlaps with courtyard of C18
Courtyard of R57 overlaps with courtyard of U6
Courtyard of R57 overlaps with courtyard of RV1
Courtyard of R57 overlaps with courtyard of U9
Courtyard of R57 overlaps with courtyard of D10
Courtyard of R57 overlaps with courtyard of D11
Courtyard of R57 overlaps with courtyard of D9
Courtyard of R57 overlaps with courtyard of R45
Courtyard of R57 overlaps with courtyard of R46
Courtyard of R57 overlaps with courtyard of R47
Courtyard of R57 overlaps with courtyard of R48
Courtyard of Q6 overlaps with courtyard of L1
Courtyard of Q6 overlaps with courtyard of C18
Courtyard of Q6 overlaps with courtyard of U6
Courtyard of Q6 overlaps with courtyard of RV1
Courtyard of Q6 overlaps with courtyard of U9
Courtyard of Q6 overlaps with courtyard of R45
Courtyard of Q6 overlaps with courtyard of R46
Courtyard of Q6 overlaps with courtyard of R47
Courtyard of Q6 overlaps with courtyard of R48
Courtyard of R58 overlaps with courtyard of D4
Courtyard of R58 overlaps with courtyard of D5
Courtyard of R58 overlaps with courtyard of L1
Courtyard of R58 overlaps with courtyard of C18
Courtyard of R58 overlaps with courtyard of U6
Courtyard of R58 overlaps with courtyard of RV1
Courtyard of R58 overlaps with courtyard of U9
Courtyard of R58 overlaps with courtyard of D10
Courtyard of R58 overlaps with courtyard of D11
Courtyard of R58 overlaps with courtyard of D9
Courtyard of R58 overlaps with courtyard of R45
Courtyard of R58 overlaps with courtyard of R46
Courtyard of R58 overlaps with courtyard of R47
Courtyard of R58 overlaps with courtyard of R48
Courtyard of R59 overlaps with courtyard of D4
Courtyard of R59 overlaps with courtyard of D5
Courtyard of R59 overlaps with courtyard of L1
Courtyard of R59 overlaps with courtyard of C18
Courtyard of R59 overlaps with courtyard of U6
Courtyard of R59 overlaps with courtyard of RV1
Courtyard of R59 overlaps with courtyard of U9
Courtyard of R59 overlaps with courtyard of D10
Courtyard of R59 overlaps with courtyard of D11
Courtyard of R59 overlaps with courtyard of D9
Courtyard of R59 overlaps with courtyard of R45
Courtyard of R59 overlaps with courtyard of R46
Courtyard of R59 overlaps with courtyard of R47
Courtyard of R59 overlaps with courtyard of R48
Courtyard of R60 overlaps with courtyard of D4
Courtyard of R60 overlaps with courtyard of D5
Courtyard of R60 overlaps with courtyard of L1
Courtyard of R60 overlaps with courtyard of C18
Courtyard of R60 overlaps with courtyard of U6
Courtyard of R60 overlaps with courtyard of RV1
Courtyard of R60 overlaps with courtyard of U9
Courtyard of R60 overlaps with courtyard of D10
Courtyard of R60 overlaps with courtyard of D11
Courtyard of R60 overlaps with courtyard of D9
Courtyard of R60 overlaps with courtyard of R45
Courtyard of R60 overlaps with courtyard of R46
Courtyard of R60 overlaps with courtyard of R47
Courtyard of R60 overlaps with courtyard of R48
Courtyard of R61 overlaps with courtyard of C33
Courtyard of R61 overlaps with courtyard of D4
Courtyard of R61 overlaps with courtyard of D5
Courtyard of R61 overlaps with courtyard of L1
Courtyard of R61 overlaps with courtyard of C18
Courtyard of R61 overlaps with courtyard of U6
Courtyard of R61 overlaps with courtyard of RV1
Courtyard of R61 overlaps with courtyard of U9
Courtyard of R61 overlaps with courtyard of D10
Courtyard of R61 overlaps with courtyard of D11
Courtyard of R61 overlaps with courtyard of D9
Courtyard of R61 overlaps with courtyard of R45
Courtyard of R61 overlaps with courtyard of R46
Courtyard of R61 overlaps with courtyard of R47
Courtyard of R61 overlaps with courtyard of R48
Courtyard of C33 overlaps with courtyard of D4
Courtyard of C33 overlaps with courtyard of D5
Courtyard of C33 overlaps with courtyard of L1
Courtyard of C33 overlaps with courtyard of C18
Courtyard of C33 overlaps with courtyard of U6
Courtyard of C33 overlaps with courtyard of RV1
Courtyard of C33 overlaps with courtyard of U9
Courtyard of C33 overlaps with courtyard of D10
Courtyard of C33 overlaps with courtyard of D11
Courtyard of C33 overlaps with courtyard of D9
Courtyard of C33 overlaps with courtyard of R45
Courtyard of C33 overlaps with courtyard of R46
Courtyard of C33 overlaps with courtyard of R47
Courtyard of C33 overlaps with courtyard of R48
Courtyard of R62 overlaps with courtyard of D4
Courtyard of R62 overlaps with courtyard of D5
Courtyard of R62 overlaps with courtyard of L1
Courtyard of R62 overlaps with courtyard of C18
Courtyard of R62 overlaps with courtyard of U6
Courtyard of R62 overlaps with courtyard of RV1
Courtyard of R62 overlaps with courtyard of U9
Courtyard of R62 overlaps with courtyard of D10
Courtyard of R62 overlaps with courtyard of D11
Courtyard of R62 overlaps with courtyard of D9
Courtyard of R62 overlaps with courtyard of R45
Courtyard of R62 overlaps with courtyard of R46
Courtyard of R62 overlaps with courtyard of R47
Courtyard of R62 overlaps with courtyard of R48
Courtyard of Q7 overlaps with courtyard of L1
Courtyard of Q7 overlaps with courtyard of C18
Courtyard of Q7 overlaps with courtyard of U6
Courtyard of Q7 overlaps with courtyard of RV1
Courtyard of Q7 overlaps with courtyard of U9
Courtyard of Q7 overlaps with courtyard of R45
Courtyard of Q7 overlaps with courtyard of R46
Courtyard of Q7 overlaps with courtyard of R47
Courtyard of Q7 overlaps with courtyard of R48
Courtyard of Q8 overlaps with courtyard of L1
Courtyard of Q8 overlaps with courtyard of C18
Courtyard of Q8 overlaps with courtyard of U6
Courtyard of Q8 overlaps with courtyard of RV1
Courtyard of Q8 overlaps with courtyard of U9
Courtyard of Q8 overlaps with courtyard of R45
Courtyard of Q8 overlaps with courtyard of R46
Courtyard of Q8 overlaps with courtyard of R47
Courtyard of Q8 overlaps with courtyard of R48
Courtyard of R63 overlaps with courtyard of D4
Courtyard of R63 overlaps with courtyard of D5
Courtyard of R63 overlaps with courtyard of L1
Courtyard of R63 overlaps with courtyard of C18
Courtyard of R63 overlaps with courtyard of U6
Courtyard of R63 overlaps with courtyard of RV1
Courtyard of R63 overlaps with courtyard of U9
Courtyard of R63 overlaps with courtyard of D10
Courtyard of R63 overlaps with courtyard of D11
Courtyard of R63 overlaps with courtyard of D9
Courtyard of R63 overlaps with courtyard of R45
Courtyard of R63 overlaps with courtyard of R46
Courtyard of R63 overlaps with courtyard of R47
Courtyard of R63 overlaps with courtyard of R48
Courtyard of R64 overlaps with courtyard of D4
Courtyard of R64 overlaps with courtyard of D5
Courtyard of R64 overlaps with courtyard of L1
Courtyard of R64 overlaps with courtyard of C18
Courtyard of R64 overlaps with courtyard of U6
Courtyard of R64 overlaps with courtyard of RV1
Courtyard of R64 overlaps with courtyard of U9
Courtyard of R64 overlaps with courtyard of D10
Courtyard of R64 overlaps with courtyard of D11
Courtyard of R64 overlaps with courtyard of D9
Courtyard of R64 overlaps with courtyard of R45
Courtyard of R64 overlaps with courtyard of R46
Courtyard of R64 overlaps with courtyard of R47
Courtyard of R64 overlaps with courtyard of R48
Courtyard of R66 overlaps with courtyard of D4
Courtyard of R66 overlaps with courtyard of D5
Courtyard of R66 overlaps with courtyard of L1
Courtyard of R66 overlaps with courtyard of C18
Courtyard of R66 overlaps with courtyard of U6
Courtyard of R66 overlaps with courtyard of RV1
Courtyard of R66 overlaps with courtyard of U9
Courtyard of R66 overlaps with courtyard of D10
Courtyard of R66 overlaps with courtyard of D11
Courtyard of R66 overlaps with courtyard of D9
Courtyard of R66 overlaps with courtyard of R45
Courtyard of R66 overlaps with courtyard of R46
Courtyard of R66 overlaps with courtyard of R47
Courtyard of R66 overlaps with courtyard of R48
Courtyard of R67 overlaps with courtyard of C34
Courtyard of R67 overlaps with courtyard of D4
Courtyard of R67 overlaps with courtyard of D5
Courtyard of R67 overlaps with courtyard of L1
Courtyard of R67 overlaps with courtyard of C18
Courtyard of R67 overlaps with courtyard of U6
Courtyard of R67 overlaps with courtyard of RV1
Courtyard of R67 overlaps with courtyard of U9
Courtyard of R67 overlaps with courtyard of D10
Courtyard of R67 overlaps with courtyard of D11
Courtyard of R67 overlaps with courtyard of D9
Courtyard of R67 overlaps with courtyard of R45
Courtyard of R67 overlaps with courtyard of R46
Courtyard of R67 overlaps with courtyard of R47
Courtyard of R67 overlaps with courtyard of R48
Courtyard of C34 overlaps with courtyard of D4
Courtyard of C34 overlaps with courtyard of D5
Courtyard of C34 overlaps with courtyard of L1
Courtyard of C34 overlaps with courtyard of C18
Courtyard of C34 overlaps with courtyard of U6
Courtyard of C34 overlaps with courtyard of RV1
Courtyard of C34 overlaps with courtyard of U9
Courtyard of C34 overlaps with courtyard of D10
Courtyard of C34 overlaps with courtyard of D11
Courtyard of C34 overlaps with courtyard of D9
Courtyard of C34 overlaps with courtyard of R45
Courtyard of C34 overlaps with courtyard of R46
Courtyard of C34 overlaps with courtyard of R47
Courtyard of C34 overlaps with courtyard of R48
Courtyard of D4 overlaps with courtyard of R5
Courtyard of D4 overlaps with courtyard of R6
Courtyard of D4 overlaps with courtyard of R7
Courtyard of D4 overlaps with courtyard of R8
Courtyard of D4 overlaps with courtyard of R9
Courtyard of D4 overlaps with courtyard of R10
Courtyard of D4 overlaps with courtyard of R11
Courtyard of D4 overlaps with courtyard of R12
Courtyard of D4 overlaps with courtyard of R13
Courtyard of D4 overlaps with courtyard of R16
Courtyard of D4 overlaps with courtyard of C9
Courtyard of D4 overlaps with courtyard of C10
Courtyard of D4 overlaps with courtyard of U5
Courtyard of D4 overlaps with courtyard of C12
Courtyard of D4 overlaps with courtyard of C15
Courtyard of D4 overlaps with courtyard of R17
Courtyard of D4 overlaps with courtyard of R18
Courtyard of D4 overlaps with courtyard of R55
Courtyard of D4 overlaps with courtyard of R19
Courtyard of D4 overlaps with courtyard of R20
Courtyard of D4 overlaps with courtyard of R21
Courtyard of D4 overlaps with courtyard of R22
Courtyard of D4 overlaps with courtyard of C19
Courtyard of D4 overlaps with courtyard of C20
Courtyard of D4 overlaps with courtyard of R23
Courtyard of D4 overlaps with courtyard of R24
Courtyard of D4 overlaps with courtyard of U6
Courtyard of D4 overlaps with courtyard of RV1
Courtyard of D4 overlaps with courtyard of R25
Courtyard of D4 overlaps with courtyard of R26
Courtyard of D4 overlaps with courtyard of C21
Courtyard of D4 overlaps with courtyard of C22
Courtyard of D4 overlaps with courtyard of C23
Courtyard of D4 overlaps with courtyard of R29
Courtyard of D4 overlaps with courtyard of R30
Courtyard of D4 overlaps with courtyard of LED2
Courtyard of D4 overlaps with courtyard of LED3
Courtyard of D4 overlaps with courtyard of R31
Courtyard of D4 overlaps with courtyard of U9
Courtyard of D4 overlaps with courtyard of R32
Courtyard of D4 overlaps with courtyard of R33
Courtyard of D4 overlaps with courtyard of R34
Courtyard of D4 overlaps with courtyard of R39
Courtyard of D4 overlaps with courtyard of R65
Courtyard of D4 overlaps with courtyard of R40
Courtyard of D4 overlaps with courtyard of C25
Courtyard of D4 overlaps with courtyard of R50
Courtyard of D4 overlaps with courtyard of R51
Courtyard of D4 overlaps with courtyard of C26
Courtyard of D4 overlaps with courtyard of C27
Courtyard of D4 overlaps with courtyard of C28
Courtyard of D4 overlaps with courtyard of R54
Courtyard of D4 overlaps with courtyard of LED1
Courtyard of D4 overlaps with courtyard of R41
Courtyard of D4 overlaps with courtyard of R42
Courtyard of D4 overlaps with courtyard of R43
Courtyard of D4 overlaps with courtyard of R44
Courtyard of D4 overlaps with courtyard of R49
Courtyard of Q1 overlaps with courtyard of L1
Courtyard of Q1 overlaps with courtyard of C18
Courtyard of Q1 overlaps with courtyard of U6
Courtyard of Q1 overlaps with courtyard of RV1
Courtyard of Q1 overlaps with courtyard of U9
Courtyard of Q1 overlaps with courtyard of R45
Courtyard of Q1 overlaps with courtyard of R46
Courtyard of Q1 overlaps with courtyard of R47
Courtyard of Q1 overlaps with courtyard of R48
Courtyard of R5 overlaps with courtyard of D5
Courtyard of R5 overlaps with courtyard of L1
Courtyard of R5 overlaps with courtyard of C18
Courtyard of R5 overlaps with courtyard of U6
Courtyard of R5 overlaps with courtyard of RV1
Courtyard of R5 overlaps with courtyard of U9
Courtyard of R5 overlaps with courtyard of D10
Courtyard of R5 overlaps with courtyard of D11
Courtyard of R5 overlaps with courtyard of D9
Courtyard of R5 overlaps with courtyard of R45
Courtyard of R5 overlaps with courtyard of R46
Courtyard of R5 overlaps with courtyard of R47
Courtyard of R5 overlaps with courtyard of R48
Courtyard of R6 overlaps with courtyard of D5
Courtyard of R6 overlaps with courtyard of L1
Courtyard of R6 overlaps with courtyard of C18
Courtyard of R6 overlaps with courtyard of U6
Courtyard of R6 overlaps with courtyard of RV1
Courtyard of R6 overlaps with courtyard of U9
Courtyard of R6 overlaps with courtyard of D10
Courtyard of R6 overlaps with courtyard of D11
Courtyard of R6 overlaps with courtyard of D9
Courtyard of R6 overlaps with courtyard of R45
Courtyard of R6 overlaps with courtyard of R46
Courtyard of R6 overlaps with courtyard of R47
Courtyard of R6 overlaps with courtyard of R48
Courtyard of R7 overlaps with courtyard of D5
Courtyard of R7 overlaps with courtyard of L1
Courtyard of R7 overlaps with courtyard of C18
Courtyard of R7 overlaps with courtyard of U6
Courtyard of R7 overlaps with courtyard of RV1
Courtyard of R7 overlaps with courtyard of U9
Courtyard of R7 overlaps with courtyard of D10
Courtyard of R7 overlaps with courtyard of D11
Courtyard of R7 overlaps with courtyard of D9
Courtyard of R7 overlaps with courtyard of R45
Courtyard of R7 overlaps with courtyard of R46
Courtyard of R7 overlaps with courtyard of R47
Courtyard of R7 overlaps with courtyard of R48
Courtyard of R8 overlaps with courtyard of D5
Courtyard of R8 overlaps with courtyard of L1
Courtyard of R8 overlaps with courtyard of C18
Courtyard of R8 overlaps with courtyard of U6
Courtyard of R8 overlaps with courtyard of RV1
Courtyard of R8 overlaps with courtyard of U9
Courtyard of R8 overlaps with courtyard of D10
Courtyard of R8 overlaps with courtyard of D11
Courtyard of R8 overlaps with courtyard of D9
Courtyard of R8 overlaps with courtyard of R45
Courtyard of R8 overlaps with courtyard of R46
Courtyard of R8 overlaps with courtyard of R47
Courtyard of R8 overlaps with courtyard of R48
Courtyard of R9 overlaps with courtyard of D5
Courtyard of R9 overlaps with courtyard of L1
Courtyard of R9 overlaps with courtyard of C18
Courtyard of R9 overlaps with courtyard of U6
Courtyard of R9 overlaps with courtyard of RV1
Courtyard of R9 overlaps with courtyard of U9
Courtyard of R9 overlaps with courtyard of D10
Courtyard of R9 overlaps with courtyard of D11
Courtyard of R9 overlaps with courtyard of D9
Courtyard of R9 overlaps with courtyard of R45
Courtyard of R9 overlaps with courtyard of R46
Courtyard of R9 overlaps with courtyard of R47
Courtyard of R9 overlaps with courtyard of R48
Courtyard of R10 overlaps with courtyard of D5
Courtyard of R10 overlaps with courtyard of L1
Courtyard of R10 overlaps with courtyard of C18
Courtyard of R10 overlaps with courtyard of U6
Courtyard of R10 overlaps with courtyard of RV1
Courtyard of R10 overlaps with courtyard of U9
Courtyard of R10 overlaps with courtyard of D10
Courtyard of R10 overlaps with courtyard of D11
Courtyard of R10 overlaps with courtyard of D9
Courtyard of R10 overlaps with courtyard of R45
Courtyard of R10 overlaps with courtyard of R46
Courtyard of R10 overlaps with courtyard of R47
Courtyard of R10 overlaps with courtyard of R48
Courtyard of R11 overlaps with courtyard of D5
Courtyard of R11 overlaps with courtyard of L1
Courtyard of R11 overlaps with courtyard of C18
Courtyard of R11 overlaps with courtyard of U6
Courtyard of R11 overlaps with courtyard of RV1
Courtyard of R11 overlaps with courtyard of U9
Courtyard of R11 overlaps with courtyard of D10
Courtyard of R11 overlaps with courtyard of D11
Courtyard of R11 overlaps with courtyard of D9
Courtyard of R11 overlaps with courtyard of R45
Courtyard of R11 overlaps with courtyard of R46
Courtyard of R11 overlaps with courtyard of R47
Courtyard of R11 overlaps with courtyard of R48
Courtyard of R12 overlaps with courtyard of D5
Courtyard of R12 overlaps with courtyard of L1
Courtyard of R12 overlaps with courtyard of C18
Courtyard of R12 overlaps with courtyard of U6
Courtyard of R12 overlaps with courtyard of RV1
Courtyard of R12 overlaps with courtyard of U9
Courtyard of R12 overlaps with courtyard of D10
Courtyard of R12 overlaps with courtyard of D11
Courtyard of R12 overlaps with courtyard of D9
Courtyard of R12 overlaps with courtyard of R45
Courtyard of R12 overlaps with courtyard of R46
Courtyard of R12 overlaps with courtyard of R47
Courtyard of R12 overlaps with courtyard of R48
Courtyard of R13 overlaps with courtyard of D5
Courtyard of R13 overlaps with courtyard of L1
Courtyard of R13 overlaps with courtyard of C18
Courtyard of R13 overlaps with courtyard of U6
Courtyard of R13 overlaps with courtyard of RV1
Courtyard of R13 overlaps with courtyard of U9
Courtyard of R13 overlaps with courtyard of D10
Courtyard of R13 overlaps with courtyard of D11
Courtyard of R13 overlaps with courtyard of D9
Courtyard of R13 overlaps with courtyard of R45
Courtyard of R13 overlaps with courtyard of R46
Courtyard of R13 overlaps with courtyard of R47
Courtyard of R13 overlaps with courtyard of R48
Courtyard of R16 overlaps with courtyard of D5
Courtyard of R16 overlaps with courtyard of L1
Courtyard of R16 overlaps with courtyard of C18
Courtyard of R16 overlaps with courtyard of U6
Courtyard of R16 overlaps with courtyard of RV1
Courtyard of R16 overlaps with courtyard of U9
Courtyard of R16 overlaps with courtyard of D10
Courtyard of R16 overlaps with courtyard of D11
Courtyard of R16 overlaps with courtyard of D9
Courtyard of R16 overlaps with courtyard of R45
Courtyard of R16 overlaps with courtyard of R46
Courtyard of R16 overlaps with courtyard of R47
Courtyard of R16 overlaps with courtyard of R48
Courtyard of C9 overlaps with courtyard of D5
Courtyard of C9 overlaps with courtyard of L1
Courtyard of C9 overlaps with courtyard of C18
Courtyard of C9 overlaps with courtyard of U6
Courtyard of C9 overlaps with courtyard of RV1
Courtyard of C9 overlaps with courtyard of U9
Courtyard of C9 overlaps with courtyard of D10
Courtyard of C9 overlaps with courtyard of D11
Courtyard of C9 overlaps with courtyard of D9
Courtyard of C9 overlaps with courtyard of R45
Courtyard of C9 overlaps with courtyard of R46
Courtyard of C9 overlaps with courtyard of R47
Courtyard of C9 overlaps with courtyard of R48
Courtyard of C10 overlaps with courtyard of D5
Courtyard of C10 overlaps with courtyard of L1
Courtyard of C10 overlaps with courtyard of C18
Courtyard of C10 overlaps with courtyard of U6
Courtyard of C10 overlaps with courtyard of RV1
Courtyard of C10 overlaps with courtyard of U9
Courtyard of C10 overlaps with courtyard of D10
Courtyard of C10 overlaps with courtyard of D11
Courtyard of C10 overlaps with courtyard of D9
Courtyard of C10 overlaps with courtyard of R45
Courtyard of C10 overlaps with courtyard of R46
Courtyard of C10 overlaps with courtyard of R47
Courtyard of C10 overlaps with courtyard of R48
Courtyard of C11 overlaps with courtyard of L1
Courtyard of C11 overlaps with courtyard of C13
Courtyard of C11 overlaps with courtyard of C14
Courtyard of C11 overlaps with courtyard of C15
Courtyard of C11 overlaps with courtyard of C18
Courtyard of C11 overlaps with courtyard of U6
Courtyard of C11 overlaps with courtyard of RV1
Courtyard of C11 overlaps with courtyard of U9
Courtyard of C11 overlaps with courtyard of R45
Courtyard of C11 overlaps with courtyard of R46
Courtyard of C11 overlaps with courtyard of R47
Courtyard of C11 overlaps with courtyard of R48
Courtyard of U5 overlaps with courtyard of D5
Courtyard of U5 overlaps with courtyard of L1
Courtyard of U5 overlaps with courtyard of C18
Courtyard of U5 overlaps with courtyard of D6
Courtyard of U5 overlaps with courtyard of D7
Courtyard of U5 overlaps with courtyard of D8
Courtyard of U5 overlaps with courtyard of D10
Courtyard of U5 overlaps with courtyard of D11
Courtyard of U5 overlaps with courtyard of D9
Courtyard of U5 overlaps with courtyard of R45
Courtyard of U5 overlaps with courtyard of R46
Courtyard of U5 overlaps with courtyard of R47
Courtyard of U5 overlaps with courtyard of R48
Courtyard of D5 overlaps with courtyard of C12
Courtyard of D5 overlaps with courtyard of C15
Courtyard of D5 overlaps with courtyard of R17
Courtyard of D5 overlaps with courtyard of R18
Courtyard of D5 overlaps with courtyard of R55
Courtyard of D5 overlaps with courtyard of R19
Courtyard of D5 overlaps with courtyard of R20
Courtyard of D5 overlaps with courtyard of R21
Courtyard of D5 overlaps with courtyard of R22
Courtyard of D5 overlaps with courtyard of C19
Courtyard of D5 overlaps with courtyard of C20
Courtyard of D5 overlaps with courtyard of R23
Courtyard of D5 overlaps with courtyard of R24
Courtyard of D5 overlaps with courtyard of U6
Courtyard of D5 overlaps with courtyard of RV1
Courtyard of D5 overlaps with courtyard of R25
Courtyard of D5 overlaps with courtyard of R26
Courtyard of D5 overlaps with courtyard of C21
Courtyard of D5 overlaps with courtyard of C22
Courtyard of D5 overlaps with courtyard of C23
Courtyard of D5 overlaps with courtyard of R29
Courtyard of D5 overlaps with courtyard of R30
Courtyard of D5 overlaps with courtyard of LED2
Courtyard of D5 overlaps with courtyard of LED3
Courtyard of D5 overlaps with courtyard of R31
Courtyard of D5 overlaps with courtyard of U9
Courtyard of D5 overlaps with courtyard of R32
Courtyard of D5 overlaps with courtyard of R33
Courtyard of D5 overlaps with courtyard of R34
Courtyard of D5 overlaps with courtyard of R39
Courtyard of D5 overlaps with courtyard of R65
Courtyard of D5 overlaps with courtyard of R40
Courtyard of D5 overlaps with courtyard of C25
Courtyard of D5 overlaps with courtyard of R50
Courtyard of D5 overlaps with courtyard of R51
Courtyard of D5 overlaps with courtyard of C26
Courtyard of D5 overlaps with courtyard of C27
Courtyard of D5 overlaps with courtyard of C28
Courtyard of D5 overlaps with courtyard of R54
Courtyard of D5 overlaps with courtyard of LED1
Courtyard of D5 overlaps with courtyard of R41
Courtyard of D5 overlaps with courtyard of R42
Courtyard of D5 overlaps with courtyard of R43
Courtyard of D5 overlaps with courtyard of R44
Courtyard of D5 overlaps with courtyard of R49
Courtyard of L1 overlaps with courtyard of C12
Courtyard of L1 overlaps with courtyard of C13
Courtyard of L1 overlaps with courtyard of C14
Courtyard of L1 overlaps with courtyard of C15
Courtyard of L1 overlaps with courtyard of C16
Courtyard of L1 overlaps with courtyard of C17
Courtyard of L1 overlaps with courtyard of R17
Courtyard of L1 overlaps with courtyard of R18
Courtyard of L1 overlaps with courtyard of R55
Courtyard of L1 overlaps with courtyard of R19
Courtyard of L1 overlaps with courtyard of R20
Courtyard of L1 overlaps with courtyard of R21
Courtyard of L1 overlaps with courtyard of R22
Courtyard of L1 overlaps with courtyard of C19
Courtyard of L1 overlaps with courtyard of C20
Courtyard of L1 overlaps with courtyard of R23
Courtyard of L1 overlaps with courtyard of R68
Courtyard of L1 overlaps with courtyard of R24
Courtyard of L1 overlaps with courtyard of U6
Courtyard of L1 overlaps with courtyard of R25
Courtyard of L1 overlaps with courtyard of D6
Courtyard of L1 overlaps with courtyard of D7
Courtyard of L1 overlaps with courtyard of R26
Courtyard of L1 overlaps with courtyard of C21
Courtyard of L1 overlaps with courtyard of C22
Courtyard of L1 overlaps with courtyard of C23
Courtyard of L1 overlaps with courtyard of R29
Courtyard of L1 overlaps with courtyard of R30
Courtyard of L1 overlaps with courtyard of LED2
Courtyard of L1 overlaps with courtyard of LED3
Courtyard of L1 overlaps with courtyard of U8
Courtyard of L1 overlaps with courtyard of R31
Courtyard of L1 overlaps with courtyard of U9
Courtyard of L1 overlaps with courtyard of R32
Courtyard of L1 overlaps with courtyard of R33
Courtyard of L1 overlaps with courtyard of R34
Courtyard of L1 overlaps with courtyard of D8
Courtyard of L1 overlaps with courtyard of R39
Courtyard of L1 overlaps with courtyard of R65
Courtyard of L1 overlaps with courtyard of R40
Courtyard of L1 overlaps with courtyard of C25
Courtyard of L1 overlaps with courtyard of U10
Courtyard of L1 overlaps with courtyard of R50
Courtyard of L1 overlaps with courtyard of R51
Courtyard of L1 overlaps with courtyard of C26
Courtyard of L1 overlaps with courtyard of C27
Courtyard of L1 overlaps with courtyard of C28
Courtyard of L1 overlaps with courtyard of C29
Courtyard of L1 overlaps with courtyard of R54
Courtyard of L1 overlaps with courtyard of LED1
Courtyard of L1 overlaps with courtyard of Q2
Courtyard of L1 overlaps with courtyard of R41
Courtyard of L1 overlaps with courtyard of R42
Courtyard of L1 overlaps with courtyard of R43
Courtyard of L1 overlaps with courtyard of R44
Courtyard of L1 overlaps with courtyard of D9
Courtyard of L1 overlaps with courtyard of Q3
Courtyard of L1 overlaps with courtyard of Q4
Courtyard of L1 overlaps with courtyard of R49
Courtyard of L1 overlaps with courtyard of Q5
Courtyard of C12 overlaps with courtyard of C18
Courtyard of C12 overlaps with courtyard of U6
Courtyard of C12 overlaps with courtyard of RV1
Courtyard of C12 overlaps with courtyard of U9
Courtyard of C12 overlaps with courtyard of D10
Courtyard of C12 overlaps with courtyard of D11
Courtyard of C12 overlaps with courtyard of D9
Courtyard of C12 overlaps with courtyard of R45
Courtyard of C12 overlaps with courtyard of R46
Courtyard of C12 overlaps with courtyard of R47
Courtyard of C12 overlaps with courtyard of R48
Courtyard of C13 overlaps with courtyard of C14
Courtyard of C13 overlaps with courtyard of C15
Courtyard of C13 overlaps with courtyard of U6
Courtyard of C13 overlaps with courtyard of RV1
Courtyard of C13 overlaps with courtyard of U9
Courtyard of C13 overlaps with courtyard of R45
Courtyard of C13 overlaps with courtyard of R46
Courtyard of C13 overlaps with courtyard of R47
Courtyard of C13 overlaps with courtyard of R48
Courtyard of C14 overlaps with courtyard of C15
Courtyard of C14 overlaps with courtyard of U6
Courtyard of C14 overlaps with courtyard of RV1
Courtyard of C14 overlaps with courtyard of U9
Courtyard of C14 overlaps with courtyard of R45
Courtyard of C14 overlaps with courtyard of R46
Courtyard of C14 overlaps with courtyard of R47
Courtyard of C14 overlaps with courtyard of R48
Courtyard of C15 overlaps with courtyard of C18
Courtyard of C15 overlaps with courtyard of U6
Courtyard of C15 overlaps with courtyard of RV1
Courtyard of C15 overlaps with courtyard of U9
Courtyard of C15 overlaps with courtyard of D10
Courtyard of C15 overlaps with courtyard of D11
Courtyard of C15 overlaps with courtyard of D9
Courtyard of C15 overlaps with courtyard of R45
Courtyard of C15 overlaps with courtyard of R46
Courtyard of C15 overlaps with courtyard of R47
Courtyard of C15 overlaps with courtyard of R48
Courtyard of C16 overlaps with courtyard of C17
Courtyard of C16 overlaps with courtyard of C18
Courtyard of C16 overlaps with courtyard of R68
Courtyard of C16 overlaps with courtyard of U6
Courtyard of C16 overlaps with courtyard of RV1
Courtyard of C16 overlaps with courtyard of U9
Courtyard of C16 overlaps with courtyard of C25
Courtyard of C16 overlaps with courtyard of R50
Courtyard of C16 overlaps with courtyard of C28
Courtyard of C16 overlaps with courtyard of C29
Courtyard of C16 overlaps with courtyard of D11
Courtyard of C16 overlaps with courtyard of R54
Courtyard of C16 overlaps with courtyard of R45
Courtyard of C16 overlaps with courtyard of R46
Courtyard of C16 overlaps with courtyard of R47
Courtyard of C16 overlaps with courtyard of R48
Courtyard of C17 overlaps with courtyard of C18
Courtyard of C17 overlaps with courtyard of R68
Courtyard of C17 overlaps with courtyard of U6
Courtyard of C17 overlaps with courtyard of RV1
Courtyard of C17 overlaps with courtyard of U9
Courtyard of C17 overlaps with courtyard of C25
Courtyard of C17 overlaps with courtyard of R50
Courtyard of C17 overlaps with courtyard of C28
Courtyard of C17 overlaps with courtyard of C29
Courtyard of C17 overlaps with courtyard of D11
Courtyard of C17 overlaps with courtyard of R54
Courtyard of C17 overlaps with courtyard of R45
Courtyard of C17 overlaps with courtyard of R46
Courtyard of C17 overlaps with courtyard of R47
Courtyard of C17 overlaps with courtyard of R48
Courtyard of C18 overlaps with courtyard of R17
Courtyard of C18 overlaps with courtyard of R18
Courtyard of C18 overlaps with courtyard of R55
Courtyard of C18 overlaps with courtyard of R19
Courtyard of C18 overlaps with courtyard of R20
Courtyard of C18 overlaps with courtyard of R21
Courtyard of C18 overlaps with courtyard of R22
Courtyard of C18 overlaps with courtyard of C19
Courtyard of C18 overlaps with courtyard of C20
Courtyard of C18 overlaps with courtyard of R23
Courtyard of C18 overlaps with courtyard of R68
Courtyard of C18 overlaps with courtyard of R24
Courtyard of C18 overlaps with courtyard of U6
Courtyard of C18 overlaps with courtyard of R25
Courtyard of C18 overlaps with courtyard of R26
Courtyard of C18 overlaps with courtyard of C21
Courtyard of C18 overlaps with courtyard of C22
Courtyard of C18 overlaps with courtyard of C23
Courtyard of C18 overlaps with courtyard of R29
Courtyard of C18 overlaps with courtyard of R30
Courtyard of C18 overlaps with courtyard of LED2
Courtyard of C18 overlaps with courtyard of LED3
Courtyard of C18 overlaps with courtyard of U8
Courtyard of C18 overlaps with courtyard of R31
Courtyard of C18 overlaps with courtyard of U9
Courtyard of C18 overlaps with courtyard of R32
Courtyard of C18 overlaps with courtyard of R33
Courtyard of C18 overlaps with courtyard of R34
Courtyard of C18 overlaps with courtyard of R39
Courtyard of C18 overlaps with courtyard of R65
Courtyard of C18 overlaps with courtyard of R40
Courtyard of C18 overlaps with courtyard of C25
Courtyard of C18 overlaps with courtyard of U10
Courtyard of C18 overlaps with courtyard of R50
Courtyard of C18 overlaps with courtyard of R51
Courtyard of C18 overlaps with courtyard of C26
Courtyard of C18 overlaps with courtyard of C27
Courtyard of C18 overlaps with courtyard of C28
Courtyard of C18 overlaps with courtyard of C29
Courtyard of C18 overlaps with courtyard of D11
Courtyard of C18 overlaps with courtyard of R54
Courtyard of C18 overlaps with courtyard of LED1
Courtyard of C18 overlaps with courtyard of Q2
Courtyard of C18 overlaps with courtyard of R41
Courtyard of C18 overlaps with courtyard of R42
Courtyard of C18 overlaps with courtyard of R43
Courtyard of C18 overlaps with courtyard of R44
Courtyard of C18 overlaps with courtyard of D9
Courtyard of C18 overlaps with courtyard of Q3
Courtyard of C18 overlaps with courtyard of Q4
Courtyard of C18 overlaps with courtyard of R49
Courtyard of C18 overlaps with courtyard of Q5
Courtyard of R17 overlaps with courtyard of U6
Courtyard of R17 overlaps with courtyard of RV1
Courtyard of R17 overlaps with courtyard of U9
Courtyard of R17 overlaps with courtyard of D10
Courtyard of R17 overlaps with courtyard of D11
Courtyard of R17 overlaps with courtyard of D9
Courtyard of R17 overlaps with courtyard of R45
Courtyard of R17 overlaps with courtyard of R46
Courtyard of R17 overlaps with courtyard of R47
Courtyard of R17 overlaps with courtyard of R48
Courtyard of R18 overlaps with courtyard of U6
Courtyard of R18 overlaps with courtyard of RV1
Courtyard of R18 overlaps with courtyard of U9
Courtyard of R18 overlaps with courtyard of D10
Courtyard of R18 overlaps with courtyard of D11
Courtyard of R18 overlaps with courtyard of D9
Courtyard of R18 overlaps with courtyard of R45
Courtyard of R18 overlaps with courtyard of R46
Courtyard of R18 overlaps with courtyard of R47
Courtyard of R18 overlaps with courtyard of R48
Courtyard of R55 overlaps with courtyard of U6
Courtyard of R55 overlaps with courtyard of RV1
Courtyard of R55 overlaps with courtyard of U9
Courtyard of R55 overlaps with courtyard of D10
Courtyard of R55 overlaps with courtyard of D11
Courtyard of R55 overlaps with courtyard of D9
Courtyard of R55 overlaps with courtyard of R45
Courtyard of R55 overlaps with courtyard of R46
Courtyard of R55 overlaps with courtyard of R47
Courtyard of R55 overlaps with courtyard of R48
Courtyard of R19 overlaps with courtyard of U6
Courtyard of R19 overlaps with courtyard of RV1
Courtyard of R19 overlaps with courtyard of U9
Courtyard of R19 overlaps with courtyard of D10
Courtyard of R19 overlaps with courtyard of D11
Courtyard of R19 overlaps with courtyard of D9
Courtyard of R19 overlaps with courtyard of R45
Courtyard of R19 overlaps with courtyard of R46
Courtyard of R19 overlaps with courtyard of R47
Courtyard of R19 overlaps with courtyard of R48
Courtyard of R20 overlaps with courtyard of U6
Courtyard of R20 overlaps with courtyard of RV1
Courtyard of R20 overlaps with courtyard of U9
Courtyard of R20 overlaps with courtyard of D10
Courtyard of R20 overlaps with courtyard of D11
Courtyard of R20 overlaps with courtyard of D9
Courtyard of R20 overlaps with courtyard of R45
Courtyard of R20 overlaps with courtyard of R46
Courtyard of R20 overlaps with courtyard of R47
Courtyard of R20 overlaps with courtyard of R48
Courtyard of R21 overlaps with courtyard of U6
Courtyard of R21 overlaps with courtyard of RV1
Courtyard of R21 overlaps with courtyard of U9
Courtyard of R21 overlaps with courtyard of D10
Courtyard of R21 overlaps with courtyard of D11
Courtyard of R21 overlaps with courtyard of D9
Courtyard of R21 overlaps with courtyard of R45
Courtyard of R21 overlaps with courtyard of R46
Courtyard of R21 overlaps with courtyard of R47
Courtyard of R21 overlaps with courtyard of R48
Courtyard of R22 overlaps with courtyard of U6
Courtyard of R22 overlaps with courtyard of RV1
Courtyard of R22 overlaps with courtyard of U9
Courtyard of R22 overlaps with courtyard of D10
Courtyard of R22 overlaps with courtyard of D11
Courtyard of R22 overlaps with courtyard of D9
Courtyard of R22 overlaps with courtyard of R45
Courtyard of R22 overlaps with courtyard of R46
Courtyard of R22 overlaps with courtyard of R47
Courtyard of R22 overlaps with courtyard of R48
Courtyard of C19 overlaps with courtyard of U6
Courtyard of C19 overlaps with courtyard of RV1
Courtyard of C19 overlaps with courtyard of U9
Courtyard of C19 overlaps with courtyard of D10
Courtyard of C19 overlaps with courtyard of D11
Courtyard of C19 overlaps with courtyard of D9
Courtyard of C19 overlaps with courtyard of R45
Courtyard of C19 overlaps with courtyard of R46
Courtyard of C19 overlaps with courtyard of R47
Courtyard of C19 overlaps with courtyard of R48
Courtyard of C20 overlaps with courtyard of U6
Courtyard of C20 overlaps with courtyard of RV1
Courtyard of C20 overlaps with courtyard of U9
Courtyard of C20 overlaps with courtyard of D10
Courtyard of C20 overlaps with courtyard of D11
Courtyard of C20 overlaps with courtyard of D9
Courtyard of C20 overlaps with courtyard of R45
Courtyard of C20 overlaps with courtyard of R46
Courtyard of C20 overlaps with courtyard of R47
Courtyard of C20 overlaps with courtyard of R48
Courtyard of R23 overlaps with courtyard of U6
Courtyard of R23 overlaps with courtyard of RV1
Courtyard of R23 overlaps with courtyard of U9
Courtyard of R23 overlaps with courtyard of D10
Courtyard of R23 overlaps with courtyard of D11
Courtyard of R23 overlaps with courtyard of D9
Courtyard of R23 overlaps with courtyard of R45
Courtyard of R23 overlaps with courtyard of R46
Courtyard of R23 overlaps with courtyard of R47
Courtyard of R23 overlaps with courtyard of R48
Courtyard of R68 overlaps with courtyard of U6
Courtyard of R68 overlaps with courtyard of RV1
Courtyard of R68 overlaps with courtyard of U9
Courtyard of R68 overlaps with courtyard of C25
Courtyard of R68 overlaps with courtyard of R50
Courtyard of R68 overlaps with courtyard of C28
Courtyard of R68 overlaps with courtyard of C29
Courtyard of R68 overlaps with courtyard of D11
Courtyard of R68 overlaps with courtyard of R54
Courtyard of R68 overlaps with courtyard of R45
Courtyard of R68 overlaps with courtyard of R46
Courtyard of R68 overlaps with courtyard of R47
Courtyard of R68 overlaps with courtyard of R48
Courtyard of R24 overlaps with courtyard of U6
Courtyard of R24 overlaps with courtyard of RV1
Courtyard of R24 overlaps with courtyard of U9
Courtyard of R24 overlaps with courtyard of D10
Courtyard of R24 overlaps with courtyard of D11
Courtyard of R24 overlaps with courtyard of D9
Courtyard of R24 overlaps with courtyard of R45
Courtyard of R24 overlaps with courtyard of R46
Courtyard of R24 overlaps with courtyard of R47
Courtyard of R24 overlaps with courtyard of R48
Courtyard of R24 overlaps with courtyard of Q5
Courtyard of U6 overlaps with courtyard of R25
Courtyard of U6 overlaps with courtyard of D6
Courtyard of U6 overlaps with courtyard of D7
Courtyard of U6 overlaps with courtyard of R26
Courtyard of U6 overlaps with courtyard of C21
Courtyard of U6 overlaps with courtyard of C22
Courtyard of U6 overlaps with courtyard of C23
Courtyard of U6 overlaps with courtyard of R29
Courtyard of U6 overlaps with courtyard of R30
Courtyard of U6 overlaps with courtyard of LED2
Courtyard of U6 overlaps with courtyard of LED3
Courtyard of U6 overlaps with courtyard of U8
Courtyard of U6 overlaps with courtyard of R31
Courtyard of U6 overlaps with courtyard of R32
Courtyard of U6 overlaps with courtyard of R33
Courtyard of U6 overlaps with courtyard of R34
Courtyard of U6 overlaps with courtyard of D8
Courtyard of U6 overlaps with courtyard of R39
Courtyard of U6 overlaps with courtyard of R65
Courtyard of U6 overlaps with courtyard of R40
Courtyard of U6 overlaps with courtyard of C25
Courtyard of U6 overlaps with courtyard of R50
Courtyard of U6 overlaps with courtyard of R51
Courtyard of U6 overlaps with courtyard of C26
Courtyard of U6 overlaps with courtyard of C27
Courtyard of U6 overlaps with courtyard of C28
Courtyard of U6 overlaps with courtyard of C29
Courtyard of U6 overlaps with courtyard of D10
Courtyard of U6 overlaps with courtyard of D11
Courtyard of U6 overlaps with courtyard of R54
Courtyard of U6 overlaps with courtyard of LED1
Courtyard of U6 overlaps with courtyard of Q2
Courtyard of U6 overlaps with courtyard of R41
Courtyard of U6 overlaps with courtyard of R42
Courtyard of U6 overlaps with courtyard of R43
Courtyard of U6 overlaps with courtyard of R44
Courtyard of U6 overlaps with courtyard of D9
Courtyard of U6 overlaps with courtyard of Q3
Courtyard of U6 overlaps with courtyard of R45
Courtyard of U6 overlaps with courtyard of R46
Courtyard of U6 overlaps with courtyard of R47
Courtyard of U6 overlaps with courtyard of R48
Courtyard of U6 overlaps with courtyard of Q4
Courtyard of U6 overlaps with courtyard of R49
Courtyard of U6 overlaps with courtyard of Q5
Courtyard of RV1 overlaps with courtyard of R25
Courtyard of RV1 overlaps with courtyard of D6
Courtyard of RV1 overlaps with courtyard of D7
Courtyard of RV1 overlaps with courtyard of R26
Courtyard of RV1 overlaps with courtyard of C21
Courtyard of RV1 overlaps with courtyard of C22
Courtyard of RV1 overlaps with courtyard of C23
Courtyard of RV1 overlaps with courtyard of R29
Courtyard of RV1 overlaps with courtyard of R30
Courtyard of RV1 overlaps with courtyard of LED2
Courtyard of RV1 overlaps with courtyard of LED3
Courtyard of RV1 overlaps with courtyard of U8
Courtyard of RV1 overlaps with courtyard of R31
Courtyard of RV1 overlaps with courtyard of R32
Courtyard of RV1 overlaps with courtyard of R33
Courtyard of RV1 overlaps with courtyard of R34
Courtyard of RV1 overlaps with courtyard of D8
Courtyard of RV1 overlaps with courtyard of R39
Courtyard of RV1 overlaps with courtyard of R65
Courtyard of RV1 overlaps with courtyard of R40
Courtyard of RV1 overlaps with courtyard of C25
Courtyard of RV1 overlaps with courtyard of R50
Courtyard of RV1 overlaps with courtyard of R51
Courtyard of RV1 overlaps with courtyard of C26
Courtyard of RV1 overlaps with courtyard of C27
Courtyard of RV1 overlaps with courtyard of C28
Courtyard of RV1 overlaps with courtyard of C29
Courtyard of RV1 overlaps with courtyard of R54
Courtyard of RV1 overlaps with courtyard of LED1
Courtyard of RV1 overlaps with courtyard of Q2
Courtyard of RV1 overlaps with courtyard of R41
Courtyard of RV1 overlaps with courtyard of R42
Courtyard of RV1 overlaps with courtyard of R43
Courtyard of RV1 overlaps with courtyard of R44
Courtyard of RV1 overlaps with courtyard of D9
Courtyard of RV1 overlaps with courtyard of Q3
Courtyard of RV1 overlaps with courtyard of Q4
Courtyard of RV1 overlaps with courtyard of R49
Courtyard of RV1 overlaps with courtyard of Q5
Courtyard of R25 overlaps with courtyard of U9
Courtyard of R25 overlaps with courtyard of D10
Courtyard of R25 overlaps with courtyard of D11
Courtyard of R25 overlaps with courtyard of D9
Courtyard of R25 overlaps with courtyard of R45
Courtyard of R25 overlaps with courtyard of R46
Courtyard of R25 overlaps with courtyard of R47
Courtyard of R25 overlaps with courtyard of R48
Courtyard of D6 overlaps with courtyard of U9
Courtyard of D6 overlaps with courtyard of R50
Courtyard of D6 overlaps with courtyard of R54
Courtyard of D6 overlaps with courtyard of R45
Courtyard of D6 overlaps with courtyard of R46
Courtyard of D6 overlaps with courtyard of R47
Courtyard of D6 overlaps with courtyard of R48
Courtyard of D7 overlaps with courtyard of U9
Courtyard of D7 overlaps with courtyard of R50
Courtyard of D7 overlaps with courtyard of R54
Courtyard of D7 overlaps with courtyard of R45
Courtyard of D7 overlaps with courtyard of R46
Courtyard of D7 overlaps with courtyard of R47
Courtyard of D7 overlaps with courtyard of R48
Courtyard of R26 overlaps with courtyard of U9
Courtyard of R26 overlaps with courtyard of D10
Courtyard of R26 overlaps with courtyard of D11
Courtyard of R26 overlaps with courtyard of D9
Courtyard of R26 overlaps with courtyard of R45
Courtyard of R26 overlaps with courtyard of R46
Courtyard of R26 overlaps with courtyard of R47
Courtyard of R26 overlaps with courtyard of R48
Courtyard of C21 overlaps with courtyard of U9
Courtyard of C21 overlaps with courtyard of D10
Courtyard of C21 overlaps with courtyard of D11
Courtyard of C21 overlaps with courtyard of D9
Courtyard of C21 overlaps with courtyard of R45
Courtyard of C21 overlaps with courtyard of R46
Courtyard of C21 overlaps with courtyard of R47
Courtyard of C21 overlaps with courtyard of R48
Courtyard of C22 overlaps with courtyard of U9
Courtyard of C22 overlaps with courtyard of D10
Courtyard of C22 overlaps with courtyard of D11
Courtyard of C22 overlaps with courtyard of D9
Courtyard of C22 overlaps with courtyard of R45
Courtyard of C22 overlaps with courtyard of R46
Courtyard of C22 overlaps with courtyard of R47
Courtyard of C22 overlaps with courtyard of R48
Courtyard of C23 overlaps with courtyard of U9
Courtyard of C23 overlaps with courtyard of D10
Courtyard of C23 overlaps with courtyard of D11
Courtyard of C23 overlaps with courtyard of D9
Courtyard of C23 overlaps with courtyard of R45
Courtyard of C23 overlaps with courtyard of R46
Courtyard of C23 overlaps with courtyard of R47
Courtyard of C23 overlaps with courtyard of R48
Courtyard of R29 overlaps with courtyard of U9
Courtyard of R29 overlaps with courtyard of D10
Courtyard of R29 overlaps with courtyard of D11
Courtyard of R29 overlaps with courtyard of D9
Courtyard of R29 overlaps with courtyard of R45
Courtyard of R29 overlaps with courtyard of R46
Courtyard of R29 overlaps with courtyard of R47
Courtyard of R29 overlaps with courtyard of R48
Courtyard of R30 overlaps with courtyard of U9
Courtyard of R30 overlaps with courtyard of D10
Courtyard of R30 overlaps with courtyard of D11
Courtyard of R30 overlaps with courtyard of D9
Courtyard of R30 overlaps with courtyard of R45
Courtyard of R30 overlaps with courtyard of R46
Courtyard of R30 overlaps with courtyard of R47
Courtyard of R30 overlaps with courtyard of R48
Courtyard of LED2 overlaps with courtyard of U9
Courtyard of LED2 overlaps with courtyard of D10
Courtyard of LED2 overlaps with courtyard of D11
Courtyard of LED2 overlaps with courtyard of R45
Courtyard of LED2 overlaps with courtyard of R46
Courtyard of LED2 overlaps with courtyard of R47
Courtyard of LED2 overlaps with courtyard of R48
Courtyard of LED3 overlaps with courtyard of U9
Courtyard of LED3 overlaps with courtyard of D10
Courtyard of LED3 overlaps with courtyard of D11
Courtyard of LED3 overlaps with courtyard of R45
Courtyard of LED3 overlaps with courtyard of R46
Courtyard of LED3 overlaps with courtyard of R47
Courtyard of LED3 overlaps with courtyard of R48
Courtyard of U8 overlaps with courtyard of U9
Courtyard of U8 overlaps with courtyard of R45
Courtyard of U8 overlaps with courtyard of R46
Courtyard of U8 overlaps with courtyard of R47
Courtyard of U8 overlaps with courtyard of R48
Courtyard of R31 overlaps with courtyard of U9
Courtyard of R31 overlaps with courtyard of D10
Courtyard of R31 overlaps with courtyard of D11
Courtyard of R31 overlaps with courtyard of D9
Courtyard of R31 overlaps with courtyard of R45
Courtyard of R31 overlaps with courtyard of R46
Courtyard of R31 overlaps with courtyard of R47
Courtyard of R31 overlaps with courtyard of R48
Courtyard of U9 overlaps with courtyard of R32
Courtyard of U9 overlaps with courtyard of R33
Courtyard of U9 overlaps with courtyard of R34
Courtyard of U9 overlaps with courtyard of D8
Courtyard of U9 overlaps with courtyard of R39
Courtyard of U9 overlaps with courtyard of R65
Courtyard of U9 overlaps with courtyard of R40
Courtyard of U9 overlaps with courtyard of C25
Courtyard of U9 overlaps with courtyard of R50
Courtyard of U9 overlaps with courtyard of R51
Courtyard of U9 overlaps with courtyard of C26
Courtyard of U9 overlaps with courtyard of C27
Courtyard of U9 overlaps with courtyard of C28
Courtyard of U9 overlaps with courtyard of C29
Courtyard of U9 overlaps with courtyard of D10
Courtyard of U9 overlaps with courtyard of D11
Courtyard of U9 overlaps with courtyard of R54
Courtyard of U9 overlaps with courtyard of LED1
Courtyard of U9 overlaps with courtyard of Q2
Courtyard of U9 overlaps with courtyard of R41
Courtyard of U9 overlaps with courtyard of R42
Courtyard of U9 overlaps with courtyard of R43
Courtyard of U9 overlaps with courtyard of R44
Courtyard of U9 overlaps with courtyard of D9
Courtyard of U9 overlaps with courtyard of Q3
Courtyard of U9 overlaps with courtyard of R45
Courtyard of U9 overlaps with courtyard of R46
Courtyard of U9 overlaps with courtyard of R47
Courtyard of U9 overlaps with courtyard of R48
Courtyard of U9 overlaps with courtyard of Q4
Courtyard of U9 overlaps with courtyard of R49
Courtyard of U9 overlaps with courtyard of Q5
Courtyard of R32 overlaps with courtyard of D10
Courtyard of R32 overlaps with courtyard of D11
Courtyard of R32 overlaps with courtyard of D9
Courtyard of R32 overlaps with courtyard of R45
Courtyard of R32 overlaps with courtyard of R46
Courtyard of R32 overlaps with courtyard of R47
Courtyard of R32 overlaps with courtyard of R48
Courtyard of R33 overlaps with courtyard of D10
Courtyard of R33 overlaps with courtyard of D11
Courtyard of R33 overlaps with courtyard of D9
Courtyard of R33 overlaps with courtyard of R45
Courtyard of R33 overlaps with courtyard of R46
Courtyard of R33 overlaps with courtyard of R47
Courtyard of R33 overlaps with courtyard of R48
Courtyard of R34 overlaps with courtyard of D10
Courtyard of R34 overlaps with courtyard of D11
Courtyard of R34 overlaps with courtyard of D9
Courtyard of R34 overlaps with courtyard of R45
Courtyard of R34 overlaps with courtyard of R46
Courtyard of R34 overlaps with courtyard of R47
Courtyard of R34 overlaps with courtyard of R48
Courtyard of D8 overlaps with courtyard of R50
Courtyard of D8 overlaps with courtyard of R54
Courtyard of D8 overlaps with courtyard of R45
Courtyard of D8 overlaps with courtyard of R46
Courtyard of D8 overlaps with courtyard of R47
Courtyard of D8 overlaps with courtyard of R48
Courtyard of R39 overlaps with courtyard of D10
Courtyard of R39 overlaps with courtyard of D11
Courtyard of R39 overlaps with courtyard of D9
Courtyard of R39 overlaps with courtyard of R45
Courtyard of R39 overlaps with courtyard of R46
Courtyard of R39 overlaps with courtyard of R47
Courtyard of R39 overlaps with courtyard of R48
Courtyard of R65 overlaps with courtyard of D10
Courtyard of R65 overlaps with courtyard of D11
Courtyard of R65 overlaps with courtyard of D9
Courtyard of R65 overlaps with courtyard of R45
Courtyard of R65 overlaps with courtyard of R46
Courtyard of R65 overlaps with courtyard of R47
Courtyard of R65 overlaps with courtyard of R48
Courtyard of R40 overlaps with courtyard of D10
Courtyard of R40 overlaps with courtyard of D11
Courtyard of R40 overlaps with courtyard of D9
Courtyard of R40 overlaps with courtyard of R45
Courtyard of R40 overlaps with courtyard of R46
Courtyard of R40 overlaps with courtyard of R47
Courtyard of R40 overlaps with courtyard of R48
Courtyard of C25 overlaps with courtyard of C28
Courtyard of C25 overlaps with courtyard of C29
Courtyard of C25 overlaps with courtyard of D10
Courtyard of C25 overlaps with courtyard of D11
Courtyard of C25 overlaps with courtyard of D9
Courtyard of C25 overlaps with courtyard of R45
Courtyard of C25 overlaps with courtyard of R46
Courtyard of C25 overlaps with courtyard of R47
Courtyard of C25 overlaps with courtyard of R48
Courtyard of U10 overlaps with courtyard of R45
Courtyard of U10 overlaps with courtyard of R46
Courtyard of U10 overlaps with courtyard of R47
Courtyard of U10 overlaps with courtyard of R48
Courtyard of R50 overlaps with courtyard of C29
Courtyard of R50 overlaps with courtyard of D10
Courtyard of R50 overlaps with courtyard of D11
Courtyard of R50 overlaps with courtyard of J2
Courtyard of R50 overlaps with courtyard of D9
Courtyard of R50 overlaps with courtyard of R45
Courtyard of R50 overlaps with courtyard of R46
Courtyard of R50 overlaps with courtyard of R47
Courtyard of R50 overlaps with courtyard of R48
Courtyard of R51 overlaps with courtyard of D10
Courtyard of R51 overlaps with courtyard of D11
Courtyard of R51 overlaps with courtyard of D9
Courtyard of R51 overlaps with courtyard of R45
Courtyard of R51 overlaps with courtyard of R46
Courtyard of R51 overlaps with courtyard of R47
Courtyard of R51 overlaps with courtyard of R48
Courtyard of C26 overlaps with courtyard of D10
Courtyard of C26 overlaps with courtyard of D11
Courtyard of C26 overlaps with courtyard of D9
Courtyard of C26 overlaps with courtyard of R45
Courtyard of C26 overlaps with courtyard of R46
Courtyard of C26 overlaps with courtyard of R47
Courtyard of C26 overlaps with courtyard of R48
Courtyard of C27 overlaps with courtyard of D10
Courtyard of C27 overlaps with courtyard of D11
Courtyard of C27 overlaps with courtyard of D9
Courtyard of C27 overlaps with courtyard of R45
Courtyard of C27 overlaps with courtyard of R46
Courtyard of C27 overlaps with courtyard of R47
Courtyard of C27 overlaps with courtyard of R48
Courtyard of C28 overlaps with courtyard of C29
Courtyard of C28 overlaps with courtyard of D10
Courtyard of C28 overlaps with courtyard of D11
Courtyard of C28 overlaps with courtyard of D9
Courtyard of C28 overlaps with courtyard of R45
Courtyard of C28 overlaps with courtyard of R46
Courtyard of C28 overlaps with courtyard of R47
Courtyard of C28 overlaps with courtyard of R48
Courtyard of C29 overlaps with courtyard of D11
Courtyard of C29 overlaps with courtyard of R54
Courtyard of C29 overlaps with courtyard of R45
Courtyard of C29 overlaps with courtyard of R46
Courtyard of C29 overlaps with courtyard of R47
Courtyard of C29 overlaps with courtyard of R48
Courtyard of D10 overlaps with courtyard of R54
Courtyard of D10 overlaps with courtyard of LED1
Courtyard of D10 overlaps with courtyard of R41
Courtyard of D10 overlaps with courtyard of R42
Courtyard of D10 overlaps with courtyard of R43
Courtyard of D10 overlaps with courtyard of R44
Courtyard of D10 overlaps with courtyard of R49
Courtyard of D11 overlaps with courtyard of R54
Courtyard of D11 overlaps with courtyard of LED1
Courtyard of D11 overlaps with courtyard of R41
Courtyard of D11 overlaps with courtyard of R42
Courtyard of D11 overlaps with courtyard of R43
Courtyard of D11 overlaps with courtyard of R44
Courtyard of D11 overlaps with courtyard of R49
Courtyard of J2 overlaps with courtyard of R54
Courtyard of R54 overlaps with courtyard of D9
Courtyard of R54 overlaps with courtyard of R45
Courtyard of R54 overlaps with courtyard of R46
Courtyard of R54 overlaps with courtyard of R47
Courtyard of R54 overlaps with courtyard of R48
Courtyard of LED1 overlaps with courtyard of R45
Courtyard of LED1 overlaps with courtyard of R46
Courtyard of LED1 overlaps with courtyard of R47
Courtyard of LED1 overlaps with courtyard of R48
Courtyard of Q2 overlaps with courtyard of R43
Courtyard of Q2 overlaps with courtyard of R45
Courtyard of Q2 overlaps with courtyard of R46
Courtyard of Q2 overlaps with courtyard of R47
Courtyard of Q2 overlaps with courtyard of R48
Courtyard of R41 overlaps with courtyard of D9
Courtyard of R41 overlaps with courtyard of R45
Courtyard of R41 overlaps with courtyard of R46
Courtyard of R41 overlaps with courtyard of R47
Courtyard of R41 overlaps with courtyard of R48
Courtyard of R42 overlaps with courtyard of D9
Courtyard of R42 overlaps with courtyard of R45
Courtyard of R42 overlaps with courtyard of R46
Courtyard of R42 overlaps with courtyard of R47
Courtyard of R42 overlaps with courtyard of R48
Courtyard of R43 overlaps with courtyard of D9
Courtyard of R43 overlaps with courtyard of R45
Courtyard of R43 overlaps with courtyard of R46
Courtyard of R43 overlaps with courtyard of R47
Courtyard of R43 overlaps with courtyard of R48
Courtyard of R44 overlaps with courtyard of D9
Courtyard of R44 overlaps with courtyard of R45
Courtyard of R44 overlaps with courtyard of R46
Courtyard of R44 overlaps with courtyard of R47
Courtyard of R44 overlaps with courtyard of R48
Courtyard of D9 overlaps with courtyard of R45
Courtyard of D9 overlaps with courtyard of R46
Courtyard of D9 overlaps with courtyard of R47
Courtyard of D9 overlaps with courtyard of R48
Courtyard of D9 overlaps with courtyard of R49
Courtyard of Q3 overlaps with courtyard of R45
Courtyard of Q3 overlaps with courtyard of R46
Courtyard of Q3 overlaps with courtyard of R47
Courtyard of Q3 overlaps with courtyard of R48
Courtyard of R45 overlaps with courtyard of Q4
Courtyard of R45 overlaps with courtyard of R49
Courtyard of R45 overlaps with courtyard of Q5
Courtyard of R46 overlaps with courtyard of Q4
Courtyard of R46 overlaps with courtyard of R49
Courtyard of R46 overlaps with courtyard of Q5
Courtyard of R47 overlaps with courtyard of Q4
Courtyard of R47 overlaps with courtyard of R49
Courtyard of R47 overlaps with courtyard of Q5
Courtyard of R48 overlaps with courtyard of Q4
Courtyard of R48 overlaps with courtyard of R49
Courtyard of R48 overlaps with courtyard of Q5
Generating preview images...
[index] Generating PCB SVG...
[index] Written pcb.svg
[index] Generating PCB PNG...
[index] Written pcb.png
[index] Generating schematic SVG...
[index] Written schematic.svg

Build complete
  Circuits  0 passed 1 failed
  Options   pcb-png, pcb-svgs, schematic-svgs
  Output    dist

⚠ Build completed with errors
Build exiting with code 1: circuit build errors occurred
