{
  "officialCoreVersion": "0.0.2069",
  "failureCount": 1,
  "failures": [
    {
      "code": "invalid_union",
      "unionErrors": [
        {
          "issues": [
            {
              "code": "invalid_type",
              "expected": "string",
              "received": "undefined",
              "path": [
                19,
                "message"
              ],
              "message": "Required"
            },
            {
              "received": "pcb_component",
              "code": "invalid_literal",
              "expected": "source_runtime_error",
              "path": [
                19,
                "type"
              ],
              "message": "Invalid literal value, expected \"source_runtime_error\""
            }
          ],
          "name": "ZodError"
        },
        {
          "issues": [
            {
              "received": "pcb_component",
              "code": "invalid_literal",
              "expected": "source_trace",
              "path": [
                19,
                "type"
              ],
              "message": "Invalid literal value, expected \"source_trace\""
            },
            {
              "code": "invalid_type",
              "expected": "string",
              "received": "undefined",
              "path": [
                19,
                "source_trace_id"
              ],
              "message": "Required"
            },
            {
              "code": "invalid_type",
              "expected": "array",
              "received": "undefined",
              "path": [
                19,
                "connected_source_port_ids"
              ],
              "message": "Required"
            },
            {
              "code": "invalid_type",
              "expected": "array",
              "received": "undefined",
              "path": [
                19,
                "connected_source_net_ids"
              ],
              "message": "Required"
            }
          ],
          "name": "ZodError"
        },
        {
          "issues": [
            {
              "received": "pcb_component",
              "code": "invalid_literal",
              "expected": "source_bus",
              "path": [
                19,
                "type"
              ],
              "message": "Invalid literal value, expected \"source_bus\""
            },
            {
              "code": "invalid_type",
              "expected": "string",
              "received": "undefined",
              "path": [
                19,
                "source_bus_id"
              ],
              "message": "Required"
            },
            {
              "code": "invalid_type",
              "expected": "array",
              "received": "undefined",
              "path": [
                19,
                "source_trace_ids"
              ],
              "message": "Required"
            }
          ],
          "name": "ZodError"
        },
        {
          "issues": [
            {
              "received": "pcb_component",
              "code": "invalid_literal",
              "expected": "source_port",
              "path": [
                19,
                "type"
              ],
              "message": "Invalid literal value, expected \"source_port\""
            },
            {
              "code": "invalid_type",
              "expected": "string",
              "received": "undefined",
              "path": [
                19,
                "name"
              ],
              "message": "Required"
            },
            {
              "code": "invalid_type",
              "expected": "string",
              "received": "undefined",
              "path": [
                19,
                "source_port_id"
              ],
              "message": "Required"
            }
          ],
          "name": "ZodError"
        },
        {
          "issues": [
            {
              "received": "pcb_component",
              "code": "invalid_literal",
              "expected": "source_component_internal_connection",
              "path": [
                19,
                "type"
              ],
              "message": "Invalid literal value, expected \"source_component_internal_connection\""
            },
            {
              "code": "invalid_type",
              "expected": "string",
              "received": "undefined",
              "path": [
                19,
                "source_component_internal_connection_id"
              ],
              "message": "Required"
            },
            {
              "code": "invalid_type",
              "expected": "array",
              "received": "undefined",
              "path": [
                19,
                "source_port_ids"
              ],
              "message": "Required"
            }
          ],
          "name": "ZodError"
        },
        {
          "issues": [
            {
              "code": "invalid_union",
              "unionErrors": [
                {
                  "issues": [
                    {
                      "received": "pcb_component",
                      "code": "invalid_literal",
                      "expected": "source_component",
                      "path": [
                        19,
                        "type"
                      ],
                      "message": "Invalid literal value, expected \"source_component\""
                    },
                    {
                      "code": "invalid_literal",
                      "expected": "simple_resistor",
                      "path": [
                        19,
                        "ftype"
                      ],
                      "message": "Invalid literal value, expected \"simple_resistor\""
                    },
                    {
                      "code": "invalid_type",
                      "expected": "string",
                      "received": "undefined",
                      "path": [
                        19,
                        "name"
                      ],
                      "message": "Required"
                    },
                    {
                      "code": "invalid_union",
                      "unionErrors": [
                        {
                          "issues": [
                            {
                              "code": "invalid_type",
                              "expected": "string",
                              "received": "undefined",
                              "path": [
                                19,
                                "resistance"
                              ],
                              "message": "Required"
                            }
                          ],
                          "name": "ZodError"
                        },
                        {
                          "issues": [
                            {
                              "code": "invalid_type",
                              "expected": "number",
                              "received": "undefined",
                              "path": [
                                19,
                                "resistance"
                              ],
                              "message": "Required"
                            }
                          ],
                          "name": "ZodError"
                        }
                      ],
                      "path": [
                        19,
                        "resistance"
                      ],
                      "message": "Invalid input"
                    }
                  ],
                  "name": "ZodError"
                },
                {
                  "issues": [
                    {
                      "received": "pcb_component",
                      "code": "invalid_literal",
                      "expected": "source_component",
                      "path": [
                        19,
                        "type"
                      ],
                      "message": "Invalid literal value, expected \"source_component\""
                    },
                    {
                      "code": "invalid_literal",
                      "expected": "simple_capacitor",
                      "path": [
                        19,
                        "ftype"
                      ],
                      "message": "Invalid literal value, expected \"simple_capacitor\""
                    },
                    {
                      "code": "invalid_type",
                      "expected": "string",
                      "received": "undefined",
                      "path": [
                        19,
                        "name"
                      ],
                      "message": "Required"
                    },
                    {
                      "code": "invalid_union",
                      "unionErrors": [
                        {
                          "issues": [
                            {
                              "code": "invalid_type",
                              "expected": "string",
                              "received": "undefined",
                              "path": [
                                19,
                                "capacitance"
                              ],
                              "message": "Required"
                            }
                          ],
                          "name": "ZodError"
                        },
                        {
                          "issues": [
                            {
                              "code": "invalid_type",
                              "expected": "number",
                              "received": "undefined",
                              "path": [
                                19,
                                "capacitance"
                              ],
                              "message": "Required"
                            }
                          ],
                          "name": "ZodError"
                        }
                      ],
                      "path": [
                        19,
                        "capacitance"
                      ],
                      "message": "Invalid input"
                    }
                  ],
                  "name": "ZodError"
                },
                {
                  "issues": [
                    {
                      "received": "pcb_component",
                      "code": "invalid_literal",
                      "expected": "source_component",
                      "path": [
                        19,
                        "type"
                      ],
                      "message": "Invalid literal value, expected \"source_component\""
                    },
                    {
                      "code": "invalid_literal",
                      "expected": "simple_diode",
                      "path": [
                        19,
                        "ftype"
                      ],
                      "message": "Invalid literal value, expected \"simple_diode\""
                    },
                    {
                      "code": "invalid_type",
                      "expected": "string",
                      "received": "undefined",
                      "path": [
                        19,
                        "name"
                      ],
                      "message": "Required"
                    }
                  ],
                  "name": "ZodError"
                },
                {
                  "issues": [
                    {
                      "received": "pcb_component",
                      "code": "invalid_literal",
                      "expected": "source_component",
                      "path": [
                        19,
                        "type"
                      ],
                      "message": "Invalid literal value, expected \"source_component\""
                    },
                    {
                      "code": "invalid_literal",
                      "expected": "simple_fiducial",
                      "path": [
                        19,
                        "ftype"
                      ],
                      "message": "Invalid literal value, expected \"simple_fiducial\""
                    },
                    {
                      "code": "invalid_type",
                      "expected": "string",
                      "received": "undefined",
                      "path": [
                        19,
                        "name"
                      ],
                      "message": "Required"
                    }
                  ],
                  "name": "ZodError"
                },
                {
                  "issues": [
                    {
                      "received": "pcb_component",
                      "code": "invalid_literal",
                      "expected": "source_component",
                      "path": [
                        19,
                        "type"
                      ],
                      "message": "Invalid literal value, expected \"source_component\""
                    },
                    {
                      "code": "invalid_literal",
                      "expected": "simple_led",
                      "path": [
                        19,
                        "ftype"
                      ],
                      "message": "Invalid literal value, expected \"simple_led\""
                    },
                    {
                      "code": "invalid_type",
                      "expected": "string",
                      "received": "undefined",
                      "path": [
                        19,
                        "name"
                      ],
                      "message": "Required"
                    }
                  ],
                  "name": "ZodError"
                },
                {
                  "issues": [
                    {
                      "received": "pcb_component",
                      "code": "invalid_literal",
                      "expected": "source_component",
                      "path": [
                        19,
                        "type"
                      ],
                      "message": "Invalid literal value, expected \"source_component\""
                    },
                    {
                      "code": "invalid_literal",
                      "expected": "simple_ground",
                      "path": [
                        19,
                        "ftype"
                      ],
                      "message": "Invalid literal value, expected \"simple_ground\""
                    },
                    {
                      "code": "invalid_type",
                      "expected": "string",
                      "received": "undefined",
                      "path": [
                        19,
                        "name"
                      ],
                      "message": "Required"
                    }
                  ],
                  "name": "ZodError"
                },
                {
                  "issues": [
                    {
                      "received": "pcb_component",
                      "code": "invalid_literal",
                      "expected": "source_component",
                      "path": [
                        19,
                        "type"
                      ],
                      "message": "Invalid literal value, expected \"source_component\""
                    },
                    {
                      "code": "invalid_literal",
                      "expected": "simple_chip",
                      "path": [
                        19,
                        "ftype"
                      ],
                      "message": "Invalid literal value, expected \"simple_chip\""
                    },
                    {
                      "code": "invalid_type",
                      "expected": "string",
                      "received": "undefined",
                      "path": [
                        19,
                        "name"
                      ],
                      "message": "Required"
                    }
                  ],
                  "name": "ZodError"
                },
                {
                  "issues": [
                    {
                      "received": "pcb_component",
                      "code": "invalid_literal",
                      "expected": "source_component",
                      "path": [
                        19,
                        "type"
                      ],
                      "message": "Invalid literal value, expected \"source_component\""
                    },
                    {
                      "code": "invalid_literal",
                      "expected": "simple_power_source",
                      "path": [
                        19,
                        "ftype"
                      ],
                      "message": "Invalid literal value, expected \"simple_power_source\""
                    },
                    {
                      "code": "invalid_type",
                      "expected": "string",
                      "received": "undefined",
                      "path": [
                        19,
                        "name"
                      ],
                      "message": "Required"
                    },
                    {
                      "code": "invalid_union",
                      "unionErrors": [
                        {
                          "issues": [
                            {
                              "code": "invalid_type",
                              "expected": "string",
                              "received": "undefined",
                              "path": [
                                19,
                                "voltage"
                              ],
                              "message": "Required"
                            }
                          ],
                          "name": "ZodError"
                        },
                        {
                          "issues": [
                            {
                              "code": "invalid_type",
                              "expected": "number",
                              "received": "undefined",
                              "path": [
                                19,
                                "voltage"
                              ],
                              "message": "Required"
                            }
                          ],
                          "name": "ZodError"
                        }
                      ],
                      "path": [
                        19,
                        "voltage"
                      ],
                      "message": "Invalid input"
                    }
                  ],
                  "name": "ZodError"
                },
                {
                  "issues": [
                    {
                      "received": "pcb_component",
                      "code": "invalid_literal",
                      "expected": "source_component",
                      "path": [
                        19,
                        "type"
                      ],
                      "message": "Invalid literal value, expected \"source_component\""
                    },
                    {
                      "code": "invalid_literal",
                      "expected": "simple_current_source",
                      "path": [
                        19,
                        "ftype"
                      ],
                      "message": "Invalid literal value, expected \"simple_current_source\""
                    },
                    {
                      "code": "invalid_type",
                      "expected": "string",
                      "received": "undefined",
                      "path": [
                        19,
                        "name"
                      ],
                      "message": "Required"
                    },
                    {
                      "code": "invalid_union",
                      "unionErrors": [
                        {
                          "issues": [
                            {
                              "code": "invalid_type",
                              "expected": "string",
                              "received": "undefined",
                              "path": [
                                19,
                                "current"
                              ],
                              "message": "Required"
                            }
                          ],
                          "name": "ZodError"
                        },
                        {
                          "issues": [
                            {
                              "code": "invalid_type",
                              "expected": "number",
                              "received": "undefined",
                              "path": [
                                19,
                                "current"
                              ],
                              "message": "Required"
                            }
                          ],
                          "name": "ZodError"
                        }
                      ],
                      "path": [
                        19,
                        "current"
                      ],
                      "message": "Invalid input"
                    }
                  ],
                  "name": "ZodError"
                },
                {
                  "issues": [
                    {
                      "received": "pcb_component",
                      "code": "invalid_literal",
                      "expected": "source_component",
                      "path": [
                        19,
                        "type"
                      ],
                      "message": "Invalid literal value, expected \"source_component\""
                    },
                    {
                      "code": "invalid_literal",
                      "expected": "simple_ammeter",
                      "path": [
                        19,
                        "ftype"
                      ],
                      "message": "Invalid literal value, expected \"simple_ammeter\""
                    },
                    {
                      "code": "invalid_type",
                      "expected": "string",
                      "received": "undefined",
                      "path": [
                        19,
                        "name"
                      ],
                      "message": "Required"
                    }
                  ],
                  "name": "ZodError"
                },
                {
                  "issues": [
                    {
                      "received": "pcb_component",
                      "code": "invalid_literal",
                      "expected": "source_component",
                      "path": [
                        19,
                        "type"
                      ],
                      "message": "Invalid literal value, expected \"source_component\""
                    },
                    {
                      "code": "invalid_literal",
                      "expected": "simple_battery",
                      "path": [
                        19,
                        "ftype"
                      ],
                      "message": "Invalid literal value, expected \"simple_battery\""
                    },
                    {
                      "code": "invalid_type",
                      "expected": "string",
                      "received": "undefined",
                      "path": [
                        19,
                        "name"
                      ],
                      "message": "Required"
                    },
                    {
                      "code": "invalid_union",
                      "unionErrors": [
                        {
                          "issues": [
                            {
                              "code": "invalid_type",
                              "expected": "number",
                              "received": "undefined",
                              "path": [
                                19,
                                "capacity"
                              ],
                              "message": "Required"
                            }
                          ],
                          "name": "ZodError"
                        },
                        {
                          "issues": [
                            {
                              "code": "invalid_type",
                              "expected": "string",
                              "received": "undefined",
                              "path": [
                                19,
                                "capacity"
                              ],
                              "message": "Required"
                            }
                          ],
                          "name": "ZodError"
                        }
                      ],
                      "path": [
                        19,
                        "capacity"
                      ],
                      "message": "Invalid input"
                    }
                  ],
                  "name": "ZodError"
                },
                {
                  "issues": [
                    {
                      "received": "pcb_component",
                      "code": "invalid_literal",
                      "expected": "source_component",
                      "path": [
                        19,
                        "type"
                      ],
                      "message": "Invalid literal value, expected \"source_component\""
                    },
                    {
                      "code": "invalid_literal",
                      "expected": "simple_inductor",
                      "path": [
                        19,
                        "ftype"
                      ],
                      "message": "Invalid literal value, expected \"simple_inductor\""
                    },
                    {
                      "code": "invalid_type",
                      "expected": "string",
                      "received": "undefined",
                      "path": [
                        19,
                        "name"
                      ],
                      "message": "Required"
                    },
                    {
                      "code": "invalid_union",
                      "unionErrors": [
                        {
                          "issues": [
                            {
                              "code": "invalid_type",
                              "expected": "string",
                              "received": "undefined",
                              "path": [
                                19,
                                "inductance"
                              ],
                              "message": "Required"
                            }
                          ],
                          "name": "ZodError"
                        },
                        {
                          "issues": [
                            {
                              "code": "invalid_type",
                              "expected": "number",
                              "received": "undefined",
                              "path": [
                                19,
                                "inductance"
                              ],
                              "message": "Required"
                            }
                          ],
                          "name": "ZodError"
                        }
                      ],
                      "path": [
                        19,
                        "inductance"
                      ],
                      "message": "Invalid input"
                    }
                  ],
                  "name": "ZodError"
                },
                {
                  "issues": [
                    {
                      "received": "pcb_component",
                      "code": "invalid_literal",
                      "expected": "source_component",
                      "path": [
                        19,
                        "type"
                      ],
                      "message": "Invalid literal value, expected \"source_component\""
                    },
                    {
                      "code": "invalid_literal",
                      "expected": "simple_push_button",
                      "path": [
                        19,
                        "ftype"
                      ],
                      "message": "Invalid literal value, expected \"simple_push_button\""
                    },
                    {
                      "code": "invalid_type",
                      "expected": "string",
                      "received": "undefined",
                      "path": [
                        19,
                        "name"
                      ],
                      "message": "Required"
                    }
                  ],
                  "name": "ZodError"
                },
                {
                  "issues": [
                    {
                      "received": "pcb_component",
                      "code": "invalid_literal",
                      "expected": "source_component",
                      "path": [
                        19,
                        "type"
                      ],
                      "message": "Invalid literal value, expected \"source_component\""
                    },
                    {
                      "code": "invalid_literal",
                      "expected": "simple_potentiometer",
                      "path": [
                        19,
                        "ftype"
                      ],
                      "message": "Invalid literal value, expected \"simple_potentiometer\""
                    },
                    {
                      "code": "invalid_type",
                      "expected": "string",
                      "received": "undefined",
                      "path": [
                        19,
                        "name"
                      ],
                      "message": "Required"
                    },
                    {
                      "code": "invalid_union",
                      "unionErrors": [
                        {
                          "issues": [
                            {
                              "code": "invalid_type",
                              "expected": "string",
                              "received": "undefined",
                              "path": [
                                19,
                                "max_resistance"
                              ],
                              "message": "Required"
                            }
                          ],
                          "name": "ZodError"
                        },
                        {
                          "issues": [
                            {
                              "code": "invalid_type",
                              "expected": "number",
                              "received": "undefined",
                              "path": [
                                19,
                                "max_resistance"
                              ],
                              "message": "Required"
                            }
                          ],
                          "name": "ZodError"
                        }
                      ],
                      "path": [
                        19,
                        "max_resistance"
                      ],
                      "message": "Invalid input"
                    }
                  ],
                  "name": "ZodError"
                },
                {
                  "issues": [
                    {
                      "received": "pcb_component",
                      "code": "invalid_literal",
                      "expected": "source_component",
                      "path": [
                        19,
                        "type"
                      ],
                      "message": "Invalid literal value, expected \"source_component\""
                    },
                    {
                      "code": "invalid_literal",
                      "expected": "simple_crystal",
                      "path": [
                        19,
                        "ftype"
                      ],
                      "message": "Invalid literal value, expected \"simple_crystal\""
                    },
                    {
                      "code": "invalid_type",
                      "expected": "string",
                      "received": "undefined",
                      "path": [
                        19,
                        "name"
                      ],
                      "message": "Required"
                    },
                    {
                      "code": "invalid_type",
                      "expected": "number",
                      "received": "undefined",
                      "path": [
                        19,
                        "frequency"
                      ],
                      "message": "Required"
                    }
                  ],
                  "name": "ZodError"
                },
                {
                  "issues": [
                    {
                      "received": "pcb_component",
                      "code": "invalid_literal",
                      "expected": "source_component",
                      "path": [
                        19,
                        "type"
                      ],
                      "message": "Invalid literal value, expected \"source_component\""
                    },
                    {
                      "code": "invalid_literal",
                      "expected": "simple_pin_header",
                      "path": [
                        19,
                        "ftype"
                      ],
                      "message": "Invalid literal value, expected \"simple_pin_header\""
                    },
                    {
                      "code": "invalid_type",
                      "expected": "string",
                      "received": "undefined",
                      "path": [
                        19,
                        "name"
                      ],
                      "message": "Required"
                    },
                    {
                      "code": "invalid_type",
                      "expected": "number",
                      "received": "undefined",
                      "path": [
                        19,
                        "pin_count"
                      ],
                      "message": "Required"
                    }
                  ],
                  "name": "ZodError"
                },
                {
                  "issues": [
                    {
                      "received": "pcb_component",
                      "code": "invalid_literal",
                      "expected": "source_component",
                      "path": [
                        19,
                        "type"
                      ],
                      "message": "Invalid literal value, expected \"source_component\""
                    },
                    {
                      "code": "invalid_literal",
                      "expected": "simple_connector",
                      "path": [
                        19,
                        "ftype"
                      ],
                      "message": "Invalid literal value, expected \"simple_connector\""
                    },
                    {
                      "code": "invalid_type",
                      "expected": "string",
                      "received": "undefined",
                      "path": [
                        19,
                        "name"
                      ],
                      "message": "Required"
                    }
                  ],
                  "name": "ZodError"
                },
                {
                  "issues": [
                    {
                      "received": "pcb_component",
                      "code": "invalid_literal",
                      "expected": "source_component",
                      "path": [
                        19,
                        "type"
                      ],
                      "message": "Invalid literal value, expected \"source_component\""
                    },
                    {
                      "code": "invalid_literal",
                      "expected": "simple_pinout",
                      "path": [
                        19,
                        "ftype"
                      ],
                      "message": "Invalid literal value, expected \"simple_pinout\""
                    },
                    {
                      "code": "invalid_type",
                      "expected": "string",
                      "received": "undefined",
                      "path": [
                        19,
                        "name"
                      ],
                      "message": "Required"
                    }
                  ],
                  "name": "ZodError"
                },
                {
                  "issues": [
                    {
                      "received": "pcb_component",
                      "code": "invalid_literal",
                      "expected": "source_component",
                      "path": [
                        19,
                        "type"
                      ],
                      "message": "Invalid literal value, expected \"source_component\""
                    },
                    {
                      "code": "invalid_literal",
                      "expected": "simple_resonator",
                      "path": [
                        19,
                        "ftype"
                      ],
                      "message": "Invalid literal value, expected \"simple_resonator\""
                    },
                    {
                      "code": "invalid_type",
                      "expected": "string",
                      "received": "undefined",
                      "path": [
                        19,
                        "name"
                      ],
                      "message": "Required"
                    },
                    {
                      "code": "invalid_union",
                      "unionErrors": [
                        {
                          "issues": [
                            {
                              "code": "invalid_type",
                              "expected": "string",
                              "received": "undefined",
                              "path": [
                                19,
                                "load_capacitance"
                              ],
                              "message": "Required"
                            }
                          ],
                          "name": "ZodError"
                        },
                        {
                          "issues": [
                            {
                              "code": "invalid_type",
                              "expected": "number",
                              "received": "undefined",
                              "path": [
                                19,
                                "load_capacitance"
                              ],
                              "message": "Required"
                            }
                          ],
                          "name": "ZodError"
                        }
                      ],
                      "path": [
                        19,
                        "load_capacitance"
                      ],
                      "message": "Invalid input"
                    },
                    {
                      "code": "invalid_union",
                      "unionErrors": [
                        {
                          "issues": [
                            {
                              "code": "invalid_type",
                              "expected": "string",
                              "received": "undefined",
                              "path": [
                                19,
                                "frequency"
                              ],
                              "message": "Required"
                            }
                          ],
                          "name": "ZodError"
                        },
                        {
                          "issues": [
                            {
                              "code": "invalid_type",
                              "expected": "number",
                              "received": "undefined",
                              "path": [
                                19,
                                "frequency"
                              ],
                              "message": "Required"
                            }
                          ],
                          "name": "ZodError"
                        }
                      ],
                      "path": [
                        19,
                        "frequency"
                      ],
                      "message": "Invalid input"
                    }
                  ],
                  "name": "ZodError"
                },
                {
                  "issues": [
                    {
                      "received": "pcb_component",
                      "code": "invalid_literal",
                      "expected": "source_component",
                      "path": [
                        19,
                        "type"
                      ],
                      "message": "Invalid literal value, expected \"source_component\""
                    },
                    {
                      "code": "invalid_literal",
                      "expected": "simple_switch",
                      "path": [
                        19,
                        "ftype"
                      ],
                      "message": "Invalid literal value, expected \"simple_switch\""
                    },
                    {
                      "code": "invalid_type",
                      "expected": "string",
                      "received": "undefined",
                      "path": [
                        19,
                        "name"
                      ],
                      "message": "Required"
                    }
                  ],
                  "name": "ZodError"
                },
                {
                  "issues": [
                    {
                      "received": "pcb_component",
                      "code": "invalid_literal",
                      "expected": "source_component",
                      "path": [
                        19,
                        "type"
                      ],
                      "message": "Invalid literal value, expected \"source_component\""
                    },
                    {
                      "code": "invalid_literal",
                      "expected": "simple_transistor",
                      "path": [
                        19,
                        "ftype"
                      ],
                      "message": "Invalid literal value, expected \"simple_transistor\""
                    },
                    {
                      "code": "invalid_type",
                      "expected": "string",
                      "received": "undefined",
                      "path": [
                        19,
                        "name"
                      ],
                      "message": "Required"
                    },
                    {
                      "expected": "'npn' | 'pnp'",
                      "received": "undefined",
                      "code": "invalid_type",
                      "path": [
                        19,
                        "transistor_type"
                      ],
                      "message": "Required"
                    }
                  ],
                  "name": "ZodError"
                },
                {
                  "issues": [
                    {
                      "received": "pcb_component",
                      "code": "invalid_literal",
                      "expected": "source_component",
                      "path": [
                        19,
                        "type"
                      ],
                      "message": "Invalid literal value, expected \"source_component\""
                    },
                    {
                      "code": "invalid_literal",
                      "expected": "simple_test_point",
                      "path": [
                        19,
                        "ftype"
                      ],
                      "message": "Invalid literal value, expected \"simple_test_point\""
                    },
                    {
                      "code": "invalid_type",
                      "expected": "string",
                      "received": "undefined",
                      "path": [
                        19,
                        "name"
                      ],
                      "message": "Required"
                    }
                  ],
                  "name": "ZodError"
                },
                {
                  "issues": [
                    {
                      "received": "pcb_component",
                      "code": "invalid_literal",
                      "expected": "source_component",
                      "path": [
                        19,
                        "type"
                      ],
                      "message": "Invalid literal value, expected \"source_component\""
                    },
                    {
                      "code": "invalid_literal",
                      "expected": "simple_mosfet",
                      "path": [
                        19,
                        "ftype"
                      ],
                      "message": "Invalid literal value, expected \"simple_mosfet\""
                    },
                    {
                      "code": "invalid_type",
                      "expected": "string",
                      "received": "undefined",
                      "path": [
                        19,
                        "name"
                      ],
                      "message": "Required"
                    },
                    {
                      "expected": "'n' | 'p'",
                      "received": "undefined",
                      "code": "invalid_type",
                      "path": [
                        19,
                        "channel_type"
                      ],
                      "message": "Required"
                    },
                    {
                      "expected": "'enhancement' | 'depletion'",
                      "received": "undefined",
                      "code": "invalid_type",
                      "path": [
                        19,
                        "mosfet_mode"
                      ],
                      "message": "Required"
                    }
                  ],
                  "name": "ZodError"
                },
                {
                  "issues": [
                    {
                      "received": "pcb_component",
                      "code": "invalid_literal",
                      "expected": "source_component",
                      "path": [
                        19,
                        "type"
                      ],
                      "message": "Invalid literal value, expected \"source_component\""
                    },
                    {
                      "code": "invalid_literal",
                      "expected": "simple_op_amp",
                      "path": [
                        19,
                        "ftype"
                      ],
                      "message": "Invalid literal value, expected \"simple_op_amp\""
                    },
                    {
                      "code": "invalid_type",
                      "expected": "string",
                      "received": "undefined",
                      "path": [
                        19,
                        "name"
                      ],
                      "message": "Required"
                    }
                  ],
                  "name": "ZodError"
                },
                {
                  "issues": [
                    {
                      "received": "pcb_component",
                      "code": "invalid_literal",
                      "expected": "source_component",
                      "path": [
                        19,
                        "type"
                      ],
                      "message": "Invalid literal value, expected \"source_component\""
                    },
                    {
                      "code": "invalid_literal",
                      "expected": "simple_fuse",
                      "path": [
                        19,
                        "ftype"
                      ],
                      "message": "Invalid literal value, expected \"simple_fuse\""
                    },
                    {
                      "code": "invalid_type",
                      "expected": "string",
                      "received": "undefined",
                      "path": [
                        19,
                        "name"
                      ],
                      "message": "Required"
                    },
                    {
                      "code": "invalid_type",
                      "expected": "number",
                      "received": "undefined",
                      "path": [
                        19,
                        "current_rating_amps"
                      ],
                      "message": "Required"
                    },
                    {
                      "code": "invalid_type",
                      "expected": "number",
                      "received": "undefined",
                      "path": [
                        19,
                        "voltage_rating_volts"
                      ],
                      "message": "Required"
                    }
                  ],
                  "name": "ZodError"
                },
                {
                  "issues": [
                    {
                      "received": "pcb_component",
                      "code": "invalid_literal",
                      "expected": "source_component",
                      "path": [
                        19,
                        "type"
                      ],
                      "message": "Invalid literal value, expected \"source_component\""
                    },
                    {
                      "code": "invalid_literal",
                      "expected": "simple_voltage_probe",
                      "path": [
                        19,
                        "ftype"
                      ],
                      "message": "Invalid literal value, expected \"simple_voltage_probe\""
                    },
                    {
                      "code": "invalid_type",
                      "expected": "string",
                      "received": "undefined",
                      "path": [
                        19,
                        "name"
                      ],
                      "message": "Required"
                    }
                  ],
                  "name": "ZodError"
                },
                {
                  "issues": [
                    {
                      "received": "pcb_component",
                      "code": "invalid_literal",
                      "expected": "source_component",
                      "path": [
                        19,
                        "type"
                      ],
                      "message": "Invalid literal value, expected \"source_component\""
                    },
                    {
                      "code": "invalid_literal",
                      "expected": "interconnect",
                      "path": [
                        19,
                        "ftype"
                      ],
                      "message": "Invalid literal value, expected \"interconnect\""
                    },
                    {
                      "code": "invalid_type",
                      "expected": "string",
                      "received": "undefined",
                      "path": [
                        19,
                        "name"
                      ],
                      "message": "Required"
                    }
                  ],
                  "name": "ZodError"
                },
                {
                  "issues": [
                    {
                      "received": "pcb_component",
                      "code": "invalid_literal",
                      "expected": "source_component",
                      "path": [
                        19,
                        "type"
                      ],
                      "message": "Invalid literal value, expected \"source_component\""
                    },
                    {
                      "code": "invalid_literal",
                      "expected": "simple_voltage_source",
                      "path": [
                        19,
                        "ftype"
                      ],
                      "message": "Invalid literal value, expected \"simple_voltage_source\""
                    },
                    {
                      "code": "invalid_type",
                      "expected": "string",
                      "received": "undefined",
                      "path": [
                        19,
                        "name"
                      ],
                      "message": "Required"
                    },
                    {
                      "code": "invalid_union",
                      "unionErrors": [
                        {
                          "issues": [
                            {
                              "code": "invalid_type",
                              "expected": "string",
                              "received": "undefined",
                              "path": [
                                19,
                                "voltage"
                              ],
                              "message": "Required"
                            }
                          ],
                          "name": "ZodError"
                        },
                        {
                          "issues": [
                            {
                              "code": "invalid_type",
                              "expected": "number",
                              "received": "undefined",
                              "path": [
                                19,
                                "voltage"
                              ],
                              "message": "Required"
                            }
                          ],
                          "name": "ZodError"
                        }
                      ],
                      "path": [
                        19,
                        "voltage"
                      ],
                      "message": "Invalid input"
                    }
                  ],
                  "name": "ZodError"
                },
                {
                  "issues": [
                    {
                      "received": "pcb_component",
                      "code": "invalid_literal",
                      "expected": "source_project_metadata",
                      "path": [
                        19,
                        "type"
                      ],
                      "message": "Invalid literal value, expected \"source_project_metadata\""
                    }
                  ],
                  "name": "ZodError"
                },
                {
                  "issues": [
                    {
                      "code": "invalid_type",
                      "expected": "string",
                      "received": "undefined",
                      "path": [
                        19,
                        "message"
                      ],
                      "message": "Required"
                    },
                    {
                      "received": "pcb_component",
                      "code": "invalid_literal",
                      "expected": "source_missing_property_error",
                      "path": [
                        19,
                        "type"
                      ],
                      "message": "Invalid literal value, expected \"source_missing_property_error\""
                    },
                    {
                      "code": "invalid_type",
                      "expected": "string",
                      "received": "undefined",
                      "path": [
                        19,
                        "property_name"
                      ],
                      "message": "Required"
                    }
                  ],
                  "name": "ZodError"
                },
                {
                  "issues": [
                    {
                      "code": "invalid_type",
                      "expected": "string",
                      "received": "undefined",
                      "path": [
                        19,
                        "message"
                      ],
                      "message": "Required"
                    },
                    {
                      "received": "pcb_component",
                      "code": "invalid_literal",
                      "expected": "source_invalid_component_property_error",
                      "path": [
                        19,
                        "type"
                      ],
                      "message": "Invalid literal value, expected \"source_invalid_component_property_error\""
                    },
                    {
                      "code": "invalid_type",
                      "expected": "string",
                      "received": "undefined",
                      "path": [
                        19,
                        "property_name"
                      ],
                      "message": "Required"
                    }
                  ],
                  "name": "ZodError"
                },
                {
                  "issues": [
                    {
                      "code": "invalid_type",
                      "expected": "string",
                      "received": "undefined",
                      "path": [
                        19,
                        "message"
                      ],
                      "message": "Required"
                    },
                    {
                      "received": "pcb_component",
                      "code": "invalid_literal",
                      "expected": "source_failed_to_create_component_error",
                      "path": [
                        19,
                        "type"
                      ],
                      "message": "Invalid literal value, expected \"source_failed_to_create_component_error\""
                    }
                  ],
                  "name": "ZodError"
                },
                {
                  "issues": [
                    {
                      "code": "invalid_type",
                      "expected": "string",
                      "received": "undefined",
                      "path": [
                        19,
                        "message"
                      ],
                      "message": "Required"
                    },
                    {
                      "received": "pcb_component",
                      "code": "invalid_literal",
                      "expected": "source_trace_not_connected_error",
                      "path": [
                        19,
                        "type"
                      ],
                      "message": "Invalid literal value, expected \"source_trace_not_connected_error\""
                    }
                  ],
                  "name": "ZodError"
                },
                {
                  "issues": [
                    {
                      "received": "pcb_component",
                      "code": "invalid_literal",
                      "expected": "source_property_ignored_warning",
                      "path": [
                        19,
                        "type"
                      ],
                      "message": "Invalid literal value, expected \"source_property_ignored_warning\""
                    },
                    {
                      "code": "invalid_type",
                      "expected": "string",
                      "received": "undefined",
                      "path": [
                        19,
                        "property_name"
                      ],
                      "message": "Required"
                    },
                    {
                      "code": "invalid_type",
                      "expected": "string",
                      "received": "undefined",
                      "path": [
                        19,
                        "message"
                      ],
                      "message": "Required"
                    }
                  ],
                  "name": "ZodError"
                },
                {
                  "issues": [
                    {
                      "received": "pcb_component",
                      "code": "invalid_literal",
                      "expected": "source_pin_missing_trace_warning",
                      "path": [
                        19,
                        "type"
                      ],
                      "message": "Invalid literal value, expected \"source_pin_missing_trace_warning\""
                    },
                    {
                      "code": "invalid_type",
                      "expected": "string",
                      "received": "undefined",
                      "path": [
                        19,
                        "message"
                      ],
                      "message": "Required"
                    },
                    {
                      "code": "invalid_type",
                      "expected": "string",
                      "received": "undefined",
                      "path": [
                        19,
                        "source_port_id"
                      ],
                      "message": "Required"
                    }
                  ],
                  "name": "ZodError"
                },
                {
                  "issues": [
                    {
                      "received": "pcb_component",
                      "code": "invalid_literal",
                      "expected": "source_missing_manufacturer_part_number_warning",
                      "path": [
                        19,
                        "type"
                      ],
                      "message": "Invalid literal value, expected \"source_missing_manufacturer_part_number_warning\""
                    },
                    {
                      "code": "invalid_type",
                      "expected": "string",
                      "received": "undefined",
                      "path": [
                        19,
                        "message"
                      ],
                      "message": "Required"
                    }
                  ],
                  "name": "ZodError"
                },
                {
                  "issues": [
                    {
                      "received": "pcb_component",
                      "code": "invalid_literal",
                      "expected": "source_refdes_convention_warning",
                      "path": [
                        19,
                        "type"
                      ],
                      "message": "Invalid literal value, expected \"source_refdes_convention_warning\""
                    },
                    {
                      "code": "invalid_type",
                      "expected": "string",
                      "received": "undefined",
                      "path": [
                        19,
                        "message"
                      ],
                      "message": "Required"
                    },
                    {
                      "code": "invalid_type",
                      "expected": "string",
                      "received": "undefined",
                      "path": [
                        19,
                        "refdes"
                      ],
                      "message": "Required"
                    },
                    {
                      "code": "invalid_type",
                      "expected": "string",
                      "received": "undefined",
                      "path": [
                        19,
                        "source_component_ftype"
                      ],
                      "message": "Required"
                    },
                    {
                      "code": "invalid_type",
                      "expected": "array",
                      "received": "undefined",
                      "path": [
                        19,
                        "expected_prefixes"
                      ],
                      "message": "Required"
                    }
                  ],
                  "name": "ZodError"
                },
                {
                  "issues": [
                    {
                      "code": "invalid_type",
                      "expected": "string",
                      "received": "undefined",
                      "path": [
                        19,
                        "message"
                      ],
                      "message": "Required"
                    },
                    {
                      "received": "pcb_component",
                      "code": "invalid_literal",
                      "expected": "source_i2c_misconfigured_error",
                      "path": [
                        19,
                        "type"
                      ],
                      "message": "Invalid literal value, expected \"source_i2c_misconfigured_error\""
                    },
                    {
                      "code": "invalid_type",
                      "expected": "array",
                      "received": "undefined",
                      "path": [
                        19,
                        "source_port_ids"
                      ],
                      "message": "Required"
                    }
                  ],
                  "name": "ZodError"
                },
                {
                  "issues": [
                    {
                      "code": "invalid_type",
                      "expected": "string",
                      "received": "undefined",
                      "path": [
                        19,
                        "message"
                      ],
                      "message": "Required"
                    },
                    {
                      "received": "pcb_component",
                      "code": "invalid_literal",
                      "expected": "source_component_misconfigured_error",
                      "path": [
                        19,
                        "type"
                      ],
                      "message": "Invalid literal value, expected \"source_component_misconfigured_error\""
                    },
                    {
                      "code": "invalid_type",
                      "expected": "array",
                      "received": "undefined",
                      "path": [
                        19,
                        "source_component_ids"
                      ],
                      "message": "Required"
                    }
                  ],
                  "name": "ZodError"
                }
              ],
              "path": [
                19
              ],
              "message": "Invalid input"
            }
          ],
          "name": "ZodError"
        },
        {
          "issues": [
            {
              "received": "pcb_component",
              "code": "invalid_literal",
              "expected": "source_net",
              "path": [
                19,
                "type"
              ],
              "message": "Invalid literal value, expected \"source_net\""
            },
            {
              "code": "invalid_type",
              "expected": "string",
              "received": "undefined",
              "path": [
                19,
                "source_net_id"
              ],
              "message": "Required"
            },
            {
              "code": "invalid_type",
              "expected": "string",
              "received": "undefined",
              "path": [
                19,
                "name"
              ],
              "message": "Required"
            },
            {
              "code": "invalid_type",
              "expected": "array",
              "received": "undefined",
              "path": [
                19,
                "member_source_group_ids"
              ],
              "message": "Required"
            }
          ],
          "name": "ZodError"
        },
        {
          "issues": [
            {
              "received": "pcb_component",
              "code": "invalid_literal",
              "expected": "source_group",
              "path": [
                19,
                "type"
              ],
              "message": "Invalid literal value, expected \"source_group\""
            },
            {
              "code": "invalid_type",
              "expected": "string",
              "received": "undefined",
              "path": [
                19,
                "source_group_id"
              ],
              "message": "Required"
            }
          ],
          "name": "ZodError"
        },
        {
          "issues": [
            {
              "received": "pcb_component",
              "code": "invalid_literal",
              "expected": "source_component",
              "path": [
                19,
                "type"
              ],
              "message": "Invalid literal value, expected \"source_component\""
            },
            {
              "code": "invalid_literal",
              "expected": "simple_chip",
              "path": [
                19,
                "ftype"
              ],
              "message": "Invalid literal value, expected \"simple_chip\""
            },
            {
              "code": "invalid_type",
              "expected": "string",
              "received": "undefined",
              "path": [
                19,
                "name"
              ],
              "message": "Required"
            }
          ],
          "name": "ZodError"
        },
        {
          "issues": [
            {
              "received": "pcb_component",
              "code": "invalid_literal",
              "expected": "source_component",
              "path": [
                19,
                "type"
              ],
              "message": "Invalid literal value, expected \"source_component\""
            },
            {
              "code": "invalid_literal",
              "expected": "simple_capacitor",
              "path": [
                19,
                "ftype"
              ],
              "message": "Invalid literal value, expected \"simple_capacitor\""
            },
            {
              "code": "invalid_type",
              "expected": "string",
              "received": "undefined",
              "path": [
                19,
                "name"
              ],
              "message": "Required"
            },
            {
              "code": "invalid_union",
              "unionErrors": [
                {
                  "issues": [
                    {
                      "code": "invalid_type",
                      "expected": "string",
                      "received": "undefined",
                      "path": [
                        19,
                        "capacitance"
                      ],
                      "message": "Required"
                    }
                  ],
                  "name": "ZodError"
                },
                {
                  "issues": [
                    {
                      "code": "invalid_type",
                      "expected": "number",
                      "received": "undefined",
                      "path": [
                        19,
                        "capacitance"
                      ],
                      "message": "Required"
                    }
                  ],
                  "name": "ZodError"
                }
              ],
              "path": [
                19,
                "capacitance"
              ],
              "message": "Invalid input"
            }
          ],
          "name": "ZodError"
        },
        {
          "issues": [
            {
              "received": "pcb_component",
              "code": "invalid_literal",
              "expected": "source_component",
              "path": [
                19,
                "type"
              ],
              "message": "Invalid literal value, expected \"source_component\""
            },
            {
              "code": "invalid_literal",
              "expected": "simple_diode",
              "path": [
                19,
                "ftype"
              ],
              "message": "Invalid literal value, expected \"simple_diode\""
            },
            {
              "code": "invalid_type",
              "expected": "string",
              "received": "undefined",
              "path": [
                19,
                "name"
              ],
              "message": "Required"
            }
          ],
          "name": "ZodError"
        },
        {
          "issues": [
            {
              "received": "pcb_component",
              "code": "invalid_literal",
              "expected": "source_component",
              "path": [
                19,
                "type"
              ],
              "message": "Invalid literal value, expected \"source_component\""
            },
            {
              "code": "invalid_literal",
              "expected": "simple_led",
              "path": [
                19,
                "ftype"
              ],
              "message": "Invalid literal value, expected \"simple_led\""
            },
            {
              "code": "invalid_type",
              "expected": "string",
              "received": "undefined",
              "path": [
                19,
                "name"
              ],
              "message": "Required"
            }
          ],
          "name": "ZodError"
        },
        {
          "issues": [
            {
              "received": "pcb_component",
              "code": "invalid_literal",
              "expected": "source_component",
              "path": [
                19,
                "type"
              ],
              "message": "Invalid literal value, expected \"source_component\""
            },
            {
              "code": "invalid_literal",
              "expected": "simple_resistor",
              "path": [
                19,
                "ftype"
              ],
              "message": "Invalid literal value, expected \"simple_resistor\""
            },
            {
              "code": "invalid_type",
              "expected": "string",
              "received": "undefined",
              "path": [
                19,
                "name"
              ],
              "message": "Required"
            },
            {
              "code": "invalid_union",
              "unionErrors": [
                {
                  "issues": [
                    {
                      "code": "invalid_type",
                      "expected": "string",
                      "received": "undefined",
                      "path": [
                        19,
                        "resistance"
                      ],
                      "message": "Required"
                    }
                  ],
                  "name": "ZodError"
                },
                {
                  "issues": [
                    {
                      "code": "invalid_type",
                      "expected": "number",
                      "received": "undefined",
                      "path": [
                        19,
                        "resistance"
                      ],
                      "message": "Required"
                    }
                  ],
                  "name": "ZodError"
                }
              ],
              "path": [
                19,
                "resistance"
              ],
              "message": "Invalid input"
            }
          ],
          "name": "ZodError"
        },
        {
          "issues": [
            {
              "received": "pcb_component",
              "code": "invalid_literal",
              "expected": "source_component",
              "path": [
                19,
                "type"
              ],
              "message": "Invalid literal value, expected \"source_component\""
            },
            {
              "code": "invalid_literal",
              "expected": "simple_power_source",
              "path": [
                19,
                "ftype"
              ],
              "message": "Invalid literal value, expected \"simple_power_source\""
            },
            {
              "code": "invalid_type",
              "expected": "string",
              "received": "undefined",
              "path": [
                19,
                "name"
              ],
              "message": "Required"
            },
            {
              "code": "invalid_union",
              "unionErrors": [
                {
                  "issues": [
                    {
                      "code": "invalid_type",
                      "expected": "string",
                      "received": "undefined",
                      "path": [
                        19,
                        "voltage"
                      ],
                      "message": "Required"
                    }
                  ],
                  "name": "ZodError"
                },
                {
                  "issues": [
                    {
                      "code": "invalid_type",
                      "expected": "number",
                      "received": "undefined",
                      "path": [
                        19,
                        "voltage"
                      ],
                      "message": "Required"
                    }
                  ],
                  "name": "ZodError"
                }
              ],
              "path": [
                19,
                "voltage"
              ],
              "message": "Invalid input"
            }
          ],
          "name": "ZodError"
        },
        {
          "issues": [
            {
              "received": "pcb_component",
              "code": "invalid_literal",
              "expected": "source_component",
              "path": [
                19,
                "type"
              ],
              "message": "Invalid literal value, expected \"source_component\""
            },
            {
              "code": "invalid_literal",
              "expected": "simple_battery",
              "path": [
                19,
                "ftype"
              ],
              "message": "Invalid literal value, expected \"simple_battery\""
            },
            {
              "code": "invalid_type",
              "expected": "string",
              "received": "undefined",
              "path": [
                19,
                "name"
              ],
              "message": "Required"
            },
            {
              "code": "invalid_union",
              "unionErrors": [
                {
                  "issues": [
                    {
                      "code": "invalid_type",
                      "expected": "number",
                      "received": "undefined",
                      "path": [
                        19,
                        "capacity"
                      ],
                      "message": "Required"
                    }
                  ],
                  "name": "ZodError"
                },
                {
                  "issues": [
                    {
                      "code": "invalid_type",
                      "expected": "string",
                      "received": "undefined",
                      "path": [
                        19,
                        "capacity"
                      ],
                      "message": "Required"
                    }
                  ],
                  "name": "ZodError"
                }
              ],
              "path": [
                19,
                "capacity"
              ],
              "message": "Invalid input"
            }
          ],
          "name": "ZodError"
        },
        {
          "issues": [
            {
              "received": "pcb_component",
              "code": "invalid_literal",
              "expected": "source_component",
              "path": [
                19,
                "type"
              ],
              "message": "Invalid literal value, expected \"source_component\""
            },
            {
              "code": "invalid_literal",
              "expected": "simple_inductor",
              "path": [
                19,
                "ftype"
              ],
              "message": "Invalid literal value, expected \"simple_inductor\""
            },
            {
              "code": "invalid_type",
              "expected": "string",
              "received": "undefined",
              "path": [
                19,
                "name"
              ],
              "message": "Required"
            },
            {
              "code": "invalid_union",
              "unionErrors": [
                {
                  "issues": [
                    {
                      "code": "invalid_type",
                      "expected": "string",
                      "received": "undefined",
                      "path": [
                        19,
                        "inductance"
                      ],
                      "message": "Required"
                    }
                  ],
                  "name": "ZodError"
                },
                {
                  "issues": [
                    {
                      "code": "invalid_type",
                      "expected": "number",
                      "received": "undefined",
                      "path": [
                        19,
                        "inductance"
                      ],
                      "message": "Required"
                    }
                  ],
                  "name": "ZodError"
                }
              ],
              "path": [
                19,
                "inductance"
              ],
              "message": "Invalid input"
            }
          ],
          "name": "ZodError"
        },
        {
          "issues": [
            {
              "received": "pcb_component",
              "code": "invalid_literal",
              "expected": "source_component",
              "path": [
                19,
                "type"
              ],
              "message": "Invalid literal value, expected \"source_component\""
            },
            {
              "code": "invalid_literal",
              "expected": "simple_pin_header",
              "path": [
                19,
                "ftype"
              ],
              "message": "Invalid literal value, expected \"simple_pin_header\""
            },
            {
              "code": "invalid_type",
              "expected": "string",
              "received": "undefined",
              "path": [
                19,
                "name"
              ],
              "message": "Required"
            },
            {
              "code": "invalid_type",
              "expected": "number",
              "received": "undefined",
              "path": [
                19,
                "pin_count"
              ],
              "message": "Required"
            }
          ],
          "name": "ZodError"
        },
        {
          "issues": [
            {
              "received": "pcb_component",
              "code": "invalid_literal",
              "expected": "source_component",
              "path": [
                19,
                "type"
              ],
              "message": "Invalid literal value, expected \"source_component\""
            },
            {
              "code": "invalid_literal",
              "expected": "simple_pinout",
              "path": [
                19,
                "ftype"
              ],
              "message": "Invalid literal value, expected \"simple_pinout\""
            },
            {
              "code": "invalid_type",
              "expected": "string",
              "received": "undefined",
              "path": [
                19,
                "name"
              ],
              "message": "Required"
            }
          ],
          "name": "ZodError"
        },
        {
          "issues": [
            {
              "received": "pcb_component",
              "code": "invalid_literal",
              "expected": "source_component",
              "path": [
                19,
                "type"
              ],
              "message": "Invalid literal value, expected \"source_component\""
            },
            {
              "code": "invalid_literal",
              "expected": "simple_resonator",
              "path": [
                19,
                "ftype"
              ],
              "message": "Invalid literal value, expected \"simple_resonator\""
            },
            {
              "code": "invalid_type",
              "expected": "string",
              "received": "undefined",
              "path": [
                19,
                "name"
              ],
              "message": "Required"
            },
            {
              "code": "invalid_union",
              "unionErrors": [
                {
                  "issues": [
                    {
                      "code": "invalid_type",
                      "expected": "string",
                      "received": "undefined",
                      "path": [
                        19,
                        "load_capacitance"
                      ],
                      "message": "Required"
                    }
                  ],
                  "name": "ZodError"
                },
                {
                  "issues": [
                    {
                      "code": "invalid_type",
                      "expected": "number",
                      "received": "undefined",
                      "path": [
                        19,
                        "load_capacitance"
                      ],
                      "message": "Required"
                    }
                  ],
                  "name": "ZodError"
                }
              ],
              "path": [
                19,
                "load_capacitance"
              ],
              "message": "Invalid input"
            },
            {
              "code": "invalid_union",
              "unionErrors": [
                {
                  "issues": [
                    {
                      "code": "invalid_type",
                      "expected": "string",
                      "received": "undefined",
                      "path": [
                        19,
                        "frequency"
                      ],
                      "message": "Required"
                    }
                  ],
                  "name": "ZodError"
                },
                {
                  "issues": [
                    {
                      "code": "invalid_type",
                      "expected": "number",
                      "received": "undefined",
                      "path": [
                        19,
                        "frequency"
                      ],
                      "message": "Required"
                    }
                  ],
                  "name": "ZodError"
                }
              ],
              "path": [
                19,
                "frequency"
              ],
              "message": "Invalid input"
            }
          ],
          "name": "ZodError"
        },
        {
          "issues": [
            {
              "received": "pcb_component",
              "code": "invalid_literal",
              "expected": "source_component",
              "path": [
                19,
                "type"
              ],
              "message": "Invalid literal value, expected \"source_component\""
            },
            {
              "code": "invalid_literal",
              "expected": "simple_switch",
              "path": [
                19,
                "ftype"
              ],
              "message": "Invalid literal value, expected \"simple_switch\""
            },
            {
              "code": "invalid_type",
              "expected": "string",
              "received": "undefined",
              "path": [
                19,
                "name"
              ],
              "message": "Required"
            }
          ],
          "name": "ZodError"
        },
        {
          "issues": [
            {
              "received": "pcb_component",
              "code": "invalid_literal",
              "expected": "source_component",
              "path": [
                19,
                "type"
              ],
              "message": "Invalid literal value, expected \"source_component\""
            },
            {
              "code": "invalid_literal",
              "expected": "simple_transistor",
              "path": [
                19,
                "ftype"
              ],
              "message": "Invalid literal value, expected \"simple_transistor\""
            },
            {
              "code": "invalid_type",
              "expected": "string",
              "received": "undefined",
              "path": [
                19,
                "name"
              ],
              "message": "Required"
            },
            {
              "expected": "'npn' | 'pnp'",
              "received": "undefined",
              "code": "invalid_type",
              "path": [
                19,
                "transistor_type"
              ],
              "message": "Required"
            }
          ],
          "name": "ZodError"
        },
        {
          "issues": [
            {
              "received": "pcb_component",
              "code": "invalid_literal",
              "expected": "source_component",
              "path": [
                19,
                "type"
              ],
              "message": "Invalid literal value, expected \"source_component\""
            },
            {
              "code": "invalid_literal",
              "expected": "simple_test_point",
              "path": [
                19,
                "ftype"
              ],
              "message": "Invalid literal value, expected \"simple_test_point\""
            },
            {
              "code": "invalid_type",
              "expected": "string",
              "received": "undefined",
              "path": [
                19,
                "name"
              ],
              "message": "Required"
            }
          ],
          "name": "ZodError"
        },
        {
          "issues": [
            {
              "received": "pcb_component",
              "code": "invalid_literal",
              "expected": "source_component",
              "path": [
                19,
                "type"
              ],
              "message": "Invalid literal value, expected \"source_component\""
            },
            {
              "code": "invalid_literal",
              "expected": "simple_mosfet",
              "path": [
                19,
                "ftype"
              ],
              "message": "Invalid literal value, expected \"simple_mosfet\""
            },
            {
              "code": "invalid_type",
              "expected": "string",
              "received": "undefined",
              "path": [
                19,
                "name"
              ],
              "message": "Required"
            },
            {
              "expected": "'n' | 'p'",
              "received": "undefined",
              "code": "invalid_type",
              "path": [
                19,
                "channel_type"
              ],
              "message": "Required"
            },
            {
              "expected": "'enhancement' | 'depletion'",
              "received": "undefined",
              "code": "invalid_type",
              "path": [
                19,
                "mosfet_mode"
              ],
              "message": "Required"
            }
          ],
          "name": "ZodError"
        },
        {
          "issues": [
            {
              "received": "pcb_component",
              "code": "invalid_literal",
              "expected": "source_component",
              "path": [
                19,
                "type"
              ],
              "message": "Invalid literal value, expected \"source_component\""
            },
            {
              "code": "invalid_literal",
              "expected": "simple_op_amp",
              "path": [
                19,
                "ftype"
              ],
              "message": "Invalid literal value, expected \"simple_op_amp\""
            },
            {
              "code": "invalid_type",
              "expected": "string",
              "received": "undefined",
              "path": [
                19,
                "name"
              ],
              "message": "Required"
            }
          ],
          "name": "ZodError"
        },
        {
          "issues": [
            {
              "received": "pcb_component",
              "code": "invalid_literal",
              "expected": "source_component",
              "path": [
                19,
                "type"
              ],
              "message": "Invalid literal value, expected \"source_component\""
            },
            {
              "code": "invalid_literal",
              "expected": "simple_potentiometer",
              "path": [
                19,
                "ftype"
              ],
              "message": "Invalid literal value, expected \"simple_potentiometer\""
            },
            {
              "code": "invalid_type",
              "expected": "string",
              "received": "undefined",
              "path": [
                19,
                "name"
              ],
              "message": "Required"
            },
            {
              "code": "invalid_union",
              "unionErrors": [
                {
                  "issues": [
                    {
                      "code": "invalid_type",
                      "expected": "string",
                      "received": "undefined",
                      "path": [
                        19,
                        "max_resistance"
                      ],
                      "message": "Required"
                    }
                  ],
                  "name": "ZodError"
                },
                {
                  "issues": [
                    {
                      "code": "invalid_type",
                      "expected": "number",
                      "received": "undefined",
                      "path": [
                        19,
                        "max_resistance"
                      ],
                      "message": "Required"
                    }
                  ],
                  "name": "ZodError"
                }
              ],
              "path": [
                19,
                "max_resistance"
              ],
              "message": "Invalid input"
            }
          ],
          "name": "ZodError"
        },
        {
          "issues": [
            {
              "received": "pcb_component",
              "code": "invalid_literal",
              "expected": "source_component",
              "path": [
                19,
                "type"
              ],
              "message": "Invalid literal value, expected \"source_component\""
            },
            {
              "code": "invalid_literal",
              "expected": "simple_push_button",
              "path": [
                19,
                "ftype"
              ],
              "message": "Invalid literal value, expected \"simple_push_button\""
            },
            {
              "code": "invalid_type",
              "expected": "string",
              "received": "undefined",
              "path": [
                19,
                "name"
              ],
              "message": "Required"
            }
          ],
          "name": "ZodError"
        },
        {
          "issues": [
            {
              "received": "pcb_component",
              "code": "invalid_literal",
              "expected": "source_pcb_ground_plane",
              "path": [
                19,
                "type"
              ],
              "message": "Invalid literal value, expected \"source_pcb_ground_plane\""
            },
            {
              "code": "invalid_type",
              "expected": "string",
              "received": "undefined",
              "path": [
                19,
                "source_pcb_ground_plane_id"
              ],
              "message": "Required"
            },
            {
              "code": "invalid_type",
              "expected": "string",
              "received": "undefined",
              "path": [
                19,
                "source_group_id"
              ],
              "message": "Required"
            },
            {
              "code": "invalid_type",
              "expected": "string",
              "received": "undefined",
              "path": [
                19,
                "source_net_id"
              ],
              "message": "Required"
            }
          ],
          "name": "ZodError"
        },
        {
          "issues": [
            {
              "received": "pcb_component",
              "code": "invalid_literal",
              "expected": "source_manually_placed_via",
              "path": [
                19,
                "type"
              ],
              "message": "Invalid literal value, expected \"source_manually_placed_via\""
            },
            {
              "code": "invalid_type",
              "expected": "string",
              "received": "undefined",
              "path": [
                19,
                "source_manually_placed_via_id"
              ],
              "message": "Required"
            },
            {
              "code": "invalid_type",
              "expected": "string",
              "received": "undefined",
              "path": [
                19,
                "source_group_id"
              ],
              "message": "Required"
            }
          ],
          "name": "ZodError"
        },
        {
          "issues": [
            {
              "received": "pcb_component",
              "code": "invalid_literal",
              "expected": "source_board",
              "path": [
                19,
                "type"
              ],
              "message": "Invalid literal value, expected \"source_board\""
            },
            {
              "code": "invalid_type",
              "expected": "string",
              "received": "undefined",
              "path": [
                19,
                "source_board_id"
              ],
              "message": "Required"
            },
            {
              "code": "invalid_type",
              "expected": "string",
              "received": "undefined",
              "path": [
                19,
                "source_group_id"
              ],
              "message": "Required"
            }
          ],
          "name": "ZodError"
        },
        {
          "issues": [
            {
              "received": "pcb_component",
              "code": "invalid_literal",
              "expected": "source_project_metadata",
              "path": [
                19,
                "type"
              ],
              "message": "Invalid literal value, expected \"source_project_metadata\""
            }
          ],
          "name": "ZodError"
        },
        {
          "issues": [
            {
              "code": "invalid_type",
              "expected": "string",
              "received": "undefined",
              "path": [
                19,
                "message"
              ],
              "message": "Required"
            },
            {
              "received": "pcb_component",
              "code": "invalid_literal",
              "expected": "source_invalid_component_property_error",
              "path": [
                19,
                "type"
              ],
              "message": "Invalid literal value, expected \"source_invalid_component_property_error\""
            },
            {
              "code": "invalid_type",
              "expected": "string",
              "received": "undefined",
              "path": [
                19,
                "property_name"
              ],
              "message": "Required"
            }
          ],
          "name": "ZodError"
        },
        {
          "issues": [
            {
              "code": "invalid_type",
              "expected": "string",
              "received": "undefined",
              "path": [
                19,
                "message"
              ],
              "message": "Required"
            },
            {
              "received": "pcb_component",
              "code": "invalid_literal",
              "expected": "source_trace_not_connected_error",
              "path": [
                19,
                "type"
              ],
              "message": "Invalid literal value, expected \"source_trace_not_connected_error\""
            }
          ],
          "name": "ZodError"
        },
        {
          "issues": [
            {
              "received": "pcb_component",
              "code": "invalid_literal",
              "expected": "source_pin_missing_trace_warning",
              "path": [
                19,
                "type"
              ],
              "message": "Invalid literal value, expected \"source_pin_missing_trace_warning\""
            },
            {
              "code": "invalid_type",
              "expected": "string",
              "received": "undefined",
              "path": [
                19,
                "message"
              ],
              "message": "Required"
            },
            {
              "code": "invalid_type",
              "expected": "string",
              "received": "undefined",
              "path": [
                19,
                "source_port_id"
              ],
              "message": "Required"
            }
          ],
          "name": "ZodError"
        },
        {
          "issues": [
            {
              "received": "pcb_component",
              "code": "invalid_literal",
              "expected": "source_unnamed_trace_warning",
              "path": [
                19,
                "type"
              ],
              "message": "Invalid literal value, expected \"source_unnamed_trace_warning\""
            },
            {
              "code": "invalid_type",
              "expected": "string",
              "received": "undefined",
              "path": [
                19,
                "message"
              ],
              "message": "Required"
            },
            {
              "code": "invalid_type",
              "expected": "string",
              "received": "undefined",
              "path": [
                19,
                "source_trace_id"
              ],
              "message": "Required"
            }
          ],
          "name": "ZodError"
        },
        {
          "issues": [
            {
              "received": "pcb_component",
              "code": "invalid_literal",
              "expected": "source_confusing_net_name_warning",
              "path": [
                19,
                "type"
              ],
              "message": "Invalid literal value, expected \"source_confusing_net_name_warning\""
            },
            {
              "code": "invalid_type",
              "expected": "string",
              "received": "undefined",
              "path": [
                19,
                "message"
              ],
              "message": "Required"
            },
            {
              "code": "invalid_type",
              "expected": "array",
              "received": "undefined",
              "path": [
                19,
                "source_net_ids"
              ],
              "message": "Required"
            },
            {
              "code": "invalid_type",
              "expected": "string",
              "received": "undefined",
              "path": [
                19,
                "net_name"
              ],
              "message": "Required"
            }
          ],
          "name": "ZodError"
        },
        {
          "issues": [
            {
              "received": "pcb_component",
              "code": "invalid_literal",
              "expected": "source_missing_manufacturer_part_number_warning",
              "path": [
                19,
                "type"
              ],
              "message": "Invalid literal value, expected \"source_missing_manufacturer_part_number_warning\""
            },
            {
              "code": "invalid_type",
              "expected": "string",
              "received": "undefined",
              "path": [
                19,
                "message"
              ],
              "message": "Required"
            }
          ],
          "name": "ZodError"
        },
        {
          "issues": [
            {
              "received": "pcb_component",
              "code": "invalid_literal",
              "expected": "source_refdes_convention_warning",
              "path": [
                19,
                "type"
              ],
              "message": "Invalid literal value, expected \"source_refdes_convention_warning\""
            },
            {
              "code": "invalid_type",
              "expected": "string",
              "received": "undefined",
              "path": [
                19,
                "message"
              ],
              "message": "Required"
            },
            {
              "code": "invalid_type",
              "expected": "string",
              "received": "undefined",
              "path": [
                19,
                "refdes"
              ],
              "message": "Required"
            },
            {
              "code": "invalid_type",
              "expected": "string",
              "received": "undefined",
              "path": [
                19,
                "source_component_ftype"
              ],
              "message": "Required"
            },
            {
              "code": "invalid_type",
              "expected": "array",
              "received": "undefined",
              "path": [
                19,
                "expected_prefixes"
              ],
              "message": "Required"
            }
          ],
          "name": "ZodError"
        },
        {
          "issues": [
            {
              "received": "pcb_component",
              "code": "invalid_literal",
              "expected": "source_no_power_pin_defined_warning",
              "path": [
                19,
                "type"
              ],
              "message": "Invalid literal value, expected \"source_no_power_pin_defined_warning\""
            },
            {
              "code": "invalid_type",
              "expected": "string",
              "received": "undefined",
              "path": [
                19,
                "message"
              ],
              "message": "Required"
            },
            {
              "code": "invalid_type",
              "expected": "array",
              "received": "undefined",
              "path": [
                19,
                "source_port_ids"
              ],
              "message": "Required"
            }
          ],
          "name": "ZodError"
        },
        {
          "issues": [
            {
              "received": "pcb_component",
              "code": "invalid_literal",
              "expected": "source_no_ground_pin_defined_warning",
              "path": [
                19,
                "type"
              ],
              "message": "Invalid literal value, expected \"source_no_ground_pin_defined_warning\""
            },
            {
              "code": "invalid_type",
              "expected": "string",
              "received": "undefined",
              "path": [
                19,
                "message"
              ],
              "message": "Required"
            },
            {
              "code": "invalid_type",
              "expected": "array",
              "received": "undefined",
              "path": [
                19,
                "source_port_ids"
              ],
              "message": "Required"
            }
          ],
          "name": "ZodError"
        },
        {
          "issues": [
            {
              "received": "pcb_component",
              "code": "invalid_literal",
              "expected": "source_component_pins_underspecified_warning",
              "path": [
                19,
                "type"
              ],
              "message": "Invalid literal value, expected \"source_component_pins_underspecified_warning\""
            },
            {
              "code": "invalid_type",
              "expected": "string",
              "received": "undefined",
              "path": [
                19,
                "message"
              ],
              "message": "Required"
            },
            {
              "code": "invalid_type",
              "expected": "array",
              "received": "undefined",
              "path": [
                19,
                "source_port_ids"
              ],
              "message": "Required"
            }
          ],
          "name": "ZodError"
        },
        {
          "issues": [
            {
              "code": "invalid_type",
              "expected": "string",
              "received": "undefined",
              "path": [
                19,
                "message"
              ],
              "message": "Required"
            },
            {
              "received": "pcb_component",
              "code": "invalid_literal",
              "expected": "source_pin_must_be_connected_error",
              "path": [
                19,
                "type"
              ],
              "message": "Invalid literal value, expected \"source_pin_must_be_connected_error\""
            },
            {
              "code": "invalid_type",
              "expected": "string",
              "received": "undefined",
              "path": [
                19,
                "source_port_id"
              ],
              "message": "Required"
            }
          ],
          "name": "ZodError"
        },
        {
          "issues": [
            {
              "code": "invalid_type",
              "expected": "string",
              "received": "undefined",
              "path": [
                19,
                "message"
              ],
              "message": "Required"
            },
            {
              "received": "pcb_component",
              "code": "invalid_literal",
              "expected": "unknown_error_finding_part",
              "path": [
                19,
                "type"
              ],
              "message": "Invalid literal value, expected \"unknown_error_finding_part\""
            }
          ],
          "name": "ZodError"
        },
        {
          "issues": [
            {
              "received": "pcb_component",
              "code": "invalid_literal",
              "expected": "source_part_not_found_warning",
              "path": [
                19,
                "type"
              ],
              "message": "Invalid literal value, expected \"source_part_not_found_warning\""
            },
            {
              "code": "invalid_type",
              "expected": "string",
              "received": "undefined",
              "path": [
                19,
                "message"
              ],
              "message": "Required"
            }
          ],
          "name": "ZodError"
        },
        {
          "issues": [
            {
              "code": "invalid_type",
              "expected": "string",
              "received": "undefined",
              "path": [
                19,
                "message"
              ],
              "message": "Required"
            },
            {
              "received": "pcb_component",
              "code": "invalid_literal",
              "expected": "source_i2c_misconfigured_error",
              "path": [
                19,
                "type"
              ],
              "message": "Invalid literal value, expected \"source_i2c_misconfigured_error\""
            },
            {
              "code": "invalid_type",
              "expected": "array",
              "received": "undefined",
              "path": [
                19,
                "source_port_ids"
              ],
              "message": "Required"
            }
          ],
          "name": "ZodError"
        },
        {
          "issues": [
            {
              "code": "invalid_type",
              "expected": "string",
              "received": "undefined",
              "path": [
                19,
                "message"
              ],
              "message": "Required"
            },
            {
              "received": "pcb_component",
              "code": "invalid_literal",
              "expected": "source_component_misconfigured_error",
              "path": [
                19,
                "type"
              ],
              "message": "Invalid literal value, expected \"source_component_misconfigured_error\""
            },
            {
              "code": "invalid_type",
              "expected": "array",
              "received": "undefined",
              "path": [
                19,
                "source_component_ids"
              ],
              "message": "Required"
            }
          ],
          "name": "ZodError"
        },
        {
          "issues": [
            {
              "code": "invalid_type",
              "expected": "string",
              "received": "undefined",
              "path": [
                19,
                "message"
              ],
              "message": "Required"
            },
            {
              "received": "pcb_component",
              "code": "invalid_literal",
              "expected": "source_ambiguous_port_reference",
              "path": [
                19,
                "type"
              ],
              "message": "Invalid literal value, expected \"source_ambiguous_port_reference\""
            }
          ],
          "name": "ZodError"
        },
        {
          "issues": [
            {
              "code": "invalid_type",
              "expected": "string",
              "received": "number",
              "path": [
                19,
                "display_offset_x"
              ],
              "message": "Expected string, received number"
            },
            {
              "code": "invalid_type",
              "expected": "string",
              "received": "number",
              "path": [
                19,
                "display_offset_y"
              ],
              "message": "Expected string, received number"
            }
          ],
          "name": "ZodError"
        },
        {
          "issues": [
            {
              "code": "invalid_union_discriminator",
              "options": [
                "rect",
                "line",
                "point"
              ],
              "path": [
                19,
                "shape"
              ],
              "message": "Invalid discriminator value. Expected 'rect' | 'line' | 'point'"
            }
          ],
          "name": "ZodError"
        },
        {
          "issues": [
            {
              "code": "invalid_union",
              "unionErrors": [
                {
                  "issues": [
                    {
                      "code": "invalid_union",
                      "unionErrors": [
                        {
                          "issues": [
                            {
                              "code": "invalid_union",
                              "unionErrors": [
                                {
                                  "issues": [
                                    {
                                      "code": "invalid_union",
                                      "unionErrors": [
                                        {
                                          "issues": [
                                            {
                                              "code": "invalid_union",
                                              "unionErrors": [
                                                {
                                                  "issues": [
                                                    {
                                                      "received": "pcb_component",
                                                      "code": "invalid_literal",
                                                      "expected": "pcb_hole",
                                                      "path": [
                                                        19,
                                                        "type"
                                                      ],
                                                      "message": "Invalid literal value, expected \"pcb_hole\""
                                                    },
                                                    {
                                                      "expected": "'circle' | 'square'",
                                                      "received": "undefined",
                                                      "code": "invalid_type",
                                                      "path": [
                                                        19,
                                                        "hole_shape"
                                                      ],
                                                      "message": "Required"
                                                    },
                                                    {
                                                      "code": "invalid_type",
                                                      "expected": "number",
                                                      "received": "undefined",
                                                      "path": [
                                                        19,
                                                        "hole_diameter"
                                                      ],
                                                      "message": "Required"
                                                    },
                                                    {
                                                      "code": "invalid_union",
                                                      "unionErrors": [
                                                        {
                                                          "issues": [
                                                            {
                                                              "code": "invalid_type",
                                                              "expected": "string",
                                                              "received": "undefined",
                                                              "path": [
                                                                19,
                                                                "x"
                                                              ],
                                                              "message": "Required"
                                                            }
                                                          ],
                                                          "name": "ZodError"
                                                        },
                                                        {
                                                          "issues": [
                                                            {
                                                              "code": "invalid_type",
                                                              "expected": "number",
                                                              "received": "undefined",
                                                              "path": [
                                                                19,
                                                                "x"
                                                              ],
                                                              "message": "Required"
                                                            }
                                                          ],
                                                          "name": "ZodError"
                                                        }
                                                      ],
                                                      "path": [
                                                        19,
                                                        "x"
                                                      ],
                                                      "message": "Invalid input"
                                                    },
                                                    {
                                                      "code": "invalid_union",
                                                      "unionErrors": [
                                                        {
                                                          "issues": [
                                                            {
                                                              "code": "invalid_type",
                                                              "expected": "string",
                                                              "received": "undefined",
                                                              "path": [
                                                                19,
                                                                "y"
                                                              ],
                                                              "message": "Required"
                                                            }
                                                          ],
                                                          "name": "ZodError"
                                                        },
                                                        {
                                                          "issues": [
                                                            {
                                                              "code": "invalid_type",
                                                              "expected": "number",
                                                              "received": "undefined",
                                                              "path": [
                                                                19,
                                                                "y"
                                                              ],
                                                              "message": "Required"
                                                            }
                                                          ],
                                                          "name": "ZodError"
                                                        }
                                                      ],
                                                      "path": [
                                                        19,
                                                        "y"
                                                      ],
                                                      "message": "Invalid input"
                                                    }
                                                  ],
                                                  "name": "ZodError"
                                                },
                                                {
                                                  "issues": [
                                                    {
                                                      "received": "pcb_component",
                                                      "code": "invalid_literal",
                                                      "expected": "pcb_hole",
                                                      "path": [
                                                        19,
                                                        "type"
                                                      ],
                                                      "message": "Invalid literal value, expected \"pcb_hole\""
                                                    },
                                                    {
                                                      "code": "invalid_literal",
                                                      "expected": "oval",
                                                      "path": [
                                                        19,
                                                        "hole_shape"
                                                      ],
                                                      "message": "Invalid literal value, expected \"oval\""
                                                    },
                                                    {
                                                      "code": "invalid_type",
                                                      "expected": "number",
                                                      "received": "undefined",
                                                      "path": [
                                                        19,
                                                        "hole_width"
                                                      ],
                                                      "message": "Required"
                                                    },
                                                    {
                                                      "code": "invalid_type",
                                                      "expected": "number",
                                                      "received": "undefined",
                                                      "path": [
                                                        19,
                                                        "hole_height"
                                                      ],
                                                      "message": "Required"
                                                    },
                                                    {
                                                      "code": "invalid_union",
                                                      "unionErrors": [
                                                        {
                                                          "issues": [
                                                            {
                                                              "code": "invalid_type",
                                                              "expected": "string",
                                                              "received": "undefined",
                                                              "path": [
                                                                19,
                                                                "x"
                                                              ],
                                                              "message": "Required"
                                                            }
                                                          ],
                                                          "name": "ZodError"
                                                        },
                                                        {
                                                          "issues": [
                                                            {
                                                              "code": "invalid_type",
                                                              "expected": "number",
                                                              "received": "undefined",
                                                              "path": [
                                                                19,
                                                                "x"
                                                              ],
                                                              "message": "Required"
                                                            }
                                                          ],
                                                          "name": "ZodError"
                                                        }
                                                      ],
                                                      "path": [
                                                        19,
                                                        "x"
                                                      ],
                                                      "message": "Invalid input"
                                                    },
                                                    {
                                                      "code": "invalid_union",
                                                      "unionErrors": [
                                                        {
                                                          "issues": [
                                                            {
                                                              "code": "invalid_type",
                                                              "expected": "string",
                                                              "received": "undefined",
                                                              "path": [
                                                                19,
                                                                "y"
                                                              ],
                                                              "message": "Required"
                                                            }
                                                          ],
                                                          "name": "ZodError"
                                                        },
                                                        {
                                                          "issues": [
                                                            {
                                                              "code": "invalid_type",
                                                              "expected": "number",
                                                              "received": "undefined",
                                                              "path": [
                                                                19,
                                                                "y"
                                                              ],
                                                              "message": "Required"
                                                            }
                                                          ],
                                                          "name": "ZodError"
                                                        }
                                                      ],
                                                      "path": [
                                                        19,
                                                        "y"
                                                      ],
                                                      "message": "Invalid input"
                                                    }
                                                  ],
                                                  "name": "ZodError"
                                                }
                                              ],
                                              "path": [
                                                19
                                              ],
                                              "message": "Invalid input"
                                            }
                                          ],
                                          "name": "ZodError"
                                        },
                                        {
                                          "issues": [
                                            {
                                              "received": "pcb_component",
                                              "code": "invalid_literal",
                                              "expected": "pcb_hole",
                                              "path": [
                                                19,
                                                "type"
                                              ],
                                              "message": "Invalid literal value, expected \"pcb_hole\""
                                            },
                                            {
                                              "code": "invalid_literal",
                                              "expected": "pill",
                                              "path": [
                                                19,
                                                "hole_shape"
                                              ],
                                              "message": "Invalid literal value, expected \"pill\""
                                            },
                                            {
                                              "code": "invalid_type",
                                              "expected": "number",
                                              "received": "undefined",
                                              "path": [
                                                19,
                                                "hole_width"
                                              ],
                                              "message": "Required"
                                            },
                                            {
                                              "code": "invalid_type",
                                              "expected": "number",
                                              "received": "undefined",
                                              "path": [
                                                19,
                                                "hole_height"
                                              ],
                                              "message": "Required"
                                            },
                                            {
                                              "code": "invalid_union",
                                              "unionErrors": [
                                                {
                                                  "issues": [
                                                    {
                                                      "code": "invalid_type",
                                                      "expected": "string",
                                                      "received": "undefined",
                                                      "path": [
                                                        19,
                                                        "x"
                                                      ],
                                                      "message": "Required"
                                                    }
                                                  ],
                                                  "name": "ZodError"
                                                },
                                                {
                                                  "issues": [
                                                    {
                                                      "code": "invalid_type",
                                                      "expected": "number",
                                                      "received": "undefined",
                                                      "path": [
                                                        19,
                                                        "x"
                                                      ],
                                                      "message": "Required"
                                                    }
                                                  ],
                                                  "name": "ZodError"
                                                }
                                              ],
                                              "path": [
                                                19,
                                                "x"
                                              ],
                                              "message": "Invalid input"
                                            },
                                            {
                                              "code": "invalid_union",
                                              "unionErrors": [
                                                {
                                                  "issues": [
                                                    {
                                                      "code": "invalid_type",
                                                      "expected": "string",
                                                      "received": "undefined",
                                                      "path": [
                                                        19,
                                                        "y"
                                                      ],
                                                      "message": "Required"
                                                    }
                                                  ],
                                                  "name": "ZodError"
                                                },
                                                {
                                                  "issues": [
                                                    {
                                                      "code": "invalid_type",
                                                      "expected": "number",
                                                      "received": "undefined",
                                                      "path": [
                                                        19,
                                                        "y"
                                                      ],
                                                      "message": "Required"
                                                    }
                                                  ],
                                                  "name": "ZodError"
                                                }
                                              ],
                                              "path": [
                                                19,
                                                "y"
                                              ],
                                              "message": "Invalid input"
                                            }
                                          ],
                                          "name": "ZodError"
                                        }
                                      ],
                                      "path": [
                                        19
                                      ],
                                      "message": "Invalid input"
                                    }
                                  ],
                                  "name": "ZodError"
                                },
                                {
                                  "issues": [
                                    {
                                      "received": "pcb_component",
                                      "code": "invalid_literal",
                                      "expected": "pcb_hole",
                                      "path": [
                                        19,
                                        "type"
                                      ],
                                      "message": "Invalid literal value, expected \"pcb_hole\""
                                    },
                                    {
                                      "code": "invalid_literal",
                                      "expected": "rotated_pill",
                                      "path": [
                                        19,
                                        "hole_shape"
                                      ],
                                      "message": "Invalid literal value, expected \"rotated_pill\""
                                    },
                                    {
                                      "code": "invalid_type",
                                      "expected": "number",
                                      "received": "undefined",
                                      "path": [
                                        19,
                                        "hole_width"
                                      ],
                                      "message": "Required"
                                    },
                                    {
                                      "code": "invalid_type",
                                      "expected": "number",
                                      "received": "undefined",
                                      "path": [
                                        19,
                                        "hole_height"
                                      ],
                                      "message": "Required"
                                    },
                                    {
                                      "code": "invalid_union",
                                      "unionErrors": [
                                        {
                                          "issues": [
                                            {
                                              "code": "invalid_type",
                                              "expected": "string",
                                              "received": "undefined",
                                              "path": [
                                                19,
                                                "x"
                                              ],
                                              "message": "Required"
                                            }
                                          ],
                                          "name": "ZodError"
                                        },
                                        {
                                          "issues": [
                                            {
                                              "code": "invalid_type",
                                              "expected": "number",
                                              "received": "undefined",
                                              "path": [
                                                19,
                                                "x"
                                              ],
                                              "message": "Required"
                                            }
                                          ],
                                          "name": "ZodError"
                                        }
                                      ],
                                      "path": [
                                        19,
                                        "x"
                                      ],
                                      "message": "Invalid input"
                                    },
                                    {
                                      "code": "invalid_union",
                                      "unionErrors": [
                                        {
                                          "issues": [
                                            {
                                              "code": "invalid_type",
                                              "expected": "string",
                                              "received": "undefined",
                                              "path": [
                                                19,
                                                "y"
                                              ],
                                              "message": "Required"
                                            }
                                          ],
                                          "name": "ZodError"
                                        },
                                        {
                                          "issues": [
                                            {
                                              "code": "invalid_type",
                                              "expected": "number",
                                              "received": "undefined",
                                              "path": [
                                                19,
                                                "y"
                                              ],
                                              "message": "Required"
                                            }
                                          ],
                                          "name": "ZodError"
                                        }
                                      ],
                                      "path": [
                                        19,
                                        "y"
                                      ],
                                      "message": "Invalid input"
                                    },
                                    {
                                      "code": "invalid_union",
                                      "unionErrors": [
                                        {
                                          "issues": [
                                            {
                                              "code": "invalid_type",
                                              "expected": "string",
                                              "received": "undefined",
                                              "path": [
                                                19,
                                                "ccw_rotation"
                                              ],
                                              "message": "Required"
                                            }
                                          ],
                                          "name": "ZodError"
                                        },
                                        {
                                          "issues": [
                                            {
                                              "code": "invalid_type",
                                              "expected": "number",
                                              "received": "undefined",
                                              "path": [
                                                19,
                                                "ccw_rotation"
                                              ],
                                              "message": "Required"
                                            }
                                          ],
                                          "name": "ZodError"
                                        }
                                      ],
                                      "path": [
                                        19,
                                        "ccw_rotation"
                                      ],
                                      "message": "Invalid input"
                                    }
                                  ],
                                  "name": "ZodError"
                                }
                              ],
                              "path": [
                                19
                              ],
                              "message": "Invalid input"
                            }
                          ],
                          "name": "ZodError"
                        },
                        {
                          "issues": [
                            {
                              "received": "pcb_component",
                              "code": "invalid_literal",
                              "expected": "pcb_hole",
                              "path": [
                                19,
                                "type"
                              ],
                              "message": "Invalid literal value, expected \"pcb_hole\""
                            },
                            {
                              "code": "invalid_literal",
                              "expected": "circle",
                              "path": [
                                19,
                                "hole_shape"
                              ],
                              "message": "Invalid literal value, expected \"circle\""
                            },
                            {
                              "code": "invalid_type",
                              "expected": "number",
                              "received": "undefined",
                              "path": [
                                19,
                                "hole_diameter"
                              ],
                              "message": "Required"
                            },
                            {
                              "code": "invalid_union",
                              "unionErrors": [
                                {
                                  "issues": [
                                    {
                                      "code": "invalid_type",
                                      "expected": "string",
                                      "received": "undefined",
                                      "path": [
                                        19,
                                        "x"
                                      ],
                                      "message": "Required"
                                    }
                                  ],
                                  "name": "ZodError"
                                },
                                {
                                  "issues": [
                                    {
                                      "code": "invalid_type",
                                      "expected": "number",
                                      "received": "undefined",
                                      "path": [
                                        19,
                                        "x"
                                      ],
                                      "message": "Required"
                                    }
                                  ],
                                  "name": "ZodError"
                                }
                              ],
                              "path": [
                                19,
                                "x"
                              ],
                              "message": "Invalid input"
                            },
                            {
                              "code": "invalid_union",
                              "unionErrors": [
                                {
                                  "issues": [
                                    {
                                      "code": "invalid_type",
                                      "expected": "string",
                                      "received": "undefined",
                                      "path": [
                                        19,
                                        "y"
                                      ],
                                      "message": "Required"
                                    }
                                  ],
                                  "name": "ZodError"
                                },
                                {
                                  "issues": [
                                    {
                                      "code": "invalid_type",
                                      "expected": "number",
                                      "received": "undefined",
                                      "path": [
                                        19,
                                        "y"
                                      ],
                                      "message": "Required"
                                    }
                                  ],
                                  "name": "ZodError"
                                }
                              ],
                              "path": [
                                19,
                                "y"
                              ],
                              "message": "Invalid input"
                            }
                          ],
                          "name": "ZodError"
                        }
                      ],
                      "path": [
                        19
                      ],
                      "message": "Invalid input"
                    }
                  ],
                  "name": "ZodError"
                },
                {
                  "issues": [
                    {
                      "received": "pcb_component",
                      "code": "invalid_literal",
                      "expected": "pcb_hole",
                      "path": [
                        19,
                        "type"
                      ],
                      "message": "Invalid literal value, expected \"pcb_hole\""
                    },
                    {
                      "code": "invalid_literal",
                      "expected": "rect",
                      "path": [
                        19,
                        "hole_shape"
                      ],
                      "message": "Invalid literal value, expected \"rect\""
                    },
                    {
                      "code": "invalid_type",
                      "expected": "number",
                      "received": "undefined",
                      "path": [
                        19,
                        "hole_width"
                      ],
                      "message": "Required"
                    },
                    {
                      "code": "invalid_type",
                      "expected": "number",
                      "received": "undefined",
                      "path": [
                        19,
                        "hole_height"
                      ],
                      "message": "Required"
                    },
                    {
                      "code": "invalid_union",
                      "unionErrors": [
                        {
                          "issues": [
                            {
                              "code": "invalid_type",
                              "expected": "string",
                              "received": "undefined",
                              "path": [
                                19,
                                "x"
                              ],
                              "message": "Required"
                            }
                          ],
                          "name": "ZodError"
                        },
                        {
                          "issues": [
                            {
                              "code": "invalid_type",
                              "expected": "number",
                              "received": "undefined",
                              "path": [
                                19,
                                "x"
                              ],
                              "message": "Required"
                            }
                          ],
                          "name": "ZodError"
                        }
                      ],
                      "path": [
                        19,
                        "x"
                      ],
                      "message": "Invalid input"
                    },
                    {
                      "code": "invalid_union",
                      "unionErrors": [
                        {
                          "issues": [
                            {
                              "code": "invalid_type",
                              "expected": "string",
                              "received": "undefined",
                              "path": [
                                19,
                                "y"
                              ],
                              "message": "Required"
                            }
                          ],
                          "name": "ZodError"
                        },
                        {
                          "issues": [
                            {
                              "code": "invalid_type",
                              "expected": "number",
                              "received": "undefined",
                              "path": [
                                19,
                                "y"
                              ],
                              "message": "Required"
                            }
                          ],
                          "name": "ZodError"
                        }
                      ],
                      "path": [
                        19,
                        "y"
                      ],
                      "message": "Invalid input"
                    }
                  ],
                  "name": "ZodError"
                }
              ],
              "path": [
                19
              ],
              "message": "Invalid input"
            }
          ],
          "name": "ZodError"
        },
        {
          "issues": [
            {
              "code": "invalid_type",
              "expected": "string",
              "received": "undefined",
              "path": [
                19,
                "message"
              ],
              "message": "Required"
            },
            {
              "received": "pcb_component",
              "code": "invalid_literal",
              "expected": "pcb_missing_footprint_error",
              "path": [
                19,
                "type"
              ],
              "message": "Invalid literal value, expected \"pcb_missing_footprint_error\""
            }
          ],
          "name": "ZodError"
        },
        {
          "issues": [
            {
              "code": "invalid_type",
              "expected": "string",
              "received": "undefined",
              "path": [
                19,
                "message"
              ],
              "message": "Required"
            },
            {
              "received": "pcb_component",
              "code": "invalid_literal",
              "expected": "external_footprint_load_error",
              "path": [
                19,
                "type"
              ],
              "message": "Invalid literal value, expected \"external_footprint_load_error\""
            }
          ],
          "name": "ZodError"
        },
        {
          "issues": [
            {
              "code": "invalid_type",
              "expected": "string",
              "received": "undefined",
              "path": [
                19,
                "message"
              ],
              "message": "Required"
            },
            {
              "received": "pcb_component",
              "code": "invalid_literal",
              "expected": "circuit_json_footprint_load_error",
              "path": [
                19,
                "type"
              ],
              "message": "Invalid literal value, expected \"circuit_json_footprint_load_error\""
            }
          ],
          "name": "ZodError"
        },
        {
          "issues": [
            {
              "received": "pcb_component",
              "code": "invalid_literal",
              "expected": "pcb_manual_edit_conflict_warning",
              "path": [
                19,
                "type"
              ],
              "message": "Invalid literal value, expected \"pcb_manual_edit_conflict_warning\""
            },
            {
              "code": "invalid_type",
              "expected": "string",
              "received": "undefined",
              "path": [
                19,
                "message"
              ],
              "message": "Required"
            }
          ],
          "name": "ZodError"
        },
        {
          "issues": [
            {
              "received": "pcb_component",
              "code": "invalid_literal",
              "expected": "pcb_connector_not_in_accessible_orientation_warning",
              "path": [
                19,
                "type"
              ],
              "message": "Invalid literal value, expected \"pcb_connector_not_in_accessible_orientation_warning\""
            },
            {
              "code": "invalid_type",
              "expected": "string",
              "received": "undefined",
              "path": [
                19,
                "message"
              ],
              "message": "Required"
            },
            {
              "expected": "'x-' | 'x+' | 'y+' | 'y-'",
              "received": "undefined",
              "code": "invalid_type",
              "path": [
                19,
                "facing_direction"
              ],
              "message": "Required"
            },
            {
              "expected": "'x-' | 'x+' | 'y+' | 'y-'",
              "received": "undefined",
              "code": "invalid_type",
              "path": [
                19,
                "recommended_facing_direction"
              ],
              "message": "Required"
            }
          ],
          "name": "ZodError"
        },
        {
          "issues": [
            {
              "received": "pcb_component",
              "code": "invalid_literal",
              "expected": "pcb_component_missing_courtyard_warning",
              "path": [
                19,
                "type"
              ],
              "message": "Invalid literal value, expected \"pcb_component_missing_courtyard_warning\""
            },
            {
              "code": "invalid_type",
              "expected": "string",
              "received": "undefined",
              "path": [
                19,
                "message"
              ],
              "message": "Required"
            }
          ],
          "name": "ZodError"
        },
        {
          "issues": [
            {
              "received": "pcb_component",
              "code": "invalid_literal",
              "expected": "supplier_footprint_mismatch_warning",
              "path": [
                19,
                "type"
              ],
              "message": "Invalid literal value, expected \"supplier_footprint_mismatch_warning\""
            },
            {
              "code": "invalid_type",
              "expected": "string",
              "received": "undefined",
              "path": [
                19,
                "message"
              ],
              "message": "Required"
            },
            {
              "code": "invalid_type",
              "expected": "number",
              "received": "undefined",
              "path": [
                19,
                "footprint_copper_intersection_over_union"
              ],
              "message": "Required"
            }
          ],
          "name": "ZodError"
        },
        {
          "issues": [
            {
              "received": "pcb_component",
              "code": "invalid_literal",
              "expected": "pcb_fabricator_extra_charge_warning",
              "path": [
                19,
                "type"
              ],
              "message": "Invalid literal value, expected \"pcb_fabricator_extra_charge_warning\""
            },
            {
              "code": "invalid_type",
              "expected": "string",
              "received": "undefined",
              "path": [
                19,
                "message"
              ],
              "message": "Required"
            },
            {
              "code": "invalid_type",
              "expected": "string",
              "received": "undefined",
              "path": [
                19,
                "fabricator_preset"
              ],
              "message": "Required"
            }
          ],
          "name": "ZodError"
        },
        {
          "issues": [
            {
              "code": "invalid_union",
              "unionErrors": [
                {
                  "issues": [
                    {
                      "received": "pcb_component",
                      "code": "invalid_literal",
                      "expected": "pcb_plated_hole",
                      "path": [
                        19,
                        "type"
                      ],
                      "message": "Invalid literal value, expected \"pcb_plated_hole\""
                    },
                    {
                      "code": "invalid_literal",
                      "expected": "circle",
                      "path": [
                        19,
                        "shape"
                      ],
                      "message": "Invalid literal value, expected \"circle\""
                    },
                    {
                      "code": "invalid_type",
                      "expected": "number",
                      "received": "undefined",
                      "path": [
                        19,
                        "outer_diameter"
                      ],
                      "message": "Required"
                    },
                    {
                      "code": "invalid_type",
                      "expected": "number",
                      "received": "undefined",
                      "path": [
                        19,
                        "hole_diameter"
                      ],
                      "message": "Required"
                    },
                    {
                      "code": "invalid_union",
                      "unionErrors": [
                        {
                          "issues": [
                            {
                              "code": "invalid_type",
                              "expected": "string",
                              "received": "undefined",
                              "path": [
                                19,
                                "x"
                              ],
                              "message": "Required"
                            }
                          ],
                          "name": "ZodError"
                        },
                        {
                          "issues": [
                            {
                              "code": "invalid_type",
                              "expected": "number",
                              "received": "undefined",
                              "path": [
                                19,
                                "x"
                              ],
                              "message": "Required"
                            }
                          ],
                          "name": "ZodError"
                        }
                      ],
                      "path": [
                        19,
                        "x"
                      ],
                      "message": "Invalid input"
                    },
                    {
                      "code": "invalid_union",
                      "unionErrors": [
                        {
                          "issues": [
                            {
                              "code": "invalid_type",
                              "expected": "string",
                              "received": "undefined",
                              "path": [
                                19,
                                "y"
                              ],
                              "message": "Required"
                            }
                          ],
                          "name": "ZodError"
                        },
                        {
                          "issues": [
                            {
                              "code": "invalid_type",
                              "expected": "number",
                              "received": "undefined",
                              "path": [
                                19,
                                "y"
                              ],
                              "message": "Required"
                            }
                          ],
                          "name": "ZodError"
                        }
                      ],
                      "path": [
                        19,
                        "y"
                      ],
                      "message": "Invalid input"
                    },
                    {
                      "code": "invalid_type",
                      "expected": "array",
                      "received": "undefined",
                      "path": [
                        19,
                        "layers"
                      ],
                      "message": "Required"
                    }
                  ],
                  "name": "ZodError"
                },
                {
                  "issues": [
                    {
                      "received": "pcb_component",
                      "code": "invalid_literal",
                      "expected": "pcb_plated_hole",
                      "path": [
                        19,
                        "type"
                      ],
                      "message": "Invalid literal value, expected \"pcb_plated_hole\""
                    },
                    {
                      "expected": "'oval' | 'pill'",
                      "received": "undefined",
                      "code": "invalid_type",
                      "path": [
                        19,
                        "shape"
                      ],
                      "message": "Required"
                    },
                    {
                      "code": "invalid_type",
                      "expected": "number",
                      "received": "undefined",
                      "path": [
                        19,
                        "outer_width"
                      ],
                      "message": "Required"
                    },
                    {
                      "code": "invalid_type",
                      "expected": "number",
                      "received": "undefined",
                      "path": [
                        19,
                        "outer_height"
                      ],
                      "message": "Required"
                    },
                    {
                      "code": "invalid_type",
                      "expected": "number",
                      "received": "undefined",
                      "path": [
                        19,
                        "hole_width"
                      ],
                      "message": "Required"
                    },
                    {
                      "code": "invalid_type",
                      "expected": "number",
                      "received": "undefined",
                      "path": [
                        19,
                        "hole_height"
                      ],
                      "message": "Required"
                    },
                    {
                      "code": "invalid_union",
                      "unionErrors": [
                        {
                          "issues": [
                            {
                              "code": "invalid_type",
                              "expected": "string",
                              "received": "undefined",
                              "path": [
                                19,
                                "x"
                              ],
                              "message": "Required"
                            }
                          ],
                          "name": "ZodError"
                        },
                        {
                          "issues": [
                            {
                              "code": "invalid_type",
                              "expected": "number",
                              "received": "undefined",
                              "path": [
                                19,
                                "x"
                              ],
                              "message": "Required"
                            }
                          ],
                          "name": "ZodError"
                        }
                      ],
                      "path": [
                        19,
                        "x"
                      ],
                      "message": "Invalid input"
                    },
                    {
                      "code": "invalid_union",
                      "unionErrors": [
                        {
                          "issues": [
                            {
                              "code": "invalid_type",
                              "expected": "string",
                              "received": "undefined",
                              "path": [
                                19,
                                "y"
                              ],
                              "message": "Required"
                            }
                          ],
                          "name": "ZodError"
                        },
                        {
                          "issues": [
                            {
                              "code": "invalid_type",
                              "expected": "number",
                              "received": "undefined",
                              "path": [
                                19,
                                "y"
                              ],
                              "message": "Required"
                            }
                          ],
                          "name": "ZodError"
                        }
                      ],
                      "path": [
                        19,
                        "y"
                      ],
                      "message": "Invalid input"
                    },
                    {
                      "code": "invalid_union",
                      "unionErrors": [
                        {
                          "issues": [
                            {
                              "code": "invalid_type",
                              "expected": "string",
                              "received": "undefined",
                              "path": [
                                19,
                                "ccw_rotation"
                              ],
                              "message": "Required"
                            }
                          ],
                          "name": "ZodError"
                        },
                        {
                          "issues": [
                            {
                              "code": "invalid_type",
                              "expected": "number",
                              "received": "undefined",
                              "path": [
                                19,
                                "ccw_rotation"
                              ],
                              "message": "Required"
                            }
                          ],
                          "name": "ZodError"
                        }
                      ],
                      "path": [
                        19,
                        "ccw_rotation"
                      ],
                      "message": "Invalid input"
                    },
                    {
                      "code": "invalid_type",
                      "expected": "array",
                      "received": "undefined",
                      "path": [
                        19,
                        "layers"
                      ],
                      "message": "Required"
                    }
                  ],
                  "name": "ZodError"
                },
                {
                  "issues": [
                    {
                      "received": "pcb_component",
                      "code": "invalid_literal",
                      "expected": "pcb_plated_hole",
                      "path": [
                        19,
                        "type"
                      ],
                      "message": "Invalid literal value, expected \"pcb_plated_hole\""
                    },
                    {
                      "code": "invalid_literal",
                      "expected": "circular_hole_with_rect_pad",
                      "path": [
                        19,
                        "shape"
                      ],
                      "message": "Invalid literal value, expected \"circular_hole_with_rect_pad\""
                    },
                    {
                      "code": "invalid_literal",
                      "expected": "circle",
                      "path": [
                        19,
                        "hole_shape"
                      ],
                      "message": "Invalid literal value, expected \"circle\""
                    },
                    {
                      "code": "invalid_literal",
                      "expected": "rect",
                      "path": [
                        19,
                        "pad_shape"
                      ],
                      "message": "Invalid literal value, expected \"rect\""
                    },
                    {
                      "code": "invalid_type",
                      "expected": "number",
                      "received": "undefined",
                      "path": [
                        19,
                        "hole_diameter"
                      ],
                      "message": "Required"
                    },
                    {
                      "code": "invalid_type",
                      "expected": "number",
                      "received": "undefined",
                      "path": [
                        19,
                        "rect_pad_width"
                      ],
                      "message": "Required"
                    },
                    {
                      "code": "invalid_type",
                      "expected": "number",
                      "received": "undefined",
                      "path": [
                        19,
                        "rect_pad_height"
                      ],
                      "message": "Required"
                    },
                    {
                      "code": "invalid_union",
                      "unionErrors": [
                        {
                          "issues": [
                            {
                              "code": "invalid_type",
                              "expected": "string",
                              "received": "undefined",
                              "path": [
                                19,
                                "x"
                              ],
                              "message": "Required"
                            }
                          ],
                          "name": "ZodError"
                        },
                        {
                          "issues": [
                            {
                              "code": "invalid_type",
                              "expected": "number",
                              "received": "undefined",
                              "path": [
                                19,
                                "x"
                              ],
                              "message": "Required"
                            }
                          ],
                          "name": "ZodError"
                        }
                      ],
                      "path": [
                        19,
                        "x"
                      ],
                      "message": "Invalid input"
                    },
                    {
                      "code": "invalid_union",
                      "unionErrors": [
                        {
                          "issues": [
                            {
                              "code": "invalid_type",
                              "expected": "string",
                              "received": "undefined",
                              "path": [
                                19,
                                "y"
                              ],
                              "message": "Required"
                            }
                          ],
                          "name": "ZodError"
                        },
                        {
                          "issues": [
                            {
                              "code": "invalid_type",
                              "expected": "number",
                              "received": "undefined",
                              "path": [
                                19,
                                "y"
                              ],
                              "message": "Required"
                            }
                          ],
                          "name": "ZodError"
                        }
                      ],
                      "path": [
                        19,
                        "y"
                      ],
                      "message": "Invalid input"
                    },
                    {
                      "code": "invalid_type",
                      "expected": "array",
                      "received": "undefined",
                      "path": [
                        19,
                        "layers"
                      ],
                      "message": "Required"
                    }
                  ],
                  "name": "ZodError"
                },
                {
                  "issues": [
                    {
                      "received": "pcb_component",
                      "code": "invalid_literal",
                      "expected": "pcb_plated_hole",
                      "path": [
                        19,
                        "type"
                      ],
                      "message": "Invalid literal value, expected \"pcb_plated_hole\""
                    },
                    {
                      "code": "invalid_literal",
                      "expected": "pill_hole_with_rect_pad",
                      "path": [
                        19,
                        "shape"
                      ],
                      "message": "Invalid literal value, expected \"pill_hole_with_rect_pad\""
                    },
                    {
                      "code": "invalid_literal",
                      "expected": "pill",
                      "path": [
                        19,
                        "hole_shape"
                      ],
                      "message": "Invalid literal value, expected \"pill\""
                    },
                    {
                      "code": "invalid_literal",
                      "expected": "rect",
                      "path": [
                        19,
                        "pad_shape"
                      ],
                      "message": "Invalid literal value, expected \"rect\""
                    },
                    {
                      "code": "invalid_type",
                      "expected": "number",
                      "received": "undefined",
                      "path": [
                        19,
                        "hole_width"
                      ],
                      "message": "Required"
                    },
                    {
                      "code": "invalid_type",
                      "expected": "number",
                      "received": "undefined",
                      "path": [
                        19,
                        "hole_height"
                      ],
                      "message": "Required"
                    },
                    {
                      "code": "invalid_type",
                      "expected": "number",
                      "received": "undefined",
                      "path": [
                        19,
                        "rect_pad_width"
                      ],
                      "message": "Required"
                    },
                    {
                      "code": "invalid_type",
                      "expected": "number",
                      "received": "undefined",
                      "path": [
                        19,
                        "rect_pad_height"
                      ],
                      "message": "Required"
                    },
                    {
                      "code": "invalid_union",
                      "unionErrors": [
                        {
                          "issues": [
                            {
                              "code": "invalid_type",
                              "expected": "string",
                              "received": "undefined",
                              "path": [
                                19,
                                "x"
                              ],
                              "message": "Required"
                            }
                          ],
                          "name": "ZodError"
                        },
                        {
                          "issues": [
                            {
                              "code": "invalid_type",
                              "expected": "number",
                              "received": "undefined",
                              "path": [
                                19,
                                "x"
                              ],
                              "message": "Required"
                            }
                          ],
                          "name": "ZodError"
                        }
                      ],
                      "path": [
                        19,
                        "x"
                      ],
                      "message": "Invalid input"
                    },
                    {
                      "code": "invalid_union",
                      "unionErrors": [
                        {
                          "issues": [
                            {
                              "code": "invalid_type",
                              "expected": "string",
                              "received": "undefined",
                              "path": [
                                19,
                                "y"
                              ],
                              "message": "Required"
                            }
                          ],
                          "name": "ZodError"
                        },
                        {
                          "issues": [
                            {
                              "code": "invalid_type",
                              "expected": "number",
                              "received": "undefined",
                              "path": [
                                19,
                                "y"
                              ],
                              "message": "Required"
                            }
                          ],
                          "name": "ZodError"
                        }
                      ],
                      "path": [
                        19,
                        "y"
                      ],
                      "message": "Invalid input"
                    },
                    {
                      "code": "invalid_type",
                      "expected": "array",
                      "received": "undefined",
                      "path": [
                        19,
                        "layers"
                      ],
                      "message": "Required"
                    }
                  ],
                  "name": "ZodError"
                },
                {
                  "issues": [
                    {
                      "received": "pcb_component",
                      "code": "invalid_literal",
                      "expected": "pcb_plated_hole",
                      "path": [
                        19,
                        "type"
                      ],
                      "message": "Invalid literal value, expected \"pcb_plated_hole\""
                    },
                    {
                      "code": "invalid_literal",
                      "expected": "rotated_pill_hole_with_rect_pad",
                      "path": [
                        19,
                        "shape"
                      ],
                      "message": "Invalid literal value, expected \"rotated_pill_hole_with_rect_pad\""
                    },
                    {
                      "code": "invalid_literal",
                      "expected": "rotated_pill",
                      "path": [
                        19,
                        "hole_shape"
                      ],
                      "message": "Invalid literal value, expected \"rotated_pill\""
                    },
                    {
                      "code": "invalid_literal",
                      "expected": "rect",
                      "path": [
                        19,
                        "pad_shape"
                      ],
                      "message": "Invalid literal value, expected \"rect\""
                    },
                    {
                      "code": "invalid_type",
                      "expected": "number",
                      "received": "undefined",
                      "path": [
                        19,
                        "hole_width"
                      ],
                      "message": "Required"
                    },
                    {
                      "code": "invalid_type",
                      "expected": "number",
                      "received": "undefined",
                      "path": [
                        19,
                        "hole_height"
                      ],
                      "message": "Required"
                    },
                    {
                      "code": "invalid_union",
                      "unionErrors": [
                        {
                          "issues": [
                            {
                              "code": "invalid_type",
                              "expected": "string",
                              "received": "undefined",
                              "path": [
                                19,
                                "hole_ccw_rotation"
                              ],
                              "message": "Required"
                            }
                          ],
                          "name": "ZodError"
                        },
                        {
                          "issues": [
                            {
                              "code": "invalid_type",
                              "expected": "number",
                              "received": "undefined",
                              "path": [
                                19,
                                "hole_ccw_rotation"
                              ],
                              "message": "Required"
                            }
                          ],
                          "name": "ZodError"
                        }
                      ],
                      "path": [
                        19,
                        "hole_ccw_rotation"
                      ],
                      "message": "Invalid input"
                    },
                    {
                      "code": "invalid_type",
                      "expected": "number",
                      "received": "undefined",
                      "path": [
                        19,
                        "rect_pad_width"
                      ],
                      "message": "Required"
                    },
                    {
                      "code": "invalid_type",
                      "expected": "number",
                      "received": "undefined",
                      "path": [
                        19,
                        "rect_pad_height"
                      ],
                      "message": "Required"
                    },
                    {
                      "code": "invalid_union",
                      "unionErrors": [
                        {
                          "issues": [
                            {
                              "code": "invalid_type",
                              "expected": "string",
                              "received": "undefined",
                              "path": [
                                19,
                                "rect_ccw_rotation"
                              ],
                              "message": "Required"
                            }
                          ],
                          "name": "ZodError"
                        },
                        {
                          "issues": [
                            {
                              "code": "invalid_type",
                              "expected": "number",
                              "received": "undefined",
                              "path": [
                                19,
                                "rect_ccw_rotation"
                              ],
                              "message": "Required"
                            }
                          ],
                          "name": "ZodError"
                        }
                      ],
                      "path": [
                        19,
                        "rect_ccw_rotation"
                      ],
                      "message": "Invalid input"
                    },
                    {
                      "code": "invalid_union",
                      "unionErrors": [
                        {
                          "issues": [
                            {
                              "code": "invalid_type",
                              "expected": "string",
                              "received": "undefined",
                              "path": [
                                19,
                                "x"
                              ],
                              "message": "Required"
                            }
                          ],
                          "name": "ZodError"
                        },
                        {
                          "issues": [
                            {
                              "code": "invalid_type",
                              "expected": "number",
                              "received": "undefined",
                              "path": [
                                19,
                                "x"
                              ],
                              "message": "Required"
                            }
                          ],
                          "name": "ZodError"
                        }
                      ],
                      "path": [
                        19,
                        "x"
                      ],
                      "message": "Invalid input"
                    },
                    {
                      "code": "invalid_union",
                      "unionErrors": [
                        {
                          "issues": [
                            {
                              "code": "invalid_type",
                              "expected": "string",
                              "received": "undefined",
                              "path": [
                                19,
                                "y"
                              ],
                              "message": "Required"
                            }
                          ],
                          "name": "ZodError"
                        },
                        {
                          "issues": [
                            {
                              "code": "invalid_type",
                              "expected": "number",
                              "received": "undefined",
                              "path": [
                                19,
                                "y"
                              ],
                              "message": "Required"
                            }
                          ],
                          "name": "ZodError"
                        }
                      ],
                      "path": [
                        19,
                        "y"
                      ],
                      "message": "Invalid input"
                    },
                    {
                      "code": "invalid_type",
                      "expected": "array",
                      "received": "undefined",
                      "path": [
                        19,
                        "layers"
                      ],
                      "message": "Required"
                    }
                  ],
                  "name": "ZodError"
                },
                {
                  "issues": [
                    {
                      "received": "pcb_component",
                      "code": "invalid_literal",
                      "expected": "pcb_plated_hole",
                      "path": [
                        19,
                        "type"
                      ],
                      "message": "Invalid literal value, expected \"pcb_plated_hole\""
                    },
                    {
                      "code": "invalid_literal",
                      "expected": "hole_with_polygon_pad",
                      "path": [
                        19,
                        "shape"
                      ],
                      "message": "Invalid literal value, expected \"hole_with_polygon_pad\""
                    },
                    {
                      "expected": "'circle' | 'oval' | 'pill' | 'rotated_pill'",
                      "received": "undefined",
                      "code": "invalid_type",
                      "path": [
                        19,
                        "hole_shape"
                      ],
                      "message": "Required"
                    },
                    {
                      "code": "invalid_type",
                      "expected": "array",
                      "received": "undefined",
                      "path": [
                        19,
                        "pad_outline"
                      ],
                      "message": "Required"
                    },
                    {
                      "code": "invalid_union",
                      "unionErrors": [
                        {
                          "issues": [
                            {
                              "code": "invalid_type",
                              "expected": "string",
                              "received": "undefined",
                              "path": [
                                19,
                                "x"
                              ],
                              "message": "Required"
                            }
                          ],
                          "name": "ZodError"
                        },
                        {
                          "issues": [
                            {
                              "code": "invalid_type",
                              "expected": "number",
                              "received": "undefined",
                              "path": [
                                19,
                                "x"
                              ],
                              "message": "Required"
                            }
                          ],
                          "name": "ZodError"
                        }
                      ],
                      "path": [
                        19,
                        "x"
                      ],
                      "message": "Invalid input"
                    },
                    {
                      "code": "invalid_union",
                      "unionErrors": [
                        {
                          "issues": [
                            {
                              "code": "invalid_type",
                              "expected": "string",
                              "received": "undefined",
                              "path": [
                                19,
                                "y"
                              ],
                              "message": "Required"
                            }
                          ],
                          "name": "ZodError"
                        },
                        {
                          "issues": [
                            {
                              "code": "invalid_type",
                              "expected": "number",
                              "received": "undefined",
                              "path": [
                                19,
                                "y"
                              ],
                              "message": "Required"
                            }
                          ],
                          "name": "ZodError"
                        }
                      ],
                      "path": [
                        19,
                        "y"
                      ],
                      "message": "Invalid input"
                    },
                    {
                      "code": "invalid_type",
                      "expected": "array",
                      "received": "undefined",
                      "path": [
                        19,
                        "layers"
                      ],
                      "message": "Required"
                    }
                  ],
                  "name": "ZodError"
                }
              ],
              "path": [
                19
              ],
              "message": "Invalid input"
            }
          ],
          "name": "ZodError"
        },
        {
          "issues": [
            {
              "code": "invalid_union",
              "unionErrors": [
                {
                  "issues": [
                    {
                      "code": "invalid_union",
                      "unionErrors": [
                        {
                          "issues": [
                            {
                              "received": "pcb_component",
                              "code": "invalid_literal",
                              "expected": "pcb_keepout",
                              "path": [
                                19,
                                "type"
                              ],
                              "message": "Invalid literal value, expected \"pcb_keepout\""
                            },
                            {
                              "code": "invalid_literal",
                              "expected": "rect",
                              "path": [
                                19,
                                "shape"
                              ],
                              "message": "Invalid literal value, expected \"rect\""
                            },
                            {
                              "code": "invalid_type",
                              "expected": "string",
                              "received": "undefined",
                              "path": [
                                19,
                                "pcb_keepout_id"
                              ],
                              "message": "Required"
                            },
                            {
                              "code": "invalid_type",
                              "expected": "array",
                              "received": "undefined",
                              "path": [
                                19,
                                "layers"
                              ],
                              "message": "Required"
                            }
                          ],
                          "name": "ZodError"
                        },
                        {
                          "issues": [
                            {
                              "received": "pcb_component",
                              "code": "invalid_literal",
                              "expected": "pcb_keepout",
                              "path": [
                                19,
                                "type"
                              ],
                              "message": "Invalid literal value, expected \"pcb_keepout\""
                            },
                            {
                              "code": "invalid_literal",
                              "expected": "circle",
                              "path": [
                                19,
                                "shape"
                              ],
                              "message": "Invalid literal value, expected \"circle\""
                            },
                            {
                              "code": "invalid_union",
                              "unionErrors": [
                                {
                                  "issues": [
                                    {
                                      "code": "invalid_type",
                                      "expected": "string",
                                      "received": "undefined",
                                      "path": [
                                        19,
                                        "radius"
                                      ],
                                      "message": "Required"
                                    }
                                  ],
                                  "name": "ZodError"
                                },
                                {
                                  "issues": [
                                    {
                                      "code": "invalid_type",
                                      "expected": "number",
                                      "received": "undefined",
                                      "path": [
                                        19,
                                        "radius"
                                      ],
                                      "message": "Required"
                                    }
                                  ],
                                  "name": "ZodError"
                                }
                              ],
                              "path": [
                                19,
                                "radius"
                              ],
                              "message": "Invalid input"
                            },
                            {
                              "code": "invalid_type",
                              "expected": "string",
                              "received": "undefined",
                              "path": [
                                19,
                                "pcb_keepout_id"
                              ],
                              "message": "Required"
                            },
                            {
                              "code": "invalid_type",
                              "expected": "array",
                              "received": "undefined",
                              "path": [
                                19,
                                "layers"
                              ],
                              "message": "Required"
                            }
                          ],
                          "name": "ZodError"
                        }
                      ],
                      "path": [
                        19
                      ],
                      "message": "Invalid input"
                    }
                  ],
                  "name": "ZodError"
                },
                {
                  "issues": [
                    {
                      "received": "pcb_component",
                      "code": "invalid_literal",
                      "expected": "pcb_keepout",
                      "path": [
                        19,
                        "type"
                      ],
                      "message": "Invalid literal value, expected \"pcb_keepout\""
                    },
                    {
                      "code": "invalid_literal",
                      "expected": "outline",
                      "path": [
                        19,
                        "shape"
                      ],
                      "message": "Invalid literal value, expected \"outline\""
                    },
                    {
                      "code": "invalid_type",
                      "expected": "array",
                      "received": "undefined",
                      "path": [
                        19,
                        "outline"
                      ],
                      "message": "Required"
                    },
                    {
                      "code": "invalid_union",
                      "unionErrors": [
                        {
                          "issues": [
                            {
                              "code": "invalid_type",
                              "expected": "string",
                              "received": "undefined",
                              "path": [
                                19,
                                "stroke_width"
                              ],
                              "message": "Required"
                            }
                          ],
                          "name": "ZodError"
                        },
                        {
                          "issues": [
                            {
                              "code": "invalid_type",
                              "expected": "number",
                              "received": "undefined",
                              "path": [
                                19,
                                "stroke_width"
                              ],
                              "message": "Required"
                            }
                          ],
                          "name": "ZodError"
                        }
                      ],
                      "path": [
                        19,
                        "stroke_width"
                      ],
                      "message": "Invalid input"
                    },
                    {
                      "code": "invalid_type",
                      "expected": "string",
                      "received": "undefined",
                      "path": [
                        19,
                        "pcb_keepout_id"
                      ],
                      "message": "Required"
                    },
                    {
                      "code": "invalid_type",
                      "expected": "array",
                      "received": "undefined",
                      "path": [
                        19,
                        "layers"
                      ],
                      "message": "Required"
                    }
                  ],
                  "name": "ZodError"
                }
              ],
              "path": [
                19
              ],
              "message": "Invalid input"
            }
          ],
          "name": "ZodError"
        },
        {
          "issues": [
            {
              "received": "pcb_component",
              "code": "invalid_literal",
              "expected": "pcb_keepout_overlap_warning",
              "path": [
                19,
                "type"
              ],
              "message": "Invalid literal value, expected \"pcb_keepout_overlap_warning\""
            },
            {
              "code": "invalid_type",
              "expected": "string",
              "received": "undefined",
              "path": [
                19,
                "message"
              ],
              "message": "Required"
            },
            {
              "code": "invalid_type",
              "expected": "string",
              "received": "undefined",
              "path": [
                19,
                "pcb_keepout_id"
              ],
              "message": "Required"
            }
          ],
          "name": "ZodError"
        },
        {
          "issues": [
            {
              "received": "pcb_component",
              "code": "invalid_literal",
              "expected": "pcb_port",
              "path": [
                19,
                "type"
              ],
              "message": "Invalid literal value, expected \"pcb_port\""
            },
            {
              "code": "invalid_type",
              "expected": "string",
              "received": "undefined",
              "path": [
                19,
                "source_port_id"
              ],
              "message": "Required"
            },
            {
              "code": "invalid_union",
              "unionErrors": [
                {
                  "issues": [
                    {
                      "code": "invalid_type",
                      "expected": "string",
                      "received": "undefined",
                      "path": [
                        19,
                        "x"
                      ],
                      "message": "Required"
                    }
                  ],
                  "name": "ZodError"
                },
                {
                  "issues": [
                    {
                      "code": "invalid_type",
                      "expected": "number",
                      "received": "undefined",
                      "path": [
                        19,
                        "x"
                      ],
                      "message": "Required"
                    }
                  ],
                  "name": "ZodError"
                }
              ],
              "path": [
                19,
                "x"
              ],
              "message": "Invalid input"
            },
            {
              "code": "invalid_union",
              "unionErrors": [
                {
                  "issues": [
                    {
                      "code": "invalid_type",
                      "expected": "string",
                      "received": "undefined",
                      "path": [
                        19,
                        "y"
                      ],
                      "message": "Required"
                    }
                  ],
                  "name": "ZodError"
                },
                {
                  "issues": [
                    {
                      "code": "invalid_type",
                      "expected": "number",
                      "received": "undefined",
                      "path": [
                        19,
                        "y"
                      ],
                      "message": "Required"
                    }
                  ],
                  "name": "ZodError"
                }
              ],
              "path": [
                19,
                "y"
              ],
              "message": "Invalid input"
            },
            {
              "code": "invalid_type",
              "expected": "array",
              "received": "undefined",
              "path": [
                19,
                "layers"
              ],
              "message": "Required"
            }
          ],
          "name": "ZodError"
        },
        {
          "issues": [
            {
              "received": "pcb_component",
              "code": "invalid_literal",
              "expected": "pcb_net",
              "path": [
                19,
                "type"
              ],
              "message": "Invalid literal value, expected \"pcb_net\""
            }
          ],
          "name": "ZodError"
        },
        {
          "issues": [
            {
              "received": "pcb_component",
              "code": "invalid_literal",
              "expected": "pcb_text",
              "path": [
                19,
                "type"
              ],
              "message": "Invalid literal value, expected \"pcb_text\""
            },
            {
              "code": "invalid_type",
              "expected": "string",
              "received": "undefined",
              "path": [
                19,
                "text"
              ],
              "message": "Required"
            },
            {
              "code": "invalid_type",
              "expected": "number",
              "received": "undefined",
              "path": [
                19,
                "lines"
              ],
              "message": "Required"
            },
            {
              "expected": "'bottom-left'",
              "received": "undefined",
              "code": "invalid_type",
              "path": [
                19,
                "align"
              ],
              "message": "Required"
            }
          ],
          "name": "ZodError"
        },
        {
          "issues": [
            {
              "received": "pcb_component",
              "code": "invalid_literal",
              "expected": "pcb_trace",
              "path": [
                19,
                "type"
              ],
              "message": "Invalid literal value, expected \"pcb_trace\""
            },
            {
              "code": "invalid_type",
              "expected": "array",
              "received": "undefined",
              "path": [
                19,
                "route"
              ],
              "message": "Required"
            }
          ],
          "name": "ZodError"
        },
        {
          "issues": [
            {
              "received": "pcb_component",
              "code": "invalid_literal",
              "expected": "pcb_trace_warning",
              "path": [
                19,
                "type"
              ],
              "message": "Invalid literal value, expected \"pcb_trace_warning\""
            },
            {
              "code": "invalid_type",
              "expected": "string",
              "received": "undefined",
              "path": [
                19,
                "message"
              ],
              "message": "Required"
            },
            {
              "code": "invalid_type",
              "expected": "string",
              "received": "undefined",
              "path": [
                19,
                "pcb_trace_id"
              ],
              "message": "Required"
            },
            {
              "code": "invalid_type",
              "expected": "string",
              "received": "undefined",
              "path": [
                19,
                "source_trace_id"
              ],
              "message": "Required"
            },
            {
              "code": "invalid_type",
              "expected": "array",
              "received": "undefined",
              "path": [
                19,
                "pcb_component_ids"
              ],
              "message": "Required"
            },
            {
              "code": "invalid_type",
              "expected": "array",
              "received": "undefined",
              "path": [
                19,
                "pcb_port_ids"
              ],
              "message": "Required"
            }
          ],
          "name": "ZodError"
        },
        {
          "issues": [
            {
              "received": "pcb_component",
              "code": "invalid_literal",
              "expected": "pcb_trace_too_long_warning",
              "path": [
                19,
                "type"
              ],
              "message": "Invalid literal value, expected \"pcb_trace_too_long_warning\""
            },
            {
              "code": "invalid_type",
              "expected": "string",
              "received": "undefined",
              "path": [
                19,
                "message"
              ],
              "message": "Required"
            },
            {
              "code": "invalid_type",
              "expected": "string",
              "received": "undefined",
              "path": [
                19,
                "pcb_trace_id"
              ],
              "message": "Required"
            },
            {
              "code": "invalid_union",
              "unionErrors": [
                {
                  "issues": [
                    {
                      "code": "invalid_type",
                      "expected": "string",
                      "received": "undefined",
                      "path": [
                        19,
                        "actual_trace_length"
                      ],
                      "message": "Required"
                    }
                  ],
                  "name": "ZodError"
                },
                {
                  "issues": [
                    {
                      "code": "invalid_type",
                      "expected": "number",
                      "received": "undefined",
                      "path": [
                        19,
                        "actual_trace_length"
                      ],
                      "message": "Required"
                    }
                  ],
                  "name": "ZodError"
                }
              ],
              "path": [
                19,
                "actual_trace_length"
              ],
              "message": "Invalid input"
            },
            {
              "code": "invalid_union",
              "unionErrors": [
                {
                  "issues": [
                    {
                      "code": "invalid_type",
                      "expected": "string",
                      "received": "undefined",
                      "path": [
                        19,
                        "maximum_trace_length"
                      ],
                      "message": "Required"
                    }
                  ],
                  "name": "ZodError"
                },
                {
                  "issues": [
                    {
                      "code": "invalid_type",
                      "expected": "number",
                      "received": "undefined",
                      "path": [
                        19,
                        "maximum_trace_length"
                      ],
                      "message": "Required"
                    }
                  ],
                  "name": "ZodError"
                }
              ],
              "path": [
                19,
                "maximum_trace_length"
              ],
              "message": "Invalid input"
            }
          ],
          "name": "ZodError"
        },
        {
          "issues": [
            {
              "received": "pcb_component",
              "code": "invalid_literal",
              "expected": "pcb_trace_too_long_error",
              "path": [
                19,
                "type"
              ],
              "message": "Invalid literal value, expected \"pcb_trace_too_long_error\""
            },
            {
              "code": "invalid_type",
              "expected": "string",
              "received": "undefined",
              "path": [
                19,
                "message"
              ],
              "message": "Required"
            },
            {
              "code": "invalid_type",
              "expected": "string",
              "received": "undefined",
              "path": [
                19,
                "pcb_trace_id"
              ],
              "message": "Required"
            },
            {
              "code": "invalid_union",
              "unionErrors": [
                {
                  "issues": [
                    {
                      "code": "invalid_type",
                      "expected": "string",
                      "received": "undefined",
                      "path": [
                        19,
                        "actual_trace_length"
                      ],
                      "message": "Required"
                    }
                  ],
                  "name": "ZodError"
                },
                {
                  "issues": [
                    {
                      "code": "invalid_type",
                      "expected": "number",
                      "received": "undefined",
                      "path": [
                        19,
                        "actual_trace_length"
                      ],
                      "message": "Required"
                    }
                  ],
                  "name": "ZodError"
                }
              ],
              "path": [
                19,
                "actual_trace_length"
              ],
              "message": "Invalid input"
            },
            {
              "code": "invalid_union",
              "unionErrors": [
                {
                  "issues": [
                    {
                      "code": "invalid_type",
                      "expected": "string",
                      "received": "undefined",
                      "path": [
                        19,
                        "maximum_trace_length"
                      ],
                      "message": "Required"
                    }
                  ],
                  "name": "ZodError"
                },
                {
                  "issues": [
                    {
                      "code": "invalid_type",
                      "expected": "number",
                      "received": "undefined",
                      "path": [
                        19,
                        "maximum_trace_length"
                      ],
                      "message": "Required"
                    }
                  ],
                  "name": "ZodError"
                }
              ],
              "path": [
                19,
                "maximum_trace_length"
              ],
              "message": "Invalid input"
            }
          ],
          "name": "ZodError"
        },
        {
          "issues": [
            {
              "code": "invalid_type",
              "expected": "string",
              "received": "undefined",
              "path": [
                19,
                "message"
              ],
              "message": "Required"
            },
            {
              "received": "pcb_component",
              "code": "invalid_literal",
              "expected": "pcb_bus_length_skew_error",
              "path": [
                19,
                "type"
              ],
              "message": "Invalid literal value, expected \"pcb_bus_length_skew_error\""
            },
            {
              "code": "invalid_type",
              "expected": "string",
              "received": "undefined",
              "path": [
                19,
                "source_bus_id"
              ],
              "message": "Required"
            },
            {
              "code": "invalid_type",
              "expected": "array",
              "received": "undefined",
              "path": [
                19,
                "source_trace_ids"
              ],
              "message": "Required"
            },
            {
              "code": "invalid_type",
              "expected": "array",
              "received": "undefined",
              "path": [
                19,
                "pcb_trace_ids"
              ],
              "message": "Required"
            },
            {
              "code": "invalid_type",
              "expected": "number",
              "received": "undefined",
              "path": [
                19,
                "actual_length_skew"
              ],
              "message": "Required"
            },
            {
              "code": "invalid_type",
              "expected": "number",
              "received": "undefined",
              "path": [
                19,
                "maximum_length_skew"
              ],
              "message": "Required"
            }
          ],
          "name": "ZodError"
        },
        {
          "issues": [
            {
              "received": "pcb_component",
              "code": "invalid_literal",
              "expected": "pcb_trace_too_many_vias_warning",
              "path": [
                19,
                "type"
              ],
              "message": "Invalid literal value, expected \"pcb_trace_too_many_vias_warning\""
            },
            {
              "code": "invalid_type",
              "expected": "string",
              "received": "undefined",
              "path": [
                19,
                "message"
              ],
              "message": "Required"
            },
            {
              "code": "invalid_type",
              "expected": "string",
              "received": "undefined",
              "path": [
                19,
                "pcb_trace_id"
              ],
              "message": "Required"
            },
            {
              "code": "invalid_type",
              "expected": "number",
              "received": "undefined",
              "path": [
                19,
                "actual_via_count"
              ],
              "message": "Required"
            },
            {
              "code": "invalid_type",
              "expected": "number",
              "received": "undefined",
              "path": [
                19,
                "maximum_via_count"
              ],
              "message": "Required"
            }
          ],
          "name": "ZodError"
        },
        {
          "issues": [
            {
              "received": "pcb_component",
              "code": "invalid_literal",
              "expected": "pcb_via",
              "path": [
                19,
                "type"
              ],
              "message": "Invalid literal value, expected \"pcb_via\""
            },
            {
              "code": "invalid_union",
              "unionErrors": [
                {
                  "issues": [
                    {
                      "code": "invalid_type",
                      "expected": "string",
                      "received": "undefined",
                      "path": [
                        19,
                        "x"
                      ],
                      "message": "Required"
                    }
                  ],
                  "name": "ZodError"
                },
                {
                  "issues": [
                    {
                      "code": "invalid_type",
                      "expected": "number",
                      "received": "undefined",
                      "path": [
                        19,
                        "x"
                      ],
                      "message": "Required"
                    }
                  ],
                  "name": "ZodError"
                }
              ],
              "path": [
                19,
                "x"
              ],
              "message": "Invalid input"
            },
            {
              "code": "invalid_union",
              "unionErrors": [
                {
                  "issues": [
                    {
                      "code": "invalid_type",
                      "expected": "string",
                      "received": "undefined",
                      "path": [
                        19,
                        "y"
                      ],
                      "message": "Required"
                    }
                  ],
                  "name": "ZodError"
                },
                {
                  "issues": [
                    {
                      "code": "invalid_type",
                      "expected": "number",
                      "received": "undefined",
                      "path": [
                        19,
                        "y"
                      ],
                      "message": "Required"
                    }
                  ],
                  "name": "ZodError"
                }
              ],
              "path": [
                19,
                "y"
              ],
              "message": "Invalid input"
            },
            {
              "code": "invalid_type",
              "expected": "array",
              "received": "undefined",
              "path": [
                19,
                "layers"
              ],
              "message": "Required"
            }
          ],
          "name": "ZodError"
        },
        {
          "issues": [
            {
              "code": "invalid_union_discriminator",
              "options": [
                "circle",
                "rect",
                "rotated_rect",
                "rotated_pill",
                "pill",
                "polygon"
              ],
              "path": [
                19,
                "shape"
              ],
              "message": "Invalid discriminator value. Expected 'circle' | 'rect' | 'rotated_rect' | 'rotated_pill' | 'pill' | 'polygon'"
            }
          ],
          "name": "ZodError"
        },
        {
          "issues": [
            {
              "code": "invalid_union",
              "unionErrors": [
                {
                  "issues": [
                    {
                      "received": "pcb_component",
                      "code": "invalid_literal",
                      "expected": "pcb_solder_paste",
                      "path": [
                        19,
                        "type"
                      ],
                      "message": "Invalid literal value, expected \"pcb_solder_paste\""
                    },
                    {
                      "code": "invalid_literal",
                      "expected": "circle",
                      "path": [
                        19,
                        "shape"
                      ],
                      "message": "Invalid literal value, expected \"circle\""
                    },
                    {
                      "code": "invalid_union",
                      "unionErrors": [
                        {
                          "issues": [
                            {
                              "code": "invalid_type",
                              "expected": "string",
                              "received": "undefined",
                              "path": [
                                19,
                                "x"
                              ],
                              "message": "Required"
                            }
                          ],
                          "name": "ZodError"
                        },
                        {
                          "issues": [
                            {
                              "code": "invalid_type",
                              "expected": "number",
                              "received": "undefined",
                              "path": [
                                19,
                                "x"
                              ],
                              "message": "Required"
                            }
                          ],
                          "name": "ZodError"
                        }
                      ],
                      "path": [
                        19,
                        "x"
                      ],
                      "message": "Invalid input"
                    },
                    {
                      "code": "invalid_union",
                      "unionErrors": [
                        {
                          "issues": [
                            {
                              "code": "invalid_type",
                              "expected": "string",
                              "received": "undefined",
                              "path": [
                                19,
                                "y"
                              ],
                              "message": "Required"
                            }
                          ],
                          "name": "ZodError"
                        },
                        {
                          "issues": [
                            {
                              "code": "invalid_type",
                              "expected": "number",
                              "received": "undefined",
                              "path": [
                                19,
                                "y"
                              ],
                              "message": "Required"
                            }
                          ],
                          "name": "ZodError"
                        }
                      ],
                      "path": [
                        19,
                        "y"
                      ],
                      "message": "Invalid input"
                    },
                    {
                      "code": "invalid_type",
                      "expected": "number",
                      "received": "undefined",
                      "path": [
                        19,
                        "radius"
                      ],
                      "message": "Required"
                    }
                  ],
                  "name": "ZodError"
                },
                {
                  "issues": [
                    {
                      "received": "pcb_component",
                      "code": "invalid_literal",
                      "expected": "pcb_solder_paste",
                      "path": [
                        19,
                        "type"
                      ],
                      "message": "Invalid literal value, expected \"pcb_solder_paste\""
                    },
                    {
                      "code": "invalid_literal",
                      "expected": "rect",
                      "path": [
                        19,
                        "shape"
                      ],
                      "message": "Invalid literal value, expected \"rect\""
                    },
                    {
                      "code": "invalid_union",
                      "unionErrors": [
                        {
                          "issues": [
                            {
                              "code": "invalid_type",
                              "expected": "string",
                              "received": "undefined",
                              "path": [
                                19,
                                "x"
                              ],
                              "message": "Required"
                            }
                          ],
                          "name": "ZodError"
                        },
                        {
                          "issues": [
                            {
                              "code": "invalid_type",
                              "expected": "number",
                              "received": "undefined",
                              "path": [
                                19,
                                "x"
                              ],
                              "message": "Required"
                            }
                          ],
                          "name": "ZodError"
                        }
                      ],
                      "path": [
                        19,
                        "x"
                      ],
                      "message": "Invalid input"
                    },
                    {
                      "code": "invalid_union",
                      "unionErrors": [
                        {
                          "issues": [
                            {
                              "code": "invalid_type",
                              "expected": "string",
                              "received": "undefined",
                              "path": [
                                19,
                                "y"
                              ],
                              "message": "Required"
                            }
                          ],
                          "name": "ZodError"
                        },
                        {
                          "issues": [
                            {
                              "code": "invalid_type",
                              "expected": "number",
                              "received": "undefined",
                              "path": [
                                19,
                                "y"
                              ],
                              "message": "Required"
                            }
                          ],
                          "name": "ZodError"
                        }
                      ],
                      "path": [
                        19,
                        "y"
                      ],
                      "message": "Invalid input"
                    }
                  ],
                  "name": "ZodError"
                },
                {
                  "issues": [
                    {
                      "received": "pcb_component",
                      "code": "invalid_literal",
                      "expected": "pcb_solder_paste",
                      "path": [
                        19,
                        "type"
                      ],
                      "message": "Invalid literal value, expected \"pcb_solder_paste\""
                    },
                    {
                      "code": "invalid_literal",
                      "expected": "pill",
                      "path": [
                        19,
                        "shape"
                      ],
                      "message": "Invalid literal value, expected \"pill\""
                    },
                    {
                      "code": "invalid_union",
                      "unionErrors": [
                        {
                          "issues": [
                            {
                              "code": "invalid_type",
                              "expected": "string",
                              "received": "undefined",
                              "path": [
                                19,
                                "x"
                              ],
                              "message": "Required"
                            }
                          ],
                          "name": "ZodError"
                        },
                        {
                          "issues": [
                            {
                              "code": "invalid_type",
                              "expected": "number",
                              "received": "undefined",
                              "path": [
                                19,
                                "x"
                              ],
                              "message": "Required"
                            }
                          ],
                          "name": "ZodError"
                        }
                      ],
                      "path": [
                        19,
                        "x"
                      ],
                      "message": "Invalid input"
                    },
                    {
                      "code": "invalid_union",
                      "unionErrors": [
                        {
                          "issues": [
                            {
                              "code": "invalid_type",
                              "expected": "string",
                              "received": "undefined",
                              "path": [
                                19,
                                "y"
                              ],
                              "message": "Required"
                            }
                          ],
                          "name": "ZodError"
                        },
                        {
                          "issues": [
                            {
                              "code": "invalid_type",
                              "expected": "number",
                              "received": "undefined",
                              "path": [
                                19,
                                "y"
                              ],
                              "message": "Required"
                            }
                          ],
                          "name": "ZodError"
                        }
                      ],
                      "path": [
                        19,
                        "y"
                      ],
                      "message": "Invalid input"
                    },
                    {
                      "code": "invalid_type",
                      "expected": "number",
                      "received": "undefined",
                      "path": [
                        19,
                        "radius"
                      ],
                      "message": "Required"
                    }
                  ],
                  "name": "ZodError"
                },
                {
                  "issues": [
                    {
                      "received": "pcb_component",
                      "code": "invalid_literal",
                      "expected": "pcb_solder_paste",
                      "path": [
                        19,
                        "type"
                      ],
                      "message": "Invalid literal value, expected \"pcb_solder_paste\""
                    },
                    {
                      "code": "invalid_literal",
                      "expected": "rotated_rect",
                      "path": [
                        19,
                        "shape"
                      ],
                      "message": "Invalid literal value, expected \"rotated_rect\""
                    },
                    {
                      "code": "invalid_union",
                      "unionErrors": [
                        {
                          "issues": [
                            {
                              "code": "invalid_type",
                              "expected": "string",
                              "received": "undefined",
                              "path": [
                                19,
                                "x"
                              ],
                              "message": "Required"
                            }
                          ],
                          "name": "ZodError"
                        },
                        {
                          "issues": [
                            {
                              "code": "invalid_type",
                              "expected": "number",
                              "received": "undefined",
                              "path": [
                                19,
                                "x"
                              ],
                              "message": "Required"
                            }
                          ],
                          "name": "ZodError"
                        }
                      ],
                      "path": [
                        19,
                        "x"
                      ],
                      "message": "Invalid input"
                    },
                    {
                      "code": "invalid_union",
                      "unionErrors": [
                        {
                          "issues": [
                            {
                              "code": "invalid_type",
                              "expected": "string",
                              "received": "undefined",
                              "path": [
                                19,
                                "y"
                              ],
                              "message": "Required"
                            }
                          ],
                          "name": "ZodError"
                        },
                        {
                          "issues": [
                            {
                              "code": "invalid_type",
                              "expected": "number",
                              "received": "undefined",
                              "path": [
                                19,
                                "y"
                              ],
                              "message": "Required"
                            }
                          ],
                          "name": "ZodError"
                        }
                      ],
                      "path": [
                        19,
                        "y"
                      ],
                      "message": "Invalid input"
                    },
                    {
                      "code": "invalid_union",
                      "unionErrors": [
                        {
                          "issues": [
                            {
                              "code": "invalid_type",
                              "expected": "string",
                              "received": "undefined",
                              "path": [
                                19,
                                "ccw_rotation"
                              ],
                              "message": "Required"
                            }
                          ],
                          "name": "ZodError"
                        },
                        {
                          "issues": [
                            {
                              "code": "invalid_type",
                              "expected": "number",
                              "received": "undefined",
                              "path": [
                                19,
                                "ccw_rotation"
                              ],
                              "message": "Required"
                            }
                          ],
                          "name": "ZodError"
                        }
                      ],
                      "path": [
                        19,
                        "ccw_rotation"
                      ],
                      "message": "Invalid input"
                    }
                  ],
                  "name": "ZodError"
                },
                {
                  "issues": [
                    {
                      "received": "pcb_component",
                      "code": "invalid_literal",
                      "expected": "pcb_solder_paste",
                      "path": [
                        19,
                        "type"
                      ],
                      "message": "Invalid literal value, expected \"pcb_solder_paste\""
                    },
                    {
                      "code": "invalid_literal",
                      "expected": "rotated_pill",
                      "path": [
                        19,
                        "shape"
                      ],
                      "message": "Invalid literal value, expected \"rotated_pill\""
                    },
                    {
                      "code": "invalid_union",
                      "unionErrors": [
                        {
                          "issues": [
                            {
                              "code": "invalid_type",
                              "expected": "string",
                              "received": "undefined",
                              "path": [
                                19,
                                "x"
                              ],
                              "message": "Required"
                            }
                          ],
                          "name": "ZodError"
                        },
                        {
                          "issues": [
                            {
                              "code": "invalid_type",
                              "expected": "number",
                              "received": "undefined",
                              "path": [
                                19,
                                "x"
                              ],
                              "message": "Required"
                            }
                          ],
                          "name": "ZodError"
                        }
                      ],
                      "path": [
                        19,
                        "x"
                      ],
                      "message": "Invalid input"
                    },
                    {
                      "code": "invalid_union",
                      "unionErrors": [
                        {
                          "issues": [
                            {
                              "code": "invalid_type",
                              "expected": "string",
                              "received": "undefined",
                              "path": [
                                19,
                                "y"
                              ],
                              "message": "Required"
                            }
                          ],
                          "name": "ZodError"
                        },
                        {
                          "issues": [
                            {
                              "code": "invalid_type",
                              "expected": "number",
                              "received": "undefined",
                              "path": [
                                19,
                                "y"
                              ],
                              "message": "Required"
                            }
                          ],
                          "name": "ZodError"
                        }
                      ],
                      "path": [
                        19,
                        "y"
                      ],
                      "message": "Invalid input"
                    },
                    {
                      "code": "invalid_type",
                      "expected": "number",
                      "received": "undefined",
                      "path": [
                        19,
                        "radius"
                      ],
                      "message": "Required"
                    },
                    {
                      "code": "invalid_union",
                      "unionErrors": [
                        {
                          "issues": [
                            {
                              "code": "invalid_type",
                              "expected": "string",
                              "received": "undefined",
                              "path": [
                                19,
                                "ccw_rotation"
                              ],
                              "message": "Required"
                            }
                          ],
                          "name": "ZodError"
                        },
                        {
                          "issues": [
                            {
                              "code": "invalid_type",
                              "expected": "number",
                              "received": "undefined",
                              "path": [
                                19,
                                "ccw_rotation"
                              ],
                              "message": "Required"
                            }
                          ],
                          "name": "ZodError"
                        }
                      ],
                      "path": [
                        19,
                        "ccw_rotation"
                      ],
                      "message": "Invalid input"
                    }
                  ],
                  "name": "ZodError"
                },
                {
                  "issues": [
                    {
                      "received": "pcb_component",
                      "code": "invalid_literal",
                      "expected": "pcb_solder_paste",
                      "path": [
                        19,
                        "type"
                      ],
                      "message": "Invalid literal value, expected \"pcb_solder_paste\""
                    },
                    {
                      "code": "invalid_literal",
                      "expected": "oval",
                      "path": [
                        19,
                        "shape"
                      ],
                      "message": "Invalid literal value, expected \"oval\""
                    },
                    {
                      "code": "invalid_union",
                      "unionErrors": [
                        {
                          "issues": [
                            {
                              "code": "invalid_type",
                              "expected": "string",
                              "received": "undefined",
                              "path": [
                                19,
                                "x"
                              ],
                              "message": "Required"
                            }
                          ],
                          "name": "ZodError"
                        },
                        {
                          "issues": [
                            {
                              "code": "invalid_type",
                              "expected": "number",
                              "received": "undefined",
                              "path": [
                                19,
                                "x"
                              ],
                              "message": "Required"
                            }
                          ],
                          "name": "ZodError"
                        }
                      ],
                      "path": [
                        19,
                        "x"
                      ],
                      "message": "Invalid input"
                    },
                    {
                      "code": "invalid_union",
                      "unionErrors": [
                        {
                          "issues": [
                            {
                              "code": "invalid_type",
                              "expected": "string",
                              "received": "undefined",
                              "path": [
                                19,
                                "y"
                              ],
                              "message": "Required"
                            }
                          ],
                          "name": "ZodError"
                        },
                        {
                          "issues": [
                            {
                              "code": "invalid_type",
                              "expected": "number",
                              "received": "undefined",
                              "path": [
                                19,
                                "y"
                              ],
                              "message": "Required"
                            }
                          ],
                          "name": "ZodError"
                        }
                      ],
                      "path": [
                        19,
                        "y"
                      ],
                      "message": "Invalid input"
                    }
                  ],
                  "name": "ZodError"
                }
              ],
              "path": [
                19
              ],
              "message": "Invalid input"
            }
          ],
          "name": "ZodError"
        },
        {
          "issues": [
            {
              "code": "invalid_union_discriminator",
              "options": [
                "circle",
                "rect",
                "rotated_rect",
                "polygon"
              ],
              "path": [
                19,
                "shape"
              ],
              "message": "Invalid discriminator value. Expected 'circle' | 'rect' | 'rotated_rect' | 'polygon'"
            }
          ],
          "name": "ZodError"
        },
        {
          "issues": [
            {
              "received": "pcb_component",
              "code": "invalid_literal",
              "expected": "pcb_board",
              "path": [
                19,
                "type"
              ],
              "message": "Invalid literal value, expected \"pcb_board\""
            },
            {
              "code": "invalid_type",
              "expected": "string",
              "received": "number",
              "path": [
                19,
                "display_offset_x"
              ],
              "message": "Expected string, received number"
            },
            {
              "code": "invalid_type",
              "expected": "string",
              "received": "number",
              "path": [
                19,
                "display_offset_y"
              ],
              "message": "Expected string, received number"
            },
            {
              "received": "relative_to_group_anchor",
              "code": "invalid_enum_value",
              "options": [
                "relative_to_panel_anchor",
                "none"
              ],
              "path": [
                19,
                "position_mode"
              ],
              "message": "Invalid enum value. Expected 'relative_to_panel_anchor' | 'none', received 'relative_to_group_anchor'"
            }
          ],
          "name": "ZodError"
        },
        {
          "issues": [
            {
              "received": "pcb_component",
              "code": "invalid_literal",
              "expected": "pcb_bend",
              "path": [
                19,
                "type"
              ],
              "message": "Invalid literal value, expected \"pcb_bend\""
            },
            {
              "code": "invalid_type",
              "expected": "string",
              "received": "undefined",
              "path": [
                19,
                "pcb_board_id"
              ],
              "message": "Required"
            },
            {
              "code": "invalid_type",
              "expected": "object",
              "received": "undefined",
              "path": [
                19,
                "start"
              ],
              "message": "Required"
            },
            {
              "code": "invalid_type",
              "expected": "object",
              "received": "undefined",
              "path": [
                19,
                "end"
              ],
              "message": "Required"
            },
            {
              "code": "invalid_union",
              "unionErrors": [
                {
                  "issues": [
                    {
                      "code": "invalid_type",
                      "expected": "string",
                      "received": "undefined",
                      "path": [
                        19,
                        "bend_angle"
                      ],
                      "message": "Required"
                    }
                  ],
                  "name": "ZodError"
                },
                {
                  "issues": [
                    {
                      "code": "invalid_type",
                      "expected": "number",
                      "received": "undefined",
                      "path": [
                        19,
                        "bend_angle"
                      ],
                      "message": "Required"
                    }
                  ],
                  "name": "ZodError"
                }
              ],
              "path": [
                19,
                "bend_angle"
              ],
              "message": "Invalid input"
            },
            {
              "code": "invalid_union",
              "unionErrors": [
                {
                  "issues": [
                    {
                      "code": "invalid_type",
                      "expected": "string",
                      "received": "undefined",
                      "path": [
                        19,
                        "bend_radius"
                      ],
                      "message": "Required"
                    }
                  ],
                  "name": "ZodError"
                },
                {
                  "issues": [
                    {
                      "code": "invalid_type",
                      "expected": "number",
                      "received": "undefined",
                      "path": [
                        19,
                        "bend_radius"
                      ],
                      "message": "Required"
                    }
                  ],
                  "name": "ZodError"
                }
              ],
              "path": [
                19,
                "bend_radius"
              ],
              "message": "Invalid input"
            },
            {
              "expected": "'left' | 'right'",
              "received": "undefined",
              "code": "invalid_type",
              "path": [
                19,
                "bend_side"
              ],
              "message": "Required"
            }
          ],
          "name": "ZodError"
        },
        {
          "issues": [
            {
              "code": "invalid_union_discriminator",
              "options": [
                "rect",
                "polygon"
              ],
              "path": [
                19,
                "shape"
              ],
              "message": "Invalid discriminator value. Expected 'rect' | 'polygon'"
            }
          ],
          "name": "ZodError"
        },
        {
          "issues": [
            {
              "received": "pcb_component",
              "code": "invalid_literal",
              "expected": "pcb_panel",
              "path": [
                19,
                "type"
              ],
              "message": "Invalid literal value, expected \"pcb_panel\""
            }
          ],
          "name": "ZodError"
        },
        {
          "issues": [
            {
              "received": "pcb_component",
              "code": "invalid_literal",
              "expected": "pcb_group",
              "path": [
                19,
                "type"
              ],
              "message": "Invalid literal value, expected \"pcb_group\""
            },
            {
              "code": "invalid_type",
              "expected": "string",
              "received": "undefined",
              "path": [
                19,
                "source_group_id"
              ],
              "message": "Required"
            },
            {
              "code": "invalid_type",
              "expected": "string",
              "received": "number",
              "path": [
                19,
                "display_offset_x"
              ],
              "message": "Expected string, received number"
            },
            {
              "code": "invalid_type",
              "expected": "string",
              "received": "number",
              "path": [
                19,
                "display_offset_y"
              ],
              "message": "Expected string, received number"
            },
            {
              "code": "invalid_type",
              "expected": "array",
              "received": "undefined",
              "path": [
                19,
                "pcb_component_ids"
              ],
              "message": "Required"
            }
          ],
          "name": "ZodError"
        },
        {
          "issues": [
            {
              "received": "pcb_component",
              "code": "invalid_literal",
              "expected": "pcb_trace_hint",
              "path": [
                19,
                "type"
              ],
              "message": "Invalid literal value, expected \"pcb_trace_hint\""
            },
            {
              "code": "invalid_type",
              "expected": "string",
              "received": "undefined",
              "path": [
                19,
                "pcb_port_id"
              ],
              "message": "Required"
            },
            {
              "code": "invalid_type",
              "expected": "array",
              "received": "undefined",
              "path": [
                19,
                "route"
              ],
              "message": "Required"
            }
          ],
          "name": "ZodError"
        },
        {
          "issues": [
            {
              "received": "pcb_component",
              "code": "invalid_literal",
              "expected": "pcb_silkscreen_line",
              "path": [
                19,
                "type"
              ],
              "message": "Invalid literal value, expected \"pcb_silkscreen_line\""
            },
            {
              "code": "invalid_union",
              "unionErrors": [
                {
                  "issues": [
                    {
                      "code": "invalid_type",
                      "expected": "string",
                      "received": "undefined",
                      "path": [
                        19,
                        "x1"
                      ],
                      "message": "Required"
                    }
                  ],
                  "name": "ZodError"
                },
                {
                  "issues": [
                    {
                      "code": "invalid_type",
                      "expected": "number",
                      "received": "undefined",
                      "path": [
                        19,
                        "x1"
                      ],
                      "message": "Required"
                    }
                  ],
                  "name": "ZodError"
                }
              ],
              "path": [
                19,
                "x1"
              ],
              "message": "Invalid input"
            },
            {
              "code": "invalid_union",
              "unionErrors": [
                {
                  "issues": [
                    {
                      "code": "invalid_type",
                      "expected": "string",
                      "received": "undefined",
                      "path": [
                        19,
                        "y1"
                      ],
                      "message": "Required"
                    }
                  ],
                  "name": "ZodError"
                },
                {
                  "issues": [
                    {
                      "code": "invalid_type",
                      "expected": "number",
                      "received": "undefined",
                      "path": [
                        19,
                        "y1"
                      ],
                      "message": "Required"
                    }
                  ],
                  "name": "ZodError"
                }
              ],
              "path": [
                19,
                "y1"
              ],
              "message": "Invalid input"
            },
            {
              "code": "invalid_union",
              "unionErrors": [
                {
                  "issues": [
                    {
                      "code": "invalid_type",
                      "expected": "string",
                      "received": "undefined",
                      "path": [
                        19,
                        "x2"
                      ],
                      "message": "Required"
                    }
                  ],
                  "name": "ZodError"
                },
                {
                  "issues": [
                    {
                      "code": "invalid_type",
                      "expected": "number",
                      "received": "undefined",
                      "path": [
                        19,
                        "x2"
                      ],
                      "message": "Required"
                    }
                  ],
                  "name": "ZodError"
                }
              ],
              "path": [
                19,
                "x2"
              ],
              "message": "Invalid input"
            },
            {
              "code": "invalid_union",
              "unionErrors": [
                {
                  "issues": [
                    {
                      "code": "invalid_type",
                      "expected": "string",
                      "received": "undefined",
                      "path": [
                        19,
                        "y2"
                      ],
                      "message": "Required"
                    }
                  ],
                  "name": "ZodError"
                },
                {
                  "issues": [
                    {
                      "code": "invalid_type",
                      "expected": "number",
                      "received": "undefined",
                      "path": [
                        19,
                        "y2"
                      ],
                      "message": "Required"
                    }
                  ],
                  "name": "ZodError"
                }
              ],
              "path": [
                19,
                "y2"
              ],
              "message": "Invalid input"
            }
          ],
          "name": "ZodError"
        },
        {
          "issues": [
            {
              "received": "pcb_component",
              "code": "invalid_literal",
              "expected": "pcb_silkscreen_path",
              "path": [
                19,
                "type"
              ],
              "message": "Invalid literal value, expected \"pcb_silkscreen_path\""
            },
            {
              "code": "invalid_type",
              "expected": "array",
              "received": "undefined",
              "path": [
                19,
                "route"
              ],
              "message": "Required"
            },
            {
              "code": "invalid_union",
              "unionErrors": [
                {
                  "issues": [
                    {
                      "code": "invalid_type",
                      "expected": "string",
                      "received": "undefined",
                      "path": [
                        19,
                        "stroke_width"
                      ],
                      "message": "Required"
                    }
                  ],
                  "name": "ZodError"
                },
                {
                  "issues": [
                    {
                      "code": "invalid_type",
                      "expected": "number",
                      "received": "undefined",
                      "path": [
                        19,
                        "stroke_width"
                      ],
                      "message": "Required"
                    }
                  ],
                  "name": "ZodError"
                }
              ],
              "path": [
                19,
                "stroke_width"
              ],
              "message": "Invalid input"
            }
          ],
          "name": "ZodError"
        },
        {
          "issues": [
            {
              "received": "pcb_component",
              "code": "invalid_literal",
              "expected": "pcb_silkscreen_text",
              "path": [
                19,
                "type"
              ],
              "message": "Invalid literal value, expected \"pcb_silkscreen_text\""
            },
            {
              "code": "invalid_type",
              "expected": "string",
              "received": "undefined",
              "path": [
                19,
                "text"
              ],
              "message": "Required"
            }
          ],
          "name": "ZodError"
        },
        {
          "issues": [
            {
              "received": "pcb_component",
              "code": "invalid_literal",
              "expected": "pcb_silkscreen_pill",
              "path": [
                19,
                "type"
              ],
              "message": "Invalid literal value, expected \"pcb_silkscreen_pill\""
            }
          ],
          "name": "ZodError"
        },
        {
          "issues": [
            {
              "received": "pcb_component",
              "code": "invalid_literal",
              "expected": "pcb_copper_text",
              "path": [
                19,
                "type"
              ],
              "message": "Invalid literal value, expected \"pcb_copper_text\""
            },
            {
              "code": "invalid_type",
              "expected": "string",
              "received": "undefined",
              "path": [
                19,
                "text"
              ],
              "message": "Required"
            }
          ],
          "name": "ZodError"
        },
        {
          "issues": [
            {
              "received": "pcb_component",
              "code": "invalid_literal",
              "expected": "pcb_silkscreen_rect",
              "path": [
                19,
                "type"
              ],
              "message": "Invalid literal value, expected \"pcb_silkscreen_rect\""
            }
          ],
          "name": "ZodError"
        },
        {
          "issues": [
            {
              "received": "pcb_component",
              "code": "invalid_literal",
              "expected": "pcb_silkscreen_circle",
              "path": [
                19,
                "type"
              ],
              "message": "Invalid literal value, expected \"pcb_silkscreen_circle\""
            },
            {
              "code": "invalid_union",
              "unionErrors": [
                {
                  "issues": [
                    {
                      "code": "invalid_type",
                      "expected": "string",
                      "received": "undefined",
                      "path": [
                        19,
                        "radius"
                      ],
                      "message": "Required"
                    }
                  ],
                  "name": "ZodError"
                },
                {
                  "issues": [
                    {
                      "code": "invalid_type",
                      "expected": "number",
                      "received": "undefined",
                      "path": [
                        19,
                        "radius"
                      ],
                      "message": "Required"
                    }
                  ],
                  "name": "ZodError"
                }
              ],
              "path": [
                19,
                "radius"
              ],
              "message": "Invalid input"
            }
          ],
          "name": "ZodError"
        },
        {
          "issues": [
            {
              "received": "pcb_component",
              "code": "invalid_literal",
              "expected": "pcb_silkscreen_oval",
              "path": [
                19,
                "type"
              ],
              "message": "Invalid literal value, expected \"pcb_silkscreen_oval\""
            },
            {
              "code": "invalid_union",
              "unionErrors": [
                {
                  "issues": [
                    {
                      "code": "invalid_type",
                      "expected": "string",
                      "received": "undefined",
                      "path": [
                        19,
                        "radius_x"
                      ],
                      "message": "Required"
                    }
                  ],
                  "name": "ZodError"
                },
                {
                  "issues": [
                    {
                      "code": "invalid_type",
                      "expected": "number",
                      "received": "undefined",
                      "path": [
                        19,
                        "radius_x"
                      ],
                      "message": "Required"
                    }
                  ],
                  "name": "ZodError"
                }
              ],
              "path": [
                19,
                "radius_x"
              ],
              "message": "Invalid input"
            },
            {
              "code": "invalid_union",
              "unionErrors": [
                {
                  "issues": [
                    {
                      "code": "invalid_type",
                      "expected": "string",
                      "received": "undefined",
                      "path": [
                        19,
                        "radius_y"
                      ],
                      "message": "Required"
                    }
                  ],
                  "name": "ZodError"
                },
                {
                  "issues": [
                    {
                      "code": "invalid_type",
                      "expected": "number",
                      "received": "undefined",
                      "path": [
                        19,
                        "radius_y"
                      ],
                      "message": "Required"
                    }
                  ],
                  "name": "ZodError"
                }
              ],
              "path": [
                19,
                "radius_y"
              ],
              "message": "Invalid input"
            }
          ],
          "name": "ZodError"
        },
        {
          "issues": [
            {
              "code": "invalid_union_discriminator",
              "options": [
                "brep"
              ],
              "path": [
                19,
                "shape"
              ],
              "message": "Invalid discriminator value. Expected 'brep'"
            }
          ],
          "name": "ZodError"
        },
        {
          "issues": [
            {
              "code": "invalid_type",
              "expected": "string",
              "received": "undefined",
              "path": [
                19,
                "message"
              ],
              "message": "Required"
            },
            {
              "received": "pcb_component",
              "code": "invalid_literal",
              "expected": "pcb_trace_error",
              "path": [
                19,
                "type"
              ],
              "message": "Invalid literal value, expected \"pcb_trace_error\""
            },
            {
              "code": "invalid_type",
              "expected": "string",
              "received": "undefined",
              "path": [
                19,
                "pcb_trace_id"
              ],
              "message": "Required"
            },
            {
              "code": "invalid_type",
              "expected": "string",
              "received": "undefined",
              "path": [
                19,
                "source_trace_id"
              ],
              "message": "Required"
            },
            {
              "code": "invalid_type",
              "expected": "array",
              "received": "undefined",
              "path": [
                19,
                "pcb_component_ids"
              ],
              "message": "Required"
            },
            {
              "code": "invalid_type",
              "expected": "array",
              "received": "undefined",
              "path": [
                19,
                "pcb_port_ids"
              ],
              "message": "Required"
            }
          ],
          "name": "ZodError"
        },
        {
          "issues": [
            {
              "code": "invalid_type",
              "expected": "string",
              "received": "undefined",
              "path": [
                19,
                "message"
              ],
              "message": "Required"
            },
            {
              "received": "pcb_component",
              "code": "invalid_literal",
              "expected": "pcb_trace_missing_error",
              "path": [
                19,
                "type"
              ],
              "message": "Invalid literal value, expected \"pcb_trace_missing_error\""
            },
            {
              "code": "invalid_type",
              "expected": "string",
              "received": "undefined",
              "path": [
                19,
                "source_trace_id"
              ],
              "message": "Required"
            },
            {
              "code": "invalid_type",
              "expected": "array",
              "received": "undefined",
              "path": [
                19,
                "pcb_component_ids"
              ],
              "message": "Required"
            },
            {
              "code": "invalid_type",
              "expected": "array",
              "received": "undefined",
              "path": [
                19,
                "pcb_port_ids"
              ],
              "message": "Required"
            }
          ],
          "name": "ZodError"
        },
        {
          "issues": [
            {
              "code": "invalid_type",
              "expected": "string",
              "received": "undefined",
              "path": [
                19,
                "message"
              ],
              "message": "Required"
            },
            {
              "received": "pcb_component",
              "code": "invalid_literal",
              "expected": "pcb_placement_error",
              "path": [
                19,
                "type"
              ],
              "message": "Invalid literal value, expected \"pcb_placement_error\""
            }
          ],
          "name": "ZodError"
        },
        {
          "issues": [
            {
              "code": "invalid_type",
              "expected": "string",
              "received": "undefined",
              "path": [
                19,
                "message"
              ],
              "message": "Required"
            },
            {
              "received": "pcb_component",
              "code": "invalid_literal",
              "expected": "pcb_packing_error",
              "path": [
                19,
                "type"
              ],
              "message": "Invalid literal value, expected \"pcb_packing_error\""
            }
          ],
          "name": "ZodError"
        },
        {
          "issues": [
            {
              "code": "invalid_type",
              "expected": "string",
              "received": "undefined",
              "path": [
                19,
                "message"
              ],
              "message": "Required"
            },
            {
              "received": "pcb_component",
              "code": "invalid_literal",
              "expected": "pcb_panelization_placement_error",
              "path": [
                19,
                "type"
              ],
              "message": "Invalid literal value, expected \"pcb_panelization_placement_error\""
            }
          ],
          "name": "ZodError"
        },
        {
          "issues": [
            {
              "code": "invalid_type",
              "expected": "string",
              "received": "undefined",
              "path": [
                19,
                "message"
              ],
              "message": "Required"
            },
            {
              "received": "pcb_component",
              "code": "invalid_literal",
              "expected": "pcb_port_not_matched_error",
              "path": [
                19,
                "type"
              ],
              "message": "Invalid literal value, expected \"pcb_port_not_matched_error\""
            },
            {
              "code": "invalid_type",
              "expected": "array",
              "received": "undefined",
              "path": [
                19,
                "pcb_component_ids"
              ],
              "message": "Required"
            }
          ],
          "name": "ZodError"
        },
        {
          "issues": [
            {
              "code": "invalid_type",
              "expected": "string",
              "received": "undefined",
              "path": [
                19,
                "message"
              ],
              "message": "Required"
            },
            {
              "received": "pcb_component",
              "code": "invalid_literal",
              "expected": "pcb_port_not_connected_error",
              "path": [
                19,
                "type"
              ],
              "message": "Invalid literal value, expected \"pcb_port_not_connected_error\""
            },
            {
              "code": "invalid_type",
              "expected": "array",
              "received": "undefined",
              "path": [
                19,
                "pcb_port_ids"
              ],
              "message": "Required"
            },
            {
              "code": "invalid_type",
              "expected": "array",
              "received": "undefined",
              "path": [
                19,
                "pcb_component_ids"
              ],
              "message": "Required"
            }
          ],
          "name": "ZodError"
        },
        {
          "issues": [
            {
              "code": "invalid_type",
              "expected": "string",
              "received": "undefined",
              "path": [
                19,
                "message"
              ],
              "message": "Required"
            },
            {
              "received": "pcb_component",
              "code": "invalid_literal",
              "expected": "pcb_via_clearance_error",
              "path": [
                19,
                "type"
              ],
              "message": "Invalid literal value, expected \"pcb_via_clearance_error\""
            },
            {
              "code": "invalid_type",
              "expected": "array",
              "received": "undefined",
              "path": [
                19,
                "pcb_via_ids"
              ],
              "message": "Required"
            }
          ],
          "name": "ZodError"
        },
        {
          "issues": [
            {
              "code": "invalid_type",
              "expected": "string",
              "received": "undefined",
              "path": [
                19,
                "message"
              ],
              "message": "Required"
            },
            {
              "received": "pcb_component",
              "code": "invalid_literal",
              "expected": "pcb_via_trace_clearance_error",
              "path": [
                19,
                "type"
              ],
              "message": "Invalid literal value, expected \"pcb_via_trace_clearance_error\""
            },
            {
              "code": "invalid_type",
              "expected": "string",
              "received": "undefined",
              "path": [
                19,
                "pcb_via_id"
              ],
              "message": "Required"
            },
            {
              "code": "invalid_type",
              "expected": "string",
              "received": "undefined",
              "path": [
                19,
                "pcb_trace_id"
              ],
              "message": "Required"
            }
          ],
          "name": "ZodError"
        },
        {
          "issues": [
            {
              "code": "invalid_type",
              "expected": "string",
              "received": "undefined",
              "path": [
                19,
                "message"
              ],
              "message": "Required"
            },
            {
              "received": "pcb_component",
              "code": "invalid_literal",
              "expected": "pcb_pad_pad_clearance_error",
              "path": [
                19,
                "type"
              ],
              "message": "Invalid literal value, expected \"pcb_pad_pad_clearance_error\""
            },
            {
              "code": "invalid_type",
              "expected": "array",
              "received": "undefined",
              "path": [
                19,
                "pcb_pad_ids"
              ],
              "message": "Required"
            }
          ],
          "name": "ZodError"
        },
        {
          "issues": [
            {
              "code": "invalid_type",
              "expected": "string",
              "received": "undefined",
              "path": [
                19,
                "message"
              ],
              "message": "Required"
            },
            {
              "received": "pcb_component",
              "code": "invalid_literal",
              "expected": "pcb_pad_trace_clearance_error",
              "path": [
                19,
                "type"
              ],
              "message": "Invalid literal value, expected \"pcb_pad_trace_clearance_error\""
            },
            {
              "code": "invalid_type",
              "expected": "string",
              "received": "undefined",
              "path": [
                19,
                "pcb_pad_id"
              ],
              "message": "Required"
            },
            {
              "code": "invalid_type",
              "expected": "string",
              "received": "undefined",
              "path": [
                19,
                "pcb_trace_id"
              ],
              "message": "Required"
            }
          ],
          "name": "ZodError"
        },
        {
          "issues": [
            {
              "received": "pcb_component",
              "code": "invalid_literal",
              "expected": "pcb_fabrication_note_path",
              "path": [
                19,
                "type"
              ],
              "message": "Invalid literal value, expected \"pcb_fabrication_note_path\""
            },
            {
              "code": "invalid_type",
              "expected": "array",
              "received": "undefined",
              "path": [
                19,
                "route"
              ],
              "message": "Required"
            },
            {
              "code": "invalid_union",
              "unionErrors": [
                {
                  "issues": [
                    {
                      "code": "invalid_type",
                      "expected": "string",
                      "received": "undefined",
                      "path": [
                        19,
                        "stroke_width"
                      ],
                      "message": "Required"
                    }
                  ],
                  "name": "ZodError"
                },
                {
                  "issues": [
                    {
                      "code": "invalid_type",
                      "expected": "number",
                      "received": "undefined",
                      "path": [
                        19,
                        "stroke_width"
                      ],
                      "message": "Required"
                    }
                  ],
                  "name": "ZodError"
                }
              ],
              "path": [
                19,
                "stroke_width"
              ],
              "message": "Invalid input"
            }
          ],
          "name": "ZodError"
        },
        {
          "issues": [
            {
              "received": "pcb_component",
              "code": "invalid_literal",
              "expected": "pcb_fabrication_note_text",
              "path": [
                19,
                "type"
              ],
              "message": "Invalid literal value, expected \"pcb_fabrication_note_text\""
            },
            {
              "code": "invalid_type",
              "expected": "string",
              "received": "undefined",
              "path": [
                19,
                "text"
              ],
              "message": "Required"
            }
          ],
          "name": "ZodError"
        },
        {
          "issues": [
            {
              "received": "pcb_component",
              "code": "invalid_literal",
              "expected": "pcb_fabrication_note_rect",
              "path": [
                19,
                "type"
              ],
              "message": "Invalid literal value, expected \"pcb_fabrication_note_rect\""
            }
          ],
          "name": "ZodError"
        },
        {
          "issues": [
            {
              "received": "pcb_component",
              "code": "invalid_literal",
              "expected": "pcb_fabrication_note_dimension",
              "path": [
                19,
                "type"
              ],
              "message": "Invalid literal value, expected \"pcb_fabrication_note_dimension\""
            },
            {
              "code": "invalid_type",
              "expected": "object",
              "received": "undefined",
              "path": [
                19,
                "from"
              ],
              "message": "Required"
            },
            {
              "code": "invalid_type",
              "expected": "object",
              "received": "undefined",
              "path": [
                19,
                "to"
              ],
              "message": "Required"
            }
          ],
          "name": "ZodError"
        },
        {
          "issues": [
            {
              "received": "pcb_component",
              "code": "invalid_literal",
              "expected": "pcb_note_text",
              "path": [
                19,
                "type"
              ],
              "message": "Invalid literal value, expected \"pcb_note_text\""
            }
          ],
          "name": "ZodError"
        },
        {
          "issues": [
            {
              "received": "pcb_component",
              "code": "invalid_literal",
              "expected": "pcb_note_rect",
              "path": [
                19,
                "type"
              ],
              "message": "Invalid literal value, expected \"pcb_note_rect\""
            }
          ],
          "name": "ZodError"
        },
        {
          "issues": [
            {
              "received": "pcb_component",
              "code": "invalid_literal",
              "expected": "pcb_note_path",
              "path": [
                19,
                "type"
              ],
              "message": "Invalid literal value, expected \"pcb_note_path\""
            },
            {
              "code": "invalid_type",
              "expected": "array",
              "received": "undefined",
              "path": [
                19,
                "route"
              ],
              "message": "Required"
            }
          ],
          "name": "ZodError"
        },
        {
          "issues": [
            {
              "received": "pcb_component",
              "code": "invalid_literal",
              "expected": "pcb_note_line",
              "path": [
                19,
                "type"
              ],
              "message": "Invalid literal value, expected \"pcb_note_line\""
            },
            {
              "code": "invalid_union",
              "unionErrors": [
                {
                  "issues": [
                    {
                      "code": "invalid_type",
                      "expected": "string",
                      "received": "undefined",
                      "path": [
                        19,
                        "x1"
                      ],
                      "message": "Required"
                    }
                  ],
                  "name": "ZodError"
                },
                {
                  "issues": [
                    {
                      "code": "invalid_type",
                      "expected": "number",
                      "received": "undefined",
                      "path": [
                        19,
                        "x1"
                      ],
                      "message": "Required"
                    }
                  ],
                  "name": "ZodError"
                }
              ],
              "path": [
                19,
                "x1"
              ],
              "message": "Invalid input"
            },
            {
              "code": "invalid_union",
              "unionErrors": [
                {
                  "issues": [
                    {
                      "code": "invalid_type",
                      "expected": "string",
                      "received": "undefined",
                      "path": [
                        19,
                        "y1"
                      ],
                      "message": "Required"
                    }
                  ],
                  "name": "ZodError"
                },
                {
                  "issues": [
                    {
                      "code": "invalid_type",
                      "expected": "number",
                      "received": "undefined",
                      "path": [
                        19,
                        "y1"
                      ],
                      "message": "Required"
                    }
                  ],
                  "name": "ZodError"
                }
              ],
              "path": [
                19,
                "y1"
              ],
              "message": "Invalid input"
            },
            {
              "code": "invalid_union",
              "unionErrors": [
                {
                  "issues": [
                    {
                      "code": "invalid_type",
                      "expected": "string",
                      "received": "undefined",
                      "path": [
                        19,
                        "x2"
                      ],
                      "message": "Required"
                    }
                  ],
                  "name": "ZodError"
                },
                {
                  "issues": [
                    {
                      "code": "invalid_type",
                      "expected": "number",
                      "received": "undefined",
                      "path": [
                        19,
                        "x2"
                      ],
                      "message": "Required"
                    }
                  ],
                  "name": "ZodError"
                }
              ],
              "path": [
                19,
                "x2"
              ],
              "message": "Invalid input"
            },
            {
              "code": "invalid_union",
              "unionErrors": [
                {
                  "issues": [
                    {
                      "code": "invalid_type",
                      "expected": "string",
                      "received": "undefined",
                      "path": [
                        19,
                        "y2"
                      ],
                      "message": "Required"
                    }
                  ],
                  "name": "ZodError"
                },
                {
                  "issues": [
                    {
                      "code": "invalid_type",
                      "expected": "number",
                      "received": "undefined",
                      "path": [
                        19,
                        "y2"
                      ],
                      "message": "Required"
                    }
                  ],
                  "name": "ZodError"
                }
              ],
              "path": [
                19,
                "y2"
              ],
              "message": "Invalid input"
            }
          ],
          "name": "ZodError"
        },
        {
          "issues": [
            {
              "received": "pcb_component",
              "code": "invalid_literal",
              "expected": "pcb_note_dimension",
              "path": [
                19,
                "type"
              ],
              "message": "Invalid literal value, expected \"pcb_note_dimension\""
            },
            {
              "code": "invalid_type",
              "expected": "object",
              "received": "undefined",
              "path": [
                19,
                "from"
              ],
              "message": "Required"
            },
            {
              "code": "invalid_type",
              "expected": "object",
              "received": "undefined",
              "path": [
                19,
                "to"
              ],
              "message": "Required"
            }
          ],
          "name": "ZodError"
        },
        {
          "issues": [
            {
              "code": "invalid_type",
              "expected": "string",
              "received": "undefined",
              "path": [
                19,
                "message"
              ],
              "message": "Required"
            },
            {
              "received": "pcb_component",
              "code": "invalid_literal",
              "expected": "pcb_autorouting_error",
              "path": [
                19,
                "type"
              ],
              "message": "Invalid literal value, expected \"pcb_autorouting_error\""
            }
          ],
          "name": "ZodError"
        },
        {
          "issues": [
            {
              "code": "invalid_type",
              "expected": "string",
              "received": "undefined",
              "path": [
                19,
                "message"
              ],
              "message": "Required"
            },
            {
              "received": "pcb_component",
              "code": "invalid_literal",
              "expected": "pcb_preflight_routing_error",
              "path": [
                19,
                "type"
              ],
              "message": "Invalid literal value, expected \"pcb_preflight_routing_error\""
            },
            {
              "code": "invalid_type",
              "expected": "string",
              "received": "undefined",
              "path": [
                19,
                "error_code"
              ],
              "message": "Required"
            }
          ],
          "name": "ZodError"
        },
        {
          "issues": [
            {
              "code": "invalid_type",
              "expected": "string",
              "received": "undefined",
              "path": [
                19,
                "message"
              ],
              "message": "Required"
            },
            {
              "received": "pcb_component",
              "code": "invalid_literal",
              "expected": "pcb_footprint_overlap_error",
              "path": [
                19,
                "type"
              ],
              "message": "Invalid literal value, expected \"pcb_footprint_overlap_error\""
            }
          ],
          "name": "ZodError"
        },
        {
          "issues": [
            {
              "code": "invalid_type",
              "expected": "string",
              "received": "undefined",
              "path": [
                19,
                "message"
              ],
              "message": "Required"
            },
            {
              "received": "pcb_component",
              "code": "invalid_literal",
              "expected": "pcb_courtyard_overlap_error",
              "path": [
                19,
                "type"
              ],
              "message": "Invalid literal value, expected \"pcb_courtyard_overlap_error\""
            },
            {
              "code": "invalid_type",
              "expected": "array",
              "received": "undefined",
              "path": [
                19,
                "pcb_component_ids"
              ],
              "message": "Required"
            }
          ],
          "name": "ZodError"
        },
        {
          "issues": [
            {
              "received": "pcb_component",
              "code": "invalid_literal",
              "expected": "pcb_breakout_point",
              "path": [
                19,
                "type"
              ],
              "message": "Invalid literal value, expected \"pcb_breakout_point\""
            },
            {
              "code": "invalid_type",
              "expected": "string",
              "received": "undefined",
              "path": [
                19,
                "pcb_group_id"
              ],
              "message": "Required"
            },
            {
              "code": "invalid_union",
              "unionErrors": [
                {
                  "issues": [
                    {
                      "code": "invalid_type",
                      "expected": "string",
                      "received": "undefined",
                      "path": [
                        19,
                        "x"
                      ],
                      "message": "Required"
                    }
                  ],
                  "name": "ZodError"
                },
                {
                  "issues": [
                    {
                      "code": "invalid_type",
                      "expected": "number",
                      "received": "undefined",
                      "path": [
                        19,
                        "x"
                      ],
                      "message": "Required"
                    }
                  ],
                  "name": "ZodError"
                }
              ],
              "path": [
                19,
                "x"
              ],
              "message": "Invalid input"
            },
            {
              "code": "invalid_union",
              "unionErrors": [
                {
                  "issues": [
                    {
                      "code": "invalid_type",
                      "expected": "string",
                      "received": "undefined",
                      "path": [
                        19,
                        "y"
                      ],
                      "message": "Required"
                    }
                  ],
                  "name": "ZodError"
                },
                {
                  "issues": [
                    {
                      "code": "invalid_type",
                      "expected": "number",
                      "received": "undefined",
                      "path": [
                        19,
                        "y"
                      ],
                      "message": "Required"
                    }
                  ],
                  "name": "ZodError"
                }
              ],
              "path": [
                19,
                "y"
              ],
              "message": "Invalid input"
            }
          ],
          "name": "ZodError"
        },
        {
          "issues": [
            {
              "code": "invalid_union_discriminator",
              "options": [
                "rect",
                "circle",
                "polygon",
                "path"
              ],
              "path": [
                19,
                "shape"
              ],
              "message": "Invalid discriminator value. Expected 'rect' | 'circle' | 'polygon' | 'path'"
            }
          ],
          "name": "ZodError"
        },
        {
          "issues": [
            {
              "received": "pcb_component",
              "code": "invalid_literal",
              "expected": "pcb_ground_plane",
              "path": [
                19,
                "type"
              ],
              "message": "Invalid literal value, expected \"pcb_ground_plane\""
            },
            {
              "code": "invalid_type",
              "expected": "string",
              "received": "undefined",
              "path": [
                19,
                "source_pcb_ground_plane_id"
              ],
              "message": "Required"
            },
            {
              "code": "invalid_type",
              "expected": "string",
              "received": "undefined",
              "path": [
                19,
                "source_net_id"
              ],
              "message": "Required"
            }
          ],
          "name": "ZodError"
        },
        {
          "issues": [
            {
              "received": "pcb_component",
              "code": "invalid_literal",
              "expected": "pcb_ground_plane_region",
              "path": [
                19,
                "type"
              ],
              "message": "Invalid literal value, expected \"pcb_ground_plane_region\""
            },
            {
              "code": "invalid_type",
              "expected": "string",
              "received": "undefined",
              "path": [
                19,
                "pcb_ground_plane_id"
              ],
              "message": "Required"
            },
            {
              "code": "invalid_type",
              "expected": "array",
              "received": "undefined",
              "path": [
                19,
                "points"
              ],
              "message": "Required"
            }
          ],
          "name": "ZodError"
        },
        {
          "issues": [
            {
              "received": "pcb_component",
              "code": "invalid_literal",
              "expected": "pcb_thermal_spoke",
              "path": [
                19,
                "type"
              ],
              "message": "Invalid literal value, expected \"pcb_thermal_spoke\""
            },
            {
              "code": "invalid_type",
              "expected": "string",
              "received": "undefined",
              "path": [
                19,
                "pcb_ground_plane_id"
              ],
              "message": "Required"
            },
            {
              "code": "invalid_type",
              "expected": "string",
              "received": "undefined",
              "path": [
                19,
                "shape"
              ],
              "message": "Required"
            },
            {
              "code": "invalid_type",
              "expected": "number",
              "received": "undefined",
              "path": [
                19,
                "spoke_count"
              ],
              "message": "Required"
            },
            {
              "code": "invalid_union",
              "unionErrors": [
                {
                  "issues": [
                    {
                      "code": "invalid_type",
                      "expected": "string",
                      "received": "undefined",
                      "path": [
                        19,
                        "spoke_thickness"
                      ],
                      "message": "Required"
                    }
                  ],
                  "name": "ZodError"
                },
                {
                  "issues": [
                    {
                      "code": "invalid_type",
                      "expected": "number",
                      "received": "undefined",
                      "path": [
                        19,
                        "spoke_thickness"
                      ],
                      "message": "Required"
                    }
                  ],
                  "name": "ZodError"
                }
              ],
              "path": [
                19,
                "spoke_thickness"
              ],
              "message": "Invalid input"
            },
            {
              "code": "invalid_union",
              "unionErrors": [
                {
                  "issues": [
                    {
                      "code": "invalid_type",
                      "expected": "string",
                      "received": "undefined",
                      "path": [
                        19,
                        "spoke_inner_diameter"
                      ],
                      "message": "Required"
                    }
                  ],
                  "name": "ZodError"
                },
                {
                  "issues": [
                    {
                      "code": "invalid_type",
                      "expected": "number",
                      "received": "undefined",
                      "path": [
                        19,
                        "spoke_inner_diameter"
                      ],
                      "message": "Required"
                    }
                  ],
                  "name": "ZodError"
                }
              ],
              "path": [
                19,
                "spoke_inner_diameter"
              ],
              "message": "Invalid input"
            },
            {
              "code": "invalid_union",
              "unionErrors": [
                {
                  "issues": [
                    {
                      "code": "invalid_type",
                      "expected": "string",
                      "received": "undefined",
                      "path": [
                        19,
                        "spoke_outer_diameter"
                      ],
                      "message": "Required"
                    }
                  ],
                  "name": "ZodError"
                },
                {
                  "issues": [
                    {
                      "code": "invalid_type",
                      "expected": "number",
                      "received": "undefined",
                      "path": [
                        19,
                        "spoke_outer_diameter"
                      ],
                      "message": "Required"
                    }
                  ],
                  "name": "ZodError"
                }
              ],
              "path": [
                19,
                "spoke_outer_diameter"
              ],
              "message": "Invalid input"
            }
          ],
          "name": "ZodError"
        },
        {
          "issues": [
            {
              "code": "invalid_union_discriminator",
              "options": [
                "rect",
                "brep",
                "polygon"
              ],
              "path": [
                19,
                "shape"
              ],
              "message": "Invalid discriminator value. Expected 'rect' | 'brep' | 'polygon'"
            }
          ],
          "name": "ZodError"
        },
        {
          "issues": [
            {
              "code": "invalid_type",
              "expected": "string",
              "received": "undefined",
              "path": [
                19,
                "message"
              ],
              "message": "Required"
            },
            {
              "received": "pcb_component",
              "code": "invalid_literal",
              "expected": "pcb_component_outside_board_error",
              "path": [
                19,
                "type"
              ],
              "message": "Invalid literal value, expected \"pcb_component_outside_board_error\""
            },
            {
              "code": "invalid_type",
              "expected": "string",
              "received": "undefined",
              "path": [
                19,
                "pcb_board_id"
              ],
              "message": "Required"
            },
            {
              "code": "invalid_type",
              "expected": "object",
              "received": "undefined",
              "path": [
                19,
                "component_center"
              ],
              "message": "Required"
            },
            {
              "code": "invalid_type",
              "expected": "object",
              "received": "undefined",
              "path": [
                19,
                "component_bounds"
              ],
              "message": "Required"
            }
          ],
          "name": "ZodError"
        },
        {
          "issues": [
            {
              "code": "invalid_type",
              "expected": "string",
              "received": "undefined",
              "path": [
                19,
                "message"
              ],
              "message": "Required"
            },
            {
              "received": "pcb_component",
              "code": "invalid_literal",
              "expected": "pcb_component_not_on_board_edge_error",
              "path": [
                19,
                "type"
              ],
              "message": "Invalid literal value, expected \"pcb_component_not_on_board_edge_error\""
            },
            {
              "code": "invalid_type",
              "expected": "string",
              "received": "undefined",
              "path": [
                19,
                "pcb_board_id"
              ],
              "message": "Required"
            },
            {
              "code": "invalid_type",
              "expected": "object",
              "received": "undefined",
              "path": [
                19,
                "component_center"
              ],
              "message": "Required"
            },
            {
              "code": "invalid_type",
              "expected": "number",
              "received": "undefined",
              "path": [
                19,
                "pad_to_nearest_board_edge_distance"
              ],
              "message": "Required"
            }
          ],
          "name": "ZodError"
        },
        {
          "issues": [
            {
              "code": "invalid_type",
              "expected": "string",
              "received": "undefined",
              "path": [
                19,
                "message"
              ],
              "message": "Required"
            },
            {
              "received": "pcb_component",
              "code": "invalid_literal",
              "expected": "pcb_component_invalid_layer_error",
              "path": [
                19,
                "type"
              ],
              "message": "Invalid literal value, expected \"pcb_component_invalid_layer_error\""
            }
          ],
          "name": "ZodError"
        },
        {
          "issues": [
            {
              "received": "pcb_component",
              "code": "invalid_literal",
              "expected": "pcb_courtyard_rect",
              "path": [
                19,
                "type"
              ],
              "message": "Invalid literal value, expected \"pcb_courtyard_rect\""
            }
          ],
          "name": "ZodError"
        },
        {
          "issues": [
            {
              "received": "pcb_component",
              "code": "invalid_literal",
              "expected": "pcb_courtyard_outline",
              "path": [
                19,
                "type"
              ],
              "message": "Invalid literal value, expected \"pcb_courtyard_outline\""
            },
            {
              "code": "invalid_type",
              "expected": "array",
              "received": "undefined",
              "path": [
                19,
                "outline"
              ],
              "message": "Required"
            }
          ],
          "name": "ZodError"
        },
        {
          "issues": [
            {
              "received": "pcb_component",
              "code": "invalid_literal",
              "expected": "pcb_courtyard_polygon",
              "path": [
                19,
                "type"
              ],
              "message": "Invalid literal value, expected \"pcb_courtyard_polygon\""
            },
            {
              "code": "invalid_type",
              "expected": "array",
              "received": "undefined",
              "path": [
                19,
                "points"
              ],
              "message": "Required"
            }
          ],
          "name": "ZodError"
        },
        {
          "issues": [
            {
              "received": "pcb_component",
              "code": "invalid_literal",
              "expected": "pcb_courtyard_circle",
              "path": [
                19,
                "type"
              ],
              "message": "Invalid literal value, expected \"pcb_courtyard_circle\""
            },
            {
              "code": "invalid_union",
              "unionErrors": [
                {
                  "issues": [
                    {
                      "code": "invalid_type",
                      "expected": "string",
                      "received": "undefined",
                      "path": [
                        19,
                        "radius"
                      ],
                      "message": "Required"
                    }
                  ],
                  "name": "ZodError"
                },
                {
                  "issues": [
                    {
                      "code": "invalid_type",
                      "expected": "number",
                      "received": "undefined",
                      "path": [
                        19,
                        "radius"
                      ],
                      "message": "Required"
                    }
                  ],
                  "name": "ZodError"
                }
              ],
              "path": [
                19,
                "radius"
              ],
              "message": "Invalid input"
            }
          ],
          "name": "ZodError"
        },
        {
          "issues": [
            {
              "received": "pcb_component",
              "code": "invalid_literal",
              "expected": "pcb_courtyard_pill",
              "path": [
                19,
                "type"
              ],
              "message": "Invalid literal value, expected \"pcb_courtyard_pill\""
            },
            {
              "code": "invalid_union",
              "unionErrors": [
                {
                  "issues": [
                    {
                      "code": "invalid_type",
                      "expected": "string",
                      "received": "undefined",
                      "path": [
                        19,
                        "radius"
                      ],
                      "message": "Required"
                    }
                  ],
                  "name": "ZodError"
                },
                {
                  "issues": [
                    {
                      "code": "invalid_type",
                      "expected": "number",
                      "received": "undefined",
                      "path": [
                        19,
                        "radius"
                      ],
                      "message": "Required"
                    }
                  ],
                  "name": "ZodError"
                }
              ],
              "path": [
                19,
                "radius"
              ],
              "message": "Invalid input"
            }
          ],
          "name": "ZodError"
        },
        {
          "issues": [
            {
              "received": "pcb_component",
              "code": "invalid_literal",
              "expected": "schematic_box",
              "path": [
                19,
                "type"
              ],
              "message": "Invalid literal value, expected \"schematic_box\""
            },
            {
              "code": "invalid_union",
              "unionErrors": [
                {
                  "issues": [
                    {
                      "code": "invalid_type",
                      "expected": "string",
                      "received": "undefined",
                      "path": [
                        19,
                        "x"
                      ],
                      "message": "Required"
                    }
                  ],
                  "name": "ZodError"
                },
                {
                  "issues": [
                    {
                      "code": "invalid_type",
                      "expected": "number",
                      "received": "undefined",
                      "path": [
                        19,
                        "x"
                      ],
                      "message": "Required"
                    }
                  ],
                  "name": "ZodError"
                }
              ],
              "path": [
                19,
                "x"
              ],
              "message": "Invalid input"
            },
            {
              "code": "invalid_union",
              "unionErrors": [
                {
                  "issues": [
                    {
                      "code": "invalid_type",
                      "expected": "string",
                      "received": "undefined",
                      "path": [
                        19,
                        "y"
                      ],
                      "message": "Required"
                    }
                  ],
                  "name": "ZodError"
                },
                {
                  "issues": [
                    {
                      "code": "invalid_type",
                      "expected": "number",
                      "received": "undefined",
                      "path": [
                        19,
                        "y"
                      ],
                      "message": "Required"
                    }
                  ],
                  "name": "ZodError"
                }
              ],
              "path": [
                19,
                "y"
              ],
              "message": "Invalid input"
            }
          ],
          "name": "ZodError"
        },
        {
          "issues": [
            {
              "received": "pcb_component",
              "code": "invalid_literal",
              "expected": "schematic_text",
              "path": [
                19,
                "type"
              ],
              "message": "Invalid literal value, expected \"schematic_text\""
            },
            {
              "code": "invalid_type",
              "expected": "string",
              "received": "undefined",
              "path": [
                19,
                "schematic_text_id"
              ],
              "message": "Required"
            },
            {
              "code": "invalid_type",
              "expected": "string",
              "received": "undefined",
              "path": [
                19,
                "text"
              ],
              "message": "Required"
            },
            {
              "code": "invalid_type",
              "expected": "object",
              "received": "undefined",
              "path": [
                19,
                "position"
              ],
              "message": "Required"
            }
          ],
          "name": "ZodError"
        },
        {
          "issues": [
            {
              "received": "pcb_component",
              "code": "invalid_literal",
              "expected": "schematic_line",
              "path": [
                19,
                "type"
              ],
              "message": "Invalid literal value, expected \"schematic_line\""
            },
            {
              "code": "invalid_union",
              "unionErrors": [
                {
                  "issues": [
                    {
                      "code": "invalid_type",
                      "expected": "string",
                      "received": "undefined",
                      "path": [
                        19,
                        "x1"
                      ],
                      "message": "Required"
                    }
                  ],
                  "name": "ZodError"
                },
                {
                  "issues": [
                    {
                      "code": "invalid_type",
                      "expected": "number",
                      "received": "undefined",
                      "path": [
                        19,
                        "x1"
                      ],
                      "message": "Required"
                    }
                  ],
                  "name": "ZodError"
                }
              ],
              "path": [
                19,
                "x1"
              ],
              "message": "Invalid input"
            },
            {
              "code": "invalid_union",
              "unionErrors": [
                {
                  "issues": [
                    {
                      "code": "invalid_type",
                      "expected": "string",
                      "received": "undefined",
                      "path": [
                        19,
                        "y1"
                      ],
                      "message": "Required"
                    }
                  ],
                  "name": "ZodError"
                },
                {
                  "issues": [
                    {
                      "code": "invalid_type",
                      "expected": "number",
                      "received": "undefined",
                      "path": [
                        19,
                        "y1"
                      ],
                      "message": "Required"
                    }
                  ],
                  "name": "ZodError"
                }
              ],
              "path": [
                19,
                "y1"
              ],
              "message": "Invalid input"
            },
            {
              "code": "invalid_union",
              "unionErrors": [
                {
                  "issues": [
                    {
                      "code": "invalid_type",
                      "expected": "string",
                      "received": "undefined",
                      "path": [
                        19,
                        "x2"
                      ],
                      "message": "Required"
                    }
                  ],
                  "name": "ZodError"
                },
                {
                  "issues": [
                    {
                      "code": "invalid_type",
                      "expected": "number",
                      "received": "undefined",
                      "path": [
                        19,
                        "x2"
                      ],
                      "message": "Required"
                    }
                  ],
                  "name": "ZodError"
                }
              ],
              "path": [
                19,
                "x2"
              ],
              "message": "Invalid input"
            },
            {
              "code": "invalid_union",
              "unionErrors": [
                {
                  "issues": [
                    {
                      "code": "invalid_type",
                      "expected": "string",
                      "received": "undefined",
                      "path": [
                        19,
                        "y2"
                      ],
                      "message": "Required"
                    }
                  ],
                  "name": "ZodError"
                },
                {
                  "issues": [
                    {
                      "code": "invalid_type",
                      "expected": "number",
                      "received": "undefined",
                      "path": [
                        19,
                        "y2"
                      ],
                      "message": "Required"
                    }
                  ],
                  "name": "ZodError"
                }
              ],
              "path": [
                19,
                "y2"
              ],
              "message": "Invalid input"
            }
          ],
          "name": "ZodError"
        },
        {
          "issues": [
            {
              "received": "pcb_component",
              "code": "invalid_literal",
              "expected": "schematic_rect",
              "path": [
                19,
                "type"
              ],
              "message": "Invalid literal value, expected \"schematic_rect\""
            }
          ],
          "name": "ZodError"
        },
        {
          "issues": [
            {
              "received": "pcb_component",
              "code": "invalid_literal",
              "expected": "schematic_circle",
              "path": [
                19,
                "type"
              ],
              "message": "Invalid literal value, expected \"schematic_circle\""
            },
            {
              "code": "invalid_union",
              "unionErrors": [
                {
                  "issues": [
                    {
                      "code": "invalid_type",
                      "expected": "string",
                      "received": "undefined",
                      "path": [
                        19,
                        "radius"
                      ],
                      "message": "Required"
                    }
                  ],
                  "name": "ZodError"
                },
                {
                  "issues": [
                    {
                      "code": "invalid_type",
                      "expected": "number",
                      "received": "undefined",
                      "path": [
                        19,
                        "radius"
                      ],
                      "message": "Required"
                    }
                  ],
                  "name": "ZodError"
                }
              ],
              "path": [
                19,
                "radius"
              ],
              "message": "Invalid input"
            }
          ],
          "name": "ZodError"
        },
        {
          "issues": [
            {
              "received": "pcb_component",
              "code": "invalid_literal",
              "expected": "schematic_arc",
              "path": [
                19,
                "type"
              ],
              "message": "Invalid literal value, expected \"schematic_arc\""
            },
            {
              "code": "invalid_union",
              "unionErrors": [
                {
                  "issues": [
                    {
                      "code": "invalid_type",
                      "expected": "string",
                      "received": "undefined",
                      "path": [
                        19,
                        "radius"
                      ],
                      "message": "Required"
                    }
                  ],
                  "name": "ZodError"
                },
                {
                  "issues": [
                    {
                      "code": "invalid_type",
                      "expected": "number",
                      "received": "undefined",
                      "path": [
                        19,
                        "radius"
                      ],
                      "message": "Required"
                    }
                  ],
                  "name": "ZodError"
                }
              ],
              "path": [
                19,
                "radius"
              ],
              "message": "Invalid input"
            },
            {
              "code": "invalid_union",
              "unionErrors": [
                {
                  "issues": [
                    {
                      "code": "invalid_type",
                      "expected": "string",
                      "received": "undefined",
                      "path": [
                        19,
                        "start_angle_degrees"
                      ],
                      "message": "Required"
                    }
                  ],
                  "name": "ZodError"
                },
                {
                  "issues": [
                    {
                      "code": "invalid_type",
                      "expected": "number",
                      "received": "undefined",
                      "path": [
                        19,
                        "start_angle_degrees"
                      ],
                      "message": "Required"
                    }
                  ],
                  "name": "ZodError"
                }
              ],
              "path": [
                19,
                "start_angle_degrees"
              ],
              "message": "Invalid input"
            },
            {
              "code": "invalid_union",
              "unionErrors": [
                {
                  "issues": [
                    {
                      "code": "invalid_type",
                      "expected": "string",
                      "received": "undefined",
                      "path": [
                        19,
                        "end_angle_degrees"
                      ],
                      "message": "Required"
                    }
                  ],
                  "name": "ZodError"
                },
                {
                  "issues": [
                    {
                      "code": "invalid_type",
                      "expected": "number",
                      "received": "undefined",
                      "path": [
                        19,
                        "end_angle_degrees"
                      ],
                      "message": "Required"
                    }
                  ],
                  "name": "ZodError"
                }
              ],
              "path": [
                19,
                "end_angle_degrees"
              ],
              "message": "Invalid input"
            }
          ],
          "name": "ZodError"
        },
        {
          "issues": [
            {
              "received": "pcb_component",
              "code": "invalid_literal",
              "expected": "schematic_component",
              "path": [
                19,
                "type"
              ],
              "message": "Invalid literal value, expected \"schematic_component\""
            },
            {
              "code": "invalid_type",
              "expected": "object",
              "received": "undefined",
              "path": [
                19,
                "size"
              ],
              "message": "Required"
            },
            {
              "code": "invalid_type",
              "expected": "string",
              "received": "undefined",
              "path": [
                19,
                "schematic_component_id"
              ],
              "message": "Required"
            }
          ],
          "name": "ZodError"
        },
        {
          "issues": [
            {
              "received": "pcb_component",
              "code": "invalid_literal",
              "expected": "schematic_symbol",
              "path": [
                19,
                "type"
              ],
              "message": "Invalid literal value, expected \"schematic_symbol\""
            },
            {
              "code": "invalid_type",
              "expected": "string",
              "received": "undefined",
              "path": [
                19,
                "schematic_symbol_id"
              ],
              "message": "Required"
            }
          ],
          "name": "ZodError"
        },
        {
          "issues": [
            {
              "received": "pcb_component",
              "code": "invalid_literal",
              "expected": "schematic_port",
              "path": [
                19,
                "type"
              ],
              "message": "Invalid literal value, expected \"schematic_port\""
            },
            {
              "code": "invalid_type",
              "expected": "string",
              "received": "undefined",
              "path": [
                19,
                "schematic_port_id"
              ],
              "message": "Required"
            },
            {
              "code": "invalid_type",
              "expected": "string",
              "received": "undefined",
              "path": [
                19,
                "source_port_id"
              ],
              "message": "Required"
            }
          ],
          "name": "ZodError"
        },
        {
          "issues": [
            {
              "received": "pcb_component",
              "code": "invalid_literal",
              "expected": "schematic_trace",
              "path": [
                19,
                "type"
              ],
              "message": "Invalid literal value, expected \"schematic_trace\""
            },
            {
              "code": "invalid_type",
              "expected": "string",
              "received": "undefined",
              "path": [
                19,
                "schematic_trace_id"
              ],
              "message": "Required"
            },
            {
              "code": "invalid_type",
              "expected": "array",
              "received": "undefined",
              "path": [
                19,
                "junctions"
              ],
              "message": "Required"
            },
            {
              "code": "invalid_type",
              "expected": "array",
              "received": "undefined",
              "path": [
                19,
                "edges"
              ],
              "message": "Required"
            }
          ],
          "name": "ZodError"
        },
        {
          "issues": [
            {
              "received": "pcb_component",
              "code": "invalid_literal",
              "expected": "schematic_path",
              "path": [
                19,
                "type"
              ],
              "message": "Invalid literal value, expected \"schematic_path\""
            },
            {
              "code": "invalid_type",
              "expected": "array",
              "received": "undefined",
              "path": [
                19,
                "points"
              ],
              "message": "Required"
            }
          ],
          "name": "ZodError"
        },
        {
          "issues": [
            {
              "code": "invalid_type",
              "expected": "string",
              "received": "undefined",
              "path": [
                19,
                "message"
              ],
              "message": "Required"
            },
            {
              "received": "pcb_component",
              "code": "invalid_literal",
              "expected": "schematic_error",
              "path": [
                19,
                "type"
              ],
              "message": "Invalid literal value, expected \"schematic_error\""
            },
            {
              "code": "invalid_type",
              "expected": "string",
              "received": "undefined",
              "path": [
                19,
                "schematic_error_id"
              ],
              "message": "Required"
            }
          ],
          "name": "ZodError"
        },
        {
          "issues": [
            {
              "code": "invalid_type",
              "expected": "string",
              "received": "undefined",
              "path": [
                19,
                "message"
              ],
              "message": "Required"
            },
            {
              "received": "pcb_component",
              "code": "invalid_literal",
              "expected": "schematic_layout_error",
              "path": [
                19,
                "type"
              ],
              "message": "Invalid literal value, expected \"schematic_layout_error\""
            },
            {
              "code": "invalid_type",
              "expected": "string",
              "received": "undefined",
              "path": [
                19,
                "source_group_id"
              ],
              "message": "Required"
            },
            {
              "code": "invalid_type",
              "expected": "string",
              "received": "undefined",
              "path": [
                19,
                "schematic_group_id"
              ],
              "message": "Required"
            }
          ],
          "name": "ZodError"
        },
        {
          "issues": [
            {
              "received": "pcb_component",
              "code": "invalid_literal",
              "expected": "schematic_net_label",
              "path": [
                19,
                "type"
              ],
              "message": "Invalid literal value, expected \"schematic_net_label\""
            },
            {
              "code": "invalid_type",
              "expected": "string",
              "received": "undefined",
              "path": [
                19,
                "source_net_id"
              ],
              "message": "Required"
            },
            {
              "expected": "'top' | 'bottom' | 'left' | 'right'",
              "received": "undefined",
              "code": "invalid_type",
              "path": [
                19,
                "anchor_side"
              ],
              "message": "Required"
            },
            {
              "code": "invalid_type",
              "expected": "string",
              "received": "undefined",
              "path": [
                19,
                "text"
              ],
              "message": "Required"
            }
          ],
          "name": "ZodError"
        },
        {
          "issues": [
            {
              "code": "invalid_union_discriminator",
              "options": [
                "rect",
                "line",
                "point"
              ],
              "path": [
                19,
                "shape"
              ],
              "message": "Invalid discriminator value. Expected 'rect' | 'line' | 'point'"
            }
          ],
          "name": "ZodError"
        },
        {
          "issues": [
            {
              "received": "pcb_component",
              "code": "invalid_literal",
              "expected": "schematic_voltage_probe",
              "path": [
                19,
                "type"
              ],
              "message": "Invalid literal value, expected \"schematic_voltage_probe\""
            },
            {
              "code": "invalid_type",
              "expected": "string",
              "received": "undefined",
              "path": [
                19,
                "schematic_voltage_probe_id"
              ],
              "message": "Required"
            },
            {
              "code": "invalid_type",
              "expected": "object",
              "received": "undefined",
              "path": [
                19,
                "position"
              ],
              "message": "Required"
            },
            {
              "code": "invalid_type",
              "expected": "string",
              "received": "undefined",
              "path": [
                19,
                "schematic_trace_id"
              ],
              "message": "Required"
            }
          ],
          "name": "ZodError"
        },
        {
          "issues": [
            {
              "received": "pcb_component",
              "code": "invalid_literal",
              "expected": "schematic_manual_edit_conflict_warning",
              "path": [
                19,
                "type"
              ],
              "message": "Invalid literal value, expected \"schematic_manual_edit_conflict_warning\""
            },
            {
              "code": "invalid_type",
              "expected": "string",
              "received": "undefined",
              "path": [
                19,
                "message"
              ],
              "message": "Required"
            },
            {
              "code": "invalid_type",
              "expected": "string",
              "received": "undefined",
              "path": [
                19,
                "schematic_component_id"
              ],
              "message": "Required"
            }
          ],
          "name": "ZodError"
        },
        {
          "issues": [
            {
              "received": "pcb_component",
              "code": "invalid_literal",
              "expected": "schematic_component_overlap_warning",
              "path": [
                19,
                "type"
              ],
              "message": "Invalid literal value, expected \"schematic_component_overlap_warning\""
            },
            {
              "code": "invalid_type",
              "expected": "string",
              "received": "undefined",
              "path": [
                19,
                "message"
              ],
              "message": "Required"
            },
            {
              "code": "invalid_type",
              "expected": "array",
              "received": "undefined",
              "path": [
                19,
                "schematic_component_ids"
              ],
              "message": "Required"
            }
          ],
          "name": "ZodError"
        },
        {
          "issues": [
            {
              "received": "pcb_component",
              "code": "invalid_literal",
              "expected": "schematic_component_styling_warning",
              "path": [
                19,
                "type"
              ],
              "message": "Invalid literal value, expected \"schematic_component_styling_warning\""
            },
            {
              "code": "invalid_type",
              "expected": "string",
              "received": "undefined",
              "path": [
                19,
                "message"
              ],
              "message": "Required"
            },
            {
              "code": "invalid_type",
              "expected": "string",
              "received": "undefined",
              "path": [
                19,
                "schematic_component_id"
              ],
              "message": "Required"
            },
            {
              "code": "invalid_type",
              "expected": "string",
              "received": "undefined",
              "path": [
                19,
                "styling_issue_type"
              ],
              "message": "Required"
            }
          ],
          "name": "ZodError"
        },
        {
          "issues": [
            {
              "received": "pcb_component",
              "code": "invalid_literal",
              "expected": "schematic_missing_sheet_warning",
              "path": [
                19,
                "type"
              ],
              "message": "Invalid literal value, expected \"schematic_missing_sheet_warning\""
            },
            {
              "code": "invalid_type",
              "expected": "string",
              "received": "undefined",
              "path": [
                19,
                "message"
              ],
              "message": "Required"
            }
          ],
          "name": "ZodError"
        },
        {
          "issues": [
            {
              "received": "pcb_component",
              "code": "invalid_literal",
              "expected": "schematic_element_outside_sheet_warning",
              "path": [
                19,
                "type"
              ],
              "message": "Invalid literal value, expected \"schematic_element_outside_sheet_warning\""
            },
            {
              "code": "invalid_type",
              "expected": "string",
              "received": "undefined",
              "path": [
                19,
                "message"
              ],
              "message": "Required"
            },
            {
              "code": "invalid_type",
              "expected": "string",
              "received": "undefined",
              "path": [
                19,
                "schematic_sheet_id"
              ],
              "message": "Required"
            },
            {
              "expected": "'schematic_component' | 'schematic_net_label' | 'schematic_trace'",
              "received": "undefined",
              "code": "invalid_type",
              "path": [
                19,
                "schematic_element_type"
              ],
              "message": "Required"
            },
            {
              "code": "invalid_type",
              "expected": "string",
              "received": "undefined",
              "path": [
                19,
                "schematic_element_id"
              ],
              "message": "Required"
            }
          ],
          "name": "ZodError"
        },
        {
          "issues": [
            {
              "received": "pcb_component",
              "code": "invalid_literal",
              "expected": "schematic_graphic",
              "path": [
                19,
                "type"
              ],
              "message": "Invalid literal value, expected \"schematic_graphic\""
            }
          ],
          "name": "ZodError"
        },
        {
          "issues": [
            {
              "received": "pcb_component",
              "code": "invalid_literal",
              "expected": "schematic_group",
              "path": [
                19,
                "type"
              ],
              "message": "Invalid literal value, expected \"schematic_group\""
            },
            {
              "code": "invalid_type",
              "expected": "string",
              "received": "undefined",
              "path": [
                19,
                "source_group_id"
              ],
              "message": "Required"
            },
            {
              "code": "invalid_type",
              "expected": "array",
              "received": "undefined",
              "path": [
                19,
                "schematic_component_ids"
              ],
              "message": "Required"
            }
          ],
          "name": "ZodError"
        },
        {
          "issues": [
            {
              "received": "pcb_component",
              "code": "invalid_literal",
              "expected": "schematic_sheet",
              "path": [
                19,
                "type"
              ],
              "message": "Invalid literal value, expected \"schematic_sheet\""
            }
          ],
          "name": "ZodError"
        },
        {
          "issues": [
            {
              "received": "pcb_component",
              "code": "invalid_literal",
              "expected": "schematic_table",
              "path": [
                19,
                "type"
              ],
              "message": "Invalid literal value, expected \"schematic_table\""
            },
            {
              "code": "invalid_type",
              "expected": "object",
              "received": "undefined",
              "path": [
                19,
                "anchor_position"
              ],
              "message": "Required"
            },
            {
              "code": "invalid_type",
              "expected": "array",
              "received": "undefined",
              "path": [
                19,
                "column_widths"
              ],
              "message": "Required"
            },
            {
              "code": "invalid_type",
              "expected": "array",
              "received": "undefined",
              "path": [
                19,
                "row_heights"
              ],
              "message": "Required"
            }
          ],
          "name": "ZodError"
        },
        {
          "issues": [
            {
              "received": "pcb_component",
              "code": "invalid_literal",
              "expected": "schematic_table_cell",
              "path": [
                19,
                "type"
              ],
              "message": "Invalid literal value, expected \"schematic_table_cell\""
            },
            {
              "code": "invalid_type",
              "expected": "string",
              "received": "undefined",
              "path": [
                19,
                "schematic_table_id"
              ],
              "message": "Required"
            },
            {
              "code": "invalid_type",
              "expected": "number",
              "received": "undefined",
              "path": [
                19,
                "start_row_index"
              ],
              "message": "Required"
            },
            {
              "code": "invalid_type",
              "expected": "number",
              "received": "undefined",
              "path": [
                19,
                "end_row_index"
              ],
              "message": "Required"
            },
            {
              "code": "invalid_type",
              "expected": "number",
              "received": "undefined",
              "path": [
                19,
                "start_column_index"
              ],
              "message": "Required"
            },
            {
              "code": "invalid_type",
              "expected": "number",
              "received": "undefined",
              "path": [
                19,
                "end_column_index"
              ],
              "message": "Required"
            }
          ],
          "name": "ZodError"
        },
        {
          "issues": [
            {
              "received": "pcb_component",
              "code": "invalid_literal",
              "expected": "cad_component",
              "path": [
                19,
                "type"
              ],
              "message": "Invalid literal value, expected \"cad_component\""
            },
            {
              "code": "invalid_type",
              "expected": "string",
              "received": "undefined",
              "path": [
                19,
                "cad_component_id"
              ],
              "message": "Required"
            },
            {
              "code": "invalid_type",
              "expected": "object",
              "received": "undefined",
              "path": [
                19,
                "position"
              ],
              "message": "Required"
            },
            {
              "code": "invalid_type",
              "expected": "object",
              "received": "number",
              "path": [
                19,
                "rotation"
              ],
              "message": "Expected object, received number"
            }
          ],
          "name": "ZodError"
        },
        {
          "issues": [
            {
              "code": "invalid_type",
              "expected": "string",
              "received": "undefined",
              "path": [
                19,
                "message"
              ],
              "message": "Required"
            },
            {
              "received": "pcb_component",
              "code": "invalid_literal",
              "expected": "cad_collision_error",
              "path": [
                19,
                "type"
              ],
              "message": "Invalid literal value, expected \"cad_collision_error\""
            },
            {
              "code": "invalid_type",
              "expected": "array",
              "received": "undefined",
              "path": [
                19,
                "cad_component_ids"
              ],
              "message": "Required"
            },
            {
              "code": "invalid_type",
              "expected": "array",
              "received": "undefined",
              "path": [
                19,
                "source_component_ids"
              ],
              "message": "Required"
            },
            {
              "code": "invalid_type",
              "expected": "number",
              "received": "undefined",
              "path": [
                19,
                "intersection_area_mm2"
              ],
              "message": "Required"
            },
            {
              "code": "invalid_type",
              "expected": "number",
              "received": "undefined",
              "path": [
                19,
                "threshold_area_mm2"
              ],
              "message": "Required"
            }
          ],
          "name": "ZodError"
        },
        {
          "issues": [
            {
              "code": "invalid_union",
              "unionErrors": [
                {
                  "issues": [
                    {
                      "received": "pcb_component",
                      "code": "invalid_literal",
                      "expected": "simulation_voltage_source",
                      "path": [
                        19,
                        "type"
                      ],
                      "message": "Invalid literal value, expected \"simulation_voltage_source\""
                    },
                    {
                      "code": "invalid_union",
                      "unionErrors": [
                        {
                          "issues": [
                            {
                              "code": "invalid_type",
                              "expected": "string",
                              "received": "undefined",
                              "path": [
                                19,
                                "voltage"
                              ],
                              "message": "Required"
                            }
                          ],
                          "name": "ZodError"
                        },
                        {
                          "issues": [
                            {
                              "code": "invalid_type",
                              "expected": "number",
                              "received": "undefined",
                              "path": [
                                19,
                                "voltage"
                              ],
                              "message": "Required"
                            }
                          ],
                          "name": "ZodError"
                        }
                      ],
                      "path": [
                        19,
                        "voltage"
                      ],
                      "message": "Invalid input"
                    }
                  ],
                  "name": "ZodError"
                },
                {
                  "issues": [
                    {
                      "received": "pcb_component",
                      "code": "invalid_literal",
                      "expected": "simulation_voltage_source",
                      "path": [
                        19,
                        "type"
                      ],
                      "message": "Invalid literal value, expected \"simulation_voltage_source\""
                    },
                    {
                      "code": "invalid_literal",
                      "expected": false,
                      "path": [
                        19,
                        "is_dc_source"
                      ],
                      "message": "Invalid literal value, expected false"
                    }
                  ],
                  "name": "ZodError"
                }
              ],
              "path": [
                19
              ],
              "message": "Invalid input"
            }
          ],
          "name": "ZodError"
        },
        {
          "issues": [
            {
              "code": "invalid_union",
              "unionErrors": [
                {
                  "issues": [
                    {
                      "received": "pcb_component",
                      "code": "invalid_literal",
                      "expected": "simulation_current_source",
                      "path": [
                        19,
                        "type"
                      ],
                      "message": "Invalid literal value, expected \"simulation_current_source\""
                    },
                    {
                      "code": "invalid_union",
                      "unionErrors": [
                        {
                          "issues": [
                            {
                              "code": "invalid_type",
                              "expected": "string",
                              "received": "undefined",
                              "path": [
                                19,
                                "current"
                              ],
                              "message": "Required"
                            }
                          ],
                          "name": "ZodError"
                        },
                        {
                          "issues": [
                            {
                              "code": "invalid_type",
                              "expected": "number",
                              "received": "undefined",
                              "path": [
                                19,
                                "current"
                              ],
                              "message": "Required"
                            }
                          ],
                          "name": "ZodError"
                        }
                      ],
                      "path": [
                        19,
                        "current"
                      ],
                      "message": "Invalid input"
                    }
                  ],
                  "name": "ZodError"
                },
                {
                  "issues": [
                    {
                      "received": "pcb_component",
                      "code": "invalid_literal",
                      "expected": "simulation_current_source",
                      "path": [
                        19,
                        "type"
                      ],
                      "message": "Invalid literal value, expected \"simulation_current_source\""
                    },
                    {
                      "code": "invalid_literal",
                      "expected": false,
                      "path": [
                        19,
                        "is_dc_source"
                      ],
                      "message": "Invalid literal value, expected false"
                    }
                  ],
                  "name": "ZodError"
                }
              ],
              "path": [
                19
              ],
              "message": "Invalid input"
            }
          ],
          "name": "ZodError"
        },
        {
          "issues": [
            {
              "received": "pcb_component",
              "code": "invalid_literal",
              "expected": "simulation_experiment",
              "path": [
                19,
                "type"
              ],
              "message": "Invalid literal value, expected \"simulation_experiment\""
            },
            {
              "code": "invalid_type",
              "expected": "string",
              "received": "undefined",
              "path": [
                19,
                "name"
              ],
              "message": "Required"
            },
            {
              "code": "invalid_union",
              "unionErrors": [
                {
                  "issues": [
                    {
                      "code": "invalid_literal",
                      "expected": "spice_dc_sweep",
                      "path": [
                        19,
                        "experiment_type"
                      ],
                      "message": "Invalid literal value, expected \"spice_dc_sweep\""
                    }
                  ],
                  "name": "ZodError"
                },
                {
                  "issues": [
                    {
                      "code": "invalid_literal",
                      "expected": "spice_dc_operating_point",
                      "path": [
                        19,
                        "experiment_type"
                      ],
                      "message": "Invalid literal value, expected \"spice_dc_operating_point\""
                    }
                  ],
                  "name": "ZodError"
                },
                {
                  "issues": [
                    {
                      "code": "invalid_literal",
                      "expected": "spice_transient_analysis",
                      "path": [
                        19,
                        "experiment_type"
                      ],
                      "message": "Invalid literal value, expected \"spice_transient_analysis\""
                    }
                  ],
                  "name": "ZodError"
                },
                {
                  "issues": [
                    {
                      "code": "invalid_literal",
                      "expected": "spice_ac_analysis",
                      "path": [
                        19,
                        "experiment_type"
                      ],
                      "message": "Invalid literal value, expected \"spice_ac_analysis\""
                    }
                  ],
                  "name": "ZodError"
                }
              ],
              "path": [
                19,
                "experiment_type"
              ],
              "message": "Invalid input"
            }
          ],
          "name": "ZodError"
        },
        {
          "issues": [
            {
              "received": "pcb_component",
              "code": "invalid_literal",
              "expected": "simulation_transient_voltage_graph",
              "path": [
                19,
                "type"
              ],
              "message": "Invalid literal value, expected \"simulation_transient_voltage_graph\""
            },
            {
              "code": "invalid_type",
              "expected": "string",
              "received": "undefined",
              "path": [
                19,
                "simulation_experiment_id"
              ],
              "message": "Required"
            },
            {
              "code": "invalid_type",
              "expected": "array",
              "received": "undefined",
              "path": [
                19,
                "voltage_levels"
              ],
              "message": "Required"
            },
            {
              "code": "invalid_union",
              "unionErrors": [
                {
                  "issues": [
                    {
                      "code": "invalid_type",
                      "expected": "string",
                      "received": "undefined",
                      "path": [
                        19,
                        "time_per_step"
                      ],
                      "message": "Required"
                    }
                  ],
                  "name": "ZodError"
                },
                {
                  "issues": [
                    {
                      "code": "invalid_type",
                      "expected": "number",
                      "received": "undefined",
                      "path": [
                        19,
                        "time_per_step"
                      ],
                      "message": "Required"
                    }
                  ],
                  "name": "ZodError"
                }
              ],
              "path": [
                19,
                "time_per_step"
              ],
              "message": "Invalid input"
            },
            {
              "code": "invalid_union",
              "unionErrors": [
                {
                  "issues": [
                    {
                      "code": "invalid_type",
                      "expected": "string",
                      "received": "undefined",
                      "path": [
                        19,
                        "start_time_ms"
                      ],
                      "message": "Required"
                    }
                  ],
                  "name": "ZodError"
                },
                {
                  "issues": [
                    {
                      "code": "invalid_type",
                      "expected": "number",
                      "received": "undefined",
                      "path": [
                        19,
                        "start_time_ms"
                      ],
                      "message": "Required"
                    }
                  ],
                  "name": "ZodError"
                }
              ],
              "path": [
                19,
                "start_time_ms"
              ],
              "message": "Invalid input"
            },
            {
              "code": "invalid_union",
              "unionErrors": [
                {
                  "issues": [
                    {
                      "code": "invalid_type",
                      "expected": "string",
                      "received": "undefined",
                      "path": [
                        19,
                        "end_time_ms"
                      ],
                      "message": "Required"
                    }
                  ],
                  "name": "ZodError"
                },
                {
                  "issues": [
                    {
                      "code": "invalid_type",
                      "expected": "number",
                      "received": "undefined",
                      "path": [
                        19,
                        "end_time_ms"
                      ],
                      "message": "Required"
                    }
                  ],
                  "name": "ZodError"
                }
              ],
              "path": [
                19,
                "end_time_ms"
              ],
              "message": "Invalid input"
            }
          ],
          "name": "ZodError"
        },
        {
          "issues": [
            {
              "received": "pcb_component",
              "code": "invalid_literal",
              "expected": "simulation_transient_current_graph",
              "path": [
                19,
                "type"
              ],
              "message": "Invalid literal value, expected \"simulation_transient_current_graph\""
            },
            {
              "code": "invalid_type",
              "expected": "string",
              "received": "undefined",
              "path": [
                19,
                "simulation_experiment_id"
              ],
              "message": "Required"
            },
            {
              "code": "invalid_type",
              "expected": "array",
              "received": "undefined",
              "path": [
                19,
                "current_levels"
              ],
              "message": "Required"
            },
            {
              "code": "invalid_union",
              "unionErrors": [
                {
                  "issues": [
                    {
                      "code": "invalid_type",
                      "expected": "string",
                      "received": "undefined",
                      "path": [
                        19,
                        "time_per_step"
                      ],
                      "message": "Required"
                    }
                  ],
                  "name": "ZodError"
                },
                {
                  "issues": [
                    {
                      "code": "invalid_type",
                      "expected": "number",
                      "received": "undefined",
                      "path": [
                        19,
                        "time_per_step"
                      ],
                      "message": "Required"
                    }
                  ],
                  "name": "ZodError"
                }
              ],
              "path": [
                19,
                "time_per_step"
              ],
              "message": "Invalid input"
            },
            {
              "code": "invalid_union",
              "unionErrors": [
                {
                  "issues": [
                    {
                      "code": "invalid_type",
                      "expected": "string",
                      "received": "undefined",
                      "path": [
                        19,
                        "start_time_ms"
                      ],
                      "message": "Required"
                    }
                  ],
                  "name": "ZodError"
                },
                {
                  "issues": [
                    {
                      "code": "invalid_type",
                      "expected": "number",
                      "received": "undefined",
                      "path": [
                        19,
                        "start_time_ms"
                      ],
                      "message": "Required"
                    }
                  ],
                  "name": "ZodError"
                }
              ],
              "path": [
                19,
                "start_time_ms"
              ],
              "message": "Invalid input"
            },
            {
              "code": "invalid_union",
              "unionErrors": [
                {
                  "issues": [
                    {
                      "code": "invalid_type",
                      "expected": "string",
                      "received": "undefined",
                      "path": [
                        19,
                        "end_time_ms"
                      ],
                      "message": "Required"
                    }
                  ],
                  "name": "ZodError"
                },
                {
                  "issues": [
                    {
                      "code": "invalid_type",
                      "expected": "number",
                      "received": "undefined",
                      "path": [
                        19,
                        "end_time_ms"
                      ],
                      "message": "Required"
                    }
                  ],
                  "name": "ZodError"
                }
              ],
              "path": [
                19,
                "end_time_ms"
              ],
              "message": "Invalid input"
            }
          ],
          "name": "ZodError"
        },
        {
          "issues": [
            {
              "received": "pcb_component",
              "code": "invalid_literal",
              "expected": "simulation_dc_operating_point_voltage",
              "path": [
                19,
                "type"
              ],
              "message": "Invalid literal value, expected \"simulation_dc_operating_point_voltage\""
            },
            {
              "code": "invalid_type",
              "expected": "string",
              "received": "undefined",
              "path": [
                19,
                "simulation_experiment_id"
              ],
              "message": "Required"
            },
            {
              "code": "invalid_type",
              "expected": "string",
              "received": "undefined",
              "path": [
                19,
                "simulation_voltage_probe_id"
              ],
              "message": "Required"
            },
            {
              "code": "invalid_type",
              "expected": "number",
              "received": "undefined",
              "path": [
                19,
                "voltage"
              ],
              "message": "Required"
            }
          ],
          "name": "ZodError"
        },
        {
          "issues": [
            {
              "received": "pcb_component",
              "code": "invalid_literal",
              "expected": "simulation_dc_operating_point_current",
              "path": [
                19,
                "type"
              ],
              "message": "Invalid literal value, expected \"simulation_dc_operating_point_current\""
            },
            {
              "code": "invalid_type",
              "expected": "string",
              "received": "undefined",
              "path": [
                19,
                "simulation_experiment_id"
              ],
              "message": "Required"
            },
            {
              "code": "invalid_type",
              "expected": "string",
              "received": "undefined",
              "path": [
                19,
                "simulation_current_probe_id"
              ],
              "message": "Required"
            },
            {
              "code": "invalid_type",
              "expected": "number",
              "received": "undefined",
              "path": [
                19,
                "current"
              ],
              "message": "Required"
            }
          ],
          "name": "ZodError"
        },
        {
          "issues": [
            {
              "received": "pcb_component",
              "code": "invalid_literal",
              "expected": "simulation_dc_sweep_voltage_graph",
              "path": [
                19,
                "type"
              ],
              "message": "Invalid literal value, expected \"simulation_dc_sweep_voltage_graph\""
            },
            {
              "code": "invalid_type",
              "expected": "string",
              "received": "undefined",
              "path": [
                19,
                "simulation_experiment_id"
              ],
              "message": "Required"
            },
            {
              "code": "invalid_type",
              "expected": "string",
              "received": "undefined",
              "path": [
                19,
                "simulation_voltage_probe_id"
              ],
              "message": "Required"
            },
            {
              "code": "invalid_type",
              "expected": "array",
              "received": "undefined",
              "path": [
                19,
                "sweep_values"
              ],
              "message": "Required"
            },
            {
              "code": "custom",
              "fatal": true,
              "path": [
                19,
                "sweep_unit"
              ],
              "message": "Invalid input"
            },
            {
              "code": "invalid_type",
              "expected": "array",
              "received": "undefined",
              "path": [
                19,
                "voltage_levels"
              ],
              "message": "Required"
            }
          ],
          "name": "ZodError"
        },
        {
          "issues": [
            {
              "received": "pcb_component",
              "code": "invalid_literal",
              "expected": "simulation_dc_sweep_current_graph",
              "path": [
                19,
                "type"
              ],
              "message": "Invalid literal value, expected \"simulation_dc_sweep_current_graph\""
            },
            {
              "code": "invalid_type",
              "expected": "string",
              "received": "undefined",
              "path": [
                19,
                "simulation_experiment_id"
              ],
              "message": "Required"
            },
            {
              "code": "invalid_type",
              "expected": "string",
              "received": "undefined",
              "path": [
                19,
                "simulation_current_probe_id"
              ],
              "message": "Required"
            },
            {
              "code": "invalid_type",
              "expected": "array",
              "received": "undefined",
              "path": [
                19,
                "sweep_values"
              ],
              "message": "Required"
            },
            {
              "code": "custom",
              "fatal": true,
              "path": [
                19,
                "sweep_unit"
              ],
              "message": "Invalid input"
            },
            {
              "code": "invalid_type",
              "expected": "array",
              "received": "undefined",
              "path": [
                19,
                "current_levels"
              ],
              "message": "Required"
            }
          ],
          "name": "ZodError"
        },
        {
          "issues": [
            {
              "received": "pcb_component",
              "code": "invalid_literal",
              "expected": "simulation_ac_sweep_voltage_graph",
              "path": [
                19,
                "type"
              ],
              "message": "Invalid literal value, expected \"simulation_ac_sweep_voltage_graph\""
            },
            {
              "code": "invalid_type",
              "expected": "string",
              "received": "undefined",
              "path": [
                19,
                "simulation_experiment_id"
              ],
              "message": "Required"
            },
            {
              "code": "invalid_type",
              "expected": "string",
              "received": "undefined",
              "path": [
                19,
                "simulation_voltage_probe_id"
              ],
              "message": "Required"
            },
            {
              "code": "invalid_type",
              "expected": "array",
              "received": "undefined",
              "path": [
                19,
                "frequencies_hz"
              ],
              "message": "Required"
            },
            {
              "code": "invalid_type",
              "expected": "array",
              "received": "undefined",
              "path": [
                19,
                "complex_voltages"
              ],
              "message": "Required"
            }
          ],
          "name": "ZodError"
        },
        {
          "issues": [
            {
              "received": "pcb_component",
              "code": "invalid_literal",
              "expected": "simulation_ac_sweep_current_graph",
              "path": [
                19,
                "type"
              ],
              "message": "Invalid literal value, expected \"simulation_ac_sweep_current_graph\""
            },
            {
              "code": "invalid_type",
              "expected": "string",
              "received": "undefined",
              "path": [
                19,
                "simulation_experiment_id"
              ],
              "message": "Required"
            },
            {
              "code": "invalid_type",
              "expected": "string",
              "received": "undefined",
              "path": [
                19,
                "simulation_current_probe_id"
              ],
              "message": "Required"
            },
            {
              "code": "invalid_type",
              "expected": "array",
              "received": "undefined",
              "path": [
                19,
                "frequencies_hz"
              ],
              "message": "Required"
            },
            {
              "code": "invalid_type",
              "expected": "array",
              "received": "undefined",
              "path": [
                19,
                "complex_currents"
              ],
              "message": "Required"
            }
          ],
          "name": "ZodError"
        },
        {
          "issues": [
            {
              "code": "invalid_union_discriminator",
              "options": [
                "resistance",
                "capacitance",
                "inductance",
                "voltage",
                "current"
              ],
              "path": [
                19,
                "parameter_type"
              ],
              "message": "Invalid discriminator value. Expected 'resistance' | 'capacitance' | 'inductance' | 'voltage' | 'current'"
            }
          ],
          "name": "ZodError"
        },
        {
          "issues": [
            {
              "received": "pcb_component",
              "code": "invalid_literal",
              "expected": "simulation_switch",
              "path": [
                19,
                "type"
              ],
              "message": "Invalid literal value, expected \"simulation_switch\""
            }
          ],
          "name": "ZodError"
        },
        {
          "issues": [
            {
              "received": "pcb_component",
              "code": "invalid_literal",
              "expected": "simulation_voltage_probe",
              "path": [
                19,
                "type"
              ],
              "message": "Invalid literal value, expected \"simulation_voltage_probe\""
            }
          ],
          "name": "ZodError"
        },
        {
          "issues": [
            {
              "received": "pcb_component",
              "code": "invalid_literal",
              "expected": "simulation_current_probe",
              "path": [
                19,
                "type"
              ],
              "message": "Invalid literal value, expected \"simulation_current_probe\""
            }
          ],
          "name": "ZodError"
        },
        {
          "issues": [
            {
              "received": "pcb_component",
              "code": "invalid_literal",
              "expected": "simulation_oscilloscope_trace",
              "path": [
                19,
                "type"
              ],
              "message": "Invalid literal value, expected \"simulation_oscilloscope_trace\""
            }
          ],
          "name": "ZodError"
        },
        {
          "issues": [
            {
              "code": "invalid_type",
              "expected": "string",
              "received": "undefined",
              "path": [
                19,
                "message"
              ],
              "message": "Required"
            },
            {
              "received": "pcb_component",
              "code": "invalid_literal",
              "expected": "simulation_unknown_experiment_error",
              "path": [
                19,
                "type"
              ],
              "message": "Invalid literal value, expected \"simulation_unknown_experiment_error\""
            }
          ],
          "name": "ZodError"
        },
        {
          "issues": [
            {
              "received": "pcb_component",
              "code": "invalid_literal",
              "expected": "simulation_op_amp",
              "path": [
                19,
                "type"
              ],
              "message": "Invalid literal value, expected \"simulation_op_amp\""
            },
            {
              "code": "invalid_type",
              "expected": "string",
              "received": "undefined",
              "path": [
                19,
                "inverting_input_source_port_id"
              ],
              "message": "Required"
            },
            {
              "code": "invalid_type",
              "expected": "string",
              "received": "undefined",
              "path": [
                19,
                "non_inverting_input_source_port_id"
              ],
              "message": "Required"
            },
            {
              "code": "invalid_type",
              "expected": "string",
              "received": "undefined",
              "path": [
                19,
                "output_source_port_id"
              ],
              "message": "Required"
            },
            {
              "code": "invalid_type",
              "expected": "string",
              "received": "undefined",
              "path": [
                19,
                "positive_supply_source_port_id"
              ],
              "message": "Required"
            },
            {
              "code": "invalid_type",
              "expected": "string",
              "received": "undefined",
              "path": [
                19,
                "negative_supply_source_port_id"
              ],
              "message": "Required"
            }
          ],
          "name": "ZodError"
        },
        {
          "issues": [
            {
              "received": "pcb_component",
              "code": "invalid_literal",
              "expected": "simulation_spice_subcircuit",
              "path": [
                19,
                "type"
              ],
              "message": "Invalid literal value, expected \"simulation_spice_subcircuit\""
            },
            {
              "code": "invalid_type",
              "expected": "object",
              "received": "undefined",
              "path": [
                19,
                "spice_pin_to_source_port_map"
              ],
              "message": "Required"
            },
            {
              "code": "invalid_type",
              "expected": "string",
              "received": "undefined",
              "path": [
                19,
                "subcircuit_source"
              ],
              "message": "Required"
            }
          ],
          "name": "ZodError"
        }
      ],
      "path": [
        19
      ],
      "message": "Invalid input"
    }
  ]
}
